run_id,phase,params_json,trades,win_rate,non_loss_rate,profit_factor,net_profit,max_drawdown,sharpe_ratio,annual_return,composite_score,elapsed_sec
p1_2d74578c,1,"{""timeframes"": [""M1"", ""M5"", ""M15"", ""H1"", ""H4""], ""regime_detection_tf"": ""H1"", ""htf_alignment_tfs"": [""H4""], ""consensus_threshold"": 2.0, ""max_positions"": 1, ""bonus_max_positions"": 0, ""consensus_primary_weight"": 2.0, ""consensus_entry_weight"": 1.5, ""consensus_confirm_weight"": 3.0, ""consensus_manage_weight"": 0.5, ""consensus_other_weight"": 1.0, ""trailing_start_r"": 2.5, ""trailing_atr_mult"": 2.0, ""stag_exit_minutes"": 180.0, ""partial_1r_ratio"": 0.05, ""early_be_r"": 0.5, ""signal_rev_ratio"": 0.5, ""tp_sl_ratio"": 1.2, ""sl_min_pips"": 8.0, ""range_day_bbw_threshold"": 0.25, ""range_day_score_premium"": 0.3, ""weak_hours_score_premium"": 0.5, ""sg_spread_penalty_rate"": 0.2, ""sg_off_hours_penalty"": 0.25, ""sg_volatility_penalty"": 0.05, ""sg_recent_loss_penalty"": 0.1}",3062,59.2,73.67,1.55,1932987.0,10.19,2.33,64.43,1.3921,48.9
p1_a2bcafbf,1,"{""timeframes"": [""M1"", ""M5"", ""M15"", ""H1"", ""H4""], ""regime_detection_tf"": ""H1"", ""htf_alignment_tfs"": [""H4""], ""consensus_threshold"": 2.0, ""max_positions"": 2, ""bonus_max_positions"": 0, ""consensus_primary_weight"": 2.0, ""consensus_entry_weight"": 1.5, ""consensus_confirm_weight"": 3.0, ""consensus_manage_weight"": 0.5, ""consensus_other_weight"": 1.0, ""trailing_start_r"": 2.5, ""trailing_atr_mult"": 2.0, ""stag_exit_minutes"": 180.0, ""partial_1r_ratio"": 0.05, ""early_be_r"": 0.5, ""signal_rev_ratio"": 0.5, ""tp_sl_ratio"": 1.2, ""sl_min_pips"": 8.0, ""range_day_bbw_threshold"": 0.25, ""range_day_score_premium"": 0.3, ""weak_hours_score_premium"": 0.5, ""sg_spread_penalty_rate"": 0.2, ""sg_off_hours_penalty"": 0.25, ""sg_volatility_penalty"": 0.05, ""sg_recent_loss_penalty"": 0.1}",4860,58.57,73.8,1.66,2837060.0,8.4,3.01,94.57,1.5206,59.5
p1_d3649ff7,1,"{""timeframes"": [""M1"", ""M5"", ""M15"", ""H1"", ""H4""], ""regime_detection_tf"": ""H1"", ""htf_alignment_tfs"": [""H4""], ""consensus_threshold"": 2.0, ""max_positions"": 3, ""bonus_max_positions"": 0, ""consensus_primary_weight"": 2.0, ""consensus_entry_weight"": 1.5, ""consensus_confirm_weight"": 3.0, ""consensus_manage_weight"": 0.5, ""consensus_other_weight"": 1.0, ""trailing_start_r"": 2.5, ""trailing_atr_mult"": 2.0, ""stag_exit_minutes"": 180.0, ""partial_1r_ratio"": 0.05, ""early_be_r"": 0.5, ""signal_rev_ratio"": 0.5, ""tp_sl_ratio"": 1.2, ""sl_min_pips"": 8.0, ""range_day_bbw_threshold"": 0.25, ""range_day_score_premium"": 0.3, ""weak_hours_score_premium"": 0.5, ""sg_spread_penalty_rate"": 0.2, ""sg_off_hours_penalty"": 0.25, ""sg_volatility_penalty"": 0.05, ""sg_recent_loss_penalty"": 0.1}",5713,58.7,73.78,1.74,3289307.0,8.67,3.25,109.64,1.5891,46.4
p1_193fc36d,1,"{""timeframes"": [""M1"", ""M5"", ""M15"", ""H1"", ""H4""], ""regime_detection_tf"": ""H1"", ""htf_alignment_tfs"": [""H4""], ""consensus_threshold"": 2.5, ""max_positions"": 1, ""bonus_max_positions"": 0, ""consensus_primary_weight"": 2.0, ""consensus_entry_weight"": 1.5, ""consensus_confirm_weight"": 3.0, ""consensus_manage_weight"": 0.5, ""consensus_other_weight"": 1.0, ""trailing_start_r"": 2.5, ""trailing_atr_mult"": 2.0, ""stag_exit_minutes"": 180.0, ""partial_1r_ratio"": 0.05, ""early_be_r"": 0.5, ""signal_rev_ratio"": 0.5, ""tp_sl_ratio"": 1.2, ""sl_min_pips"": 8.0, ""range_day_bbw_threshold"": 0.25, ""range_day_score_premium"": 0.3, ""weak_hours_score_premium"": 0.5, ""sg_spread_penalty_rate"": 0.2, ""sg_off_hours_penalty"": 0.25, ""sg_volatility_penalty"": 0.05, ""sg_recent_loss_penalty"": 0.1}",3081,58.85,73.84,1.54,1925560.0,11.21,2.41,64.19,1.3674,43.3
p1_ce1ebfc2,1,"{""timeframes"": [""M1"", ""M5"", ""M15"", ""H1"", ""H4""], ""regime_detection_tf"": ""H1"", ""htf_alignment_tfs"": [""H4""], ""consensus_threshold"": 2.5, ""max_positions"": 2, ""bonus_max_positions"": 0, ""consensus_primary_weight"": 2.0, ""consensus_entry_weight"": 1.5, ""consensus_confirm_weight"": 3.0, ""consensus_manage_weight"": 0.5, ""consensus_other_weight"": 1.0, ""trailing_start_r"": 2.5, ""trailing_atr_mult"": 2.0, ""stag_exit_minutes"": 180.0, ""partial_1r_ratio"": 0.05, ""early_be_r"": 0.5, ""signal_rev_ratio"": 0.5, ""tp_sl_ratio"": 1.2, ""sl_min_pips"": 8.0, ""range_day_bbw_threshold"": 0.25, ""range_day_score_premium"": 0.3, ""weak_hours_score_premium"": 0.5, ""sg_spread_penalty_rate"": 0.2, ""sg_off_hours_penalty"": 0.25, ""sg_volatility_penalty"": 0.05, ""sg_recent_loss_penalty"": 0.1}",4808,58.24,74.0,1.68,2893906.0,8.8,3.14,96.46,1.5322,41.9
p1_241f46f3,1,"{""timeframes"": [""M1"", ""M5"", ""M15"", ""H1"", ""H4""], ""regime_detection_tf"": ""H1"", ""htf_alignment_tfs"": [""H4""], ""consensus_threshold"": 2.5, ""max_positions"": 3, ""bonus_max_positions"": 0, ""consensus_primary_weight"": 2.0, ""consensus_entry_weight"": 1.5, ""consensus_confirm_weight"": 3.0, ""consensus_manage_weight"": 0.5, ""consensus_other_weight"": 1.0, ""trailing_start_r"": 2.5, ""trailing_atr_mult"": 2.0, ""stag_exit_minutes"": 180.0, ""partial_1r_ratio"": 0.05, ""early_be_r"": 0.5, ""signal_rev_ratio"": 0.5, ""tp_sl_ratio"": 1.2, ""sl_min_pips"": 8.0, ""range_day_bbw_threshold"": 0.25, ""range_day_score_premium"": 0.3, ""weak_hours_score_premium"": 0.5, ""sg_spread_penalty_rate"": 0.2, ""sg_off_hours_penalty"": 0.25, ""sg_volatility_penalty"": 0.05, ""sg_recent_loss_penalty"": 0.1}",5600,58.16,73.65,1.72,3175407.0,9.33,3.19,105.85,1.5595,42.1
p1_18324603,1,"{""timeframes"": [""M1"", ""M5"", ""M15"", ""H1"", ""H4""], ""regime_detection_tf"": ""H1"", ""htf_alignment_tfs"": [""H4""], ""consensus_threshold"": 3.0, ""max_positions"": 1, ""bonus_max_positions"": 0, ""consensus_primary_weight"": 2.0, ""consensus_entry_weight"": 1.5, ""consensus_confirm_weight"": 3.0, ""consensus_manage_weight"": 0.5, ""consensus_other_weight"": 1.0, ""trailing_start_r"": 2.5, ""trailing_atr_mult"": 2.0, ""stag_exit_minutes"": 180.0, ""partial_1r_ratio"": 0.05, ""early_be_r"": 0.5, ""signal_rev_ratio"": 0.5, ""tp_sl_ratio"": 1.2, ""sl_min_pips"": 8.0, ""range_day_bbw_threshold"": 0.25, ""range_day_score_premium"": 0.3, ""weak_hours_score_premium"": 0.5, ""sg_spread_penalty_rate"": 0.2, ""sg_off_hours_penalty"": 0.25, ""sg_volatility_penalty"": 0.05, ""sg_recent_loss_penalty"": 0.1}",2999,58.39,73.64,1.55,1921119.0,10.64,2.43,64.04,1.3851,46.3
p1_9db83b76,1,"{""timeframes"": [""M1"", ""M5"", ""M15"", ""H1"", ""H4""], ""regime_detection_tf"": ""H1"", ""htf_alignment_tfs"": [""H4""], ""consensus_threshold"": 3.0, ""max_positions"": 2, ""bonus_max_positions"": 0, ""consensus_primary_weight"": 2.0, ""consensus_entry_weight"": 1.5, ""consensus_confirm_weight"": 3.0, ""consensus_manage_weight"": 0.5, ""consensus_other_weight"": 1.0, ""trailing_start_r"": 2.5, ""trailing_atr_mult"": 2.0, ""stag_exit_minutes"": 180.0, ""partial_1r_ratio"": 0.05, ""early_be_r"": 0.5, ""signal_rev_ratio"": 0.5, ""tp_sl_ratio"": 1.2, ""sl_min_pips"": 8.0, ""range_day_bbw_threshold"": 0.25, ""range_day_score_premium"": 0.3, ""weak_hours_score_premium"": 0.5, ""sg_spread_penalty_rate"": 0.2, ""sg_off_hours_penalty"": 0.25, ""sg_volatility_penalty"": 0.05, ""sg_recent_loss_penalty"": 0.1}",4644,57.77,73.71,1.68,2861595.0,7.86,3.0,95.39,1.548,43.3
p1_e98459b1,1,"{""timeframes"": [""M1"", ""M5"", ""M15"", ""H1"", ""H4""], ""regime_detection_tf"": ""H1"", ""htf_alignment_tfs"": [""H4""], ""consensus_threshold"": 3.0, ""max_positions"": 3, ""bonus_max_positions"": 0, ""consensus_primary_weight"": 2.0, ""consensus_entry_weight"": 1.5, ""consensus_confirm_weight"": 3.0, ""consensus_manage_weight"": 0.5, ""consensus_other_weight"": 1.0, ""trailing_start_r"": 2.5, ""trailing_atr_mult"": 2.0, ""stag_exit_minutes"": 180.0, ""partial_1r_ratio"": 0.05, ""early_be_r"": 0.5, ""signal_rev_ratio"": 0.5, ""tp_sl_ratio"": 1.2, ""sl_min_pips"": 8.0, ""range_day_bbw_threshold"": 0.25, ""range_day_score_premium"": 0.3, ""weak_hours_score_premium"": 0.5, ""sg_spread_penalty_rate"": 0.2, ""sg_off_hours_penalty"": 0.25, ""sg_volatility_penalty"": 0.05, ""sg_recent_loss_penalty"": 0.1}",5511,58.09,73.63,1.73,3163193.0,9.23,3.17,105.44,1.5703,45.6
p1_1e4bf071,1,"{""timeframes"": [""M1"", ""M5"", ""M15"", ""H1"", ""H4""], ""regime_detection_tf"": ""H1"", ""htf_alignment_tfs"": [""H4""], ""consensus_threshold"": 3.5, ""max_positions"": 1, ""bonus_max_positions"": 0, ""consensus_primary_weight"": 2.0, ""consensus_entry_weight"": 1.5, ""consensus_confirm_weight"": 3.0, ""consensus_manage_weight"": 0.5, ""consensus_other_weight"": 1.0, ""trailing_start_r"": 2.5, ""trailing_atr_mult"": 2.0, ""stag_exit_minutes"": 180.0, ""partial_1r_ratio"": 0.05, ""early_be_r"": 0.5, ""signal_rev_ratio"": 0.5, ""tp_sl_ratio"": 1.2, ""sl_min_pips"": 8.0, ""range_day_bbw_threshold"": 0.25, ""range_day_score_premium"": 0.3, ""weak_hours_score_premium"": 0.5, ""sg_spread_penalty_rate"": 0.2, ""sg_off_hours_penalty"": 0.25, ""sg_volatility_penalty"": 0.05, ""sg_recent_loss_penalty"": 0.1}",2979,58.44,73.72,1.57,2014527.0,9.65,2.6,67.15,1.4185,46.0
p1_646a63fd,1,"{""timeframes"": [""M1"", ""M5"", ""M15"", ""H1"", ""H4""], ""regime_detection_tf"": ""H1"", ""htf_alignment_tfs"": [""H4""], ""consensus_threshold"": 3.5, ""max_positions"": 2, ""bonus_max_positions"": 0, ""consensus_primary_weight"": 2.0, ""consensus_entry_weight"": 1.5, ""consensus_confirm_weight"": 3.0, ""consensus_manage_weight"": 0.5, ""consensus_other_weight"": 1.0, ""trailing_start_r"": 2.5, ""trailing_atr_mult"": 2.0, ""stag_exit_minutes"": 180.0, ""partial_1r_ratio"": 0.05, ""early_be_r"": 0.5, ""signal_rev_ratio"": 0.5, ""tp_sl_ratio"": 1.2, ""sl_min_pips"": 8.0, ""range_day_bbw_threshold"": 0.25, ""range_day_score_premium"": 0.3, ""weak_hours_score_premium"": 0.5, ""sg_spread_penalty_rate"": 0.2, ""sg_off_hours_penalty"": 0.25, ""sg_volatility_penalty"": 0.05, ""sg_recent_loss_penalty"": 0.1}",4589,58.21,74.09,1.68,2835991.0,7.77,3.09,94.53,1.5495,42.1
p1_0d07255f,1,"{""timeframes"": [""M1"", ""M5"", ""M15"", ""H1"", ""H4""], ""regime_detection_tf"": ""H1"", ""htf_alignment_tfs"": [""H4""], ""consensus_threshold"": 3.5, ""max_positions"": 3, ""bonus_max_positions"": 0, ""consensus_primary_weight"": 2.0, ""consensus_entry_weight"": 1.5, ""consensus_confirm_weight"": 3.0, ""consensus_manage_weight"": 0.5, ""consensus_other_weight"": 1.0, ""trailing_start_r"": 2.5, ""trailing_atr_mult"": 2.0, ""stag_exit_minutes"": 180.0, ""partial_1r_ratio"": 0.05, ""early_be_r"": 0.5, ""signal_rev_ratio"": 0.5, ""tp_sl_ratio"": 1.2, ""sl_min_pips"": 8.0, ""range_day_bbw_threshold"": 0.25, ""range_day_score_premium"": 0.3, ""weak_hours_score_premium"": 0.5, ""sg_spread_penalty_rate"": 0.2, ""sg_off_hours_penalty"": 0.25, ""sg_volatility_penalty"": 0.05, ""sg_recent_loss_penalty"": 0.1}",5470,57.69,73.48,1.66,2857123.0,8.41,2.98,95.24,1.5204,50.7
p1_5869e693,1,"{""timeframes"": [""M1"", ""M5"", ""M15"", ""H1"", ""H4""], ""regime_detection_tf"": ""H1"", ""htf_alignment_tfs"": [""H4""], ""consensus_threshold"": 4.0, ""max_positions"": 1, ""bonus_max_positions"": 0, ""consensus_primary_weight"": 2.0, ""consensus_entry_weight"": 1.5, ""consensus_confirm_weight"": 3.0, ""consensus_manage_weight"": 0.5, ""consensus_other_weight"": 1.0, ""trailing_start_r"": 2.5, ""trailing_atr_mult"": 2.0, ""stag_exit_minutes"": 180.0, ""partial_1r_ratio"": 0.05, ""early_be_r"": 0.5, ""signal_rev_ratio"": 0.5, ""tp_sl_ratio"": 1.2, ""sl_min_pips"": 8.0, ""range_day_bbw_threshold"": 0.25, ""range_day_score_premium"": 0.3, ""weak_hours_score_premium"": 0.5, ""sg_spread_penalty_rate"": 0.2, ""sg_off_hours_penalty"": 0.25, ""sg_volatility_penalty"": 0.05, ""sg_recent_loss_penalty"": 0.1}",2913,58.03,73.82,1.59,2009179.0,8.57,2.66,66.97,1.4537,56.7
p1_79c5febe,1,"{""timeframes"": [""M1"", ""M5"", ""M15"", ""H1"", ""H4""], ""regime_detection_tf"": ""H1"", ""htf_alignment_tfs"": [""H4""], ""consensus_threshold"": 4.0, ""max_positions"": 2, ""bonus_max_positions"": 0, ""consensus_primary_weight"": 2.0, ""consensus_entry_weight"": 1.5, ""consensus_confirm_weight"": 3.0, ""consensus_manage_weight"": 0.5, ""consensus_other_weight"": 1.0, ""trailing_start_r"": 2.5, ""trailing_atr_mult"": 2.0, ""stag_exit_minutes"": 180.0, ""partial_1r_ratio"": 0.05, ""early_be_r"": 0.5, ""signal_rev_ratio"": 0.5, ""tp_sl_ratio"": 1.2, ""sl_min_pips"": 8.0, ""range_day_bbw_threshold"": 0.25, ""range_day_score_premium"": 0.3, ""weak_hours_score_premium"": 0.5, ""sg_spread_penalty_rate"": 0.2, ""sg_off_hours_penalty"": 0.25, ""sg_volatility_penalty"": 0.05, ""sg_recent_loss_penalty"": 0.1}",4489,57.98,74.07,1.67,2704346.0,7.37,3.02,90.14,1.5469,42.5
p1_7f7bd00d,1,"{""timeframes"": [""M1"", ""M5"", ""M15"", ""H1"", ""H4""], ""regime_detection_tf"": ""H1"", ""htf_alignment_tfs"": [""H4""], ""consensus_threshold"": 4.0, ""max_positions"": 3, ""bonus_max_positions"": 0, ""consensus_primary_weight"": 2.0, ""consensus_entry_weight"": 1.5, ""consensus_confirm_weight"": 3.0, ""consensus_manage_weight"": 0.5, ""consensus_other_weight"": 1.0, ""trailing_start_r"": 2.5, ""trailing_atr_mult"": 2.0, ""stag_exit_minutes"": 180.0, ""partial_1r_ratio"": 0.05, ""early_be_r"": 0.5, ""signal_rev_ratio"": 0.5, ""tp_sl_ratio"": 1.2, ""sl_min_pips"": 8.0, ""range_day_bbw_threshold"": 0.25, ""range_day_score_premium"": 0.3, ""weak_hours_score_premium"": 0.5, ""sg_spread_penalty_rate"": 0.2, ""sg_off_hours_penalty"": 0.25, ""sg_volatility_penalty"": 0.05, ""sg_recent_loss_penalty"": 0.1}",5260,57.23,73.29,1.63,2661835.0,8.42,2.87,88.73,1.4928,42.5
p1_baab2d54,1,"{""timeframes"": [""M1"", ""M5"", ""M15"", ""H1"", ""H4""], ""regime_detection_tf"": ""H1"", ""htf_alignment_tfs"": [""H4""], ""consensus_threshold"": 4.5, ""max_positions"": 1, ""bonus_max_positions"": 0, ""consensus_primary_weight"": 2.0, ""consensus_entry_weight"": 1.5, ""consensus_confirm_weight"": 3.0, ""consensus_manage_weight"": 0.5, ""consensus_other_weight"": 1.0, ""trailing_start_r"": 2.5, ""trailing_atr_mult"": 2.0, ""stag_exit_minutes"": 180.0, ""partial_1r_ratio"": 0.05, ""early_be_r"": 0.5, ""signal_rev_ratio"": 0.5, ""tp_sl_ratio"": 1.2, ""sl_min_pips"": 8.0, ""range_day_bbw_threshold"": 0.25, ""range_day_score_premium"": 0.3, ""weak_hours_score_premium"": 0.5, ""sg_spread_penalty_rate"": 0.2, ""sg_off_hours_penalty"": 0.25, ""sg_volatility_penalty"": 0.05, ""sg_recent_loss_penalty"": 0.1}",2804,57.46,73.49,1.58,1913030.0,9.19,2.65,63.77,1.4348,60.2
p1_7d37e3df,1,"{""timeframes"": [""M1"", ""M5"", ""M15"", ""H1"", ""H4""], ""regime_detection_tf"": ""H1"", ""htf_alignment_tfs"": [""H4""], ""consensus_threshold"": 4.5, ""max_positions"": 2, ""bonus_max_positions"": 0, ""consensus_primary_weight"": 2.0, ""consensus_entry_weight"": 1.5, ""consensus_confirm_weight"": 3.0, ""consensus_manage_weight"": 0.5, ""consensus_other_weight"": 1.0, ""trailing_start_r"": 2.5, ""trailing_atr_mult"": 2.0, ""stag_exit_minutes"": 180.0, ""partial_1r_ratio"": 0.05, ""early_be_r"": 0.5, ""signal_rev_ratio"": 0.5, ""tp_sl_ratio"": 1.2, ""sl_min_pips"": 8.0, ""range_day_bbw_threshold"": 0.25, ""range_day_score_premium"": 0.3, ""weak_hours_score_premium"": 0.5, ""sg_spread_penalty_rate"": 0.2, ""sg_off_hours_penalty"": 0.25, ""sg_volatility_penalty"": 0.05, ""sg_recent_loss_penalty"": 0.1}",4345,57.43,73.31,1.63,2550368.0,7.61,2.85,85.01,1.506,60.0
p1_0b8e4858,1,"{""timeframes"": [""M1"", ""M5"", ""M15"", ""H1"", ""H4""], ""regime_detection_tf"": ""H1"", ""htf_alignment_tfs"": [""H4""], ""consensus_threshold"": 4.5, ""max_positions"": 3, ""bonus_max_positions"": 0, ""consensus_primary_weight"": 2.0, ""consensus_entry_weight"": 1.5, ""consensus_confirm_weight"": 3.0, ""consensus_manage_weight"": 0.5, ""consensus_other_weight"": 1.0, ""trailing_start_r"": 2.5, ""trailing_atr_mult"": 2.0, ""stag_exit_minutes"": 180.0, ""partial_1r_ratio"": 0.05, ""early_be_r"": 0.5, ""signal_rev_ratio"": 0.5, ""tp_sl_ratio"": 1.2, ""sl_min_pips"": 8.0, ""range_day_bbw_threshold"": 0.25, ""range_day_score_premium"": 0.3, ""weak_hours_score_premium"": 0.5, ""sg_spread_penalty_rate"": 0.2, ""sg_off_hours_penalty"": 0.25, ""sg_volatility_penalty"": 0.05, ""sg_recent_loss_penalty"": 0.1}",5086,56.7,73.01,1.58,2389676.0,8.48,2.57,79.66,1.446,58.3
p1_f711c594,1,"{""timeframes"": [""M1"", ""M5"", ""M15"", ""H1"", ""H4""], ""regime_detection_tf"": ""H1"", ""htf_alignment_tfs"": [""H4""], ""consensus_threshold"": 5.0, ""max_positions"": 1, ""bonus_max_positions"": 0, ""consensus_primary_weight"": 2.0, ""consensus_entry_weight"": 1.5, ""consensus_confirm_weight"": 3.0, ""consensus_manage_weight"": 0.5, ""consensus_other_weight"": 1.0, ""trailing_start_r"": 2.5, ""trailing_atr_mult"": 2.0, ""stag_exit_minutes"": 180.0, ""partial_1r_ratio"": 0.05, ""early_be_r"": 0.5, ""signal_rev_ratio"": 0.5, ""tp_sl_ratio"": 1.2, ""sl_min_pips"": 8.0, ""range_day_bbw_threshold"": 0.25, ""range_day_score_premium"": 0.3, ""weak_hours_score_premium"": 0.5, ""sg_spread_penalty_rate"": 0.2, ""sg_off_hours_penalty"": 0.25, ""sg_volatility_penalty"": 0.05, ""sg_recent_loss_penalty"": 0.1}",2785,57.71,74.01,1.65,2104375.0,9.2,2.94,70.15,1.4982,63.6
p1_ec91a8ba,1,"{""timeframes"": [""M1"", ""M5"", ""M15"", ""H1"", ""H4""], ""regime_detection_tf"": ""H1"", ""htf_alignment_tfs"": [""H4""], ""consensus_threshold"": 5.0, ""max_positions"": 2, ""bonus_max_positions"": 0, ""consensus_primary_weight"": 2.0, ""consensus_entry_weight"": 1.5, ""consensus_confirm_weight"": 3.0, ""consensus_manage_weight"": 0.5, ""consensus_other_weight"": 1.0, ""trailing_start_r"": 2.5, ""trailing_atr_mult"": 2.0, ""stag_exit_minutes"": 180.0, ""partial_1r_ratio"": 0.05, ""early_be_r"": 0.5, ""signal_rev_ratio"": 0.5, ""tp_sl_ratio"": 1.2, ""sl_min_pips"": 8.0, ""range_day_bbw_threshold"": 0.25, ""range_day_score_premium"": 0.3, ""weak_hours_score_premium"": 0.5, ""sg_spread_penalty_rate"": 0.2, ""sg_off_hours_penalty"": 0.25, ""sg_volatility_penalty"": 0.05, ""sg_recent_loss_penalty"": 0.1}",4237,57.4,73.47,1.67,2674095.0,6.88,2.9,89.14,1.5551,49.6
p1_7e9295ad,1,"{""timeframes"": [""M1"", ""M5"", ""M15"", ""H1"", ""H4""], ""regime_detection_tf"": ""H1"", ""htf_alignment_tfs"": [""H4""], ""consensus_threshold"": 5.0, ""max_positions"": 3, ""bonus_max_positions"": 0, ""consensus_primary_weight"": 2.0, ""consensus_entry_weight"": 1.5, ""consensus_confirm_weight"": 3.0, ""consensus_manage_weight"": 0.5, ""consensus_other_weight"": 1.0, ""trailing_start_r"": 2.5, ""trailing_atr_mult"": 2.0, ""stag_exit_minutes"": 180.0, ""partial_1r_ratio"": 0.05, ""early_be_r"": 0.5, ""signal_rev_ratio"": 0.5, ""tp_sl_ratio"": 1.2, ""sl_min_pips"": 8.0, ""range_day_bbw_threshold"": 0.25, ""range_day_score_premium"": 0.3, ""weak_hours_score_premium"": 0.5, ""sg_spread_penalty_rate"": 0.2, ""sg_off_hours_penalty"": 0.25, ""sg_volatility_penalty"": 0.05, ""sg_recent_loss_penalty"": 0.1}",4920,56.81,72.78,1.64,2516865.0,7.6,2.66,83.9,1.5154,41.6
p1_74479704,1,"{""timeframes"": [""M1"", ""M15"", ""H1"", ""H4""], ""regime_detection_tf"": ""H1"", ""htf_alignment_tfs"": [""H4""], ""consensus_threshold"": 2.0, ""max_positions"": 1, ""bonus_max_positions"": 0, ""consensus_primary_weight"": 2.0, ""consensus_entry_weight"": 1.5, ""consensus_confirm_weight"": 3.0, ""consensus_manage_weight"": 0.5, ""consensus_other_weight"": 1.0, ""trailing_start_r"": 2.5, ""trailing_atr_mult"": 2.0, ""stag_exit_minutes"": 180.0, ""partial_1r_ratio"": 0.05, ""early_be_r"": 0.5, ""signal_rev_ratio"": 0.5, ""tp_sl_ratio"": 1.2, ""sl_min_pips"": 8.0, ""range_day_bbw_threshold"": 0.25, ""range_day_score_premium"": 0.3, ""weak_hours_score_premium"": 0.5, ""sg_spread_penalty_rate"": 0.2, ""sg_off_hours_penalty"": 0.25, ""sg_volatility_penalty"": 0.05, ""sg_recent_loss_penalty"": 0.1}",1477,63.29,77.0,2.45,1477141.0,2.98,4.67,49.24,2.377,45.7
p1_b8b5df59,1,"{""timeframes"": [""M1"", ""M15"", ""H1"", ""H4""], ""regime_detection_tf"": ""H1"", ""htf_alignment_tfs"": [""H4""], ""consensus_threshold"": 2.0, ""max_positions"": 2, ""bonus_max_positions"": 0, ""consensus_primary_weight"": 2.0, ""consensus_entry_weight"": 1.5, ""consensus_confirm_weight"": 3.0, ""consensus_manage_weight"": 0.5, ""consensus_other_weight"": 1.0, ""trailing_start_r"": 2.5, ""trailing_atr_mult"": 2.0, ""stag_exit_minutes"": 180.0, ""partial_1r_ratio"": 0.05, ""early_be_r"": 0.5, ""signal_rev_ratio"": 0.5, ""tp_sl_ratio"": 1.2, ""sl_min_pips"": 8.0, ""range_day_bbw_threshold"": 0.25, ""range_day_score_premium"": 0.3, ""weak_hours_score_premium"": 0.5, ""sg_spread_penalty_rate"": 0.2, ""sg_off_hours_penalty"": 0.25, ""sg_volatility_penalty"": 0.05, ""sg_recent_loss_penalty"": 0.1}",2454,63.16,76.52,2.54,2503141.0,3.11,4.79,83.44,2.461,56.9
p1_4e8b4c08,1,"{""timeframes"": [""M1"", ""M15"", ""H1"", ""H4""], ""regime_detection_tf"": ""H1"", ""htf_alignment_tfs"": [""H4""], ""consensus_threshold"": 2.0, ""max_positions"": 3, ""bonus_max_positions"": 0, ""consensus_primary_weight"": 2.0, ""consensus_entry_weight"": 1.5, ""consensus_confirm_weight"": 3.0, ""consensus_manage_weight"": 0.5, ""consensus_other_weight"": 1.0, ""trailing_start_r"": 2.5, ""trailing_atr_mult"": 2.0, ""stag_exit_minutes"": 180.0, ""partial_1r_ratio"": 0.05, ""early_be_r"": 0.5, ""signal_rev_ratio"": 0.5, ""tp_sl_ratio"": 1.2, ""sl_min_pips"": 8.0, ""range_day_bbw_threshold"": 0.25, ""range_day_score_premium"": 0.3, ""weak_hours_score_premium"": 0.5, ""sg_spread_penalty_rate"": 0.2, ""sg_off_hours_penalty"": 0.25, ""sg_volatility_penalty"": 0.05, ""sg_recent_loss_penalty"": 0.1}",3100,63.32,76.44,2.52,2947007.0,3.21,4.68,98.23,2.4391,62.9
p1_a7dc45a4,1,"{""timeframes"": [""M1"", ""M15"", ""H1"", ""H4""], ""regime_detection_tf"": ""H1"", ""htf_alignment_tfs"": [""H4""], ""consensus_threshold"": 2.5, ""max_positions"": 1, ""bonus_max_positions"": 0, ""consensus_primary_weight"": 2.0, ""consensus_entry_weight"": 1.5, ""consensus_confirm_weight"": 3.0, ""consensus_manage_weight"": 0.5, ""consensus_other_weight"": 1.0, ""trailing_start_r"": 2.5, ""trailing_atr_mult"": 2.0, ""stag_exit_minutes"": 180.0, ""partial_1r_ratio"": 0.05, ""early_be_r"": 0.5, ""signal_rev_ratio"": 0.5, ""tp_sl_ratio"": 1.2, ""sl_min_pips"": 8.0, ""range_day_bbw_threshold"": 0.25, ""range_day_score_premium"": 0.3, ""weak_hours_score_premium"": 0.5, ""sg_spread_penalty_rate"": 0.2, ""sg_off_hours_penalty"": 0.25, ""sg_volatility_penalty"": 0.05, ""sg_recent_loss_penalty"": 0.1}",1383,63.53,77.86,2.56,1336097.0,1.77,4.67,44.54,2.5147,63.0
p1_ed9e8fb3,1,"{""timeframes"": [""M1"", ""M15"", ""H1"", ""H4""], ""regime_detection_tf"": ""H1"", ""htf_alignment_tfs"": [""H4""], ""consensus_threshold"": 2.5, ""max_positions"": 2, ""bonus_max_positions"": 0, ""consensus_primary_weight"": 2.0, ""consensus_entry_weight"": 1.5, ""consensus_confirm_weight"": 3.0, ""consensus_manage_weight"": 0.5, ""consensus_other_weight"": 1.0, ""trailing_start_r"": 2.5, ""trailing_atr_mult"": 2.0, ""stag_exit_minutes"": 180.0, ""partial_1r_ratio"": 0.05, ""early_be_r"": 0.5, ""signal_rev_ratio"": 0.5, ""tp_sl_ratio"": 1.2, ""sl_min_pips"": 8.0, ""range_day_bbw_threshold"": 0.25, ""range_day_score_premium"": 0.3, ""weak_hours_score_premium"": 0.5, ""sg_spread_penalty_rate"": 0.2, ""sg_off_hours_penalty"": 0.25, ""sg_volatility_penalty"": 0.05, ""sg_recent_loss_penalty"": 0.1}",2352,63.3,77.3,2.6,2327179.0,2.19,4.76,77.57,2.5431,62.9
p1_48138ef7,1,"{""timeframes"": [""M1"", ""M15"", ""H1"", ""H4""], ""regime_detection_tf"": ""H1"", ""htf_alignment_tfs"": [""H4""], ""consensus_threshold"": 2.5, ""max_positions"": 3, ""bonus_max_positions"": 0, ""consensus_primary_weight"": 2.0, ""consensus_entry_weight"": 1.5, ""consensus_confirm_weight"": 3.0, ""consensus_manage_weight"": 0.5, ""consensus_other_weight"": 1.0, ""trailing_start_r"": 2.5, ""trailing_atr_mult"": 2.0, ""stag_exit_minutes"": 180.0, ""partial_1r_ratio"": 0.05, ""early_be_r"": 0.5, ""signal_rev_ratio"": 0.5, ""tp_sl_ratio"": 1.2, ""sl_min_pips"": 8.0, ""range_day_bbw_threshold"": 0.25, ""range_day_score_premium"": 0.3, ""weak_hours_score_premium"": 0.5, ""sg_spread_penalty_rate"": 0.2, ""sg_off_hours_penalty"": 0.25, ""sg_volatility_penalty"": 0.05, ""sg_recent_loss_penalty"": 0.1}",3009,63.96,77.32,2.61,2795324.0,2.78,4.72,93.18,2.5374,62.4
p1_6f86395d,1,"{""timeframes"": [""M1"", ""M15"", ""H1"", ""H4""], ""regime_detection_tf"": ""H1"", ""htf_alignment_tfs"": [""H4""], ""consensus_threshold"": 3.0, ""max_positions"": 1, ""bonus_max_positions"": 0, ""consensus_primary_weight"": 2.0, ""consensus_entry_weight"": 1.5, ""consensus_confirm_weight"": 3.0, ""consensus_manage_weight"": 0.5, ""consensus_other_weight"": 1.0, ""trailing_start_r"": 2.5, ""trailing_atr_mult"": 2.0, ""stag_exit_minutes"": 180.0, ""partial_1r_ratio"": 0.05, ""early_be_r"": 0.5, ""signal_rev_ratio"": 0.5, ""tp_sl_ratio"": 1.2, ""sl_min_pips"": 8.0, ""range_day_bbw_threshold"": 0.25, ""range_day_score_premium"": 0.3, ""weak_hours_score_premium"": 0.5, ""sg_spread_penalty_rate"": 0.2, ""sg_off_hours_penalty"": 0.25, ""sg_volatility_penalty"": 0.05, ""sg_recent_loss_penalty"": 0.1}",1309,65.53,79.36,2.85,1308037.0,1.64,4.95,43.6,2.8033,64.8
p1_cbceee87,1,"{""timeframes"": [""M1"", ""M15"", ""H1"", ""H4""], ""regime_detection_tf"": ""H1"", ""htf_alignment_tfs"": [""H4""], ""consensus_threshold"": 3.0, ""max_positions"": 2, ""bonus_max_positions"": 0, ""consensus_primary_weight"": 2.0, ""consensus_entry_weight"": 1.5, ""consensus_confirm_weight"": 3.0, ""consensus_manage_weight"": 0.5, ""consensus_other_weight"": 1.0, ""trailing_start_r"": 2.5, ""trailing_atr_mult"": 2.0, ""stag_exit_minutes"": 180.0, ""partial_1r_ratio"": 0.05, ""early_be_r"": 0.5, ""signal_rev_ratio"": 0.5, ""tp_sl_ratio"": 1.2, ""sl_min_pips"": 8.0, ""range_day_bbw_threshold"": 0.25, ""range_day_score_premium"": 0.3, ""weak_hours_score_premium"": 0.5, ""sg_spread_penalty_rate"": 0.2, ""sg_off_hours_penalty"": 0.25, ""sg_volatility_penalty"": 0.05, ""sg_recent_loss_penalty"": 0.1}",2251,65.43,78.72,2.89,2336139.0,2.17,5.07,77.87,2.8273,62.3
p1_b6983d38,1,"{""timeframes"": [""M1"", ""M15"", ""H1"", ""H4""], ""regime_detection_tf"": ""H1"", ""htf_alignment_tfs"": [""H4""], ""consensus_threshold"": 3.0, ""max_positions"": 3, ""bonus_max_positions"": 0, ""consensus_primary_weight"": 2.0, ""consensus_entry_weight"": 1.5, ""consensus_confirm_weight"": 3.0, ""consensus_manage_weight"": 0.5, ""consensus_other_weight"": 1.0, ""trailing_start_r"": 2.5, ""trailing_atr_mult"": 2.0, ""stag_exit_minutes"": 180.0, ""partial_1r_ratio"": 0.05, ""early_be_r"": 0.5, ""signal_rev_ratio"": 0.5, ""tp_sl_ratio"": 1.2, ""sl_min_pips"": 8.0, ""range_day_bbw_threshold"": 0.25, ""range_day_score_premium"": 0.3, ""weak_hours_score_premium"": 0.5, ""sg_spread_penalty_rate"": 0.2, ""sg_off_hours_penalty"": 0.25, ""sg_volatility_penalty"": 0.05, ""sg_recent_loss_penalty"": 0.1}",2893,65.1,78.3,2.88,2820968.0,2.52,5.01,94.03,2.8074,63.2
p1_58f82eed,1,"{""timeframes"": [""M1"", ""M15"", ""H1"", ""H4""], ""regime_detection_tf"": ""H1"", ""htf_alignment_tfs"": [""H4""], ""consensus_threshold"": 3.5, ""max_positions"": 1, ""bonus_max_positions"": 0, ""consensus_primary_weight"": 2.0, ""consensus_entry_weight"": 1.5, ""consensus_confirm_weight"": 3.0, ""consensus_manage_weight"": 0.5, ""consensus_other_weight"": 1.0, ""trailing_start_r"": 2.5, ""trailing_atr_mult"": 2.0, ""stag_exit_minutes"": 180.0, ""partial_1r_ratio"": 0.05, ""early_be_r"": 0.5, ""signal_rev_ratio"": 0.5, ""tp_sl_ratio"": 1.2, ""sl_min_pips"": 8.0, ""range_day_bbw_threshold"": 0.25, ""range_day_score_premium"": 0.3, ""weak_hours_score_premium"": 0.5, ""sg_spread_penalty_rate"": 0.2, ""sg_off_hours_penalty"": 0.25, ""sg_volatility_penalty"": 0.05, ""sg_recent_loss_penalty"": 0.1}",1202,66.54,79.44,3.03,1193765.0,1.55,4.95,39.79,2.983,64.8
p1_8d7a9522,1,"{""timeframes"": [""M1"", ""M15"", ""H1"", ""H4""], ""regime_detection_tf"": ""H1"", ""htf_alignment_tfs"": [""H4""], ""consensus_threshold"": 3.5, ""max_positions"": 2, ""bonus_max_positions"": 0, ""consensus_primary_weight"": 2.0, ""consensus_entry_weight"": 1.5, ""consensus_confirm_weight"": 3.0, ""consensus_manage_weight"": 0.5, ""consensus_other_weight"": 1.0, ""trailing_start_r"": 2.5, ""trailing_atr_mult"": 2.0, ""stag_exit_minutes"": 180.0, ""partial_1r_ratio"": 0.05, ""early_be_r"": 0.5, ""signal_rev_ratio"": 0.5, ""tp_sl_ratio"": 1.2, ""sl_min_pips"": 8.0, ""range_day_bbw_threshold"": 0.25, ""range_day_score_premium"": 0.3, ""weak_hours_score_premium"": 0.5, ""sg_spread_penalty_rate"": 0.2, ""sg_off_hours_penalty"": 0.25, ""sg_volatility_penalty"": 0.05, ""sg_recent_loss_penalty"": 0.1}",2065,66.09,78.44,3.06,2123890.0,2.22,4.99,70.8,2.9921,63.9
p1_d18fde48,1,"{""timeframes"": [""M1"", ""M15"", ""H1"", ""H4""], ""regime_detection_tf"": ""H1"", ""htf_alignment_tfs"": [""H4""], ""consensus_threshold"": 3.5, ""max_positions"": 3, ""bonus_max_positions"": 0, ""consensus_primary_weight"": 2.0, ""consensus_entry_weight"": 1.5, ""consensus_confirm_weight"": 3.0, ""consensus_manage_weight"": 0.5, ""consensus_other_weight"": 1.0, ""trailing_start_r"": 2.5, ""trailing_atr_mult"": 2.0, ""stag_exit_minutes"": 180.0, ""partial_1r_ratio"": 0.05, ""early_be_r"": 0.5, ""signal_rev_ratio"": 0.5, ""tp_sl_ratio"": 1.2, ""sl_min_pips"": 8.0, ""range_day_bbw_threshold"": 0.25, ""range_day_score_premium"": 0.3, ""weak_hours_score_premium"": 0.5, ""sg_spread_penalty_rate"": 0.2, ""sg_off_hours_penalty"": 0.25, ""sg_volatility_penalty"": 0.05, ""sg_recent_loss_penalty"": 0.1}",2655,65.06,77.52,2.93,2510342.0,2.67,4.82,83.68,2.8518,61.4
p1_13b1676c,1,"{""timeframes"": [""M1"", ""M15"", ""H1"", ""H4""], ""regime_detection_tf"": ""H1"", ""htf_alignment_tfs"": [""H4""], ""consensus_threshold"": 4.0, ""max_positions"": 1, ""bonus_max_positions"": 0, ""consensus_primary_weight"": 2.0, ""consensus_entry_weight"": 1.5, ""consensus_confirm_weight"": 3.0, ""consensus_manage_weight"": 0.5, ""consensus_other_weight"": 1.0, ""trailing_start_r"": 2.5, ""trailing_atr_mult"": 2.0, ""stag_exit_minutes"": 180.0, ""partial_1r_ratio"": 0.05, ""early_be_r"": 0.5, ""signal_rev_ratio"": 0.5, ""tp_sl_ratio"": 1.2, ""sl_min_pips"": 8.0, ""range_day_bbw_threshold"": 0.25, ""range_day_score_premium"": 0.3, ""weak_hours_score_premium"": 0.5, ""sg_spread_penalty_rate"": 0.2, ""sg_off_hours_penalty"": 0.25, ""sg_volatility_penalty"": 0.05, ""sg_recent_loss_penalty"": 0.1}",1101,66.52,79.55,3.52,1123407.0,1.5,5.02,37.45,3.4672,64.2
p1_013296a8,1,"{""timeframes"": [""M1"", ""M15"", ""H1"", ""H4""], ""regime_detection_tf"": ""H1"", ""htf_alignment_tfs"": [""H4""], ""consensus_threshold"": 4.0, ""max_positions"": 2, ""bonus_max_positions"": 0, ""consensus_primary_weight"": 2.0, ""consensus_entry_weight"": 1.5, ""consensus_confirm_weight"": 3.0, ""consensus_manage_weight"": 0.5, ""consensus_other_weight"": 1.0, ""trailing_start_r"": 2.5, ""trailing_atr_mult"": 2.0, ""stag_exit_minutes"": 180.0, ""partial_1r_ratio"": 0.05, ""early_be_r"": 0.5, ""signal_rev_ratio"": 0.5, ""tp_sl_ratio"": 1.2, ""sl_min_pips"": 8.0, ""range_day_bbw_threshold"": 0.25, ""range_day_score_premium"": 0.3, ""weak_hours_score_premium"": 0.5, ""sg_spread_penalty_rate"": 0.2, ""sg_off_hours_penalty"": 0.25, ""sg_volatility_penalty"": 0.05, ""sg_recent_loss_penalty"": 0.1}",1858,66.67,79.39,3.48,1980400.0,1.84,5.13,66.01,3.416,63.9
p1_6ddbb90e,1,"{""timeframes"": [""M1"", ""M15"", ""H1"", ""H4""], ""regime_detection_tf"": ""H1"", ""htf_alignment_tfs"": [""H4""], ""consensus_threshold"": 4.0, ""max_positions"": 3, ""bonus_max_positions"": 0, ""consensus_primary_weight"": 2.0, ""consensus_entry_weight"": 1.5, ""consensus_confirm_weight"": 3.0, ""consensus_manage_weight"": 0.5, ""consensus_other_weight"": 1.0, ""trailing_start_r"": 2.5, ""trailing_atr_mult"": 2.0, ""stag_exit_minutes"": 180.0, ""partial_1r_ratio"": 0.05, ""early_be_r"": 0.5, ""signal_rev_ratio"": 0.5, ""tp_sl_ratio"": 1.2, ""sl_min_pips"": 8.0, ""range_day_bbw_threshold"": 0.25, ""range_day_score_premium"": 0.3, ""weak_hours_score_premium"": 0.5, ""sg_spread_penalty_rate"": 0.2, ""sg_off_hours_penalty"": 0.25, ""sg_volatility_penalty"": 0.05, ""sg_recent_loss_penalty"": 0.1}",2369,65.77,78.45,3.25,2322853.0,2.53,4.87,77.43,3.1678,64.2
p1_116876bd,1,"{""timeframes"": [""M1"", ""M15"", ""H1"", ""H4""], ""regime_detection_tf"": ""H1"", ""htf_alignment_tfs"": [""H4""], ""consensus_threshold"": 4.5, ""max_positions"": 1, ""bonus_max_positions"": 0, ""consensus_primary_weight"": 2.0, ""consensus_entry_weight"": 1.5, ""consensus_confirm_weight"": 3.0, ""consensus_manage_weight"": 0.5, ""consensus_other_weight"": 1.0, ""trailing_start_r"": 2.5, ""trailing_atr_mult"": 2.0, ""stag_exit_minutes"": 180.0, ""partial_1r_ratio"": 0.05, ""early_be_r"": 0.5, ""signal_rev_ratio"": 0.5, ""tp_sl_ratio"": 1.2, ""sl_min_pips"": 8.0, ""range_day_bbw_threshold"": 0.25, ""range_day_score_premium"": 0.3, ""weak_hours_score_premium"": 0.5, ""sg_spread_penalty_rate"": 0.2, ""sg_off_hours_penalty"": 0.25, ""sg_volatility_penalty"": 0.05, ""sg_recent_loss_penalty"": 0.1}",990,66.94,80.28,3.64,970348.0,1.5,5.04,32.34,3.5854,63.5
p1_2d394b8e,1,"{""timeframes"": [""M1"", ""M15"", ""H1"", ""H4""], ""regime_detection_tf"": ""H1"", ""htf_alignment_tfs"": [""H4""], ""consensus_threshold"": 4.5, ""max_positions"": 2, ""bonus_max_positions"": 0, ""consensus_primary_weight"": 2.0, ""consensus_entry_weight"": 1.5, ""consensus_confirm_weight"": 3.0, ""consensus_manage_weight"": 0.5, ""consensus_other_weight"": 1.0, ""trailing_start_r"": 2.5, ""trailing_atr_mult"": 2.0, ""stag_exit_minutes"": 180.0, ""partial_1r_ratio"": 0.05, ""early_be_r"": 0.5, ""signal_rev_ratio"": 0.5, ""tp_sl_ratio"": 1.2, ""sl_min_pips"": 8.0, ""range_day_bbw_threshold"": 0.25, ""range_day_score_premium"": 0.3, ""weak_hours_score_premium"": 0.5, ""sg_spread_penalty_rate"": 0.2, ""sg_off_hours_penalty"": 0.25, ""sg_volatility_penalty"": 0.05, ""sg_recent_loss_penalty"": 0.1}",1643,66.32,79.24,3.45,1608670.0,2.16,4.83,53.62,3.3755,62.8
p1_595d4877,1,"{""timeframes"": [""M1"", ""M15"", ""H1"", ""H4""], ""regime_detection_tf"": ""H1"", ""htf_alignment_tfs"": [""H4""], ""consensus_threshold"": 4.5, ""max_positions"": 3, ""bonus_max_positions"": 0, ""consensus_primary_weight"": 2.0, ""consensus_entry_weight"": 1.5, ""consensus_confirm_weight"": 3.0, ""consensus_manage_weight"": 0.5, ""consensus_other_weight"": 1.0, ""trailing_start_r"": 2.5, ""trailing_atr_mult"": 2.0, ""stag_exit_minutes"": 180.0, ""partial_1r_ratio"": 0.05, ""early_be_r"": 0.5, ""signal_rev_ratio"": 0.5, ""tp_sl_ratio"": 1.2, ""sl_min_pips"": 8.0, ""range_day_bbw_threshold"": 0.25, ""range_day_score_premium"": 0.3, ""weak_hours_score_premium"": 0.5, ""sg_spread_penalty_rate"": 0.2, ""sg_off_hours_penalty"": 0.25, ""sg_volatility_penalty"": 0.05, ""sg_recent_loss_penalty"": 0.1}",2095,65.57,78.51,3.17,1862675.0,2.85,4.54,62.09,3.0797,64.6
p1_c279c5d6,1,"{""timeframes"": [""M1"", ""M15"", ""H1"", ""H4""], ""regime_detection_tf"": ""H1"", ""htf_alignment_tfs"": [""H4""], ""consensus_threshold"": 5.0, ""max_positions"": 1, ""bonus_max_positions"": 0, ""consensus_primary_weight"": 2.0, ""consensus_entry_weight"": 1.5, ""consensus_confirm_weight"": 3.0, ""consensus_manage_weight"": 0.5, ""consensus_other_weight"": 1.0, ""trailing_start_r"": 2.5, ""trailing_atr_mult"": 2.0, ""stag_exit_minutes"": 180.0, ""partial_1r_ratio"": 0.05, ""early_be_r"": 0.5, ""signal_rev_ratio"": 0.5, ""tp_sl_ratio"": 1.2, ""sl_min_pips"": 8.0, ""range_day_bbw_threshold"": 0.25, ""range_day_score_premium"": 0.3, ""weak_hours_score_premium"": 0.5, ""sg_spread_penalty_rate"": 0.2, ""sg_off_hours_penalty"": 0.25, ""sg_volatility_penalty"": 0.05, ""sg_recent_loss_penalty"": 0.1}",893,65.4,78.73,3.31,768446.0,1.49,4.49,25.61,3.1175,64.4
p1_dc7f2697,1,"{""timeframes"": [""M1"", ""M15"", ""H1"", ""H4""], ""regime_detection_tf"": ""H1"", ""htf_alignment_tfs"": [""H4""], ""consensus_threshold"": 5.0, ""max_positions"": 2, ""bonus_max_positions"": 0, ""consensus_primary_weight"": 2.0, ""consensus_entry_weight"": 1.5, ""consensus_confirm_weight"": 3.0, ""consensus_manage_weight"": 0.5, ""consensus_other_weight"": 1.0, ""trailing_start_r"": 2.5, ""trailing_atr_mult"": 2.0, ""stag_exit_minutes"": 180.0, ""partial_1r_ratio"": 0.05, ""early_be_r"": 0.5, ""signal_rev_ratio"": 0.5, ""tp_sl_ratio"": 1.2, ""sl_min_pips"": 8.0, ""range_day_bbw_threshold"": 0.25, ""range_day_score_premium"": 0.3, ""weak_hours_score_premium"": 0.5, ""sg_spread_penalty_rate"": 0.2, ""sg_off_hours_penalty"": 0.25, ""sg_volatility_penalty"": 0.05, ""sg_recent_loss_penalty"": 0.1}",1438,65.66,78.08,3.39,1331049.0,2.47,4.36,44.37,3.3063,64.3
p1_fe872b98,1,"{""timeframes"": [""M1"", ""M15"", ""H1"", ""H4""], ""regime_detection_tf"": ""H1"", ""htf_alignment_tfs"": [""H4""], ""consensus_threshold"": 5.0, ""max_positions"": 3, ""bonus_max_positions"": 0, ""consensus_primary_weight"": 2.0, ""consensus_entry_weight"": 1.5, ""consensus_confirm_weight"": 3.0, ""consensus_manage_weight"": 0.5, ""consensus_other_weight"": 1.0, ""trailing_start_r"": 2.5, ""trailing_atr_mult"": 2.0, ""stag_exit_minutes"": 180.0, ""partial_1r_ratio"": 0.05, ""early_be_r"": 0.5, ""signal_rev_ratio"": 0.5, ""tp_sl_ratio"": 1.2, ""sl_min_pips"": 8.0, ""range_day_bbw_threshold"": 0.25, ""range_day_score_premium"": 0.3, ""weak_hours_score_premium"": 0.5, ""sg_spread_penalty_rate"": 0.2, ""sg_off_hours_penalty"": 0.25, ""sg_volatility_penalty"": 0.05, ""sg_recent_loss_penalty"": 0.1}",1803,64.86,77.61,3.08,1515151.0,2.52,4.11,50.51,3.0024,62.4
p1_0fcf86d8,1,"{""timeframes"": [""M1"", ""M5"", ""M15"", ""H1"", ""H4"", ""D1""], ""regime_detection_tf"": ""H1"", ""htf_alignment_tfs"": [""H4"", ""D1""], ""consensus_threshold"": 2.0, ""max_positions"": 1, ""bonus_max_positions"": 0, ""consensus_primary_weight"": 2.0, ""consensus_entry_weight"": 1.5, ""consensus_confirm_weight"": 3.0, ""consensus_manage_weight"": 0.5, ""consensus_other_weight"": 1.0, ""trailing_start_r"": 2.5, ""trailing_atr_mult"": 2.0, ""stag_exit_minutes"": 180.0, ""partial_1r_ratio"": 0.05, ""early_be_r"": 0.5, ""signal_rev_ratio"": 0.5, ""tp_sl_ratio"": 1.2, ""sl_min_pips"": 8.0, ""range_day_bbw_threshold"": 0.25, ""range_day_score_premium"": 0.3, ""weak_hours_score_premium"": 0.5, ""sg_spread_penalty_rate"": 0.2, ""sg_off_hours_penalty"": 0.25, ""sg_volatility_penalty"": 0.05, ""sg_recent_loss_penalty"": 0.1}",3045,58.15,72.81,1.55,1883102.0,7.22,2.7,62.77,1.4381,75.1
p1_a531443b,1,"{""timeframes"": [""M1"", ""M5"", ""M15"", ""H1"", ""H4"", ""D1""], ""regime_detection_tf"": ""H1"", ""htf_alignment_tfs"": [""H4"", ""D1""], ""consensus_threshold"": 2.0, ""max_positions"": 2, ""bonus_max_positions"": 0, ""consensus_primary_weight"": 2.0, ""consensus_entry_weight"": 1.5, ""consensus_confirm_weight"": 3.0, ""consensus_manage_weight"": 0.5, ""consensus_other_weight"": 1.0, ""trailing_start_r"": 2.5, ""trailing_atr_mult"": 2.0, ""stag_exit_minutes"": 180.0, ""partial_1r_ratio"": 0.05, ""early_be_r"": 0.5, ""signal_rev_ratio"": 0.5, ""tp_sl_ratio"": 1.2, ""sl_min_pips"": 8.0, ""range_day_bbw_threshold"": 0.25, ""range_day_score_premium"": 0.3, ""weak_hours_score_premium"": 0.5, ""sg_spread_penalty_rate"": 0.2, ""sg_off_hours_penalty"": 0.25, ""sg_volatility_penalty"": 0.05, ""sg_recent_loss_penalty"": 0.1}",4512,55.75,70.14,1.51,2181682.0,7.32,2.51,72.72,1.3995,67.4
p1_8d4552c6,1,"{""timeframes"": [""M1"", ""M5"", ""M15"", ""H1"", ""H4"", ""D1""], ""regime_detection_tf"": ""H1"", ""htf_alignment_tfs"": [""H4"", ""D1""], ""consensus_threshold"": 2.0, ""max_positions"": 3, ""bonus_max_positions"": 0, ""consensus_primary_weight"": 2.0, ""consensus_entry_weight"": 1.5, ""consensus_confirm_weight"": 3.0, ""consensus_manage_weight"": 0.5, ""consensus_other_weight"": 1.0, ""trailing_start_r"": 2.5, ""trailing_atr_mult"": 2.0, ""stag_exit_minutes"": 180.0, ""partial_1r_ratio"": 0.05, ""early_be_r"": 0.5, ""signal_rev_ratio"": 0.5, ""tp_sl_ratio"": 1.2, ""sl_min_pips"": 8.0, ""range_day_bbw_threshold"": 0.25, ""range_day_score_premium"": 0.3, ""weak_hours_score_premium"": 0.5, ""sg_spread_penalty_rate"": 0.2, ""sg_off_hours_penalty"": 0.25, ""sg_volatility_penalty"": 0.05, ""sg_recent_loss_penalty"": 0.1}",5491,55.8,70.53,1.53,2257089.0,8.12,2.65,75.24,1.4058,68.7
p1_fe244940,1,"{""timeframes"": [""M1"", ""M5"", ""M15"", ""H1"", ""H4"", ""D1""], ""regime_detection_tf"": ""H1"", ""htf_alignment_tfs"": [""H4"", ""D1""], ""consensus_threshold"": 2.5, ""max_positions"": 1, ""bonus_max_positions"": 0, ""consensus_primary_weight"": 2.0, ""consensus_entry_weight"": 1.5, ""consensus_confirm_weight"": 3.0, ""consensus_manage_weight"": 0.5, ""consensus_other_weight"": 1.0, ""trailing_start_r"": 2.5, ""trailing_atr_mult"": 2.0, ""stag_exit_minutes"": 180.0, ""partial_1r_ratio"": 0.05, ""early_be_r"": 0.5, ""signal_rev_ratio"": 0.5, ""tp_sl_ratio"": 1.2, ""sl_min_pips"": 8.0, ""range_day_bbw_threshold"": 0.25, ""range_day_score_premium"": 0.3, ""weak_hours_score_premium"": 0.5, ""sg_spread_penalty_rate"": 0.2, ""sg_off_hours_penalty"": 0.25, ""sg_volatility_penalty"": 0.05, ""sg_recent_loss_penalty"": 0.1}",3028,57.98,72.8,1.58,1954814.0,8.92,2.77,65.16,1.4391,74.0
p1_b464aa3c,1,"{""timeframes"": [""M1"", ""M5"", ""M15"", ""H1"", ""H4"", ""D1""], ""regime_detection_tf"": ""H1"", ""htf_alignment_tfs"": [""H4"", ""D1""], ""consensus_threshold"": 2.5, ""max_positions"": 2, ""bonus_max_positions"": 0, ""consensus_primary_weight"": 2.0, ""consensus_entry_weight"": 1.5, ""consensus_confirm_weight"": 3.0, ""consensus_manage_weight"": 0.5, ""consensus_other_weight"": 1.0, ""trailing_start_r"": 2.5, ""trailing_atr_mult"": 2.0, ""stag_exit_minutes"": 180.0, ""partial_1r_ratio"": 0.05, ""early_be_r"": 0.5, ""signal_rev_ratio"": 0.5, ""tp_sl_ratio"": 1.2, ""sl_min_pips"": 8.0, ""range_day_bbw_threshold"": 0.25, ""range_day_score_premium"": 0.3, ""weak_hours_score_premium"": 0.5, ""sg_spread_penalty_rate"": 0.2, ""sg_off_hours_penalty"": 0.25, ""sg_volatility_penalty"": 0.05, ""sg_recent_loss_penalty"": 0.1}",4523,55.91,70.26,1.53,2224673.0,7.26,2.62,74.16,1.4189,67.9
p1_964a1519,1,"{""timeframes"": [""M1"", ""M5"", ""M15"", ""H1"", ""H4"", ""D1""], ""regime_detection_tf"": ""H1"", ""htf_alignment_tfs"": [""H4"", ""D1""], ""consensus_threshold"": 2.5, ""max_positions"": 3, ""bonus_max_positions"": 0, ""consensus_primary_weight"": 2.0, ""consensus_entry_weight"": 1.5, ""consensus_confirm_weight"": 3.0, ""consensus_manage_weight"": 0.5, ""consensus_other_weight"": 1.0, ""trailing_start_r"": 2.5, ""trailing_atr_mult"": 2.0, ""stag_exit_minutes"": 180.0, ""partial_1r_ratio"": 0.05, ""early_be_r"": 0.5, ""signal_rev_ratio"": 0.5, ""tp_sl_ratio"": 1.2, ""sl_min_pips"": 8.0, ""range_day_bbw_threshold"": 0.25, ""range_day_score_premium"": 0.3, ""weak_hours_score_premium"": 0.5, ""sg_spread_penalty_rate"": 0.2, ""sg_off_hours_penalty"": 0.25, ""sg_volatility_penalty"": 0.05, ""sg_recent_loss_penalty"": 0.1}",5517,56.05,70.76,1.56,2365088.0,7.94,2.79,78.84,1.4361,68.4
p1_7942d02d,1,"{""timeframes"": [""M1"", ""M5"", ""M15"", ""H1"", ""H4"", ""D1""], ""regime_detection_tf"": ""H1"", ""htf_alignment_tfs"": [""H4"", ""D1""], ""consensus_threshold"": 3.0, ""max_positions"": 1, ""bonus_max_positions"": 0, ""consensus_primary_weight"": 2.0, ""consensus_entry_weight"": 1.5, ""consensus_confirm_weight"": 3.0, ""consensus_manage_weight"": 0.5, ""consensus_other_weight"": 1.0, ""trailing_start_r"": 2.5, ""trailing_atr_mult"": 2.0, ""stag_exit_minutes"": 180.0, ""partial_1r_ratio"": 0.05, ""early_be_r"": 0.5, ""signal_rev_ratio"": 0.5, ""tp_sl_ratio"": 1.2, ""sl_min_pips"": 8.0, ""range_day_bbw_threshold"": 0.25, ""range_day_score_premium"": 0.3, ""weak_hours_score_premium"": 0.5, ""sg_spread_penalty_rate"": 0.2, ""sg_off_hours_penalty"": 0.25, ""sg_volatility_penalty"": 0.05, ""sg_recent_loss_penalty"": 0.1}",3009,58.05,72.9,1.61,2038194.0,8.37,2.78,67.94,1.4752,73.5
p1_9614bae7,1,"{""timeframes"": [""M1"", ""M5"", ""M15"", ""H1"", ""H4"", ""D1""], ""regime_detection_tf"": ""H1"", ""htf_alignment_tfs"": [""H4"", ""D1""], ""consensus_threshold"": 3.0, ""max_positions"": 2, ""bonus_max_positions"": 0, ""consensus_primary_weight"": 2.0, ""consensus_entry_weight"": 1.5, ""consensus_confirm_weight"": 3.0, ""consensus_manage_weight"": 0.5, ""consensus_other_weight"": 1.0, ""trailing_start_r"": 2.5, ""trailing_atr_mult"": 2.0, ""stag_exit_minutes"": 180.0, ""partial_1r_ratio"": 0.05, ""early_be_r"": 0.5, ""signal_rev_ratio"": 0.5, ""tp_sl_ratio"": 1.2, ""sl_min_pips"": 8.0, ""range_day_bbw_threshold"": 0.25, ""range_day_score_premium"": 0.3, ""weak_hours_score_premium"": 0.5, ""sg_spread_penalty_rate"": 0.2, ""sg_off_hours_penalty"": 0.25, ""sg_volatility_penalty"": 0.05, ""sg_recent_loss_penalty"": 0.1}",4505,56.32,70.72,1.6,2385350.0,7.12,2.89,79.51,1.4861,69.3
p1_a8c791ac,1,"{""timeframes"": [""M1"", ""M5"", ""M15"", ""H1"", ""H4"", ""D1""], ""regime_detection_tf"": ""H1"", ""htf_alignment_tfs"": [""H4"", ""D1""], ""consensus_threshold"": 3.0, ""max_positions"": 3, ""bonus_max_positions"": 0, ""consensus_primary_weight"": 2.0, ""consensus_entry_weight"": 1.5, ""consensus_confirm_weight"": 3.0, ""consensus_manage_weight"": 0.5, ""consensus_other_weight"": 1.0, ""trailing_start_r"": 2.5, ""trailing_atr_mult"": 2.0, ""stag_exit_minutes"": 180.0, ""partial_1r_ratio"": 0.05, ""early_be_r"": 0.5, ""signal_rev_ratio"": 0.5, ""tp_sl_ratio"": 1.2, ""sl_min_pips"": 8.0, ""range_day_bbw_threshold"": 0.25, ""range_day_score_premium"": 0.3, ""weak_hours_score_premium"": 0.5, ""sg_spread_penalty_rate"": 0.2, ""sg_off_hours_penalty"": 0.25, ""sg_volatility_penalty"": 0.05, ""sg_recent_loss_penalty"": 0.1}",5460,56.08,70.84,1.55,2295920.0,7.86,2.77,76.53,1.4282,69.0
p1_420fc0bf,1,"{""timeframes"": [""M1"", ""M5"", ""M15"", ""H1"", ""H4"", ""D1""], ""regime_detection_tf"": ""H1"", ""htf_alignment_tfs"": [""H4"", ""D1""], ""consensus_threshold"": 3.5, ""max_positions"": 1, ""bonus_max_positions"": 0, ""consensus_primary_weight"": 2.0, ""consensus_entry_weight"": 1.5, ""consensus_confirm_weight"": 3.0, ""consensus_manage_weight"": 0.5, ""consensus_other_weight"": 1.0, ""trailing_start_r"": 2.5, ""trailing_atr_mult"": 2.0, ""stag_exit_minutes"": 180.0, ""partial_1r_ratio"": 0.05, ""early_be_r"": 0.5, ""signal_rev_ratio"": 0.5, ""tp_sl_ratio"": 1.2, ""sl_min_pips"": 8.0, ""range_day_bbw_threshold"": 0.25, ""range_day_score_premium"": 0.3, ""weak_hours_score_premium"": 0.5, ""sg_spread_penalty_rate"": 0.2, ""sg_off_hours_penalty"": 0.25, ""sg_volatility_penalty"": 0.05, ""sg_recent_loss_penalty"": 0.1}",2963,57.78,72.69,1.58,1959027.0,8.36,2.76,65.3,1.4479,74.1
p1_cf542073,1,"{""timeframes"": [""M1"", ""M5"", ""M15"", ""H1"", ""H4"", ""D1""], ""regime_detection_tf"": ""H1"", ""htf_alignment_tfs"": [""H4"", ""D1""], ""consensus_threshold"": 3.5, ""max_positions"": 2, ""bonus_max_positions"": 0, ""consensus_primary_weight"": 2.0, ""consensus_entry_weight"": 1.5, ""consensus_confirm_weight"": 3.0, ""consensus_manage_weight"": 0.5, ""consensus_other_weight"": 1.0, ""trailing_start_r"": 2.5, ""trailing_atr_mult"": 2.0, ""stag_exit_minutes"": 180.0, ""partial_1r_ratio"": 0.05, ""early_be_r"": 0.5, ""signal_rev_ratio"": 0.5, ""tp_sl_ratio"": 1.2, ""sl_min_pips"": 8.0, ""range_day_bbw_threshold"": 0.25, ""range_day_score_premium"": 0.3, ""weak_hours_score_premium"": 0.5, ""sg_spread_penalty_rate"": 0.2, ""sg_off_hours_penalty"": 0.25, ""sg_volatility_penalty"": 0.05, ""sg_recent_loss_penalty"": 0.1}",4588,56.99,71.45,1.64,2458427.0,7.17,3.02,81.95,1.5224,69.5
p1_6a8e2f85,1,"{""timeframes"": [""M1"", ""M5"", ""M15"", ""H1"", ""H4"", ""D1""], ""regime_detection_tf"": ""H1"", ""htf_alignment_tfs"": [""H4"", ""D1""], ""consensus_threshold"": 3.5, ""max_positions"": 3, ""bonus_max_positions"": 0, ""consensus_primary_weight"": 2.0, ""consensus_entry_weight"": 1.5, ""consensus_confirm_weight"": 3.0, ""consensus_manage_weight"": 0.5, ""consensus_other_weight"": 1.0, ""trailing_start_r"": 2.5, ""trailing_atr_mult"": 2.0, ""stag_exit_minutes"": 180.0, ""partial_1r_ratio"": 0.05, ""early_be_r"": 0.5, ""signal_rev_ratio"": 0.5, ""tp_sl_ratio"": 1.2, ""sl_min_pips"": 8.0, ""range_day_bbw_threshold"": 0.25, ""range_day_score_premium"": 0.3, ""weak_hours_score_premium"": 0.5, ""sg_spread_penalty_rate"": 0.2, ""sg_off_hours_penalty"": 0.25, ""sg_volatility_penalty"": 0.05, ""sg_recent_loss_penalty"": 0.1}",5461,56.48,71.12,1.59,2405077.0,8.25,2.89,80.17,1.4588,68.8
p1_91f2d6e5,1,"{""timeframes"": [""M1"", ""M5"", ""M15"", ""H1"", ""H4"", ""D1""], ""regime_detection_tf"": ""H1"", ""htf_alignment_tfs"": [""H4"", ""D1""], ""consensus_threshold"": 4.0, ""max_positions"": 1, ""bonus_max_positions"": 0, ""consensus_primary_weight"": 2.0, ""consensus_entry_weight"": 1.5, ""consensus_confirm_weight"": 3.0, ""consensus_manage_weight"": 0.5, ""consensus_other_weight"": 1.0, ""trailing_start_r"": 2.5, ""trailing_atr_mult"": 2.0, ""stag_exit_minutes"": 180.0, ""partial_1r_ratio"": 0.05, ""early_be_r"": 0.5, ""signal_rev_ratio"": 0.5, ""tp_sl_ratio"": 1.2, ""sl_min_pips"": 8.0, ""range_day_bbw_threshold"": 0.25, ""range_day_score_premium"": 0.3, ""weak_hours_score_premium"": 0.5, ""sg_spread_penalty_rate"": 0.2, ""sg_off_hours_penalty"": 0.25, ""sg_volatility_penalty"": 0.05, ""sg_recent_loss_penalty"": 0.1}",2914,57.34,72.55,1.59,1911713.0,9.11,2.77,63.72,1.4452,73.2
p1_00d1ae9e,1,"{""timeframes"": [""M1"", ""M5"", ""M15"", ""H1"", ""H4"", ""D1""], ""regime_detection_tf"": ""H1"", ""htf_alignment_tfs"": [""H4"", ""D1""], ""consensus_threshold"": 4.0, ""max_positions"": 2, ""bonus_max_positions"": 0, ""consensus_primary_weight"": 2.0, ""consensus_entry_weight"": 1.5, ""consensus_confirm_weight"": 3.0, ""consensus_manage_weight"": 0.5, ""consensus_other_weight"": 1.0, ""trailing_start_r"": 2.5, ""trailing_atr_mult"": 2.0, ""stag_exit_minutes"": 180.0, ""partial_1r_ratio"": 0.05, ""early_be_r"": 0.5, ""signal_rev_ratio"": 0.5, ""tp_sl_ratio"": 1.2, ""sl_min_pips"": 8.0, ""range_day_bbw_threshold"": 0.25, ""range_day_score_premium"": 0.3, ""weak_hours_score_premium"": 0.5, ""sg_spread_penalty_rate"": 0.2, ""sg_off_hours_penalty"": 0.25, ""sg_volatility_penalty"": 0.05, ""sg_recent_loss_penalty"": 0.1}",4559,56.83,71.55,1.63,2420741.0,7.0,3.04,80.69,1.5159,67.5
p1_7f39e9c1,1,"{""timeframes"": [""M1"", ""M5"", ""M15"", ""H1"", ""H4"", ""D1""], ""regime_detection_tf"": ""H1"", ""htf_alignment_tfs"": [""H4"", ""D1""], ""consensus_threshold"": 4.0, ""max_positions"": 3, ""bonus_max_positions"": 0, ""consensus_primary_weight"": 2.0, ""consensus_entry_weight"": 1.5, ""consensus_confirm_weight"": 3.0, ""consensus_manage_weight"": 0.5, ""consensus_other_weight"": 1.0, ""trailing_start_r"": 2.5, ""trailing_atr_mult"": 2.0, ""stag_exit_minutes"": 180.0, ""partial_1r_ratio"": 0.05, ""early_be_r"": 0.5, ""signal_rev_ratio"": 0.5, ""tp_sl_ratio"": 1.2, ""sl_min_pips"": 8.0, ""range_day_bbw_threshold"": 0.25, ""range_day_score_premium"": 0.3, ""weak_hours_score_premium"": 0.5, ""sg_spread_penalty_rate"": 0.2, ""sg_off_hours_penalty"": 0.25, ""sg_volatility_penalty"": 0.05, ""sg_recent_loss_penalty"": 0.1}",5445,56.17,71.08,1.59,2386227.0,8.05,2.9,79.54,1.462,69.1
p1_7d8d1050,1,"{""timeframes"": [""M1"", ""M5"", ""M15"", ""H1"", ""H4"", ""D1""], ""regime_detection_tf"": ""H1"", ""htf_alignment_tfs"": [""H4"", ""D1""], ""consensus_threshold"": 4.5, ""max_positions"": 1, ""bonus_max_positions"": 0, ""consensus_primary_weight"": 2.0, ""consensus_entry_weight"": 1.5, ""consensus_confirm_weight"": 3.0, ""consensus_manage_weight"": 0.5, ""consensus_other_weight"": 1.0, ""trailing_start_r"": 2.5, ""trailing_atr_mult"": 2.0, ""stag_exit_minutes"": 180.0, ""partial_1r_ratio"": 0.05, ""early_be_r"": 0.5, ""signal_rev_ratio"": 0.5, ""tp_sl_ratio"": 1.2, ""sl_min_pips"": 8.0, ""range_day_bbw_threshold"": 0.25, ""range_day_score_premium"": 0.3, ""weak_hours_score_premium"": 0.5, ""sg_spread_penalty_rate"": 0.2, ""sg_off_hours_penalty"": 0.25, ""sg_volatility_penalty"": 0.05, ""sg_recent_loss_penalty"": 0.1}",2906,56.95,72.38,1.61,2026867.0,10.0,2.71,67.56,1.449,73.1
p1_e5eef83b,1,"{""timeframes"": [""M1"", ""M5"", ""M15"", ""H1"", ""H4"", ""D1""], ""regime_detection_tf"": ""H1"", ""htf_alignment_tfs"": [""H4"", ""D1""], ""consensus_threshold"": 4.5, ""max_positions"": 2, ""bonus_max_positions"": 0, ""consensus_primary_weight"": 2.0, ""consensus_entry_weight"": 1.5, ""consensus_confirm_weight"": 3.0, ""consensus_manage_weight"": 0.5, ""consensus_other_weight"": 1.0, ""trailing_start_r"": 2.5, ""trailing_atr_mult"": 2.0, ""stag_exit_minutes"": 180.0, ""partial_1r_ratio"": 0.05, ""early_be_r"": 0.5, ""signal_rev_ratio"": 0.5, ""tp_sl_ratio"": 1.2, ""sl_min_pips"": 8.0, ""range_day_bbw_threshold"": 0.25, ""range_day_score_premium"": 0.3, ""weak_hours_score_premium"": 0.5, ""sg_spread_penalty_rate"": 0.2, ""sg_off_hours_penalty"": 0.25, ""sg_volatility_penalty"": 0.05, ""sg_recent_loss_penalty"": 0.1}",4515,56.45,71.46,1.63,2434684.0,7.53,3.04,81.16,1.5073,68.3
p1_fd9eeff4,1,"{""timeframes"": [""M1"", ""M5"", ""M15"", ""H1"", ""H4"", ""D1""], ""regime_detection_tf"": ""H1"", ""htf_alignment_tfs"": [""H4"", ""D1""], ""consensus_threshold"": 4.5, ""max_positions"": 3, ""bonus_max_positions"": 0, ""consensus_primary_weight"": 2.0, ""consensus_entry_weight"": 1.5, ""consensus_confirm_weight"": 3.0, ""consensus_manage_weight"": 0.5, ""consensus_other_weight"": 1.0, ""trailing_start_r"": 2.5, ""trailing_atr_mult"": 2.0, ""stag_exit_minutes"": 180.0, ""partial_1r_ratio"": 0.05, ""early_be_r"": 0.5, ""signal_rev_ratio"": 0.5, ""tp_sl_ratio"": 1.2, ""sl_min_pips"": 8.0, ""range_day_bbw_threshold"": 0.25, ""range_day_score_premium"": 0.3, ""weak_hours_score_premium"": 0.5, ""sg_spread_penalty_rate"": 0.2, ""sg_off_hours_penalty"": 0.25, ""sg_volatility_penalty"": 0.05, ""sg_recent_loss_penalty"": 0.1}",5293,56.28,71.18,1.6,2296249.0,7.79,2.97,76.54,1.4754,70.1
p1_981c0a85,1,"{""timeframes"": [""M1"", ""M5"", ""M15"", ""H1"", ""H4"", ""D1""], ""regime_detection_tf"": ""H1"", ""htf_alignment_tfs"": [""H4"", ""D1""], ""consensus_threshold"": 5.0, ""max_positions"": 1, ""bonus_max_positions"": 0, ""consensus_primary_weight"": 2.0, ""consensus_entry_weight"": 1.5, ""consensus_confirm_weight"": 3.0, ""consensus_manage_weight"": 0.5, ""consensus_other_weight"": 1.0, ""trailing_start_r"": 2.5, ""trailing_atr_mult"": 2.0, ""stag_exit_minutes"": 180.0, ""partial_1r_ratio"": 0.05, ""early_be_r"": 0.5, ""signal_rev_ratio"": 0.5, ""tp_sl_ratio"": 1.2, ""sl_min_pips"": 8.0, ""range_day_bbw_threshold"": 0.25, ""range_day_score_premium"": 0.3, ""weak_hours_score_premium"": 0.5, ""sg_spread_penalty_rate"": 0.2, ""sg_off_hours_penalty"": 0.25, ""sg_volatility_penalty"": 0.05, ""sg_recent_loss_penalty"": 0.1}",2879,57.09,72.76,1.64,2065446.0,9.12,2.8,68.85,1.4904,73.9
p1_2d3a898b,1,"{""timeframes"": [""M1"", ""M5"", ""M15"", ""H1"", ""H4"", ""D1""], ""regime_detection_tf"": ""H1"", ""htf_alignment_tfs"": [""H4"", ""D1""], ""consensus_threshold"": 5.0, ""max_positions"": 2, ""bonus_max_positions"": 0, ""consensus_primary_weight"": 2.0, ""consensus_entry_weight"": 1.5, ""consensus_confirm_weight"": 3.0, ""consensus_manage_weight"": 0.5, ""consensus_other_weight"": 1.0, ""trailing_start_r"": 2.5, ""trailing_atr_mult"": 2.0, ""stag_exit_minutes"": 180.0, ""partial_1r_ratio"": 0.05, ""early_be_r"": 0.5, ""signal_rev_ratio"": 0.5, ""tp_sl_ratio"": 1.2, ""sl_min_pips"": 8.0, ""range_day_bbw_threshold"": 0.25, ""range_day_score_premium"": 0.3, ""weak_hours_score_premium"": 0.5, ""sg_spread_penalty_rate"": 0.2, ""sg_off_hours_penalty"": 0.25, ""sg_volatility_penalty"": 0.05, ""sg_recent_loss_penalty"": 0.1}",4391,56.07,71.32,1.61,2214378.0,7.12,2.95,73.81,1.4954,68.4
p1_f6af73df,1,"{""timeframes"": [""M1"", ""M5"", ""M15"", ""H1"", ""H4"", ""D1""], ""regime_detection_tf"": ""H1"", ""htf_alignment_tfs"": [""H4"", ""D1""], ""consensus_threshold"": 5.0, ""max_positions"": 3, ""bonus_max_positions"": 0, ""consensus_primary_weight"": 2.0, ""consensus_entry_weight"": 1.5, ""consensus_confirm_weight"": 3.0, ""consensus_manage_weight"": 0.5, ""consensus_other_weight"": 1.0, ""trailing_start_r"": 2.5, ""trailing_atr_mult"": 2.0, ""stag_exit_minutes"": 180.0, ""partial_1r_ratio"": 0.05, ""early_be_r"": 0.5, ""signal_rev_ratio"": 0.5, ""tp_sl_ratio"": 1.2, ""sl_min_pips"": 8.0, ""range_day_bbw_threshold"": 0.25, ""range_day_score_premium"": 0.3, ""weak_hours_score_premium"": 0.5, ""sg_spread_penalty_rate"": 0.2, ""sg_off_hours_penalty"": 0.25, ""sg_volatility_penalty"": 0.05, ""sg_recent_loss_penalty"": 0.1}",5328,56.45,71.42,1.61,2318888.0,7.48,3.08,77.3,1.4896,70.0
p1_8916021f,1,"{""timeframes"": [""M1"", ""M15"", ""H1"", ""H4"", ""D1""], ""regime_detection_tf"": ""H1"", ""htf_alignment_tfs"": [""H4"", ""D1""], ""consensus_threshold"": 2.0, ""max_positions"": 1, ""bonus_max_positions"": 0, ""consensus_primary_weight"": 2.0, ""consensus_entry_weight"": 1.5, ""consensus_confirm_weight"": 3.0, ""consensus_manage_weight"": 0.5, ""consensus_other_weight"": 1.0, ""trailing_start_r"": 2.5, ""trailing_atr_mult"": 2.0, ""stag_exit_minutes"": 180.0, ""partial_1r_ratio"": 0.05, ""early_be_r"": 0.5, ""signal_rev_ratio"": 0.5, ""tp_sl_ratio"": 1.2, ""sl_min_pips"": 8.0, ""range_day_bbw_threshold"": 0.25, ""range_day_score_premium"": 0.3, ""weak_hours_score_premium"": 0.5, ""sg_spread_penalty_rate"": 0.2, ""sg_off_hours_penalty"": 0.25, ""sg_volatility_penalty"": 0.05, ""sg_recent_loss_penalty"": 0.1}",1768,57.59,67.78,1.79,907546.0,2.76,3.33,30.25,1.7406,65.0
p1_355e00ad,1,"{""timeframes"": [""M1"", ""M15"", ""H1"", ""H4"", ""D1""], ""regime_detection_tf"": ""H1"", ""htf_alignment_tfs"": [""H4"", ""D1""], ""consensus_threshold"": 2.0, ""max_positions"": 2, ""bonus_max_positions"": 0, ""consensus_primary_weight"": 2.0, ""consensus_entry_weight"": 1.5, ""consensus_confirm_weight"": 3.0, ""consensus_manage_weight"": 0.5, ""consensus_other_weight"": 1.0, ""trailing_start_r"": 2.5, ""trailing_atr_mult"": 2.0, ""stag_exit_minutes"": 180.0, ""partial_1r_ratio"": 0.05, ""early_be_r"": 0.5, ""signal_rev_ratio"": 0.5, ""tp_sl_ratio"": 1.2, ""sl_min_pips"": 8.0, ""range_day_bbw_threshold"": 0.25, ""range_day_score_premium"": 0.3, ""weak_hours_score_premium"": 0.5, ""sg_spread_penalty_rate"": 0.2, ""sg_off_hours_penalty"": 0.25, ""sg_volatility_penalty"": 0.05, ""sg_recent_loss_penalty"": 0.1}",3138,57.92,68.33,1.88,1756012.0,4.85,3.55,58.53,1.7888,47.7
p1_1b92054e,1,"{""timeframes"": [""M1"", ""M15"", ""H1"", ""H4"", ""D1""], ""regime_detection_tf"": ""H1"", ""htf_alignment_tfs"": [""H4"", ""D1""], ""consensus_threshold"": 2.0, ""max_positions"": 3, ""bonus_max_positions"": 0, ""consensus_primary_weight"": 2.0, ""consensus_entry_weight"": 1.5, ""consensus_confirm_weight"": 3.0, ""consensus_manage_weight"": 0.5, ""consensus_other_weight"": 1.0, ""trailing_start_r"": 2.5, ""trailing_atr_mult"": 2.0, ""stag_exit_minutes"": 180.0, ""partial_1r_ratio"": 0.05, ""early_be_r"": 0.5, ""signal_rev_ratio"": 0.5, ""tp_sl_ratio"": 1.2, ""sl_min_pips"": 8.0, ""range_day_bbw_threshold"": 0.25, ""range_day_score_premium"": 0.3, ""weak_hours_score_premium"": 0.5, ""sg_spread_penalty_rate"": 0.2, ""sg_off_hours_penalty"": 0.25, ""sg_volatility_penalty"": 0.05, ""sg_recent_loss_penalty"": 0.1}",4079,58.12,68.26,1.94,2214907.0,5.13,3.71,73.83,1.8405,46.8
p1_274fda82,1,"{""timeframes"": [""M1"", ""M15"", ""H1"", ""H4"", ""D1""], ""regime_detection_tf"": ""H1"", ""htf_alignment_tfs"": [""H4"", ""D1""], ""consensus_threshold"": 2.5, ""max_positions"": 1, ""bonus_max_positions"": 0, ""consensus_primary_weight"": 2.0, ""consensus_entry_weight"": 1.5, ""consensus_confirm_weight"": 3.0, ""consensus_manage_weight"": 0.5, ""consensus_other_weight"": 1.0, ""trailing_start_r"": 2.5, ""trailing_atr_mult"": 2.0, ""stag_exit_minutes"": 180.0, ""partial_1r_ratio"": 0.05, ""early_be_r"": 0.5, ""signal_rev_ratio"": 0.5, ""tp_sl_ratio"": 1.2, ""sl_min_pips"": 8.0, ""range_day_bbw_threshold"": 0.25, ""range_day_score_premium"": 0.3, ""weak_hours_score_premium"": 0.5, ""sg_spread_penalty_rate"": 0.2, ""sg_off_hours_penalty"": 0.25, ""sg_volatility_penalty"": 0.05, ""sg_recent_loss_penalty"": 0.1}",1734,58.15,68.02,1.85,917212.0,2.8,3.48,30.57,1.7982,48.0
p1_c264a839,1,"{""timeframes"": [""M1"", ""M15"", ""H1"", ""H4"", ""D1""], ""regime_detection_tf"": ""H1"", ""htf_alignment_tfs"": [""H4"", ""D1""], ""consensus_threshold"": 2.5, ""max_positions"": 2, ""bonus_max_positions"": 0, ""consensus_primary_weight"": 2.0, ""consensus_entry_weight"": 1.5, ""consensus_confirm_weight"": 3.0, ""consensus_manage_weight"": 0.5, ""consensus_other_weight"": 1.0, ""trailing_start_r"": 2.5, ""trailing_atr_mult"": 2.0, ""stag_exit_minutes"": 180.0, ""partial_1r_ratio"": 0.05, ""early_be_r"": 0.5, ""signal_rev_ratio"": 0.5, ""tp_sl_ratio"": 1.2, ""sl_min_pips"": 8.0, ""range_day_bbw_threshold"": 0.25, ""range_day_score_premium"": 0.3, ""weak_hours_score_premium"": 0.5, ""sg_spread_penalty_rate"": 0.2, ""sg_off_hours_penalty"": 0.25, ""sg_volatility_penalty"": 0.05, ""sg_recent_loss_penalty"": 0.1}",3100,58.56,68.81,2.01,1836029.0,5.12,3.83,61.2,1.9071,48.6
p1_65a0510d,1,"{""timeframes"": [""M1"", ""M15"", ""H1"", ""H4"", ""D1""], ""regime_detection_tf"": ""H1"", ""htf_alignment_tfs"": [""H4"", ""D1""], ""consensus_threshold"": 2.5, ""max_positions"": 3, ""bonus_max_positions"": 0, ""consensus_primary_weight"": 2.0, ""consensus_entry_weight"": 1.5, ""consensus_confirm_weight"": 3.0, ""consensus_manage_weight"": 0.5, ""consensus_other_weight"": 1.0, ""trailing_start_r"": 2.5, ""trailing_atr_mult"": 2.0, ""stag_exit_minutes"": 180.0, ""partial_1r_ratio"": 0.05, ""early_be_r"": 0.5, ""signal_rev_ratio"": 0.5, ""tp_sl_ratio"": 1.2, ""sl_min_pips"": 8.0, ""range_day_bbw_threshold"": 0.25, ""range_day_score_premium"": 0.3, ""weak_hours_score_premium"": 0.5, ""sg_spread_penalty_rate"": 0.2, ""sg_off_hours_penalty"": 0.25, ""sg_volatility_penalty"": 0.05, ""sg_recent_loss_penalty"": 0.1}",4051,58.68,68.74,2.01,2243762.0,5.33,3.9,74.79,1.9029,47.7
p1_648048be,1,"{""timeframes"": [""M1"", ""M15"", ""H1"", ""H4"", ""D1""], ""regime_detection_tf"": ""H1"", ""htf_alignment_tfs"": [""H4"", ""D1""], ""consensus_threshold"": 3.0, ""max_positions"": 1, ""bonus_max_positions"": 0, ""consensus_primary_weight"": 2.0, ""consensus_entry_weight"": 1.5, ""consensus_confirm_weight"": 3.0, ""consensus_manage_weight"": 0.5, ""consensus_other_weight"": 1.0, ""trailing_start_r"": 2.5, ""trailing_atr_mult"": 2.0, ""stag_exit_minutes"": 180.0, ""partial_1r_ratio"": 0.05, ""early_be_r"": 0.5, ""signal_rev_ratio"": 0.5, ""tp_sl_ratio"": 1.2, ""sl_min_pips"": 8.0, ""range_day_bbw_threshold"": 0.25, ""range_day_score_premium"": 0.3, ""weak_hours_score_premium"": 0.5, ""sg_spread_penalty_rate"": 0.2, ""sg_off_hours_penalty"": 0.25, ""sg_volatility_penalty"": 0.05, ""sg_recent_loss_penalty"": 0.1}",1681,59.02,69.26,1.99,958868.0,2.65,3.77,31.96,1.9373,50.4
p1_8fefc6f9,1,"{""timeframes"": [""M1"", ""M15"", ""H1"", ""H4"", ""D1""], ""regime_detection_tf"": ""H1"", ""htf_alignment_tfs"": [""H4"", ""D1""], ""consensus_threshold"": 3.0, ""max_positions"": 2, ""bonus_max_positions"": 0, ""consensus_primary_weight"": 2.0, ""consensus_entry_weight"": 1.5, ""consensus_confirm_weight"": 3.0, ""consensus_manage_weight"": 0.5, ""consensus_other_weight"": 1.0, ""trailing_start_r"": 2.5, ""trailing_atr_mult"": 2.0, ""stag_exit_minutes"": 180.0, ""partial_1r_ratio"": 0.05, ""early_be_r"": 0.5, ""signal_rev_ratio"": 0.5, ""tp_sl_ratio"": 1.2, ""sl_min_pips"": 8.0, ""range_day_bbw_threshold"": 0.25, ""range_day_score_premium"": 0.3, ""weak_hours_score_premium"": 0.5, ""sg_spread_penalty_rate"": 0.2, ""sg_off_hours_penalty"": 0.25, ""sg_volatility_penalty"": 0.05, ""sg_recent_loss_penalty"": 0.1}",2999,59.26,69.67,2.07,1809244.0,5.42,3.97,60.31,1.9578,49.8
p1_abec10ce,1,"{""timeframes"": [""M1"", ""M15"", ""H1"", ""H4"", ""D1""], ""regime_detection_tf"": ""H1"", ""htf_alignment_tfs"": [""H4"", ""D1""], ""consensus_threshold"": 3.0, ""max_positions"": 3, ""bonus_max_positions"": 0, ""consensus_primary_weight"": 2.0, ""consensus_entry_weight"": 1.5, ""consensus_confirm_weight"": 3.0, ""consensus_manage_weight"": 0.5, ""consensus_other_weight"": 1.0, ""trailing_start_r"": 2.5, ""trailing_atr_mult"": 2.0, ""stag_exit_minutes"": 180.0, ""partial_1r_ratio"": 0.05, ""early_be_r"": 0.5, ""signal_rev_ratio"": 0.5, ""tp_sl_ratio"": 1.2, ""sl_min_pips"": 8.0, ""range_day_bbw_threshold"": 0.25, ""range_day_score_premium"": 0.3, ""weak_hours_score_premium"": 0.5, ""sg_spread_penalty_rate"": 0.2, ""sg_off_hours_penalty"": 0.25, ""sg_volatility_penalty"": 0.05, ""sg_recent_loss_penalty"": 0.1}",3886,59.42,69.63,2.07,2169344.0,5.12,3.93,72.31,1.964,52.5
p1_74f34696,1,"{""timeframes"": [""M1"", ""M15"", ""H1"", ""H4"", ""D1""], ""regime_detection_tf"": ""H1"", ""htf_alignment_tfs"": [""H4"", ""D1""], ""consensus_threshold"": 3.5, ""max_positions"": 1, ""bonus_max_positions"": 0, ""consensus_primary_weight"": 2.0, ""consensus_entry_weight"": 1.5, ""consensus_confirm_weight"": 3.0, ""consensus_manage_weight"": 0.5, ""consensus_other_weight"": 1.0, ""trailing_start_r"": 2.5, ""trailing_atr_mult"": 2.0, ""stag_exit_minutes"": 180.0, ""partial_1r_ratio"": 0.05, ""early_be_r"": 0.5, ""signal_rev_ratio"": 0.5, ""tp_sl_ratio"": 1.2, ""sl_min_pips"": 8.0, ""range_day_bbw_threshold"": 0.25, ""range_day_score_premium"": 0.3, ""weak_hours_score_premium"": 0.5, ""sg_spread_penalty_rate"": 0.2, ""sg_off_hours_penalty"": 0.25, ""sg_volatility_penalty"": 0.05, ""sg_recent_loss_penalty"": 0.1}",1605,60.67,71.09,2.25,1064520.0,2.52,4.16,35.48,2.1933,72.6
p1_7520f8c3,1,"{""timeframes"": [""M1"", ""M15"", ""H1"", ""H4"", ""D1""], ""regime_detection_tf"": ""H1"", ""htf_alignment_tfs"": [""H4"", ""D1""], ""consensus_threshold"": 3.5, ""max_positions"": 2, ""bonus_max_positions"": 0, ""consensus_primary_weight"": 2.0, ""consensus_entry_weight"": 1.5, ""consensus_confirm_weight"": 3.0, ""consensus_manage_weight"": 0.5, ""consensus_other_weight"": 1.0, ""trailing_start_r"": 2.5, ""trailing_atr_mult"": 2.0, ""stag_exit_minutes"": 180.0, ""partial_1r_ratio"": 0.05, ""early_be_r"": 0.5, ""signal_rev_ratio"": 0.5, ""tp_sl_ratio"": 1.2, ""sl_min_pips"": 8.0, ""range_day_bbw_threshold"": 0.25, ""range_day_score_premium"": 0.3, ""weak_hours_score_premium"": 0.5, ""sg_spread_penalty_rate"": 0.2, ""sg_off_hours_penalty"": 0.25, ""sg_volatility_penalty"": 0.05, ""sg_recent_loss_penalty"": 0.1}",2844,60.82,71.08,2.23,1850605.0,4.42,4.14,61.69,2.1314,51.8
p1_f309627e,1,"{""timeframes"": [""M1"", ""M15"", ""H1"", ""H4"", ""D1""], ""regime_detection_tf"": ""H1"", ""htf_alignment_tfs"": [""H4"", ""D1""], ""consensus_threshold"": 3.5, ""max_positions"": 3, ""bonus_max_positions"": 0, ""consensus_primary_weight"": 2.0, ""consensus_entry_weight"": 1.5, ""consensus_confirm_weight"": 3.0, ""consensus_manage_weight"": 0.5, ""consensus_other_weight"": 1.0, ""trailing_start_r"": 2.5, ""trailing_atr_mult"": 2.0, ""stag_exit_minutes"": 180.0, ""partial_1r_ratio"": 0.05, ""early_be_r"": 0.5, ""signal_rev_ratio"": 0.5, ""tp_sl_ratio"": 1.2, ""sl_min_pips"": 8.0, ""range_day_bbw_threshold"": 0.25, ""range_day_score_premium"": 0.3, ""weak_hours_score_premium"": 0.5, ""sg_spread_penalty_rate"": 0.2, ""sg_off_hours_penalty"": 0.25, ""sg_volatility_penalty"": 0.05, ""sg_recent_loss_penalty"": 0.1}",3783,60.51,70.74,2.24,2354929.0,4.64,4.11,78.5,2.1361,50.0
p1_2a4fb146,1,"{""timeframes"": [""M1"", ""M15"", ""H1"", ""H4"", ""D1""], ""regime_detection_tf"": ""H1"", ""htf_alignment_tfs"": [""H4"", ""D1""], ""consensus_threshold"": 4.0, ""max_positions"": 1, ""bonus_max_positions"": 0, ""consensus_primary_weight"": 2.0, ""consensus_entry_weight"": 1.5, ""consensus_confirm_weight"": 3.0, ""consensus_manage_weight"": 0.5, ""consensus_other_weight"": 1.0, ""trailing_start_r"": 2.5, ""trailing_atr_mult"": 2.0, ""stag_exit_minutes"": 180.0, ""partial_1r_ratio"": 0.05, ""early_be_r"": 0.5, ""signal_rev_ratio"": 0.5, ""tp_sl_ratio"": 1.2, ""sl_min_pips"": 8.0, ""range_day_bbw_threshold"": 0.25, ""range_day_score_premium"": 0.3, ""weak_hours_score_premium"": 0.5, ""sg_spread_penalty_rate"": 0.2, ""sg_off_hours_penalty"": 0.25, ""sg_volatility_penalty"": 0.05, ""sg_recent_loss_penalty"": 0.1}",1542,61.92,72.12,2.33,998872.0,2.5,4.2,33.3,2.2717,49.7
p1_0f88f477,1,"{""timeframes"": [""M1"", ""M15"", ""H1"", ""H4"", ""D1""], ""regime_detection_tf"": ""H1"", ""htf_alignment_tfs"": [""H4"", ""D1""], ""consensus_threshold"": 4.0, ""max_positions"": 2, ""bonus_max_positions"": 0, ""consensus_primary_weight"": 2.0, ""consensus_entry_weight"": 1.5, ""consensus_confirm_weight"": 3.0, ""consensus_manage_weight"": 0.5, ""consensus_other_weight"": 1.0, ""trailing_start_r"": 2.5, ""trailing_atr_mult"": 2.0, ""stag_exit_minutes"": 180.0, ""partial_1r_ratio"": 0.05, ""early_be_r"": 0.5, ""signal_rev_ratio"": 0.5, ""tp_sl_ratio"": 1.2, ""sl_min_pips"": 8.0, ""range_day_bbw_threshold"": 0.25, ""range_day_score_premium"": 0.3, ""weak_hours_score_premium"": 0.5, ""sg_spread_penalty_rate"": 0.2, ""sg_off_hours_penalty"": 0.25, ""sg_volatility_penalty"": 0.05, ""sg_recent_loss_penalty"": 0.1}",2756,62.4,72.55,2.43,1913684.0,3.94,4.45,63.79,2.3343,53.1
p1_1c5084a0,1,"{""timeframes"": [""M1"", ""M15"", ""H1"", ""H4"", ""D1""], ""regime_detection_tf"": ""H1"", ""htf_alignment_tfs"": [""H4"", ""D1""], ""consensus_threshold"": 4.0, ""max_positions"": 3, ""bonus_max_positions"": 0, ""consensus_primary_weight"": 2.0, ""consensus_entry_weight"": 1.5, ""consensus_confirm_weight"": 3.0, ""consensus_manage_weight"": 0.5, ""consensus_other_weight"": 1.0, ""trailing_start_r"": 2.5, ""trailing_atr_mult"": 2.0, ""stag_exit_minutes"": 180.0, ""partial_1r_ratio"": 0.05, ""early_be_r"": 0.5, ""signal_rev_ratio"": 0.5, ""tp_sl_ratio"": 1.2, ""sl_min_pips"": 8.0, ""range_day_bbw_threshold"": 0.25, ""range_day_score_premium"": 0.3, ""weak_hours_score_premium"": 0.5, ""sg_spread_penalty_rate"": 0.2, ""sg_off_hours_penalty"": 0.25, ""sg_volatility_penalty"": 0.05, ""sg_recent_loss_penalty"": 0.1}",3567,61.76,71.63,2.37,2298052.0,4.17,4.27,76.6,2.2712,51.1
p1_b30a0aed,1,"{""timeframes"": [""M1"", ""M15"", ""H1"", ""H4"", ""D1""], ""regime_detection_tf"": ""H1"", ""htf_alignment_tfs"": [""H4"", ""D1""], ""consensus_threshold"": 4.5, ""max_positions"": 1, ""bonus_max_positions"": 0, ""consensus_primary_weight"": 2.0, ""consensus_entry_weight"": 1.5, ""consensus_confirm_weight"": 3.0, ""consensus_manage_weight"": 0.5, ""consensus_other_weight"": 1.0, ""trailing_start_r"": 2.5, ""trailing_atr_mult"": 2.0, ""stag_exit_minutes"": 180.0, ""partial_1r_ratio"": 0.05, ""early_be_r"": 0.5, ""signal_rev_ratio"": 0.5, ""tp_sl_ratio"": 1.2, ""sl_min_pips"": 8.0, ""range_day_bbw_threshold"": 0.25, ""range_day_score_premium"": 0.3, ""weak_hours_score_premium"": 0.5, ""sg_spread_penalty_rate"": 0.2, ""sg_off_hours_penalty"": 0.25, ""sg_volatility_penalty"": 0.05, ""sg_recent_loss_penalty"": 0.1}",1510,62.88,72.83,2.38,962625.0,1.95,4.29,32.09,2.3336,73.5
p1_d3b9cd1d,1,"{""timeframes"": [""M1"", ""M15"", ""H1"", ""H4"", ""D1""], ""regime_detection_tf"": ""H1"", ""htf_alignment_tfs"": [""H4"", ""D1""], ""consensus_threshold"": 4.5, ""max_positions"": 2, ""bonus_max_positions"": 0, ""consensus_primary_weight"": 2.0, ""consensus_entry_weight"": 1.5, ""consensus_confirm_weight"": 3.0, ""consensus_manage_weight"": 0.5, ""consensus_other_weight"": 1.0, ""trailing_start_r"": 2.5, ""trailing_atr_mult"": 2.0, ""stag_exit_minutes"": 180.0, ""partial_1r_ratio"": 0.05, ""early_be_r"": 0.5, ""signal_rev_ratio"": 0.5, ""tp_sl_ratio"": 1.2, ""sl_min_pips"": 8.0, ""range_day_bbw_threshold"": 0.25, ""range_day_score_premium"": 0.3, ""weak_hours_score_premium"": 0.5, ""sg_spread_penalty_rate"": 0.2, ""sg_off_hours_penalty"": 0.25, ""sg_volatility_penalty"": 0.05, ""sg_recent_loss_penalty"": 0.1}",2663,63.15,73.16,2.49,1813814.0,3.29,4.47,60.46,2.4081,74.8
p1_34c5d47c,1,"{""timeframes"": [""M1"", ""M15"", ""H1"", ""H4"", ""D1""], ""regime_detection_tf"": ""H1"", ""htf_alignment_tfs"": [""H4"", ""D1""], ""consensus_threshold"": 4.5, ""max_positions"": 3, ""bonus_max_positions"": 0, ""consensus_primary_weight"": 2.0, ""consensus_entry_weight"": 1.5, ""consensus_confirm_weight"": 3.0, ""consensus_manage_weight"": 0.5, ""consensus_other_weight"": 1.0, ""trailing_start_r"": 2.5, ""trailing_atr_mult"": 2.0, ""stag_exit_minutes"": 180.0, ""partial_1r_ratio"": 0.05, ""early_be_r"": 0.5, ""signal_rev_ratio"": 0.5, ""tp_sl_ratio"": 1.2, ""sl_min_pips"": 8.0, ""range_day_bbw_threshold"": 0.25, ""range_day_score_premium"": 0.3, ""weak_hours_score_premium"": 0.5, ""sg_spread_penalty_rate"": 0.2, ""sg_off_hours_penalty"": 0.25, ""sg_volatility_penalty"": 0.05, ""sg_recent_loss_penalty"": 0.1}",3495,62.72,72.36,2.46,2255535.0,3.62,4.39,75.18,2.3709,74.4
p1_f20393bf,1,"{""timeframes"": [""M1"", ""M15"", ""H1"", ""H4"", ""D1""], ""regime_detection_tf"": ""H1"", ""htf_alignment_tfs"": [""H4"", ""D1""], ""consensus_threshold"": 5.0, ""max_positions"": 1, ""bonus_max_positions"": 0, ""consensus_primary_weight"": 2.0, ""consensus_entry_weight"": 1.5, ""consensus_confirm_weight"": 3.0, ""consensus_manage_weight"": 0.5, ""consensus_other_weight"": 1.0, ""trailing_start_r"": 2.5, ""trailing_atr_mult"": 2.0, ""stag_exit_minutes"": 180.0, ""partial_1r_ratio"": 0.05, ""early_be_r"": 0.5, ""signal_rev_ratio"": 0.5, ""tp_sl_ratio"": 1.2, ""sl_min_pips"": 8.0, ""range_day_bbw_threshold"": 0.25, ""range_day_score_premium"": 0.3, ""weak_hours_score_premium"": 0.5, ""sg_spread_penalty_rate"": 0.2, ""sg_off_hours_penalty"": 0.25, ""sg_volatility_penalty"": 0.05, ""sg_recent_loss_penalty"": 0.1}",1424,62.79,72.72,2.46,908688.0,1.89,4.39,30.29,2.4135,73.8
p1_3fb8adfe,1,"{""timeframes"": [""M1"", ""M15"", ""H1"", ""H4"", ""D1""], ""regime_detection_tf"": ""H1"", ""htf_alignment_tfs"": [""H4"", ""D1""], ""consensus_threshold"": 5.0, ""max_positions"": 2, ""bonus_max_positions"": 0, ""consensus_primary_weight"": 2.0, ""consensus_entry_weight"": 1.5, ""consensus_confirm_weight"": 3.0, ""consensus_manage_weight"": 0.5, ""consensus_other_weight"": 1.0, ""trailing_start_r"": 2.5, ""trailing_atr_mult"": 2.0, ""stag_exit_minutes"": 180.0, ""partial_1r_ratio"": 0.05, ""early_be_r"": 0.5, ""signal_rev_ratio"": 0.5, ""tp_sl_ratio"": 1.2, ""sl_min_pips"": 8.0, ""range_day_bbw_threshold"": 0.25, ""range_day_score_premium"": 0.3, ""weak_hours_score_premium"": 0.5, ""sg_spread_penalty_rate"": 0.2, ""sg_off_hours_penalty"": 0.25, ""sg_volatility_penalty"": 0.05, ""sg_recent_loss_penalty"": 0.1}",2542,63.94,73.97,2.72,1835680.0,2.83,4.68,61.19,2.643,74.2
p1_c02758c5,1,"{""timeframes"": [""M1"", ""M15"", ""H1"", ""H4"", ""D1""], ""regime_detection_tf"": ""H1"", ""htf_alignment_tfs"": [""H4"", ""D1""], ""consensus_threshold"": 5.0, ""max_positions"": 3, ""bonus_max_positions"": 0, ""consensus_primary_weight"": 2.0, ""consensus_entry_weight"": 1.5, ""consensus_confirm_weight"": 3.0, ""consensus_manage_weight"": 0.5, ""consensus_other_weight"": 1.0, ""trailing_start_r"": 2.5, ""trailing_atr_mult"": 2.0, ""stag_exit_minutes"": 180.0, ""partial_1r_ratio"": 0.05, ""early_be_r"": 0.5, ""signal_rev_ratio"": 0.5, ""tp_sl_ratio"": 1.2, ""sl_min_pips"": 8.0, ""range_day_bbw_threshold"": 0.25, ""range_day_score_premium"": 0.3, ""weak_hours_score_premium"": 0.5, ""sg_spread_penalty_rate"": 0.2, ""sg_off_hours_penalty"": 0.25, ""sg_volatility_penalty"": 0.05, ""sg_recent_loss_penalty"": 0.1}",3324,63.71,73.33,2.8,2429861.0,3.27,4.73,81.0,2.7084,52.9
p1_ac879b8d,1,"{""timeframes"": [""M1"", ""M5"", ""M15"", ""M30"", ""H1"", ""H4""], ""regime_detection_tf"": ""H1"", ""htf_alignment_tfs"": [""H4""], ""consensus_threshold"": 2.0, ""max_positions"": 1, ""bonus_max_positions"": 0, ""consensus_primary_weight"": 2.0, ""consensus_entry_weight"": 1.5, ""consensus_confirm_weight"": 3.0, ""consensus_manage_weight"": 0.5, ""consensus_other_weight"": 1.0, ""trailing_start_r"": 2.5, ""trailing_atr_mult"": 2.0, ""stag_exit_minutes"": 180.0, ""partial_1r_ratio"": 0.05, ""early_be_r"": 0.5, ""signal_rev_ratio"": 0.5, ""tp_sl_ratio"": 1.2, ""sl_min_pips"": 8.0, ""range_day_bbw_threshold"": 0.25, ""range_day_score_premium"": 0.3, ""weak_hours_score_premium"": 0.5, ""sg_spread_penalty_rate"": 0.2, ""sg_off_hours_penalty"": 0.25, ""sg_volatility_penalty"": 0.05, ""sg_recent_loss_penalty"": 0.1}",3171,57.71,73.37,1.57,2318262.0,7.6,2.72,77.28,1.4507,76.7
p1_96a10042,1,"{""timeframes"": [""M1"", ""M5"", ""M15"", ""M30"", ""H1"", ""H4""], ""regime_detection_tf"": ""H1"", ""htf_alignment_tfs"": [""H4""], ""consensus_threshold"": 2.0, ""max_positions"": 2, ""bonus_max_positions"": 0, ""consensus_primary_weight"": 2.0, ""consensus_entry_weight"": 1.5, ""consensus_confirm_weight"": 3.0, ""consensus_manage_weight"": 0.5, ""consensus_other_weight"": 1.0, ""trailing_start_r"": 2.5, ""trailing_atr_mult"": 2.0, ""stag_exit_minutes"": 180.0, ""partial_1r_ratio"": 0.05, ""early_be_r"": 0.5, ""signal_rev_ratio"": 0.5, ""tp_sl_ratio"": 1.2, ""sl_min_pips"": 8.0, ""range_day_bbw_threshold"": 0.25, ""range_day_score_premium"": 0.3, ""weak_hours_score_premium"": 0.5, ""sg_spread_penalty_rate"": 0.2, ""sg_off_hours_penalty"": 0.25, ""sg_volatility_penalty"": 0.05, ""sg_recent_loss_penalty"": 0.1}",4650,56.98,72.86,1.65,2822170.0,7.98,2.84,94.07,1.5183,71.5
p1_9230df9a,1,"{""timeframes"": [""M1"", ""M5"", ""M15"", ""M30"", ""H1"", ""H4""], ""regime_detection_tf"": ""H1"", ""htf_alignment_tfs"": [""H4""], ""consensus_threshold"": 2.0, ""max_positions"": 3, ""bonus_max_positions"": 0, ""consensus_primary_weight"": 2.0, ""consensus_entry_weight"": 1.5, ""consensus_confirm_weight"": 3.0, ""consensus_manage_weight"": 0.5, ""consensus_other_weight"": 1.0, ""trailing_start_r"": 2.5, ""trailing_atr_mult"": 2.0, ""stag_exit_minutes"": 180.0, ""partial_1r_ratio"": 0.05, ""early_be_r"": 0.5, ""signal_rev_ratio"": 0.5, ""tp_sl_ratio"": 1.2, ""sl_min_pips"": 8.0, ""range_day_bbw_threshold"": 0.25, ""range_day_score_premium"": 0.3, ""weak_hours_score_premium"": 0.5, ""sg_spread_penalty_rate"": 0.2, ""sg_off_hours_penalty"": 0.25, ""sg_volatility_penalty"": 0.05, ""sg_recent_loss_penalty"": 0.1}",5571,57.14,73.14,1.71,3110667.0,9.57,3.1,103.69,1.5464,69.5
p1_42440f7f,1,"{""timeframes"": [""M1"", ""M5"", ""M15"", ""M30"", ""H1"", ""H4""], ""regime_detection_tf"": ""H1"", ""htf_alignment_tfs"": [""H4""], ""consensus_threshold"": 2.5, ""max_positions"": 1, ""bonus_max_positions"": 0, ""consensus_primary_weight"": 2.0, ""consensus_entry_weight"": 1.5, ""consensus_confirm_weight"": 3.0, ""consensus_manage_weight"": 0.5, ""consensus_other_weight"": 1.0, ""trailing_start_r"": 2.5, ""trailing_atr_mult"": 2.0, ""stag_exit_minutes"": 180.0, ""partial_1r_ratio"": 0.05, ""early_be_r"": 0.5, ""signal_rev_ratio"": 0.5, ""tp_sl_ratio"": 1.2, ""sl_min_pips"": 8.0, ""range_day_bbw_threshold"": 0.25, ""range_day_score_premium"": 0.3, ""weak_hours_score_premium"": 0.5, ""sg_spread_penalty_rate"": 0.2, ""sg_off_hours_penalty"": 0.25, ""sg_volatility_penalty"": 0.05, ""sg_recent_loss_penalty"": 0.1}",3178,57.77,73.65,1.57,2338158.0,7.96,2.75,77.94,1.445,75.3
p1_36e1072c,1,"{""timeframes"": [""M1"", ""M5"", ""M15"", ""M30"", ""H1"", ""H4""], ""regime_detection_tf"": ""H1"", ""htf_alignment_tfs"": [""H4""], ""consensus_threshold"": 2.5, ""max_positions"": 2, ""bonus_max_positions"": 0, ""consensus_primary_weight"": 2.0, ""consensus_entry_weight"": 1.5, ""consensus_confirm_weight"": 3.0, ""consensus_manage_weight"": 0.5, ""consensus_other_weight"": 1.0, ""trailing_start_r"": 2.5, ""trailing_atr_mult"": 2.0, ""stag_exit_minutes"": 180.0, ""partial_1r_ratio"": 0.05, ""early_be_r"": 0.5, ""signal_rev_ratio"": 0.5, ""tp_sl_ratio"": 1.2, ""sl_min_pips"": 8.0, ""range_day_bbw_threshold"": 0.25, ""range_day_score_premium"": 0.3, ""weak_hours_score_premium"": 0.5, ""sg_spread_penalty_rate"": 0.2, ""sg_off_hours_penalty"": 0.25, ""sg_volatility_penalty"": 0.05, ""sg_recent_loss_penalty"": 0.1}",4645,56.88,73.07,1.67,2885361.0,7.67,2.88,96.18,1.5419,65.0
p1_dce49c33,1,"{""timeframes"": [""M1"", ""M5"", ""M15"", ""M30"", ""H1"", ""H4""], ""regime_detection_tf"": ""H1"", ""htf_alignment_tfs"": [""H4""], ""consensus_threshold"": 2.5, ""max_positions"": 3, ""bonus_max_positions"": 0, ""consensus_primary_weight"": 2.0, ""consensus_entry_weight"": 1.5, ""consensus_confirm_weight"": 3.0, ""consensus_manage_weight"": 0.5, ""consensus_other_weight"": 1.0, ""trailing_start_r"": 2.5, ""trailing_atr_mult"": 2.0, ""stag_exit_minutes"": 180.0, ""partial_1r_ratio"": 0.05, ""early_be_r"": 0.5, ""signal_rev_ratio"": 0.5, ""tp_sl_ratio"": 1.2, ""sl_min_pips"": 8.0, ""range_day_bbw_threshold"": 0.25, ""range_day_score_premium"": 0.3, ""weak_hours_score_premium"": 0.5, ""sg_spread_penalty_rate"": 0.2, ""sg_off_hours_penalty"": 0.25, ""sg_volatility_penalty"": 0.05, ""sg_recent_loss_penalty"": 0.1}",5524,56.71,73.02,1.69,3029493.0,9.34,2.99,100.98,1.5322,65.7
p1_2209cce0,1,"{""timeframes"": [""M1"", ""M5"", ""M15"", ""M30"", ""H1"", ""H4""], ""regime_detection_tf"": ""H1"", ""htf_alignment_tfs"": [""H4""], ""consensus_threshold"": 3.0, ""max_positions"": 1, ""bonus_max_positions"": 0, ""consensus_primary_weight"": 2.0, ""consensus_entry_weight"": 1.5, ""consensus_confirm_weight"": 3.0, ""consensus_manage_weight"": 0.5, ""consensus_other_weight"": 1.0, ""trailing_start_r"": 2.5, ""trailing_atr_mult"": 2.0, ""stag_exit_minutes"": 180.0, ""partial_1r_ratio"": 0.05, ""early_be_r"": 0.5, ""signal_rev_ratio"": 0.5, ""tp_sl_ratio"": 1.2, ""sl_min_pips"": 8.0, ""range_day_bbw_threshold"": 0.25, ""range_day_score_premium"": 0.3, ""weak_hours_score_premium"": 0.5, ""sg_spread_penalty_rate"": 0.2, ""sg_off_hours_penalty"": 0.25, ""sg_volatility_penalty"": 0.05, ""sg_recent_loss_penalty"": 0.1}",3173,58.04,73.82,1.6,2436054.0,8.29,2.82,81.2,1.4674,73.3
p1_6b8a648c,1,"{""timeframes"": [""M1"", ""M5"", ""M15"", ""M30"", ""H1"", ""H4""], ""regime_detection_tf"": ""H1"", ""htf_alignment_tfs"": [""H4""], ""consensus_threshold"": 3.0, ""max_positions"": 2, ""bonus_max_positions"": 0, ""consensus_primary_weight"": 2.0, ""consensus_entry_weight"": 1.5, ""consensus_confirm_weight"": 3.0, ""consensus_manage_weight"": 0.5, ""consensus_other_weight"": 1.0, ""trailing_start_r"": 2.5, ""trailing_atr_mult"": 2.0, ""stag_exit_minutes"": 180.0, ""partial_1r_ratio"": 0.05, ""early_be_r"": 0.5, ""signal_rev_ratio"": 0.5, ""tp_sl_ratio"": 1.2, ""sl_min_pips"": 8.0, ""range_day_bbw_threshold"": 0.25, ""range_day_score_premium"": 0.3, ""weak_hours_score_premium"": 0.5, ""sg_spread_penalty_rate"": 0.2, ""sg_off_hours_penalty"": 0.25, ""sg_volatility_penalty"": 0.05, ""sg_recent_loss_penalty"": 0.1}",4578,56.77,72.93,1.64,2716284.0,7.51,2.72,90.54,1.5168,68.9
p1_3c170db7,1,"{""timeframes"": [""M1"", ""M5"", ""M15"", ""M30"", ""H1"", ""H4""], ""regime_detection_tf"": ""H1"", ""htf_alignment_tfs"": [""H4""], ""consensus_threshold"": 3.0, ""max_positions"": 3, ""bonus_max_positions"": 0, ""consensus_primary_weight"": 2.0, ""consensus_entry_weight"": 1.5, ""consensus_confirm_weight"": 3.0, ""consensus_manage_weight"": 0.5, ""consensus_other_weight"": 1.0, ""trailing_start_r"": 2.5, ""trailing_atr_mult"": 2.0, ""stag_exit_minutes"": 180.0, ""partial_1r_ratio"": 0.05, ""early_be_r"": 0.5, ""signal_rev_ratio"": 0.5, ""tp_sl_ratio"": 1.2, ""sl_min_pips"": 8.0, ""range_day_bbw_threshold"": 0.25, ""range_day_score_premium"": 0.3, ""weak_hours_score_premium"": 0.5, ""sg_spread_penalty_rate"": 0.2, ""sg_off_hours_penalty"": 0.25, ""sg_volatility_penalty"": 0.05, ""sg_recent_loss_penalty"": 0.1}",5481,56.76,73.01,1.68,2960828.0,9.47,2.91,98.69,1.5209,66.1
p1_3e69e67f,1,"{""timeframes"": [""M1"", ""M5"", ""M15"", ""M30"", ""H1"", ""H4""], ""regime_detection_tf"": ""H1"", ""htf_alignment_tfs"": [""H4""], ""consensus_threshold"": 3.5, ""max_positions"": 1, ""bonus_max_positions"": 0, ""consensus_primary_weight"": 2.0, ""consensus_entry_weight"": 1.5, ""consensus_confirm_weight"": 3.0, ""consensus_manage_weight"": 0.5, ""consensus_other_weight"": 1.0, ""trailing_start_r"": 2.5, ""trailing_atr_mult"": 2.0, ""stag_exit_minutes"": 180.0, ""partial_1r_ratio"": 0.05, ""early_be_r"": 0.5, ""signal_rev_ratio"": 0.5, ""tp_sl_ratio"": 1.2, ""sl_min_pips"": 8.0, ""range_day_bbw_threshold"": 0.25, ""range_day_score_premium"": 0.3, ""weak_hours_score_premium"": 0.5, ""sg_spread_penalty_rate"": 0.2, ""sg_off_hours_penalty"": 0.25, ""sg_volatility_penalty"": 0.05, ""sg_recent_loss_penalty"": 0.1}",3180,57.93,73.9,1.63,2491032.0,7.25,2.92,83.03,1.5118,73.9
p1_0e82f598,1,"{""timeframes"": [""M1"", ""M5"", ""M15"", ""M30"", ""H1"", ""H4""], ""regime_detection_tf"": ""H1"", ""htf_alignment_tfs"": [""H4""], ""consensus_threshold"": 3.5, ""max_positions"": 2, ""bonus_max_positions"": 0, ""consensus_primary_weight"": 2.0, ""consensus_entry_weight"": 1.5, ""consensus_confirm_weight"": 3.0, ""consensus_manage_weight"": 0.5, ""consensus_other_weight"": 1.0, ""trailing_start_r"": 2.5, ""trailing_atr_mult"": 2.0, ""stag_exit_minutes"": 180.0, ""partial_1r_ratio"": 0.05, ""early_be_r"": 0.5, ""signal_rev_ratio"": 0.5, ""tp_sl_ratio"": 1.2, ""sl_min_pips"": 8.0, ""range_day_bbw_threshold"": 0.25, ""range_day_score_premium"": 0.3, ""weak_hours_score_premium"": 0.5, ""sg_spread_penalty_rate"": 0.2, ""sg_off_hours_penalty"": 0.25, ""sg_volatility_penalty"": 0.05, ""sg_recent_loss_penalty"": 0.1}",4599,56.76,73.01,1.67,2876292.0,7.84,2.87,95.88,1.5391,68.4
p1_70d94422,1,"{""timeframes"": [""M1"", ""M5"", ""M15"", ""M30"", ""H1"", ""H4""], ""regime_detection_tf"": ""H1"", ""htf_alignment_tfs"": [""H4""], ""consensus_threshold"": 3.5, ""max_positions"": 3, ""bonus_max_positions"": 0, ""consensus_primary_weight"": 2.0, ""consensus_entry_weight"": 1.5, ""consensus_confirm_weight"": 3.0, ""consensus_manage_weight"": 0.5, ""consensus_other_weight"": 1.0, ""trailing_start_r"": 2.5, ""trailing_atr_mult"": 2.0, ""stag_exit_minutes"": 180.0, ""partial_1r_ratio"": 0.05, ""early_be_r"": 0.5, ""signal_rev_ratio"": 0.5, ""tp_sl_ratio"": 1.2, ""sl_min_pips"": 8.0, ""range_day_bbw_threshold"": 0.25, ""range_day_score_premium"": 0.3, ""weak_hours_score_premium"": 0.5, ""sg_spread_penalty_rate"": 0.2, ""sg_off_hours_penalty"": 0.25, ""sg_volatility_penalty"": 0.05, ""sg_recent_loss_penalty"": 0.1}",5406,56.68,73.0,1.69,2942287.0,9.26,2.93,98.08,1.5335,66.3
p1_3f350023,1,"{""timeframes"": [""M1"", ""M5"", ""M15"", ""M30"", ""H1"", ""H4""], ""regime_detection_tf"": ""H1"", ""htf_alignment_tfs"": [""H4""], ""consensus_threshold"": 4.0, ""max_positions"": 1, ""bonus_max_positions"": 0, ""consensus_primary_weight"": 2.0, ""consensus_entry_weight"": 1.5, ""consensus_confirm_weight"": 3.0, ""consensus_manage_weight"": 0.5, ""consensus_other_weight"": 1.0, ""trailing_start_r"": 2.5, ""trailing_atr_mult"": 2.0, ""stag_exit_minutes"": 180.0, ""partial_1r_ratio"": 0.05, ""early_be_r"": 0.5, ""signal_rev_ratio"": 0.5, ""tp_sl_ratio"": 1.2, ""sl_min_pips"": 8.0, ""range_day_bbw_threshold"": 0.25, ""range_day_score_premium"": 0.3, ""weak_hours_score_premium"": 0.5, ""sg_spread_penalty_rate"": 0.2, ""sg_off_hours_penalty"": 0.25, ""sg_volatility_penalty"": 0.05, ""sg_recent_loss_penalty"": 0.1}",3098,57.58,73.58,1.61,2431413.0,8.06,2.86,81.05,1.4802,74.1
p1_9e4563a0,1,"{""timeframes"": [""M1"", ""M5"", ""M15"", ""M30"", ""H1"", ""H4""], ""regime_detection_tf"": ""H1"", ""htf_alignment_tfs"": [""H4""], ""consensus_threshold"": 4.0, ""max_positions"": 2, ""bonus_max_positions"": 0, ""consensus_primary_weight"": 2.0, ""consensus_entry_weight"": 1.5, ""consensus_confirm_weight"": 3.0, ""consensus_manage_weight"": 0.5, ""consensus_other_weight"": 1.0, ""trailing_start_r"": 2.5, ""trailing_atr_mult"": 2.0, ""stag_exit_minutes"": 180.0, ""partial_1r_ratio"": 0.05, ""early_be_r"": 0.5, ""signal_rev_ratio"": 0.5, ""tp_sl_ratio"": 1.2, ""sl_min_pips"": 8.0, ""range_day_bbw_threshold"": 0.25, ""range_day_score_premium"": 0.3, ""weak_hours_score_premium"": 0.5, ""sg_spread_penalty_rate"": 0.2, ""sg_off_hours_penalty"": 0.25, ""sg_volatility_penalty"": 0.05, ""sg_recent_loss_penalty"": 0.1}",4517,56.75,72.86,1.65,2783444.0,7.86,2.81,92.78,1.5203,67.5
p1_176fe7bc,1,"{""timeframes"": [""M1"", ""M5"", ""M15"", ""M30"", ""H1"", ""H4""], ""regime_detection_tf"": ""H1"", ""htf_alignment_tfs"": [""H4""], ""consensus_threshold"": 4.0, ""max_positions"": 3, ""bonus_max_positions"": 0, ""consensus_primary_weight"": 2.0, ""consensus_entry_weight"": 1.5, ""consensus_confirm_weight"": 3.0, ""consensus_manage_weight"": 0.5, ""consensus_other_weight"": 1.0, ""trailing_start_r"": 2.5, ""trailing_atr_mult"": 2.0, ""stag_exit_minutes"": 180.0, ""partial_1r_ratio"": 0.05, ""early_be_r"": 0.5, ""signal_rev_ratio"": 0.5, ""tp_sl_ratio"": 1.2, ""sl_min_pips"": 8.0, ""range_day_bbw_threshold"": 0.25, ""range_day_score_premium"": 0.3, ""weak_hours_score_premium"": 0.5, ""sg_spread_penalty_rate"": 0.2, ""sg_off_hours_penalty"": 0.25, ""sg_volatility_penalty"": 0.05, ""sg_recent_loss_penalty"": 0.1}",5331,56.74,73.04,1.69,2924555.0,8.71,2.97,97.49,1.5428,65.2
p1_d407506e,1,"{""timeframes"": [""M1"", ""M5"", ""M15"", ""M30"", ""H1"", ""H4""], ""regime_detection_tf"": ""H1"", ""htf_alignment_tfs"": [""H4""], ""consensus_threshold"": 4.5, ""max_positions"": 1, ""bonus_max_positions"": 0, ""consensus_primary_weight"": 2.0, ""consensus_entry_weight"": 1.5, ""consensus_confirm_weight"": 3.0, ""consensus_manage_weight"": 0.5, ""consensus_other_weight"": 1.0, ""trailing_start_r"": 2.5, ""trailing_atr_mult"": 2.0, ""stag_exit_minutes"": 180.0, ""partial_1r_ratio"": 0.05, ""early_be_r"": 0.5, ""signal_rev_ratio"": 0.5, ""tp_sl_ratio"": 1.2, ""sl_min_pips"": 8.0, ""range_day_bbw_threshold"": 0.25, ""range_day_score_premium"": 0.3, ""weak_hours_score_premium"": 0.5, ""sg_spread_penalty_rate"": 0.2, ""sg_off_hours_penalty"": 0.25, ""sg_volatility_penalty"": 0.05, ""sg_recent_loss_penalty"": 0.1}",3029,57.33,73.57,1.65,2487632.0,7.46,2.98,82.92,1.5269,73.7
p1_82962613,1,"{""timeframes"": [""M1"", ""M5"", ""M15"", ""M30"", ""H1"", ""H4""], ""regime_detection_tf"": ""H1"", ""htf_alignment_tfs"": [""H4""], ""consensus_threshold"": 4.5, ""max_positions"": 2, ""bonus_max_positions"": 0, ""consensus_primary_weight"": 2.0, ""consensus_entry_weight"": 1.5, ""consensus_confirm_weight"": 3.0, ""consensus_manage_weight"": 0.5, ""consensus_other_weight"": 1.0, ""trailing_start_r"": 2.5, ""trailing_atr_mult"": 2.0, ""stag_exit_minutes"": 180.0, ""partial_1r_ratio"": 0.05, ""early_be_r"": 0.5, ""signal_rev_ratio"": 0.5, ""tp_sl_ratio"": 1.2, ""sl_min_pips"": 8.0, ""range_day_bbw_threshold"": 0.25, ""range_day_score_premium"": 0.3, ""weak_hours_score_premium"": 0.5, ""sg_spread_penalty_rate"": 0.2, ""sg_off_hours_penalty"": 0.25, ""sg_volatility_penalty"": 0.05, ""sg_recent_loss_penalty"": 0.1}",4426,56.2,72.58,1.66,2737112.0,8.21,2.76,91.24,1.5237,67.5
p1_c2e373f8,1,"{""timeframes"": [""M1"", ""M5"", ""M15"", ""M30"", ""H1"", ""H4""], ""regime_detection_tf"": ""H1"", ""htf_alignment_tfs"": [""H4""], ""consensus_threshold"": 4.5, ""max_positions"": 3, ""bonus_max_positions"": 0, ""consensus_primary_weight"": 2.0, ""consensus_entry_weight"": 1.5, ""consensus_confirm_weight"": 3.0, ""consensus_manage_weight"": 0.5, ""consensus_other_weight"": 1.0, ""trailing_start_r"": 2.5, ""trailing_atr_mult"": 2.0, ""stag_exit_minutes"": 180.0, ""partial_1r_ratio"": 0.05, ""early_be_r"": 0.5, ""signal_rev_ratio"": 0.5, ""tp_sl_ratio"": 1.2, ""sl_min_pips"": 8.0, ""range_day_bbw_threshold"": 0.25, ""range_day_score_premium"": 0.3, ""weak_hours_score_premium"": 0.5, ""sg_spread_penalty_rate"": 0.2, ""sg_off_hours_penalty"": 0.25, ""sg_volatility_penalty"": 0.05, ""sg_recent_loss_penalty"": 0.1}",5305,56.43,72.92,1.69,2881749.0,8.91,2.92,96.06,1.5394,65.7
p1_762529ee,1,"{""timeframes"": [""M1"", ""M5"", ""M15"", ""M30"", ""H1"", ""H4""], ""regime_detection_tf"": ""H1"", ""htf_alignment_tfs"": [""H4""], ""consensus_threshold"": 5.0, ""max_positions"": 1, ""bonus_max_positions"": 0, ""consensus_primary_weight"": 2.0, ""consensus_entry_weight"": 1.5, ""consensus_confirm_weight"": 3.0, ""consensus_manage_weight"": 0.5, ""consensus_other_weight"": 1.0, ""trailing_start_r"": 2.5, ""trailing_atr_mult"": 2.0, ""stag_exit_minutes"": 180.0, ""partial_1r_ratio"": 0.05, ""early_be_r"": 0.5, ""signal_rev_ratio"": 0.5, ""tp_sl_ratio"": 1.2, ""sl_min_pips"": 8.0, ""range_day_bbw_threshold"": 0.25, ""range_day_score_premium"": 0.3, ""weak_hours_score_premium"": 0.5, ""sg_spread_penalty_rate"": 0.2, ""sg_off_hours_penalty"": 0.25, ""sg_volatility_penalty"": 0.05, ""sg_recent_loss_penalty"": 0.1}",2985,57.08,73.47,1.67,2481109.0,7.18,3.02,82.7,1.5501,72.2
p1_ed3d5bfc,1,"{""timeframes"": [""M1"", ""M5"", ""M15"", ""M30"", ""H1"", ""H4""], ""regime_detection_tf"": ""H1"", ""htf_alignment_tfs"": [""H4""], ""consensus_threshold"": 5.0, ""max_positions"": 2, ""bonus_max_positions"": 0, ""consensus_primary_weight"": 2.0, ""consensus_entry_weight"": 1.5, ""consensus_confirm_weight"": 3.0, ""consensus_manage_weight"": 0.5, ""consensus_other_weight"": 1.0, ""trailing_start_r"": 2.5, ""trailing_atr_mult"": 2.0, ""stag_exit_minutes"": 180.0, ""partial_1r_ratio"": 0.05, ""early_be_r"": 0.5, ""signal_rev_ratio"": 0.5, ""tp_sl_ratio"": 1.2, ""sl_min_pips"": 8.0, ""range_day_bbw_threshold"": 0.25, ""range_day_score_premium"": 0.3, ""weak_hours_score_premium"": 0.5, ""sg_spread_penalty_rate"": 0.2, ""sg_off_hours_penalty"": 0.25, ""sg_volatility_penalty"": 0.05, ""sg_recent_loss_penalty"": 0.1}",4392,56.44,72.67,1.69,2758662.0,8.81,2.8,91.96,1.5411,66.6
p1_bd8b14d0,1,"{""timeframes"": [""M1"", ""M5"", ""M15"", ""M30"", ""H1"", ""H4""], ""regime_detection_tf"": ""H1"", ""htf_alignment_tfs"": [""H4""], ""consensus_threshold"": 5.0, ""max_positions"": 3, ""bonus_max_positions"": 0, ""consensus_primary_weight"": 2.0, ""consensus_entry_weight"": 1.5, ""consensus_confirm_weight"": 3.0, ""consensus_manage_weight"": 0.5, ""consensus_other_weight"": 1.0, ""trailing_start_r"": 2.5, ""trailing_atr_mult"": 2.0, ""stag_exit_minutes"": 180.0, ""partial_1r_ratio"": 0.05, ""early_be_r"": 0.5, ""signal_rev_ratio"": 0.5, ""tp_sl_ratio"": 1.2, ""sl_min_pips"": 8.0, ""range_day_bbw_threshold"": 0.25, ""range_day_score_premium"": 0.3, ""weak_hours_score_premium"": 0.5, ""sg_spread_penalty_rate"": 0.2, ""sg_off_hours_penalty"": 0.25, ""sg_volatility_penalty"": 0.05, ""sg_recent_loss_penalty"": 0.1}",5246,56.38,72.64,1.69,2835827.0,8.91,2.86,94.53,1.5394,67.7
p1_9ad4f954,1,"{""timeframes"": [""M1"", ""M5"", ""M15"", ""M30"", ""H1"", ""H4"", ""D1""], ""regime_detection_tf"": ""H1"", ""htf_alignment_tfs"": [""H4"", ""D1""], ""consensus_threshold"": 2.0, ""max_positions"": 1, ""bonus_max_positions"": 0, ""consensus_primary_weight"": 2.0, ""consensus_entry_weight"": 1.5, ""consensus_confirm_weight"": 3.0, ""consensus_manage_weight"": 0.5, ""consensus_other_weight"": 1.0, ""trailing_start_r"": 2.5, ""trailing_atr_mult"": 2.0, ""stag_exit_minutes"": 180.0, ""partial_1r_ratio"": 0.05, ""early_be_r"": 0.5, ""signal_rev_ratio"": 0.5, ""tp_sl_ratio"": 1.2, ""sl_min_pips"": 8.0, ""range_day_bbw_threshold"": 0.25, ""range_day_score_premium"": 0.3, ""weak_hours_score_premium"": 0.5, ""sg_spread_penalty_rate"": 0.2, ""sg_off_hours_penalty"": 0.25, ""sg_volatility_penalty"": 0.05, ""sg_recent_loss_penalty"": 0.1}",3029,57.12,72.2,1.47,1561877.0,9.27,2.35,52.06,1.3337,78.7
p1_9277c96f,1,"{""timeframes"": [""M1"", ""M5"", ""M15"", ""M30"", ""H1"", ""H4"", ""D1""], ""regime_detection_tf"": ""H1"", ""htf_alignment_tfs"": [""H4"", ""D1""], ""consensus_threshold"": 2.0, ""max_positions"": 2, ""bonus_max_positions"": 0, ""consensus_primary_weight"": 2.0, ""consensus_entry_weight"": 1.5, ""consensus_confirm_weight"": 3.0, ""consensus_manage_weight"": 0.5, ""consensus_other_weight"": 1.0, ""trailing_start_r"": 2.5, ""trailing_atr_mult"": 2.0, ""stag_exit_minutes"": 180.0, ""partial_1r_ratio"": 0.05, ""early_be_r"": 0.5, ""signal_rev_ratio"": 0.5, ""tp_sl_ratio"": 1.2, ""sl_min_pips"": 8.0, ""range_day_bbw_threshold"": 0.25, ""range_day_score_premium"": 0.3, ""weak_hours_score_premium"": 0.5, ""sg_spread_penalty_rate"": 0.2, ""sg_off_hours_penalty"": 0.25, ""sg_volatility_penalty"": 0.05, ""sg_recent_loss_penalty"": 0.1}",4867,57.02,71.62,1.55,2316350.0,8.85,2.74,77.21,1.4128,74.6
p1_ec4558bb,1,"{""timeframes"": [""M1"", ""M5"", ""M15"", ""M30"", ""H1"", ""H4"", ""D1""], ""regime_detection_tf"": ""H1"", ""htf_alignment_tfs"": [""H4"", ""D1""], ""consensus_threshold"": 2.0, ""max_positions"": 3, ""bonus_max_positions"": 0, ""consensus_primary_weight"": 2.0, ""consensus_entry_weight"": 1.5, ""consensus_confirm_weight"": 3.0, ""consensus_manage_weight"": 0.5, ""consensus_other_weight"": 1.0, ""trailing_start_r"": 2.5, ""trailing_atr_mult"": 2.0, ""stag_exit_minutes"": 180.0, ""partial_1r_ratio"": 0.05, ""early_be_r"": 0.5, ""signal_rev_ratio"": 0.5, ""tp_sl_ratio"": 1.2, ""sl_min_pips"": 8.0, ""range_day_bbw_threshold"": 0.25, ""range_day_score_premium"": 0.3, ""weak_hours_score_premium"": 0.5, ""sg_spread_penalty_rate"": 0.2, ""sg_off_hours_penalty"": 0.25, ""sg_volatility_penalty"": 0.05, ""sg_recent_loss_penalty"": 0.1}",5968,56.96,71.26,1.65,2928072.0,8.6,3.05,97.6,1.5081,74.3
p1_f18f6e2b,1,"{""timeframes"": [""M1"", ""M5"", ""M15"", ""M30"", ""H1"", ""H4"", ""D1""], ""regime_detection_tf"": ""H1"", ""htf_alignment_tfs"": [""H4"", ""D1""], ""consensus_threshold"": 2.5, ""max_positions"": 1, ""bonus_max_positions"": 0, ""consensus_primary_weight"": 2.0, ""consensus_entry_weight"": 1.5, ""consensus_confirm_weight"": 3.0, ""consensus_manage_weight"": 0.5, ""consensus_other_weight"": 1.0, ""trailing_start_r"": 2.5, ""trailing_atr_mult"": 2.0, ""stag_exit_minutes"": 180.0, ""partial_1r_ratio"": 0.05, ""early_be_r"": 0.5, ""signal_rev_ratio"": 0.5, ""tp_sl_ratio"": 1.2, ""sl_min_pips"": 8.0, ""range_day_bbw_threshold"": 0.25, ""range_day_score_premium"": 0.3, ""weak_hours_score_premium"": 0.5, ""sg_spread_penalty_rate"": 0.2, ""sg_off_hours_penalty"": 0.25, ""sg_volatility_penalty"": 0.05, ""sg_recent_loss_penalty"": 0.1}",3035,57.12,72.28,1.48,1582278.0,9.11,2.39,52.74,1.3452,78.8
p1_41710597,1,"{""timeframes"": [""M1"", ""M5"", ""M15"", ""M30"", ""H1"", ""H4"", ""D1""], ""regime_detection_tf"": ""H1"", ""htf_alignment_tfs"": [""H4"", ""D1""], ""consensus_threshold"": 2.5, ""max_positions"": 2, ""bonus_max_positions"": 0, ""consensus_primary_weight"": 2.0, ""consensus_entry_weight"": 1.5, ""consensus_confirm_weight"": 3.0, ""consensus_manage_weight"": 0.5, ""consensus_other_weight"": 1.0, ""trailing_start_r"": 2.5, ""trailing_atr_mult"": 2.0, ""stag_exit_minutes"": 180.0, ""partial_1r_ratio"": 0.05, ""early_be_r"": 0.5, ""signal_rev_ratio"": 0.5, ""tp_sl_ratio"": 1.2, ""sl_min_pips"": 8.0, ""range_day_bbw_threshold"": 0.25, ""range_day_score_premium"": 0.3, ""weak_hours_score_premium"": 0.5, ""sg_spread_penalty_rate"": 0.2, ""sg_off_hours_penalty"": 0.25, ""sg_volatility_penalty"": 0.05, ""sg_recent_loss_penalty"": 0.1}",4852,56.87,71.58,1.54,2260791.0,8.57,2.72,75.36,1.408,75.7
p1_2442aca0,1,"{""timeframes"": [""M1"", ""M5"", ""M15"", ""M30"", ""H1"", ""H4"", ""D1""], ""regime_detection_tf"": ""H1"", ""htf_alignment_tfs"": [""H4"", ""D1""], ""consensus_threshold"": 2.5, ""max_positions"": 3, ""bonus_max_positions"": 0, ""consensus_primary_weight"": 2.0, ""consensus_entry_weight"": 1.5, ""consensus_confirm_weight"": 3.0, ""consensus_manage_weight"": 0.5, ""consensus_other_weight"": 1.0, ""trailing_start_r"": 2.5, ""trailing_atr_mult"": 2.0, ""stag_exit_minutes"": 180.0, ""partial_1r_ratio"": 0.05, ""early_be_r"": 0.5, ""signal_rev_ratio"": 0.5, ""tp_sl_ratio"": 1.2, ""sl_min_pips"": 8.0, ""range_day_bbw_threshold"": 0.25, ""range_day_score_premium"": 0.3, ""weak_hours_score_premium"": 0.5, ""sg_spread_penalty_rate"": 0.2, ""sg_off_hours_penalty"": 0.25, ""sg_volatility_penalty"": 0.05, ""sg_recent_loss_penalty"": 0.1}",5974,56.95,71.35,1.66,2981459.0,8.57,3.06,99.38,1.5177,72.8
p1_a28180b4,1,"{""timeframes"": [""M1"", ""M5"", ""M15"", ""M30"", ""H1"", ""H4"", ""D1""], ""regime_detection_tf"": ""H1"", ""htf_alignment_tfs"": [""H4"", ""D1""], ""consensus_threshold"": 3.0, ""max_positions"": 1, ""bonus_max_positions"": 0, ""consensus_primary_weight"": 2.0, ""consensus_entry_weight"": 1.5, ""consensus_confirm_weight"": 3.0, ""consensus_manage_weight"": 0.5, ""consensus_other_weight"": 1.0, ""trailing_start_r"": 2.5, ""trailing_atr_mult"": 2.0, ""stag_exit_minutes"": 180.0, ""partial_1r_ratio"": 0.05, ""early_be_r"": 0.5, ""signal_rev_ratio"": 0.5, ""tp_sl_ratio"": 1.2, ""sl_min_pips"": 8.0, ""range_day_bbw_threshold"": 0.25, ""range_day_score_premium"": 0.3, ""weak_hours_score_premium"": 0.5, ""sg_spread_penalty_rate"": 0.2, ""sg_off_hours_penalty"": 0.25, ""sg_volatility_penalty"": 0.05, ""sg_recent_loss_penalty"": 0.1}",3026,56.97,72.08,1.48,1550415.0,8.74,2.38,51.68,1.3506,78.4
p1_b2bebb3e,1,"{""timeframes"": [""M1"", ""M5"", ""M15"", ""M30"", ""H1"", ""H4"", ""D1""], ""regime_detection_tf"": ""H1"", ""htf_alignment_tfs"": [""H4"", ""D1""], ""consensus_threshold"": 3.0, ""max_positions"": 2, ""bonus_max_positions"": 0, ""consensus_primary_weight"": 2.0, ""consensus_entry_weight"": 1.5, ""consensus_confirm_weight"": 3.0, ""consensus_manage_weight"": 0.5, ""consensus_other_weight"": 1.0, ""trailing_start_r"": 2.5, ""trailing_atr_mult"": 2.0, ""stag_exit_minutes"": 180.0, ""partial_1r_ratio"": 0.05, ""early_be_r"": 0.5, ""signal_rev_ratio"": 0.5, ""tp_sl_ratio"": 1.2, ""sl_min_pips"": 8.0, ""range_day_bbw_threshold"": 0.25, ""range_day_score_premium"": 0.3, ""weak_hours_score_premium"": 0.5, ""sg_spread_penalty_rate"": 0.2, ""sg_off_hours_penalty"": 0.25, ""sg_volatility_penalty"": 0.05, ""sg_recent_loss_penalty"": 0.1}",4777,56.98,71.71,1.58,2318412.0,7.99,2.81,77.28,1.4538,75.5
p1_17a306f9,1,"{""timeframes"": [""M1"", ""M5"", ""M15"", ""M30"", ""H1"", ""H4"", ""D1""], ""regime_detection_tf"": ""H1"", ""htf_alignment_tfs"": [""H4"", ""D1""], ""consensus_threshold"": 3.0, ""max_positions"": 3, ""bonus_max_positions"": 0, ""consensus_primary_weight"": 2.0, ""consensus_entry_weight"": 1.5, ""consensus_confirm_weight"": 3.0, ""consensus_manage_weight"": 0.5, ""consensus_other_weight"": 1.0, ""trailing_start_r"": 2.5, ""trailing_atr_mult"": 2.0, ""stag_exit_minutes"": 180.0, ""partial_1r_ratio"": 0.05, ""early_be_r"": 0.5, ""signal_rev_ratio"": 0.5, ""tp_sl_ratio"": 1.2, ""sl_min_pips"": 8.0, ""range_day_bbw_threshold"": 0.25, ""range_day_score_premium"": 0.3, ""weak_hours_score_premium"": 0.5, ""sg_spread_penalty_rate"": 0.2, ""sg_off_hours_penalty"": 0.25, ""sg_volatility_penalty"": 0.05, ""sg_recent_loss_penalty"": 0.1}",5911,56.73,71.23,1.66,2948157.0,8.36,3.04,98.27,1.5212,73.7
p1_29224598,1,"{""timeframes"": [""M1"", ""M5"", ""M15"", ""M30"", ""H1"", ""H4"", ""D1""], ""regime_detection_tf"": ""H1"", ""htf_alignment_tfs"": [""H4"", ""D1""], ""consensus_threshold"": 3.5, ""max_positions"": 1, ""bonus_max_positions"": 0, ""consensus_primary_weight"": 2.0, ""consensus_entry_weight"": 1.5, ""consensus_confirm_weight"": 3.0, ""consensus_manage_weight"": 0.5, ""consensus_other_weight"": 1.0, ""trailing_start_r"": 2.5, ""trailing_atr_mult"": 2.0, ""stag_exit_minutes"": 180.0, ""partial_1r_ratio"": 0.05, ""early_be_r"": 0.5, ""signal_rev_ratio"": 0.5, ""tp_sl_ratio"": 1.2, ""sl_min_pips"": 8.0, ""range_day_bbw_threshold"": 0.25, ""range_day_score_premium"": 0.3, ""weak_hours_score_premium"": 0.5, ""sg_spread_penalty_rate"": 0.2, ""sg_off_hours_penalty"": 0.25, ""sg_volatility_penalty"": 0.05, ""sg_recent_loss_penalty"": 0.1}",3002,57.03,72.23,1.49,1609153.0,9.48,2.27,53.64,1.3487,79.4
p1_43c3a0f6,1,"{""timeframes"": [""M1"", ""M5"", ""M15"", ""M30"", ""H1"", ""H4"", ""D1""], ""regime_detection_tf"": ""H1"", ""htf_alignment_tfs"": [""H4"", ""D1""], ""consensus_threshold"": 3.5, ""max_positions"": 2, ""bonus_max_positions"": 0, ""consensus_primary_weight"": 2.0, ""consensus_entry_weight"": 1.5, ""consensus_confirm_weight"": 3.0, ""consensus_manage_weight"": 0.5, ""consensus_other_weight"": 1.0, ""trailing_start_r"": 2.5, ""trailing_atr_mult"": 2.0, ""stag_exit_minutes"": 180.0, ""partial_1r_ratio"": 0.05, ""early_be_r"": 0.5, ""signal_rev_ratio"": 0.5, ""tp_sl_ratio"": 1.2, ""sl_min_pips"": 8.0, ""range_day_bbw_threshold"": 0.25, ""range_day_score_premium"": 0.3, ""weak_hours_score_premium"": 0.5, ""sg_spread_penalty_rate"": 0.2, ""sg_off_hours_penalty"": 0.25, ""sg_volatility_penalty"": 0.05, ""sg_recent_loss_penalty"": 0.1}",4765,57.08,71.91,1.6,2452573.0,8.58,2.76,81.75,1.4627,77.5
p1_16c3c414,1,"{""timeframes"": [""M1"", ""M5"", ""M15"", ""M30"", ""H1"", ""H4"", ""D1""], ""regime_detection_tf"": ""H1"", ""htf_alignment_tfs"": [""H4"", ""D1""], ""consensus_threshold"": 3.5, ""max_positions"": 3, ""bonus_max_positions"": 0, ""consensus_primary_weight"": 2.0, ""consensus_entry_weight"": 1.5, ""consensus_confirm_weight"": 3.0, ""consensus_manage_weight"": 0.5, ""consensus_other_weight"": 1.0, ""trailing_start_r"": 2.5, ""trailing_atr_mult"": 2.0, ""stag_exit_minutes"": 180.0, ""partial_1r_ratio"": 0.05, ""early_be_r"": 0.5, ""signal_rev_ratio"": 0.5, ""tp_sl_ratio"": 1.2, ""sl_min_pips"": 8.0, ""range_day_bbw_threshold"": 0.25, ""range_day_score_premium"": 0.3, ""weak_hours_score_premium"": 0.5, ""sg_spread_penalty_rate"": 0.2, ""sg_off_hours_penalty"": 0.25, ""sg_volatility_penalty"": 0.05, ""sg_recent_loss_penalty"": 0.1}",5986,56.76,71.38,1.68,3031576.0,8.37,3.13,101.05,1.5394,73.5
p1_31e0fb36,1,"{""timeframes"": [""M1"", ""M5"", ""M15"", ""M30"", ""H1"", ""H4"", ""D1""], ""regime_detection_tf"": ""H1"", ""htf_alignment_tfs"": [""H4"", ""D1""], ""consensus_threshold"": 4.0, ""max_positions"": 1, ""bonus_max_positions"": 0, ""consensus_primary_weight"": 2.0, ""consensus_entry_weight"": 1.5, ""consensus_confirm_weight"": 3.0, ""consensus_manage_weight"": 0.5, ""consensus_other_weight"": 1.0, ""trailing_start_r"": 2.5, ""trailing_atr_mult"": 2.0, ""stag_exit_minutes"": 180.0, ""partial_1r_ratio"": 0.05, ""early_be_r"": 0.5, ""signal_rev_ratio"": 0.5, ""tp_sl_ratio"": 1.2, ""sl_min_pips"": 8.0, ""range_day_bbw_threshold"": 0.25, ""range_day_score_premium"": 0.3, ""weak_hours_score_premium"": 0.5, ""sg_spread_penalty_rate"": 0.2, ""sg_off_hours_penalty"": 0.25, ""sg_volatility_penalty"": 0.05, ""sg_recent_loss_penalty"": 0.1}",3002,57.26,72.35,1.53,1782690.0,10.1,2.42,59.42,1.3755,81.2
p1_ba089ade,1,"{""timeframes"": [""M1"", ""M5"", ""M15"", ""M30"", ""H1"", ""H4"", ""D1""], ""regime_detection_tf"": ""H1"", ""htf_alignment_tfs"": [""H4"", ""D1""], ""consensus_threshold"": 4.0, ""max_positions"": 2, ""bonus_max_positions"": 0, ""consensus_primary_weight"": 2.0, ""consensus_entry_weight"": 1.5, ""consensus_confirm_weight"": 3.0, ""consensus_manage_weight"": 0.5, ""consensus_other_weight"": 1.0, ""trailing_start_r"": 2.5, ""trailing_atr_mult"": 2.0, ""stag_exit_minutes"": 180.0, ""partial_1r_ratio"": 0.05, ""early_be_r"": 0.5, ""signal_rev_ratio"": 0.5, ""tp_sl_ratio"": 1.2, ""sl_min_pips"": 8.0, ""range_day_bbw_threshold"": 0.25, ""range_day_score_premium"": 0.3, ""weak_hours_score_premium"": 0.5, ""sg_spread_penalty_rate"": 0.2, ""sg_off_hours_penalty"": 0.25, ""sg_volatility_penalty"": 0.05, ""sg_recent_loss_penalty"": 0.1}",4789,57.03,71.82,1.65,2696005.0,7.55,2.91,89.87,1.5254,76.7
p1_71d368ef,1,"{""timeframes"": [""M1"", ""M5"", ""M15"", ""M30"", ""H1"", ""H4"", ""D1""], ""regime_detection_tf"": ""H1"", ""htf_alignment_tfs"": [""H4"", ""D1""], ""consensus_threshold"": 4.0, ""max_positions"": 3, ""bonus_max_positions"": 0, ""consensus_primary_weight"": 2.0, ""consensus_entry_weight"": 1.5, ""consensus_confirm_weight"": 3.0, ""consensus_manage_weight"": 0.5, ""consensus_other_weight"": 1.0, ""trailing_start_r"": 2.5, ""trailing_atr_mult"": 2.0, ""stag_exit_minutes"": 180.0, ""partial_1r_ratio"": 0.05, ""early_be_r"": 0.5, ""signal_rev_ratio"": 0.5, ""tp_sl_ratio"": 1.2, ""sl_min_pips"": 8.0, ""range_day_bbw_threshold"": 0.25, ""range_day_score_premium"": 0.3, ""weak_hours_score_premium"": 0.5, ""sg_spread_penalty_rate"": 0.2, ""sg_off_hours_penalty"": 0.25, ""sg_volatility_penalty"": 0.05, ""sg_recent_loss_penalty"": 0.1}",5929,56.86,71.53,1.71,3143919.0,8.11,3.17,104.8,1.5713,74.9
p1_6388fe3b,1,"{""timeframes"": [""M1"", ""M5"", ""M15"", ""M30"", ""H1"", ""H4"", ""D1""], ""regime_detection_tf"": ""H1"", ""htf_alignment_tfs"": [""H4"", ""D1""], ""consensus_threshold"": 4.5, ""max_positions"": 1, ""bonus_max_positions"": 0, ""consensus_primary_weight"": 2.0, ""consensus_entry_weight"": 1.5, ""consensus_confirm_weight"": 3.0, ""consensus_manage_weight"": 0.5, ""consensus_other_weight"": 1.0, ""trailing_start_r"": 2.5, ""trailing_atr_mult"": 2.0, ""stag_exit_minutes"": 180.0, ""partial_1r_ratio"": 0.05, ""early_be_r"": 0.5, ""signal_rev_ratio"": 0.5, ""tp_sl_ratio"": 1.2, ""sl_min_pips"": 8.0, ""range_day_bbw_threshold"": 0.25, ""range_day_score_premium"": 0.3, ""weak_hours_score_premium"": 0.5, ""sg_spread_penalty_rate"": 0.2, ""sg_off_hours_penalty"": 0.25, ""sg_volatility_penalty"": 0.05, ""sg_recent_loss_penalty"": 0.1}",2977,57.14,72.59,1.57,1937151.0,9.74,2.59,64.57,1.4171,80.0
p1_4897b136,1,"{""timeframes"": [""M1"", ""M5"", ""M15"", ""M30"", ""H1"", ""H4"", ""D1""], ""regime_detection_tf"": ""H1"", ""htf_alignment_tfs"": [""H4"", ""D1""], ""consensus_threshold"": 4.5, ""max_positions"": 2, ""bonus_max_positions"": 0, ""consensus_primary_weight"": 2.0, ""consensus_entry_weight"": 1.5, ""consensus_confirm_weight"": 3.0, ""consensus_manage_weight"": 0.5, ""consensus_other_weight"": 1.0, ""trailing_start_r"": 2.5, ""trailing_atr_mult"": 2.0, ""stag_exit_minutes"": 180.0, ""partial_1r_ratio"": 0.05, ""early_be_r"": 0.5, ""signal_rev_ratio"": 0.5, ""tp_sl_ratio"": 1.2, ""sl_min_pips"": 8.0, ""range_day_bbw_threshold"": 0.25, ""range_day_score_premium"": 0.3, ""weak_hours_score_premium"": 0.5, ""sg_spread_penalty_rate"": 0.2, ""sg_off_hours_penalty"": 0.25, ""sg_volatility_penalty"": 0.05, ""sg_recent_loss_penalty"": 0.1}",4795,57.04,72.3,1.68,2754924.0,7.81,3.14,91.83,1.5488,75.0
p1_c9749380,1,"{""timeframes"": [""M1"", ""M5"", ""M15"", ""M30"", ""H1"", ""H4"", ""D1""], ""regime_detection_tf"": ""H1"", ""htf_alignment_tfs"": [""H4"", ""D1""], ""consensus_threshold"": 4.5, ""max_positions"": 3, ""bonus_max_positions"": 0, ""consensus_primary_weight"": 2.0, ""consensus_entry_weight"": 1.5, ""consensus_confirm_weight"": 3.0, ""consensus_manage_weight"": 0.5, ""consensus_other_weight"": 1.0, ""trailing_start_r"": 2.5, ""trailing_atr_mult"": 2.0, ""stag_exit_minutes"": 180.0, ""partial_1r_ratio"": 0.05, ""early_be_r"": 0.5, ""signal_rev_ratio"": 0.5, ""tp_sl_ratio"": 1.2, ""sl_min_pips"": 8.0, ""range_day_bbw_threshold"": 0.25, ""range_day_score_premium"": 0.3, ""weak_hours_score_premium"": 0.5, ""sg_spread_penalty_rate"": 0.2, ""sg_off_hours_penalty"": 0.25, ""sg_volatility_penalty"": 0.05, ""sg_recent_loss_penalty"": 0.1}",5810,56.86,71.8,1.72,3104417.0,8.19,3.26,103.48,1.5791,74.3
p1_9e60c49a,1,"{""timeframes"": [""M1"", ""M5"", ""M15"", ""M30"", ""H1"", ""H4"", ""D1""], ""regime_detection_tf"": ""H1"", ""htf_alignment_tfs"": [""H4"", ""D1""], ""consensus_threshold"": 5.0, ""max_positions"": 1, ""bonus_max_positions"": 0, ""consensus_primary_weight"": 2.0, ""consensus_entry_weight"": 1.5, ""consensus_confirm_weight"": 3.0, ""consensus_manage_weight"": 0.5, ""consensus_other_weight"": 1.0, ""trailing_start_r"": 2.5, ""trailing_atr_mult"": 2.0, ""stag_exit_minutes"": 180.0, ""partial_1r_ratio"": 0.05, ""early_be_r"": 0.5, ""signal_rev_ratio"": 0.5, ""tp_sl_ratio"": 1.2, ""sl_min_pips"": 8.0, ""range_day_bbw_threshold"": 0.25, ""range_day_score_premium"": 0.3, ""weak_hours_score_premium"": 0.5, ""sg_spread_penalty_rate"": 0.2, ""sg_off_hours_penalty"": 0.25, ""sg_volatility_penalty"": 0.05, ""sg_recent_loss_penalty"": 0.1}",2962,57.38,72.75,1.61,1987623.0,7.83,2.79,66.25,1.4839,79.5
p1_80c7bd94,1,"{""timeframes"": [""M1"", ""M5"", ""M15"", ""M30"", ""H1"", ""H4"", ""D1""], ""regime_detection_tf"": ""H1"", ""htf_alignment_tfs"": [""H4"", ""D1""], ""consensus_threshold"": 5.0, ""max_positions"": 2, ""bonus_max_positions"": 0, ""consensus_primary_weight"": 2.0, ""consensus_entry_weight"": 1.5, ""consensus_confirm_weight"": 3.0, ""consensus_manage_weight"": 0.5, ""consensus_other_weight"": 1.0, ""trailing_start_r"": 2.5, ""trailing_atr_mult"": 2.0, ""stag_exit_minutes"": 180.0, ""partial_1r_ratio"": 0.05, ""early_be_r"": 0.5, ""signal_rev_ratio"": 0.5, ""tp_sl_ratio"": 1.2, ""sl_min_pips"": 8.0, ""range_day_bbw_threshold"": 0.25, ""range_day_score_premium"": 0.3, ""weak_hours_score_premium"": 0.5, ""sg_spread_penalty_rate"": 0.2, ""sg_off_hours_penalty"": 0.25, ""sg_volatility_penalty"": 0.05, ""sg_recent_loss_penalty"": 0.1}",4728,57.17,72.49,1.71,2797465.0,6.75,3.19,93.25,1.5946,76.7
p1_2f4d48c4,1,"{""timeframes"": [""M1"", ""M5"", ""M15"", ""M30"", ""H1"", ""H4"", ""D1""], ""regime_detection_tf"": ""H1"", ""htf_alignment_tfs"": [""H4"", ""D1""], ""consensus_threshold"": 5.0, ""max_positions"": 3, ""bonus_max_positions"": 0, ""consensus_primary_weight"": 2.0, ""consensus_entry_weight"": 1.5, ""consensus_confirm_weight"": 3.0, ""consensus_manage_weight"": 0.5, ""consensus_other_weight"": 1.0, ""trailing_start_r"": 2.5, ""trailing_atr_mult"": 2.0, ""stag_exit_minutes"": 180.0, ""partial_1r_ratio"": 0.05, ""early_be_r"": 0.5, ""signal_rev_ratio"": 0.5, ""tp_sl_ratio"": 1.2, ""sl_min_pips"": 8.0, ""range_day_bbw_threshold"": 0.25, ""range_day_score_premium"": 0.3, ""weak_hours_score_premium"": 0.5, ""sg_spread_penalty_rate"": 0.2, ""sg_off_hours_penalty"": 0.25, ""sg_volatility_penalty"": 0.05, ""sg_recent_loss_penalty"": 0.1}",5744,57.19,72.05,1.76,3217442.0,8.06,3.39,107.25,1.6181,72.2
