run_id,phase,params_json,trades,win_rate,non_loss_rate,profit_factor,net_profit,max_drawdown,sharpe_ratio,annual_return,composite_score,elapsed_sec
p2_f79da984,2,"{""timeframes"": [""M1"", ""M15"", ""H1"", ""H4""], ""regime_detection_tf"": ""H1"", ""htf_alignment_tfs"": [""H4""], ""consensus_threshold"": 4.5, ""max_positions"": 1, ""bonus_max_positions"": 0, ""consensus_primary_weight"": 2.0, ""consensus_entry_weight"": 1.5, ""consensus_confirm_weight"": 5.0, ""consensus_manage_weight"": 1.5, ""consensus_other_weight"": 2.0, ""trailing_start_r"": 2.5, ""trailing_atr_mult"": 2.0, ""stag_exit_minutes"": 180.0, ""partial_1r_ratio"": 0.05, ""early_be_r"": 0.5, ""signal_rev_ratio"": 0.5, ""tp_sl_ratio"": 1.2, ""sl_min_pips"": 8.0, ""range_day_bbw_threshold"": 0.25, ""range_day_score_premium"": 0.3, ""weak_hours_score_premium"": 0.5, ""sg_spread_penalty_rate"": 0.2, ""sg_off_hours_penalty"": 0.25, ""sg_volatility_penalty"": 0.05, ""sg_recent_loss_penalty"": 0.1}",1365,65.41,78.01,2.6,1193029.0,1.9,4.79,39.77,2.5506,59.8
p2_1984a0c8,2,"{""timeframes"": [""M1"", ""M15"", ""H1"", ""H4""], ""regime_detection_tf"": ""H1"", ""htf_alignment_tfs"": [""H4""], ""consensus_threshold"": 4.5, ""max_positions"": 1, ""bonus_max_positions"": 0, ""consensus_primary_weight"": 1.5, ""consensus_entry_weight"": 2.5, ""consensus_confirm_weight"": 5.0, ""consensus_manage_weight"": 0.5, ""consensus_other_weight"": 1.0, ""trailing_start_r"": 2.5, ""trailing_atr_mult"": 2.0, ""stag_exit_minutes"": 180.0, ""partial_1r_ratio"": 0.05, ""early_be_r"": 0.5, ""signal_rev_ratio"": 0.5, ""tp_sl_ratio"": 1.2, ""sl_min_pips"": 8.0, ""range_day_bbw_threshold"": 0.25, ""range_day_score_premium"": 0.3, ""weak_hours_score_premium"": 0.5, ""sg_spread_penalty_rate"": 0.2, ""sg_off_hours_penalty"": 0.25, ""sg_volatility_penalty"": 0.05, ""sg_recent_loss_penalty"": 0.1}",1331,65.27,77.9,2.56,1137890.0,1.86,4.58,37.93,2.5124,60.1
p2_0ebc7a2f,2,"{""timeframes"": [""M1"", ""M15"", ""H1"", ""H4""], ""regime_detection_tf"": ""H1"", ""htf_alignment_tfs"": [""H4""], ""consensus_threshold"": 4.5, ""max_positions"": 1, ""bonus_max_positions"": 0, ""consensus_primary_weight"": 2.0, ""consensus_entry_weight"": 1.0, ""consensus_confirm_weight"": 2.0, ""consensus_manage_weight"": 1.5, ""consensus_other_weight"": 0.5, ""trailing_start_r"": 2.5, ""trailing_atr_mult"": 2.0, ""stag_exit_minutes"": 180.0, ""partial_1r_ratio"": 0.05, ""early_be_r"": 0.5, ""signal_rev_ratio"": 0.5, ""tp_sl_ratio"": 1.2, ""sl_min_pips"": 8.0, ""range_day_bbw_threshold"": 0.25, ""range_day_score_premium"": 0.3, ""weak_hours_score_premium"": 0.5, ""sg_spread_penalty_rate"": 0.2, ""sg_off_hours_penalty"": 0.25, ""sg_volatility_penalty"": 0.05, ""sg_recent_loss_penalty"": 0.1}",581,68.56,82.44,3.68,515751.0,1.09,3.85,17.19,3.1736,61.7
p2_15b7fef5,2,"{""timeframes"": [""M1"", ""M15"", ""H1"", ""H4""], ""regime_detection_tf"": ""H1"", ""htf_alignment_tfs"": [""H4""], ""consensus_threshold"": 4.5, ""max_positions"": 1, ""bonus_max_positions"": 0, ""consensus_primary_weight"": 2.0, ""consensus_entry_weight"": 3.0, ""consensus_confirm_weight"": 4.0, ""consensus_manage_weight"": 0.5, ""consensus_other_weight"": 0.5, ""trailing_start_r"": 2.5, ""trailing_atr_mult"": 2.0, ""stag_exit_minutes"": 180.0, ""partial_1r_ratio"": 0.05, ""early_be_r"": 0.5, ""signal_rev_ratio"": 0.5, ""tp_sl_ratio"": 1.2, ""sl_min_pips"": 8.0, ""range_day_bbw_threshold"": 0.25, ""range_day_score_premium"": 0.3, ""weak_hours_score_premium"": 0.5, ""sg_spread_penalty_rate"": 0.2, ""sg_off_hours_penalty"": 0.25, ""sg_volatility_penalty"": 0.05, ""sg_recent_loss_penalty"": 0.1}",1235,67.51,79.41,3.02,1193403.0,1.59,5.07,39.78,2.972,58.8
p2_8eacff2a,2,"{""timeframes"": [""M1"", ""M15"", ""H1"", ""H4""], ""regime_detection_tf"": ""H1"", ""htf_alignment_tfs"": [""H4""], ""consensus_threshold"": 4.5, ""max_positions"": 1, ""bonus_max_positions"": 0, ""consensus_primary_weight"": 2.5, ""consensus_entry_weight"": 1.0, ""consensus_confirm_weight"": 2.0, ""consensus_manage_weight"": 1.5, ""consensus_other_weight"": 2.0, ""trailing_start_r"": 2.5, ""trailing_atr_mult"": 2.0, ""stag_exit_minutes"": 180.0, ""partial_1r_ratio"": 0.05, ""early_be_r"": 0.5, ""signal_rev_ratio"": 0.5, ""tp_sl_ratio"": 1.2, ""sl_min_pips"": 8.0, ""range_day_bbw_threshold"": 0.25, ""range_day_score_premium"": 0.3, ""weak_hours_score_premium"": 0.5, ""sg_spread_penalty_rate"": 0.2, ""sg_off_hours_penalty"": 0.25, ""sg_volatility_penalty"": 0.05, ""sg_recent_loss_penalty"": 0.1}",727,67.03,81.89,3.45,617691.0,1.58,4.3,20.59,3.076,61.5
p2_a63b994e,2,"{""timeframes"": [""M1"", ""M15"", ""H1"", ""H4""], ""regime_detection_tf"": ""H1"", ""htf_alignment_tfs"": [""H4""], ""consensus_threshold"": 4.5, ""max_positions"": 1, ""bonus_max_positions"": 0, ""consensus_primary_weight"": 1.5, ""consensus_entry_weight"": 2.0, ""consensus_confirm_weight"": 3.0, ""consensus_manage_weight"": 0.5, ""consensus_other_weight"": 0.5, ""trailing_start_r"": 2.5, ""trailing_atr_mult"": 2.0, ""stag_exit_minutes"": 180.0, ""partial_1r_ratio"": 0.05, ""early_be_r"": 0.5, ""signal_rev_ratio"": 0.5, ""tp_sl_ratio"": 1.2, ""sl_min_pips"": 8.0, ""range_day_bbw_threshold"": 0.25, ""range_day_score_premium"": 0.3, ""weak_hours_score_premium"": 0.5, ""sg_spread_penalty_rate"": 0.2, ""sg_off_hours_penalty"": 0.25, ""sg_volatility_penalty"": 0.05, ""sg_recent_loss_penalty"": 0.1}",894,66.15,79.0,3.45,825957.0,1.9,4.54,27.53,3.3009,61.3
p2_a4ac0c7a,2,"{""timeframes"": [""M1"", ""M15"", ""H1"", ""H4""], ""regime_detection_tf"": ""H1"", ""htf_alignment_tfs"": [""H4""], ""consensus_threshold"": 4.5, ""max_positions"": 1, ""bonus_max_positions"": 0, ""consensus_primary_weight"": 2.5, ""consensus_entry_weight"": 3.0, ""consensus_confirm_weight"": 4.0, ""consensus_manage_weight"": 1.0, ""consensus_other_weight"": 1.0, ""trailing_start_r"": 2.5, ""trailing_atr_mult"": 2.0, ""stag_exit_minutes"": 180.0, ""partial_1r_ratio"": 0.05, ""early_be_r"": 0.5, ""signal_rev_ratio"": 0.5, ""tp_sl_ratio"": 1.2, ""sl_min_pips"": 8.0, ""range_day_bbw_threshold"": 0.25, ""range_day_score_premium"": 0.3, ""weak_hours_score_premium"": 0.5, ""sg_spread_penalty_rate"": 0.2, ""sg_off_hours_penalty"": 0.25, ""sg_volatility_penalty"": 0.05, ""sg_recent_loss_penalty"": 0.1}",1279,66.75,79.19,2.83,1140993.0,1.62,4.89,38.03,2.7842,58.9
p2_a140e686,2,"{""timeframes"": [""M1"", ""M15"", ""H1"", ""H4""], ""regime_detection_tf"": ""H1"", ""htf_alignment_tfs"": [""H4""], ""consensus_threshold"": 4.5, ""max_positions"": 1, ""bonus_max_positions"": 0, ""consensus_primary_weight"": 1.5, ""consensus_entry_weight"": 1.5, ""consensus_confirm_weight"": 2.0, ""consensus_manage_weight"": 1.0, ""consensus_other_weight"": 1.0, ""trailing_start_r"": 2.5, ""trailing_atr_mult"": 2.0, ""stag_exit_minutes"": 180.0, ""partial_1r_ratio"": 0.05, ""early_be_r"": 0.5, ""signal_rev_ratio"": 0.5, ""tp_sl_ratio"": 1.2, ""sl_min_pips"": 8.0, ""range_day_bbw_threshold"": 0.25, ""range_day_score_premium"": 0.3, ""weak_hours_score_premium"": 0.5, ""sg_spread_penalty_rate"": 0.2, ""sg_off_hours_penalty"": 0.25, ""sg_volatility_penalty"": 0.05, ""sg_recent_loss_penalty"": 0.1}",343,72.16,84.53,5.46,404946.0,0.91,3.71,13.5,4.5176,63.8
p2_5454dcba,2,"{""timeframes"": [""M1"", ""M15"", ""H1"", ""H4""], ""regime_detection_tf"": ""H1"", ""htf_alignment_tfs"": [""H4""], ""consensus_threshold"": 4.5, ""max_positions"": 1, ""bonus_max_positions"": 0, ""consensus_primary_weight"": 3.0, ""consensus_entry_weight"": 2.5, ""consensus_confirm_weight"": 3.0, ""consensus_manage_weight"": 0.5, ""consensus_other_weight"": 2.0, ""trailing_start_r"": 2.5, ""trailing_atr_mult"": 2.0, ""stag_exit_minutes"": 180.0, ""partial_1r_ratio"": 0.05, ""early_be_r"": 0.5, ""signal_rev_ratio"": 0.5, ""tp_sl_ratio"": 1.2, ""sl_min_pips"": 8.0, ""range_day_bbw_threshold"": 0.25, ""range_day_score_premium"": 0.3, ""weak_hours_score_premium"": 0.5, ""sg_spread_penalty_rate"": 0.2, ""sg_off_hours_penalty"": 0.25, ""sg_volatility_penalty"": 0.05, ""sg_recent_loss_penalty"": 0.1}",1160,66.83,79.76,3.33,1107644.0,1.68,5.03,36.92,3.2741,59.4
p2_b2f42a6e,2,"{""timeframes"": [""M1"", ""M15"", ""H1"", ""H4""], ""regime_detection_tf"": ""H1"", ""htf_alignment_tfs"": [""H4""], ""consensus_threshold"": 4.5, ""max_positions"": 1, ""bonus_max_positions"": 0, ""consensus_primary_weight"": 3.0, ""consensus_entry_weight"": 2.0, ""consensus_confirm_weight"": 3.0, ""consensus_manage_weight"": 1.0, ""consensus_other_weight"": 0.5, ""trailing_start_r"": 2.5, ""trailing_atr_mult"": 2.0, ""stag_exit_minutes"": 180.0, ""partial_1r_ratio"": 0.05, ""early_be_r"": 0.5, ""signal_rev_ratio"": 0.5, ""tp_sl_ratio"": 1.2, ""sl_min_pips"": 8.0, ""range_day_bbw_threshold"": 0.25, ""range_day_score_premium"": 0.3, ""weak_hours_score_premium"": 0.5, ""sg_spread_penalty_rate"": 0.2, ""sg_off_hours_penalty"": 0.25, ""sg_volatility_penalty"": 0.05, ""sg_recent_loss_penalty"": 0.1}",1160,66.83,79.76,3.33,1107644.0,1.68,5.03,36.92,3.2741,60.1
p2_7b741a28,2,"{""timeframes"": [""M1"", ""M15"", ""H1"", ""H4""], ""regime_detection_tf"": ""H1"", ""htf_alignment_tfs"": [""H4""], ""consensus_threshold"": 4.5, ""max_positions"": 1, ""bonus_max_positions"": 0, ""consensus_primary_weight"": 2.0, ""consensus_entry_weight"": 1.5, ""consensus_confirm_weight"": 3.0, ""consensus_manage_weight"": 0.5, ""consensus_other_weight"": 1.0, ""trailing_start_r"": 2.5, ""trailing_atr_mult"": 1.0, ""stag_exit_minutes"": 60.0, ""partial_1r_ratio"": 0.1, ""early_be_r"": 0.5, ""signal_rev_ratio"": 0.25, ""tp_sl_ratio"": 1.2, ""sl_min_pips"": 8.0, ""range_day_bbw_threshold"": 0.25, ""range_day_score_premium"": 0.3, ""weak_hours_score_premium"": 0.5, ""sg_spread_penalty_rate"": 0.2, ""sg_off_hours_penalty"": 0.25, ""sg_volatility_penalty"": 0.05, ""sg_recent_loss_penalty"": 0.1}",974,60.78,71.15,3.14,737072.0,1.15,4.57,24.57,2.9353,59.6
p2_3501e26a,2,"{""timeframes"": [""M1"", ""M15"", ""H1"", ""H4""], ""regime_detection_tf"": ""H1"", ""htf_alignment_tfs"": [""H4""], ""consensus_threshold"": 4.5, ""max_positions"": 1, ""bonus_max_positions"": 0, ""consensus_primary_weight"": 2.0, ""consensus_entry_weight"": 1.5, ""consensus_confirm_weight"": 3.0, ""consensus_manage_weight"": 0.5, ""consensus_other_weight"": 1.0, ""trailing_start_r"": 2.5, ""trailing_atr_mult"": 1.5, ""stag_exit_minutes"": 60.0, ""partial_1r_ratio"": 0.05, ""early_be_r"": 0.5, ""signal_rev_ratio"": 0.75, ""tp_sl_ratio"": 1.2, ""sl_min_pips"": 8.0, ""range_day_bbw_threshold"": 0.25, ""range_day_score_premium"": 0.3, ""weak_hours_score_premium"": 0.5, ""sg_spread_penalty_rate"": 0.2, ""sg_off_hours_penalty"": 0.25, ""sg_volatility_penalty"": 0.05, ""sg_recent_loss_penalty"": 0.1}",974,60.78,71.15,3.18,752580.0,1.15,4.55,25.09,2.9891,59.2
p2_50bbdd8d,2,"{""timeframes"": [""M1"", ""M15"", ""H1"", ""H4""], ""regime_detection_tf"": ""H1"", ""htf_alignment_tfs"": [""H4""], ""consensus_threshold"": 4.5, ""max_positions"": 1, ""bonus_max_positions"": 0, ""consensus_primary_weight"": 2.0, ""consensus_entry_weight"": 1.5, ""consensus_confirm_weight"": 3.0, ""consensus_manage_weight"": 0.5, ""consensus_other_weight"": 1.0, ""trailing_start_r"": 0.5, ""trailing_atr_mult"": 1.5, ""stag_exit_minutes"": 120.0, ""partial_1r_ratio"": 0.1, ""early_be_r"": 0.3, ""signal_rev_ratio"": 0.5, ""tp_sl_ratio"": 1.2, ""sl_min_pips"": 8.0, ""range_day_bbw_threshold"": 0.25, ""range_day_score_premium"": 0.3, ""weak_hours_score_premium"": 0.5, ""sg_spread_penalty_rate"": 0.2, ""sg_off_hours_penalty"": 0.25, ""sg_volatility_penalty"": 0.05, ""sg_recent_loss_penalty"": 0.1}",1071,63.98,74.78,3.34,1008214.0,1.49,5.97,33.61,3.2902,60.6
p2_6d9c08d0,2,"{""timeframes"": [""M1"", ""M15"", ""H1"", ""H4""], ""regime_detection_tf"": ""H1"", ""htf_alignment_tfs"": [""H4""], ""consensus_threshold"": 4.5, ""max_positions"": 1, ""bonus_max_positions"": 0, ""consensus_primary_weight"": 2.0, ""consensus_entry_weight"": 1.5, ""consensus_confirm_weight"": 3.0, ""consensus_manage_weight"": 0.5, ""consensus_other_weight"": 1.0, ""trailing_start_r"": 0.5, ""trailing_atr_mult"": 2.0, ""stag_exit_minutes"": 240.0, ""partial_1r_ratio"": 0.05, ""early_be_r"": 0.3, ""signal_rev_ratio"": 0.0, ""tp_sl_ratio"": 1.2, ""sl_min_pips"": 8.0, ""range_day_bbw_threshold"": 0.25, ""range_day_score_premium"": 0.3, ""weak_hours_score_premium"": 0.5, ""sg_spread_penalty_rate"": 0.2, ""sg_off_hours_penalty"": 0.25, ""sg_volatility_penalty"": 0.05, ""sg_recent_loss_penalty"": 0.1}",1064,68.75,80.6,3.59,1174485.0,1.26,6.36,39.15,3.5448,60.3
p2_a7714b9a,2,"{""timeframes"": [""M1"", ""M15"", ""H1"", ""H4""], ""regime_detection_tf"": ""H1"", ""htf_alignment_tfs"": [""H4""], ""consensus_threshold"": 4.5, ""max_positions"": 1, ""bonus_max_positions"": 0, ""consensus_primary_weight"": 2.0, ""consensus_entry_weight"": 1.5, ""consensus_confirm_weight"": 3.0, ""consensus_manage_weight"": 0.5, ""consensus_other_weight"": 1.0, ""trailing_start_r"": 1.5, ""trailing_atr_mult"": 1.0, ""stag_exit_minutes"": 120.0, ""partial_1r_ratio"": 0.0, ""early_be_r"": 0.7, ""signal_rev_ratio"": 0.75, ""tp_sl_ratio"": 1.2, ""sl_min_pips"": 8.0, ""range_day_bbw_threshold"": 0.25, ""range_day_score_premium"": 0.3, ""weak_hours_score_premium"": 0.5, ""sg_spread_penalty_rate"": 0.2, ""sg_off_hours_penalty"": 0.25, ""sg_volatility_penalty"": 0.05, ""sg_recent_loss_penalty"": 0.1}",788,57.49,68.53,3.19,933552.0,1.6,4.93,31.12,3.139,62.3
p2_75255baf,2,"{""timeframes"": [""M1"", ""M15"", ""H1"", ""H4""], ""regime_detection_tf"": ""H1"", ""htf_alignment_tfs"": [""H4""], ""consensus_threshold"": 4.5, ""max_positions"": 1, ""bonus_max_positions"": 0, ""consensus_primary_weight"": 2.0, ""consensus_entry_weight"": 1.5, ""consensus_confirm_weight"": 3.0, ""consensus_manage_weight"": 0.5, ""consensus_other_weight"": 1.0, ""trailing_start_r"": 2.0, ""trailing_atr_mult"": 2.5, ""stag_exit_minutes"": 180.0, ""partial_1r_ratio"": 0.05, ""early_be_r"": 1.0, ""signal_rev_ratio"": 0.25, ""tp_sl_ratio"": 1.2, ""sl_min_pips"": 8.0, ""range_day_bbw_threshold"": 0.25, ""range_day_score_premium"": 0.3, ""weak_hours_score_premium"": 0.5, ""sg_spread_penalty_rate"": 0.2, ""sg_off_hours_penalty"": 0.25, ""sg_volatility_penalty"": 0.05, ""sg_recent_loss_penalty"": 0.1}",965,68.69,76.36,2.93,870758.0,1.51,4.59,29.03,2.8578,59.9
p2_762803c0,2,"{""timeframes"": [""M1"", ""M15"", ""H1"", ""H4""], ""regime_detection_tf"": ""H1"", ""htf_alignment_tfs"": [""H4""], ""consensus_threshold"": 4.5, ""max_positions"": 1, ""bonus_max_positions"": 0, ""consensus_primary_weight"": 2.0, ""consensus_entry_weight"": 1.5, ""consensus_confirm_weight"": 3.0, ""consensus_manage_weight"": 0.5, ""consensus_other_weight"": 1.0, ""trailing_start_r"": 2.0, ""trailing_atr_mult"": 2.5, ""stag_exit_minutes"": 30.0, ""partial_1r_ratio"": 0.0, ""early_be_r"": 0.7, ""signal_rev_ratio"": 0.25, ""tp_sl_ratio"": 1.2, ""sl_min_pips"": 8.0, ""range_day_bbw_threshold"": 0.25, ""range_day_score_premium"": 0.3, ""weak_hours_score_premium"": 0.5, ""sg_spread_penalty_rate"": 0.2, ""sg_off_hours_penalty"": 0.25, ""sg_volatility_penalty"": 0.05, ""sg_recent_loss_penalty"": 0.1}",835,49.45,56.06,2.29,432181.0,1.08,3.21,14.41,1.8911,57.8
p2_14216d0c,2,"{""timeframes"": [""M1"", ""M15"", ""H1"", ""H4""], ""regime_detection_tf"": ""H1"", ""htf_alignment_tfs"": [""H4""], ""consensus_threshold"": 4.5, ""max_positions"": 1, ""bonus_max_positions"": 0, ""consensus_primary_weight"": 2.0, ""consensus_entry_weight"": 1.5, ""consensus_confirm_weight"": 3.0, ""consensus_manage_weight"": 0.5, ""consensus_other_weight"": 1.0, ""trailing_start_r"": 1.5, ""trailing_atr_mult"": 1.0, ""stag_exit_minutes"": 180.0, ""partial_1r_ratio"": 0.0, ""early_be_r"": 1.0, ""signal_rev_ratio"": 0.0, ""tp_sl_ratio"": 1.2, ""sl_min_pips"": 8.0, ""range_day_bbw_threshold"": 0.25, ""range_day_score_premium"": 0.3, ""weak_hours_score_premium"": 0.5, ""sg_spread_penalty_rate"": 0.2, ""sg_off_hours_penalty"": 0.25, ""sg_volatility_penalty"": 0.05, ""sg_recent_loss_penalty"": 0.1}",770,60.12,69.6,2.98,929343.0,1.5,4.73,30.98,2.9353,58.3
p2_981cc7f4,2,"{""timeframes"": [""M1"", ""M15"", ""H1"", ""H4""], ""regime_detection_tf"": ""H1"", ""htf_alignment_tfs"": [""H4""], ""consensus_threshold"": 4.5, ""max_positions"": 1, ""bonus_max_positions"": 0, ""consensus_primary_weight"": 2.0, ""consensus_entry_weight"": 1.5, ""consensus_confirm_weight"": 3.0, ""consensus_manage_weight"": 0.5, ""consensus_other_weight"": 1.0, ""trailing_start_r"": 1.0, ""trailing_atr_mult"": 1.5, ""stag_exit_minutes"": 240.0, ""partial_1r_ratio"": 0.15, ""early_be_r"": 0.5, ""signal_rev_ratio"": 0.5, ""tp_sl_ratio"": 1.2, ""sl_min_pips"": 8.0, ""range_day_bbw_threshold"": 0.25, ""range_day_score_premium"": 0.3, ""weak_hours_score_premium"": 0.5, ""sg_spread_penalty_rate"": 0.2, ""sg_off_hours_penalty"": 0.25, ""sg_volatility_penalty"": 0.05, ""sg_recent_loss_penalty"": 0.1}",1035,68.16,80.46,3.28,993227.0,1.45,5.28,33.11,3.2324,61.6
p2_04a331cc,2,"{""timeframes"": [""M1"", ""M15"", ""H1"", ""H4""], ""regime_detection_tf"": ""H1"", ""htf_alignment_tfs"": [""H4""], ""consensus_threshold"": 4.5, ""max_positions"": 1, ""bonus_max_positions"": 0, ""consensus_primary_weight"": 2.0, ""consensus_entry_weight"": 1.5, ""consensus_confirm_weight"": 3.0, ""consensus_manage_weight"": 0.5, ""consensus_other_weight"": 1.0, ""trailing_start_r"": 1.0, ""trailing_atr_mult"": 2.0, ""stag_exit_minutes"": 30.0, ""partial_1r_ratio"": 0.15, ""early_be_r"": 0.3, ""signal_rev_ratio"": 0.0, ""tp_sl_ratio"": 1.2, ""sl_min_pips"": 8.0, ""range_day_bbw_threshold"": 0.25, ""range_day_score_premium"": 0.3, ""weak_hours_score_premium"": 0.5, ""sg_spread_penalty_rate"": 0.2, ""sg_off_hours_penalty"": 0.25, ""sg_volatility_penalty"": 0.05, ""sg_recent_loss_penalty"": 0.1}",1021,54.63,62.77,2.45,453599.0,1.18,3.68,15.12,2.0608,56.9
p2_10474b19,2,"{""timeframes"": [""M1"", ""M15"", ""H1"", ""H4""], ""regime_detection_tf"": ""H1"", ""htf_alignment_tfs"": [""H4""], ""consensus_threshold"": 3.5, ""max_positions"": 1, ""bonus_max_positions"": 0, ""consensus_primary_weight"": 2.0, ""consensus_entry_weight"": 1.5, ""consensus_confirm_weight"": 3.0, ""consensus_manage_weight"": 0.5, ""consensus_other_weight"": 1.0, ""trailing_start_r"": 2.5, ""trailing_atr_mult"": 2.0, ""stag_exit_minutes"": 180.0, ""partial_1r_ratio"": 0.05, ""early_be_r"": 0.5, ""signal_rev_ratio"": 0.5, ""tp_sl_ratio"": 1.2, ""sl_min_pips"": 8.0, ""range_day_bbw_threshold"": 0.25, ""range_day_score_premium"": 0.3, ""weak_hours_score_premium"": 0.5, ""sg_spread_penalty_rate"": 0.2, ""sg_off_hours_penalty"": 0.25, ""sg_volatility_penalty"": 0.05, ""sg_recent_loss_penalty"": 0.1}",1202,66.54,79.44,3.03,1193765.0,1.55,4.95,39.79,2.983,63.0
p2_735b8322,2,"{""timeframes"": [""M1"", ""M15"", ""H1"", ""H4""], ""regime_detection_tf"": ""H1"", ""htf_alignment_tfs"": [""H4""], ""consensus_threshold"": 4.0, ""max_positions"": 1, ""bonus_max_positions"": 0, ""consensus_primary_weight"": 2.0, ""consensus_entry_weight"": 1.5, ""consensus_confirm_weight"": 3.0, ""consensus_manage_weight"": 0.5, ""consensus_other_weight"": 1.0, ""trailing_start_r"": 2.5, ""trailing_atr_mult"": 2.0, ""stag_exit_minutes"": 180.0, ""partial_1r_ratio"": 0.05, ""early_be_r"": 0.5, ""signal_rev_ratio"": 0.5, ""tp_sl_ratio"": 1.2, ""sl_min_pips"": 8.0, ""range_day_bbw_threshold"": 0.25, ""range_day_score_premium"": 0.3, ""weak_hours_score_premium"": 0.5, ""sg_spread_penalty_rate"": 0.2, ""sg_off_hours_penalty"": 0.25, ""sg_volatility_penalty"": 0.05, ""sg_recent_loss_penalty"": 0.1}",1101,66.52,79.55,3.52,1123407.0,1.5,5.02,37.45,3.4672,59.7
p2_7d819cb9,2,"{""timeframes"": [""M1"", ""M15"", ""H1"", ""H4""], ""regime_detection_tf"": ""H1"", ""htf_alignment_tfs"": [""H4""], ""consensus_threshold"": 4.25, ""max_positions"": 1, ""bonus_max_positions"": 0, ""consensus_primary_weight"": 2.0, ""consensus_entry_weight"": 1.5, ""consensus_confirm_weight"": 3.0, ""consensus_manage_weight"": 0.5, ""consensus_other_weight"": 1.0, ""trailing_start_r"": 2.5, ""trailing_atr_mult"": 2.0, ""stag_exit_minutes"": 180.0, ""partial_1r_ratio"": 0.05, ""early_be_r"": 0.5, ""signal_rev_ratio"": 0.5, ""tp_sl_ratio"": 1.2, ""sl_min_pips"": 8.0, ""range_day_bbw_threshold"": 0.25, ""range_day_score_premium"": 0.3, ""weak_hours_score_premium"": 0.5, ""sg_spread_penalty_rate"": 0.2, ""sg_off_hours_penalty"": 0.25, ""sg_volatility_penalty"": 0.05, ""sg_recent_loss_penalty"": 0.1}",1043,66.63,79.82,3.45,1021060.0,1.55,4.9,34.04,3.3965,60.5
p2_09edaeab,2,"{""timeframes"": [""M1"", ""M15"", ""H1"", ""H4""], ""regime_detection_tf"": ""H1"", ""htf_alignment_tfs"": [""H4""], ""consensus_threshold"": 4.75, ""max_positions"": 1, ""bonus_max_positions"": 0, ""consensus_primary_weight"": 2.0, ""consensus_entry_weight"": 1.5, ""consensus_confirm_weight"": 3.0, ""consensus_manage_weight"": 0.5, ""consensus_other_weight"": 1.0, ""trailing_start_r"": 2.5, ""trailing_atr_mult"": 2.0, ""stag_exit_minutes"": 180.0, ""partial_1r_ratio"": 0.05, ""early_be_r"": 0.5, ""signal_rev_ratio"": 0.5, ""tp_sl_ratio"": 1.2, ""sl_min_pips"": 8.0, ""range_day_bbw_threshold"": 0.25, ""range_day_score_premium"": 0.3, ""weak_hours_score_premium"": 0.5, ""sg_spread_penalty_rate"": 0.2, ""sg_off_hours_penalty"": 0.25, ""sg_volatility_penalty"": 0.05, ""sg_recent_loss_penalty"": 0.1}",933,65.72,79.0,3.41,852921.0,1.54,4.76,28.43,3.3048,62.2
p2_1faa28f4,2,"{""timeframes"": [""M1"", ""M15"", ""H1"", ""H4""], ""regime_detection_tf"": ""H1"", ""htf_alignment_tfs"": [""H4""], ""consensus_threshold"": 5.0, ""max_positions"": 1, ""bonus_max_positions"": 0, ""consensus_primary_weight"": 2.0, ""consensus_entry_weight"": 1.5, ""consensus_confirm_weight"": 3.0, ""consensus_manage_weight"": 0.5, ""consensus_other_weight"": 1.0, ""trailing_start_r"": 2.5, ""trailing_atr_mult"": 2.0, ""stag_exit_minutes"": 180.0, ""partial_1r_ratio"": 0.05, ""early_be_r"": 0.5, ""signal_rev_ratio"": 0.5, ""tp_sl_ratio"": 1.2, ""sl_min_pips"": 8.0, ""range_day_bbw_threshold"": 0.25, ""range_day_score_premium"": 0.3, ""weak_hours_score_premium"": 0.5, ""sg_spread_penalty_rate"": 0.2, ""sg_off_hours_penalty"": 0.25, ""sg_volatility_penalty"": 0.05, ""sg_recent_loss_penalty"": 0.1}",893,65.4,78.73,3.31,768446.0,1.49,4.49,25.61,3.1175,57.9
p2_9332bd7e,2,"{""timeframes"": [""M1"", ""M15"", ""H1"", ""H4""], ""regime_detection_tf"": ""H1"", ""htf_alignment_tfs"": [""H4""], ""consensus_threshold"": 5.5, ""max_positions"": 1, ""bonus_max_positions"": 0, ""consensus_primary_weight"": 2.0, ""consensus_entry_weight"": 1.5, ""consensus_confirm_weight"": 3.0, ""consensus_manage_weight"": 0.5, ""consensus_other_weight"": 1.0, ""trailing_start_r"": 2.5, ""trailing_atr_mult"": 2.0, ""stag_exit_minutes"": 180.0, ""partial_1r_ratio"": 0.05, ""early_be_r"": 0.5, ""signal_rev_ratio"": 0.5, ""tp_sl_ratio"": 1.2, ""sl_min_pips"": 8.0, ""range_day_bbw_threshold"": 0.25, ""range_day_score_premium"": 0.3, ""weak_hours_score_premium"": 0.5, ""sg_spread_penalty_rate"": 0.2, ""sg_off_hours_penalty"": 0.25, ""sg_volatility_penalty"": 0.05, ""sg_recent_loss_penalty"": 0.1}",748,63.36,77.87,3.1,576754.0,1.76,3.95,19.23,2.7174,61.4
p2_93cee981,2,"{""timeframes"": [""M1"", ""M15"", ""H1"", ""H4""], ""regime_detection_tf"": ""H1"", ""htf_alignment_tfs"": [""H4""], ""consensus_threshold"": 4.5, ""max_positions"": 1, ""bonus_max_positions"": 0, ""consensus_primary_weight"": 2.0, ""consensus_entry_weight"": 1.5, ""consensus_confirm_weight"": 3.0, ""consensus_manage_weight"": 0.5, ""consensus_other_weight"": 1.0, ""trailing_start_r"": 2.5, ""trailing_atr_mult"": 2.0, ""stag_exit_minutes"": 180.0, ""partial_1r_ratio"": 0.05, ""early_be_r"": 0.5, ""signal_rev_ratio"": 0.5, ""tp_sl_ratio"": 1.5, ""sl_min_pips"": 10.0, ""range_day_bbw_threshold"": 0.25, ""range_day_score_premium"": 0.3, ""weak_hours_score_premium"": 0.3, ""sg_spread_penalty_rate"": 0.3, ""sg_off_hours_penalty"": 0.3, ""sg_volatility_penalty"": 0.05, ""sg_recent_loss_penalty"": 0.1}",992,66.91,80.22,3.62,966624.0,1.5,5.01,32.22,3.5657,59.9
p2_e8d515f5,2,"{""timeframes"": [""M1"", ""M15"", ""H1"", ""H4""], ""regime_detection_tf"": ""H1"", ""htf_alignment_tfs"": [""H4""], ""consensus_threshold"": 4.5, ""max_positions"": 1, ""bonus_max_positions"": 0, ""consensus_primary_weight"": 2.0, ""consensus_entry_weight"": 1.5, ""consensus_confirm_weight"": 3.0, ""consensus_manage_weight"": 0.5, ""consensus_other_weight"": 1.0, ""trailing_start_r"": 2.5, ""trailing_atr_mult"": 2.0, ""stag_exit_minutes"": 180.0, ""partial_1r_ratio"": 0.05, ""early_be_r"": 0.5, ""signal_rev_ratio"": 0.5, ""tp_sl_ratio"": 1.0, ""sl_min_pips"": 8.0, ""range_day_bbw_threshold"": 0.25, ""range_day_score_premium"": 0.3, ""weak_hours_score_premium"": 0.7, ""sg_spread_penalty_rate"": 0.1, ""sg_off_hours_penalty"": 0.1, ""sg_volatility_penalty"": 0.05, ""sg_recent_loss_penalty"": 0.1}",985,66.89,80.4,3.65,966668.0,1.59,5.04,32.22,3.592,61.6
p2_5419dc08,2,"{""timeframes"": [""M1"", ""M15"", ""H1"", ""H4""], ""regime_detection_tf"": ""H1"", ""htf_alignment_tfs"": [""H4""], ""consensus_threshold"": 4.5, ""max_positions"": 1, ""bonus_max_positions"": 0, ""consensus_primary_weight"": 2.0, ""consensus_entry_weight"": 1.5, ""consensus_confirm_weight"": 3.0, ""consensus_manage_weight"": 0.5, ""consensus_other_weight"": 1.0, ""trailing_start_r"": 2.5, ""trailing_atr_mult"": 2.0, ""stag_exit_minutes"": 180.0, ""partial_1r_ratio"": 0.05, ""early_be_r"": 0.5, ""signal_rev_ratio"": 0.5, ""tp_sl_ratio"": 1.2, ""sl_min_pips"": 5.0, ""range_day_bbw_threshold"": 0.25, ""range_day_score_premium"": 0.3, ""weak_hours_score_premium"": 0.5, ""sg_spread_penalty_rate"": 0.5, ""sg_off_hours_penalty"": 0.15, ""sg_volatility_penalty"": 0.05, ""sg_recent_loss_penalty"": 0.1}",990,66.94,80.28,3.64,970348.0,1.5,5.04,32.34,3.5854,62.2
p2_14c39bf6,2,"{""timeframes"": [""M1"", ""M15"", ""H1"", ""H4""], ""regime_detection_tf"": ""H1"", ""htf_alignment_tfs"": [""H4""], ""consensus_threshold"": 4.5, ""max_positions"": 1, ""bonus_max_positions"": 0, ""consensus_primary_weight"": 2.0, ""consensus_entry_weight"": 1.5, ""consensus_confirm_weight"": 3.0, ""consensus_manage_weight"": 0.5, ""consensus_other_weight"": 1.0, ""trailing_start_r"": 2.5, ""trailing_atr_mult"": 2.0, ""stag_exit_minutes"": 180.0, ""partial_1r_ratio"": 0.05, ""early_be_r"": 0.5, ""signal_rev_ratio"": 0.5, ""tp_sl_ratio"": 0.8, ""sl_min_pips"": 12.0, ""range_day_bbw_threshold"": 0.25, ""range_day_score_premium"": 0.3, ""weak_hours_score_premium"": 0.0, ""sg_spread_penalty_rate"": 0.2, ""sg_off_hours_penalty"": 0.25, ""sg_volatility_penalty"": 0.05, ""sg_recent_loss_penalty"": 0.1}",980,65.6,78.87,3.03,824863.0,1.5,4.65,27.5,2.9099,59.3
p2_c934a177,2,"{""timeframes"": [""M1"", ""M5"", ""M15"", ""H1"", ""H4""], ""regime_detection_tf"": ""H1"", ""htf_alignment_tfs"": [""H4""], ""consensus_threshold"": 2.0, ""max_positions"": 3, ""bonus_max_positions"": 0, ""consensus_primary_weight"": 2.0, ""consensus_entry_weight"": 1.5, ""consensus_confirm_weight"": 5.0, ""consensus_manage_weight"": 1.5, ""consensus_other_weight"": 2.0, ""trailing_start_r"": 2.5, ""trailing_atr_mult"": 2.0, ""stag_exit_minutes"": 180.0, ""partial_1r_ratio"": 0.05, ""early_be_r"": 0.5, ""signal_rev_ratio"": 0.5, ""tp_sl_ratio"": 1.2, ""sl_min_pips"": 8.0, ""range_day_bbw_threshold"": 0.25, ""range_day_score_premium"": 0.3, ""weak_hours_score_premium"": 0.5, ""sg_spread_penalty_rate"": 0.2, ""sg_off_hours_penalty"": 0.25, ""sg_volatility_penalty"": 0.05, ""sg_recent_loss_penalty"": 0.1}",5627,57.76,72.67,1.64,2836840.0,8.41,2.93,94.56,1.5021,56.8
p2_3c92529d,2,"{""timeframes"": [""M1"", ""M5"", ""M15"", ""H1"", ""H4""], ""regime_detection_tf"": ""H1"", ""htf_alignment_tfs"": [""H4""], ""consensus_threshold"": 2.0, ""max_positions"": 3, ""bonus_max_positions"": 0, ""consensus_primary_weight"": 1.5, ""consensus_entry_weight"": 2.5, ""consensus_confirm_weight"": 5.0, ""consensus_manage_weight"": 0.5, ""consensus_other_weight"": 1.0, ""trailing_start_r"": 2.5, ""trailing_atr_mult"": 2.0, ""stag_exit_minutes"": 180.0, ""partial_1r_ratio"": 0.05, ""early_be_r"": 0.5, ""signal_rev_ratio"": 0.5, ""tp_sl_ratio"": 1.2, ""sl_min_pips"": 8.0, ""range_day_bbw_threshold"": 0.25, ""range_day_score_premium"": 0.3, ""weak_hours_score_premium"": 0.5, ""sg_spread_penalty_rate"": 0.2, ""sg_off_hours_penalty"": 0.25, ""sg_volatility_penalty"": 0.05, ""sg_recent_loss_penalty"": 0.1}",5705,57.57,72.52,1.62,2839708.0,8.52,2.87,94.66,1.482,55.7
p2_c31724bf,2,"{""timeframes"": [""M1"", ""M5"", ""M15"", ""H1"", ""H4""], ""regime_detection_tf"": ""H1"", ""htf_alignment_tfs"": [""H4""], ""consensus_threshold"": 2.0, ""max_positions"": 3, ""bonus_max_positions"": 0, ""consensus_primary_weight"": 2.0, ""consensus_entry_weight"": 1.0, ""consensus_confirm_weight"": 2.0, ""consensus_manage_weight"": 1.5, ""consensus_other_weight"": 0.5, ""trailing_start_r"": 2.5, ""trailing_atr_mult"": 2.0, ""stag_exit_minutes"": 180.0, ""partial_1r_ratio"": 0.05, ""early_be_r"": 0.5, ""signal_rev_ratio"": 0.5, ""tp_sl_ratio"": 1.2, ""sl_min_pips"": 8.0, ""range_day_bbw_threshold"": 0.25, ""range_day_score_premium"": 0.3, ""weak_hours_score_premium"": 0.5, ""sg_spread_penalty_rate"": 0.2, ""sg_off_hours_penalty"": 0.25, ""sg_volatility_penalty"": 0.05, ""sg_recent_loss_penalty"": 0.1}",5486,58.52,74.22,1.79,3518868.0,5.82,3.48,117.3,1.6858,58.8
p2_c943dc40,2,"{""timeframes"": [""M1"", ""M5"", ""M15"", ""H1"", ""H4""], ""regime_detection_tf"": ""H1"", ""htf_alignment_tfs"": [""H4""], ""consensus_threshold"": 2.0, ""max_positions"": 3, ""bonus_max_positions"": 0, ""consensus_primary_weight"": 2.0, ""consensus_entry_weight"": 3.0, ""consensus_confirm_weight"": 4.0, ""consensus_manage_weight"": 0.5, ""consensus_other_weight"": 0.5, ""trailing_start_r"": 2.5, ""trailing_atr_mult"": 2.0, ""stag_exit_minutes"": 180.0, ""partial_1r_ratio"": 0.05, ""early_be_r"": 0.5, ""signal_rev_ratio"": 0.5, ""tp_sl_ratio"": 1.2, ""sl_min_pips"": 8.0, ""range_day_bbw_threshold"": 0.25, ""range_day_score_premium"": 0.3, ""weak_hours_score_premium"": 0.5, ""sg_spread_penalty_rate"": 0.2, ""sg_off_hours_penalty"": 0.25, ""sg_volatility_penalty"": 0.05, ""sg_recent_loss_penalty"": 0.1}",5696,57.36,72.45,1.63,2860462.0,8.45,2.88,95.35,1.4923,57.1
p2_d8072bb7,2,"{""timeframes"": [""M1"", ""M5"", ""M15"", ""H1"", ""H4""], ""regime_detection_tf"": ""H1"", ""htf_alignment_tfs"": [""H4""], ""consensus_threshold"": 2.0, ""max_positions"": 3, ""bonus_max_positions"": 0, ""consensus_primary_weight"": 2.5, ""consensus_entry_weight"": 1.0, ""consensus_confirm_weight"": 2.0, ""consensus_manage_weight"": 1.5, ""consensus_other_weight"": 2.0, ""trailing_start_r"": 2.5, ""trailing_atr_mult"": 2.0, ""stag_exit_minutes"": 180.0, ""partial_1r_ratio"": 0.05, ""early_be_r"": 0.5, ""signal_rev_ratio"": 0.5, ""tp_sl_ratio"": 1.2, ""sl_min_pips"": 8.0, ""range_day_bbw_threshold"": 0.25, ""range_day_score_premium"": 0.3, ""weak_hours_score_premium"": 0.5, ""sg_spread_penalty_rate"": 0.2, ""sg_off_hours_penalty"": 0.25, ""sg_volatility_penalty"": 0.05, ""sg_recent_loss_penalty"": 0.1}",5536,58.39,74.21,1.74,3319515.0,9.22,3.38,110.65,1.5796,58.3
p2_eab19a38,2,"{""timeframes"": [""M1"", ""M5"", ""M15"", ""H1"", ""H4""], ""regime_detection_tf"": ""H1"", ""htf_alignment_tfs"": [""H4""], ""consensus_threshold"": 2.0, ""max_positions"": 3, ""bonus_max_positions"": 0, ""consensus_primary_weight"": 1.5, ""consensus_entry_weight"": 2.0, ""consensus_confirm_weight"": 3.0, ""consensus_manage_weight"": 0.5, ""consensus_other_weight"": 0.5, ""trailing_start_r"": 2.5, ""trailing_atr_mult"": 2.0, ""stag_exit_minutes"": 180.0, ""partial_1r_ratio"": 0.05, ""early_be_r"": 0.5, ""signal_rev_ratio"": 0.5, ""tp_sl_ratio"": 1.2, ""sl_min_pips"": 8.0, ""range_day_bbw_threshold"": 0.25, ""range_day_score_premium"": 0.3, ""weak_hours_score_premium"": 0.5, ""sg_spread_penalty_rate"": 0.2, ""sg_off_hours_penalty"": 0.25, ""sg_volatility_penalty"": 0.05, ""sg_recent_loss_penalty"": 0.1}",5642,59.02,74.22,1.74,3316244.0,8.39,3.31,110.54,1.594,58.7
p2_b2b685e3,2,"{""timeframes"": [""M1"", ""M5"", ""M15"", ""H1"", ""H4""], ""regime_detection_tf"": ""H1"", ""htf_alignment_tfs"": [""H4""], ""consensus_threshold"": 2.0, ""max_positions"": 3, ""bonus_max_positions"": 0, ""consensus_primary_weight"": 2.5, ""consensus_entry_weight"": 3.0, ""consensus_confirm_weight"": 4.0, ""consensus_manage_weight"": 1.0, ""consensus_other_weight"": 1.0, ""trailing_start_r"": 2.5, ""trailing_atr_mult"": 2.0, ""stag_exit_minutes"": 180.0, ""partial_1r_ratio"": 0.05, ""early_be_r"": 0.5, ""signal_rev_ratio"": 0.5, ""tp_sl_ratio"": 1.2, ""sl_min_pips"": 8.0, ""range_day_bbw_threshold"": 0.25, ""range_day_score_premium"": 0.3, ""weak_hours_score_premium"": 0.5, ""sg_spread_penalty_rate"": 0.2, ""sg_off_hours_penalty"": 0.25, ""sg_volatility_penalty"": 0.05, ""sg_recent_loss_penalty"": 0.1}",5661,57.3,72.54,1.63,2889243.0,7.84,2.85,96.31,1.5022,58.9
p2_38b668a0,2,"{""timeframes"": [""M1"", ""M5"", ""M15"", ""H1"", ""H4""], ""regime_detection_tf"": ""H1"", ""htf_alignment_tfs"": [""H4""], ""consensus_threshold"": 2.0, ""max_positions"": 3, ""bonus_max_positions"": 0, ""consensus_primary_weight"": 1.5, ""consensus_entry_weight"": 1.5, ""consensus_confirm_weight"": 2.0, ""consensus_manage_weight"": 1.0, ""consensus_other_weight"": 1.0, ""trailing_start_r"": 2.5, ""trailing_atr_mult"": 2.0, ""stag_exit_minutes"": 180.0, ""partial_1r_ratio"": 0.05, ""early_be_r"": 0.5, ""signal_rev_ratio"": 0.5, ""tp_sl_ratio"": 1.2, ""sl_min_pips"": 8.0, ""range_day_bbw_threshold"": 0.25, ""range_day_score_premium"": 0.3, ""weak_hours_score_premium"": 0.5, ""sg_spread_penalty_rate"": 0.2, ""sg_off_hours_penalty"": 0.25, ""sg_volatility_penalty"": 0.05, ""sg_recent_loss_penalty"": 0.1}",5520,57.94,74.01,1.75,3385181.0,6.18,3.44,112.84,1.6419,61.1
p2_6ba5277d,2,"{""timeframes"": [""M1"", ""M5"", ""M15"", ""H1"", ""H4""], ""regime_detection_tf"": ""H1"", ""htf_alignment_tfs"": [""H4""], ""consensus_threshold"": 2.0, ""max_positions"": 3, ""bonus_max_positions"": 0, ""consensus_primary_weight"": 3.0, ""consensus_entry_weight"": 2.5, ""consensus_confirm_weight"": 3.0, ""consensus_manage_weight"": 0.5, ""consensus_other_weight"": 2.0, ""trailing_start_r"": 2.5, ""trailing_atr_mult"": 2.0, ""stag_exit_minutes"": 180.0, ""partial_1r_ratio"": 0.05, ""early_be_r"": 0.5, ""signal_rev_ratio"": 0.5, ""tp_sl_ratio"": 1.2, ""sl_min_pips"": 8.0, ""range_day_bbw_threshold"": 0.25, ""range_day_score_premium"": 0.3, ""weak_hours_score_premium"": 0.5, ""sg_spread_penalty_rate"": 0.2, ""sg_off_hours_penalty"": 0.25, ""sg_volatility_penalty"": 0.05, ""sg_recent_loss_penalty"": 0.1}",5593,56.98,72.48,1.66,3024599.0,8.08,2.87,100.82,1.5259,57.5
p2_ecec1d70,2,"{""timeframes"": [""M1"", ""M5"", ""M15"", ""H1"", ""H4""], ""regime_detection_tf"": ""H1"", ""htf_alignment_tfs"": [""H4""], ""consensus_threshold"": 2.0, ""max_positions"": 3, ""bonus_max_positions"": 0, ""consensus_primary_weight"": 3.0, ""consensus_entry_weight"": 2.0, ""consensus_confirm_weight"": 3.0, ""consensus_manage_weight"": 1.0, ""consensus_other_weight"": 0.5, ""trailing_start_r"": 2.5, ""trailing_atr_mult"": 2.0, ""stag_exit_minutes"": 180.0, ""partial_1r_ratio"": 0.05, ""early_be_r"": 0.5, ""signal_rev_ratio"": 0.5, ""tp_sl_ratio"": 1.2, ""sl_min_pips"": 8.0, ""range_day_bbw_threshold"": 0.25, ""range_day_score_premium"": 0.3, ""weak_hours_score_premium"": 0.5, ""sg_spread_penalty_rate"": 0.2, ""sg_off_hours_penalty"": 0.25, ""sg_volatility_penalty"": 0.05, ""sg_recent_loss_penalty"": 0.1}",5631,57.12,72.74,1.68,3118050.0,7.6,2.99,103.94,1.5523,59.0
p2_fea345c0,2,"{""timeframes"": [""M1"", ""M5"", ""M15"", ""H1"", ""H4""], ""regime_detection_tf"": ""H1"", ""htf_alignment_tfs"": [""H4""], ""consensus_threshold"": 2.0, ""max_positions"": 3, ""bonus_max_positions"": 0, ""consensus_primary_weight"": 2.0, ""consensus_entry_weight"": 1.5, ""consensus_confirm_weight"": 3.0, ""consensus_manage_weight"": 0.5, ""consensus_other_weight"": 1.0, ""trailing_start_r"": 2.5, ""trailing_atr_mult"": 1.0, ""stag_exit_minutes"": 60.0, ""partial_1r_ratio"": 0.1, ""early_be_r"": 0.5, ""signal_rev_ratio"": 0.25, ""tp_sl_ratio"": 1.2, ""sl_min_pips"": 8.0, ""range_day_bbw_threshold"": 0.25, ""range_day_score_premium"": 0.3, ""weak_hours_score_premium"": 0.5, ""sg_spread_penalty_rate"": 0.2, ""sg_off_hours_penalty"": 0.25, ""sg_volatility_penalty"": 0.05, ""sg_recent_loss_penalty"": 0.1}",4809,51.4,64.41,1.54,2174927.0,9.12,2.14,72.5,1.3996,54.0
p2_e03903f9,2,"{""timeframes"": [""M1"", ""M5"", ""M15"", ""H1"", ""H4""], ""regime_detection_tf"": ""H1"", ""htf_alignment_tfs"": [""H4""], ""consensus_threshold"": 2.0, ""max_positions"": 3, ""bonus_max_positions"": 0, ""consensus_primary_weight"": 2.0, ""consensus_entry_weight"": 1.5, ""consensus_confirm_weight"": 3.0, ""consensus_manage_weight"": 0.5, ""consensus_other_weight"": 1.0, ""trailing_start_r"": 2.5, ""trailing_atr_mult"": 1.5, ""stag_exit_minutes"": 60.0, ""partial_1r_ratio"": 0.05, ""early_be_r"": 0.5, ""signal_rev_ratio"": 0.75, ""tp_sl_ratio"": 1.2, ""sl_min_pips"": 8.0, ""range_day_bbw_threshold"": 0.25, ""range_day_score_premium"": 0.3, ""weak_hours_score_premium"": 0.5, ""sg_spread_penalty_rate"": 0.2, ""sg_off_hours_penalty"": 0.25, ""sg_volatility_penalty"": 0.05, ""sg_recent_loss_penalty"": 0.1}",4739,51.54,64.7,1.61,2338776.0,9.48,2.27,77.96,1.4574,55.0
p2_b4040dd5,2,"{""timeframes"": [""M1"", ""M5"", ""M15"", ""H1"", ""H4""], ""regime_detection_tf"": ""H1"", ""htf_alignment_tfs"": [""H4""], ""consensus_threshold"": 2.0, ""max_positions"": 3, ""bonus_max_positions"": 0, ""consensus_primary_weight"": 2.0, ""consensus_entry_weight"": 1.5, ""consensus_confirm_weight"": 3.0, ""consensus_manage_weight"": 0.5, ""consensus_other_weight"": 1.0, ""trailing_start_r"": 0.5, ""trailing_atr_mult"": 1.5, ""stag_exit_minutes"": 120.0, ""partial_1r_ratio"": 0.1, ""early_be_r"": 0.3, ""signal_rev_ratio"": 0.5, ""tp_sl_ratio"": 1.2, ""sl_min_pips"": 8.0, ""range_day_bbw_threshold"": 0.25, ""range_day_score_premium"": 0.3, ""weak_hours_score_premium"": 0.5, ""sg_spread_penalty_rate"": 0.2, ""sg_off_hours_penalty"": 0.25, ""sg_volatility_penalty"": 0.05, ""sg_recent_loss_penalty"": 0.1}",5960,57.64,71.19,1.75,3415488.0,6.99,3.89,113.85,1.6277,56.6
p2_b66edb8b,2,"{""timeframes"": [""M1"", ""M5"", ""M15"", ""H1"", ""H4""], ""regime_detection_tf"": ""H1"", ""htf_alignment_tfs"": [""H4""], ""consensus_threshold"": 2.0, ""max_positions"": 3, ""bonus_max_positions"": 0, ""consensus_primary_weight"": 2.0, ""consensus_entry_weight"": 1.5, ""consensus_confirm_weight"": 3.0, ""consensus_manage_weight"": 0.5, ""consensus_other_weight"": 1.0, ""trailing_start_r"": 0.5, ""trailing_atr_mult"": 2.0, ""stag_exit_minutes"": 240.0, ""partial_1r_ratio"": 0.05, ""early_be_r"": 0.3, ""signal_rev_ratio"": 0.0, ""tp_sl_ratio"": 1.2, ""sl_min_pips"": 8.0, ""range_day_bbw_threshold"": 0.25, ""range_day_score_premium"": 0.3, ""weak_hours_score_premium"": 0.5, ""sg_spread_penalty_rate"": 0.2, ""sg_off_hours_penalty"": 0.25, ""sg_volatility_penalty"": 0.05, ""sg_recent_loss_penalty"": 0.1}",5967,59.92,74.48,1.81,3892303.0,7.38,4.2,129.74,1.6764,60.5
p2_3d722440,2,"{""timeframes"": [""M1"", ""M5"", ""M15"", ""H1"", ""H4""], ""regime_detection_tf"": ""H1"", ""htf_alignment_tfs"": [""H4""], ""consensus_threshold"": 2.0, ""max_positions"": 3, ""bonus_max_positions"": 0, ""consensus_primary_weight"": 2.0, ""consensus_entry_weight"": 1.5, ""consensus_confirm_weight"": 3.0, ""consensus_manage_weight"": 0.5, ""consensus_other_weight"": 1.0, ""trailing_start_r"": 1.5, ""trailing_atr_mult"": 1.0, ""stag_exit_minutes"": 120.0, ""partial_1r_ratio"": 0.0, ""early_be_r"": 0.7, ""signal_rev_ratio"": 0.75, ""tp_sl_ratio"": 1.2, ""sl_min_pips"": 8.0, ""range_day_bbw_threshold"": 0.25, ""range_day_score_premium"": 0.3, ""weak_hours_score_premium"": 0.5, ""sg_spread_penalty_rate"": 0.2, ""sg_off_hours_penalty"": 0.25, ""sg_volatility_penalty"": 0.05, ""sg_recent_loss_penalty"": 0.1}",4241,47.43,61.51,1.73,3358662.0,9.41,3.23,111.96,1.4867,56.1
p2_73e6eeb8,2,"{""timeframes"": [""M1"", ""M5"", ""M15"", ""H1"", ""H4""], ""regime_detection_tf"": ""H1"", ""htf_alignment_tfs"": [""H4""], ""consensus_threshold"": 2.0, ""max_positions"": 3, ""bonus_max_positions"": 0, ""consensus_primary_weight"": 2.0, ""consensus_entry_weight"": 1.5, ""consensus_confirm_weight"": 3.0, ""consensus_manage_weight"": 0.5, ""consensus_other_weight"": 1.0, ""trailing_start_r"": 2.0, ""trailing_atr_mult"": 2.5, ""stag_exit_minutes"": 180.0, ""partial_1r_ratio"": 0.05, ""early_be_r"": 1.0, ""signal_rev_ratio"": 0.25, ""tp_sl_ratio"": 1.2, ""sl_min_pips"": 8.0, ""range_day_bbw_threshold"": 0.25, ""range_day_score_premium"": 0.3, ""weak_hours_score_premium"": 0.5, ""sg_spread_penalty_rate"": 0.2, ""sg_off_hours_penalty"": 0.25, ""sg_volatility_penalty"": 0.05, ""sg_recent_loss_penalty"": 0.1}",5517,61.34,70.48,1.59,2948256.0,9.29,2.91,98.28,1.4423,55.7
p2_ce5ae5c3,2,"{""timeframes"": [""M1"", ""M5"", ""M15"", ""H1"", ""H4""], ""regime_detection_tf"": ""H1"", ""htf_alignment_tfs"": [""H4""], ""consensus_threshold"": 2.0, ""max_positions"": 3, ""bonus_max_positions"": 0, ""consensus_primary_weight"": 2.0, ""consensus_entry_weight"": 1.5, ""consensus_confirm_weight"": 3.0, ""consensus_manage_weight"": 0.5, ""consensus_other_weight"": 1.0, ""trailing_start_r"": 2.0, ""trailing_atr_mult"": 2.5, ""stag_exit_minutes"": 30.0, ""partial_1r_ratio"": 0.0, ""early_be_r"": 0.7, ""signal_rev_ratio"": 0.25, ""tp_sl_ratio"": 1.2, ""sl_min_pips"": 8.0, ""range_day_bbw_threshold"": 0.25, ""range_day_score_premium"": 0.3, ""weak_hours_score_premium"": 0.5, ""sg_spread_penalty_rate"": 0.2, ""sg_off_hours_penalty"": 0.25, ""sg_volatility_penalty"": 0.05, ""sg_recent_loss_penalty"": 0.1}",3199,38.18,48.05,1.42,1334367.0,8.94,1.72,44.48,0.9874,50.1
p2_2b5afdda,2,"{""timeframes"": [""M1"", ""M5"", ""M15"", ""H1"", ""H4""], ""regime_detection_tf"": ""H1"", ""htf_alignment_tfs"": [""H4""], ""consensus_threshold"": 2.0, ""max_positions"": 3, ""bonus_max_positions"": 0, ""consensus_primary_weight"": 2.0, ""consensus_entry_weight"": 1.5, ""consensus_confirm_weight"": 3.0, ""consensus_manage_weight"": 0.5, ""consensus_other_weight"": 1.0, ""trailing_start_r"": 1.5, ""trailing_atr_mult"": 1.0, ""stag_exit_minutes"": 180.0, ""partial_1r_ratio"": 0.0, ""early_be_r"": 1.0, ""signal_rev_ratio"": 0.0, ""tp_sl_ratio"": 1.2, ""sl_min_pips"": 8.0, ""range_day_bbw_threshold"": 0.25, ""range_day_score_premium"": 0.3, ""weak_hours_score_premium"": 0.5, ""sg_spread_penalty_rate"": 0.2, ""sg_off_hours_penalty"": 0.25, ""sg_volatility_penalty"": 0.05, ""sg_recent_loss_penalty"": 0.1}",4095,49.72,60.38,1.67,3333127.0,8.27,3.23,111.1,1.5233,60.0
p2_6312be26,2,"{""timeframes"": [""M1"", ""M5"", ""M15"", ""H1"", ""H4""], ""regime_detection_tf"": ""H1"", ""htf_alignment_tfs"": [""H4""], ""consensus_threshold"": 2.0, ""max_positions"": 3, ""bonus_max_positions"": 0, ""consensus_primary_weight"": 2.0, ""consensus_entry_weight"": 1.5, ""consensus_confirm_weight"": 3.0, ""consensus_manage_weight"": 0.5, ""consensus_other_weight"": 1.0, ""trailing_start_r"": 1.0, ""trailing_atr_mult"": 1.5, ""stag_exit_minutes"": 240.0, ""partial_1r_ratio"": 0.15, ""early_be_r"": 0.5, ""signal_rev_ratio"": 0.5, ""tp_sl_ratio"": 1.2, ""sl_min_pips"": 8.0, ""range_day_bbw_threshold"": 0.25, ""range_day_score_premium"": 0.3, ""weak_hours_score_premium"": 0.5, ""sg_spread_penalty_rate"": 0.2, ""sg_off_hours_penalty"": 0.25, ""sg_volatility_penalty"": 0.05, ""sg_recent_loss_penalty"": 0.1}",5907,59.86,73.5,1.68,3359763.0,6.95,3.61,111.99,1.5632,59.5
p2_5bda2841,2,"{""timeframes"": [""M1"", ""M5"", ""M15"", ""H1"", ""H4""], ""regime_detection_tf"": ""H1"", ""htf_alignment_tfs"": [""H4""], ""consensus_threshold"": 2.0, ""max_positions"": 3, ""bonus_max_positions"": 0, ""consensus_primary_weight"": 2.0, ""consensus_entry_weight"": 1.5, ""consensus_confirm_weight"": 3.0, ""consensus_manage_weight"": 0.5, ""consensus_other_weight"": 1.0, ""trailing_start_r"": 1.0, ""trailing_atr_mult"": 2.0, ""stag_exit_minutes"": 30.0, ""partial_1r_ratio"": 0.15, ""early_be_r"": 0.3, ""signal_rev_ratio"": 0.0, ""tp_sl_ratio"": 1.2, ""sl_min_pips"": 8.0, ""range_day_bbw_threshold"": 0.25, ""range_day_score_premium"": 0.3, ""weak_hours_score_premium"": 0.5, ""sg_spread_penalty_rate"": 0.2, ""sg_off_hours_penalty"": 0.25, ""sg_volatility_penalty"": 0.05, ""sg_recent_loss_penalty"": 0.1}",3842,42.79,55.18,1.3,1042185.0,9.91,1.15,34.74,1.0023,48.7
p2_2a24c738,2,"{""timeframes"": [""M1"", ""M5"", ""M15"", ""H1"", ""H4""], ""regime_detection_tf"": ""H1"", ""htf_alignment_tfs"": [""H4""], ""consensus_threshold"": 1.0, ""max_positions"": 3, ""bonus_max_positions"": 0, ""consensus_primary_weight"": 2.0, ""consensus_entry_weight"": 1.5, ""consensus_confirm_weight"": 3.0, ""consensus_manage_weight"": 0.5, ""consensus_other_weight"": 1.0, ""trailing_start_r"": 2.5, ""trailing_atr_mult"": 2.0, ""stag_exit_minutes"": 180.0, ""partial_1r_ratio"": 0.05, ""early_be_r"": 0.5, ""signal_rev_ratio"": 0.5, ""tp_sl_ratio"": 1.2, ""sl_min_pips"": 8.0, ""range_day_bbw_threshold"": 0.25, ""range_day_score_premium"": 0.3, ""weak_hours_score_premium"": 0.5, ""sg_spread_penalty_rate"": 0.2, ""sg_off_hours_penalty"": 0.25, ""sg_volatility_penalty"": 0.05, ""sg_recent_loss_penalty"": 0.1}",5734,58.52,73.68,1.7,3154043.0,10.58,3.13,105.13,1.5201,59.3
p2_4b47a3a0,2,"{""timeframes"": [""M1"", ""M5"", ""M15"", ""H1"", ""H4""], ""regime_detection_tf"": ""H1"", ""htf_alignment_tfs"": [""H4""], ""consensus_threshold"": 1.5, ""max_positions"": 3, ""bonus_max_positions"": 0, ""consensus_primary_weight"": 2.0, ""consensus_entry_weight"": 1.5, ""consensus_confirm_weight"": 3.0, ""consensus_manage_weight"": 0.5, ""consensus_other_weight"": 1.0, ""trailing_start_r"": 2.5, ""trailing_atr_mult"": 2.0, ""stag_exit_minutes"": 180.0, ""partial_1r_ratio"": 0.05, ""early_be_r"": 0.5, ""signal_rev_ratio"": 0.5, ""tp_sl_ratio"": 1.2, ""sl_min_pips"": 8.0, ""range_day_bbw_threshold"": 0.25, ""range_day_score_premium"": 0.3, ""weak_hours_score_premium"": 0.5, ""sg_spread_penalty_rate"": 0.2, ""sg_off_hours_penalty"": 0.25, ""sg_volatility_penalty"": 0.05, ""sg_recent_loss_penalty"": 0.1}",5750,58.79,73.91,1.73,3237112.0,8.68,3.23,107.9,1.5798,58.7
p2_ce3187fb,2,"{""timeframes"": [""M1"", ""M5"", ""M15"", ""H1"", ""H4""], ""regime_detection_tf"": ""H1"", ""htf_alignment_tfs"": [""H4""], ""consensus_threshold"": 1.75, ""max_positions"": 3, ""bonus_max_positions"": 0, ""consensus_primary_weight"": 2.0, ""consensus_entry_weight"": 1.5, ""consensus_confirm_weight"": 3.0, ""consensus_manage_weight"": 0.5, ""consensus_other_weight"": 1.0, ""trailing_start_r"": 2.5, ""trailing_atr_mult"": 2.0, ""stag_exit_minutes"": 180.0, ""partial_1r_ratio"": 0.05, ""early_be_r"": 0.5, ""signal_rev_ratio"": 0.5, ""tp_sl_ratio"": 1.2, ""sl_min_pips"": 8.0, ""range_day_bbw_threshold"": 0.25, ""range_day_score_premium"": 0.3, ""weak_hours_score_premium"": 0.5, ""sg_spread_penalty_rate"": 0.2, ""sg_off_hours_penalty"": 0.25, ""sg_volatility_penalty"": 0.05, ""sg_recent_loss_penalty"": 0.1}",5761,58.7,73.8,1.72,3231638.0,8.72,3.22,107.72,1.57,58.3
p2_4158cab8,2,"{""timeframes"": [""M1"", ""M5"", ""M15"", ""H1"", ""H4""], ""regime_detection_tf"": ""H1"", ""htf_alignment_tfs"": [""H4""], ""consensus_threshold"": 2.25, ""max_positions"": 3, ""bonus_max_positions"": 0, ""consensus_primary_weight"": 2.0, ""consensus_entry_weight"": 1.5, ""consensus_confirm_weight"": 3.0, ""consensus_manage_weight"": 0.5, ""consensus_other_weight"": 1.0, ""trailing_start_r"": 2.5, ""trailing_atr_mult"": 2.0, ""stag_exit_minutes"": 180.0, ""partial_1r_ratio"": 0.05, ""early_be_r"": 0.5, ""signal_rev_ratio"": 0.5, ""tp_sl_ratio"": 1.2, ""sl_min_pips"": 8.0, ""range_day_bbw_threshold"": 0.25, ""range_day_score_premium"": 0.3, ""weak_hours_score_premium"": 0.5, ""sg_spread_penalty_rate"": 0.2, ""sg_off_hours_penalty"": 0.25, ""sg_volatility_penalty"": 0.05, ""sg_recent_loss_penalty"": 0.1}",5661,58.31,73.69,1.72,3200160.0,8.75,3.16,106.67,1.5695,59.5
p2_1fda7685,2,"{""timeframes"": [""M1"", ""M5"", ""M15"", ""H1"", ""H4""], ""regime_detection_tf"": ""H1"", ""htf_alignment_tfs"": [""H4""], ""consensus_threshold"": 2.5, ""max_positions"": 3, ""bonus_max_positions"": 0, ""consensus_primary_weight"": 2.0, ""consensus_entry_weight"": 1.5, ""consensus_confirm_weight"": 3.0, ""consensus_manage_weight"": 0.5, ""consensus_other_weight"": 1.0, ""trailing_start_r"": 2.5, ""trailing_atr_mult"": 2.0, ""stag_exit_minutes"": 180.0, ""partial_1r_ratio"": 0.05, ""early_be_r"": 0.5, ""signal_rev_ratio"": 0.5, ""tp_sl_ratio"": 1.2, ""sl_min_pips"": 8.0, ""range_day_bbw_threshold"": 0.25, ""range_day_score_premium"": 0.3, ""weak_hours_score_premium"": 0.5, ""sg_spread_penalty_rate"": 0.2, ""sg_off_hours_penalty"": 0.25, ""sg_volatility_penalty"": 0.05, ""sg_recent_loss_penalty"": 0.1}",5600,58.16,73.65,1.72,3175407.0,9.33,3.19,105.85,1.5595,56.9
p2_6352ff23,2,"{""timeframes"": [""M1"", ""M5"", ""M15"", ""H1"", ""H4""], ""regime_detection_tf"": ""H1"", ""htf_alignment_tfs"": [""H4""], ""consensus_threshold"": 3.0, ""max_positions"": 3, ""bonus_max_positions"": 0, ""consensus_primary_weight"": 2.0, ""consensus_entry_weight"": 1.5, ""consensus_confirm_weight"": 3.0, ""consensus_manage_weight"": 0.5, ""consensus_other_weight"": 1.0, ""trailing_start_r"": 2.5, ""trailing_atr_mult"": 2.0, ""stag_exit_minutes"": 180.0, ""partial_1r_ratio"": 0.05, ""early_be_r"": 0.5, ""signal_rev_ratio"": 0.5, ""tp_sl_ratio"": 1.2, ""sl_min_pips"": 8.0, ""range_day_bbw_threshold"": 0.25, ""range_day_score_premium"": 0.3, ""weak_hours_score_premium"": 0.5, ""sg_spread_penalty_rate"": 0.2, ""sg_off_hours_penalty"": 0.25, ""sg_volatility_penalty"": 0.05, ""sg_recent_loss_penalty"": 0.1}",5511,58.09,73.63,1.73,3163193.0,9.23,3.17,105.44,1.5703,57.5
p2_65cb760d,2,"{""timeframes"": [""M1"", ""M5"", ""M15"", ""H1"", ""H4""], ""regime_detection_tf"": ""H1"", ""htf_alignment_tfs"": [""H4""], ""consensus_threshold"": 2.0, ""max_positions"": 3, ""bonus_max_positions"": 0, ""consensus_primary_weight"": 2.0, ""consensus_entry_weight"": 1.5, ""consensus_confirm_weight"": 3.0, ""consensus_manage_weight"": 0.5, ""consensus_other_weight"": 1.0, ""trailing_start_r"": 2.5, ""trailing_atr_mult"": 2.0, ""stag_exit_minutes"": 180.0, ""partial_1r_ratio"": 0.05, ""early_be_r"": 0.5, ""signal_rev_ratio"": 0.5, ""tp_sl_ratio"": 1.5, ""sl_min_pips"": 10.0, ""range_day_bbw_threshold"": 0.25, ""range_day_score_premium"": 0.3, ""weak_hours_score_premium"": 0.3, ""sg_spread_penalty_rate"": 0.3, ""sg_off_hours_penalty"": 0.3, ""sg_volatility_penalty"": 0.05, ""sg_recent_loss_penalty"": 0.1}",5748,58.83,73.98,1.75,3316975.0,8.61,3.29,110.57,1.5993,60.6
p2_1c739e41,2,"{""timeframes"": [""M1"", ""M5"", ""M15"", ""H1"", ""H4""], ""regime_detection_tf"": ""H1"", ""htf_alignment_tfs"": [""H4""], ""consensus_threshold"": 2.0, ""max_positions"": 3, ""bonus_max_positions"": 0, ""consensus_primary_weight"": 2.0, ""consensus_entry_weight"": 1.5, ""consensus_confirm_weight"": 3.0, ""consensus_manage_weight"": 0.5, ""consensus_other_weight"": 1.0, ""trailing_start_r"": 2.5, ""trailing_atr_mult"": 2.0, ""stag_exit_minutes"": 180.0, ""partial_1r_ratio"": 0.05, ""early_be_r"": 0.5, ""signal_rev_ratio"": 0.5, ""tp_sl_ratio"": 1.0, ""sl_min_pips"": 8.0, ""range_day_bbw_threshold"": 0.25, ""range_day_score_premium"": 0.3, ""weak_hours_score_premium"": 0.7, ""sg_spread_penalty_rate"": 0.1, ""sg_off_hours_penalty"": 0.1, ""sg_volatility_penalty"": 0.05, ""sg_recent_loss_penalty"": 0.1}",5596,58.21,73.11,1.71,3256874.0,8.29,3.12,108.56,1.5682,58.3
p2_9983e975,2,"{""timeframes"": [""M1"", ""M5"", ""M15"", ""H1"", ""H4""], ""regime_detection_tf"": ""H1"", ""htf_alignment_tfs"": [""H4""], ""consensus_threshold"": 2.0, ""max_positions"": 3, ""bonus_max_positions"": 0, ""consensus_primary_weight"": 2.0, ""consensus_entry_weight"": 1.5, ""consensus_confirm_weight"": 3.0, ""consensus_manage_weight"": 0.5, ""consensus_other_weight"": 1.0, ""trailing_start_r"": 2.5, ""trailing_atr_mult"": 2.0, ""stag_exit_minutes"": 180.0, ""partial_1r_ratio"": 0.05, ""early_be_r"": 0.5, ""signal_rev_ratio"": 0.5, ""tp_sl_ratio"": 1.2, ""sl_min_pips"": 5.0, ""range_day_bbw_threshold"": 0.25, ""range_day_score_premium"": 0.3, ""weak_hours_score_premium"": 0.5, ""sg_spread_penalty_rate"": 0.5, ""sg_off_hours_penalty"": 0.15, ""sg_volatility_penalty"": 0.05, ""sg_recent_loss_penalty"": 0.1}",5713,58.7,73.78,1.74,3289307.0,8.67,3.25,109.64,1.5891,56.9
p2_570b03a6,2,"{""timeframes"": [""M1"", ""M5"", ""M15"", ""H1"", ""H4""], ""regime_detection_tf"": ""H1"", ""htf_alignment_tfs"": [""H4""], ""consensus_threshold"": 2.0, ""max_positions"": 3, ""bonus_max_positions"": 0, ""consensus_primary_weight"": 2.0, ""consensus_entry_weight"": 1.5, ""consensus_confirm_weight"": 3.0, ""consensus_manage_weight"": 0.5, ""consensus_other_weight"": 1.0, ""trailing_start_r"": 2.5, ""trailing_atr_mult"": 2.0, ""stag_exit_minutes"": 180.0, ""partial_1r_ratio"": 0.05, ""early_be_r"": 0.5, ""signal_rev_ratio"": 0.5, ""tp_sl_ratio"": 0.8, ""sl_min_pips"": 12.0, ""range_day_bbw_threshold"": 0.25, ""range_day_score_premium"": 0.3, ""weak_hours_score_premium"": 0.0, ""sg_spread_penalty_rate"": 0.2, ""sg_off_hours_penalty"": 0.25, ""sg_volatility_penalty"": 0.05, ""sg_recent_loss_penalty"": 0.1}",5524,58.43,71.48,1.63,2996427.0,9.22,2.96,99.88,1.4797,59.6
p2_8acc0637,2,"{""timeframes"": [""M1"", ""M15"", ""H1"", ""H4""], ""regime_detection_tf"": ""H1"", ""htf_alignment_tfs"": [""H4""], ""consensus_threshold"": 4.0, ""max_positions"": 1, ""bonus_max_positions"": 0, ""consensus_primary_weight"": 2.0, ""consensus_entry_weight"": 1.5, ""consensus_confirm_weight"": 5.0, ""consensus_manage_weight"": 1.5, ""consensus_other_weight"": 2.0, ""trailing_start_r"": 2.5, ""trailing_atr_mult"": 2.0, ""stag_exit_minutes"": 180.0, ""partial_1r_ratio"": 0.05, ""early_be_r"": 0.5, ""signal_rev_ratio"": 0.5, ""tp_sl_ratio"": 1.2, ""sl_min_pips"": 8.0, ""range_day_bbw_threshold"": 0.25, ""range_day_score_premium"": 0.3, ""weak_hours_score_premium"": 0.5, ""sg_spread_penalty_rate"": 0.2, ""sg_off_hours_penalty"": 0.25, ""sg_volatility_penalty"": 0.05, ""sg_recent_loss_penalty"": 0.1}",1434,64.06,76.63,2.44,1225792.0,2.07,4.64,40.86,2.3895,59.4
p2_f788f92d,2,"{""timeframes"": [""M1"", ""M15"", ""H1"", ""H4""], ""regime_detection_tf"": ""H1"", ""htf_alignment_tfs"": [""H4""], ""consensus_threshold"": 4.0, ""max_positions"": 1, ""bonus_max_positions"": 0, ""consensus_primary_weight"": 1.5, ""consensus_entry_weight"": 2.5, ""consensus_confirm_weight"": 5.0, ""consensus_manage_weight"": 0.5, ""consensus_other_weight"": 1.0, ""trailing_start_r"": 2.5, ""trailing_atr_mult"": 2.0, ""stag_exit_minutes"": 180.0, ""partial_1r_ratio"": 0.05, ""early_be_r"": 0.5, ""signal_rev_ratio"": 0.5, ""tp_sl_ratio"": 1.2, ""sl_min_pips"": 8.0, ""range_day_bbw_threshold"": 0.25, ""range_day_score_premium"": 0.3, ""weak_hours_score_premium"": 0.5, ""sg_spread_penalty_rate"": 0.2, ""sg_off_hours_penalty"": 0.25, ""sg_volatility_penalty"": 0.05, ""sg_recent_loss_penalty"": 0.1}",1397,64.13,76.72,2.42,1155045.0,2.03,4.47,38.5,2.3709,59.1
p2_80c4c166,2,"{""timeframes"": [""M1"", ""M15"", ""H1"", ""H4""], ""regime_detection_tf"": ""H1"", ""htf_alignment_tfs"": [""H4""], ""consensus_threshold"": 4.0, ""max_positions"": 1, ""bonus_max_positions"": 0, ""consensus_primary_weight"": 2.0, ""consensus_entry_weight"": 1.0, ""consensus_confirm_weight"": 2.0, ""consensus_manage_weight"": 1.5, ""consensus_other_weight"": 0.5, ""trailing_start_r"": 2.5, ""trailing_atr_mult"": 2.0, ""stag_exit_minutes"": 180.0, ""partial_1r_ratio"": 0.05, ""early_be_r"": 0.5, ""signal_rev_ratio"": 0.5, ""tp_sl_ratio"": 1.2, ""sl_min_pips"": 8.0, ""range_day_bbw_threshold"": 0.25, ""range_day_score_premium"": 0.3, ""weak_hours_score_premium"": 0.5, ""sg_spread_penalty_rate"": 0.2, ""sg_off_hours_penalty"": 0.25, ""sg_volatility_penalty"": 0.05, ""sg_recent_loss_penalty"": 0.1}",773,65.49,80.24,3.12,626957.0,1.54,4.15,20.9,2.7924,60.8
p2_ee56d462,2,"{""timeframes"": [""M1"", ""M15"", ""H1"", ""H4""], ""regime_detection_tf"": ""H1"", ""htf_alignment_tfs"": [""H4""], ""consensus_threshold"": 4.0, ""max_positions"": 1, ""bonus_max_positions"": 0, ""consensus_primary_weight"": 2.0, ""consensus_entry_weight"": 3.0, ""consensus_confirm_weight"": 4.0, ""consensus_manage_weight"": 0.5, ""consensus_other_weight"": 0.5, ""trailing_start_r"": 2.5, ""trailing_atr_mult"": 2.0, ""stag_exit_minutes"": 180.0, ""partial_1r_ratio"": 0.05, ""early_be_r"": 0.5, ""signal_rev_ratio"": 0.5, ""tp_sl_ratio"": 1.2, ""sl_min_pips"": 8.0, ""range_day_bbw_threshold"": 0.25, ""range_day_score_premium"": 0.3, ""weak_hours_score_premium"": 0.5, ""sg_spread_penalty_rate"": 0.2, ""sg_off_hours_penalty"": 0.25, ""sg_volatility_penalty"": 0.05, ""sg_recent_loss_penalty"": 0.1}",1311,65.82,78.8,2.64,1152943.0,1.58,4.75,38.43,2.5983,49.4
p2_a1302853,2,"{""timeframes"": [""M1"", ""M15"", ""H1"", ""H4""], ""regime_detection_tf"": ""H1"", ""htf_alignment_tfs"": [""H4""], ""consensus_threshold"": 4.0, ""max_positions"": 1, ""bonus_max_positions"": 0, ""consensus_primary_weight"": 2.5, ""consensus_entry_weight"": 1.0, ""consensus_confirm_weight"": 2.0, ""consensus_manage_weight"": 1.5, ""consensus_other_weight"": 2.0, ""trailing_start_r"": 2.5, ""trailing_atr_mult"": 2.0, ""stag_exit_minutes"": 180.0, ""partial_1r_ratio"": 0.05, ""early_be_r"": 0.5, ""signal_rev_ratio"": 0.5, ""tp_sl_ratio"": 1.2, ""sl_min_pips"": 8.0, ""range_day_bbw_threshold"": 0.25, ""range_day_score_premium"": 0.3, ""weak_hours_score_premium"": 0.5, ""sg_spread_penalty_rate"": 0.2, ""sg_off_hours_penalty"": 0.25, ""sg_volatility_penalty"": 0.05, ""sg_recent_loss_penalty"": 0.1}",884,66.75,80.6,3.52,839699.0,1.38,4.74,27.99,3.4016,44.2
p2_304d207b,2,"{""timeframes"": [""M1"", ""M15"", ""H1"", ""H4""], ""regime_detection_tf"": ""H1"", ""htf_alignment_tfs"": [""H4""], ""consensus_threshold"": 4.0, ""max_positions"": 1, ""bonus_max_positions"": 0, ""consensus_primary_weight"": 1.5, ""consensus_entry_weight"": 2.0, ""consensus_confirm_weight"": 3.0, ""consensus_manage_weight"": 0.5, ""consensus_other_weight"": 0.5, ""trailing_start_r"": 2.5, ""trailing_atr_mult"": 2.0, ""stag_exit_minutes"": 180.0, ""partial_1r_ratio"": 0.05, ""early_be_r"": 0.5, ""signal_rev_ratio"": 0.5, ""tp_sl_ratio"": 1.2, ""sl_min_pips"": 8.0, ""range_day_bbw_threshold"": 0.25, ""range_day_score_premium"": 0.3, ""weak_hours_score_premium"": 0.5, ""sg_spread_penalty_rate"": 0.2, ""sg_off_hours_penalty"": 0.25, ""sg_volatility_penalty"": 0.05, ""sg_recent_loss_penalty"": 0.1}",1006,66.97,80.13,3.73,1060029.0,1.47,5.02,35.33,3.6752,42.7
p2_18815d97,2,"{""timeframes"": [""M1"", ""M15"", ""H1"", ""H4""], ""regime_detection_tf"": ""H1"", ""htf_alignment_tfs"": [""H4""], ""consensus_threshold"": 4.0, ""max_positions"": 1, ""bonus_max_positions"": 0, ""consensus_primary_weight"": 2.5, ""consensus_entry_weight"": 3.0, ""consensus_confirm_weight"": 4.0, ""consensus_manage_weight"": 1.0, ""consensus_other_weight"": 1.0, ""trailing_start_r"": 2.5, ""trailing_atr_mult"": 2.0, ""stag_exit_minutes"": 180.0, ""partial_1r_ratio"": 0.05, ""early_be_r"": 0.5, ""signal_rev_ratio"": 0.5, ""tp_sl_ratio"": 1.2, ""sl_min_pips"": 8.0, ""range_day_bbw_threshold"": 0.25, ""range_day_score_premium"": 0.3, ""weak_hours_score_premium"": 0.5, ""sg_spread_penalty_rate"": 0.2, ""sg_off_hours_penalty"": 0.25, ""sg_volatility_penalty"": 0.05, ""sg_recent_loss_penalty"": 0.1}",1340,65.21,78.2,2.63,1187383.0,1.73,4.72,39.58,2.5845,53.1
p2_5f445bfb,2,"{""timeframes"": [""M1"", ""M15"", ""H1"", ""H4""], ""regime_detection_tf"": ""H1"", ""htf_alignment_tfs"": [""H4""], ""consensus_threshold"": 4.0, ""max_positions"": 1, ""bonus_max_positions"": 0, ""consensus_primary_weight"": 1.5, ""consensus_entry_weight"": 1.5, ""consensus_confirm_weight"": 2.0, ""consensus_manage_weight"": 1.0, ""consensus_other_weight"": 1.0, ""trailing_start_r"": 2.5, ""trailing_atr_mult"": 2.0, ""stag_exit_minutes"": 180.0, ""partial_1r_ratio"": 0.05, ""early_be_r"": 0.5, ""signal_rev_ratio"": 0.5, ""tp_sl_ratio"": 1.2, ""sl_min_pips"": 8.0, ""range_day_bbw_threshold"": 0.25, ""range_day_score_premium"": 0.3, ""weak_hours_score_premium"": 0.5, ""sg_spread_penalty_rate"": 0.2, ""sg_off_hours_penalty"": 0.25, ""sg_volatility_penalty"": 0.05, ""sg_recent_loss_penalty"": 0.1}",600,67.62,81.24,3.5,518130.0,1.1,3.82,17.27,3.0209,61.6
p2_bc03e6d5,2,"{""timeframes"": [""M1"", ""M15"", ""H1"", ""H4""], ""regime_detection_tf"": ""H1"", ""htf_alignment_tfs"": [""H4""], ""consensus_threshold"": 4.0, ""max_positions"": 1, ""bonus_max_positions"": 0, ""consensus_primary_weight"": 3.0, ""consensus_entry_weight"": 2.5, ""consensus_confirm_weight"": 3.0, ""consensus_manage_weight"": 0.5, ""consensus_other_weight"": 2.0, ""trailing_start_r"": 2.5, ""trailing_atr_mult"": 2.0, ""stag_exit_minutes"": 180.0, ""partial_1r_ratio"": 0.05, ""early_be_r"": 0.5, ""signal_rev_ratio"": 0.5, ""tp_sl_ratio"": 1.2, ""sl_min_pips"": 8.0, ""range_day_bbw_threshold"": 0.25, ""range_day_score_premium"": 0.3, ""weak_hours_score_premium"": 0.5, ""sg_spread_penalty_rate"": 0.2, ""sg_off_hours_penalty"": 0.25, ""sg_volatility_penalty"": 0.05, ""sg_recent_loss_penalty"": 0.1}",1273,67.09,80.59,3.32,1299919.0,1.74,5.27,43.33,3.2622,60.7
p2_2d375cca,2,"{""timeframes"": [""M1"", ""M15"", ""H1"", ""H4""], ""regime_detection_tf"": ""H1"", ""htf_alignment_tfs"": [""H4""], ""consensus_threshold"": 4.0, ""max_positions"": 1, ""bonus_max_positions"": 0, ""consensus_primary_weight"": 3.0, ""consensus_entry_weight"": 2.0, ""consensus_confirm_weight"": 3.0, ""consensus_manage_weight"": 1.0, ""consensus_other_weight"": 0.5, ""trailing_start_r"": 2.5, ""trailing_atr_mult"": 2.0, ""stag_exit_minutes"": 180.0, ""partial_1r_ratio"": 0.05, ""early_be_r"": 0.5, ""signal_rev_ratio"": 0.5, ""tp_sl_ratio"": 1.2, ""sl_min_pips"": 8.0, ""range_day_bbw_threshold"": 0.25, ""range_day_score_premium"": 0.3, ""weak_hours_score_premium"": 0.5, ""sg_spread_penalty_rate"": 0.2, ""sg_off_hours_penalty"": 0.25, ""sg_volatility_penalty"": 0.05, ""sg_recent_loss_penalty"": 0.1}",1273,67.09,80.59,3.32,1299919.0,1.74,5.27,43.33,3.2622,55.8
p2_3b0e2071,2,"{""timeframes"": [""M1"", ""M15"", ""H1"", ""H4""], ""regime_detection_tf"": ""H1"", ""htf_alignment_tfs"": [""H4""], ""consensus_threshold"": 4.0, ""max_positions"": 1, ""bonus_max_positions"": 0, ""consensus_primary_weight"": 2.0, ""consensus_entry_weight"": 1.5, ""consensus_confirm_weight"": 3.0, ""consensus_manage_weight"": 0.5, ""consensus_other_weight"": 1.0, ""trailing_start_r"": 2.5, ""trailing_atr_mult"": 1.0, ""stag_exit_minutes"": 60.0, ""partial_1r_ratio"": 0.1, ""early_be_r"": 0.5, ""signal_rev_ratio"": 0.25, ""tp_sl_ratio"": 1.2, ""sl_min_pips"": 8.0, ""range_day_bbw_threshold"": 0.25, ""range_day_score_premium"": 0.3, ""weak_hours_score_premium"": 0.5, ""sg_spread_penalty_rate"": 0.2, ""sg_off_hours_penalty"": 0.25, ""sg_volatility_penalty"": 0.05, ""sg_recent_loss_penalty"": 0.1}",1085,60.42,70.29,2.83,796683.0,1.23,4.47,26.56,2.699,57.5
p2_ea370a04,2,"{""timeframes"": [""M1"", ""M15"", ""H1"", ""H4""], ""regime_detection_tf"": ""H1"", ""htf_alignment_tfs"": [""H4""], ""consensus_threshold"": 4.0, ""max_positions"": 1, ""bonus_max_positions"": 0, ""consensus_primary_weight"": 2.0, ""consensus_entry_weight"": 1.5, ""consensus_confirm_weight"": 3.0, ""consensus_manage_weight"": 0.5, ""consensus_other_weight"": 1.0, ""trailing_start_r"": 2.5, ""trailing_atr_mult"": 1.5, ""stag_exit_minutes"": 60.0, ""partial_1r_ratio"": 0.05, ""early_be_r"": 0.5, ""signal_rev_ratio"": 0.75, ""tp_sl_ratio"": 1.2, ""sl_min_pips"": 8.0, ""range_day_bbw_threshold"": 0.25, ""range_day_score_premium"": 0.3, ""weak_hours_score_premium"": 0.5, ""sg_spread_penalty_rate"": 0.2, ""sg_off_hours_penalty"": 0.25, ""sg_volatility_penalty"": 0.05, ""sg_recent_loss_penalty"": 0.1}",1085,60.42,70.29,2.87,815223.0,1.23,4.47,27.17,2.7545,60.8
p2_feccf18e,2,"{""timeframes"": [""M1"", ""M15"", ""H1"", ""H4""], ""regime_detection_tf"": ""H1"", ""htf_alignment_tfs"": [""H4""], ""consensus_threshold"": 4.0, ""max_positions"": 1, ""bonus_max_positions"": 0, ""consensus_primary_weight"": 2.0, ""consensus_entry_weight"": 1.5, ""consensus_confirm_weight"": 3.0, ""consensus_manage_weight"": 0.5, ""consensus_other_weight"": 1.0, ""trailing_start_r"": 0.5, ""trailing_atr_mult"": 1.5, ""stag_exit_minutes"": 120.0, ""partial_1r_ratio"": 0.1, ""early_be_r"": 0.3, ""signal_rev_ratio"": 0.5, ""tp_sl_ratio"": 1.2, ""sl_min_pips"": 8.0, ""range_day_bbw_threshold"": 0.25, ""range_day_score_premium"": 0.3, ""weak_hours_score_premium"": 0.5, ""sg_spread_penalty_rate"": 0.2, ""sg_off_hours_penalty"": 0.25, ""sg_volatility_penalty"": 0.05, ""sg_recent_loss_penalty"": 0.1}",1203,62.85,74.15,3.2,1152297.0,1.41,5.96,38.41,3.1549,62.6
p2_a0079053,2,"{""timeframes"": [""M1"", ""M15"", ""H1"", ""H4""], ""regime_detection_tf"": ""H1"", ""htf_alignment_tfs"": [""H4""], ""consensus_threshold"": 4.0, ""max_positions"": 1, ""bonus_max_positions"": 0, ""consensus_primary_weight"": 2.0, ""consensus_entry_weight"": 1.5, ""consensus_confirm_weight"": 3.0, ""consensus_manage_weight"": 0.5, ""consensus_other_weight"": 1.0, ""trailing_start_r"": 0.5, ""trailing_atr_mult"": 2.0, ""stag_exit_minutes"": 240.0, ""partial_1r_ratio"": 0.05, ""early_be_r"": 0.3, ""signal_rev_ratio"": 0.0, ""tp_sl_ratio"": 1.2, ""sl_min_pips"": 8.0, ""range_day_bbw_threshold"": 0.25, ""range_day_score_premium"": 0.3, ""weak_hours_score_premium"": 0.5, ""sg_spread_penalty_rate"": 0.2, ""sg_off_hours_penalty"": 0.25, ""sg_volatility_penalty"": 0.05, ""sg_recent_loss_penalty"": 0.1}",1173,67.51,79.92,3.34,1304628.0,1.15,6.15,43.49,3.3016,63.4
p2_c36b34a9,2,"{""timeframes"": [""M1"", ""M15"", ""H1"", ""H4""], ""regime_detection_tf"": ""H1"", ""htf_alignment_tfs"": [""H4""], ""consensus_threshold"": 4.0, ""max_positions"": 1, ""bonus_max_positions"": 0, ""consensus_primary_weight"": 2.0, ""consensus_entry_weight"": 1.5, ""consensus_confirm_weight"": 3.0, ""consensus_manage_weight"": 0.5, ""consensus_other_weight"": 1.0, ""trailing_start_r"": 1.5, ""trailing_atr_mult"": 1.0, ""stag_exit_minutes"": 120.0, ""partial_1r_ratio"": 0.0, ""early_be_r"": 0.7, ""signal_rev_ratio"": 0.75, ""tp_sl_ratio"": 1.2, ""sl_min_pips"": 8.0, ""range_day_bbw_threshold"": 0.25, ""range_day_score_premium"": 0.3, ""weak_hours_score_premium"": 0.5, ""sg_spread_penalty_rate"": 0.2, ""sg_off_hours_penalty"": 0.25, ""sg_volatility_penalty"": 0.05, ""sg_recent_loss_penalty"": 0.1}",882,57.45,68.68,3.19,1091969.0,1.49,5.04,36.4,3.1425,61.6
p2_3d65da66,2,"{""timeframes"": [""M1"", ""M15"", ""H1"", ""H4""], ""regime_detection_tf"": ""H1"", ""htf_alignment_tfs"": [""H4""], ""consensus_threshold"": 4.0, ""max_positions"": 1, ""bonus_max_positions"": 0, ""consensus_primary_weight"": 2.0, ""consensus_entry_weight"": 1.5, ""consensus_confirm_weight"": 3.0, ""consensus_manage_weight"": 0.5, ""consensus_other_weight"": 1.0, ""trailing_start_r"": 2.0, ""trailing_atr_mult"": 2.5, ""stag_exit_minutes"": 180.0, ""partial_1r_ratio"": 0.05, ""early_be_r"": 1.0, ""signal_rev_ratio"": 0.25, ""tp_sl_ratio"": 1.2, ""sl_min_pips"": 8.0, ""range_day_bbw_threshold"": 0.25, ""range_day_score_premium"": 0.3, ""weak_hours_score_premium"": 0.5, ""sg_spread_penalty_rate"": 0.2, ""sg_off_hours_penalty"": 0.25, ""sg_volatility_penalty"": 0.05, ""sg_recent_loss_penalty"": 0.1}",1084,68.22,76.12,2.81,999680.0,1.5,4.59,33.32,2.7679,60.4
p2_3b9686aa,2,"{""timeframes"": [""M1"", ""M15"", ""H1"", ""H4""], ""regime_detection_tf"": ""H1"", ""htf_alignment_tfs"": [""H4""], ""consensus_threshold"": 4.0, ""max_positions"": 1, ""bonus_max_positions"": 0, ""consensus_primary_weight"": 2.0, ""consensus_entry_weight"": 1.5, ""consensus_confirm_weight"": 3.0, ""consensus_manage_weight"": 0.5, ""consensus_other_weight"": 1.0, ""trailing_start_r"": 2.0, ""trailing_atr_mult"": 2.5, ""stag_exit_minutes"": 30.0, ""partial_1r_ratio"": 0.0, ""early_be_r"": 0.7, ""signal_rev_ratio"": 0.25, ""tp_sl_ratio"": 1.2, ""sl_min_pips"": 8.0, ""range_day_bbw_threshold"": 0.25, ""range_day_score_premium"": 0.3, ""weak_hours_score_premium"": 0.5, ""sg_spread_penalty_rate"": 0.2, ""sg_off_hours_penalty"": 0.25, ""sg_volatility_penalty"": 0.05, ""sg_recent_loss_penalty"": 0.1}",958,49.48,55.9,2.21,486477.0,1.37,3.19,16.22,1.8598,58.9
p2_45e01f67,2,"{""timeframes"": [""M1"", ""M15"", ""H1"", ""H4""], ""regime_detection_tf"": ""H1"", ""htf_alignment_tfs"": [""H4""], ""consensus_threshold"": 4.0, ""max_positions"": 1, ""bonus_max_positions"": 0, ""consensus_primary_weight"": 2.0, ""consensus_entry_weight"": 1.5, ""consensus_confirm_weight"": 3.0, ""consensus_manage_weight"": 0.5, ""consensus_other_weight"": 1.0, ""trailing_start_r"": 1.5, ""trailing_atr_mult"": 1.0, ""stag_exit_minutes"": 180.0, ""partial_1r_ratio"": 0.0, ""early_be_r"": 1.0, ""signal_rev_ratio"": 0.0, ""tp_sl_ratio"": 1.2, ""sl_min_pips"": 8.0, ""range_day_bbw_threshold"": 0.25, ""range_day_score_premium"": 0.3, ""weak_hours_score_premium"": 0.5, ""sg_spread_penalty_rate"": 0.2, ""sg_off_hours_penalty"": 0.25, ""sg_volatility_penalty"": 0.05, ""sg_recent_loss_penalty"": 0.1}",871,59.97,69.64,2.9,1093868.0,1.53,4.77,36.46,2.8556,60.7
p2_69737be9,2,"{""timeframes"": [""M1"", ""M15"", ""H1"", ""H4""], ""regime_detection_tf"": ""H1"", ""htf_alignment_tfs"": [""H4""], ""consensus_threshold"": 4.0, ""max_positions"": 1, ""bonus_max_positions"": 0, ""consensus_primary_weight"": 2.0, ""consensus_entry_weight"": 1.5, ""consensus_confirm_weight"": 3.0, ""consensus_manage_weight"": 0.5, ""consensus_other_weight"": 1.0, ""trailing_start_r"": 1.0, ""trailing_atr_mult"": 1.5, ""stag_exit_minutes"": 240.0, ""partial_1r_ratio"": 0.15, ""early_be_r"": 0.5, ""signal_rev_ratio"": 0.5, ""tp_sl_ratio"": 1.2, ""sl_min_pips"": 8.0, ""range_day_bbw_threshold"": 0.25, ""range_day_score_premium"": 0.3, ""weak_hours_score_premium"": 0.5, ""sg_spread_penalty_rate"": 0.2, ""sg_off_hours_penalty"": 0.25, ""sg_volatility_penalty"": 0.05, ""sg_recent_loss_penalty"": 0.1}",1128,67.75,79.59,3.17,1123965.0,1.53,5.18,37.47,3.1215,63.2
p2_ccad69b0,2,"{""timeframes"": [""M1"", ""M15"", ""H1"", ""H4""], ""regime_detection_tf"": ""H1"", ""htf_alignment_tfs"": [""H4""], ""consensus_threshold"": 4.0, ""max_positions"": 1, ""bonus_max_positions"": 0, ""consensus_primary_weight"": 2.0, ""consensus_entry_weight"": 1.5, ""consensus_confirm_weight"": 3.0, ""consensus_manage_weight"": 0.5, ""consensus_other_weight"": 1.0, ""trailing_start_r"": 1.0, ""trailing_atr_mult"": 2.0, ""stag_exit_minutes"": 30.0, ""partial_1r_ratio"": 0.15, ""early_be_r"": 0.3, ""signal_rev_ratio"": 0.0, ""tp_sl_ratio"": 1.2, ""sl_min_pips"": 8.0, ""range_day_bbw_threshold"": 0.25, ""range_day_score_premium"": 0.3, ""weak_hours_score_premium"": 0.5, ""sg_spread_penalty_rate"": 0.2, ""sg_off_hours_penalty"": 0.25, ""sg_volatility_penalty"": 0.05, ""sg_recent_loss_penalty"": 0.1}",1159,53.42,62.03,2.29,497762.0,1.17,3.5,16.59,1.9597,58.7
p2_99c90593,2,"{""timeframes"": [""M1"", ""M15"", ""H1"", ""H4""], ""regime_detection_tf"": ""H1"", ""htf_alignment_tfs"": [""H4""], ""consensus_threshold"": 3.0, ""max_positions"": 1, ""bonus_max_positions"": 0, ""consensus_primary_weight"": 2.0, ""consensus_entry_weight"": 1.5, ""consensus_confirm_weight"": 3.0, ""consensus_manage_weight"": 0.5, ""consensus_other_weight"": 1.0, ""trailing_start_r"": 2.5, ""trailing_atr_mult"": 2.0, ""stag_exit_minutes"": 180.0, ""partial_1r_ratio"": 0.05, ""early_be_r"": 0.5, ""signal_rev_ratio"": 0.5, ""tp_sl_ratio"": 1.2, ""sl_min_pips"": 8.0, ""range_day_bbw_threshold"": 0.25, ""range_day_score_premium"": 0.3, ""weak_hours_score_premium"": 0.5, ""sg_spread_penalty_rate"": 0.2, ""sg_off_hours_penalty"": 0.25, ""sg_volatility_penalty"": 0.05, ""sg_recent_loss_penalty"": 0.1}",1309,65.53,79.36,2.85,1308037.0,1.64,4.95,43.6,2.8033,63.9
p2_10474b19,2,"{""timeframes"": [""M1"", ""M15"", ""H1"", ""H4""], ""regime_detection_tf"": ""H1"", ""htf_alignment_tfs"": [""H4""], ""consensus_threshold"": 3.5, ""max_positions"": 1, ""bonus_max_positions"": 0, ""consensus_primary_weight"": 2.0, ""consensus_entry_weight"": 1.5, ""consensus_confirm_weight"": 3.0, ""consensus_manage_weight"": 0.5, ""consensus_other_weight"": 1.0, ""trailing_start_r"": 2.5, ""trailing_atr_mult"": 2.0, ""stag_exit_minutes"": 180.0, ""partial_1r_ratio"": 0.05, ""early_be_r"": 0.5, ""signal_rev_ratio"": 0.5, ""tp_sl_ratio"": 1.2, ""sl_min_pips"": 8.0, ""range_day_bbw_threshold"": 0.25, ""range_day_score_premium"": 0.3, ""weak_hours_score_premium"": 0.5, ""sg_spread_penalty_rate"": 0.2, ""sg_off_hours_penalty"": 0.25, ""sg_volatility_penalty"": 0.05, ""sg_recent_loss_penalty"": 0.1}",1202,66.54,79.44,3.03,1193765.0,1.55,4.95,39.79,2.983,63.0
p2_53b40fdc,2,"{""timeframes"": [""M1"", ""M15"", ""H1"", ""H4""], ""regime_detection_tf"": ""H1"", ""htf_alignment_tfs"": [""H4""], ""consensus_threshold"": 3.75, ""max_positions"": 1, ""bonus_max_positions"": 0, ""consensus_primary_weight"": 2.0, ""consensus_entry_weight"": 1.5, ""consensus_confirm_weight"": 3.0, ""consensus_manage_weight"": 0.5, ""consensus_other_weight"": 1.0, ""trailing_start_r"": 2.5, ""trailing_atr_mult"": 2.0, ""stag_exit_minutes"": 180.0, ""partial_1r_ratio"": 0.05, ""early_be_r"": 0.5, ""signal_rev_ratio"": 0.5, ""tp_sl_ratio"": 1.2, ""sl_min_pips"": 8.0, ""range_day_bbw_threshold"": 0.25, ""range_day_score_premium"": 0.3, ""weak_hours_score_premium"": 0.5, ""sg_spread_penalty_rate"": 0.2, ""sg_off_hours_penalty"": 0.25, ""sg_volatility_penalty"": 0.05, ""sg_recent_loss_penalty"": 0.1}",1148,66.29,79.19,3.24,1135023.0,1.55,4.85,37.83,3.1898,61.3
p2_7d819cb9,2,"{""timeframes"": [""M1"", ""M15"", ""H1"", ""H4""], ""regime_detection_tf"": ""H1"", ""htf_alignment_tfs"": [""H4""], ""consensus_threshold"": 4.25, ""max_positions"": 1, ""bonus_max_positions"": 0, ""consensus_primary_weight"": 2.0, ""consensus_entry_weight"": 1.5, ""consensus_confirm_weight"": 3.0, ""consensus_manage_weight"": 0.5, ""consensus_other_weight"": 1.0, ""trailing_start_r"": 2.5, ""trailing_atr_mult"": 2.0, ""stag_exit_minutes"": 180.0, ""partial_1r_ratio"": 0.05, ""early_be_r"": 0.5, ""signal_rev_ratio"": 0.5, ""tp_sl_ratio"": 1.2, ""sl_min_pips"": 8.0, ""range_day_bbw_threshold"": 0.25, ""range_day_score_premium"": 0.3, ""weak_hours_score_premium"": 0.5, ""sg_spread_penalty_rate"": 0.2, ""sg_off_hours_penalty"": 0.25, ""sg_volatility_penalty"": 0.05, ""sg_recent_loss_penalty"": 0.1}",1043,66.63,79.82,3.45,1021060.0,1.55,4.9,34.04,3.3965,60.7
p2_a86e3206,2,"{""timeframes"": [""M1"", ""M15"", ""H1"", ""H4""], ""regime_detection_tf"": ""H1"", ""htf_alignment_tfs"": [""H4""], ""consensus_threshold"": 4.5, ""max_positions"": 1, ""bonus_max_positions"": 0, ""consensus_primary_weight"": 2.0, ""consensus_entry_weight"": 1.5, ""consensus_confirm_weight"": 3.0, ""consensus_manage_weight"": 0.5, ""consensus_other_weight"": 1.0, ""trailing_start_r"": 2.5, ""trailing_atr_mult"": 2.0, ""stag_exit_minutes"": 180.0, ""partial_1r_ratio"": 0.05, ""early_be_r"": 0.5, ""signal_rev_ratio"": 0.5, ""tp_sl_ratio"": 1.2, ""sl_min_pips"": 8.0, ""range_day_bbw_threshold"": 0.25, ""range_day_score_premium"": 0.3, ""weak_hours_score_premium"": 0.5, ""sg_spread_penalty_rate"": 0.2, ""sg_off_hours_penalty"": 0.25, ""sg_volatility_penalty"": 0.05, ""sg_recent_loss_penalty"": 0.1}",990,66.94,80.28,3.64,970348.0,1.5,5.04,32.34,3.5854,63.6
p2_1faa28f4,2,"{""timeframes"": [""M1"", ""M15"", ""H1"", ""H4""], ""regime_detection_tf"": ""H1"", ""htf_alignment_tfs"": [""H4""], ""consensus_threshold"": 5.0, ""max_positions"": 1, ""bonus_max_positions"": 0, ""consensus_primary_weight"": 2.0, ""consensus_entry_weight"": 1.5, ""consensus_confirm_weight"": 3.0, ""consensus_manage_weight"": 0.5, ""consensus_other_weight"": 1.0, ""trailing_start_r"": 2.5, ""trailing_atr_mult"": 2.0, ""stag_exit_minutes"": 180.0, ""partial_1r_ratio"": 0.05, ""early_be_r"": 0.5, ""signal_rev_ratio"": 0.5, ""tp_sl_ratio"": 1.2, ""sl_min_pips"": 8.0, ""range_day_bbw_threshold"": 0.25, ""range_day_score_premium"": 0.3, ""weak_hours_score_premium"": 0.5, ""sg_spread_penalty_rate"": 0.2, ""sg_off_hours_penalty"": 0.25, ""sg_volatility_penalty"": 0.05, ""sg_recent_loss_penalty"": 0.1}",893,65.4,78.73,3.31,768446.0,1.49,4.49,25.61,3.1175,62.2
p2_4a9c44aa,2,"{""timeframes"": [""M1"", ""M15"", ""H1"", ""H4""], ""regime_detection_tf"": ""H1"", ""htf_alignment_tfs"": [""H4""], ""consensus_threshold"": 4.0, ""max_positions"": 1, ""bonus_max_positions"": 0, ""consensus_primary_weight"": 2.0, ""consensus_entry_weight"": 1.5, ""consensus_confirm_weight"": 3.0, ""consensus_manage_weight"": 0.5, ""consensus_other_weight"": 1.0, ""trailing_start_r"": 2.5, ""trailing_atr_mult"": 2.0, ""stag_exit_minutes"": 180.0, ""partial_1r_ratio"": 0.05, ""early_be_r"": 0.5, ""signal_rev_ratio"": 0.5, ""tp_sl_ratio"": 1.5, ""sl_min_pips"": 10.0, ""range_day_bbw_threshold"": 0.25, ""range_day_score_premium"": 0.3, ""weak_hours_score_premium"": 0.3, ""sg_spread_penalty_rate"": 0.3, ""sg_off_hours_penalty"": 0.3, ""sg_volatility_penalty"": 0.05, ""sg_recent_loss_penalty"": 0.1}",1101,66.44,79.45,3.53,1121145.0,1.5,5.01,37.37,3.477,61.0
p2_e95b7914,2,"{""timeframes"": [""M1"", ""M15"", ""H1"", ""H4""], ""regime_detection_tf"": ""H1"", ""htf_alignment_tfs"": [""H4""], ""consensus_threshold"": 4.0, ""max_positions"": 1, ""bonus_max_positions"": 0, ""consensus_primary_weight"": 2.0, ""consensus_entry_weight"": 1.5, ""consensus_confirm_weight"": 3.0, ""consensus_manage_weight"": 0.5, ""consensus_other_weight"": 1.0, ""trailing_start_r"": 2.5, ""trailing_atr_mult"": 2.0, ""stag_exit_minutes"": 180.0, ""partial_1r_ratio"": 0.05, ""early_be_r"": 0.5, ""signal_rev_ratio"": 0.5, ""tp_sl_ratio"": 1.0, ""sl_min_pips"": 8.0, ""range_day_bbw_threshold"": 0.25, ""range_day_score_premium"": 0.3, ""weak_hours_score_premium"": 0.7, ""sg_spread_penalty_rate"": 0.1, ""sg_off_hours_penalty"": 0.1, ""sg_volatility_penalty"": 0.05, ""sg_recent_loss_penalty"": 0.1}",1096,66.28,79.36,3.51,1110790.0,1.5,4.98,37.03,3.4573,62.0
p2_08275db3,2,"{""timeframes"": [""M1"", ""M15"", ""H1"", ""H4""], ""regime_detection_tf"": ""H1"", ""htf_alignment_tfs"": [""H4""], ""consensus_threshold"": 4.0, ""max_positions"": 1, ""bonus_max_positions"": 0, ""consensus_primary_weight"": 2.0, ""consensus_entry_weight"": 1.5, ""consensus_confirm_weight"": 3.0, ""consensus_manage_weight"": 0.5, ""consensus_other_weight"": 1.0, ""trailing_start_r"": 2.5, ""trailing_atr_mult"": 2.0, ""stag_exit_minutes"": 180.0, ""partial_1r_ratio"": 0.05, ""early_be_r"": 0.5, ""signal_rev_ratio"": 0.5, ""tp_sl_ratio"": 1.2, ""sl_min_pips"": 5.0, ""range_day_bbw_threshold"": 0.25, ""range_day_score_premium"": 0.3, ""weak_hours_score_premium"": 0.5, ""sg_spread_penalty_rate"": 0.5, ""sg_off_hours_penalty"": 0.15, ""sg_volatility_penalty"": 0.05, ""sg_recent_loss_penalty"": 0.1}",1101,66.52,79.55,3.52,1123407.0,1.5,5.02,37.45,3.4672,63.7
p2_e2bb8d51,2,"{""timeframes"": [""M1"", ""M15"", ""H1"", ""H4""], ""regime_detection_tf"": ""H1"", ""htf_alignment_tfs"": [""H4""], ""consensus_threshold"": 4.0, ""max_positions"": 1, ""bonus_max_positions"": 0, ""consensus_primary_weight"": 2.0, ""consensus_entry_weight"": 1.5, ""consensus_confirm_weight"": 3.0, ""consensus_manage_weight"": 0.5, ""consensus_other_weight"": 1.0, ""trailing_start_r"": 2.5, ""trailing_atr_mult"": 2.0, ""stag_exit_minutes"": 180.0, ""partial_1r_ratio"": 0.05, ""early_be_r"": 0.5, ""signal_rev_ratio"": 0.5, ""tp_sl_ratio"": 0.8, ""sl_min_pips"": 12.0, ""range_day_bbw_threshold"": 0.25, ""range_day_score_premium"": 0.3, ""weak_hours_score_premium"": 0.0, ""sg_spread_penalty_rate"": 0.2, ""sg_off_hours_penalty"": 0.25, ""sg_volatility_penalty"": 0.05, ""sg_recent_loss_penalty"": 0.1}",1088,65.28,77.97,3.04,976330.0,1.5,4.7,32.54,2.9944,62.2
p2_8f4ac411,2,"{""timeframes"": [""M1"", ""M5"", ""M15"", ""M30"", ""H1"", ""H4"", ""D1""], ""regime_detection_tf"": ""H1"", ""htf_alignment_tfs"": [""H4"", ""D1""], ""consensus_threshold"": 5.0, ""max_positions"": 3, ""bonus_max_positions"": 0, ""consensus_primary_weight"": 2.0, ""consensus_entry_weight"": 1.5, ""consensus_confirm_weight"": 5.0, ""consensus_manage_weight"": 1.5, ""consensus_other_weight"": 2.0, ""trailing_start_r"": 2.5, ""trailing_atr_mult"": 2.0, ""stag_exit_minutes"": 180.0, ""partial_1r_ratio"": 0.05, ""early_be_r"": 0.5, ""signal_rev_ratio"": 0.5, ""tp_sl_ratio"": 1.2, ""sl_min_pips"": 8.0, ""range_day_bbw_threshold"": 0.25, ""range_day_score_premium"": 0.3, ""weak_hours_score_premium"": 0.5, ""sg_spread_penalty_rate"": 0.2, ""sg_off_hours_penalty"": 0.25, ""sg_volatility_penalty"": 0.05, ""sg_recent_loss_penalty"": 0.1}",5982,56.78,71.23,1.61,2747312.0,9.85,2.95,91.58,1.4514,72.4
p2_0e29b64f,2,"{""timeframes"": [""M1"", ""M5"", ""M15"", ""M30"", ""H1"", ""H4"", ""D1""], ""regime_detection_tf"": ""H1"", ""htf_alignment_tfs"": [""H4"", ""D1""], ""consensus_threshold"": 5.0, ""max_positions"": 3, ""bonus_max_positions"": 0, ""consensus_primary_weight"": 1.5, ""consensus_entry_weight"": 2.5, ""consensus_confirm_weight"": 5.0, ""consensus_manage_weight"": 0.5, ""consensus_other_weight"": 1.0, ""trailing_start_r"": 2.5, ""trailing_atr_mult"": 2.0, ""stag_exit_minutes"": 180.0, ""partial_1r_ratio"": 0.05, ""early_be_r"": 0.5, ""signal_rev_ratio"": 0.5, ""tp_sl_ratio"": 1.2, ""sl_min_pips"": 8.0, ""range_day_bbw_threshold"": 0.25, ""range_day_score_premium"": 0.3, ""weak_hours_score_premium"": 0.5, ""sg_spread_penalty_rate"": 0.2, ""sg_off_hours_penalty"": 0.25, ""sg_volatility_penalty"": 0.05, ""sg_recent_loss_penalty"": 0.1}",6023,56.56,71.36,1.61,2745640.0,9.76,2.9,91.52,1.4529,75.9
p2_c9251326,2,"{""timeframes"": [""M1"", ""M5"", ""M15"", ""M30"", ""H1"", ""H4"", ""D1""], ""regime_detection_tf"": ""H1"", ""htf_alignment_tfs"": [""H4"", ""D1""], ""consensus_threshold"": 5.0, ""max_positions"": 3, ""bonus_max_positions"": 0, ""consensus_primary_weight"": 2.0, ""consensus_entry_weight"": 1.0, ""consensus_confirm_weight"": 2.0, ""consensus_manage_weight"": 1.5, ""consensus_other_weight"": 0.5, ""trailing_start_r"": 2.5, ""trailing_atr_mult"": 2.0, ""stag_exit_minutes"": 180.0, ""partial_1r_ratio"": 0.05, ""early_be_r"": 0.5, ""signal_rev_ratio"": 0.5, ""tp_sl_ratio"": 1.2, ""sl_min_pips"": 8.0, ""range_day_bbw_threshold"": 0.25, ""range_day_score_premium"": 0.3, ""weak_hours_score_premium"": 0.5, ""sg_spread_penalty_rate"": 0.2, ""sg_off_hours_penalty"": 0.25, ""sg_volatility_penalty"": 0.05, ""sg_recent_loss_penalty"": 0.1}",5252,56.31,71.97,1.65,2641209.0,6.35,2.96,88.04,1.5452,75.9
p2_fee2af6d,2,"{""timeframes"": [""M1"", ""M5"", ""M15"", ""M30"", ""H1"", ""H4"", ""D1""], ""regime_detection_tf"": ""H1"", ""htf_alignment_tfs"": [""H4"", ""D1""], ""consensus_threshold"": 5.0, ""max_positions"": 3, ""bonus_max_positions"": 0, ""consensus_primary_weight"": 2.0, ""consensus_entry_weight"": 3.0, ""consensus_confirm_weight"": 4.0, ""consensus_manage_weight"": 0.5, ""consensus_other_weight"": 0.5, ""trailing_start_r"": 2.5, ""trailing_atr_mult"": 2.0, ""stag_exit_minutes"": 180.0, ""partial_1r_ratio"": 0.05, ""early_be_r"": 0.5, ""signal_rev_ratio"": 0.5, ""tp_sl_ratio"": 1.2, ""sl_min_pips"": 8.0, ""range_day_bbw_threshold"": 0.25, ""range_day_score_premium"": 0.3, ""weak_hours_score_premium"": 0.5, ""sg_spread_penalty_rate"": 0.2, ""sg_off_hours_penalty"": 0.25, ""sg_volatility_penalty"": 0.05, ""sg_recent_loss_penalty"": 0.1}",5811,56.69,71.44,1.65,2786091.0,7.19,3.04,92.87,1.5314,76.6
p2_fac8585f,2,"{""timeframes"": [""M1"", ""M5"", ""M15"", ""M30"", ""H1"", ""H4"", ""D1""], ""regime_detection_tf"": ""H1"", ""htf_alignment_tfs"": [""H4"", ""D1""], ""consensus_threshold"": 5.0, ""max_positions"": 3, ""bonus_max_positions"": 0, ""consensus_primary_weight"": 2.5, ""consensus_entry_weight"": 1.0, ""consensus_confirm_weight"": 2.0, ""consensus_manage_weight"": 1.5, ""consensus_other_weight"": 2.0, ""trailing_start_r"": 2.5, ""trailing_atr_mult"": 2.0, ""stag_exit_minutes"": 180.0, ""partial_1r_ratio"": 0.05, ""early_be_r"": 0.5, ""signal_rev_ratio"": 0.5, ""tp_sl_ratio"": 1.2, ""sl_min_pips"": 8.0, ""range_day_bbw_threshold"": 0.25, ""range_day_score_premium"": 0.3, ""weak_hours_score_premium"": 0.5, ""sg_spread_penalty_rate"": 0.2, ""sg_off_hours_penalty"": 0.25, ""sg_volatility_penalty"": 0.05, ""sg_recent_loss_penalty"": 0.1}",5289,56.23,71.75,1.64,2556785.0,5.76,2.91,85.23,1.5455,74.4
p2_958d36b5,2,"{""timeframes"": [""M1"", ""M5"", ""M15"", ""M30"", ""H1"", ""H4"", ""D1""], ""regime_detection_tf"": ""H1"", ""htf_alignment_tfs"": [""H4"", ""D1""], ""consensus_threshold"": 5.0, ""max_positions"": 3, ""bonus_max_positions"": 0, ""consensus_primary_weight"": 1.5, ""consensus_entry_weight"": 2.0, ""consensus_confirm_weight"": 3.0, ""consensus_manage_weight"": 0.5, ""consensus_other_weight"": 0.5, ""trailing_start_r"": 2.5, ""trailing_atr_mult"": 2.0, ""stag_exit_minutes"": 180.0, ""partial_1r_ratio"": 0.05, ""early_be_r"": 0.5, ""signal_rev_ratio"": 0.5, ""tp_sl_ratio"": 1.2, ""sl_min_pips"": 8.0, ""range_day_bbw_threshold"": 0.25, ""range_day_score_premium"": 0.3, ""weak_hours_score_premium"": 0.5, ""sg_spread_penalty_rate"": 0.2, ""sg_off_hours_penalty"": 0.25, ""sg_volatility_penalty"": 0.05, ""sg_recent_loss_penalty"": 0.1}",5716,57.08,72.15,1.77,3211200.0,8.39,3.41,107.04,1.6215,77.0
p2_cda61ad1,2,"{""timeframes"": [""M1"", ""M5"", ""M15"", ""M30"", ""H1"", ""H4"", ""D1""], ""regime_detection_tf"": ""H1"", ""htf_alignment_tfs"": [""H4"", ""D1""], ""consensus_threshold"": 5.0, ""max_positions"": 3, ""bonus_max_positions"": 0, ""consensus_primary_weight"": 2.5, ""consensus_entry_weight"": 3.0, ""consensus_confirm_weight"": 4.0, ""consensus_manage_weight"": 1.0, ""consensus_other_weight"": 1.0, ""trailing_start_r"": 2.5, ""trailing_atr_mult"": 2.0, ""stag_exit_minutes"": 180.0, ""partial_1r_ratio"": 0.05, ""early_be_r"": 0.5, ""signal_rev_ratio"": 0.5, ""tp_sl_ratio"": 1.2, ""sl_min_pips"": 8.0, ""range_day_bbw_threshold"": 0.25, ""range_day_score_premium"": 0.3, ""weak_hours_score_premium"": 0.5, ""sg_spread_penalty_rate"": 0.2, ""sg_off_hours_penalty"": 0.25, ""sg_volatility_penalty"": 0.05, ""sg_recent_loss_penalty"": 0.1}",5857,56.73,71.57,1.66,2841432.0,7.57,3.01,94.71,1.5343,72.8
p2_2e5640fb,2,"{""timeframes"": [""M1"", ""M5"", ""M15"", ""M30"", ""H1"", ""H4"", ""D1""], ""regime_detection_tf"": ""H1"", ""htf_alignment_tfs"": [""H4"", ""D1""], ""consensus_threshold"": 5.0, ""max_positions"": 3, ""bonus_max_positions"": 0, ""consensus_primary_weight"": 1.5, ""consensus_entry_weight"": 1.5, ""consensus_confirm_weight"": 2.0, ""consensus_manage_weight"": 1.0, ""consensus_other_weight"": 1.0, ""trailing_start_r"": 2.5, ""trailing_atr_mult"": 2.0, ""stag_exit_minutes"": 180.0, ""partial_1r_ratio"": 0.05, ""early_be_r"": 0.5, ""signal_rev_ratio"": 0.5, ""tp_sl_ratio"": 1.2, ""sl_min_pips"": 8.0, ""range_day_bbw_threshold"": 0.25, ""range_day_score_premium"": 0.3, ""weak_hours_score_premium"": 0.5, ""sg_spread_penalty_rate"": 0.2, ""sg_off_hours_penalty"": 0.25, ""sg_volatility_penalty"": 0.05, ""sg_recent_loss_penalty"": 0.1}",5229,56.41,72.22,1.66,2661483.0,5.82,3.12,88.72,1.5634,78.2
p2_dc015d9a,2,"{""timeframes"": [""M1"", ""M5"", ""M15"", ""M30"", ""H1"", ""H4"", ""D1""], ""regime_detection_tf"": ""H1"", ""htf_alignment_tfs"": [""H4"", ""D1""], ""consensus_threshold"": 5.0, ""max_positions"": 3, ""bonus_max_positions"": 0, ""consensus_primary_weight"": 3.0, ""consensus_entry_weight"": 2.5, ""consensus_confirm_weight"": 3.0, ""consensus_manage_weight"": 0.5, ""consensus_other_weight"": 2.0, ""trailing_start_r"": 2.5, ""trailing_atr_mult"": 2.0, ""stag_exit_minutes"": 180.0, ""partial_1r_ratio"": 0.05, ""early_be_r"": 0.5, ""signal_rev_ratio"": 0.5, ""tp_sl_ratio"": 1.2, ""sl_min_pips"": 8.0, ""range_day_bbw_threshold"": 0.25, ""range_day_score_premium"": 0.3, ""weak_hours_score_premium"": 0.5, ""sg_spread_penalty_rate"": 0.2, ""sg_off_hours_penalty"": 0.25, ""sg_volatility_penalty"": 0.05, ""sg_recent_loss_penalty"": 0.1}",5608,56.39,71.28,1.6,2499345.0,7.03,2.9,83.31,1.4875,72.8
p2_cbbeeecc,2,"{""timeframes"": [""M1"", ""M5"", ""M15"", ""M30"", ""H1"", ""H4"", ""D1""], ""regime_detection_tf"": ""H1"", ""htf_alignment_tfs"": [""H4"", ""D1""], ""consensus_threshold"": 5.0, ""max_positions"": 3, ""bonus_max_positions"": 0, ""consensus_primary_weight"": 3.0, ""consensus_entry_weight"": 2.0, ""consensus_confirm_weight"": 3.0, ""consensus_manage_weight"": 1.0, ""consensus_other_weight"": 0.5, ""trailing_start_r"": 2.5, ""trailing_atr_mult"": 2.0, ""stag_exit_minutes"": 180.0, ""partial_1r_ratio"": 0.05, ""early_be_r"": 0.5, ""signal_rev_ratio"": 0.5, ""tp_sl_ratio"": 1.2, ""sl_min_pips"": 8.0, ""range_day_bbw_threshold"": 0.25, ""range_day_score_premium"": 0.3, ""weak_hours_score_premium"": 0.5, ""sg_spread_penalty_rate"": 0.2, ""sg_off_hours_penalty"": 0.25, ""sg_volatility_penalty"": 0.05, ""sg_recent_loss_penalty"": 0.1}",5619,56.34,71.16,1.61,2571155.0,7.26,2.88,85.71,1.4931,76.6
p2_0bb5595e,2,"{""timeframes"": [""M1"", ""M5"", ""M15"", ""M30"", ""H1"", ""H4"", ""D1""], ""regime_detection_tf"": ""H1"", ""htf_alignment_tfs"": [""H4"", ""D1""], ""consensus_threshold"": 5.0, ""max_positions"": 3, ""bonus_max_positions"": 0, ""consensus_primary_weight"": 2.0, ""consensus_entry_weight"": 1.5, ""consensus_confirm_weight"": 3.0, ""consensus_manage_weight"": 0.5, ""consensus_other_weight"": 1.0, ""trailing_start_r"": 2.5, ""trailing_atr_mult"": 1.0, ""stag_exit_minutes"": 60.0, ""partial_1r_ratio"": 0.1, ""early_be_r"": 0.5, ""signal_rev_ratio"": 0.25, ""tp_sl_ratio"": 1.2, ""sl_min_pips"": 8.0, ""range_day_bbw_threshold"": 0.25, ""range_day_score_premium"": 0.3, ""weak_hours_score_premium"": 0.5, ""sg_spread_penalty_rate"": 0.2, ""sg_off_hours_penalty"": 0.25, ""sg_volatility_penalty"": 0.05, ""sg_recent_loss_penalty"": 0.1}",4950,48.94,61.73,1.42,1615317.0,9.86,1.82,53.84,1.2529,65.6
p2_c9b21990,2,"{""timeframes"": [""M1"", ""M5"", ""M15"", ""M30"", ""H1"", ""H4"", ""D1""], ""regime_detection_tf"": ""H1"", ""htf_alignment_tfs"": [""H4"", ""D1""], ""consensus_threshold"": 5.0, ""max_positions"": 3, ""bonus_max_positions"": 0, ""consensus_primary_weight"": 2.0, ""consensus_entry_weight"": 1.5, ""consensus_confirm_weight"": 3.0, ""consensus_manage_weight"": 0.5, ""consensus_other_weight"": 1.0, ""trailing_start_r"": 2.5, ""trailing_atr_mult"": 1.5, ""stag_exit_minutes"": 60.0, ""partial_1r_ratio"": 0.05, ""early_be_r"": 0.5, ""signal_rev_ratio"": 0.75, ""tp_sl_ratio"": 1.2, ""sl_min_pips"": 8.0, ""range_day_bbw_threshold"": 0.25, ""range_day_score_premium"": 0.3, ""weak_hours_score_premium"": 0.5, ""sg_spread_penalty_rate"": 0.2, ""sg_off_hours_penalty"": 0.25, ""sg_volatility_penalty"": 0.05, ""sg_recent_loss_penalty"": 0.1}",4861,48.73,61.64,1.43,1642146.0,11.14,1.84,54.74,1.2384,67.4
p2_b02c3620,2,"{""timeframes"": [""M1"", ""M5"", ""M15"", ""M30"", ""H1"", ""H4"", ""D1""], ""regime_detection_tf"": ""H1"", ""htf_alignment_tfs"": [""H4"", ""D1""], ""consensus_threshold"": 5.0, ""max_positions"": 3, ""bonus_max_positions"": 0, ""consensus_primary_weight"": 2.0, ""consensus_entry_weight"": 1.5, ""consensus_confirm_weight"": 3.0, ""consensus_manage_weight"": 0.5, ""consensus_other_weight"": 1.0, ""trailing_start_r"": 0.5, ""trailing_atr_mult"": 1.5, ""stag_exit_minutes"": 120.0, ""partial_1r_ratio"": 0.1, ""early_be_r"": 0.3, ""signal_rev_ratio"": 0.5, ""tp_sl_ratio"": 1.2, ""sl_min_pips"": 8.0, ""range_day_bbw_threshold"": 0.25, ""range_day_score_premium"": 0.3, ""weak_hours_score_premium"": 0.5, ""sg_spread_penalty_rate"": 0.2, ""sg_off_hours_penalty"": 0.25, ""sg_volatility_penalty"": 0.05, ""sg_recent_loss_penalty"": 0.1}",6301,55.41,68.12,1.68,3111254.0,5.19,3.5,103.71,1.5928,74.3
p2_8b08afc9,2,"{""timeframes"": [""M1"", ""M5"", ""M15"", ""M30"", ""H1"", ""H4"", ""D1""], ""regime_detection_tf"": ""H1"", ""htf_alignment_tfs"": [""H4"", ""D1""], ""consensus_threshold"": 5.0, ""max_positions"": 3, ""bonus_max_positions"": 0, ""consensus_primary_weight"": 2.0, ""consensus_entry_weight"": 1.5, ""consensus_confirm_weight"": 3.0, ""consensus_manage_weight"": 0.5, ""consensus_other_weight"": 1.0, ""trailing_start_r"": 0.5, ""trailing_atr_mult"": 2.0, ""stag_exit_minutes"": 240.0, ""partial_1r_ratio"": 0.05, ""early_be_r"": 0.3, ""signal_rev_ratio"": 0.0, ""tp_sl_ratio"": 1.2, ""sl_min_pips"": 8.0, ""range_day_bbw_threshold"": 0.25, ""range_day_score_premium"": 0.3, ""weak_hours_score_premium"": 0.5, ""sg_spread_penalty_rate"": 0.2, ""sg_off_hours_penalty"": 0.25, ""sg_volatility_penalty"": 0.05, ""sg_recent_loss_penalty"": 0.1}",6226,59.07,72.83,1.78,3742645.0,4.19,4.41,124.75,1.7054,77.3
p2_068e27d7,2,"{""timeframes"": [""M1"", ""M5"", ""M15"", ""M30"", ""H1"", ""H4"", ""D1""], ""regime_detection_tf"": ""H1"", ""htf_alignment_tfs"": [""H4"", ""D1""], ""consensus_threshold"": 5.0, ""max_positions"": 3, ""bonus_max_positions"": 0, ""consensus_primary_weight"": 2.0, ""consensus_entry_weight"": 1.5, ""consensus_confirm_weight"": 3.0, ""consensus_manage_weight"": 0.5, ""consensus_other_weight"": 1.0, ""trailing_start_r"": 1.5, ""trailing_atr_mult"": 1.0, ""stag_exit_minutes"": 120.0, ""partial_1r_ratio"": 0.0, ""early_be_r"": 0.7, ""signal_rev_ratio"": 0.75, ""tp_sl_ratio"": 1.2, ""sl_min_pips"": 8.0, ""range_day_bbw_threshold"": 0.25, ""range_day_score_premium"": 0.3, ""weak_hours_score_premium"": 0.5, ""sg_spread_penalty_rate"": 0.2, ""sg_off_hours_penalty"": 0.25, ""sg_volatility_penalty"": 0.05, ""sg_recent_loss_penalty"": 0.1}",4515,45.9,58.74,1.71,3160566.0,7.9,3.22,105.35,1.4458,73.4
p2_7cf8349c,2,"{""timeframes"": [""M1"", ""M5"", ""M15"", ""M30"", ""H1"", ""H4"", ""D1""], ""regime_detection_tf"": ""H1"", ""htf_alignment_tfs"": [""H4"", ""D1""], ""consensus_threshold"": 5.0, ""max_positions"": 3, ""bonus_max_positions"": 0, ""consensus_primary_weight"": 2.0, ""consensus_entry_weight"": 1.5, ""consensus_confirm_weight"": 3.0, ""consensus_manage_weight"": 0.5, ""consensus_other_weight"": 1.0, ""trailing_start_r"": 2.0, ""trailing_atr_mult"": 2.5, ""stag_exit_minutes"": 180.0, ""partial_1r_ratio"": 0.05, ""early_be_r"": 1.0, ""signal_rev_ratio"": 0.25, ""tp_sl_ratio"": 1.2, ""sl_min_pips"": 8.0, ""range_day_bbw_threshold"": 0.25, ""range_day_score_premium"": 0.3, ""weak_hours_score_premium"": 0.5, ""sg_spread_penalty_rate"": 0.2, ""sg_off_hours_penalty"": 0.25, ""sg_volatility_penalty"": 0.05, ""sg_recent_loss_penalty"": 0.1}",5675,60.43,69.27,1.6,2795018.0,8.74,3.04,93.17,1.4602,75.5
p2_9e5782c5,2,"{""timeframes"": [""M1"", ""M5"", ""M15"", ""M30"", ""H1"", ""H4"", ""D1""], ""regime_detection_tf"": ""H1"", ""htf_alignment_tfs"": [""H4"", ""D1""], ""consensus_threshold"": 5.0, ""max_positions"": 3, ""bonus_max_positions"": 0, ""consensus_primary_weight"": 2.0, ""consensus_entry_weight"": 1.5, ""consensus_confirm_weight"": 3.0, ""consensus_manage_weight"": 0.5, ""consensus_other_weight"": 1.0, ""trailing_start_r"": 2.0, ""trailing_atr_mult"": 2.5, ""stag_exit_minutes"": 30.0, ""partial_1r_ratio"": 0.0, ""early_be_r"": 0.7, ""signal_rev_ratio"": 0.25, ""tp_sl_ratio"": 1.2, ""sl_min_pips"": 8.0, ""range_day_bbw_threshold"": 0.25, ""range_day_score_premium"": 0.3, ""weak_hours_score_premium"": 0.5, ""sg_spread_penalty_rate"": 0.2, ""sg_off_hours_penalty"": 0.25, ""sg_volatility_penalty"": 0.05, ""sg_recent_loss_penalty"": 0.1}",3360,37.81,46.7,1.31,887342.0,10.13,1.16,29.58,0.8865,59.4
p2_89f02a1b,2,"{""timeframes"": [""M1"", ""M5"", ""M15"", ""M30"", ""H1"", ""H4"", ""D1""], ""regime_detection_tf"": ""H1"", ""htf_alignment_tfs"": [""H4"", ""D1""], ""consensus_threshold"": 5.0, ""max_positions"": 3, ""bonus_max_positions"": 0, ""consensus_primary_weight"": 2.0, ""consensus_entry_weight"": 1.5, ""consensus_confirm_weight"": 3.0, ""consensus_manage_weight"": 0.5, ""consensus_other_weight"": 1.0, ""trailing_start_r"": 1.5, ""trailing_atr_mult"": 1.0, ""stag_exit_minutes"": 180.0, ""partial_1r_ratio"": 0.0, ""early_be_r"": 1.0, ""signal_rev_ratio"": 0.0, ""tp_sl_ratio"": 1.2, ""sl_min_pips"": 8.0, ""range_day_bbw_threshold"": 0.25, ""range_day_score_premium"": 0.3, ""weak_hours_score_premium"": 0.5, ""sg_spread_penalty_rate"": 0.2, ""sg_off_hours_penalty"": 0.25, ""sg_volatility_penalty"": 0.05, ""sg_recent_loss_penalty"": 0.1}",4241,48.63,58.72,1.64,3132184.0,5.89,3.25,104.41,1.5011,72.0
p2_672386df,2,"{""timeframes"": [""M1"", ""M5"", ""M15"", ""M30"", ""H1"", ""H4"", ""D1""], ""regime_detection_tf"": ""H1"", ""htf_alignment_tfs"": [""H4"", ""D1""], ""consensus_threshold"": 5.0, ""max_positions"": 3, ""bonus_max_positions"": 0, ""consensus_primary_weight"": 2.0, ""consensus_entry_weight"": 1.5, ""consensus_confirm_weight"": 3.0, ""consensus_manage_weight"": 0.5, ""consensus_other_weight"": 1.0, ""trailing_start_r"": 1.0, ""trailing_atr_mult"": 1.5, ""stag_exit_minutes"": 240.0, ""partial_1r_ratio"": 0.15, ""early_be_r"": 0.5, ""signal_rev_ratio"": 0.5, ""tp_sl_ratio"": 1.2, ""sl_min_pips"": 8.0, ""range_day_bbw_threshold"": 0.25, ""range_day_score_premium"": 0.3, ""weak_hours_score_premium"": 0.5, ""sg_spread_penalty_rate"": 0.2, ""sg_off_hours_penalty"": 0.25, ""sg_volatility_penalty"": 0.05, ""sg_recent_loss_penalty"": 0.1}",6088,58.95,72.12,1.72,3415846.0,8.03,3.95,113.86,1.5819,50.9
p2_6f9eb1a5,2,"{""timeframes"": [""M1"", ""M5"", ""M15"", ""M30"", ""H1"", ""H4"", ""D1""], ""regime_detection_tf"": ""H1"", ""htf_alignment_tfs"": [""H4"", ""D1""], ""consensus_threshold"": 5.0, ""max_positions"": 3, ""bonus_max_positions"": 0, ""consensus_primary_weight"": 2.0, ""consensus_entry_weight"": 1.5, ""consensus_confirm_weight"": 3.0, ""consensus_manage_weight"": 0.5, ""consensus_other_weight"": 1.0, ""trailing_start_r"": 1.0, ""trailing_atr_mult"": 2.0, ""stag_exit_minutes"": 30.0, ""partial_1r_ratio"": 0.15, ""early_be_r"": 0.3, ""signal_rev_ratio"": 0.0, ""tp_sl_ratio"": 1.2, ""sl_min_pips"": 8.0, ""range_day_bbw_threshold"": 0.25, ""range_day_score_premium"": 0.3, ""weak_hours_score_premium"": 0.5, ""sg_spread_penalty_rate"": 0.2, ""sg_off_hours_penalty"": 0.25, ""sg_volatility_penalty"": 0.05, ""sg_recent_loss_penalty"": 0.1}",3928,42.44,53.6,1.22,669643.0,9.3,0.71,22.32,0.8671,39.3
p2_c3e1b309,2,"{""timeframes"": [""M1"", ""M5"", ""M15"", ""M30"", ""H1"", ""H4"", ""D1""], ""regime_detection_tf"": ""H1"", ""htf_alignment_tfs"": [""H4"", ""D1""], ""consensus_threshold"": 4.0, ""max_positions"": 3, ""bonus_max_positions"": 0, ""consensus_primary_weight"": 2.0, ""consensus_entry_weight"": 1.5, ""consensus_confirm_weight"": 3.0, ""consensus_manage_weight"": 0.5, ""consensus_other_weight"": 1.0, ""trailing_start_r"": 2.5, ""trailing_atr_mult"": 2.0, ""stag_exit_minutes"": 180.0, ""partial_1r_ratio"": 0.05, ""early_be_r"": 0.5, ""signal_rev_ratio"": 0.5, ""tp_sl_ratio"": 1.2, ""sl_min_pips"": 8.0, ""range_day_bbw_threshold"": 0.25, ""range_day_score_premium"": 0.3, ""weak_hours_score_premium"": 0.5, ""sg_spread_penalty_rate"": 0.2, ""sg_off_hours_penalty"": 0.25, ""sg_volatility_penalty"": 0.05, ""sg_recent_loss_penalty"": 0.1}",5929,56.86,71.53,1.71,3143919.0,8.11,3.17,104.8,1.5713,49.4
p2_8d36a37a,2,"{""timeframes"": [""M1"", ""M5"", ""M15"", ""M30"", ""H1"", ""H4"", ""D1""], ""regime_detection_tf"": ""H1"", ""htf_alignment_tfs"": [""H4"", ""D1""], ""consensus_threshold"": 4.5, ""max_positions"": 3, ""bonus_max_positions"": 0, ""consensus_primary_weight"": 2.0, ""consensus_entry_weight"": 1.5, ""consensus_confirm_weight"": 3.0, ""consensus_manage_weight"": 0.5, ""consensus_other_weight"": 1.0, ""trailing_start_r"": 2.5, ""trailing_atr_mult"": 2.0, ""stag_exit_minutes"": 180.0, ""partial_1r_ratio"": 0.05, ""early_be_r"": 0.5, ""signal_rev_ratio"": 0.5, ""tp_sl_ratio"": 1.2, ""sl_min_pips"": 8.0, ""range_day_bbw_threshold"": 0.25, ""range_day_score_premium"": 0.3, ""weak_hours_score_premium"": 0.5, ""sg_spread_penalty_rate"": 0.2, ""sg_off_hours_penalty"": 0.25, ""sg_volatility_penalty"": 0.05, ""sg_recent_loss_penalty"": 0.1}",5810,56.86,71.8,1.72,3104417.0,8.19,3.26,103.48,1.5791,50.5
p2_a1be03d1,2,"{""timeframes"": [""M1"", ""M5"", ""M15"", ""M30"", ""H1"", ""H4"", ""D1""], ""regime_detection_tf"": ""H1"", ""htf_alignment_tfs"": [""H4"", ""D1""], ""consensus_threshold"": 4.75, ""max_positions"": 3, ""bonus_max_positions"": 0, ""consensus_primary_weight"": 2.0, ""consensus_entry_weight"": 1.5, ""consensus_confirm_weight"": 3.0, ""consensus_manage_weight"": 0.5, ""consensus_other_weight"": 1.0, ""trailing_start_r"": 2.5, ""trailing_atr_mult"": 2.0, ""stag_exit_minutes"": 180.0, ""partial_1r_ratio"": 0.05, ""early_be_r"": 0.5, ""signal_rev_ratio"": 0.5, ""tp_sl_ratio"": 1.2, ""sl_min_pips"": 8.0, ""range_day_bbw_threshold"": 0.25, ""range_day_score_premium"": 0.3, ""weak_hours_score_premium"": 0.5, ""sg_spread_penalty_rate"": 0.2, ""sg_off_hours_penalty"": 0.25, ""sg_volatility_penalty"": 0.05, ""sg_recent_loss_penalty"": 0.1}",5746,57.03,71.89,1.74,3108509.0,7.85,3.33,103.62,1.6034,49.2
p2_ba3421f9,2,"{""timeframes"": [""M1"", ""M5"", ""M15"", ""M30"", ""H1"", ""H4"", ""D1""], ""regime_detection_tf"": ""H1"", ""htf_alignment_tfs"": [""H4"", ""D1""], ""consensus_threshold"": 5.25, ""max_positions"": 3, ""bonus_max_positions"": 0, ""consensus_primary_weight"": 2.0, ""consensus_entry_weight"": 1.5, ""consensus_confirm_weight"": 3.0, ""consensus_manage_weight"": 0.5, ""consensus_other_weight"": 1.0, ""trailing_start_r"": 2.5, ""trailing_atr_mult"": 2.0, ""stag_exit_minutes"": 180.0, ""partial_1r_ratio"": 0.05, ""early_be_r"": 0.5, ""signal_rev_ratio"": 0.5, ""tp_sl_ratio"": 1.2, ""sl_min_pips"": 8.0, ""range_day_bbw_threshold"": 0.25, ""range_day_score_premium"": 0.3, ""weak_hours_score_premium"": 0.5, ""sg_spread_penalty_rate"": 0.2, ""sg_off_hours_penalty"": 0.25, ""sg_volatility_penalty"": 0.05, ""sg_recent_loss_penalty"": 0.1}",5713,57.05,72.08,1.74,3138764.0,9.22,3.34,104.63,1.5796,49.4
p2_6aacf806,2,"{""timeframes"": [""M1"", ""M5"", ""M15"", ""M30"", ""H1"", ""H4"", ""D1""], ""regime_detection_tf"": ""H1"", ""htf_alignment_tfs"": [""H4"", ""D1""], ""consensus_threshold"": 5.5, ""max_positions"": 3, ""bonus_max_positions"": 0, ""consensus_primary_weight"": 2.0, ""consensus_entry_weight"": 1.5, ""consensus_confirm_weight"": 3.0, ""consensus_manage_weight"": 0.5, ""consensus_other_weight"": 1.0, ""trailing_start_r"": 2.5, ""trailing_atr_mult"": 2.0, ""stag_exit_minutes"": 180.0, ""partial_1r_ratio"": 0.05, ""early_be_r"": 0.5, ""signal_rev_ratio"": 0.5, ""tp_sl_ratio"": 1.2, ""sl_min_pips"": 8.0, ""range_day_bbw_threshold"": 0.25, ""range_day_score_premium"": 0.3, ""weak_hours_score_premium"": 0.5, ""sg_spread_penalty_rate"": 0.2, ""sg_off_hours_penalty"": 0.25, ""sg_volatility_penalty"": 0.05, ""sg_recent_loss_penalty"": 0.1}",5590,56.75,71.81,1.73,2994352.0,8.76,3.34,99.81,1.5785,49.1
p2_6d7ced5f,2,"{""timeframes"": [""M1"", ""M5"", ""M15"", ""M30"", ""H1"", ""H4"", ""D1""], ""regime_detection_tf"": ""H1"", ""htf_alignment_tfs"": [""H4"", ""D1""], ""consensus_threshold"": 6.0, ""max_positions"": 3, ""bonus_max_positions"": 0, ""consensus_primary_weight"": 2.0, ""consensus_entry_weight"": 1.5, ""consensus_confirm_weight"": 3.0, ""consensus_manage_weight"": 0.5, ""consensus_other_weight"": 1.0, ""trailing_start_r"": 2.5, ""trailing_atr_mult"": 2.0, ""stag_exit_minutes"": 180.0, ""partial_1r_ratio"": 0.05, ""early_be_r"": 0.5, ""signal_rev_ratio"": 0.5, ""tp_sl_ratio"": 1.2, ""sl_min_pips"": 8.0, ""range_day_bbw_threshold"": 0.25, ""range_day_score_premium"": 0.3, ""weak_hours_score_premium"": 0.5, ""sg_spread_penalty_rate"": 0.2, ""sg_off_hours_penalty"": 0.25, ""sg_volatility_penalty"": 0.05, ""sg_recent_loss_penalty"": 0.1}",5572,56.82,72.06,1.73,2897505.0,8.59,3.33,96.58,1.5814,50.4
p2_976e4fd8,2,"{""timeframes"": [""M1"", ""M5"", ""M15"", ""M30"", ""H1"", ""H4"", ""D1""], ""regime_detection_tf"": ""H1"", ""htf_alignment_tfs"": [""H4"", ""D1""], ""consensus_threshold"": 5.0, ""max_positions"": 3, ""bonus_max_positions"": 0, ""consensus_primary_weight"": 2.0, ""consensus_entry_weight"": 1.5, ""consensus_confirm_weight"": 3.0, ""consensus_manage_weight"": 0.5, ""consensus_other_weight"": 1.0, ""trailing_start_r"": 2.5, ""trailing_atr_mult"": 2.0, ""stag_exit_minutes"": 180.0, ""partial_1r_ratio"": 0.05, ""early_be_r"": 0.5, ""signal_rev_ratio"": 0.5, ""tp_sl_ratio"": 1.5, ""sl_min_pips"": 10.0, ""range_day_bbw_threshold"": 0.25, ""range_day_score_premium"": 0.3, ""weak_hours_score_premium"": 0.3, ""sg_spread_penalty_rate"": 0.3, ""sg_off_hours_penalty"": 0.3, ""sg_volatility_penalty"": 0.05, ""sg_recent_loss_penalty"": 0.1}",5745,57.16,72.01,1.76,3219517.0,8.06,3.39,107.32,1.6181,49.5
p2_416ed95f,2,"{""timeframes"": [""M1"", ""M5"", ""M15"", ""M30"", ""H1"", ""H4"", ""D1""], ""regime_detection_tf"": ""H1"", ""htf_alignment_tfs"": [""H4"", ""D1""], ""consensus_threshold"": 5.0, ""max_positions"": 3, ""bonus_max_positions"": 0, ""consensus_primary_weight"": 2.0, ""consensus_entry_weight"": 1.5, ""consensus_confirm_weight"": 3.0, ""consensus_manage_weight"": 0.5, ""consensus_other_weight"": 1.0, ""trailing_start_r"": 2.5, ""trailing_atr_mult"": 2.0, ""stag_exit_minutes"": 180.0, ""partial_1r_ratio"": 0.05, ""early_be_r"": 0.5, ""signal_rev_ratio"": 0.5, ""tp_sl_ratio"": 1.0, ""sl_min_pips"": 8.0, ""range_day_bbw_threshold"": 0.25, ""range_day_score_premium"": 0.3, ""weak_hours_score_premium"": 0.7, ""sg_spread_penalty_rate"": 0.1, ""sg_off_hours_penalty"": 0.1, ""sg_volatility_penalty"": 0.05, ""sg_recent_loss_penalty"": 0.1}",5641,56.85,71.43,1.75,3173388.0,7.6,3.38,105.78,1.617,49.1
p2_adf8a3bd,2,"{""timeframes"": [""M1"", ""M5"", ""M15"", ""M30"", ""H1"", ""H4"", ""D1""], ""regime_detection_tf"": ""H1"", ""htf_alignment_tfs"": [""H4"", ""D1""], ""consensus_threshold"": 5.0, ""max_positions"": 3, ""bonus_max_positions"": 0, ""consensus_primary_weight"": 2.0, ""consensus_entry_weight"": 1.5, ""consensus_confirm_weight"": 3.0, ""consensus_manage_weight"": 0.5, ""consensus_other_weight"": 1.0, ""trailing_start_r"": 2.5, ""trailing_atr_mult"": 2.0, ""stag_exit_minutes"": 180.0, ""partial_1r_ratio"": 0.05, ""early_be_r"": 0.5, ""signal_rev_ratio"": 0.5, ""tp_sl_ratio"": 1.2, ""sl_min_pips"": 5.0, ""range_day_bbw_threshold"": 0.25, ""range_day_score_premium"": 0.3, ""weak_hours_score_premium"": 0.5, ""sg_spread_penalty_rate"": 0.5, ""sg_off_hours_penalty"": 0.15, ""sg_volatility_penalty"": 0.05, ""sg_recent_loss_penalty"": 0.1}",5744,57.19,72.05,1.76,3217442.0,8.06,3.39,107.25,1.6181,49.6
p2_472fc4a1,2,"{""timeframes"": [""M1"", ""M5"", ""M15"", ""M30"", ""H1"", ""H4"", ""D1""], ""regime_detection_tf"": ""H1"", ""htf_alignment_tfs"": [""H4"", ""D1""], ""consensus_threshold"": 5.0, ""max_positions"": 3, ""bonus_max_positions"": 0, ""consensus_primary_weight"": 2.0, ""consensus_entry_weight"": 1.5, ""consensus_confirm_weight"": 3.0, ""consensus_manage_weight"": 0.5, ""consensus_other_weight"": 1.0, ""trailing_start_r"": 2.5, ""trailing_atr_mult"": 2.0, ""stag_exit_minutes"": 180.0, ""partial_1r_ratio"": 0.05, ""early_be_r"": 0.5, ""signal_rev_ratio"": 0.5, ""tp_sl_ratio"": 0.8, ""sl_min_pips"": 12.0, ""range_day_bbw_threshold"": 0.25, ""range_day_score_premium"": 0.3, ""weak_hours_score_premium"": 0.0, ""sg_spread_penalty_rate"": 0.2, ""sg_off_hours_penalty"": 0.25, ""sg_volatility_penalty"": 0.05, ""sg_recent_loss_penalty"": 0.1}",5548,56.35,69.81,1.62,2824948.0,9.42,3.02,94.16,1.4674,49.7
p2_8b47f487,2,"{""timeframes"": [""M1"", ""M15"", ""H1"", ""H4""], ""regime_detection_tf"": ""H1"", ""htf_alignment_tfs"": [""H4""], ""consensus_threshold"": 4.0, ""max_positions"": 2, ""bonus_max_positions"": 0, ""consensus_primary_weight"": 2.0, ""consensus_entry_weight"": 1.5, ""consensus_confirm_weight"": 5.0, ""consensus_manage_weight"": 1.5, ""consensus_other_weight"": 2.0, ""trailing_start_r"": 2.5, ""trailing_atr_mult"": 2.0, ""stag_exit_minutes"": 180.0, ""partial_1r_ratio"": 0.05, ""early_be_r"": 0.5, ""signal_rev_ratio"": 0.5, ""tp_sl_ratio"": 1.2, ""sl_min_pips"": 8.0, ""range_day_bbw_threshold"": 0.25, ""range_day_score_premium"": 0.3, ""weak_hours_score_premium"": 0.5, ""sg_spread_penalty_rate"": 0.2, ""sg_off_hours_penalty"": 0.25, ""sg_volatility_penalty"": 0.05, ""sg_recent_loss_penalty"": 0.1}",2436,63.58,75.9,2.4,2078034.0,2.82,4.52,69.27,2.3323,40.5
p2_7f4ab64b,2,"{""timeframes"": [""M1"", ""M15"", ""H1"", ""H4""], ""regime_detection_tf"": ""H1"", ""htf_alignment_tfs"": [""H4""], ""consensus_threshold"": 4.0, ""max_positions"": 2, ""bonus_max_positions"": 0, ""consensus_primary_weight"": 2.0, ""consensus_entry_weight"": 1.0, ""consensus_confirm_weight"": 2.0, ""consensus_manage_weight"": 1.5, ""consensus_other_weight"": 0.5, ""trailing_start_r"": 2.5, ""trailing_atr_mult"": 2.0, ""stag_exit_minutes"": 180.0, ""partial_1r_ratio"": 0.05, ""early_be_r"": 0.5, ""signal_rev_ratio"": 0.5, ""tp_sl_ratio"": 1.2, ""sl_min_pips"": 8.0, ""range_day_bbw_threshold"": 0.25, ""range_day_score_premium"": 0.3, ""weak_hours_score_premium"": 0.5, ""sg_spread_penalty_rate"": 0.2, ""sg_off_hours_penalty"": 0.25, ""sg_volatility_penalty"": 0.05, ""sg_recent_loss_penalty"": 0.1}",1220,64.59,78.2,2.88,955355.0,2.22,3.8,31.85,2.8161,1247.9
p2_c9d19884,2,"{""timeframes"": [""M1"", ""M15"", ""H1"", ""H4""], ""regime_detection_tf"": ""H1"", ""htf_alignment_tfs"": [""H4""], ""consensus_threshold"": 4.0, ""max_positions"": 2, ""bonus_max_positions"": 0, ""consensus_primary_weight"": 2.0, ""consensus_entry_weight"": 1.5, ""consensus_confirm_weight"": 3.0, ""consensus_manage_weight"": 0.5, ""consensus_other_weight"": 1.0, ""trailing_start_r"": 2.5, ""trailing_atr_mult"": 1.0, ""stag_exit_minutes"": 60.0, ""partial_1r_ratio"": 0.1, ""early_be_r"": 0.5, ""signal_rev_ratio"": 0.25, ""tp_sl_ratio"": 1.2, ""sl_min_pips"": 8.0, ""range_day_bbw_threshold"": 0.25, ""range_day_score_premium"": 0.3, ""weak_hours_score_premium"": 0.5, ""sg_spread_penalty_rate"": 0.2, ""sg_off_hours_penalty"": 0.25, ""sg_volatility_penalty"": 0.05, ""sg_recent_loss_penalty"": 0.1}",1777,60.46,70.2,2.76,1280768.0,1.97,4.18,42.69,2.7056,1232.2
p2_467f7517,2,"{""timeframes"": [""M1"", ""M15"", ""H1"", ""H4""], ""regime_detection_tf"": ""H1"", ""htf_alignment_tfs"": [""H4""], ""consensus_threshold"": 4.0, ""max_positions"": 2, ""bonus_max_positions"": 0, ""consensus_primary_weight"": 2.0, ""consensus_entry_weight"": 1.5, ""consensus_confirm_weight"": 3.0, ""consensus_manage_weight"": 0.5, ""consensus_other_weight"": 1.0, ""trailing_start_r"": 0.5, ""trailing_atr_mult"": 1.5, ""stag_exit_minutes"": 120.0, ""partial_1r_ratio"": 0.1, ""early_be_r"": 0.3, ""signal_rev_ratio"": 0.5, ""tp_sl_ratio"": 1.2, ""sl_min_pips"": 8.0, ""range_day_bbw_threshold"": 0.25, ""range_day_score_premium"": 0.3, ""weak_hours_score_premium"": 0.5, ""sg_spread_penalty_rate"": 0.2, ""sg_off_hours_penalty"": 0.25, ""sg_volatility_penalty"": 0.05, ""sg_recent_loss_penalty"": 0.1}",1984,63.48,73.74,3.31,1876862.0,1.88,6.11,62.56,3.2478,1230.1
p2_85e771da,2,"{""timeframes"": [""M1"", ""M15"", ""H1"", ""H4""], ""regime_detection_tf"": ""H1"", ""htf_alignment_tfs"": [""H4""], ""consensus_threshold"": 4.0, ""max_positions"": 2, ""bonus_max_positions"": 0, ""consensus_primary_weight"": 3.0, ""consensus_entry_weight"": 2.0, ""consensus_confirm_weight"": 3.0, ""consensus_manage_weight"": 1.0, ""consensus_other_weight"": 0.5, ""trailing_start_r"": 2.5, ""trailing_atr_mult"": 2.0, ""stag_exit_minutes"": 180.0, ""partial_1r_ratio"": 0.05, ""early_be_r"": 0.5, ""signal_rev_ratio"": 0.5, ""tp_sl_ratio"": 1.2, ""sl_min_pips"": 8.0, ""range_day_bbw_threshold"": 0.25, ""range_day_score_premium"": 0.3, ""weak_hours_score_premium"": 0.5, ""sg_spread_penalty_rate"": 0.2, ""sg_off_hours_penalty"": 0.25, ""sg_volatility_penalty"": 0.05, ""sg_recent_loss_penalty"": 0.1}",2215,66.13,79.11,3.14,2239651.0,2.76,5.14,74.66,3.0533,1237.8
p2_401e676a,2,"{""timeframes"": [""M1"", ""M15"", ""H1"", ""H4""], ""regime_detection_tf"": ""H1"", ""htf_alignment_tfs"": [""H4""], ""consensus_threshold"": 4.0, ""max_positions"": 2, ""bonus_max_positions"": 0, ""consensus_primary_weight"": 2.0, ""consensus_entry_weight"": 1.5, ""consensus_confirm_weight"": 3.0, ""consensus_manage_weight"": 0.5, ""consensus_other_weight"": 1.0, ""trailing_start_r"": 2.5, ""trailing_atr_mult"": 1.5, ""stag_exit_minutes"": 60.0, ""partial_1r_ratio"": 0.05, ""early_be_r"": 0.5, ""signal_rev_ratio"": 0.75, ""tp_sl_ratio"": 1.2, ""sl_min_pips"": 8.0, ""range_day_bbw_threshold"": 0.25, ""range_day_score_premium"": 0.3, ""weak_hours_score_premium"": 0.5, ""sg_spread_penalty_rate"": 0.2, ""sg_off_hours_penalty"": 0.25, ""sg_volatility_penalty"": 0.05, ""sg_recent_loss_penalty"": 0.1}",1780,60.53,70.25,2.85,1339289.0,1.96,4.25,44.64,2.7941,1230.2
p2_54da2a95,2,"{""timeframes"": [""M1"", ""M15"", ""H1"", ""H4""], ""regime_detection_tf"": ""H1"", ""htf_alignment_tfs"": [""H4""], ""consensus_threshold"": 4.0, ""max_positions"": 2, ""bonus_max_positions"": 0, ""consensus_primary_weight"": 2.0, ""consensus_entry_weight"": 1.5, ""consensus_confirm_weight"": 3.0, ""consensus_manage_weight"": 0.5, ""consensus_other_weight"": 1.0, ""trailing_start_r"": 0.5, ""trailing_atr_mult"": 2.0, ""stag_exit_minutes"": 240.0, ""partial_1r_ratio"": 0.05, ""early_be_r"": 0.3, ""signal_rev_ratio"": 0.0, ""tp_sl_ratio"": 1.2, ""sl_min_pips"": 8.0, ""range_day_bbw_threshold"": 0.25, ""range_day_score_premium"": 0.3, ""weak_hours_score_premium"": 0.5, ""sg_spread_penalty_rate"": 0.2, ""sg_off_hours_penalty"": 0.25, ""sg_volatility_penalty"": 0.05, ""sg_recent_loss_penalty"": 0.1}",1966,67.95,79.8,3.6,2250513.0,1.54,6.46,75.02,3.5446,1230.1
p2_450ebf84,2,"{""timeframes"": [""M1"", ""M15"", ""H1"", ""H4""], ""regime_detection_tf"": ""H1"", ""htf_alignment_tfs"": [""H4""], ""consensus_threshold"": 4.0, ""max_positions"": 2, ""bonus_max_positions"": 0, ""consensus_primary_weight"": 2.0, ""consensus_entry_weight"": 1.5, ""consensus_confirm_weight"": 3.0, ""consensus_manage_weight"": 0.5, ""consensus_other_weight"": 1.0, ""trailing_start_r"": 2.0, ""trailing_atr_mult"": 2.5, ""stag_exit_minutes"": 30.0, ""partial_1r_ratio"": 0.0, ""early_be_r"": 0.7, ""signal_rev_ratio"": 0.25, ""tp_sl_ratio"": 1.2, ""sl_min_pips"": 8.0, ""range_day_bbw_threshold"": 0.25, ""range_day_score_premium"": 0.3, ""weak_hours_score_premium"": 0.5, ""sg_spread_penalty_rate"": 0.2, ""sg_off_hours_penalty"": 0.25, ""sg_volatility_penalty"": 0.05, ""sg_recent_loss_penalty"": 0.1}",1450,49.85,56.32,2.19,724689.0,1.87,3.14,24.16,2.0175,50.3
p2_7b37bcf5,2,"{""timeframes"": [""M1"", ""M15"", ""H1"", ""H4""], ""regime_detection_tf"": ""H1"", ""htf_alignment_tfs"": [""H4""], ""consensus_threshold"": 4.0, ""max_positions"": 2, ""bonus_max_positions"": 0, ""consensus_primary_weight"": 2.0, ""consensus_entry_weight"": 1.5, ""consensus_confirm_weight"": 3.0, ""consensus_manage_weight"": 0.5, ""consensus_other_weight"": 1.0, ""trailing_start_r"": 1.0, ""trailing_atr_mult"": 1.5, ""stag_exit_minutes"": 240.0, ""partial_1r_ratio"": 0.15, ""early_be_r"": 0.5, ""signal_rev_ratio"": 0.5, ""tp_sl_ratio"": 1.2, ""sl_min_pips"": 8.0, ""range_day_bbw_threshold"": 0.25, ""range_day_score_premium"": 0.3, ""weak_hours_score_premium"": 0.5, ""sg_spread_penalty_rate"": 0.2, ""sg_off_hours_penalty"": 0.25, ""sg_volatility_penalty"": 0.05, ""sg_recent_loss_penalty"": 0.1}",1921,67.63,79.76,3.3,1993078.0,1.71,5.47,66.44,3.2436,53.3
p2_7f4ab64b,2,"{""timeframes"": [""M1"", ""M15"", ""H1"", ""H4""], ""regime_detection_tf"": ""H1"", ""htf_alignment_tfs"": [""H4""], ""consensus_threshold"": 4.0, ""max_positions"": 2, ""bonus_max_positions"": 0, ""consensus_primary_weight"": 2.0, ""consensus_entry_weight"": 1.0, ""consensus_confirm_weight"": 2.0, ""consensus_manage_weight"": 1.5, ""consensus_other_weight"": 0.5, ""trailing_start_r"": 2.5, ""trailing_atr_mult"": 2.0, ""stag_exit_minutes"": 180.0, ""partial_1r_ratio"": 0.05, ""early_be_r"": 0.5, ""signal_rev_ratio"": 0.5, ""tp_sl_ratio"": 1.2, ""sl_min_pips"": 8.0, ""range_day_bbw_threshold"": 0.25, ""range_day_score_premium"": 0.3, ""weak_hours_score_premium"": 0.5, ""sg_spread_penalty_rate"": 0.2, ""sg_off_hours_penalty"": 0.25, ""sg_volatility_penalty"": 0.05, ""sg_recent_loss_penalty"": 0.1}",1220,64.59,78.2,2.88,955355.0,2.22,3.8,31.85,2.8161,1594.7
p2_7219dfb2,2,"{""timeframes"": [""M1"", ""M15"", ""H1"", ""H4""], ""regime_detection_tf"": ""H1"", ""htf_alignment_tfs"": [""H4""], ""consensus_threshold"": 4.0, ""max_positions"": 2, ""bonus_max_positions"": 0, ""consensus_primary_weight"": 2.0, ""consensus_entry_weight"": 3.0, ""consensus_confirm_weight"": 4.0, ""consensus_manage_weight"": 0.5, ""consensus_other_weight"": 0.5, ""trailing_start_r"": 2.5, ""trailing_atr_mult"": 2.0, ""stag_exit_minutes"": 180.0, ""partial_1r_ratio"": 0.05, ""early_be_r"": 0.5, ""signal_rev_ratio"": 0.5, ""tp_sl_ratio"": 1.2, ""sl_min_pips"": 8.0, ""range_day_bbw_threshold"": 0.25, ""range_day_score_premium"": 0.3, ""weak_hours_score_premium"": 0.5, ""sg_spread_penalty_rate"": 0.2, ""sg_off_hours_penalty"": 0.25, ""sg_volatility_penalty"": 0.05, ""sg_recent_loss_penalty"": 0.1}",2290,65.37,78.02,2.68,2063936.0,2.44,4.79,68.8,2.6146,1594.8
p2_16f51c12,2,"{""timeframes"": [""M1"", ""M15"", ""H1"", ""H4""], ""regime_detection_tf"": ""H1"", ""htf_alignment_tfs"": [""H4""], ""consensus_threshold"": 4.0, ""max_positions"": 2, ""bonus_max_positions"": 0, ""consensus_primary_weight"": 2.5, ""consensus_entry_weight"": 1.0, ""consensus_confirm_weight"": 2.0, ""consensus_manage_weight"": 1.5, ""consensus_other_weight"": 2.0, ""trailing_start_r"": 2.5, ""trailing_atr_mult"": 2.0, ""stag_exit_minutes"": 180.0, ""partial_1r_ratio"": 0.05, ""early_be_r"": 0.5, ""signal_rev_ratio"": 0.5, ""tp_sl_ratio"": 1.2, ""sl_min_pips"": 8.0, ""range_day_bbw_threshold"": 0.25, ""range_day_score_premium"": 0.3, ""weak_hours_score_premium"": 0.5, ""sg_spread_penalty_rate"": 0.2, ""sg_off_hours_penalty"": 0.25, ""sg_volatility_penalty"": 0.05, ""sg_recent_loss_penalty"": 0.1}",1474,66.14,79.56,3.16,1312259.0,2.68,4.46,43.74,3.0753,1668.7
p2_4f3304f3,2,"{""timeframes"": [""M1"", ""M15"", ""H1"", ""H4""], ""regime_detection_tf"": ""H1"", ""htf_alignment_tfs"": [""H4""], ""consensus_threshold"": 4.0, ""max_positions"": 2, ""bonus_max_positions"": 0, ""consensus_primary_weight"": 1.5, ""consensus_entry_weight"": 2.5, ""consensus_confirm_weight"": 5.0, ""consensus_manage_weight"": 0.5, ""consensus_other_weight"": 1.0, ""trailing_start_r"": 2.5, ""trailing_atr_mult"": 2.0, ""stag_exit_minutes"": 180.0, ""partial_1r_ratio"": 0.05, ""early_be_r"": 0.5, ""signal_rev_ratio"": 0.5, ""tp_sl_ratio"": 1.2, ""sl_min_pips"": 8.0, ""range_day_bbw_threshold"": 0.25, ""range_day_score_premium"": 0.3, ""weak_hours_score_premium"": 0.5, ""sg_spread_penalty_rate"": 0.2, ""sg_off_hours_penalty"": 0.25, ""sg_volatility_penalty"": 0.05, ""sg_recent_loss_penalty"": 0.1}",2389,64.26,76.55,2.47,2052369.0,2.81,4.55,68.41,2.4006,42.0
p2_949df18e,2,"{""timeframes"": [""M1"", ""M15"", ""H1"", ""H4""], ""regime_detection_tf"": ""H1"", ""htf_alignment_tfs"": [""H4""], ""consensus_threshold"": 4.0, ""max_positions"": 2, ""bonus_max_positions"": 0, ""consensus_primary_weight"": 1.5, ""consensus_entry_weight"": 2.0, ""consensus_confirm_weight"": 3.0, ""consensus_manage_weight"": 0.5, ""consensus_other_weight"": 0.5, ""trailing_start_r"": 2.5, ""trailing_atr_mult"": 2.0, ""stag_exit_minutes"": 180.0, ""partial_1r_ratio"": 0.05, ""early_be_r"": 0.5, ""signal_rev_ratio"": 0.5, ""tp_sl_ratio"": 1.2, ""sl_min_pips"": 8.0, ""range_day_bbw_threshold"": 0.25, ""range_day_score_premium"": 0.3, ""weak_hours_score_premium"": 0.5, ""sg_spread_penalty_rate"": 0.2, ""sg_off_hours_penalty"": 0.25, ""sg_volatility_penalty"": 0.05, ""sg_recent_loss_penalty"": 0.1}",1678,66.9,79.47,3.47,1706890.0,2.47,4.86,56.9,3.3843,42.2
p2_ffe1de79,2,"{""timeframes"": [""M1"", ""M15"", ""H1"", ""H4""], ""regime_detection_tf"": ""H1"", ""htf_alignment_tfs"": [""H4""], ""consensus_threshold"": 4.0, ""max_positions"": 2, ""bonus_max_positions"": 0, ""consensus_primary_weight"": 2.5, ""consensus_entry_weight"": 3.0, ""consensus_confirm_weight"": 4.0, ""consensus_manage_weight"": 1.0, ""consensus_other_weight"": 1.0, ""trailing_start_r"": 2.5, ""trailing_atr_mult"": 2.0, ""stag_exit_minutes"": 180.0, ""partial_1r_ratio"": 0.05, ""early_be_r"": 0.5, ""signal_rev_ratio"": 0.5, ""tp_sl_ratio"": 1.2, ""sl_min_pips"": 8.0, ""range_day_bbw_threshold"": 0.25, ""range_day_score_premium"": 0.3, ""weak_hours_score_premium"": 0.5, ""sg_spread_penalty_rate"": 0.2, ""sg_off_hours_penalty"": 0.25, ""sg_volatility_penalty"": 0.05, ""sg_recent_loss_penalty"": 0.1}",2345,65.42,77.86,2.74,2202221.0,2.46,4.87,73.41,2.6726,47.6
p2_6354adbb,2,"{""timeframes"": [""M1"", ""M15"", ""H1"", ""H4""], ""regime_detection_tf"": ""H1"", ""htf_alignment_tfs"": [""H4""], ""consensus_threshold"": 4.0, ""max_positions"": 2, ""bonus_max_positions"": 0, ""consensus_primary_weight"": 1.5, ""consensus_entry_weight"": 1.5, ""consensus_confirm_weight"": 2.0, ""consensus_manage_weight"": 1.0, ""consensus_other_weight"": 1.0, ""trailing_start_r"": 2.5, ""trailing_atr_mult"": 2.0, ""stag_exit_minutes"": 180.0, ""partial_1r_ratio"": 0.05, ""early_be_r"": 0.5, ""signal_rev_ratio"": 0.5, ""tp_sl_ratio"": 1.2, ""sl_min_pips"": 8.0, ""range_day_bbw_threshold"": 0.25, ""range_day_score_premium"": 0.3, ""weak_hours_score_premium"": 0.5, ""sg_spread_penalty_rate"": 0.2, ""sg_off_hours_penalty"": 0.25, ""sg_volatility_penalty"": 0.05, ""sg_recent_loss_penalty"": 0.1}",941,66.13,78.82,3.25,794614.0,1.55,3.68,26.49,3.0873,49.4
p2_7523cf9d,2,"{""timeframes"": [""M1"", ""M15"", ""H1"", ""H4""], ""regime_detection_tf"": ""H1"", ""htf_alignment_tfs"": [""H4""], ""consensus_threshold"": 4.0, ""max_positions"": 2, ""bonus_max_positions"": 0, ""consensus_primary_weight"": 3.0, ""consensus_entry_weight"": 2.5, ""consensus_confirm_weight"": 3.0, ""consensus_manage_weight"": 0.5, ""consensus_other_weight"": 2.0, ""trailing_start_r"": 2.5, ""trailing_atr_mult"": 2.0, ""stag_exit_minutes"": 180.0, ""partial_1r_ratio"": 0.05, ""early_be_r"": 0.5, ""signal_rev_ratio"": 0.5, ""tp_sl_ratio"": 1.2, ""sl_min_pips"": 8.0, ""range_day_bbw_threshold"": 0.25, ""range_day_score_premium"": 0.3, ""weak_hours_score_premium"": 0.5, ""sg_spread_penalty_rate"": 0.2, ""sg_off_hours_penalty"": 0.25, ""sg_volatility_penalty"": 0.05, ""sg_recent_loss_penalty"": 0.1}",2215,66.13,79.11,3.14,2239651.0,2.76,5.14,74.66,3.0533,48.8
p2_ffa3eed3,2,"{""timeframes"": [""M1"", ""M15"", ""H1"", ""H4""], ""regime_detection_tf"": ""H1"", ""htf_alignment_tfs"": [""H4""], ""consensus_threshold"": 4.0, ""max_positions"": 2, ""bonus_max_positions"": 0, ""consensus_primary_weight"": 2.0, ""consensus_entry_weight"": 1.5, ""consensus_confirm_weight"": 3.0, ""consensus_manage_weight"": 0.5, ""consensus_other_weight"": 1.0, ""trailing_start_r"": 1.5, ""trailing_atr_mult"": 1.0, ""stag_exit_minutes"": 120.0, ""partial_1r_ratio"": 0.0, ""early_be_r"": 0.7, ""signal_rev_ratio"": 0.75, ""tp_sl_ratio"": 1.2, ""sl_min_pips"": 8.0, ""range_day_bbw_threshold"": 0.25, ""range_day_score_premium"": 0.3, ""weak_hours_score_premium"": 0.5, ""sg_spread_penalty_rate"": 0.2, ""sg_off_hours_penalty"": 0.25, ""sg_volatility_penalty"": 0.05, ""sg_recent_loss_penalty"": 0.1}",1483,57.27,68.14,3.17,1842183.0,1.88,5.01,61.41,3.1104,48.2
p2_b13d229d,2,"{""timeframes"": [""M1"", ""M15"", ""H1"", ""H4""], ""regime_detection_tf"": ""H1"", ""htf_alignment_tfs"": [""H4""], ""consensus_threshold"": 4.0, ""max_positions"": 2, ""bonus_max_positions"": 0, ""consensus_primary_weight"": 2.0, ""consensus_entry_weight"": 1.5, ""consensus_confirm_weight"": 3.0, ""consensus_manage_weight"": 0.5, ""consensus_other_weight"": 1.0, ""trailing_start_r"": 2.0, ""trailing_atr_mult"": 2.5, ""stag_exit_minutes"": 180.0, ""partial_1r_ratio"": 0.05, ""early_be_r"": 1.0, ""signal_rev_ratio"": 0.25, ""tp_sl_ratio"": 1.2, ""sl_min_pips"": 8.0, ""range_day_bbw_threshold"": 0.25, ""range_day_score_premium"": 0.3, ""weak_hours_score_premium"": 0.5, ""sg_spread_penalty_rate"": 0.2, ""sg_off_hours_penalty"": 0.25, ""sg_volatility_penalty"": 0.05, ""sg_recent_loss_penalty"": 0.1}",1840,69.24,76.18,2.83,1783971.0,2.27,4.64,59.47,2.7658,48.3
p2_e1478240,2,"{""timeframes"": [""M1"", ""M15"", ""H1"", ""H4""], ""regime_detection_tf"": ""H1"", ""htf_alignment_tfs"": [""H4""], ""consensus_threshold"": 4.0, ""max_positions"": 2, ""bonus_max_positions"": 0, ""consensus_primary_weight"": 2.0, ""consensus_entry_weight"": 1.5, ""consensus_confirm_weight"": 3.0, ""consensus_manage_weight"": 0.5, ""consensus_other_weight"": 1.0, ""trailing_start_r"": 1.5, ""trailing_atr_mult"": 1.0, ""stag_exit_minutes"": 180.0, ""partial_1r_ratio"": 0.0, ""early_be_r"": 1.0, ""signal_rev_ratio"": 0.0, ""tp_sl_ratio"": 1.2, ""sl_min_pips"": 8.0, ""range_day_bbw_threshold"": 0.25, ""range_day_score_premium"": 0.3, ""weak_hours_score_premium"": 0.5, ""sg_spread_penalty_rate"": 0.2, ""sg_off_hours_penalty"": 0.25, ""sg_volatility_penalty"": 0.05, ""sg_recent_loss_penalty"": 0.1}",1474,60.9,69.48,2.92,1914640.0,2.09,4.79,63.82,2.859,48.5
p2_a6d3c41c,2,"{""timeframes"": [""M1"", ""M15"", ""H1"", ""H4""], ""regime_detection_tf"": ""H1"", ""htf_alignment_tfs"": [""H4""], ""consensus_threshold"": 4.0, ""max_positions"": 2, ""bonus_max_positions"": 0, ""consensus_primary_weight"": 2.0, ""consensus_entry_weight"": 1.5, ""consensus_confirm_weight"": 3.0, ""consensus_manage_weight"": 0.5, ""consensus_other_weight"": 1.0, ""trailing_start_r"": 1.0, ""trailing_atr_mult"": 2.0, ""stag_exit_minutes"": 30.0, ""partial_1r_ratio"": 0.15, ""early_be_r"": 0.3, ""signal_rev_ratio"": 0.0, ""tp_sl_ratio"": 1.2, ""sl_min_pips"": 8.0, ""range_day_bbw_threshold"": 0.25, ""range_day_score_premium"": 0.3, ""weak_hours_score_premium"": 0.5, ""sg_spread_penalty_rate"": 0.2, ""sg_off_hours_penalty"": 0.25, ""sg_volatility_penalty"": 0.05, ""sg_recent_loss_penalty"": 0.1}",1706,52.77,61.85,2.21,675205.0,1.7,3.42,22.51,2.0097,46.7
p2_78e1f632,2,"{""timeframes"": [""M1"", ""M15"", ""H1"", ""H4""], ""regime_detection_tf"": ""H1"", ""htf_alignment_tfs"": [""H4""], ""consensus_threshold"": 3.0, ""max_positions"": 2, ""bonus_max_positions"": 0, ""consensus_primary_weight"": 2.0, ""consensus_entry_weight"": 1.5, ""consensus_confirm_weight"": 3.0, ""consensus_manage_weight"": 0.5, ""consensus_other_weight"": 1.0, ""trailing_start_r"": 2.5, ""trailing_atr_mult"": 2.0, ""stag_exit_minutes"": 180.0, ""partial_1r_ratio"": 0.05, ""early_be_r"": 0.5, ""signal_rev_ratio"": 0.5, ""tp_sl_ratio"": 1.2, ""sl_min_pips"": 8.0, ""range_day_bbw_threshold"": 0.25, ""range_day_score_premium"": 0.3, ""weak_hours_score_premium"": 0.5, ""sg_spread_penalty_rate"": 0.2, ""sg_off_hours_penalty"": 0.25, ""sg_volatility_penalty"": 0.05, ""sg_recent_loss_penalty"": 0.1}",2251,65.43,78.72,2.89,2336139.0,2.17,5.07,77.87,2.8273,49.3
p2_13f4002b,2,"{""timeframes"": [""M1"", ""M15"", ""H1"", ""H4""], ""regime_detection_tf"": ""H1"", ""htf_alignment_tfs"": [""H4""], ""consensus_threshold"": 3.5, ""max_positions"": 2, ""bonus_max_positions"": 0, ""consensus_primary_weight"": 2.0, ""consensus_entry_weight"": 1.5, ""consensus_confirm_weight"": 3.0, ""consensus_manage_weight"": 0.5, ""consensus_other_weight"": 1.0, ""trailing_start_r"": 2.5, ""trailing_atr_mult"": 2.0, ""stag_exit_minutes"": 180.0, ""partial_1r_ratio"": 0.05, ""early_be_r"": 0.5, ""signal_rev_ratio"": 0.5, ""tp_sl_ratio"": 1.2, ""sl_min_pips"": 8.0, ""range_day_bbw_threshold"": 0.25, ""range_day_score_premium"": 0.3, ""weak_hours_score_premium"": 0.5, ""sg_spread_penalty_rate"": 0.2, ""sg_off_hours_penalty"": 0.25, ""sg_volatility_penalty"": 0.05, ""sg_recent_loss_penalty"": 0.1}",2065,66.09,78.44,3.06,2123890.0,2.22,4.99,70.8,2.9921,49.3
p2_afb503bf,2,"{""timeframes"": [""M1"", ""M15"", ""H1"", ""H4""], ""regime_detection_tf"": ""H1"", ""htf_alignment_tfs"": [""H4""], ""consensus_threshold"": 3.75, ""max_positions"": 2, ""bonus_max_positions"": 0, ""consensus_primary_weight"": 2.0, ""consensus_entry_weight"": 1.5, ""consensus_confirm_weight"": 3.0, ""consensus_manage_weight"": 0.5, ""consensus_other_weight"": 1.0, ""trailing_start_r"": 2.5, ""trailing_atr_mult"": 2.0, ""stag_exit_minutes"": 180.0, ""partial_1r_ratio"": 0.05, ""early_be_r"": 0.5, ""signal_rev_ratio"": 0.5, ""tp_sl_ratio"": 1.2, ""sl_min_pips"": 8.0, ""range_day_bbw_threshold"": 0.25, ""range_day_score_premium"": 0.3, ""weak_hours_score_premium"": 0.5, ""sg_spread_penalty_rate"": 0.2, ""sg_off_hours_penalty"": 0.25, ""sg_volatility_penalty"": 0.05, ""sg_recent_loss_penalty"": 0.1}",1967,66.41,78.67,3.31,2093559.0,1.85,5.03,69.79,3.2488,48.7
p2_bb6708ed,2,"{""timeframes"": [""M1"", ""M15"", ""H1"", ""H4""], ""regime_detection_tf"": ""H1"", ""htf_alignment_tfs"": [""H4""], ""consensus_threshold"": 4.25, ""max_positions"": 2, ""bonus_max_positions"": 0, ""consensus_primary_weight"": 2.0, ""consensus_entry_weight"": 1.5, ""consensus_confirm_weight"": 3.0, ""consensus_manage_weight"": 0.5, ""consensus_other_weight"": 1.0, ""trailing_start_r"": 2.5, ""trailing_atr_mult"": 2.0, ""stag_exit_minutes"": 180.0, ""partial_1r_ratio"": 0.05, ""early_be_r"": 0.5, ""signal_rev_ratio"": 0.5, ""tp_sl_ratio"": 1.2, ""sl_min_pips"": 8.0, ""range_day_bbw_threshold"": 0.25, ""range_day_score_premium"": 0.3, ""weak_hours_score_premium"": 0.5, ""sg_spread_penalty_rate"": 0.2, ""sg_off_hours_penalty"": 0.25, ""sg_volatility_penalty"": 0.05, ""sg_recent_loss_penalty"": 0.1}",1762,67.18,80.01,3.62,1844049.0,1.82,5.02,61.47,3.5541,49.4
p2_6b4d979b,2,"{""timeframes"": [""M1"", ""M15"", ""H1"", ""H4""], ""regime_detection_tf"": ""H1"", ""htf_alignment_tfs"": [""H4""], ""consensus_threshold"": 4.5, ""max_positions"": 2, ""bonus_max_positions"": 0, ""consensus_primary_weight"": 2.0, ""consensus_entry_weight"": 1.5, ""consensus_confirm_weight"": 3.0, ""consensus_manage_weight"": 0.5, ""consensus_other_weight"": 1.0, ""trailing_start_r"": 2.5, ""trailing_atr_mult"": 2.0, ""stag_exit_minutes"": 180.0, ""partial_1r_ratio"": 0.05, ""early_be_r"": 0.5, ""signal_rev_ratio"": 0.5, ""tp_sl_ratio"": 1.2, ""sl_min_pips"": 8.0, ""range_day_bbw_threshold"": 0.25, ""range_day_score_premium"": 0.3, ""weak_hours_score_premium"": 0.5, ""sg_spread_penalty_rate"": 0.2, ""sg_off_hours_penalty"": 0.25, ""sg_volatility_penalty"": 0.05, ""sg_recent_loss_penalty"": 0.1}",1643,66.32,79.24,3.45,1608670.0,2.16,4.83,53.62,3.3755,48.9
p2_f618ca5e,2,"{""timeframes"": [""M1"", ""M15"", ""H1"", ""H4""], ""regime_detection_tf"": ""H1"", ""htf_alignment_tfs"": [""H4""], ""consensus_threshold"": 5.0, ""max_positions"": 2, ""bonus_max_positions"": 0, ""consensus_primary_weight"": 2.0, ""consensus_entry_weight"": 1.5, ""consensus_confirm_weight"": 3.0, ""consensus_manage_weight"": 0.5, ""consensus_other_weight"": 1.0, ""trailing_start_r"": 2.5, ""trailing_atr_mult"": 2.0, ""stag_exit_minutes"": 180.0, ""partial_1r_ratio"": 0.05, ""early_be_r"": 0.5, ""signal_rev_ratio"": 0.5, ""tp_sl_ratio"": 1.2, ""sl_min_pips"": 8.0, ""range_day_bbw_threshold"": 0.25, ""range_day_score_premium"": 0.3, ""weak_hours_score_premium"": 0.5, ""sg_spread_penalty_rate"": 0.2, ""sg_off_hours_penalty"": 0.25, ""sg_volatility_penalty"": 0.05, ""sg_recent_loss_penalty"": 0.1}",1438,65.66,78.08,3.39,1331049.0,2.47,4.36,44.37,3.3063,48.6
p2_30a52e50,2,"{""timeframes"": [""M1"", ""M15"", ""H1"", ""H4""], ""regime_detection_tf"": ""H1"", ""htf_alignment_tfs"": [""H4""], ""consensus_threshold"": 4.0, ""max_positions"": 2, ""bonus_max_positions"": 0, ""consensus_primary_weight"": 2.0, ""consensus_entry_weight"": 1.5, ""consensus_confirm_weight"": 3.0, ""consensus_manage_weight"": 0.5, ""consensus_other_weight"": 1.0, ""trailing_start_r"": 2.5, ""trailing_atr_mult"": 2.0, ""stag_exit_minutes"": 180.0, ""partial_1r_ratio"": 0.05, ""early_be_r"": 0.5, ""signal_rev_ratio"": 0.5, ""tp_sl_ratio"": 1.5, ""sl_min_pips"": 10.0, ""range_day_bbw_threshold"": 0.25, ""range_day_score_premium"": 0.3, ""weak_hours_score_premium"": 0.3, ""sg_spread_penalty_rate"": 0.3, ""sg_off_hours_penalty"": 0.3, ""sg_volatility_penalty"": 0.05, ""sg_recent_loss_penalty"": 0.1}",1864,66.62,79.29,3.48,1980632.0,1.84,5.14,66.02,3.416,48.4
p2_4d3d0cdc,2,"{""timeframes"": [""M1"", ""M15"", ""H1"", ""H4""], ""regime_detection_tf"": ""H1"", ""htf_alignment_tfs"": [""H4""], ""consensus_threshold"": 4.0, ""max_positions"": 2, ""bonus_max_positions"": 0, ""consensus_primary_weight"": 2.0, ""consensus_entry_weight"": 1.5, ""consensus_confirm_weight"": 3.0, ""consensus_manage_weight"": 0.5, ""consensus_other_weight"": 1.0, ""trailing_start_r"": 2.5, ""trailing_atr_mult"": 2.0, ""stag_exit_minutes"": 180.0, ""partial_1r_ratio"": 0.05, ""early_be_r"": 0.5, ""signal_rev_ratio"": 0.5, ""tp_sl_ratio"": 1.0, ""sl_min_pips"": 8.0, ""range_day_bbw_threshold"": 0.25, ""range_day_score_premium"": 0.3, ""weak_hours_score_premium"": 0.7, ""sg_spread_penalty_rate"": 0.1, ""sg_off_hours_penalty"": 0.1, ""sg_volatility_penalty"": 0.05, ""sg_recent_loss_penalty"": 0.1}",1847,66.58,79.27,3.5,1976929.0,1.84,5.12,65.9,3.4356,47.5
p2_a7e0e4ec,2,"{""timeframes"": [""M1"", ""M15"", ""H1"", ""H4""], ""regime_detection_tf"": ""H1"", ""htf_alignment_tfs"": [""H4""], ""consensus_threshold"": 4.0, ""max_positions"": 2, ""bonus_max_positions"": 0, ""consensus_primary_weight"": 2.0, ""consensus_entry_weight"": 1.5, ""consensus_confirm_weight"": 3.0, ""consensus_manage_weight"": 0.5, ""consensus_other_weight"": 1.0, ""trailing_start_r"": 2.5, ""trailing_atr_mult"": 2.0, ""stag_exit_minutes"": 180.0, ""partial_1r_ratio"": 0.05, ""early_be_r"": 0.5, ""signal_rev_ratio"": 0.5, ""tp_sl_ratio"": 1.2, ""sl_min_pips"": 5.0, ""range_day_bbw_threshold"": 0.25, ""range_day_score_premium"": 0.3, ""weak_hours_score_premium"": 0.5, ""sg_spread_penalty_rate"": 0.5, ""sg_off_hours_penalty"": 0.15, ""sg_volatility_penalty"": 0.05, ""sg_recent_loss_penalty"": 0.1}",1858,66.67,79.39,3.48,1980400.0,1.84,5.13,66.01,3.416,47.2
p2_3a1173a7,2,"{""timeframes"": [""M1"", ""M15"", ""H1"", ""H4""], ""regime_detection_tf"": ""H1"", ""htf_alignment_tfs"": [""H4""], ""consensus_threshold"": 4.0, ""max_positions"": 2, ""bonus_max_positions"": 0, ""consensus_primary_weight"": 2.0, ""consensus_entry_weight"": 1.5, ""consensus_confirm_weight"": 3.0, ""consensus_manage_weight"": 0.5, ""consensus_other_weight"": 1.0, ""trailing_start_r"": 2.5, ""trailing_atr_mult"": 2.0, ""stag_exit_minutes"": 180.0, ""partial_1r_ratio"": 0.05, ""early_be_r"": 0.5, ""signal_rev_ratio"": 0.5, ""tp_sl_ratio"": 0.8, ""sl_min_pips"": 12.0, ""range_day_bbw_threshold"": 0.25, ""range_day_score_premium"": 0.3, ""weak_hours_score_premium"": 0.0, ""sg_spread_penalty_rate"": 0.2, ""sg_off_hours_penalty"": 0.25, ""sg_volatility_penalty"": 0.05, ""sg_recent_loss_penalty"": 0.1}",1817,65.39,77.95,3.05,1718274.0,1.86,5.05,57.28,2.9933,46.8
p2_596a806a,2,"{""timeframes"": [""M1"", ""M5"", ""M15"", ""H1"", ""H4""], ""regime_detection_tf"": ""H1"", ""htf_alignment_tfs"": [""H4""], ""consensus_threshold"": 2.5, ""max_positions"": 3, ""bonus_max_positions"": 0, ""consensus_primary_weight"": 2.0, ""consensus_entry_weight"": 1.5, ""consensus_confirm_weight"": 5.0, ""consensus_manage_weight"": 1.5, ""consensus_other_weight"": 2.0, ""trailing_start_r"": 2.5, ""trailing_atr_mult"": 2.0, ""stag_exit_minutes"": 180.0, ""partial_1r_ratio"": 0.05, ""early_be_r"": 0.5, ""signal_rev_ratio"": 0.5, ""tp_sl_ratio"": 1.2, ""sl_min_pips"": 8.0, ""range_day_bbw_threshold"": 0.25, ""range_day_score_premium"": 0.3, ""weak_hours_score_premium"": 0.5, ""sg_spread_penalty_rate"": 0.2, ""sg_off_hours_penalty"": 0.25, ""sg_volatility_penalty"": 0.05, ""sg_recent_loss_penalty"": 0.1}",5556,57.73,72.63,1.64,2831108.0,7.85,2.91,94.37,1.5113,44.6
p2_fb1dc77a,2,"{""timeframes"": [""M1"", ""M5"", ""M15"", ""H1"", ""H4""], ""regime_detection_tf"": ""H1"", ""htf_alignment_tfs"": [""H4""], ""consensus_threshold"": 2.5, ""max_positions"": 3, ""bonus_max_positions"": 0, ""consensus_primary_weight"": 1.5, ""consensus_entry_weight"": 2.5, ""consensus_confirm_weight"": 5.0, ""consensus_manage_weight"": 0.5, ""consensus_other_weight"": 1.0, ""trailing_start_r"": 2.5, ""trailing_atr_mult"": 2.0, ""stag_exit_minutes"": 180.0, ""partial_1r_ratio"": 0.05, ""early_be_r"": 0.5, ""signal_rev_ratio"": 0.5, ""tp_sl_ratio"": 1.2, ""sl_min_pips"": 8.0, ""range_day_bbw_threshold"": 0.25, ""range_day_score_premium"": 0.3, ""weak_hours_score_premium"": 0.5, ""sg_spread_penalty_rate"": 0.2, ""sg_off_hours_penalty"": 0.25, ""sg_volatility_penalty"": 0.05, ""sg_recent_loss_penalty"": 0.1}",5662,57.77,72.63,1.64,2897144.0,8.04,2.97,96.57,1.5081,44.2
p2_fd178005,2,"{""timeframes"": [""M1"", ""M5"", ""M15"", ""H1"", ""H4""], ""regime_detection_tf"": ""H1"", ""htf_alignment_tfs"": [""H4""], ""consensus_threshold"": 2.5, ""max_positions"": 3, ""bonus_max_positions"": 0, ""consensus_primary_weight"": 2.0, ""consensus_entry_weight"": 1.0, ""consensus_confirm_weight"": 2.0, ""consensus_manage_weight"": 1.5, ""consensus_other_weight"": 0.5, ""trailing_start_r"": 2.5, ""trailing_atr_mult"": 2.0, ""stag_exit_minutes"": 180.0, ""partial_1r_ratio"": 0.05, ""early_be_r"": 0.5, ""signal_rev_ratio"": 0.5, ""tp_sl_ratio"": 1.2, ""sl_min_pips"": 8.0, ""range_day_bbw_threshold"": 0.25, ""range_day_score_premium"": 0.3, ""weak_hours_score_premium"": 0.5, ""sg_spread_penalty_rate"": 0.2, ""sg_off_hours_penalty"": 0.25, ""sg_volatility_penalty"": 0.05, ""sg_recent_loss_penalty"": 0.1}",5274,58.16,74.16,1.73,3232895.0,6.45,3.24,107.76,1.6184,47.4
p2_e15b6423,2,"{""timeframes"": [""M1"", ""M5"", ""M15"", ""H1"", ""H4""], ""regime_detection_tf"": ""H1"", ""htf_alignment_tfs"": [""H4""], ""consensus_threshold"": 2.5, ""max_positions"": 3, ""bonus_max_positions"": 0, ""consensus_primary_weight"": 2.0, ""consensus_entry_weight"": 3.0, ""consensus_confirm_weight"": 4.0, ""consensus_manage_weight"": 0.5, ""consensus_other_weight"": 0.5, ""trailing_start_r"": 2.5, ""trailing_atr_mult"": 2.0, ""stag_exit_minutes"": 180.0, ""partial_1r_ratio"": 0.05, ""early_be_r"": 0.5, ""signal_rev_ratio"": 0.5, ""tp_sl_ratio"": 1.2, ""sl_min_pips"": 8.0, ""range_day_bbw_threshold"": 0.25, ""range_day_score_premium"": 0.3, ""weak_hours_score_premium"": 0.5, ""sg_spread_penalty_rate"": 0.2, ""sg_off_hours_penalty"": 0.25, ""sg_volatility_penalty"": 0.05, ""sg_recent_loss_penalty"": 0.1}",5606,57.04,72.19,1.61,2804254.0,8.33,2.81,93.48,1.4759,44.7
p2_fca4bddc,2,"{""timeframes"": [""M1"", ""M5"", ""M15"", ""H1"", ""H4""], ""regime_detection_tf"": ""H1"", ""htf_alignment_tfs"": [""H4""], ""consensus_threshold"": 2.5, ""max_positions"": 3, ""bonus_max_positions"": 0, ""consensus_primary_weight"": 2.5, ""consensus_entry_weight"": 1.0, ""consensus_confirm_weight"": 2.0, ""consensus_manage_weight"": 1.5, ""consensus_other_weight"": 2.0, ""trailing_start_r"": 2.5, ""trailing_atr_mult"": 2.0, ""stag_exit_minutes"": 180.0, ""partial_1r_ratio"": 0.05, ""early_be_r"": 0.5, ""signal_rev_ratio"": 0.5, ""tp_sl_ratio"": 1.2, ""sl_min_pips"": 8.0, ""range_day_bbw_threshold"": 0.25, ""range_day_score_premium"": 0.3, ""weak_hours_score_premium"": 0.5, ""sg_spread_penalty_rate"": 0.2, ""sg_off_hours_penalty"": 0.25, ""sg_volatility_penalty"": 0.05, ""sg_recent_loss_penalty"": 0.1}",5356,57.96,73.66,1.72,3182670.0,8.28,3.29,106.09,1.5776,46.8
p2_6d080236,2,"{""timeframes"": [""M1"", ""M5"", ""M15"", ""H1"", ""H4""], ""regime_detection_tf"": ""H1"", ""htf_alignment_tfs"": [""H4""], ""consensus_threshold"": 2.5, ""max_positions"": 3, ""bonus_max_positions"": 0, ""consensus_primary_weight"": 1.5, ""consensus_entry_weight"": 2.0, ""consensus_confirm_weight"": 3.0, ""consensus_manage_weight"": 0.5, ""consensus_other_weight"": 0.5, ""trailing_start_r"": 2.5, ""trailing_atr_mult"": 2.0, ""stag_exit_minutes"": 180.0, ""partial_1r_ratio"": 0.05, ""early_be_r"": 0.5, ""signal_rev_ratio"": 0.5, ""tp_sl_ratio"": 1.2, ""sl_min_pips"": 8.0, ""range_day_bbw_threshold"": 0.25, ""range_day_score_premium"": 0.3, ""weak_hours_score_premium"": 0.5, ""sg_spread_penalty_rate"": 0.2, ""sg_off_hours_penalty"": 0.25, ""sg_volatility_penalty"": 0.05, ""sg_recent_loss_penalty"": 0.1}",5643,58.58,74.0,1.72,3275669.0,8.8,3.3,109.19,1.5686,45.8
p2_3f372c69,2,"{""timeframes"": [""M1"", ""M5"", ""M15"", ""H1"", ""H4""], ""regime_detection_tf"": ""H1"", ""htf_alignment_tfs"": [""H4""], ""consensus_threshold"": 2.5, ""max_positions"": 3, ""bonus_max_positions"": 0, ""consensus_primary_weight"": 2.5, ""consensus_entry_weight"": 3.0, ""consensus_confirm_weight"": 4.0, ""consensus_manage_weight"": 1.0, ""consensus_other_weight"": 1.0, ""trailing_start_r"": 2.5, ""trailing_atr_mult"": 2.0, ""stag_exit_minutes"": 180.0, ""partial_1r_ratio"": 0.05, ""early_be_r"": 0.5, ""signal_rev_ratio"": 0.5, ""tp_sl_ratio"": 1.2, ""sl_min_pips"": 8.0, ""range_day_bbw_threshold"": 0.25, ""range_day_score_premium"": 0.3, ""weak_hours_score_premium"": 0.5, ""sg_spread_penalty_rate"": 0.2, ""sg_off_hours_penalty"": 0.25, ""sg_volatility_penalty"": 0.05, ""sg_recent_loss_penalty"": 0.1}",5593,57.05,72.25,1.62,2826115.0,7.7,2.79,94.2,1.4953,44.3
p2_ca55514e,2,"{""timeframes"": [""M1"", ""M5"", ""M15"", ""H1"", ""H4""], ""regime_detection_tf"": ""H1"", ""htf_alignment_tfs"": [""H4""], ""consensus_threshold"": 2.5, ""max_positions"": 3, ""bonus_max_positions"": 0, ""consensus_primary_weight"": 1.5, ""consensus_entry_weight"": 1.5, ""consensus_confirm_weight"": 2.0, ""consensus_manage_weight"": 1.0, ""consensus_other_weight"": 1.0, ""trailing_start_r"": 2.5, ""trailing_atr_mult"": 2.0, ""stag_exit_minutes"": 180.0, ""partial_1r_ratio"": 0.05, ""early_be_r"": 0.5, ""signal_rev_ratio"": 0.5, ""tp_sl_ratio"": 1.2, ""sl_min_pips"": 8.0, ""range_day_bbw_threshold"": 0.25, ""range_day_score_premium"": 0.3, ""weak_hours_score_premium"": 0.5, ""sg_spread_penalty_rate"": 0.2, ""sg_off_hours_penalty"": 0.25, ""sg_volatility_penalty"": 0.05, ""sg_recent_loss_penalty"": 0.1}",5287,58.06,74.13,1.71,3136958.0,5.68,3.28,104.57,1.6129,47.4
p2_bbef8634,2,"{""timeframes"": [""M1"", ""M5"", ""M15"", ""H1"", ""H4""], ""regime_detection_tf"": ""H1"", ""htf_alignment_tfs"": [""H4""], ""consensus_threshold"": 2.5, ""max_positions"": 3, ""bonus_max_positions"": 0, ""consensus_primary_weight"": 3.0, ""consensus_entry_weight"": 2.5, ""consensus_confirm_weight"": 3.0, ""consensus_manage_weight"": 0.5, ""consensus_other_weight"": 2.0, ""trailing_start_r"": 2.5, ""trailing_atr_mult"": 2.0, ""stag_exit_minutes"": 180.0, ""partial_1r_ratio"": 0.05, ""early_be_r"": 0.5, ""signal_rev_ratio"": 0.5, ""tp_sl_ratio"": 1.2, ""sl_min_pips"": 8.0, ""range_day_bbw_threshold"": 0.25, ""range_day_score_premium"": 0.3, ""weak_hours_score_premium"": 0.5, ""sg_spread_penalty_rate"": 0.2, ""sg_off_hours_penalty"": 0.25, ""sg_volatility_penalty"": 0.05, ""sg_recent_loss_penalty"": 0.1}",5518,57.06,72.63,1.67,2934088.0,8.34,2.91,97.8,1.5307,45.1
p2_5d429f92,2,"{""timeframes"": [""M1"", ""M5"", ""M15"", ""H1"", ""H4""], ""regime_detection_tf"": ""H1"", ""htf_alignment_tfs"": [""H4""], ""consensus_threshold"": 2.5, ""max_positions"": 3, ""bonus_max_positions"": 0, ""consensus_primary_weight"": 3.0, ""consensus_entry_weight"": 2.0, ""consensus_confirm_weight"": 3.0, ""consensus_manage_weight"": 1.0, ""consensus_other_weight"": 0.5, ""trailing_start_r"": 2.5, ""trailing_atr_mult"": 2.0, ""stag_exit_minutes"": 180.0, ""partial_1r_ratio"": 0.05, ""early_be_r"": 0.5, ""signal_rev_ratio"": 0.5, ""tp_sl_ratio"": 1.2, ""sl_min_pips"": 8.0, ""range_day_bbw_threshold"": 0.25, ""range_day_score_premium"": 0.3, ""weak_hours_score_premium"": 0.5, ""sg_spread_penalty_rate"": 0.2, ""sg_off_hours_penalty"": 0.25, ""sg_volatility_penalty"": 0.05, ""sg_recent_loss_penalty"": 0.1}",5590,57.31,72.82,1.68,3049831.0,8.54,3.04,101.66,1.5365,46.1
p2_67dc4d0b,2,"{""timeframes"": [""M1"", ""M5"", ""M15"", ""H1"", ""H4""], ""regime_detection_tf"": ""H1"", ""htf_alignment_tfs"": [""H4""], ""consensus_threshold"": 2.5, ""max_positions"": 3, ""bonus_max_positions"": 0, ""consensus_primary_weight"": 2.0, ""consensus_entry_weight"": 1.5, ""consensus_confirm_weight"": 3.0, ""consensus_manage_weight"": 0.5, ""consensus_other_weight"": 1.0, ""trailing_start_r"": 2.5, ""trailing_atr_mult"": 1.0, ""stag_exit_minutes"": 60.0, ""partial_1r_ratio"": 0.1, ""early_be_r"": 0.5, ""signal_rev_ratio"": 0.25, ""tp_sl_ratio"": 1.2, ""sl_min_pips"": 8.0, ""range_day_bbw_threshold"": 0.25, ""range_day_score_premium"": 0.3, ""weak_hours_score_premium"": 0.5, ""sg_spread_penalty_rate"": 0.2, ""sg_off_hours_penalty"": 0.25, ""sg_volatility_penalty"": 0.05, ""sg_recent_loss_penalty"": 0.1}",4823,51.6,65.19,1.57,2227414.0,9.26,2.23,74.25,1.4246,42.3
p2_8cc5f839,2,"{""timeframes"": [""M1"", ""M5"", ""M15"", ""H1"", ""H4""], ""regime_detection_tf"": ""H1"", ""htf_alignment_tfs"": [""H4""], ""consensus_threshold"": 2.5, ""max_positions"": 3, ""bonus_max_positions"": 0, ""consensus_primary_weight"": 2.0, ""consensus_entry_weight"": 1.5, ""consensus_confirm_weight"": 3.0, ""consensus_manage_weight"": 0.5, ""consensus_other_weight"": 1.0, ""trailing_start_r"": 2.5, ""trailing_atr_mult"": 1.5, ""stag_exit_minutes"": 60.0, ""partial_1r_ratio"": 0.05, ""early_be_r"": 0.5, ""signal_rev_ratio"": 0.75, ""tp_sl_ratio"": 1.2, ""sl_min_pips"": 8.0, ""range_day_bbw_threshold"": 0.25, ""range_day_score_premium"": 0.3, ""weak_hours_score_premium"": 0.5, ""sg_spread_penalty_rate"": 0.2, ""sg_off_hours_penalty"": 0.25, ""sg_volatility_penalty"": 0.05, ""sg_recent_loss_penalty"": 0.1}",4721,51.23,64.9,1.62,2323342.0,9.64,2.22,77.44,1.4638,42.5
p2_f4198279,2,"{""timeframes"": [""M1"", ""M5"", ""M15"", ""H1"", ""H4""], ""regime_detection_tf"": ""H1"", ""htf_alignment_tfs"": [""H4""], ""consensus_threshold"": 2.5, ""max_positions"": 3, ""bonus_max_positions"": 0, ""consensus_primary_weight"": 2.0, ""consensus_entry_weight"": 1.5, ""consensus_confirm_weight"": 3.0, ""consensus_manage_weight"": 0.5, ""consensus_other_weight"": 1.0, ""trailing_start_r"": 0.5, ""trailing_atr_mult"": 1.5, ""stag_exit_minutes"": 120.0, ""partial_1r_ratio"": 0.1, ""early_be_r"": 0.3, ""signal_rev_ratio"": 0.5, ""tp_sl_ratio"": 1.2, ""sl_min_pips"": 8.0, ""range_day_bbw_threshold"": 0.25, ""range_day_score_premium"": 0.3, ""weak_hours_score_premium"": 0.5, ""sg_spread_penalty_rate"": 0.2, ""sg_off_hours_penalty"": 0.25, ""sg_volatility_penalty"": 0.05, ""sg_recent_loss_penalty"": 0.1}",5908,57.47,71.24,1.77,3452920.0,6.87,3.98,115.1,1.6484,46.9
p2_e796706f,2,"{""timeframes"": [""M1"", ""M5"", ""M15"", ""H1"", ""H4""], ""regime_detection_tf"": ""H1"", ""htf_alignment_tfs"": [""H4""], ""consensus_threshold"": 2.5, ""max_positions"": 3, ""bonus_max_positions"": 0, ""consensus_primary_weight"": 2.0, ""consensus_entry_weight"": 1.5, ""consensus_confirm_weight"": 3.0, ""consensus_manage_weight"": 0.5, ""consensus_other_weight"": 1.0, ""trailing_start_r"": 0.5, ""trailing_atr_mult"": 2.0, ""stag_exit_minutes"": 240.0, ""partial_1r_ratio"": 0.05, ""early_be_r"": 0.3, ""signal_rev_ratio"": 0.0, ""tp_sl_ratio"": 1.2, ""sl_min_pips"": 8.0, ""range_day_bbw_threshold"": 0.25, ""range_day_score_premium"": 0.3, ""weak_hours_score_premium"": 0.5, ""sg_spread_penalty_rate"": 0.2, ""sg_off_hours_penalty"": 0.25, ""sg_volatility_penalty"": 0.05, ""sg_recent_loss_penalty"": 0.1}",5918,60.06,74.65,1.83,3955530.0,7.28,4.27,131.85,1.6968,47.0
p2_009bd931,2,"{""timeframes"": [""M1"", ""M5"", ""M15"", ""H1"", ""H4""], ""regime_detection_tf"": ""H1"", ""htf_alignment_tfs"": [""H4""], ""consensus_threshold"": 2.5, ""max_positions"": 3, ""bonus_max_positions"": 0, ""consensus_primary_weight"": 2.0, ""consensus_entry_weight"": 1.5, ""consensus_confirm_weight"": 3.0, ""consensus_manage_weight"": 0.5, ""consensus_other_weight"": 1.0, ""trailing_start_r"": 1.5, ""trailing_atr_mult"": 1.0, ""stag_exit_minutes"": 120.0, ""partial_1r_ratio"": 0.0, ""early_be_r"": 0.7, ""signal_rev_ratio"": 0.75, ""tp_sl_ratio"": 1.2, ""sl_min_pips"": 8.0, ""range_day_bbw_threshold"": 0.25, ""range_day_score_premium"": 0.3, ""weak_hours_score_premium"": 0.5, ""sg_spread_penalty_rate"": 0.2, ""sg_off_hours_penalty"": 0.25, ""sg_volatility_penalty"": 0.05, ""sg_recent_loss_penalty"": 0.1}",4253,46.96,61.34,1.74,3352747.0,9.1,3.28,111.76,1.4855,45.2
p2_129f6f2c,2,"{""timeframes"": [""M1"", ""M5"", ""M15"", ""H1"", ""H4""], ""regime_detection_tf"": ""H1"", ""htf_alignment_tfs"": [""H4""], ""consensus_threshold"": 2.5, ""max_positions"": 3, ""bonus_max_positions"": 0, ""consensus_primary_weight"": 2.0, ""consensus_entry_weight"": 1.5, ""consensus_confirm_weight"": 3.0, ""consensus_manage_weight"": 0.5, ""consensus_other_weight"": 1.0, ""trailing_start_r"": 2.0, ""trailing_atr_mult"": 2.5, ""stag_exit_minutes"": 180.0, ""partial_1r_ratio"": 0.05, ""early_be_r"": 1.0, ""signal_rev_ratio"": 0.25, ""tp_sl_ratio"": 1.2, ""sl_min_pips"": 8.0, ""range_day_bbw_threshold"": 0.25, ""range_day_score_premium"": 0.3, ""weak_hours_score_premium"": 0.5, ""sg_spread_penalty_rate"": 0.2, ""sg_off_hours_penalty"": 0.25, ""sg_volatility_penalty"": 0.05, ""sg_recent_loss_penalty"": 0.1}",5417,61.13,70.38,1.6,2883182.0,9.45,2.88,96.11,1.4488,46.2
p2_4f0b7e54,2,"{""timeframes"": [""M1"", ""M5"", ""M15"", ""H1"", ""H4""], ""regime_detection_tf"": ""H1"", ""htf_alignment_tfs"": [""H4""], ""consensus_threshold"": 2.5, ""max_positions"": 3, ""bonus_max_positions"": 0, ""consensus_primary_weight"": 2.0, ""consensus_entry_weight"": 1.5, ""consensus_confirm_weight"": 3.0, ""consensus_manage_weight"": 0.5, ""consensus_other_weight"": 1.0, ""trailing_start_r"": 2.0, ""trailing_atr_mult"": 2.5, ""stag_exit_minutes"": 30.0, ""partial_1r_ratio"": 0.0, ""early_be_r"": 0.7, ""signal_rev_ratio"": 0.25, ""tp_sl_ratio"": 1.2, ""sl_min_pips"": 8.0, ""range_day_bbw_threshold"": 0.25, ""range_day_score_premium"": 0.3, ""weak_hours_score_premium"": 0.5, ""sg_spread_penalty_rate"": 0.2, ""sg_off_hours_penalty"": 0.25, ""sg_volatility_penalty"": 0.05, ""sg_recent_loss_penalty"": 0.1}",3212,38.51,48.56,1.45,1463747.0,8.44,1.69,48.79,1.0225,39.1
p2_5efc20c9,2,"{""timeframes"": [""M1"", ""M5"", ""M15"", ""H1"", ""H4""], ""regime_detection_tf"": ""H1"", ""htf_alignment_tfs"": [""H4""], ""consensus_threshold"": 2.5, ""max_positions"": 3, ""bonus_max_positions"": 0, ""consensus_primary_weight"": 2.0, ""consensus_entry_weight"": 1.5, ""consensus_confirm_weight"": 3.0, ""consensus_manage_weight"": 0.5, ""consensus_other_weight"": 1.0, ""trailing_start_r"": 1.5, ""trailing_atr_mult"": 1.0, ""stag_exit_minutes"": 180.0, ""partial_1r_ratio"": 0.0, ""early_be_r"": 1.0, ""signal_rev_ratio"": 0.0, ""tp_sl_ratio"": 1.2, ""sl_min_pips"": 8.0, ""range_day_bbw_threshold"": 0.25, ""range_day_score_premium"": 0.3, ""weak_hours_score_premium"": 0.5, ""sg_spread_penalty_rate"": 0.2, ""sg_off_hours_penalty"": 0.25, ""sg_volatility_penalty"": 0.05, ""sg_recent_loss_penalty"": 0.1}",4041,49.4,60.18,1.68,3300662.0,8.91,3.3,110.02,1.5119,44.9
p2_281a7536,2,"{""timeframes"": [""M1"", ""M5"", ""M15"", ""H1"", ""H4""], ""regime_detection_tf"": ""H1"", ""htf_alignment_tfs"": [""H4""], ""consensus_threshold"": 2.5, ""max_positions"": 3, ""bonus_max_positions"": 0, ""consensus_primary_weight"": 2.0, ""consensus_entry_weight"": 1.5, ""consensus_confirm_weight"": 3.0, ""consensus_manage_weight"": 0.5, ""consensus_other_weight"": 1.0, ""trailing_start_r"": 1.0, ""trailing_atr_mult"": 1.5, ""stag_exit_minutes"": 240.0, ""partial_1r_ratio"": 0.15, ""early_be_r"": 0.5, ""signal_rev_ratio"": 0.5, ""tp_sl_ratio"": 1.2, ""sl_min_pips"": 8.0, ""range_day_bbw_threshold"": 0.25, ""range_day_score_premium"": 0.3, ""weak_hours_score_premium"": 0.5, ""sg_spread_penalty_rate"": 0.2, ""sg_off_hours_penalty"": 0.25, ""sg_volatility_penalty"": 0.05, ""sg_recent_loss_penalty"": 0.1}",5886,59.69,73.66,1.69,3387204.0,8.01,3.64,112.91,1.5546,45.8
p2_b3f90ca7,2,"{""timeframes"": [""M1"", ""M5"", ""M15"", ""H1"", ""H4""], ""regime_detection_tf"": ""H1"", ""htf_alignment_tfs"": [""H4""], ""consensus_threshold"": 2.5, ""max_positions"": 3, ""bonus_max_positions"": 0, ""consensus_primary_weight"": 2.0, ""consensus_entry_weight"": 1.5, ""consensus_confirm_weight"": 3.0, ""consensus_manage_weight"": 0.5, ""consensus_other_weight"": 1.0, ""trailing_start_r"": 1.0, ""trailing_atr_mult"": 2.0, ""stag_exit_minutes"": 30.0, ""partial_1r_ratio"": 0.15, ""early_be_r"": 0.3, ""signal_rev_ratio"": 0.0, ""tp_sl_ratio"": 1.2, ""sl_min_pips"": 8.0, ""range_day_bbw_threshold"": 0.25, ""range_day_score_premium"": 0.3, ""weak_hours_score_premium"": 0.5, ""sg_spread_penalty_rate"": 0.2, ""sg_off_hours_penalty"": 0.25, ""sg_volatility_penalty"": 0.05, ""sg_recent_loss_penalty"": 0.1}",3824,42.95,55.29,1.34,1204223.0,10.23,1.22,40.14,1.0333,39.3
p2_108c4a3e,2,"{""timeframes"": [""M1"", ""M5"", ""M15"", ""H1"", ""H4""], ""regime_detection_tf"": ""H1"", ""htf_alignment_tfs"": [""H4""], ""consensus_threshold"": 2.0, ""max_positions"": 3, ""bonus_max_positions"": 0, ""consensus_primary_weight"": 2.0, ""consensus_entry_weight"": 1.5, ""consensus_confirm_weight"": 3.0, ""consensus_manage_weight"": 0.5, ""consensus_other_weight"": 1.0, ""trailing_start_r"": 2.5, ""trailing_atr_mult"": 2.0, ""stag_exit_minutes"": 180.0, ""partial_1r_ratio"": 0.05, ""early_be_r"": 0.5, ""signal_rev_ratio"": 0.5, ""tp_sl_ratio"": 1.2, ""sl_min_pips"": 8.0, ""range_day_bbw_threshold"": 0.25, ""range_day_score_premium"": 0.3, ""weak_hours_score_premium"": 0.5, ""sg_spread_penalty_rate"": 0.2, ""sg_off_hours_penalty"": 0.25, ""sg_volatility_penalty"": 0.05, ""sg_recent_loss_penalty"": 0.1}",5713,58.7,73.78,1.74,3289307.0,8.67,3.25,109.64,1.5891,46.2
p2_44585dfa,2,"{""timeframes"": [""M1"", ""M5"", ""M15"", ""H1"", ""H4""], ""regime_detection_tf"": ""H1"", ""htf_alignment_tfs"": [""H4""], ""consensus_threshold"": 2.75, ""max_positions"": 3, ""bonus_max_positions"": 0, ""consensus_primary_weight"": 2.0, ""consensus_entry_weight"": 1.5, ""consensus_confirm_weight"": 3.0, ""consensus_manage_weight"": 0.5, ""consensus_other_weight"": 1.0, ""trailing_start_r"": 2.5, ""trailing_atr_mult"": 2.0, ""stag_exit_minutes"": 180.0, ""partial_1r_ratio"": 0.05, ""early_be_r"": 0.5, ""signal_rev_ratio"": 0.5, ""tp_sl_ratio"": 1.2, ""sl_min_pips"": 8.0, ""range_day_bbw_threshold"": 0.25, ""range_day_score_premium"": 0.3, ""weak_hours_score_premium"": 0.5, ""sg_spread_penalty_rate"": 0.2, ""sg_off_hours_penalty"": 0.25, ""sg_volatility_penalty"": 0.05, ""sg_recent_loss_penalty"": 0.1}",5522,58.04,73.62,1.72,3134350.0,10.03,3.13,104.48,1.5475,45.7
p2_54400dce,2,"{""timeframes"": [""M1"", ""M5"", ""M15"", ""H1"", ""H4""], ""regime_detection_tf"": ""H1"", ""htf_alignment_tfs"": [""H4""], ""consensus_threshold"": 3.5, ""max_positions"": 3, ""bonus_max_positions"": 0, ""consensus_primary_weight"": 2.0, ""consensus_entry_weight"": 1.5, ""consensus_confirm_weight"": 3.0, ""consensus_manage_weight"": 0.5, ""consensus_other_weight"": 1.0, ""trailing_start_r"": 2.5, ""trailing_atr_mult"": 2.0, ""stag_exit_minutes"": 180.0, ""partial_1r_ratio"": 0.05, ""early_be_r"": 0.5, ""signal_rev_ratio"": 0.5, ""tp_sl_ratio"": 1.2, ""sl_min_pips"": 8.0, ""range_day_bbw_threshold"": 0.25, ""range_day_score_premium"": 0.3, ""weak_hours_score_premium"": 0.5, ""sg_spread_penalty_rate"": 0.2, ""sg_off_hours_penalty"": 0.25, ""sg_volatility_penalty"": 0.05, ""sg_recent_loss_penalty"": 0.1}",5470,57.69,73.48,1.66,2857123.0,8.41,2.98,95.24,1.5204,45.9
p2_9763d06d,2,"{""timeframes"": [""M1"", ""M5"", ""M15"", ""H1"", ""H4""], ""regime_detection_tf"": ""H1"", ""htf_alignment_tfs"": [""H4""], ""consensus_threshold"": 2.5, ""max_positions"": 3, ""bonus_max_positions"": 0, ""consensus_primary_weight"": 2.0, ""consensus_entry_weight"": 1.5, ""consensus_confirm_weight"": 3.0, ""consensus_manage_weight"": 0.5, ""consensus_other_weight"": 1.0, ""trailing_start_r"": 2.5, ""trailing_atr_mult"": 2.0, ""stag_exit_minutes"": 180.0, ""partial_1r_ratio"": 0.05, ""early_be_r"": 0.5, ""signal_rev_ratio"": 0.5, ""tp_sl_ratio"": 1.5, ""sl_min_pips"": 10.0, ""range_day_bbw_threshold"": 0.25, ""range_day_score_premium"": 0.3, ""weak_hours_score_premium"": 0.3, ""sg_spread_penalty_rate"": 0.3, ""sg_off_hours_penalty"": 0.3, ""sg_volatility_penalty"": 0.05, ""sg_recent_loss_penalty"": 0.1}",5632,58.2,73.72,1.71,3176236.0,9.33,3.18,105.87,1.5505,46.1
p2_0213069b,2,"{""timeframes"": [""M1"", ""M5"", ""M15"", ""H1"", ""H4""], ""regime_detection_tf"": ""H1"", ""htf_alignment_tfs"": [""H4""], ""consensus_threshold"": 2.5, ""max_positions"": 3, ""bonus_max_positions"": 0, ""consensus_primary_weight"": 2.0, ""consensus_entry_weight"": 1.5, ""consensus_confirm_weight"": 3.0, ""consensus_manage_weight"": 0.5, ""consensus_other_weight"": 1.0, ""trailing_start_r"": 2.5, ""trailing_atr_mult"": 2.0, ""stag_exit_minutes"": 180.0, ""partial_1r_ratio"": 0.05, ""early_be_r"": 0.5, ""signal_rev_ratio"": 0.5, ""tp_sl_ratio"": 1.0, ""sl_min_pips"": 8.0, ""range_day_bbw_threshold"": 0.25, ""range_day_score_premium"": 0.3, ""weak_hours_score_premium"": 0.7, ""sg_spread_penalty_rate"": 0.1, ""sg_off_hours_penalty"": 0.1, ""sg_volatility_penalty"": 0.05, ""sg_recent_loss_penalty"": 0.1}",5519,58.05,73.21,1.71,3176094.0,8.95,3.14,105.87,1.557,46.0
p2_b4f2fdd1,2,"{""timeframes"": [""M1"", ""M5"", ""M15"", ""H1"", ""H4""], ""regime_detection_tf"": ""H1"", ""htf_alignment_tfs"": [""H4""], ""consensus_threshold"": 2.5, ""max_positions"": 3, ""bonus_max_positions"": 0, ""consensus_primary_weight"": 2.0, ""consensus_entry_weight"": 1.5, ""consensus_confirm_weight"": 3.0, ""consensus_manage_weight"": 0.5, ""consensus_other_weight"": 1.0, ""trailing_start_r"": 2.5, ""trailing_atr_mult"": 2.0, ""stag_exit_minutes"": 180.0, ""partial_1r_ratio"": 0.05, ""early_be_r"": 0.5, ""signal_rev_ratio"": 0.5, ""tp_sl_ratio"": 1.2, ""sl_min_pips"": 5.0, ""range_day_bbw_threshold"": 0.25, ""range_day_score_premium"": 0.3, ""weak_hours_score_premium"": 0.5, ""sg_spread_penalty_rate"": 0.5, ""sg_off_hours_penalty"": 0.15, ""sg_volatility_penalty"": 0.05, ""sg_recent_loss_penalty"": 0.1}",5600,58.16,73.65,1.72,3175407.0,9.33,3.19,105.85,1.5595,46.8
p2_5dd4ab6b,2,"{""timeframes"": [""M1"", ""M5"", ""M15"", ""H1"", ""H4""], ""regime_detection_tf"": ""H1"", ""htf_alignment_tfs"": [""H4""], ""consensus_threshold"": 2.5, ""max_positions"": 3, ""bonus_max_positions"": 0, ""consensus_primary_weight"": 2.0, ""consensus_entry_weight"": 1.5, ""consensus_confirm_weight"": 3.0, ""consensus_manage_weight"": 0.5, ""consensus_other_weight"": 1.0, ""trailing_start_r"": 2.5, ""trailing_atr_mult"": 2.0, ""stag_exit_minutes"": 180.0, ""partial_1r_ratio"": 0.05, ""early_be_r"": 0.5, ""signal_rev_ratio"": 0.5, ""tp_sl_ratio"": 0.8, ""sl_min_pips"": 12.0, ""range_day_bbw_threshold"": 0.25, ""range_day_score_premium"": 0.3, ""weak_hours_score_premium"": 0.0, ""sg_spread_penalty_rate"": 0.2, ""sg_off_hours_penalty"": 0.25, ""sg_volatility_penalty"": 0.05, ""sg_recent_loss_penalty"": 0.1}",5473,58.21,71.57,1.63,2975927.0,9.24,2.97,99.2,1.4794,45.5
p2_fa12b7a7,2,"{""timeframes"": [""M1"", ""M15"", ""H1"", ""H4""], ""regime_detection_tf"": ""H1"", ""htf_alignment_tfs"": [""H4""], ""consensus_threshold"": 4.5, ""max_positions"": 2, ""bonus_max_positions"": 0, ""consensus_primary_weight"": 2.0, ""consensus_entry_weight"": 1.5, ""consensus_confirm_weight"": 5.0, ""consensus_manage_weight"": 1.5, ""consensus_other_weight"": 2.0, ""trailing_start_r"": 2.5, ""trailing_atr_mult"": 2.0, ""stag_exit_minutes"": 180.0, ""partial_1r_ratio"": 0.05, ""early_be_r"": 0.5, ""signal_rev_ratio"": 0.5, ""tp_sl_ratio"": 1.2, ""sl_min_pips"": 8.0, ""range_day_bbw_threshold"": 0.25, ""range_day_score_premium"": 0.3, ""weak_hours_score_premium"": 0.5, ""sg_spread_penalty_rate"": 0.2, ""sg_off_hours_penalty"": 0.25, ""sg_volatility_penalty"": 0.05, ""sg_recent_loss_penalty"": 0.1}",2373,65.11,77.24,2.58,2080387.0,2.35,4.76,69.35,2.5194,47.6
p2_3a3abe7f,2,"{""timeframes"": [""M1"", ""M15"", ""H1"", ""H4""], ""regime_detection_tf"": ""H1"", ""htf_alignment_tfs"": [""H4""], ""consensus_threshold"": 4.5, ""max_positions"": 2, ""bonus_max_positions"": 0, ""consensus_primary_weight"": 1.5, ""consensus_entry_weight"": 2.5, ""consensus_confirm_weight"": 5.0, ""consensus_manage_weight"": 0.5, ""consensus_other_weight"": 1.0, ""trailing_start_r"": 2.5, ""trailing_atr_mult"": 2.0, ""stag_exit_minutes"": 180.0, ""partial_1r_ratio"": 0.05, ""early_be_r"": 0.5, ""signal_rev_ratio"": 0.5, ""tp_sl_ratio"": 1.2, ""sl_min_pips"": 8.0, ""range_day_bbw_threshold"": 0.25, ""range_day_score_premium"": 0.3, ""weak_hours_score_premium"": 0.5, ""sg_spread_penalty_rate"": 0.2, ""sg_off_hours_penalty"": 0.25, ""sg_volatility_penalty"": 0.05, ""sg_recent_loss_penalty"": 0.1}",2296,65.15,77.52,2.66,2066398.0,2.22,4.7,68.88,2.6009,47.1
p2_f20526dc,2,"{""timeframes"": [""M1"", ""M15"", ""H1"", ""H4""], ""regime_detection_tf"": ""H1"", ""htf_alignment_tfs"": [""H4""], ""consensus_threshold"": 4.5, ""max_positions"": 2, ""bonus_max_positions"": 0, ""consensus_primary_weight"": 2.0, ""consensus_entry_weight"": 1.0, ""consensus_confirm_weight"": 2.0, ""consensus_manage_weight"": 1.5, ""consensus_other_weight"": 0.5, ""trailing_start_r"": 2.5, ""trailing_atr_mult"": 2.0, ""stag_exit_minutes"": 180.0, ""partial_1r_ratio"": 0.05, ""early_be_r"": 0.5, ""signal_rev_ratio"": 0.5, ""tp_sl_ratio"": 1.2, ""sl_min_pips"": 8.0, ""range_day_bbw_threshold"": 0.25, ""range_day_score_premium"": 0.3, ""weak_hours_score_premium"": 0.5, ""sg_spread_penalty_rate"": 0.2, ""sg_off_hours_penalty"": 0.25, ""sg_volatility_penalty"": 0.05, ""sg_recent_loss_penalty"": 0.1}",903,66.77,79.45,3.36,783117.0,1.54,3.69,26.1,3.1792,47.3
p2_677b676f,2,"{""timeframes"": [""M1"", ""M15"", ""H1"", ""H4""], ""regime_detection_tf"": ""H1"", ""htf_alignment_tfs"": [""H4""], ""consensus_threshold"": 4.5, ""max_positions"": 2, ""bonus_max_positions"": 0, ""consensus_primary_weight"": 2.0, ""consensus_entry_weight"": 3.0, ""consensus_confirm_weight"": 4.0, ""consensus_manage_weight"": 0.5, ""consensus_other_weight"": 0.5, ""trailing_start_r"": 2.5, ""trailing_atr_mult"": 2.0, ""stag_exit_minutes"": 180.0, ""partial_1r_ratio"": 0.05, ""early_be_r"": 0.5, ""signal_rev_ratio"": 0.5, ""tp_sl_ratio"": 1.2, ""sl_min_pips"": 8.0, ""range_day_bbw_threshold"": 0.25, ""range_day_score_premium"": 0.3, ""weak_hours_score_premium"": 0.5, ""sg_spread_penalty_rate"": 0.2, ""sg_off_hours_penalty"": 0.25, ""sg_volatility_penalty"": 0.05, ""sg_recent_loss_penalty"": 0.1}",2123,66.67,78.29,3.13,2110849.0,2.16,5.08,70.36,3.0624,47.1
p2_1a73d1d5,2,"{""timeframes"": [""M1"", ""M15"", ""H1"", ""H4""], ""regime_detection_tf"": ""H1"", ""htf_alignment_tfs"": [""H4""], ""consensus_threshold"": 4.5, ""max_positions"": 2, ""bonus_max_positions"": 0, ""consensus_primary_weight"": 2.5, ""consensus_entry_weight"": 1.0, ""consensus_confirm_weight"": 2.0, ""consensus_manage_weight"": 1.5, ""consensus_other_weight"": 2.0, ""trailing_start_r"": 2.5, ""trailing_atr_mult"": 2.0, ""stag_exit_minutes"": 180.0, ""partial_1r_ratio"": 0.05, ""early_be_r"": 0.5, ""signal_rev_ratio"": 0.5, ""tp_sl_ratio"": 1.2, ""sl_min_pips"": 8.0, ""range_day_bbw_threshold"": 0.25, ""range_day_score_premium"": 0.3, ""weak_hours_score_premium"": 0.5, ""sg_spread_penalty_rate"": 0.2, ""sg_off_hours_penalty"": 0.25, ""sg_volatility_penalty"": 0.05, ""sg_recent_loss_penalty"": 0.1}",1162,65.52,79.16,3.07,944594.0,1.97,3.86,31.49,3.0095,45.9
p2_d9012825,2,"{""timeframes"": [""M1"", ""M15"", ""H1"", ""H4""], ""regime_detection_tf"": ""H1"", ""htf_alignment_tfs"": [""H4""], ""consensus_threshold"": 4.5, ""max_positions"": 2, ""bonus_max_positions"": 0, ""consensus_primary_weight"": 1.5, ""consensus_entry_weight"": 2.0, ""consensus_confirm_weight"": 3.0, ""consensus_manage_weight"": 0.5, ""consensus_other_weight"": 0.5, ""trailing_start_r"": 2.5, ""trailing_atr_mult"": 2.0, ""stag_exit_minutes"": 180.0, ""partial_1r_ratio"": 0.05, ""early_be_r"": 0.5, ""signal_rev_ratio"": 0.5, ""tp_sl_ratio"": 1.2, ""sl_min_pips"": 8.0, ""range_day_bbw_threshold"": 0.25, ""range_day_score_premium"": 0.3, ""weak_hours_score_premium"": 0.5, ""sg_spread_penalty_rate"": 0.2, ""sg_off_hours_penalty"": 0.25, ""sg_volatility_penalty"": 0.05, ""sg_recent_loss_penalty"": 0.1}",1461,66.32,78.49,3.42,1395895.0,2.64,4.48,46.53,3.3297,47.7
p2_d828567f,2,"{""timeframes"": [""M1"", ""M15"", ""H1"", ""H4""], ""regime_detection_tf"": ""H1"", ""htf_alignment_tfs"": [""H4""], ""consensus_threshold"": 4.5, ""max_positions"": 2, ""bonus_max_positions"": 0, ""consensus_primary_weight"": 2.5, ""consensus_entry_weight"": 3.0, ""consensus_confirm_weight"": 4.0, ""consensus_manage_weight"": 1.0, ""consensus_other_weight"": 1.0, ""trailing_start_r"": 2.5, ""trailing_atr_mult"": 2.0, ""stag_exit_minutes"": 180.0, ""partial_1r_ratio"": 0.05, ""early_be_r"": 0.5, ""signal_rev_ratio"": 0.5, ""tp_sl_ratio"": 1.2, ""sl_min_pips"": 8.0, ""range_day_bbw_threshold"": 0.25, ""range_day_score_premium"": 0.3, ""weak_hours_score_premium"": 0.5, ""sg_spread_penalty_rate"": 0.2, ""sg_off_hours_penalty"": 0.25, ""sg_volatility_penalty"": 0.05, ""sg_recent_loss_penalty"": 0.1}",2219,66.06,78.14,2.88,2060352.0,2.37,4.87,68.68,2.8117,46.7
p2_e5797c09,2,"{""timeframes"": [""M1"", ""M15"", ""H1"", ""H4""], ""regime_detection_tf"": ""H1"", ""htf_alignment_tfs"": [""H4""], ""consensus_threshold"": 4.5, ""max_positions"": 2, ""bonus_max_positions"": 0, ""consensus_primary_weight"": 1.5, ""consensus_entry_weight"": 1.5, ""consensus_confirm_weight"": 2.0, ""consensus_manage_weight"": 1.0, ""consensus_other_weight"": 1.0, ""trailing_start_r"": 2.5, ""trailing_atr_mult"": 2.0, ""stag_exit_minutes"": 180.0, ""partial_1r_ratio"": 0.05, ""early_be_r"": 0.5, ""signal_rev_ratio"": 0.5, ""tp_sl_ratio"": 1.2, ""sl_min_pips"": 8.0, ""range_day_bbw_threshold"": 0.25, ""range_day_score_premium"": 0.3, ""weak_hours_score_premium"": 0.5, ""sg_spread_penalty_rate"": 0.2, ""sg_off_hours_penalty"": 0.25, ""sg_volatility_penalty"": 0.05, ""sg_recent_loss_penalty"": 0.1}",520,69.2,81.61,5.21,578377.0,1.39,3.49,19.28,4.5868,47.4
p2_68af46ce,2,"{""timeframes"": [""M1"", ""M15"", ""H1"", ""H4""], ""regime_detection_tf"": ""H1"", ""htf_alignment_tfs"": [""H4""], ""consensus_threshold"": 4.5, ""max_positions"": 2, ""bonus_max_positions"": 0, ""consensus_primary_weight"": 3.0, ""consensus_entry_weight"": 2.5, ""consensus_confirm_weight"": 3.0, ""consensus_manage_weight"": 0.5, ""consensus_other_weight"": 2.0, ""trailing_start_r"": 2.5, ""trailing_atr_mult"": 2.0, ""stag_exit_minutes"": 180.0, ""partial_1r_ratio"": 0.05, ""early_be_r"": 0.5, ""signal_rev_ratio"": 0.5, ""tp_sl_ratio"": 1.2, ""sl_min_pips"": 8.0, ""range_day_bbw_threshold"": 0.25, ""range_day_score_premium"": 0.3, ""weak_hours_score_premium"": 0.5, ""sg_spread_penalty_rate"": 0.2, ""sg_off_hours_penalty"": 0.25, ""sg_volatility_penalty"": 0.05, ""sg_recent_loss_penalty"": 0.1}",2019,66.2,78.82,3.19,1983545.0,2.51,4.93,66.12,3.1099,47.0
p2_fd878a6f,2,"{""timeframes"": [""M1"", ""M15"", ""H1"", ""H4""], ""regime_detection_tf"": ""H1"", ""htf_alignment_tfs"": [""H4""], ""consensus_threshold"": 4.5, ""max_positions"": 2, ""bonus_max_positions"": 0, ""consensus_primary_weight"": 3.0, ""consensus_entry_weight"": 2.0, ""consensus_confirm_weight"": 3.0, ""consensus_manage_weight"": 1.0, ""consensus_other_weight"": 0.5, ""trailing_start_r"": 2.5, ""trailing_atr_mult"": 2.0, ""stag_exit_minutes"": 180.0, ""partial_1r_ratio"": 0.05, ""early_be_r"": 0.5, ""signal_rev_ratio"": 0.5, ""tp_sl_ratio"": 1.2, ""sl_min_pips"": 8.0, ""range_day_bbw_threshold"": 0.25, ""range_day_score_premium"": 0.3, ""weak_hours_score_premium"": 0.5, ""sg_spread_penalty_rate"": 0.2, ""sg_off_hours_penalty"": 0.25, ""sg_volatility_penalty"": 0.05, ""sg_recent_loss_penalty"": 0.1}",2019,66.2,78.82,3.19,1983545.0,2.51,4.93,66.12,3.1099,47.7
p2_8e0061bc,2,"{""timeframes"": [""M1"", ""M15"", ""H1"", ""H4""], ""regime_detection_tf"": ""H1"", ""htf_alignment_tfs"": [""H4""], ""consensus_threshold"": 4.5, ""max_positions"": 2, ""bonus_max_positions"": 0, ""consensus_primary_weight"": 2.0, ""consensus_entry_weight"": 1.5, ""consensus_confirm_weight"": 3.0, ""consensus_manage_weight"": 0.5, ""consensus_other_weight"": 1.0, ""trailing_start_r"": 2.5, ""trailing_atr_mult"": 1.0, ""stag_exit_minutes"": 60.0, ""partial_1r_ratio"": 0.1, ""early_be_r"": 0.5, ""signal_rev_ratio"": 0.25, ""tp_sl_ratio"": 1.2, ""sl_min_pips"": 8.0, ""range_day_bbw_threshold"": 0.25, ""range_day_score_premium"": 0.3, ""weak_hours_score_premium"": 0.5, ""sg_spread_penalty_rate"": 0.2, ""sg_off_hours_penalty"": 0.25, ""sg_volatility_penalty"": 0.05, ""sg_recent_loss_penalty"": 0.1}",1570,60.82,70.49,2.96,1123157.0,1.8,4.22,37.44,2.9067,46.2
p2_3c2de4d8,2,"{""timeframes"": [""M1"", ""M15"", ""H1"", ""H4""], ""regime_detection_tf"": ""H1"", ""htf_alignment_tfs"": [""H4""], ""consensus_threshold"": 4.5, ""max_positions"": 2, ""bonus_max_positions"": 0, ""consensus_primary_weight"": 2.0, ""consensus_entry_weight"": 1.5, ""consensus_confirm_weight"": 3.0, ""consensus_manage_weight"": 0.5, ""consensus_other_weight"": 1.0, ""trailing_start_r"": 2.5, ""trailing_atr_mult"": 1.5, ""stag_exit_minutes"": 60.0, ""partial_1r_ratio"": 0.05, ""early_be_r"": 0.5, ""signal_rev_ratio"": 0.75, ""tp_sl_ratio"": 1.2, ""sl_min_pips"": 8.0, ""range_day_bbw_threshold"": 0.25, ""range_day_score_premium"": 0.3, ""weak_hours_score_premium"": 0.5, ""sg_spread_penalty_rate"": 0.2, ""sg_off_hours_penalty"": 0.25, ""sg_volatility_penalty"": 0.05, ""sg_recent_loss_penalty"": 0.1}",1566,60.77,70.59,3.05,1161049.0,1.8,4.26,38.7,2.9951,46.0
p2_a3bca36a,2,"{""timeframes"": [""M1"", ""M15"", ""H1"", ""H4""], ""regime_detection_tf"": ""H1"", ""htf_alignment_tfs"": [""H4""], ""consensus_threshold"": 4.5, ""max_positions"": 2, ""bonus_max_positions"": 0, ""consensus_primary_weight"": 2.0, ""consensus_entry_weight"": 1.5, ""consensus_confirm_weight"": 3.0, ""consensus_manage_weight"": 0.5, ""consensus_other_weight"": 1.0, ""trailing_start_r"": 0.5, ""trailing_atr_mult"": 1.5, ""stag_exit_minutes"": 120.0, ""partial_1r_ratio"": 0.1, ""early_be_r"": 0.3, ""signal_rev_ratio"": 0.5, ""tp_sl_ratio"": 1.2, ""sl_min_pips"": 8.0, ""range_day_bbw_threshold"": 0.25, ""range_day_score_premium"": 0.3, ""weak_hours_score_premium"": 0.5, ""sg_spread_penalty_rate"": 0.2, ""sg_off_hours_penalty"": 0.25, ""sg_volatility_penalty"": 0.05, ""sg_recent_loss_penalty"": 0.1}",1723,62.63,73.57,3.25,1535370.0,1.74,5.88,51.18,3.1934,47.4
p2_e71439a8,2,"{""timeframes"": [""M1"", ""M15"", ""H1"", ""H4""], ""regime_detection_tf"": ""H1"", ""htf_alignment_tfs"": [""H4""], ""consensus_threshold"": 4.5, ""max_positions"": 2, ""bonus_max_positions"": 0, ""consensus_primary_weight"": 2.0, ""consensus_entry_weight"": 1.5, ""consensus_confirm_weight"": 3.0, ""consensus_manage_weight"": 0.5, ""consensus_other_weight"": 1.0, ""trailing_start_r"": 0.5, ""trailing_atr_mult"": 2.0, ""stag_exit_minutes"": 240.0, ""partial_1r_ratio"": 0.05, ""early_be_r"": 0.3, ""signal_rev_ratio"": 0.0, ""tp_sl_ratio"": 1.2, ""sl_min_pips"": 8.0, ""range_day_bbw_threshold"": 0.25, ""range_day_score_premium"": 0.3, ""weak_hours_score_premium"": 0.5, ""sg_spread_penalty_rate"": 0.2, ""sg_off_hours_penalty"": 0.25, ""sg_volatility_penalty"": 0.05, ""sg_recent_loss_penalty"": 0.1}",1741,67.58,79.54,3.54,1868143.0,1.38,6.26,62.27,3.4911,50.9
p2_e018eb0d,2,"{""timeframes"": [""M1"", ""M15"", ""H1"", ""H4""], ""regime_detection_tf"": ""H1"", ""htf_alignment_tfs"": [""H4""], ""consensus_threshold"": 4.5, ""max_positions"": 2, ""bonus_max_positions"": 0, ""consensus_primary_weight"": 2.0, ""consensus_entry_weight"": 1.5, ""consensus_confirm_weight"": 3.0, ""consensus_manage_weight"": 0.5, ""consensus_other_weight"": 1.0, ""trailing_start_r"": 1.5, ""trailing_atr_mult"": 1.0, ""stag_exit_minutes"": 120.0, ""partial_1r_ratio"": 0.0, ""early_be_r"": 0.7, ""signal_rev_ratio"": 0.75, ""tp_sl_ratio"": 1.2, ""sl_min_pips"": 8.0, ""range_day_bbw_threshold"": 0.25, ""range_day_score_premium"": 0.3, ""weak_hours_score_premium"": 0.5, ""sg_spread_penalty_rate"": 0.2, ""sg_off_hours_penalty"": 0.25, ""sg_volatility_penalty"": 0.05, ""sg_recent_loss_penalty"": 0.1}",1311,56.64,67.56,3.05,1485816.0,2.36,4.71,49.53,2.978,48.6
p2_a1e40108,2,"{""timeframes"": [""M1"", ""M15"", ""H1"", ""H4""], ""regime_detection_tf"": ""H1"", ""htf_alignment_tfs"": [""H4""], ""consensus_threshold"": 4.5, ""max_positions"": 2, ""bonus_max_positions"": 0, ""consensus_primary_weight"": 2.0, ""consensus_entry_weight"": 1.5, ""consensus_confirm_weight"": 3.0, ""consensus_manage_weight"": 0.5, ""consensus_other_weight"": 1.0, ""trailing_start_r"": 2.0, ""trailing_atr_mult"": 2.5, ""stag_exit_minutes"": 180.0, ""partial_1r_ratio"": 0.05, ""early_be_r"": 1.0, ""signal_rev_ratio"": 0.25, ""tp_sl_ratio"": 1.2, ""sl_min_pips"": 8.0, ""range_day_bbw_threshold"": 0.25, ""range_day_score_premium"": 0.3, ""weak_hours_score_premium"": 0.5, ""sg_spread_penalty_rate"": 0.2, ""sg_off_hours_penalty"": 0.25, ""sg_volatility_penalty"": 0.05, ""sg_recent_loss_penalty"": 0.1}",1609,68.89,75.59,2.79,1443651.0,2.56,4.38,48.12,2.7186,47.5
p2_9d46171f,2,"{""timeframes"": [""M1"", ""M15"", ""H1"", ""H4""], ""regime_detection_tf"": ""H1"", ""htf_alignment_tfs"": [""H4""], ""consensus_threshold"": 4.5, ""max_positions"": 2, ""bonus_max_positions"": 0, ""consensus_primary_weight"": 2.0, ""consensus_entry_weight"": 1.5, ""consensus_confirm_weight"": 3.0, ""consensus_manage_weight"": 0.5, ""consensus_other_weight"": 1.0, ""trailing_start_r"": 2.0, ""trailing_atr_mult"": 2.5, ""stag_exit_minutes"": 30.0, ""partial_1r_ratio"": 0.0, ""early_be_r"": 0.7, ""signal_rev_ratio"": 0.25, ""tp_sl_ratio"": 1.2, ""sl_min_pips"": 8.0, ""range_day_bbw_threshold"": 0.25, ""range_day_score_premium"": 0.3, ""weak_hours_score_premium"": 0.5, ""sg_spread_penalty_rate"": 0.2, ""sg_off_hours_penalty"": 0.25, ""sg_volatility_penalty"": 0.05, ""sg_recent_loss_penalty"": 0.1}",1237,48.46,54.72,2.14,580601.0,1.77,2.93,19.35,1.8204,45.5
p2_5835ecb2,2,"{""timeframes"": [""M1"", ""M15"", ""H1"", ""H4""], ""regime_detection_tf"": ""H1"", ""htf_alignment_tfs"": [""H4""], ""consensus_threshold"": 4.5, ""max_positions"": 2, ""bonus_max_positions"": 0, ""consensus_primary_weight"": 2.0, ""consensus_entry_weight"": 1.5, ""consensus_confirm_weight"": 3.0, ""consensus_manage_weight"": 0.5, ""consensus_other_weight"": 1.0, ""trailing_start_r"": 1.5, ""trailing_atr_mult"": 1.0, ""stag_exit_minutes"": 180.0, ""partial_1r_ratio"": 0.0, ""early_be_r"": 1.0, ""signal_rev_ratio"": 0.0, ""tp_sl_ratio"": 1.2, ""sl_min_pips"": 8.0, ""range_day_bbw_threshold"": 0.25, ""range_day_score_premium"": 0.3, ""weak_hours_score_premium"": 0.5, ""sg_spread_penalty_rate"": 0.2, ""sg_off_hours_penalty"": 0.25, ""sg_volatility_penalty"": 0.05, ""sg_recent_loss_penalty"": 0.1}",1288,60.13,68.34,2.84,1533665.0,2.55,4.49,51.12,2.7676,48.0
p2_bd948ecf,2,"{""timeframes"": [""M1"", ""M15"", ""H1"", ""H4""], ""regime_detection_tf"": ""H1"", ""htf_alignment_tfs"": [""H4""], ""consensus_threshold"": 4.5, ""max_positions"": 2, ""bonus_max_positions"": 0, ""consensus_primary_weight"": 2.0, ""consensus_entry_weight"": 1.5, ""consensus_confirm_weight"": 3.0, ""consensus_manage_weight"": 0.5, ""consensus_other_weight"": 1.0, ""trailing_start_r"": 1.0, ""trailing_atr_mult"": 1.5, ""stag_exit_minutes"": 240.0, ""partial_1r_ratio"": 0.15, ""early_be_r"": 0.5, ""signal_rev_ratio"": 0.5, ""tp_sl_ratio"": 1.2, ""sl_min_pips"": 8.0, ""range_day_bbw_threshold"": 0.25, ""range_day_score_premium"": 0.3, ""weak_hours_score_premium"": 0.5, ""sg_spread_penalty_rate"": 0.2, ""sg_off_hours_penalty"": 0.25, ""sg_volatility_penalty"": 0.05, ""sg_recent_loss_penalty"": 0.1}",1717,67.76,80.2,3.39,1714379.0,2.04,5.33,57.15,3.3208,48.0
p2_131ae206,2,"{""timeframes"": [""M1"", ""M15"", ""H1"", ""H4""], ""regime_detection_tf"": ""H1"", ""htf_alignment_tfs"": [""H4""], ""consensus_threshold"": 4.5, ""max_positions"": 2, ""bonus_max_positions"": 0, ""consensus_primary_weight"": 2.0, ""consensus_entry_weight"": 1.5, ""consensus_confirm_weight"": 3.0, ""consensus_manage_weight"": 0.5, ""consensus_other_weight"": 1.0, ""trailing_start_r"": 1.0, ""trailing_atr_mult"": 2.0, ""stag_exit_minutes"": 30.0, ""partial_1r_ratio"": 0.15, ""early_be_r"": 0.3, ""signal_rev_ratio"": 0.0, ""tp_sl_ratio"": 1.2, ""sl_min_pips"": 8.0, ""range_day_bbw_threshold"": 0.25, ""range_day_score_premium"": 0.3, ""weak_hours_score_premium"": 0.5, ""sg_spread_penalty_rate"": 0.2, ""sg_off_hours_penalty"": 0.25, ""sg_volatility_penalty"": 0.05, ""sg_recent_loss_penalty"": 0.1}",1499,52.78,61.64,2.3,613518.0,1.3,3.44,20.45,2.0533,45.6
p2_13f4002b,2,"{""timeframes"": [""M1"", ""M15"", ""H1"", ""H4""], ""regime_detection_tf"": ""H1"", ""htf_alignment_tfs"": [""H4""], ""consensus_threshold"": 3.5, ""max_positions"": 2, ""bonus_max_positions"": 0, ""consensus_primary_weight"": 2.0, ""consensus_entry_weight"": 1.5, ""consensus_confirm_weight"": 3.0, ""consensus_manage_weight"": 0.5, ""consensus_other_weight"": 1.0, ""trailing_start_r"": 2.5, ""trailing_atr_mult"": 2.0, ""stag_exit_minutes"": 180.0, ""partial_1r_ratio"": 0.05, ""early_be_r"": 0.5, ""signal_rev_ratio"": 0.5, ""tp_sl_ratio"": 1.2, ""sl_min_pips"": 8.0, ""range_day_bbw_threshold"": 0.25, ""range_day_score_premium"": 0.3, ""weak_hours_score_premium"": 0.5, ""sg_spread_penalty_rate"": 0.2, ""sg_off_hours_penalty"": 0.25, ""sg_volatility_penalty"": 0.05, ""sg_recent_loss_penalty"": 0.1}",2065,66.09,78.44,3.06,2123890.0,2.22,4.99,70.8,2.9921,48.7
p2_03c0ae8e,2,"{""timeframes"": [""M1"", ""M15"", ""H1"", ""H4""], ""regime_detection_tf"": ""H1"", ""htf_alignment_tfs"": [""H4""], ""consensus_threshold"": 4.0, ""max_positions"": 2, ""bonus_max_positions"": 0, ""consensus_primary_weight"": 2.0, ""consensus_entry_weight"": 1.5, ""consensus_confirm_weight"": 3.0, ""consensus_manage_weight"": 0.5, ""consensus_other_weight"": 1.0, ""trailing_start_r"": 2.5, ""trailing_atr_mult"": 2.0, ""stag_exit_minutes"": 180.0, ""partial_1r_ratio"": 0.05, ""early_be_r"": 0.5, ""signal_rev_ratio"": 0.5, ""tp_sl_ratio"": 1.2, ""sl_min_pips"": 8.0, ""range_day_bbw_threshold"": 0.25, ""range_day_score_premium"": 0.3, ""weak_hours_score_premium"": 0.5, ""sg_spread_penalty_rate"": 0.2, ""sg_off_hours_penalty"": 0.25, ""sg_volatility_penalty"": 0.05, ""sg_recent_loss_penalty"": 0.1}",1858,66.67,79.39,3.48,1980400.0,1.84,5.13,66.01,3.416,48.4
p2_bb6708ed,2,"{""timeframes"": [""M1"", ""M15"", ""H1"", ""H4""], ""regime_detection_tf"": ""H1"", ""htf_alignment_tfs"": [""H4""], ""consensus_threshold"": 4.25, ""max_positions"": 2, ""bonus_max_positions"": 0, ""consensus_primary_weight"": 2.0, ""consensus_entry_weight"": 1.5, ""consensus_confirm_weight"": 3.0, ""consensus_manage_weight"": 0.5, ""consensus_other_weight"": 1.0, ""trailing_start_r"": 2.5, ""trailing_atr_mult"": 2.0, ""stag_exit_minutes"": 180.0, ""partial_1r_ratio"": 0.05, ""early_be_r"": 0.5, ""signal_rev_ratio"": 0.5, ""tp_sl_ratio"": 1.2, ""sl_min_pips"": 8.0, ""range_day_bbw_threshold"": 0.25, ""range_day_score_premium"": 0.3, ""weak_hours_score_premium"": 0.5, ""sg_spread_penalty_rate"": 0.2, ""sg_off_hours_penalty"": 0.25, ""sg_volatility_penalty"": 0.05, ""sg_recent_loss_penalty"": 0.1}",1762,67.18,80.01,3.62,1844049.0,1.82,5.02,61.47,3.5541,49.3
p2_57d25207,2,"{""timeframes"": [""M1"", ""M15"", ""H1"", ""H4""], ""regime_detection_tf"": ""H1"", ""htf_alignment_tfs"": [""H4""], ""consensus_threshold"": 4.75, ""max_positions"": 2, ""bonus_max_positions"": 0, ""consensus_primary_weight"": 2.0, ""consensus_entry_weight"": 1.5, ""consensus_confirm_weight"": 3.0, ""consensus_manage_weight"": 0.5, ""consensus_other_weight"": 1.0, ""trailing_start_r"": 2.5, ""trailing_atr_mult"": 2.0, ""stag_exit_minutes"": 180.0, ""partial_1r_ratio"": 0.05, ""early_be_r"": 0.5, ""signal_rev_ratio"": 0.5, ""tp_sl_ratio"": 1.2, ""sl_min_pips"": 8.0, ""range_day_bbw_threshold"": 0.25, ""range_day_score_premium"": 0.3, ""weak_hours_score_premium"": 0.5, ""sg_spread_penalty_rate"": 0.2, ""sg_off_hours_penalty"": 0.25, ""sg_volatility_penalty"": 0.05, ""sg_recent_loss_penalty"": 0.1}",1528,65.86,78.31,3.45,1479271.0,2.25,4.65,49.31,3.3724,48.2
p2_f618ca5e,2,"{""timeframes"": [""M1"", ""M15"", ""H1"", ""H4""], ""regime_detection_tf"": ""H1"", ""htf_alignment_tfs"": [""H4""], ""consensus_threshold"": 5.0, ""max_positions"": 2, ""bonus_max_positions"": 0, ""consensus_primary_weight"": 2.0, ""consensus_entry_weight"": 1.5, ""consensus_confirm_weight"": 3.0, ""consensus_manage_weight"": 0.5, ""consensus_other_weight"": 1.0, ""trailing_start_r"": 2.5, ""trailing_atr_mult"": 2.0, ""stag_exit_minutes"": 180.0, ""partial_1r_ratio"": 0.05, ""early_be_r"": 0.5, ""signal_rev_ratio"": 0.5, ""tp_sl_ratio"": 1.2, ""sl_min_pips"": 8.0, ""range_day_bbw_threshold"": 0.25, ""range_day_score_premium"": 0.3, ""weak_hours_score_premium"": 0.5, ""sg_spread_penalty_rate"": 0.2, ""sg_off_hours_penalty"": 0.25, ""sg_volatility_penalty"": 0.05, ""sg_recent_loss_penalty"": 0.1}",1438,65.66,78.08,3.39,1331049.0,2.47,4.36,44.37,3.3063,47.9
p2_75afc1de,2,"{""timeframes"": [""M1"", ""M15"", ""H1"", ""H4""], ""regime_detection_tf"": ""H1"", ""htf_alignment_tfs"": [""H4""], ""consensus_threshold"": 5.5, ""max_positions"": 2, ""bonus_max_positions"": 0, ""consensus_primary_weight"": 2.0, ""consensus_entry_weight"": 1.5, ""consensus_confirm_weight"": 3.0, ""consensus_manage_weight"": 0.5, ""consensus_other_weight"": 1.0, ""trailing_start_r"": 2.5, ""trailing_atr_mult"": 2.0, ""stag_exit_minutes"": 180.0, ""partial_1r_ratio"": 0.05, ""early_be_r"": 0.5, ""signal_rev_ratio"": 0.5, ""tp_sl_ratio"": 1.2, ""sl_min_pips"": 8.0, ""range_day_bbw_threshold"": 0.25, ""range_day_score_premium"": 0.3, ""weak_hours_score_premium"": 0.5, ""sg_spread_penalty_rate"": 0.2, ""sg_off_hours_penalty"": 0.25, ""sg_volatility_penalty"": 0.05, ""sg_recent_loss_penalty"": 0.1}",1182,63.7,76.2,3.16,950720.0,1.97,3.74,31.69,3.0977,47.7
p2_1f0fbe99,2,"{""timeframes"": [""M1"", ""M15"", ""H1"", ""H4""], ""regime_detection_tf"": ""H1"", ""htf_alignment_tfs"": [""H4""], ""consensus_threshold"": 4.5, ""max_positions"": 2, ""bonus_max_positions"": 0, ""consensus_primary_weight"": 2.0, ""consensus_entry_weight"": 1.5, ""consensus_confirm_weight"": 3.0, ""consensus_manage_weight"": 0.5, ""consensus_other_weight"": 1.0, ""trailing_start_r"": 2.5, ""trailing_atr_mult"": 2.0, ""stag_exit_minutes"": 180.0, ""partial_1r_ratio"": 0.05, ""early_be_r"": 0.5, ""signal_rev_ratio"": 0.5, ""tp_sl_ratio"": 1.5, ""sl_min_pips"": 10.0, ""range_day_bbw_threshold"": 0.25, ""range_day_score_premium"": 0.3, ""weak_hours_score_premium"": 0.3, ""sg_spread_penalty_rate"": 0.3, ""sg_off_hours_penalty"": 0.3, ""sg_volatility_penalty"": 0.05, ""sg_recent_loss_penalty"": 0.1}",1647,66.4,79.23,3.46,1611261.0,2.2,4.83,53.71,3.3839,48.9
p2_7ec77f0d,2,"{""timeframes"": [""M1"", ""M15"", ""H1"", ""H4""], ""regime_detection_tf"": ""H1"", ""htf_alignment_tfs"": [""H4""], ""consensus_threshold"": 4.5, ""max_positions"": 2, ""bonus_max_positions"": 0, ""consensus_primary_weight"": 2.0, ""consensus_entry_weight"": 1.5, ""consensus_confirm_weight"": 3.0, ""consensus_manage_weight"": 0.5, ""consensus_other_weight"": 1.0, ""trailing_start_r"": 2.5, ""trailing_atr_mult"": 2.0, ""stag_exit_minutes"": 180.0, ""partial_1r_ratio"": 0.05, ""early_be_r"": 0.5, ""signal_rev_ratio"": 0.5, ""tp_sl_ratio"": 1.0, ""sl_min_pips"": 8.0, ""range_day_bbw_threshold"": 0.25, ""range_day_score_premium"": 0.3, ""weak_hours_score_premium"": 0.7, ""sg_spread_penalty_rate"": 0.1, ""sg_off_hours_penalty"": 0.1, ""sg_volatility_penalty"": 0.05, ""sg_recent_loss_penalty"": 0.1}",1640,66.38,79.22,3.49,1630252.0,2.16,4.86,54.34,3.4146,48.5
p2_b95059f1,2,"{""timeframes"": [""M1"", ""M15"", ""H1"", ""H4""], ""regime_detection_tf"": ""H1"", ""htf_alignment_tfs"": [""H4""], ""consensus_threshold"": 4.5, ""max_positions"": 2, ""bonus_max_positions"": 0, ""consensus_primary_weight"": 2.0, ""consensus_entry_weight"": 1.5, ""consensus_confirm_weight"": 3.0, ""consensus_manage_weight"": 0.5, ""consensus_other_weight"": 1.0, ""trailing_start_r"": 2.5, ""trailing_atr_mult"": 2.0, ""stag_exit_minutes"": 180.0, ""partial_1r_ratio"": 0.05, ""early_be_r"": 0.5, ""signal_rev_ratio"": 0.5, ""tp_sl_ratio"": 1.2, ""sl_min_pips"": 5.0, ""range_day_bbw_threshold"": 0.25, ""range_day_score_premium"": 0.3, ""weak_hours_score_premium"": 0.5, ""sg_spread_penalty_rate"": 0.5, ""sg_off_hours_penalty"": 0.15, ""sg_volatility_penalty"": 0.05, ""sg_recent_loss_penalty"": 0.1}",1643,66.32,79.24,3.45,1608670.0,2.16,4.83,53.62,3.3755,48.0
p2_d4013303,2,"{""timeframes"": [""M1"", ""M15"", ""H1"", ""H4""], ""regime_detection_tf"": ""H1"", ""htf_alignment_tfs"": [""H4""], ""consensus_threshold"": 4.5, ""max_positions"": 2, ""bonus_max_positions"": 0, ""consensus_primary_weight"": 2.0, ""consensus_entry_weight"": 1.5, ""consensus_confirm_weight"": 3.0, ""consensus_manage_weight"": 0.5, ""consensus_other_weight"": 1.0, ""trailing_start_r"": 2.5, ""trailing_atr_mult"": 2.0, ""stag_exit_minutes"": 180.0, ""partial_1r_ratio"": 0.05, ""early_be_r"": 0.5, ""signal_rev_ratio"": 0.5, ""tp_sl_ratio"": 0.8, ""sl_min_pips"": 12.0, ""range_day_bbw_threshold"": 0.25, ""range_day_score_premium"": 0.3, ""weak_hours_score_premium"": 0.0, ""sg_spread_penalty_rate"": 0.2, ""sg_off_hours_penalty"": 0.25, ""sg_volatility_penalty"": 0.05, ""sg_recent_loss_penalty"": 0.1}",1600,64.92,77.65,3.04,1421845.0,2.35,4.68,47.39,2.9686,48.1
p2_35b5bea8,2,"{""timeframes"": [""M1"", ""M5"", ""M15"", ""H1"", ""H4""], ""regime_detection_tf"": ""H1"", ""htf_alignment_tfs"": [""H4""], ""consensus_threshold"": 3.0, ""max_positions"": 3, ""bonus_max_positions"": 0, ""consensus_primary_weight"": 2.0, ""consensus_entry_weight"": 1.5, ""consensus_confirm_weight"": 5.0, ""consensus_manage_weight"": 1.5, ""consensus_other_weight"": 2.0, ""trailing_start_r"": 2.5, ""trailing_atr_mult"": 2.0, ""stag_exit_minutes"": 180.0, ""partial_1r_ratio"": 0.05, ""early_be_r"": 0.5, ""signal_rev_ratio"": 0.5, ""tp_sl_ratio"": 1.2, ""sl_min_pips"": 8.0, ""range_day_bbw_threshold"": 0.25, ""range_day_score_premium"": 0.3, ""weak_hours_score_premium"": 0.5, ""sg_spread_penalty_rate"": 0.2, ""sg_off_hours_penalty"": 0.25, ""sg_volatility_penalty"": 0.05, ""sg_recent_loss_penalty"": 0.1}",5485,57.42,72.47,1.64,2788829.0,7.96,2.88,92.96,1.5095,45.3
p2_68ad9963,2,"{""timeframes"": [""M1"", ""M5"", ""M15"", ""H1"", ""H4""], ""regime_detection_tf"": ""H1"", ""htf_alignment_tfs"": [""H4""], ""consensus_threshold"": 3.0, ""max_positions"": 3, ""bonus_max_positions"": 0, ""consensus_primary_weight"": 1.5, ""consensus_entry_weight"": 2.5, ""consensus_confirm_weight"": 5.0, ""consensus_manage_weight"": 0.5, ""consensus_other_weight"": 1.0, ""trailing_start_r"": 2.5, ""trailing_atr_mult"": 2.0, ""stag_exit_minutes"": 180.0, ""partial_1r_ratio"": 0.05, ""early_be_r"": 0.5, ""signal_rev_ratio"": 0.5, ""tp_sl_ratio"": 1.2, ""sl_min_pips"": 8.0, ""range_day_bbw_threshold"": 0.25, ""range_day_score_premium"": 0.3, ""weak_hours_score_premium"": 0.5, ""sg_spread_penalty_rate"": 0.2, ""sg_off_hours_penalty"": 0.25, ""sg_volatility_penalty"": 0.05, ""sg_recent_loss_penalty"": 0.1}",5476,57.15,72.11,1.62,2710804.0,7.8,2.81,90.36,1.4936,45.3
p2_7ac9ada0,2,"{""timeframes"": [""M1"", ""M5"", ""M15"", ""H1"", ""H4""], ""regime_detection_tf"": ""H1"", ""htf_alignment_tfs"": [""H4""], ""consensus_threshold"": 3.0, ""max_positions"": 3, ""bonus_max_positions"": 0, ""consensus_primary_weight"": 2.0, ""consensus_entry_weight"": 1.0, ""consensus_confirm_weight"": 2.0, ""consensus_manage_weight"": 1.5, ""consensus_other_weight"": 0.5, ""trailing_start_r"": 2.5, ""trailing_atr_mult"": 2.0, ""stag_exit_minutes"": 180.0, ""partial_1r_ratio"": 0.05, ""early_be_r"": 0.5, ""signal_rev_ratio"": 0.5, ""tp_sl_ratio"": 1.2, ""sl_min_pips"": 8.0, ""range_day_bbw_threshold"": 0.25, ""range_day_score_premium"": 0.3, ""weak_hours_score_premium"": 0.5, ""sg_spread_penalty_rate"": 0.2, ""sg_off_hours_penalty"": 0.25, ""sg_volatility_penalty"": 0.05, ""sg_recent_loss_penalty"": 0.1}",5099,57.8,74.31,1.78,3215887.0,5.7,3.24,107.2,1.6785,47.3
p2_0cbc9ea6,2,"{""timeframes"": [""M1"", ""M5"", ""M15"", ""H1"", ""H4""], ""regime_detection_tf"": ""H1"", ""htf_alignment_tfs"": [""H4""], ""consensus_threshold"": 3.0, ""max_positions"": 3, ""bonus_max_positions"": 0, ""consensus_primary_weight"": 2.0, ""consensus_entry_weight"": 3.0, ""consensus_confirm_weight"": 4.0, ""consensus_manage_weight"": 0.5, ""consensus_other_weight"": 0.5, ""trailing_start_r"": 2.5, ""trailing_atr_mult"": 2.0, ""stag_exit_minutes"": 180.0, ""partial_1r_ratio"": 0.05, ""early_be_r"": 0.5, ""signal_rev_ratio"": 0.5, ""tp_sl_ratio"": 1.2, ""sl_min_pips"": 8.0, ""range_day_bbw_threshold"": 0.25, ""range_day_score_premium"": 0.3, ""weak_hours_score_premium"": 0.5, ""sg_spread_penalty_rate"": 0.2, ""sg_off_hours_penalty"": 0.25, ""sg_volatility_penalty"": 0.05, ""sg_recent_loss_penalty"": 0.1}",5590,57.26,72.54,1.64,2855490.0,8.52,2.91,95.18,1.5003,45.5
p2_fbc620d7,2,"{""timeframes"": [""M1"", ""M5"", ""M15"", ""H1"", ""H4""], ""regime_detection_tf"": ""H1"", ""htf_alignment_tfs"": [""H4""], ""consensus_threshold"": 3.0, ""max_positions"": 3, ""bonus_max_positions"": 0, ""consensus_primary_weight"": 2.5, ""consensus_entry_weight"": 1.0, ""consensus_confirm_weight"": 2.0, ""consensus_manage_weight"": 1.5, ""consensus_other_weight"": 2.0, ""trailing_start_r"": 2.5, ""trailing_atr_mult"": 2.0, ""stag_exit_minutes"": 180.0, ""partial_1r_ratio"": 0.05, ""early_be_r"": 0.5, ""signal_rev_ratio"": 0.5, ""tp_sl_ratio"": 1.2, ""sl_min_pips"": 8.0, ""range_day_bbw_threshold"": 0.25, ""range_day_score_premium"": 0.3, ""weak_hours_score_premium"": 0.5, ""sg_spread_penalty_rate"": 0.2, ""sg_off_hours_penalty"": 0.25, ""sg_volatility_penalty"": 0.05, ""sg_recent_loss_penalty"": 0.1}",5152,57.66,73.78,1.73,3108277.0,7.83,3.25,103.61,1.5945,47.1
p2_8df32407,2,"{""timeframes"": [""M1"", ""M5"", ""M15"", ""H1"", ""H4""], ""regime_detection_tf"": ""H1"", ""htf_alignment_tfs"": [""H4""], ""consensus_threshold"": 3.0, ""max_positions"": 3, ""bonus_max_positions"": 0, ""consensus_primary_weight"": 1.5, ""consensus_entry_weight"": 2.0, ""consensus_confirm_weight"": 3.0, ""consensus_manage_weight"": 0.5, ""consensus_other_weight"": 0.5, ""trailing_start_r"": 2.5, ""trailing_atr_mult"": 2.0, ""stag_exit_minutes"": 180.0, ""partial_1r_ratio"": 0.05, ""early_be_r"": 0.5, ""signal_rev_ratio"": 0.5, ""tp_sl_ratio"": 1.2, ""sl_min_pips"": 8.0, ""range_day_bbw_threshold"": 0.25, ""range_day_score_premium"": 0.3, ""weak_hours_score_premium"": 0.5, ""sg_spread_penalty_rate"": 0.2, ""sg_off_hours_penalty"": 0.25, ""sg_volatility_penalty"": 0.05, ""sg_recent_loss_penalty"": 0.1}",5527,58.32,73.84,1.72,3243215.0,8.71,3.21,108.11,1.5702,47.8
p2_baea7ff6,2,"{""timeframes"": [""M1"", ""M5"", ""M15"", ""H1"", ""H4""], ""regime_detection_tf"": ""H1"", ""htf_alignment_tfs"": [""H4""], ""consensus_threshold"": 3.0, ""max_positions"": 3, ""bonus_max_positions"": 0, ""consensus_primary_weight"": 2.5, ""consensus_entry_weight"": 3.0, ""consensus_confirm_weight"": 4.0, ""consensus_manage_weight"": 1.0, ""consensus_other_weight"": 1.0, ""trailing_start_r"": 2.5, ""trailing_atr_mult"": 2.0, ""stag_exit_minutes"": 180.0, ""partial_1r_ratio"": 0.05, ""early_be_r"": 0.5, ""signal_rev_ratio"": 0.5, ""tp_sl_ratio"": 1.2, ""sl_min_pips"": 8.0, ""range_day_bbw_threshold"": 0.25, ""range_day_score_premium"": 0.3, ""weak_hours_score_premium"": 0.5, ""sg_spread_penalty_rate"": 0.2, ""sg_off_hours_penalty"": 0.25, ""sg_volatility_penalty"": 0.05, ""sg_recent_loss_penalty"": 0.1}",5558,57.2,72.48,1.64,2854719.0,7.73,2.86,95.16,1.5132,45.5
p2_791a3bdc,2,"{""timeframes"": [""M1"", ""M5"", ""M15"", ""H1"", ""H4""], ""regime_detection_tf"": ""H1"", ""htf_alignment_tfs"": [""H4""], ""consensus_threshold"": 3.0, ""max_positions"": 3, ""bonus_max_positions"": 0, ""consensus_primary_weight"": 1.5, ""consensus_entry_weight"": 1.5, ""consensus_confirm_weight"": 2.0, ""consensus_manage_weight"": 1.0, ""consensus_other_weight"": 1.0, ""trailing_start_r"": 2.5, ""trailing_atr_mult"": 2.0, ""stag_exit_minutes"": 180.0, ""partial_1r_ratio"": 0.05, ""early_be_r"": 0.5, ""signal_rev_ratio"": 0.5, ""tp_sl_ratio"": 1.2, ""sl_min_pips"": 8.0, ""range_day_bbw_threshold"": 0.25, ""range_day_score_premium"": 0.3, ""weak_hours_score_premium"": 0.5, ""sg_spread_penalty_rate"": 0.2, ""sg_off_hours_penalty"": 0.25, ""sg_volatility_penalty"": 0.05, ""sg_recent_loss_penalty"": 0.1}",5119,57.58,74.36,1.78,3205437.0,6.01,3.35,106.85,1.673,48.4
p2_69346f22,2,"{""timeframes"": [""M1"", ""M5"", ""M15"", ""H1"", ""H4""], ""regime_detection_tf"": ""H1"", ""htf_alignment_tfs"": [""H4""], ""consensus_threshold"": 3.0, ""max_positions"": 3, ""bonus_max_positions"": 0, ""consensus_primary_weight"": 3.0, ""consensus_entry_weight"": 2.5, ""consensus_confirm_weight"": 3.0, ""consensus_manage_weight"": 0.5, ""consensus_other_weight"": 2.0, ""trailing_start_r"": 2.5, ""trailing_atr_mult"": 2.0, ""stag_exit_minutes"": 180.0, ""partial_1r_ratio"": 0.05, ""early_be_r"": 0.5, ""signal_rev_ratio"": 0.5, ""tp_sl_ratio"": 1.2, ""sl_min_pips"": 8.0, ""range_day_bbw_threshold"": 0.25, ""range_day_score_premium"": 0.3, ""weak_hours_score_premium"": 0.5, ""sg_spread_penalty_rate"": 0.2, ""sg_off_hours_penalty"": 0.25, ""sg_volatility_penalty"": 0.05, ""sg_recent_loss_penalty"": 0.1}",5511,57.15,72.93,1.67,2935463.0,9.05,2.92,97.85,1.5189,45.6
p2_de28923d,2,"{""timeframes"": [""M1"", ""M5"", ""M15"", ""H1"", ""H4""], ""regime_detection_tf"": ""H1"", ""htf_alignment_tfs"": [""H4""], ""consensus_threshold"": 3.0, ""max_positions"": 3, ""bonus_max_positions"": 0, ""consensus_primary_weight"": 3.0, ""consensus_entry_weight"": 2.0, ""consensus_confirm_weight"": 3.0, ""consensus_manage_weight"": 1.0, ""consensus_other_weight"": 0.5, ""trailing_start_r"": 2.5, ""trailing_atr_mult"": 2.0, ""stag_exit_minutes"": 180.0, ""partial_1r_ratio"": 0.05, ""early_be_r"": 0.5, ""signal_rev_ratio"": 0.5, ""tp_sl_ratio"": 1.2, ""sl_min_pips"": 8.0, ""range_day_bbw_threshold"": 0.25, ""range_day_score_premium"": 0.3, ""weak_hours_score_premium"": 0.5, ""sg_spread_penalty_rate"": 0.2, ""sg_off_hours_penalty"": 0.25, ""sg_volatility_penalty"": 0.05, ""sg_recent_loss_penalty"": 0.1}",5498,57.09,72.88,1.69,3008834.0,8.46,2.98,100.29,1.547,45.6
p2_60f8524e,2,"{""timeframes"": [""M1"", ""M5"", ""M15"", ""H1"", ""H4""], ""regime_detection_tf"": ""H1"", ""htf_alignment_tfs"": [""H4""], ""consensus_threshold"": 3.0, ""max_positions"": 3, ""bonus_max_positions"": 0, ""consensus_primary_weight"": 2.0, ""consensus_entry_weight"": 1.5, ""consensus_confirm_weight"": 3.0, ""consensus_manage_weight"": 0.5, ""consensus_other_weight"": 1.0, ""trailing_start_r"": 2.5, ""trailing_atr_mult"": 1.0, ""stag_exit_minutes"": 60.0, ""partial_1r_ratio"": 0.1, ""early_be_r"": 0.5, ""signal_rev_ratio"": 0.25, ""tp_sl_ratio"": 1.2, ""sl_min_pips"": 8.0, ""range_day_bbw_threshold"": 0.25, ""range_day_score_premium"": 0.3, ""weak_hours_score_premium"": 0.5, ""sg_spread_penalty_rate"": 0.2, ""sg_off_hours_penalty"": 0.25, ""sg_volatility_penalty"": 0.05, ""sg_recent_loss_penalty"": 0.1}",4800,51.78,65.33,1.57,2239365.0,8.69,2.21,74.65,1.4336,44.0
p2_ace891a7,2,"{""timeframes"": [""M1"", ""M5"", ""M15"", ""H1"", ""H4""], ""regime_detection_tf"": ""H1"", ""htf_alignment_tfs"": [""H4""], ""consensus_threshold"": 3.0, ""max_positions"": 3, ""bonus_max_positions"": 0, ""consensus_primary_weight"": 2.0, ""consensus_entry_weight"": 1.5, ""consensus_confirm_weight"": 3.0, ""consensus_manage_weight"": 0.5, ""consensus_other_weight"": 1.0, ""trailing_start_r"": 2.5, ""trailing_atr_mult"": 1.5, ""stag_exit_minutes"": 60.0, ""partial_1r_ratio"": 0.05, ""early_be_r"": 0.5, ""signal_rev_ratio"": 0.75, ""tp_sl_ratio"": 1.2, ""sl_min_pips"": 8.0, ""range_day_bbw_threshold"": 0.25, ""range_day_score_premium"": 0.3, ""weak_hours_score_premium"": 0.5, ""sg_spread_penalty_rate"": 0.2, ""sg_off_hours_penalty"": 0.25, ""sg_volatility_penalty"": 0.05, ""sg_recent_loss_penalty"": 0.1}",4679,51.22,65.0,1.6,2283906.0,8.91,2.14,76.13,1.4574,42.7
p2_9d3b5ab3,2,"{""timeframes"": [""M1"", ""M5"", ""M15"", ""H1"", ""H4""], ""regime_detection_tf"": ""H1"", ""htf_alignment_tfs"": [""H4""], ""consensus_threshold"": 3.0, ""max_positions"": 3, ""bonus_max_positions"": 0, ""consensus_primary_weight"": 2.0, ""consensus_entry_weight"": 1.5, ""consensus_confirm_weight"": 3.0, ""consensus_manage_weight"": 0.5, ""consensus_other_weight"": 1.0, ""trailing_start_r"": 0.5, ""trailing_atr_mult"": 1.5, ""stag_exit_minutes"": 120.0, ""partial_1r_ratio"": 0.1, ""early_be_r"": 0.3, ""signal_rev_ratio"": 0.5, ""tp_sl_ratio"": 1.2, ""sl_min_pips"": 8.0, ""range_day_bbw_threshold"": 0.25, ""range_day_score_premium"": 0.3, ""weak_hours_score_premium"": 0.5, ""sg_spread_penalty_rate"": 0.2, ""sg_off_hours_penalty"": 0.25, ""sg_volatility_penalty"": 0.05, ""sg_recent_loss_penalty"": 0.1}",5750,57.2,70.99,1.72,3190122.0,6.28,3.79,106.34,1.612,46.5
p2_68c68cb6,2,"{""timeframes"": [""M1"", ""M5"", ""M15"", ""H1"", ""H4""], ""regime_detection_tf"": ""H1"", ""htf_alignment_tfs"": [""H4""], ""consensus_threshold"": 3.0, ""max_positions"": 3, ""bonus_max_positions"": 0, ""consensus_primary_weight"": 2.0, ""consensus_entry_weight"": 1.5, ""consensus_confirm_weight"": 3.0, ""consensus_manage_weight"": 0.5, ""consensus_other_weight"": 1.0, ""trailing_start_r"": 0.5, ""trailing_atr_mult"": 2.0, ""stag_exit_minutes"": 240.0, ""partial_1r_ratio"": 0.05, ""early_be_r"": 0.3, ""signal_rev_ratio"": 0.0, ""tp_sl_ratio"": 1.2, ""sl_min_pips"": 8.0, ""range_day_bbw_threshold"": 0.25, ""range_day_score_premium"": 0.3, ""weak_hours_score_premium"": 0.5, ""sg_spread_penalty_rate"": 0.2, ""sg_off_hours_penalty"": 0.25, ""sg_volatility_penalty"": 0.05, ""sg_recent_loss_penalty"": 0.1}",5737,60.16,74.74,1.84,3803777.0,5.88,4.25,126.79,1.7318,47.7
p2_18cd25fb,2,"{""timeframes"": [""M1"", ""M5"", ""M15"", ""H1"", ""H4""], ""regime_detection_tf"": ""H1"", ""htf_alignment_tfs"": [""H4""], ""consensus_threshold"": 3.0, ""max_positions"": 3, ""bonus_max_positions"": 0, ""consensus_primary_weight"": 2.0, ""consensus_entry_weight"": 1.5, ""consensus_confirm_weight"": 3.0, ""consensus_manage_weight"": 0.5, ""consensus_other_weight"": 1.0, ""trailing_start_r"": 1.5, ""trailing_atr_mult"": 1.0, ""stag_exit_minutes"": 120.0, ""partial_1r_ratio"": 0.0, ""early_be_r"": 0.7, ""signal_rev_ratio"": 0.75, ""tp_sl_ratio"": 1.2, ""sl_min_pips"": 8.0, ""range_day_bbw_threshold"": 0.25, ""range_day_score_premium"": 0.3, ""weak_hours_score_premium"": 0.5, ""sg_spread_penalty_rate"": 0.2, ""sg_off_hours_penalty"": 0.25, ""sg_volatility_penalty"": 0.05, ""sg_recent_loss_penalty"": 0.1}",4096,46.97,61.37,1.74,3184330.0,8.83,3.22,106.14,1.4902,45.7
p2_a45e6543,2,"{""timeframes"": [""M1"", ""M5"", ""M15"", ""H1"", ""H4""], ""regime_detection_tf"": ""H1"", ""htf_alignment_tfs"": [""H4""], ""consensus_threshold"": 3.0, ""max_positions"": 3, ""bonus_max_positions"": 0, ""consensus_primary_weight"": 2.0, ""consensus_entry_weight"": 1.5, ""consensus_confirm_weight"": 3.0, ""consensus_manage_weight"": 0.5, ""consensus_other_weight"": 1.0, ""trailing_start_r"": 2.0, ""trailing_atr_mult"": 2.5, ""stag_exit_minutes"": 180.0, ""partial_1r_ratio"": 0.05, ""early_be_r"": 1.0, ""signal_rev_ratio"": 0.25, ""tp_sl_ratio"": 1.2, ""sl_min_pips"": 8.0, ""range_day_bbw_threshold"": 0.25, ""range_day_score_premium"": 0.3, ""weak_hours_score_premium"": 0.5, ""sg_spread_penalty_rate"": 0.2, ""sg_off_hours_penalty"": 0.25, ""sg_volatility_penalty"": 0.05, ""sg_recent_loss_penalty"": 0.1}",5259,61.32,70.69,1.6,2807495.0,8.84,2.83,93.58,1.4586,46.9
p2_fda3836f,2,"{""timeframes"": [""M1"", ""M5"", ""M15"", ""H1"", ""H4""], ""regime_detection_tf"": ""H1"", ""htf_alignment_tfs"": [""H4""], ""consensus_threshold"": 3.0, ""max_positions"": 3, ""bonus_max_positions"": 0, ""consensus_primary_weight"": 2.0, ""consensus_entry_weight"": 1.5, ""consensus_confirm_weight"": 3.0, ""consensus_manage_weight"": 0.5, ""consensus_other_weight"": 1.0, ""trailing_start_r"": 2.0, ""trailing_atr_mult"": 2.5, ""stag_exit_minutes"": 30.0, ""partial_1r_ratio"": 0.0, ""early_be_r"": 0.7, ""signal_rev_ratio"": 0.25, ""tp_sl_ratio"": 1.2, ""sl_min_pips"": 8.0, ""range_day_bbw_threshold"": 0.25, ""range_day_score_premium"": 0.3, ""weak_hours_score_premium"": 0.5, ""sg_spread_penalty_rate"": 0.2, ""sg_off_hours_penalty"": 0.25, ""sg_volatility_penalty"": 0.05, ""sg_recent_loss_penalty"": 0.1}",3067,38.39,48.49,1.43,1344549.0,8.28,1.52,44.82,1.007,39.2
p2_7eff7aac,2,"{""timeframes"": [""M1"", ""M5"", ""M15"", ""H1"", ""H4""], ""regime_detection_tf"": ""H1"", ""htf_alignment_tfs"": [""H4""], ""consensus_threshold"": 3.0, ""max_positions"": 3, ""bonus_max_positions"": 0, ""consensus_primary_weight"": 2.0, ""consensus_entry_weight"": 1.5, ""consensus_confirm_weight"": 3.0, ""consensus_manage_weight"": 0.5, ""consensus_other_weight"": 1.0, ""trailing_start_r"": 1.5, ""trailing_atr_mult"": 1.0, ""stag_exit_minutes"": 180.0, ""partial_1r_ratio"": 0.0, ""early_be_r"": 1.0, ""signal_rev_ratio"": 0.0, ""tp_sl_ratio"": 1.2, ""sl_min_pips"": 8.0, ""range_day_bbw_threshold"": 0.25, ""range_day_score_premium"": 0.3, ""weak_hours_score_premium"": 0.5, ""sg_spread_penalty_rate"": 0.2, ""sg_off_hours_penalty"": 0.25, ""sg_volatility_penalty"": 0.05, ""sg_recent_loss_penalty"": 0.1}",3976,49.83,60.41,1.69,3381418.0,8.99,3.27,112.71,1.5328,45.9
p2_6d8f281a,2,"{""timeframes"": [""M1"", ""M5"", ""M15"", ""H1"", ""H4""], ""regime_detection_tf"": ""H1"", ""htf_alignment_tfs"": [""H4""], ""consensus_threshold"": 3.0, ""max_positions"": 3, ""bonus_max_positions"": 0, ""consensus_primary_weight"": 2.0, ""consensus_entry_weight"": 1.5, ""consensus_confirm_weight"": 3.0, ""consensus_manage_weight"": 0.5, ""consensus_other_weight"": 1.0, ""trailing_start_r"": 1.0, ""trailing_atr_mult"": 1.5, ""stag_exit_minutes"": 240.0, ""partial_1r_ratio"": 0.15, ""early_be_r"": 0.5, ""signal_rev_ratio"": 0.5, ""tp_sl_ratio"": 1.2, ""sl_min_pips"": 8.0, ""range_day_bbw_threshold"": 0.25, ""range_day_score_premium"": 0.3, ""weak_hours_score_premium"": 0.5, ""sg_spread_penalty_rate"": 0.2, ""sg_off_hours_penalty"": 0.25, ""sg_volatility_penalty"": 0.05, ""sg_recent_loss_penalty"": 0.1}",5697,59.64,73.71,1.71,3348860.0,7.32,3.65,111.63,1.5848,46.8
p2_1a9c5474,2,"{""timeframes"": [""M1"", ""M5"", ""M15"", ""H1"", ""H4""], ""regime_detection_tf"": ""H1"", ""htf_alignment_tfs"": [""H4""], ""consensus_threshold"": 3.0, ""max_positions"": 3, ""bonus_max_positions"": 0, ""consensus_primary_weight"": 2.0, ""consensus_entry_weight"": 1.5, ""consensus_confirm_weight"": 3.0, ""consensus_manage_weight"": 0.5, ""consensus_other_weight"": 1.0, ""trailing_start_r"": 1.0, ""trailing_atr_mult"": 2.0, ""stag_exit_minutes"": 30.0, ""partial_1r_ratio"": 0.15, ""early_be_r"": 0.3, ""signal_rev_ratio"": 0.0, ""tp_sl_ratio"": 1.2, ""sl_min_pips"": 8.0, ""range_day_bbw_threshold"": 0.25, ""range_day_score_premium"": 0.3, ""weak_hours_score_premium"": 0.5, ""sg_spread_penalty_rate"": 0.2, ""sg_off_hours_penalty"": 0.25, ""sg_volatility_penalty"": 0.05, ""sg_recent_loss_penalty"": 0.1}",3799,43.38,55.67,1.36,1228520.0,10.28,1.29,40.95,1.0586,40.7
p2_108c4a3e,2,"{""timeframes"": [""M1"", ""M5"", ""M15"", ""H1"", ""H4""], ""regime_detection_tf"": ""H1"", ""htf_alignment_tfs"": [""H4""], ""consensus_threshold"": 2.0, ""max_positions"": 3, ""bonus_max_positions"": 0, ""consensus_primary_weight"": 2.0, ""consensus_entry_weight"": 1.5, ""consensus_confirm_weight"": 3.0, ""consensus_manage_weight"": 0.5, ""consensus_other_weight"": 1.0, ""trailing_start_r"": 2.5, ""trailing_atr_mult"": 2.0, ""stag_exit_minutes"": 180.0, ""partial_1r_ratio"": 0.05, ""early_be_r"": 0.5, ""signal_rev_ratio"": 0.5, ""tp_sl_ratio"": 1.2, ""sl_min_pips"": 8.0, ""range_day_bbw_threshold"": 0.25, ""range_day_score_premium"": 0.3, ""weak_hours_score_premium"": 0.5, ""sg_spread_penalty_rate"": 0.2, ""sg_off_hours_penalty"": 0.25, ""sg_volatility_penalty"": 0.05, ""sg_recent_loss_penalty"": 0.1}",5713,58.7,73.78,1.74,3289307.0,8.67,3.25,109.64,1.5891,46.5
p2_44585dfa,2,"{""timeframes"": [""M1"", ""M5"", ""M15"", ""H1"", ""H4""], ""regime_detection_tf"": ""H1"", ""htf_alignment_tfs"": [""H4""], ""consensus_threshold"": 2.75, ""max_positions"": 3, ""bonus_max_positions"": 0, ""consensus_primary_weight"": 2.0, ""consensus_entry_weight"": 1.5, ""consensus_confirm_weight"": 3.0, ""consensus_manage_weight"": 0.5, ""consensus_other_weight"": 1.0, ""trailing_start_r"": 2.5, ""trailing_atr_mult"": 2.0, ""stag_exit_minutes"": 180.0, ""partial_1r_ratio"": 0.05, ""early_be_r"": 0.5, ""signal_rev_ratio"": 0.5, ""tp_sl_ratio"": 1.2, ""sl_min_pips"": 8.0, ""range_day_bbw_threshold"": 0.25, ""range_day_score_premium"": 0.3, ""weak_hours_score_premium"": 0.5, ""sg_spread_penalty_rate"": 0.2, ""sg_off_hours_penalty"": 0.25, ""sg_volatility_penalty"": 0.05, ""sg_recent_loss_penalty"": 0.1}",5522,58.04,73.62,1.72,3134350.0,10.03,3.13,104.48,1.5475,46.2
p2_35f869af,2,"{""timeframes"": [""M1"", ""M5"", ""M15"", ""H1"", ""H4""], ""regime_detection_tf"": ""H1"", ""htf_alignment_tfs"": [""H4""], ""consensus_threshold"": 3.25, ""max_positions"": 3, ""bonus_max_positions"": 0, ""consensus_primary_weight"": 2.0, ""consensus_entry_weight"": 1.5, ""consensus_confirm_weight"": 3.0, ""consensus_manage_weight"": 0.5, ""consensus_other_weight"": 1.0, ""trailing_start_r"": 2.5, ""trailing_atr_mult"": 2.0, ""stag_exit_minutes"": 180.0, ""partial_1r_ratio"": 0.05, ""early_be_r"": 0.5, ""signal_rev_ratio"": 0.5, ""tp_sl_ratio"": 1.2, ""sl_min_pips"": 8.0, ""range_day_bbw_threshold"": 0.25, ""range_day_score_premium"": 0.3, ""weak_hours_score_premium"": 0.5, ""sg_spread_penalty_rate"": 0.2, ""sg_off_hours_penalty"": 0.25, ""sg_volatility_penalty"": 0.05, ""sg_recent_loss_penalty"": 0.1}",5551,58.21,73.79,1.73,3146657.0,8.46,3.24,104.89,1.5836,46.8
p2_54400dce,2,"{""timeframes"": [""M1"", ""M5"", ""M15"", ""H1"", ""H4""], ""regime_detection_tf"": ""H1"", ""htf_alignment_tfs"": [""H4""], ""consensus_threshold"": 3.5, ""max_positions"": 3, ""bonus_max_positions"": 0, ""consensus_primary_weight"": 2.0, ""consensus_entry_weight"": 1.5, ""consensus_confirm_weight"": 3.0, ""consensus_manage_weight"": 0.5, ""consensus_other_weight"": 1.0, ""trailing_start_r"": 2.5, ""trailing_atr_mult"": 2.0, ""stag_exit_minutes"": 180.0, ""partial_1r_ratio"": 0.05, ""early_be_r"": 0.5, ""signal_rev_ratio"": 0.5, ""tp_sl_ratio"": 1.2, ""sl_min_pips"": 8.0, ""range_day_bbw_threshold"": 0.25, ""range_day_score_premium"": 0.3, ""weak_hours_score_premium"": 0.5, ""sg_spread_penalty_rate"": 0.2, ""sg_off_hours_penalty"": 0.25, ""sg_volatility_penalty"": 0.05, ""sg_recent_loss_penalty"": 0.1}",5470,57.69,73.48,1.66,2857123.0,8.41,2.98,95.24,1.5204,47.6
p2_70701752,2,"{""timeframes"": [""M1"", ""M5"", ""M15"", ""H1"", ""H4""], ""regime_detection_tf"": ""H1"", ""htf_alignment_tfs"": [""H4""], ""consensus_threshold"": 4.0, ""max_positions"": 3, ""bonus_max_positions"": 0, ""consensus_primary_weight"": 2.0, ""consensus_entry_weight"": 1.5, ""consensus_confirm_weight"": 3.0, ""consensus_manage_weight"": 0.5, ""consensus_other_weight"": 1.0, ""trailing_start_r"": 2.5, ""trailing_atr_mult"": 2.0, ""stag_exit_minutes"": 180.0, ""partial_1r_ratio"": 0.05, ""early_be_r"": 0.5, ""signal_rev_ratio"": 0.5, ""tp_sl_ratio"": 1.2, ""sl_min_pips"": 8.0, ""range_day_bbw_threshold"": 0.25, ""range_day_score_premium"": 0.3, ""weak_hours_score_premium"": 0.5, ""sg_spread_penalty_rate"": 0.2, ""sg_off_hours_penalty"": 0.25, ""sg_volatility_penalty"": 0.05, ""sg_recent_loss_penalty"": 0.1}",5260,57.23,73.29,1.63,2661835.0,8.42,2.87,88.73,1.4928,47.0
p2_b83422b5,2,"{""timeframes"": [""M1"", ""M5"", ""M15"", ""H1"", ""H4""], ""regime_detection_tf"": ""H1"", ""htf_alignment_tfs"": [""H4""], ""consensus_threshold"": 3.0, ""max_positions"": 3, ""bonus_max_positions"": 0, ""consensus_primary_weight"": 2.0, ""consensus_entry_weight"": 1.5, ""consensus_confirm_weight"": 3.0, ""consensus_manage_weight"": 0.5, ""consensus_other_weight"": 1.0, ""trailing_start_r"": 2.5, ""trailing_atr_mult"": 2.0, ""stag_exit_minutes"": 180.0, ""partial_1r_ratio"": 0.05, ""early_be_r"": 0.5, ""signal_rev_ratio"": 0.5, ""tp_sl_ratio"": 1.5, ""sl_min_pips"": 10.0, ""range_day_bbw_threshold"": 0.25, ""range_day_score_premium"": 0.3, ""weak_hours_score_premium"": 0.3, ""sg_spread_penalty_rate"": 0.3, ""sg_off_hours_penalty"": 0.3, ""sg_volatility_penalty"": 0.05, ""sg_recent_loss_penalty"": 0.1}",5470,57.81,73.43,1.72,3109886.0,9.7,3.13,103.66,1.5532,46.7
p2_2a8269b1,2,"{""timeframes"": [""M1"", ""M5"", ""M15"", ""H1"", ""H4""], ""regime_detection_tf"": ""H1"", ""htf_alignment_tfs"": [""H4""], ""consensus_threshold"": 3.0, ""max_positions"": 3, ""bonus_max_positions"": 0, ""consensus_primary_weight"": 2.0, ""consensus_entry_weight"": 1.5, ""consensus_confirm_weight"": 3.0, ""consensus_manage_weight"": 0.5, ""consensus_other_weight"": 1.0, ""trailing_start_r"": 2.5, ""trailing_atr_mult"": 2.0, ""stag_exit_minutes"": 180.0, ""partial_1r_ratio"": 0.05, ""early_be_r"": 0.5, ""signal_rev_ratio"": 0.5, ""tp_sl_ratio"": 1.0, ""sl_min_pips"": 8.0, ""range_day_bbw_threshold"": 0.25, ""range_day_score_premium"": 0.3, ""weak_hours_score_premium"": 0.7, ""sg_spread_penalty_rate"": 0.1, ""sg_off_hours_penalty"": 0.1, ""sg_volatility_penalty"": 0.05, ""sg_recent_loss_penalty"": 0.1}",5405,57.66,73.01,1.69,2999544.0,7.84,3.04,99.98,1.5575,47.2
p2_f22e5863,2,"{""timeframes"": [""M1"", ""M5"", ""M15"", ""H1"", ""H4""], ""regime_detection_tf"": ""H1"", ""htf_alignment_tfs"": [""H4""], ""consensus_threshold"": 3.0, ""max_positions"": 3, ""bonus_max_positions"": 0, ""consensus_primary_weight"": 2.0, ""consensus_entry_weight"": 1.5, ""consensus_confirm_weight"": 3.0, ""consensus_manage_weight"": 0.5, ""consensus_other_weight"": 1.0, ""trailing_start_r"": 2.5, ""trailing_atr_mult"": 2.0, ""stag_exit_minutes"": 180.0, ""partial_1r_ratio"": 0.05, ""early_be_r"": 0.5, ""signal_rev_ratio"": 0.5, ""tp_sl_ratio"": 1.2, ""sl_min_pips"": 5.0, ""range_day_bbw_threshold"": 0.25, ""range_day_score_premium"": 0.3, ""weak_hours_score_premium"": 0.5, ""sg_spread_penalty_rate"": 0.5, ""sg_off_hours_penalty"": 0.15, ""sg_volatility_penalty"": 0.05, ""sg_recent_loss_penalty"": 0.1}",5511,58.09,73.63,1.73,3163193.0,9.23,3.17,105.44,1.5703,46.5
p2_a65cb66b,2,"{""timeframes"": [""M1"", ""M5"", ""M15"", ""H1"", ""H4""], ""regime_detection_tf"": ""H1"", ""htf_alignment_tfs"": [""H4""], ""consensus_threshold"": 3.0, ""max_positions"": 3, ""bonus_max_positions"": 0, ""consensus_primary_weight"": 2.0, ""consensus_entry_weight"": 1.5, ""consensus_confirm_weight"": 3.0, ""consensus_manage_weight"": 0.5, ""consensus_other_weight"": 1.0, ""trailing_start_r"": 2.5, ""trailing_atr_mult"": 2.0, ""stag_exit_minutes"": 180.0, ""partial_1r_ratio"": 0.05, ""early_be_r"": 0.5, ""signal_rev_ratio"": 0.5, ""tp_sl_ratio"": 0.8, ""sl_min_pips"": 12.0, ""range_day_bbw_threshold"": 0.25, ""range_day_score_premium"": 0.3, ""weak_hours_score_premium"": 0.0, ""sg_spread_penalty_rate"": 0.2, ""sg_off_hours_penalty"": 0.25, ""sg_volatility_penalty"": 0.05, ""sg_recent_loss_penalty"": 0.1}",5239,57.09,71.01,1.58,2647784.0,8.73,2.66,88.26,1.4421,46.4
p2_34ddd92c,2,"{""timeframes"": [""M1"", ""M15"", ""H1"", ""H4""], ""regime_detection_tf"": ""H1"", ""htf_alignment_tfs"": [""H4""], ""consensus_threshold"": 5.0, ""max_positions"": 2, ""bonus_max_positions"": 0, ""consensus_primary_weight"": 2.0, ""consensus_entry_weight"": 1.5, ""consensus_confirm_weight"": 5.0, ""consensus_manage_weight"": 1.5, ""consensus_other_weight"": 2.0, ""trailing_start_r"": 2.5, ""trailing_atr_mult"": 2.0, ""stag_exit_minutes"": 180.0, ""partial_1r_ratio"": 0.05, ""early_be_r"": 0.5, ""signal_rev_ratio"": 0.5, ""tp_sl_ratio"": 1.2, ""sl_min_pips"": 8.0, ""range_day_bbw_threshold"": 0.25, ""range_day_score_premium"": 0.3, ""weak_hours_score_premium"": 0.5, ""sg_spread_penalty_rate"": 0.2, ""sg_off_hours_penalty"": 0.25, ""sg_volatility_penalty"": 0.05, ""sg_recent_loss_penalty"": 0.1}",2262,65.42,77.57,2.71,2020559.0,2.18,4.78,67.35,2.6509,47.8
p2_37d42e21,2,"{""timeframes"": [""M1"", ""M15"", ""H1"", ""H4""], ""regime_detection_tf"": ""H1"", ""htf_alignment_tfs"": [""H4""], ""consensus_threshold"": 5.0, ""max_positions"": 2, ""bonus_max_positions"": 0, ""consensus_primary_weight"": 1.5, ""consensus_entry_weight"": 2.5, ""consensus_confirm_weight"": 5.0, ""consensus_manage_weight"": 0.5, ""consensus_other_weight"": 1.0, ""trailing_start_r"": 2.5, ""trailing_atr_mult"": 2.0, ""stag_exit_minutes"": 180.0, ""partial_1r_ratio"": 0.05, ""early_be_r"": 0.5, ""signal_rev_ratio"": 0.5, ""tp_sl_ratio"": 1.2, ""sl_min_pips"": 8.0, ""range_day_bbw_threshold"": 0.25, ""range_day_score_premium"": 0.3, ""weak_hours_score_premium"": 0.5, ""sg_spread_penalty_rate"": 0.2, ""sg_off_hours_penalty"": 0.25, ""sg_volatility_penalty"": 0.05, ""sg_recent_loss_penalty"": 0.1}",2152,65.61,77.44,2.84,1974206.0,2.08,4.85,65.81,2.7809,48.3
p2_7bb21dff,2,"{""timeframes"": [""M1"", ""M15"", ""H1"", ""H4""], ""regime_detection_tf"": ""H1"", ""htf_alignment_tfs"": [""H4""], ""consensus_threshold"": 5.0, ""max_positions"": 2, ""bonus_max_positions"": 0, ""consensus_primary_weight"": 2.0, ""consensus_entry_weight"": 1.0, ""consensus_confirm_weight"": 2.0, ""consensus_manage_weight"": 1.5, ""consensus_other_weight"": 0.5, ""trailing_start_r"": 2.5, ""trailing_atr_mult"": 2.0, ""stag_exit_minutes"": 180.0, ""partial_1r_ratio"": 0.05, ""early_be_r"": 0.5, ""signal_rev_ratio"": 0.5, ""tp_sl_ratio"": 1.2, ""sl_min_pips"": 8.0, ""range_day_bbw_threshold"": 0.25, ""range_day_score_premium"": 0.3, ""weak_hours_score_premium"": 0.5, ""sg_spread_penalty_rate"": 0.2, ""sg_off_hours_penalty"": 0.25, ""sg_volatility_penalty"": 0.05, ""sg_recent_loss_penalty"": 0.1}",507,69.73,82.26,5.29,570705.0,1.34,3.47,19.02,4.6461,48.5
p2_11cd59ed,2,"{""timeframes"": [""M1"", ""M15"", ""H1"", ""H4""], ""regime_detection_tf"": ""H1"", ""htf_alignment_tfs"": [""H4""], ""consensus_threshold"": 5.0, ""max_positions"": 2, ""bonus_max_positions"": 0, ""consensus_primary_weight"": 2.0, ""consensus_entry_weight"": 3.0, ""consensus_confirm_weight"": 4.0, ""consensus_manage_weight"": 0.5, ""consensus_other_weight"": 0.5, ""trailing_start_r"": 2.5, ""trailing_atr_mult"": 2.0, ""stag_exit_minutes"": 180.0, ""partial_1r_ratio"": 0.05, ""early_be_r"": 0.5, ""signal_rev_ratio"": 0.5, ""tp_sl_ratio"": 1.2, ""sl_min_pips"": 8.0, ""range_day_bbw_threshold"": 0.25, ""range_day_score_premium"": 0.3, ""weak_hours_score_premium"": 0.5, ""sg_spread_penalty_rate"": 0.2, ""sg_off_hours_penalty"": 0.25, ""sg_volatility_penalty"": 0.05, ""sg_recent_loss_penalty"": 0.1}",1980,66.08,78.09,3.03,1793225.0,1.94,4.75,59.77,2.9712,48.4
p2_5db46598,2,"{""timeframes"": [""M1"", ""M15"", ""H1"", ""H4""], ""regime_detection_tf"": ""H1"", ""htf_alignment_tfs"": [""H4""], ""consensus_threshold"": 5.0, ""max_positions"": 2, ""bonus_max_positions"": 0, ""consensus_primary_weight"": 2.5, ""consensus_entry_weight"": 1.0, ""consensus_confirm_weight"": 2.0, ""consensus_manage_weight"": 1.5, ""consensus_other_weight"": 2.0, ""trailing_start_r"": 2.5, ""trailing_atr_mult"": 2.0, ""stag_exit_minutes"": 180.0, ""partial_1r_ratio"": 0.05, ""early_be_r"": 0.5, ""signal_rev_ratio"": 0.5, ""tp_sl_ratio"": 1.2, ""sl_min_pips"": 8.0, ""range_day_bbw_threshold"": 0.25, ""range_day_score_premium"": 0.3, ""weak_hours_score_premium"": 0.5, ""sg_spread_penalty_rate"": 0.2, ""sg_off_hours_penalty"": 0.25, ""sg_volatility_penalty"": 0.05, ""sg_recent_loss_penalty"": 0.1}",809,67.7,80.13,3.43,736883.0,1.57,3.61,24.56,3.1925,48.5
p2_925ccc00,2,"{""timeframes"": [""M1"", ""M15"", ""H1"", ""H4""], ""regime_detection_tf"": ""H1"", ""htf_alignment_tfs"": [""H4""], ""consensus_threshold"": 5.0, ""max_positions"": 2, ""bonus_max_positions"": 0, ""consensus_primary_weight"": 1.5, ""consensus_entry_weight"": 2.0, ""consensus_confirm_weight"": 3.0, ""consensus_manage_weight"": 0.5, ""consensus_other_weight"": 0.5, ""trailing_start_r"": 2.5, ""trailing_atr_mult"": 2.0, ""stag_exit_minutes"": 180.0, ""partial_1r_ratio"": 0.05, ""early_be_r"": 0.5, ""signal_rev_ratio"": 0.5, ""tp_sl_ratio"": 1.2, ""sl_min_pips"": 8.0, ""range_day_bbw_threshold"": 0.25, ""range_day_score_premium"": 0.3, ""weak_hours_score_premium"": 0.5, ""sg_spread_penalty_rate"": 0.2, ""sg_off_hours_penalty"": 0.25, ""sg_volatility_penalty"": 0.05, ""sg_recent_loss_penalty"": 0.1}",1209,65.01,77.44,3.32,1034193.0,2.19,4.01,34.47,3.2473,48.7
p2_6e163f56,2,"{""timeframes"": [""M1"", ""M15"", ""H1"", ""H4""], ""regime_detection_tf"": ""H1"", ""htf_alignment_tfs"": [""H4""], ""consensus_threshold"": 5.0, ""max_positions"": 2, ""bonus_max_positions"": 0, ""consensus_primary_weight"": 2.5, ""consensus_entry_weight"": 3.0, ""consensus_confirm_weight"": 4.0, ""consensus_manage_weight"": 1.0, ""consensus_other_weight"": 1.0, ""trailing_start_r"": 2.5, ""trailing_atr_mult"": 2.0, ""stag_exit_minutes"": 180.0, ""partial_1r_ratio"": 0.05, ""early_be_r"": 0.5, ""signal_rev_ratio"": 0.5, ""tp_sl_ratio"": 1.2, ""sl_min_pips"": 8.0, ""range_day_bbw_threshold"": 0.25, ""range_day_score_premium"": 0.3, ""weak_hours_score_premium"": 0.5, ""sg_spread_penalty_rate"": 0.2, ""sg_off_hours_penalty"": 0.25, ""sg_volatility_penalty"": 0.05, ""sg_recent_loss_penalty"": 0.1}",2047,66.08,77.55,3.04,1921581.0,2.23,4.83,64.05,2.9722,47.5
p2_f71a571c,2,"{""timeframes"": [""M1"", ""M15"", ""H1"", ""H4""], ""regime_detection_tf"": ""H1"", ""htf_alignment_tfs"": [""H4""], ""consensus_threshold"": 5.0, ""max_positions"": 2, ""bonus_max_positions"": 0, ""consensus_primary_weight"": 1.5, ""consensus_entry_weight"": 1.5, ""consensus_confirm_weight"": 2.0, ""consensus_manage_weight"": 1.0, ""consensus_other_weight"": 1.0, ""trailing_start_r"": 2.5, ""trailing_atr_mult"": 2.0, ""stag_exit_minutes"": 180.0, ""partial_1r_ratio"": 0.05, ""early_be_r"": 0.5, ""signal_rev_ratio"": 0.5, ""tp_sl_ratio"": 1.2, ""sl_min_pips"": 8.0, ""range_day_bbw_threshold"": 0.25, ""range_day_score_premium"": 0.3, ""weak_hours_score_premium"": 0.5, ""sg_spread_penalty_rate"": 0.2, ""sg_off_hours_penalty"": 0.25, ""sg_volatility_penalty"": 0.05, ""sg_recent_loss_penalty"": 0.1}",151,63.79,81.12,4.91,149005.0,1.4,1.73,4.97,1.8268,50.2
p2_95ea16f7,2,"{""timeframes"": [""M1"", ""M15"", ""H1"", ""H4""], ""regime_detection_tf"": ""H1"", ""htf_alignment_tfs"": [""H4""], ""consensus_threshold"": 5.0, ""max_positions"": 2, ""bonus_max_positions"": 0, ""consensus_primary_weight"": 3.0, ""consensus_entry_weight"": 2.5, ""consensus_confirm_weight"": 3.0, ""consensus_manage_weight"": 0.5, ""consensus_other_weight"": 2.0, ""trailing_start_r"": 2.5, ""trailing_atr_mult"": 2.0, ""stag_exit_minutes"": 180.0, ""partial_1r_ratio"": 0.05, ""early_be_r"": 0.5, ""signal_rev_ratio"": 0.5, ""tp_sl_ratio"": 1.2, ""sl_min_pips"": 8.0, ""range_day_bbw_threshold"": 0.25, ""range_day_score_premium"": 0.3, ""weak_hours_score_premium"": 0.5, ""sg_spread_penalty_rate"": 0.2, ""sg_off_hours_penalty"": 0.25, ""sg_volatility_penalty"": 0.05, ""sg_recent_loss_penalty"": 0.1}",1778,65.65,78.57,3.2,1631345.0,2.03,4.67,54.38,3.135,47.1
p2_7d8c7710,2,"{""timeframes"": [""M1"", ""M15"", ""H1"", ""H4""], ""regime_detection_tf"": ""H1"", ""htf_alignment_tfs"": [""H4""], ""consensus_threshold"": 5.0, ""max_positions"": 2, ""bonus_max_positions"": 0, ""consensus_primary_weight"": 3.0, ""consensus_entry_weight"": 2.0, ""consensus_confirm_weight"": 3.0, ""consensus_manage_weight"": 1.0, ""consensus_other_weight"": 0.5, ""trailing_start_r"": 2.5, ""trailing_atr_mult"": 2.0, ""stag_exit_minutes"": 180.0, ""partial_1r_ratio"": 0.05, ""early_be_r"": 0.5, ""signal_rev_ratio"": 0.5, ""tp_sl_ratio"": 1.2, ""sl_min_pips"": 8.0, ""range_day_bbw_threshold"": 0.25, ""range_day_score_premium"": 0.3, ""weak_hours_score_premium"": 0.5, ""sg_spread_penalty_rate"": 0.2, ""sg_off_hours_penalty"": 0.25, ""sg_volatility_penalty"": 0.05, ""sg_recent_loss_penalty"": 0.1}",1778,65.65,78.57,3.2,1631345.0,2.03,4.67,54.38,3.135,47.7
p2_635e8ea6,2,"{""timeframes"": [""M1"", ""M15"", ""H1"", ""H4""], ""regime_detection_tf"": ""H1"", ""htf_alignment_tfs"": [""H4""], ""consensus_threshold"": 5.0, ""max_positions"": 2, ""bonus_max_positions"": 0, ""consensus_primary_weight"": 2.0, ""consensus_entry_weight"": 1.5, ""consensus_confirm_weight"": 3.0, ""consensus_manage_weight"": 0.5, ""consensus_other_weight"": 1.0, ""trailing_start_r"": 2.5, ""trailing_atr_mult"": 1.0, ""stag_exit_minutes"": 60.0, ""partial_1r_ratio"": 0.1, ""early_be_r"": 0.5, ""signal_rev_ratio"": 0.25, ""tp_sl_ratio"": 1.2, ""sl_min_pips"": 8.0, ""range_day_bbw_threshold"": 0.25, ""range_day_score_premium"": 0.3, ""weak_hours_score_premium"": 0.5, ""sg_spread_penalty_rate"": 0.2, ""sg_off_hours_penalty"": 0.25, ""sg_volatility_penalty"": 0.05, ""sg_recent_loss_penalty"": 0.1}",1364,60.21,69.74,3.06,977040.0,1.7,4.03,32.57,3.008,47.2
p2_10a6de44,2,"{""timeframes"": [""M1"", ""M15"", ""H1"", ""H4""], ""regime_detection_tf"": ""H1"", ""htf_alignment_tfs"": [""H4""], ""consensus_threshold"": 5.0, ""max_positions"": 2, ""bonus_max_positions"": 0, ""consensus_primary_weight"": 2.0, ""consensus_entry_weight"": 1.5, ""consensus_confirm_weight"": 3.0, ""consensus_manage_weight"": 0.5, ""consensus_other_weight"": 1.0, ""trailing_start_r"": 2.5, ""trailing_atr_mult"": 1.5, ""stag_exit_minutes"": 60.0, ""partial_1r_ratio"": 0.05, ""early_be_r"": 0.5, ""signal_rev_ratio"": 0.75, ""tp_sl_ratio"": 1.2, ""sl_min_pips"": 8.0, ""range_day_bbw_threshold"": 0.25, ""range_day_score_premium"": 0.3, ""weak_hours_score_premium"": 0.5, ""sg_spread_penalty_rate"": 0.2, ""sg_off_hours_penalty"": 0.25, ""sg_volatility_penalty"": 0.05, ""sg_recent_loss_penalty"": 0.1}",1362,60.23,69.77,3.11,1001991.0,1.7,4.03,33.4,3.0571,46.4
p2_8c8aba2a,2,"{""timeframes"": [""M1"", ""M15"", ""H1"", ""H4""], ""regime_detection_tf"": ""H1"", ""htf_alignment_tfs"": [""H4""], ""consensus_threshold"": 5.0, ""max_positions"": 2, ""bonus_max_positions"": 0, ""consensus_primary_weight"": 2.0, ""consensus_entry_weight"": 1.5, ""consensus_confirm_weight"": 3.0, ""consensus_manage_weight"": 0.5, ""consensus_other_weight"": 1.0, ""trailing_start_r"": 0.5, ""trailing_atr_mult"": 1.5, ""stag_exit_minutes"": 120.0, ""partial_1r_ratio"": 0.1, ""early_be_r"": 0.3, ""signal_rev_ratio"": 0.5, ""tp_sl_ratio"": 1.2, ""sl_min_pips"": 8.0, ""range_day_bbw_threshold"": 0.25, ""range_day_score_premium"": 0.3, ""weak_hours_score_premium"": 0.5, ""sg_spread_penalty_rate"": 0.2, ""sg_off_hours_penalty"": 0.25, ""sg_volatility_penalty"": 0.05, ""sg_recent_loss_penalty"": 0.1}",1458,61.6,72.29,3.05,1167169.0,1.71,5.31,38.91,2.9978,48.2
p2_e17ce904,2,"{""timeframes"": [""M1"", ""M15"", ""H1"", ""H4""], ""regime_detection_tf"": ""H1"", ""htf_alignment_tfs"": [""H4""], ""consensus_threshold"": 5.0, ""max_positions"": 2, ""bonus_max_positions"": 0, ""consensus_primary_weight"": 2.0, ""consensus_entry_weight"": 1.5, ""consensus_confirm_weight"": 3.0, ""consensus_manage_weight"": 0.5, ""consensus_other_weight"": 1.0, ""trailing_start_r"": 0.5, ""trailing_atr_mult"": 2.0, ""stag_exit_minutes"": 240.0, ""partial_1r_ratio"": 0.05, ""early_be_r"": 0.3, ""signal_rev_ratio"": 0.0, ""tp_sl_ratio"": 1.2, ""sl_min_pips"": 8.0, ""range_day_bbw_threshold"": 0.25, ""range_day_score_premium"": 0.3, ""weak_hours_score_premium"": 0.5, ""sg_spread_penalty_rate"": 0.2, ""sg_off_hours_penalty"": 0.25, ""sg_volatility_penalty"": 0.05, ""sg_recent_loss_penalty"": 0.1}",1481,66.53,78.6,3.41,1468812.0,1.41,5.67,48.96,3.3619,47.6
p2_97ea93af,2,"{""timeframes"": [""M1"", ""M15"", ""H1"", ""H4""], ""regime_detection_tf"": ""H1"", ""htf_alignment_tfs"": [""H4""], ""consensus_threshold"": 5.0, ""max_positions"": 2, ""bonus_max_positions"": 0, ""consensus_primary_weight"": 2.0, ""consensus_entry_weight"": 1.5, ""consensus_confirm_weight"": 3.0, ""consensus_manage_weight"": 0.5, ""consensus_other_weight"": 1.0, ""trailing_start_r"": 1.5, ""trailing_atr_mult"": 1.0, ""stag_exit_minutes"": 120.0, ""partial_1r_ratio"": 0.0, ""early_be_r"": 0.7, ""signal_rev_ratio"": 0.75, ""tp_sl_ratio"": 1.2, ""sl_min_pips"": 8.0, ""range_day_bbw_threshold"": 0.25, ""range_day_score_premium"": 0.3, ""weak_hours_score_premium"": 0.5, ""sg_spread_penalty_rate"": 0.2, ""sg_off_hours_penalty"": 0.25, ""sg_volatility_penalty"": 0.05, ""sg_recent_loss_penalty"": 0.1}",1143,56.04,66.01,2.92,1225813.0,2.29,4.32,40.86,2.8531,46.7
p2_78f01e6f,2,"{""timeframes"": [""M1"", ""M15"", ""H1"", ""H4""], ""regime_detection_tf"": ""H1"", ""htf_alignment_tfs"": [""H4""], ""consensus_threshold"": 5.0, ""max_positions"": 2, ""bonus_max_positions"": 0, ""consensus_primary_weight"": 2.0, ""consensus_entry_weight"": 1.5, ""consensus_confirm_weight"": 3.0, ""consensus_manage_weight"": 0.5, ""consensus_other_weight"": 1.0, ""trailing_start_r"": 2.0, ""trailing_atr_mult"": 2.5, ""stag_exit_minutes"": 180.0, ""partial_1r_ratio"": 0.05, ""early_be_r"": 1.0, ""signal_rev_ratio"": 0.25, ""tp_sl_ratio"": 1.2, ""sl_min_pips"": 8.0, ""range_day_bbw_threshold"": 0.25, ""range_day_score_premium"": 0.3, ""weak_hours_score_premium"": 0.5, ""sg_spread_penalty_rate"": 0.2, ""sg_off_hours_penalty"": 0.25, ""sg_volatility_penalty"": 0.05, ""sg_recent_loss_penalty"": 0.1}",1425,68.28,74.76,2.79,1224479.0,2.46,4.04,40.82,2.7214,47.2
p2_2fb5ad44,2,"{""timeframes"": [""M1"", ""M15"", ""H1"", ""H4""], ""regime_detection_tf"": ""H1"", ""htf_alignment_tfs"": [""H4""], ""consensus_threshold"": 5.0, ""max_positions"": 2, ""bonus_max_positions"": 0, ""consensus_primary_weight"": 2.0, ""consensus_entry_weight"": 1.5, ""consensus_confirm_weight"": 3.0, ""consensus_manage_weight"": 0.5, ""consensus_other_weight"": 1.0, ""trailing_start_r"": 2.0, ""trailing_atr_mult"": 2.5, ""stag_exit_minutes"": 30.0, ""partial_1r_ratio"": 0.0, ""early_be_r"": 0.7, ""signal_rev_ratio"": 0.25, ""tp_sl_ratio"": 1.2, ""sl_min_pips"": 8.0, ""range_day_bbw_threshold"": 0.25, ""range_day_score_premium"": 0.3, ""weak_hours_score_premium"": 0.5, ""sg_spread_penalty_rate"": 0.2, ""sg_off_hours_penalty"": 0.25, ""sg_volatility_penalty"": 0.05, ""sg_recent_loss_penalty"": 0.1}",1064,48.94,54.29,2.37,572361.0,1.41,2.95,19.08,2.0373,46.4
p2_a421c5c7,2,"{""timeframes"": [""M1"", ""M15"", ""H1"", ""H4""], ""regime_detection_tf"": ""H1"", ""htf_alignment_tfs"": [""H4""], ""consensus_threshold"": 5.0, ""max_positions"": 2, ""bonus_max_positions"": 0, ""consensus_primary_weight"": 2.0, ""consensus_entry_weight"": 1.5, ""consensus_confirm_weight"": 3.0, ""consensus_manage_weight"": 0.5, ""consensus_other_weight"": 1.0, ""trailing_start_r"": 1.5, ""trailing_atr_mult"": 1.0, ""stag_exit_minutes"": 180.0, ""partial_1r_ratio"": 0.0, ""early_be_r"": 1.0, ""signal_rev_ratio"": 0.0, ""tp_sl_ratio"": 1.2, ""sl_min_pips"": 8.0, ""range_day_bbw_threshold"": 0.25, ""range_day_score_premium"": 0.3, ""weak_hours_score_premium"": 0.5, ""sg_spread_penalty_rate"": 0.2, ""sg_off_hours_penalty"": 0.25, ""sg_volatility_penalty"": 0.05, ""sg_recent_loss_penalty"": 0.1}",1130,59.18,67.18,2.82,1271271.0,2.34,4.16,42.38,2.754,48.2
p2_9ea0e007,2,"{""timeframes"": [""M1"", ""M15"", ""H1"", ""H4""], ""regime_detection_tf"": ""H1"", ""htf_alignment_tfs"": [""H4""], ""consensus_threshold"": 5.0, ""max_positions"": 2, ""bonus_max_positions"": 0, ""consensus_primary_weight"": 2.0, ""consensus_entry_weight"": 1.5, ""consensus_confirm_weight"": 3.0, ""consensus_manage_weight"": 0.5, ""consensus_other_weight"": 1.0, ""trailing_start_r"": 1.0, ""trailing_atr_mult"": 1.5, ""stag_exit_minutes"": 240.0, ""partial_1r_ratio"": 0.15, ""early_be_r"": 0.5, ""signal_rev_ratio"": 0.5, ""tp_sl_ratio"": 1.2, ""sl_min_pips"": 8.0, ""range_day_bbw_threshold"": 0.25, ""range_day_score_premium"": 0.3, ""weak_hours_score_premium"": 0.5, ""sg_spread_penalty_rate"": 0.2, ""sg_off_hours_penalty"": 0.25, ""sg_volatility_penalty"": 0.05, ""sg_recent_loss_penalty"": 0.1}",1480,67.42,79.49,3.36,1421733.0,2.15,4.94,47.39,3.2878,47.8
p2_f947c3ce,2,"{""timeframes"": [""M1"", ""M15"", ""H1"", ""H4""], ""regime_detection_tf"": ""H1"", ""htf_alignment_tfs"": [""H4""], ""consensus_threshold"": 5.0, ""max_positions"": 2, ""bonus_max_positions"": 0, ""consensus_primary_weight"": 2.0, ""consensus_entry_weight"": 1.5, ""consensus_confirm_weight"": 3.0, ""consensus_manage_weight"": 0.5, ""consensus_other_weight"": 1.0, ""trailing_start_r"": 1.0, ""trailing_atr_mult"": 2.0, ""stag_exit_minutes"": 30.0, ""partial_1r_ratio"": 0.15, ""early_be_r"": 0.3, ""signal_rev_ratio"": 0.0, ""tp_sl_ratio"": 1.2, ""sl_min_pips"": 8.0, ""range_day_bbw_threshold"": 0.25, ""range_day_score_premium"": 0.3, ""weak_hours_score_premium"": 0.5, ""sg_spread_penalty_rate"": 0.2, ""sg_off_hours_penalty"": 0.25, ""sg_volatility_penalty"": 0.05, ""sg_recent_loss_penalty"": 0.1}",1258,52.15,60.96,2.43,521130.0,1.24,3.25,17.37,2.0968,45.9
p2_03c0ae8e,2,"{""timeframes"": [""M1"", ""M15"", ""H1"", ""H4""], ""regime_detection_tf"": ""H1"", ""htf_alignment_tfs"": [""H4""], ""consensus_threshold"": 4.0, ""max_positions"": 2, ""bonus_max_positions"": 0, ""consensus_primary_weight"": 2.0, ""consensus_entry_weight"": 1.5, ""consensus_confirm_weight"": 3.0, ""consensus_manage_weight"": 0.5, ""consensus_other_weight"": 1.0, ""trailing_start_r"": 2.5, ""trailing_atr_mult"": 2.0, ""stag_exit_minutes"": 180.0, ""partial_1r_ratio"": 0.05, ""early_be_r"": 0.5, ""signal_rev_ratio"": 0.5, ""tp_sl_ratio"": 1.2, ""sl_min_pips"": 8.0, ""range_day_bbw_threshold"": 0.25, ""range_day_score_premium"": 0.3, ""weak_hours_score_premium"": 0.5, ""sg_spread_penalty_rate"": 0.2, ""sg_off_hours_penalty"": 0.25, ""sg_volatility_penalty"": 0.05, ""sg_recent_loss_penalty"": 0.1}",1858,66.67,79.39,3.48,1980400.0,1.84,5.13,66.01,3.416,49.7
p2_6b4d979b,2,"{""timeframes"": [""M1"", ""M15"", ""H1"", ""H4""], ""regime_detection_tf"": ""H1"", ""htf_alignment_tfs"": [""H4""], ""consensus_threshold"": 4.5, ""max_positions"": 2, ""bonus_max_positions"": 0, ""consensus_primary_weight"": 2.0, ""consensus_entry_weight"": 1.5, ""consensus_confirm_weight"": 3.0, ""consensus_manage_weight"": 0.5, ""consensus_other_weight"": 1.0, ""trailing_start_r"": 2.5, ""trailing_atr_mult"": 2.0, ""stag_exit_minutes"": 180.0, ""partial_1r_ratio"": 0.05, ""early_be_r"": 0.5, ""signal_rev_ratio"": 0.5, ""tp_sl_ratio"": 1.2, ""sl_min_pips"": 8.0, ""range_day_bbw_threshold"": 0.25, ""range_day_score_premium"": 0.3, ""weak_hours_score_premium"": 0.5, ""sg_spread_penalty_rate"": 0.2, ""sg_off_hours_penalty"": 0.25, ""sg_volatility_penalty"": 0.05, ""sg_recent_loss_penalty"": 0.1}",1643,66.32,79.24,3.45,1608670.0,2.16,4.83,53.62,3.3755,48.5
p2_57d25207,2,"{""timeframes"": [""M1"", ""M15"", ""H1"", ""H4""], ""regime_detection_tf"": ""H1"", ""htf_alignment_tfs"": [""H4""], ""consensus_threshold"": 4.75, ""max_positions"": 2, ""bonus_max_positions"": 0, ""consensus_primary_weight"": 2.0, ""consensus_entry_weight"": 1.5, ""consensus_confirm_weight"": 3.0, ""consensus_manage_weight"": 0.5, ""consensus_other_weight"": 1.0, ""trailing_start_r"": 2.5, ""trailing_atr_mult"": 2.0, ""stag_exit_minutes"": 180.0, ""partial_1r_ratio"": 0.05, ""early_be_r"": 0.5, ""signal_rev_ratio"": 0.5, ""tp_sl_ratio"": 1.2, ""sl_min_pips"": 8.0, ""range_day_bbw_threshold"": 0.25, ""range_day_score_premium"": 0.3, ""weak_hours_score_premium"": 0.5, ""sg_spread_penalty_rate"": 0.2, ""sg_off_hours_penalty"": 0.25, ""sg_volatility_penalty"": 0.05, ""sg_recent_loss_penalty"": 0.1}",1528,65.86,78.31,3.45,1479271.0,2.25,4.65,49.31,3.3724,47.6
p2_857c94d7,2,"{""timeframes"": [""M1"", ""M15"", ""H1"", ""H4""], ""regime_detection_tf"": ""H1"", ""htf_alignment_tfs"": [""H4""], ""consensus_threshold"": 5.25, ""max_positions"": 2, ""bonus_max_positions"": 0, ""consensus_primary_weight"": 2.0, ""consensus_entry_weight"": 1.5, ""consensus_confirm_weight"": 3.0, ""consensus_manage_weight"": 0.5, ""consensus_other_weight"": 1.0, ""trailing_start_r"": 2.5, ""trailing_atr_mult"": 2.0, ""stag_exit_minutes"": 180.0, ""partial_1r_ratio"": 0.05, ""early_be_r"": 0.5, ""signal_rev_ratio"": 0.5, ""tp_sl_ratio"": 1.2, ""sl_min_pips"": 8.0, ""range_day_bbw_threshold"": 0.25, ""range_day_score_premium"": 0.3, ""weak_hours_score_premium"": 0.5, ""sg_spread_penalty_rate"": 0.2, ""sg_off_hours_penalty"": 0.25, ""sg_volatility_penalty"": 0.05, ""sg_recent_loss_penalty"": 0.1}",1306,64.26,77.2,3.36,1144223.0,2.28,4.11,38.14,3.2834,47.5
p2_75afc1de,2,"{""timeframes"": [""M1"", ""M15"", ""H1"", ""H4""], ""regime_detection_tf"": ""H1"", ""htf_alignment_tfs"": [""H4""], ""consensus_threshold"": 5.5, ""max_positions"": 2, ""bonus_max_positions"": 0, ""consensus_primary_weight"": 2.0, ""consensus_entry_weight"": 1.5, ""consensus_confirm_weight"": 3.0, ""consensus_manage_weight"": 0.5, ""consensus_other_weight"": 1.0, ""trailing_start_r"": 2.5, ""trailing_atr_mult"": 2.0, ""stag_exit_minutes"": 180.0, ""partial_1r_ratio"": 0.05, ""early_be_r"": 0.5, ""signal_rev_ratio"": 0.5, ""tp_sl_ratio"": 1.2, ""sl_min_pips"": 8.0, ""range_day_bbw_threshold"": 0.25, ""range_day_score_premium"": 0.3, ""weak_hours_score_premium"": 0.5, ""sg_spread_penalty_rate"": 0.2, ""sg_off_hours_penalty"": 0.25, ""sg_volatility_penalty"": 0.05, ""sg_recent_loss_penalty"": 0.1}",1182,63.7,76.2,3.16,950720.0,1.97,3.74,31.69,3.0977,47.8
p2_b9f49654,2,"{""timeframes"": [""M1"", ""M15"", ""H1"", ""H4""], ""regime_detection_tf"": ""H1"", ""htf_alignment_tfs"": [""H4""], ""consensus_threshold"": 6.0, ""max_positions"": 2, ""bonus_max_positions"": 0, ""consensus_primary_weight"": 2.0, ""consensus_entry_weight"": 1.5, ""consensus_confirm_weight"": 3.0, ""consensus_manage_weight"": 0.5, ""consensus_other_weight"": 1.0, ""trailing_start_r"": 2.5, ""trailing_atr_mult"": 2.0, ""stag_exit_minutes"": 180.0, ""partial_1r_ratio"": 0.05, ""early_be_r"": 0.5, ""signal_rev_ratio"": 0.5, ""tp_sl_ratio"": 1.2, ""sl_min_pips"": 8.0, ""range_day_bbw_threshold"": 0.25, ""range_day_score_premium"": 0.3, ""weak_hours_score_premium"": 0.5, ""sg_spread_penalty_rate"": 0.2, ""sg_off_hours_penalty"": 0.25, ""sg_volatility_penalty"": 0.05, ""sg_recent_loss_penalty"": 0.1}",969,66.83,78.42,3.7,861006.0,1.57,3.9,28.7,3.5946,46.8
p2_f1eb0689,2,"{""timeframes"": [""M1"", ""M15"", ""H1"", ""H4""], ""regime_detection_tf"": ""H1"", ""htf_alignment_tfs"": [""H4""], ""consensus_threshold"": 5.0, ""max_positions"": 2, ""bonus_max_positions"": 0, ""consensus_primary_weight"": 2.0, ""consensus_entry_weight"": 1.5, ""consensus_confirm_weight"": 3.0, ""consensus_manage_weight"": 0.5, ""consensus_other_weight"": 1.0, ""trailing_start_r"": 2.5, ""trailing_atr_mult"": 2.0, ""stag_exit_minutes"": 180.0, ""partial_1r_ratio"": 0.05, ""early_be_r"": 0.5, ""signal_rev_ratio"": 0.5, ""tp_sl_ratio"": 1.5, ""sl_min_pips"": 10.0, ""range_day_bbw_threshold"": 0.25, ""range_day_score_premium"": 0.3, ""weak_hours_score_premium"": 0.3, ""sg_spread_penalty_rate"": 0.3, ""sg_off_hours_penalty"": 0.3, ""sg_volatility_penalty"": 0.05, ""sg_recent_loss_penalty"": 0.1}",1442,65.61,78.14,3.39,1335844.0,2.47,4.37,44.53,3.3063,53.2
p2_f0ef372a,2,"{""timeframes"": [""M1"", ""M15"", ""H1"", ""H4""], ""regime_detection_tf"": ""H1"", ""htf_alignment_tfs"": [""H4""], ""consensus_threshold"": 5.0, ""max_positions"": 2, ""bonus_max_positions"": 0, ""consensus_primary_weight"": 2.0, ""consensus_entry_weight"": 1.5, ""consensus_confirm_weight"": 3.0, ""consensus_manage_weight"": 0.5, ""consensus_other_weight"": 1.0, ""trailing_start_r"": 2.5, ""trailing_atr_mult"": 2.0, ""stag_exit_minutes"": 180.0, ""partial_1r_ratio"": 0.05, ""early_be_r"": 0.5, ""signal_rev_ratio"": 0.5, ""tp_sl_ratio"": 1.0, ""sl_min_pips"": 8.0, ""range_day_bbw_threshold"": 0.25, ""range_day_score_premium"": 0.3, ""weak_hours_score_premium"": 0.7, ""sg_spread_penalty_rate"": 0.1, ""sg_off_hours_penalty"": 0.1, ""sg_volatility_penalty"": 0.05, ""sg_recent_loss_penalty"": 0.1}",1431,65.7,78.11,3.39,1327694.0,2.47,4.34,44.26,3.3063,54.5
p2_033b9eff,2,"{""timeframes"": [""M1"", ""M15"", ""H1"", ""H4""], ""regime_detection_tf"": ""H1"", ""htf_alignment_tfs"": [""H4""], ""consensus_threshold"": 5.0, ""max_positions"": 2, ""bonus_max_positions"": 0, ""consensus_primary_weight"": 2.0, ""consensus_entry_weight"": 1.5, ""consensus_confirm_weight"": 3.0, ""consensus_manage_weight"": 0.5, ""consensus_other_weight"": 1.0, ""trailing_start_r"": 2.5, ""trailing_atr_mult"": 2.0, ""stag_exit_minutes"": 180.0, ""partial_1r_ratio"": 0.05, ""early_be_r"": 0.5, ""signal_rev_ratio"": 0.5, ""tp_sl_ratio"": 1.2, ""sl_min_pips"": 5.0, ""range_day_bbw_threshold"": 0.25, ""range_day_score_premium"": 0.3, ""weak_hours_score_premium"": 0.5, ""sg_spread_penalty_rate"": 0.5, ""sg_off_hours_penalty"": 0.15, ""sg_volatility_penalty"": 0.05, ""sg_recent_loss_penalty"": 0.1}",1438,65.66,78.08,3.39,1331049.0,2.47,4.36,44.37,3.3063,49.7
p2_dc91a0de,2,"{""timeframes"": [""M1"", ""M15"", ""H1"", ""H4""], ""regime_detection_tf"": ""H1"", ""htf_alignment_tfs"": [""H4""], ""consensus_threshold"": 5.0, ""max_positions"": 2, ""bonus_max_positions"": 0, ""consensus_primary_weight"": 2.0, ""consensus_entry_weight"": 1.5, ""consensus_confirm_weight"": 3.0, ""consensus_manage_weight"": 0.5, ""consensus_other_weight"": 1.0, ""trailing_start_r"": 2.5, ""trailing_atr_mult"": 2.0, ""stag_exit_minutes"": 180.0, ""partial_1r_ratio"": 0.05, ""early_be_r"": 0.5, ""signal_rev_ratio"": 0.5, ""tp_sl_ratio"": 0.8, ""sl_min_pips"": 12.0, ""range_day_bbw_threshold"": 0.25, ""range_day_score_premium"": 0.3, ""weak_hours_score_premium"": 0.0, ""sg_spread_penalty_rate"": 0.2, ""sg_off_hours_penalty"": 0.25, ""sg_volatility_penalty"": 0.05, ""sg_recent_loss_penalty"": 0.1}",1387,63.77,76.38,3.02,1167198.0,2.61,4.16,38.91,2.9412,41.0
p2_d14543cf,2,"{""timeframes"": [""M1"", ""M5"", ""M15"", ""M30"", ""H1"", ""H4"", ""D1""], ""regime_detection_tf"": ""H1"", ""htf_alignment_tfs"": [""H4"", ""D1""], ""consensus_threshold"": 4.0, ""max_positions"": 3, ""bonus_max_positions"": 0, ""consensus_primary_weight"": 2.0, ""consensus_entry_weight"": 1.5, ""consensus_confirm_weight"": 5.0, ""consensus_manage_weight"": 1.5, ""consensus_other_weight"": 2.0, ""trailing_start_r"": 2.5, ""trailing_atr_mult"": 2.0, ""stag_exit_minutes"": 180.0, ""partial_1r_ratio"": 0.05, ""early_be_r"": 0.5, ""signal_rev_ratio"": 0.5, ""tp_sl_ratio"": 1.2, ""sl_min_pips"": 8.0, ""range_day_bbw_threshold"": 0.25, ""range_day_score_premium"": 0.3, ""weak_hours_score_premium"": 0.5, ""sg_spread_penalty_rate"": 0.2, ""sg_off_hours_penalty"": 0.25, ""sg_volatility_penalty"": 0.05, ""sg_recent_loss_penalty"": 0.1}",5962,56.86,71.42,1.62,2762474.0,9.86,2.92,92.08,1.4603,56.9
p2_2147234b,2,"{""timeframes"": [""M1"", ""M5"", ""M15"", ""M30"", ""H1"", ""H4"", ""D1""], ""regime_detection_tf"": ""H1"", ""htf_alignment_tfs"": [""H4"", ""D1""], ""consensus_threshold"": 4.0, ""max_positions"": 3, ""bonus_max_positions"": 0, ""consensus_primary_weight"": 1.5, ""consensus_entry_weight"": 2.5, ""consensus_confirm_weight"": 5.0, ""consensus_manage_weight"": 0.5, ""consensus_other_weight"": 1.0, ""trailing_start_r"": 2.5, ""trailing_atr_mult"": 2.0, ""stag_exit_minutes"": 180.0, ""partial_1r_ratio"": 0.05, ""early_be_r"": 0.5, ""signal_rev_ratio"": 0.5, ""tp_sl_ratio"": 1.2, ""sl_min_pips"": 8.0, ""range_day_bbw_threshold"": 0.25, ""range_day_score_premium"": 0.3, ""weak_hours_score_premium"": 0.5, ""sg_spread_penalty_rate"": 0.2, ""sg_off_hours_penalty"": 0.25, ""sg_volatility_penalty"": 0.05, ""sg_recent_loss_penalty"": 0.1}",5989,56.66,71.42,1.61,2729638.0,9.87,2.85,90.99,1.4511,53.3
p2_46acf1a4,2,"{""timeframes"": [""M1"", ""M5"", ""M15"", ""M30"", ""H1"", ""H4"", ""D1""], ""regime_detection_tf"": ""H1"", ""htf_alignment_tfs"": [""H4"", ""D1""], ""consensus_threshold"": 4.0, ""max_positions"": 3, ""bonus_max_positions"": 0, ""consensus_primary_weight"": 2.0, ""consensus_entry_weight"": 1.0, ""consensus_confirm_weight"": 2.0, ""consensus_manage_weight"": 1.5, ""consensus_other_weight"": 0.5, ""trailing_start_r"": 2.5, ""trailing_atr_mult"": 2.0, ""stag_exit_minutes"": 180.0, ""partial_1r_ratio"": 0.05, ""early_be_r"": 0.5, ""signal_rev_ratio"": 0.5, ""tp_sl_ratio"": 1.2, ""sl_min_pips"": 8.0, ""range_day_bbw_threshold"": 0.25, ""range_day_score_premium"": 0.3, ""weak_hours_score_premium"": 0.5, ""sg_spread_penalty_rate"": 0.2, ""sg_off_hours_penalty"": 0.25, ""sg_volatility_penalty"": 0.05, ""sg_recent_loss_penalty"": 0.1}",5388,56.57,71.88,1.69,2814082.0,8.14,3.13,93.8,1.5524,65.0
p2_02e339f8,2,"{""timeframes"": [""M1"", ""M5"", ""M15"", ""M30"", ""H1"", ""H4"", ""D1""], ""regime_detection_tf"": ""H1"", ""htf_alignment_tfs"": [""H4"", ""D1""], ""consensus_threshold"": 4.0, ""max_positions"": 3, ""bonus_max_positions"": 0, ""consensus_primary_weight"": 2.0, ""consensus_entry_weight"": 3.0, ""consensus_confirm_weight"": 4.0, ""consensus_manage_weight"": 0.5, ""consensus_other_weight"": 0.5, ""trailing_start_r"": 2.5, ""trailing_atr_mult"": 2.0, ""stag_exit_minutes"": 180.0, ""partial_1r_ratio"": 0.05, ""early_be_r"": 0.5, ""signal_rev_ratio"": 0.5, ""tp_sl_ratio"": 1.2, ""sl_min_pips"": 8.0, ""range_day_bbw_threshold"": 0.25, ""range_day_score_premium"": 0.3, ""weak_hours_score_premium"": 0.5, ""sg_spread_penalty_rate"": 0.2, ""sg_off_hours_penalty"": 0.25, ""sg_volatility_penalty"": 0.05, ""sg_recent_loss_penalty"": 0.1}",5816,56.65,71.33,1.62,2693965.0,7.57,2.88,89.8,1.4974,53.6
p2_5988b663,2,"{""timeframes"": [""M1"", ""M5"", ""M15"", ""M30"", ""H1"", ""H4"", ""D1""], ""regime_detection_tf"": ""H1"", ""htf_alignment_tfs"": [""H4"", ""D1""], ""consensus_threshold"": 4.0, ""max_positions"": 3, ""bonus_max_positions"": 0, ""consensus_primary_weight"": 2.5, ""consensus_entry_weight"": 1.0, ""consensus_confirm_weight"": 2.0, ""consensus_manage_weight"": 1.5, ""consensus_other_weight"": 2.0, ""trailing_start_r"": 2.5, ""trailing_atr_mult"": 2.0, ""stag_exit_minutes"": 180.0, ""partial_1r_ratio"": 0.05, ""early_be_r"": 0.5, ""signal_rev_ratio"": 0.5, ""tp_sl_ratio"": 1.2, ""sl_min_pips"": 8.0, ""range_day_bbw_threshold"": 0.25, ""range_day_score_premium"": 0.3, ""weak_hours_score_premium"": 0.5, ""sg_spread_penalty_rate"": 0.2, ""sg_off_hours_penalty"": 0.25, ""sg_volatility_penalty"": 0.05, ""sg_recent_loss_penalty"": 0.1}",5316,55.91,71.26,1.6,2448113.0,9.04,2.71,81.6,1.4554,54.7
p2_c029d1fd,2,"{""timeframes"": [""M1"", ""M5"", ""M15"", ""M30"", ""H1"", ""H4"", ""D1""], ""regime_detection_tf"": ""H1"", ""htf_alignment_tfs"": [""H4"", ""D1""], ""consensus_threshold"": 4.0, ""max_positions"": 3, ""bonus_max_positions"": 0, ""consensus_primary_weight"": 1.5, ""consensus_entry_weight"": 2.0, ""consensus_confirm_weight"": 3.0, ""consensus_manage_weight"": 0.5, ""consensus_other_weight"": 0.5, ""trailing_start_r"": 2.5, ""trailing_atr_mult"": 2.0, ""stag_exit_minutes"": 180.0, ""partial_1r_ratio"": 0.05, ""early_be_r"": 0.5, ""signal_rev_ratio"": 0.5, ""tp_sl_ratio"": 1.2, ""sl_min_pips"": 8.0, ""range_day_bbw_threshold"": 0.25, ""range_day_score_premium"": 0.3, ""weak_hours_score_premium"": 0.5, ""sg_spread_penalty_rate"": 0.2, ""sg_off_hours_penalty"": 0.25, ""sg_volatility_penalty"": 0.05, ""sg_recent_loss_penalty"": 0.1}",5852,56.83,71.72,1.71,3081908.0,8.23,3.09,102.73,1.5693,61.1
p2_b8a30841,2,"{""timeframes"": [""M1"", ""M5"", ""M15"", ""M30"", ""H1"", ""H4"", ""D1""], ""regime_detection_tf"": ""H1"", ""htf_alignment_tfs"": [""H4"", ""D1""], ""consensus_threshold"": 4.0, ""max_positions"": 3, ""bonus_max_positions"": 0, ""consensus_primary_weight"": 2.5, ""consensus_entry_weight"": 3.0, ""consensus_confirm_weight"": 4.0, ""consensus_manage_weight"": 1.0, ""consensus_other_weight"": 1.0, ""trailing_start_r"": 2.5, ""trailing_atr_mult"": 2.0, ""stag_exit_minutes"": 180.0, ""partial_1r_ratio"": 0.05, ""early_be_r"": 0.5, ""signal_rev_ratio"": 0.5, ""tp_sl_ratio"": 1.2, ""sl_min_pips"": 8.0, ""range_day_bbw_threshold"": 0.25, ""range_day_score_premium"": 0.3, ""weak_hours_score_premium"": 0.5, ""sg_spread_penalty_rate"": 0.2, ""sg_off_hours_penalty"": 0.25, ""sg_volatility_penalty"": 0.05, ""sg_recent_loss_penalty"": 0.1}",5846,56.5,71.24,1.6,2606815.0,7.16,2.78,86.89,1.4854,58.1
p2_b70a4216,2,"{""timeframes"": [""M1"", ""M5"", ""M15"", ""M30"", ""H1"", ""H4"", ""D1""], ""regime_detection_tf"": ""H1"", ""htf_alignment_tfs"": [""H4"", ""D1""], ""consensus_threshold"": 4.0, ""max_positions"": 3, ""bonus_max_positions"": 0, ""consensus_primary_weight"": 1.5, ""consensus_entry_weight"": 1.5, ""consensus_confirm_weight"": 2.0, ""consensus_manage_weight"": 1.0, ""consensus_other_weight"": 1.0, ""trailing_start_r"": 2.5, ""trailing_atr_mult"": 2.0, ""stag_exit_minutes"": 180.0, ""partial_1r_ratio"": 0.05, ""early_be_r"": 0.5, ""signal_rev_ratio"": 0.5, ""tp_sl_ratio"": 1.2, ""sl_min_pips"": 8.0, ""range_day_bbw_threshold"": 0.25, ""range_day_score_premium"": 0.3, ""weak_hours_score_premium"": 0.5, ""sg_spread_penalty_rate"": 0.2, ""sg_off_hours_penalty"": 0.25, ""sg_volatility_penalty"": 0.05, ""sg_recent_loss_penalty"": 0.1}",5359,56.12,71.69,1.63,2681835.0,8.32,3.03,89.39,1.4944,55.8
p2_8fae5e08,2,"{""timeframes"": [""M1"", ""M5"", ""M15"", ""M30"", ""H1"", ""H4"", ""D1""], ""regime_detection_tf"": ""H1"", ""htf_alignment_tfs"": [""H4"", ""D1""], ""consensus_threshold"": 4.0, ""max_positions"": 3, ""bonus_max_positions"": 0, ""consensus_primary_weight"": 3.0, ""consensus_entry_weight"": 2.5, ""consensus_confirm_weight"": 3.0, ""consensus_manage_weight"": 0.5, ""consensus_other_weight"": 2.0, ""trailing_start_r"": 2.5, ""trailing_atr_mult"": 2.0, ""stag_exit_minutes"": 180.0, ""partial_1r_ratio"": 0.05, ""early_be_r"": 0.5, ""signal_rev_ratio"": 0.5, ""tp_sl_ratio"": 1.2, ""sl_min_pips"": 8.0, ""range_day_bbw_threshold"": 0.25, ""range_day_score_premium"": 0.3, ""weak_hours_score_premium"": 0.5, ""sg_spread_penalty_rate"": 0.2, ""sg_off_hours_penalty"": 0.25, ""sg_volatility_penalty"": 0.05, ""sg_recent_loss_penalty"": 0.1}",5831,56.19,70.97,1.61,2689184.0,7.08,2.91,89.64,1.496,52.5
p2_10dd0362,2,"{""timeframes"": [""M1"", ""M5"", ""M15"", ""M30"", ""H1"", ""H4"", ""D1""], ""regime_detection_tf"": ""H1"", ""htf_alignment_tfs"": [""H4"", ""D1""], ""consensus_threshold"": 4.0, ""max_positions"": 3, ""bonus_max_positions"": 0, ""consensus_primary_weight"": 3.0, ""consensus_entry_weight"": 2.0, ""consensus_confirm_weight"": 3.0, ""consensus_manage_weight"": 1.0, ""consensus_other_weight"": 0.5, ""trailing_start_r"": 2.5, ""trailing_atr_mult"": 2.0, ""stag_exit_minutes"": 180.0, ""partial_1r_ratio"": 0.05, ""early_be_r"": 0.5, ""signal_rev_ratio"": 0.5, ""tp_sl_ratio"": 1.2, ""sl_min_pips"": 8.0, ""range_day_bbw_threshold"": 0.25, ""range_day_score_premium"": 0.3, ""weak_hours_score_premium"": 0.5, ""sg_spread_penalty_rate"": 0.2, ""sg_off_hours_penalty"": 0.25, ""sg_volatility_penalty"": 0.05, ""sg_recent_loss_penalty"": 0.1}",5881,56.19,71.02,1.61,2744711.0,7.6,2.87,91.49,1.4876,50.9
p2_90d3194b,2,"{""timeframes"": [""M1"", ""M5"", ""M15"", ""M30"", ""H1"", ""H4"", ""D1""], ""regime_detection_tf"": ""H1"", ""htf_alignment_tfs"": [""H4"", ""D1""], ""consensus_threshold"": 4.0, ""max_positions"": 3, ""bonus_max_positions"": 0, ""consensus_primary_weight"": 2.0, ""consensus_entry_weight"": 1.5, ""consensus_confirm_weight"": 3.0, ""consensus_manage_weight"": 0.5, ""consensus_other_weight"": 1.0, ""trailing_start_r"": 2.5, ""trailing_atr_mult"": 1.0, ""stag_exit_minutes"": 60.0, ""partial_1r_ratio"": 0.1, ""early_be_r"": 0.5, ""signal_rev_ratio"": 0.25, ""tp_sl_ratio"": 1.2, ""sl_min_pips"": 8.0, ""range_day_bbw_threshold"": 0.25, ""range_day_score_premium"": 0.3, ""weak_hours_score_premium"": 0.5, ""sg_spread_penalty_rate"": 0.2, ""sg_off_hours_penalty"": 0.25, ""sg_volatility_penalty"": 0.05, ""sg_recent_loss_penalty"": 0.1}",5106,49.0,61.59,1.38,1606785.0,10.05,1.66,53.56,1.2165,45.4
p2_55717f9a,2,"{""timeframes"": [""M1"", ""M5"", ""M15"", ""M30"", ""H1"", ""H4"", ""D1""], ""regime_detection_tf"": ""H1"", ""htf_alignment_tfs"": [""H4"", ""D1""], ""consensus_threshold"": 4.0, ""max_positions"": 3, ""bonus_max_positions"": 0, ""consensus_primary_weight"": 2.0, ""consensus_entry_weight"": 1.5, ""consensus_confirm_weight"": 3.0, ""consensus_manage_weight"": 0.5, ""consensus_other_weight"": 1.0, ""trailing_start_r"": 2.5, ""trailing_atr_mult"": 1.5, ""stag_exit_minutes"": 60.0, ""partial_1r_ratio"": 0.05, ""early_be_r"": 0.5, ""signal_rev_ratio"": 0.75, ""tp_sl_ratio"": 1.2, ""sl_min_pips"": 8.0, ""range_day_bbw_threshold"": 0.25, ""range_day_score_premium"": 0.3, ""weak_hours_score_premium"": 0.5, ""sg_spread_penalty_rate"": 0.2, ""sg_off_hours_penalty"": 0.25, ""sg_volatility_penalty"": 0.05, ""sg_recent_loss_penalty"": 0.1}",5014,48.82,61.47,1.41,1650175.0,9.72,1.73,55.01,1.2429,44.3
p2_cb987c34,2,"{""timeframes"": [""M1"", ""M5"", ""M15"", ""M30"", ""H1"", ""H4"", ""D1""], ""regime_detection_tf"": ""H1"", ""htf_alignment_tfs"": [""H4"", ""D1""], ""consensus_threshold"": 4.0, ""max_positions"": 3, ""bonus_max_positions"": 0, ""consensus_primary_weight"": 2.0, ""consensus_entry_weight"": 1.5, ""consensus_confirm_weight"": 3.0, ""consensus_manage_weight"": 0.5, ""consensus_other_weight"": 1.0, ""trailing_start_r"": 0.5, ""trailing_atr_mult"": 1.5, ""stag_exit_minutes"": 120.0, ""partial_1r_ratio"": 0.1, ""early_be_r"": 0.3, ""signal_rev_ratio"": 0.5, ""tp_sl_ratio"": 1.2, ""sl_min_pips"": 8.0, ""range_day_bbw_threshold"": 0.25, ""range_day_score_premium"": 0.3, ""weak_hours_score_premium"": 0.5, ""sg_spread_penalty_rate"": 0.2, ""sg_off_hours_penalty"": 0.25, ""sg_volatility_penalty"": 0.05, ""sg_recent_loss_penalty"": 0.1}",6297,55.4,67.79,1.64,2983383.0,7.5,3.26,99.45,1.517,61.0
p2_15ca1784,2,"{""timeframes"": [""M1"", ""M5"", ""M15"", ""M30"", ""H1"", ""H4"", ""D1""], ""regime_detection_tf"": ""H1"", ""htf_alignment_tfs"": [""H4"", ""D1""], ""consensus_threshold"": 4.0, ""max_positions"": 3, ""bonus_max_positions"": 0, ""consensus_primary_weight"": 2.0, ""consensus_entry_weight"": 1.5, ""consensus_confirm_weight"": 3.0, ""consensus_manage_weight"": 0.5, ""consensus_other_weight"": 1.0, ""trailing_start_r"": 0.5, ""trailing_atr_mult"": 2.0, ""stag_exit_minutes"": 240.0, ""partial_1r_ratio"": 0.05, ""early_be_r"": 0.3, ""signal_rev_ratio"": 0.0, ""tp_sl_ratio"": 1.2, ""sl_min_pips"": 8.0, ""range_day_bbw_threshold"": 0.25, ""range_day_score_premium"": 0.3, ""weak_hours_score_premium"": 0.5, ""sg_spread_penalty_rate"": 0.2, ""sg_off_hours_penalty"": 0.25, ""sg_volatility_penalty"": 0.05, ""sg_recent_loss_penalty"": 0.1}",6209,58.67,72.5,1.78,3733849.0,4.46,4.29,124.46,1.7006,52.8
p2_b7a3b3c2,2,"{""timeframes"": [""M1"", ""M5"", ""M15"", ""M30"", ""H1"", ""H4"", ""D1""], ""regime_detection_tf"": ""H1"", ""htf_alignment_tfs"": [""H4"", ""D1""], ""consensus_threshold"": 4.0, ""max_positions"": 3, ""bonus_max_positions"": 0, ""consensus_primary_weight"": 2.0, ""consensus_entry_weight"": 1.5, ""consensus_confirm_weight"": 3.0, ""consensus_manage_weight"": 0.5, ""consensus_other_weight"": 1.0, ""trailing_start_r"": 1.5, ""trailing_atr_mult"": 1.0, ""stag_exit_minutes"": 120.0, ""partial_1r_ratio"": 0.0, ""early_be_r"": 0.7, ""signal_rev_ratio"": 0.75, ""tp_sl_ratio"": 1.2, ""sl_min_pips"": 8.0, ""range_day_bbw_threshold"": 0.25, ""range_day_score_premium"": 0.3, ""weak_hours_score_premium"": 0.5, ""sg_spread_penalty_rate"": 0.2, ""sg_off_hours_penalty"": 0.25, ""sg_volatility_penalty"": 0.05, ""sg_recent_loss_penalty"": 0.1}",4607,46.58,59.14,1.67,3218933.0,7.34,3.12,107.3,1.4416,49.5
p2_e15b44fb,2,"{""timeframes"": [""M1"", ""M5"", ""M15"", ""M30"", ""H1"", ""H4"", ""D1""], ""regime_detection_tf"": ""H1"", ""htf_alignment_tfs"": [""H4"", ""D1""], ""consensus_threshold"": 4.0, ""max_positions"": 3, ""bonus_max_positions"": 0, ""consensus_primary_weight"": 2.0, ""consensus_entry_weight"": 1.5, ""consensus_confirm_weight"": 3.0, ""consensus_manage_weight"": 0.5, ""consensus_other_weight"": 1.0, ""trailing_start_r"": 2.0, ""trailing_atr_mult"": 2.5, ""stag_exit_minutes"": 180.0, ""partial_1r_ratio"": 0.05, ""early_be_r"": 1.0, ""signal_rev_ratio"": 0.25, ""tp_sl_ratio"": 1.2, ""sl_min_pips"": 8.0, ""range_day_bbw_threshold"": 0.25, ""range_day_score_premium"": 0.3, ""weak_hours_score_premium"": 0.5, ""sg_spread_penalty_rate"": 0.2, ""sg_off_hours_penalty"": 0.25, ""sg_volatility_penalty"": 0.05, ""sg_recent_loss_penalty"": 0.1}",5743,60.59,69.25,1.61,2881801.0,8.22,3.02,96.06,1.4777,52.2
p2_9e7434f0,2,"{""timeframes"": [""M1"", ""M5"", ""M15"", ""M30"", ""H1"", ""H4"", ""D1""], ""regime_detection_tf"": ""H1"", ""htf_alignment_tfs"": [""H4"", ""D1""], ""consensus_threshold"": 4.0, ""max_positions"": 3, ""bonus_max_positions"": 0, ""consensus_primary_weight"": 2.0, ""consensus_entry_weight"": 1.5, ""consensus_confirm_weight"": 3.0, ""consensus_manage_weight"": 0.5, ""consensus_other_weight"": 1.0, ""trailing_start_r"": 2.0, ""trailing_atr_mult"": 2.5, ""stag_exit_minutes"": 30.0, ""partial_1r_ratio"": 0.0, ""early_be_r"": 0.7, ""signal_rev_ratio"": 0.25, ""tp_sl_ratio"": 1.2, ""sl_min_pips"": 8.0, ""range_day_bbw_threshold"": 0.25, ""range_day_score_premium"": 0.3, ""weak_hours_score_premium"": 0.5, ""sg_spread_penalty_rate"": 0.2, ""sg_off_hours_penalty"": 0.25, ""sg_volatility_penalty"": 0.05, ""sg_recent_loss_penalty"": 0.1}",3421,37.48,46.41,1.3,892777.0,10.51,1.11,29.76,0.87,39.7
p2_fd9b1399,2,"{""timeframes"": [""M1"", ""M5"", ""M15"", ""M30"", ""H1"", ""H4"", ""D1""], ""regime_detection_tf"": ""H1"", ""htf_alignment_tfs"": [""H4"", ""D1""], ""consensus_threshold"": 4.0, ""max_positions"": 3, ""bonus_max_positions"": 0, ""consensus_primary_weight"": 2.0, ""consensus_entry_weight"": 1.5, ""consensus_confirm_weight"": 3.0, ""consensus_manage_weight"": 0.5, ""consensus_other_weight"": 1.0, ""trailing_start_r"": 1.5, ""trailing_atr_mult"": 1.0, ""stag_exit_minutes"": 180.0, ""partial_1r_ratio"": 0.0, ""early_be_r"": 1.0, ""signal_rev_ratio"": 0.0, ""tp_sl_ratio"": 1.2, ""sl_min_pips"": 8.0, ""range_day_bbw_threshold"": 0.25, ""range_day_score_premium"": 0.3, ""weak_hours_score_premium"": 0.5, ""sg_spread_penalty_rate"": 0.2, ""sg_off_hours_penalty"": 0.25, ""sg_volatility_penalty"": 0.05, ""sg_recent_loss_penalty"": 0.1}",4292,48.69,58.71,1.62,3211444.0,5.69,3.13,107.05,1.4878,49.7
p2_b52d70ef,2,"{""timeframes"": [""M1"", ""M5"", ""M15"", ""M30"", ""H1"", ""H4"", ""D1""], ""regime_detection_tf"": ""H1"", ""htf_alignment_tfs"": [""H4"", ""D1""], ""consensus_threshold"": 4.0, ""max_positions"": 3, ""bonus_max_positions"": 0, ""consensus_primary_weight"": 2.0, ""consensus_entry_weight"": 1.5, ""consensus_confirm_weight"": 3.0, ""consensus_manage_weight"": 0.5, ""consensus_other_weight"": 1.0, ""trailing_start_r"": 1.0, ""trailing_atr_mult"": 1.5, ""stag_exit_minutes"": 240.0, ""partial_1r_ratio"": 0.15, ""early_be_r"": 0.5, ""signal_rev_ratio"": 0.5, ""tp_sl_ratio"": 1.2, ""sl_min_pips"": 8.0, ""range_day_bbw_threshold"": 0.25, ""range_day_score_premium"": 0.3, ""weak_hours_score_premium"": 0.5, ""sg_spread_penalty_rate"": 0.2, ""sg_off_hours_penalty"": 0.25, ""sg_volatility_penalty"": 0.05, ""sg_recent_loss_penalty"": 0.1}",6090,58.98,72.14,1.7,3400327.0,4.45,3.82,113.34,1.6243,50.1
p2_45ef41ba,2,"{""timeframes"": [""M1"", ""M5"", ""M15"", ""M30"", ""H1"", ""H4"", ""D1""], ""regime_detection_tf"": ""H1"", ""htf_alignment_tfs"": [""H4"", ""D1""], ""consensus_threshold"": 4.0, ""max_positions"": 3, ""bonus_max_positions"": 0, ""consensus_primary_weight"": 2.0, ""consensus_entry_weight"": 1.5, ""consensus_confirm_weight"": 3.0, ""consensus_manage_weight"": 0.5, ""consensus_other_weight"": 1.0, ""trailing_start_r"": 1.0, ""trailing_atr_mult"": 2.0, ""stag_exit_minutes"": 30.0, ""partial_1r_ratio"": 0.15, ""early_be_r"": 0.3, ""signal_rev_ratio"": 0.0, ""tp_sl_ratio"": 1.2, ""sl_min_pips"": 8.0, ""range_day_bbw_threshold"": 0.25, ""range_day_score_premium"": 0.3, ""weak_hours_score_premium"": 0.5, ""sg_spread_penalty_rate"": 0.2, ""sg_off_hours_penalty"": 0.25, ""sg_volatility_penalty"": 0.05, ""sg_recent_loss_penalty"": 0.1}",4034,42.33,53.37,1.21,683110.0,9.78,0.6,22.77,0.8574,39.1
p2_d02c984f,2,"{""timeframes"": [""M1"", ""M5"", ""M15"", ""M30"", ""H1"", ""H4"", ""D1""], ""regime_detection_tf"": ""H1"", ""htf_alignment_tfs"": [""H4"", ""D1""], ""consensus_threshold"": 3.0, ""max_positions"": 3, ""bonus_max_positions"": 0, ""consensus_primary_weight"": 2.0, ""consensus_entry_weight"": 1.5, ""consensus_confirm_weight"": 3.0, ""consensus_manage_weight"": 0.5, ""consensus_other_weight"": 1.0, ""trailing_start_r"": 2.5, ""trailing_atr_mult"": 2.0, ""stag_exit_minutes"": 180.0, ""partial_1r_ratio"": 0.05, ""early_be_r"": 0.5, ""signal_rev_ratio"": 0.5, ""tp_sl_ratio"": 1.2, ""sl_min_pips"": 8.0, ""range_day_bbw_threshold"": 0.25, ""range_day_score_premium"": 0.3, ""weak_hours_score_premium"": 0.5, ""sg_spread_penalty_rate"": 0.2, ""sg_off_hours_penalty"": 0.25, ""sg_volatility_penalty"": 0.05, ""sg_recent_loss_penalty"": 0.1}",5911,56.73,71.23,1.66,2948157.0,8.36,3.04,98.27,1.5212,48.9
p2_d0ac7ae7,2,"{""timeframes"": [""M1"", ""M5"", ""M15"", ""M30"", ""H1"", ""H4"", ""D1""], ""regime_detection_tf"": ""H1"", ""htf_alignment_tfs"": [""H4"", ""D1""], ""consensus_threshold"": 3.5, ""max_positions"": 3, ""bonus_max_positions"": 0, ""consensus_primary_weight"": 2.0, ""consensus_entry_weight"": 1.5, ""consensus_confirm_weight"": 3.0, ""consensus_manage_weight"": 0.5, ""consensus_other_weight"": 1.0, ""trailing_start_r"": 2.5, ""trailing_atr_mult"": 2.0, ""stag_exit_minutes"": 180.0, ""partial_1r_ratio"": 0.05, ""early_be_r"": 0.5, ""signal_rev_ratio"": 0.5, ""tp_sl_ratio"": 1.2, ""sl_min_pips"": 8.0, ""range_day_bbw_threshold"": 0.25, ""range_day_score_premium"": 0.3, ""weak_hours_score_premium"": 0.5, ""sg_spread_penalty_rate"": 0.2, ""sg_off_hours_penalty"": 0.25, ""sg_volatility_penalty"": 0.05, ""sg_recent_loss_penalty"": 0.1}",5986,56.76,71.38,1.68,3031576.0,8.37,3.13,101.05,1.5394,50.2
p2_12c0da1a,2,"{""timeframes"": [""M1"", ""M5"", ""M15"", ""M30"", ""H1"", ""H4"", ""D1""], ""regime_detection_tf"": ""H1"", ""htf_alignment_tfs"": [""H4"", ""D1""], ""consensus_threshold"": 3.75, ""max_positions"": 3, ""bonus_max_positions"": 0, ""consensus_primary_weight"": 2.0, ""consensus_entry_weight"": 1.5, ""consensus_confirm_weight"": 3.0, ""consensus_manage_weight"": 0.5, ""consensus_other_weight"": 1.0, ""trailing_start_r"": 2.5, ""trailing_atr_mult"": 2.0, ""stag_exit_minutes"": 180.0, ""partial_1r_ratio"": 0.05, ""early_be_r"": 0.5, ""signal_rev_ratio"": 0.5, ""tp_sl_ratio"": 1.2, ""sl_min_pips"": 8.0, ""range_day_bbw_threshold"": 0.25, ""range_day_score_premium"": 0.3, ""weak_hours_score_premium"": 0.5, ""sg_spread_penalty_rate"": 0.2, ""sg_off_hours_penalty"": 0.25, ""sg_volatility_penalty"": 0.05, ""sg_recent_loss_penalty"": 0.1}",5958,56.85,71.43,1.69,3076392.0,7.57,3.15,102.55,1.5621,58.0
p2_a3b64471,2,"{""timeframes"": [""M1"", ""M5"", ""M15"", ""M30"", ""H1"", ""H4"", ""D1""], ""regime_detection_tf"": ""H1"", ""htf_alignment_tfs"": [""H4"", ""D1""], ""consensus_threshold"": 4.25, ""max_positions"": 3, ""bonus_max_positions"": 0, ""consensus_primary_weight"": 2.0, ""consensus_entry_weight"": 1.5, ""consensus_confirm_weight"": 3.0, ""consensus_manage_weight"": 0.5, ""consensus_other_weight"": 1.0, ""trailing_start_r"": 2.5, ""trailing_atr_mult"": 2.0, ""stag_exit_minutes"": 180.0, ""partial_1r_ratio"": 0.05, ""early_be_r"": 0.5, ""signal_rev_ratio"": 0.5, ""tp_sl_ratio"": 1.2, ""sl_min_pips"": 8.0, ""range_day_bbw_threshold"": 0.25, ""range_day_score_premium"": 0.3, ""weak_hours_score_premium"": 0.5, ""sg_spread_penalty_rate"": 0.2, ""sg_off_hours_penalty"": 0.25, ""sg_volatility_penalty"": 0.05, ""sg_recent_loss_penalty"": 0.1}",5829,56.67,71.54,1.7,3061999.0,8.3,3.19,102.07,1.5589,54.7
p2_798103d2,2,"{""timeframes"": [""M1"", ""M5"", ""M15"", ""M30"", ""H1"", ""H4"", ""D1""], ""regime_detection_tf"": ""H1"", ""htf_alignment_tfs"": [""H4"", ""D1""], ""consensus_threshold"": 5.0, ""max_positions"": 3, ""bonus_max_positions"": 0, ""consensus_primary_weight"": 2.0, ""consensus_entry_weight"": 1.5, ""consensus_confirm_weight"": 3.0, ""consensus_manage_weight"": 0.5, ""consensus_other_weight"": 1.0, ""trailing_start_r"": 2.5, ""trailing_atr_mult"": 2.0, ""stag_exit_minutes"": 180.0, ""partial_1r_ratio"": 0.05, ""early_be_r"": 0.5, ""signal_rev_ratio"": 0.5, ""tp_sl_ratio"": 1.2, ""sl_min_pips"": 8.0, ""range_day_bbw_threshold"": 0.25, ""range_day_score_premium"": 0.3, ""weak_hours_score_premium"": 0.5, ""sg_spread_penalty_rate"": 0.2, ""sg_off_hours_penalty"": 0.25, ""sg_volatility_penalty"": 0.05, ""sg_recent_loss_penalty"": 0.1}",5744,57.19,72.05,1.76,3217442.0,8.06,3.39,107.25,1.6181,50.0
p2_bff47b96,2,"{""timeframes"": [""M1"", ""M5"", ""M15"", ""M30"", ""H1"", ""H4"", ""D1""], ""regime_detection_tf"": ""H1"", ""htf_alignment_tfs"": [""H4"", ""D1""], ""consensus_threshold"": 4.0, ""max_positions"": 3, ""bonus_max_positions"": 0, ""consensus_primary_weight"": 2.0, ""consensus_entry_weight"": 1.5, ""consensus_confirm_weight"": 3.0, ""consensus_manage_weight"": 0.5, ""consensus_other_weight"": 1.0, ""trailing_start_r"": 2.5, ""trailing_atr_mult"": 2.0, ""stag_exit_minutes"": 180.0, ""partial_1r_ratio"": 0.05, ""early_be_r"": 0.5, ""signal_rev_ratio"": 0.5, ""tp_sl_ratio"": 1.5, ""sl_min_pips"": 10.0, ""range_day_bbw_threshold"": 0.25, ""range_day_score_premium"": 0.3, ""weak_hours_score_premium"": 0.3, ""sg_spread_penalty_rate"": 0.3, ""sg_off_hours_penalty"": 0.3, ""sg_volatility_penalty"": 0.05, ""sg_recent_loss_penalty"": 0.1}",5931,56.84,71.51,1.71,3143897.0,8.11,3.17,104.8,1.5713,54.5
p2_d0b3f52f,2,"{""timeframes"": [""M1"", ""M5"", ""M15"", ""M30"", ""H1"", ""H4"", ""D1""], ""regime_detection_tf"": ""H1"", ""htf_alignment_tfs"": [""H4"", ""D1""], ""consensus_threshold"": 4.0, ""max_positions"": 3, ""bonus_max_positions"": 0, ""consensus_primary_weight"": 2.0, ""consensus_entry_weight"": 1.5, ""consensus_confirm_weight"": 3.0, ""consensus_manage_weight"": 0.5, ""consensus_other_weight"": 1.0, ""trailing_start_r"": 2.5, ""trailing_atr_mult"": 2.0, ""stag_exit_minutes"": 180.0, ""partial_1r_ratio"": 0.05, ""early_be_r"": 0.5, ""signal_rev_ratio"": 0.5, ""tp_sl_ratio"": 1.0, ""sl_min_pips"": 8.0, ""range_day_bbw_threshold"": 0.25, ""range_day_score_premium"": 0.3, ""weak_hours_score_premium"": 0.7, ""sg_spread_penalty_rate"": 0.1, ""sg_off_hours_penalty"": 0.1, ""sg_volatility_penalty"": 0.05, ""sg_recent_loss_penalty"": 0.1}",5787,56.8,71.05,1.71,3152952.0,7.83,3.22,105.1,1.5761,66.7
p2_3ac97e51,2,"{""timeframes"": [""M1"", ""M5"", ""M15"", ""M30"", ""H1"", ""H4"", ""D1""], ""regime_detection_tf"": ""H1"", ""htf_alignment_tfs"": [""H4"", ""D1""], ""consensus_threshold"": 4.0, ""max_positions"": 3, ""bonus_max_positions"": 0, ""consensus_primary_weight"": 2.0, ""consensus_entry_weight"": 1.5, ""consensus_confirm_weight"": 3.0, ""consensus_manage_weight"": 0.5, ""consensus_other_weight"": 1.0, ""trailing_start_r"": 2.5, ""trailing_atr_mult"": 2.0, ""stag_exit_minutes"": 180.0, ""partial_1r_ratio"": 0.05, ""early_be_r"": 0.5, ""signal_rev_ratio"": 0.5, ""tp_sl_ratio"": 1.2, ""sl_min_pips"": 5.0, ""range_day_bbw_threshold"": 0.25, ""range_day_score_premium"": 0.3, ""weak_hours_score_premium"": 0.5, ""sg_spread_penalty_rate"": 0.5, ""sg_off_hours_penalty"": 0.15, ""sg_volatility_penalty"": 0.05, ""sg_recent_loss_penalty"": 0.1}",5929,56.86,71.53,1.71,3143919.0,8.11,3.17,104.8,1.5713,72.5
p2_f4936580,2,"{""timeframes"": [""M1"", ""M5"", ""M15"", ""M30"", ""H1"", ""H4"", ""D1""], ""regime_detection_tf"": ""H1"", ""htf_alignment_tfs"": [""H4"", ""D1""], ""consensus_threshold"": 4.0, ""max_positions"": 3, ""bonus_max_positions"": 0, ""consensus_primary_weight"": 2.0, ""consensus_entry_weight"": 1.5, ""consensus_confirm_weight"": 3.0, ""consensus_manage_weight"": 0.5, ""consensus_other_weight"": 1.0, ""trailing_start_r"": 2.5, ""trailing_atr_mult"": 2.0, ""stag_exit_minutes"": 180.0, ""partial_1r_ratio"": 0.05, ""early_be_r"": 0.5, ""signal_rev_ratio"": 0.5, ""tp_sl_ratio"": 0.8, ""sl_min_pips"": 12.0, ""range_day_bbw_threshold"": 0.25, ""range_day_score_premium"": 0.3, ""weak_hours_score_premium"": 0.0, ""sg_spread_penalty_rate"": 0.2, ""sg_off_hours_penalty"": 0.25, ""sg_volatility_penalty"": 0.05, ""sg_recent_loss_penalty"": 0.1}",5693,56.5,69.78,1.59,2761788.0,8.82,2.9,92.06,1.4498,66.8
