<DATE>	<TIME>	<OPEN>	<HIGH>	<LOW>	<CLOSE>	<TICKVOL>	<VOL>	<SPREAD>
2025.10.01	00:00:00	147.747	147.762	147.728	147.762	38	0	195
2025.10.01	00:12:00	147.744	147.762	147.744	147.755	60	0	187
2025.10.01	00:24:00	147.754	147.826	147.753	147.82	129	0	107
2025.10.01	00:36:00	147.82	147.837	147.812	147.834	56	0	77
2025.10.01	00:48:00	147.834	147.838	147.828	147.828	56	0	73
2025.10.01	01:00:00	147.831	147.885	147.806	147.86	220	0	28
2025.10.01	01:12:00	147.86	147.876	147.841	147.87	334	0	25
2025.10.01	01:24:00	147.87	147.913	147.861	147.891	325	0	24
2025.10.01	01:36:00	147.892	147.912	147.891	147.903	171	0	22
2025.10.01	01:48:00	147.902	147.911	147.884	147.897	263	0	22
2025.10.01	02:00:00	147.895	147.923	147.802	147.806	466	0	20
2025.10.01	02:12:00	147.804	147.886	147.804	147.883	363	0	20
2025.10.01	02:24:00	147.884	147.914	147.859	147.876	210	0	20
2025.10.01	02:36:00	147.876	147.941	147.876	147.921	354	0	20
2025.10.01	02:48:00	147.921	148.019	147.899	148.016	536	0	20
2025.10.01	03:00:00	148.016	148.143	148.016	148.079	1243	0	20
2025.10.01	03:12:00	148.078	148.089	148.02	148.023	935	0	20
2025.10.01	03:24:00	148.022	148.132	148.016	148.121	998	0	20
2025.10.01	03:36:00	148.119	148.215	148.103	148.175	896	0	20
2025.10.01	03:48:00	148.174	148.181	148.085	148.098	981	0	20
2025.10.01	04:00:00	148.096	148.157	148.075	148.098	720	0	20
2025.10.01	04:12:00	148.097	148.099	148.032	148.044	864	0	20
2025.10.01	04:24:00	148.043	148.043	147.981	147.982	1028	0	20
2025.10.01	04:36:00	147.98	148.004	147.942	147.971	1093	0	20
2025.10.01	04:48:00	147.971	147.991	147.93	147.943	1046	0	20
2025.10.01	05:00:00	147.942	147.965	147.894	147.945	748	0	20
2025.10.01	05:12:00	147.945	147.952	147.875	147.91	568	0	20
2025.10.01	05:24:00	147.909	147.975	147.9	147.971	602	0	20
2025.10.01	05:36:00	147.97	148.0	147.959	147.993	542	0	20
2025.10.01	05:48:00	147.995	147.995	147.899	147.903	456	0	20
2025.10.01	06:00:00	147.904	147.917	147.858	147.883	526	0	20
2025.10.01	06:12:00	147.882	147.931	147.878	147.922	391	0	21
2025.10.01	06:24:00	147.923	147.985	147.923	147.984	315	0	21
2025.10.01	06:36:00	147.984	147.989	147.919	147.922	467	0	20
2025.10.01	06:48:00	147.922	147.954	147.891	147.916	374	0	21
2025.10.01	07:00:00	147.912	147.947	147.906	147.934	546	0	20
2025.10.01	07:12:00	147.934	147.945	147.847	147.859	566	0	20
2025.10.01	07:24:00	147.859	147.897	147.755	147.76	702	0	20
2025.10.01	07:36:00	147.761	147.811	147.726	147.735	593	0	20
2025.10.01	07:48:00	147.736	147.736	147.542	147.543	808	0	20
2025.10.01	08:00:00	147.543	147.596	147.45	147.59	1417	0	20
2025.10.01	08:12:00	147.595	147.633	147.499	147.51	1000	0	20
2025.10.01	08:24:00	147.506	147.536	147.46	147.512	774	0	20
2025.10.01	08:36:00	147.514	147.548	147.493	147.529	664	0	20
2025.10.01	08:48:00	147.53	147.568	147.489	147.516	730	0	20
2025.10.01	09:00:00	147.517	147.517	147.353	147.386	1403	0	20
2025.10.01	09:12:00	147.387	147.413	147.321	147.368	1253	0	20
2025.10.01	09:24:00	147.369	147.369	147.291	147.31	749	0	20
2025.10.01	09:36:00	147.31	147.321	147.171	147.171	1488	0	20
2025.10.01	09:48:00	147.171	147.263	147.157	147.219	1426	0	20
2025.10.01	10:00:00	147.22	147.22	147.083	147.083	1469	0	20
2025.10.01	10:12:00	147.082	147.093	147.01	147.076	1382	0	20
2025.10.01	10:24:00	147.076	147.311	147.06	147.251	1301	0	20
2025.10.01	10:36:00	147.251	147.252	147.128	147.152	1481	0	20
2025.10.01	10:48:00	147.151	147.186	147.088	147.114	1415	0	20
2025.10.01	11:00:00	147.113	147.115	147.042	147.06	1440	0	20
2025.10.01	11:12:00	147.06	147.07	146.991	147.014	1243	0	20
2025.10.01	11:24:00	147.013	147.056	146.958	146.971	981	0	20
2025.10.01	11:36:00	146.97	147.1	146.891	147.064	909	0	20
2025.10.01	11:48:00	147.064	147.142	147.028	147.14	1211	0	20
2025.10.01	12:00:00	147.139	147.15	147.085	147.111	793	0	20
2025.10.01	12:12:00	147.111	147.166	147.071	147.128	1009	0	20
2025.10.01	12:24:00	147.127	147.161	147.081	147.093	948	0	20
2025.10.01	12:36:00	147.091	147.138	147.059	147.081	1007	0	20
2025.10.01	12:48:00	147.08	147.215	147.071	147.198	1020	0	20
2025.10.01	13:00:00	147.199	147.234	147.149	147.149	1002	0	20
2025.10.01	13:12:00	147.148	147.215	147.112	147.191	1076	0	20
2025.10.01	13:24:00	147.191	147.255	147.113	147.113	926	0	20
2025.10.01	13:36:00	147.114	147.161	147.05	147.071	1080	0	20
2025.10.01	13:48:00	147.072	147.13	147.056	147.066	851	0	20
2025.10.01	14:00:00	147.066	147.082	147.039	147.061	724	0	20
2025.10.01	14:12:00	147.059	147.099	147.017	147.059	874	0	20
2025.10.01	14:24:00	147.058	147.093	147.012	147.038	852	0	20
2025.10.01	14:36:00	147.039	147.049	146.996	147.017	607	0	20
2025.10.01	14:48:00	147.019	147.045	146.984	146.993	857	0	20
2025.10.01	15:00:00	146.991	147.102	146.968	147.072	1253	0	20
2025.10.01	15:12:00	147.071	147.108	146.578	146.71	3299	0	20
2025.10.01	15:24:00	146.712	146.913	146.695	146.777	3015	0	20
2025.10.01	15:36:00	146.776	146.904	146.727	146.816	2675	0	20
2025.10.01	15:48:00	146.815	146.899	146.779	146.788	2513	0	20
2025.10.01	16:00:00	146.785	146.817	146.696	146.765	1895	0	20
2025.10.01	16:12:00	146.764	146.863	146.717	146.718	1708	0	20
2025.10.01	16:24:00	146.719	146.742	146.617	146.636	1953	0	20
2025.10.01	16:36:00	146.639	146.754	146.61	146.65	1813	0	20
2025.10.01	16:48:00	146.65	146.735	146.611	146.697	1541	0	20
2025.10.01	17:00:00	146.688	146.956	146.678	146.938	2443	0	20
2025.10.01	17:12:00	146.941	147.037	146.936	146.964	2191	0	20
2025.10.01	17:24:00	146.962	146.963	146.781	146.785	1362	0	20
2025.10.01	17:36:00	146.784	147.024	146.704	146.901	1972	0	20
2025.10.01	17:48:00	146.901	147.026	146.795	146.85	3569	0	20
2025.10.01	18:00:00	146.857	147.009	146.832	147.004	1981	0	20
2025.10.01	18:12:00	147.004	147.202	147.001	147.121	2099	0	20
2025.10.01	18:24:00	147.122	147.178	147.099	147.134	1819	0	20
2025.10.01	18:36:00	147.135	147.161	147.087	147.091	1315	0	20
2025.10.01	18:48:00	147.091	147.145	147.072	147.139	1077	0	20
2025.10.01	19:00:00	147.142	147.213	147.082	147.152	1365	0	20
2025.10.01	19:12:00	147.153	147.21	147.122	147.201	848	0	20
2025.10.01	19:24:00	147.2	147.219	147.142	147.21	933	0	20
2025.10.01	19:36:00	147.21	147.243	147.176	147.178	723	0	20
2025.10.01	19:48:00	147.177	147.202	147.139	147.15	702	0	20
2025.10.01	20:00:00	147.15	147.182	147.121	147.131	649	0	20
2025.10.01	20:12:00	147.13	147.151	147.11	147.121	402	0	20
2025.10.01	20:24:00	147.122	147.156	147.102	147.125	465	0	20
2025.10.01	20:36:00	147.124	147.145	147.113	147.132	431	0	20
2025.10.01	20:48:00	147.132	147.168	147.109	147.157	554	0	20
2025.10.01	21:00:00	147.156	147.219	147.137	147.139	1134	0	20
2025.10.01	21:12:00	147.14	147.14	147.054	147.058	1036	0	20
2025.10.01	21:24:00	147.057	147.057	147.011	147.025	679	0	20
2025.10.01	21:36:00	147.024	147.077	147.012	147.061	640	0	20
2025.10.01	21:48:00	147.062	147.081	147.046	147.079	771	0	20
2025.10.01	22:00:00	147.08	147.084	147.044	147.068	515	0	20
2025.10.01	22:12:00	147.067	147.099	147.063	147.099	534	0	20
2025.10.01	22:24:00	147.099	147.149	147.085	147.106	626	0	20
2025.10.01	22:36:00	147.105	147.129	147.093	147.103	676	0	20
2025.10.01	22:48:00	147.102	147.106	147.068	147.086	802	0	20
2025.10.01	23:00:00	147.086	147.136	147.065	147.124	496	0	20
2025.10.01	23:12:00	147.123	147.13	147.102	147.116	456	0	20
2025.10.01	23:24:00	147.116	147.155	147.108	147.142	299	0	20
2025.10.01	23:36:00	147.142	147.145	147.066	147.082	318	0	22
2025.10.01	23:48:00	147.082	147.114	147.053	147.061	831	0	23
2025.10.02	00:00:00	147.02	147.028	147.02	147.022	10	0	91
2025.10.02	00:12:00	147.026	147.033	147.025	147.032	18	0	78
2025.10.02	00:24:00	147.031	147.035	147.027	147.028	20	0	69
2025.10.02	00:36:00	147.028	147.028	147.018	147.022	29	0	58
2025.10.02	00:48:00	147.022	147.027	147.02	147.02	71	0	51
2025.10.02	01:00:00	147.023	147.047	147.003	147.045	178	0	21
2025.10.02	01:12:00	147.045	147.056	147.018	147.024	253	0	21
2025.10.02	01:24:00	147.025	147.036	147.009	147.023	217	0	23
2025.10.02	01:36:00	147.024	147.035	146.989	146.999	209	0	22
2025.10.02	01:48:00	147.0	147.009	146.988	146.998	224	0	22
2025.10.02	02:00:00	146.997	147.0	146.988	146.993	165	0	20
2025.10.02	02:12:00	146.993	147.052	146.992	147.048	247	0	21
2025.10.02	02:24:00	147.049	147.058	147.024	147.042	202	0	20
2025.10.02	02:36:00	147.043	147.073	147.041	147.068	272	0	20
2025.10.02	02:48:00	147.067	147.103	147.031	147.099	553	0	20
2025.10.02	03:00:00	147.099	147.289	147.097	147.273	1062	0	20
2025.10.02	03:12:00	147.272	147.309	147.191	147.216	1047	0	20
2025.10.02	03:24:00	147.217	147.298	147.215	147.289	877	0	20
2025.10.02	03:36:00	147.289	147.313	147.201	147.208	832	0	20
2025.10.02	03:48:00	147.209	147.263	147.112	147.182	1214	0	20
2025.10.02	04:00:00	147.181	147.216	147.085	147.106	980	0	20
2025.10.02	04:12:00	147.106	147.133	147.086	147.086	677	0	20
2025.10.02	04:24:00	147.087	147.113	147.021	147.023	916	0	20
2025.10.02	04:36:00	147.022	147.063	146.946	147.049	797	0	20
2025.10.02	04:48:00	147.049	147.066	146.963	146.975	719	0	20
2025.10.02	05:00:00	146.974	147.028	146.931	146.992	696	0	20
2025.10.02	05:12:00	146.993	147.028	146.957	147.027	403	0	20
2025.10.02	05:24:00	147.027	147.087	147.024	147.086	345	0	20
2025.10.02	05:36:00	147.087	147.176	147.084	147.166	351	0	20
2025.10.02	05:48:00	147.167	147.167	147.119	147.154	266	0	20
2025.10.02	06:00:00	147.155	147.185	147.142	147.165	314	0	20
2025.10.02	06:12:00	147.165	147.166	147.098	147.112	258	0	20
2025.10.02	06:24:00	147.113	147.156	147.092	147.13	384	0	20
2025.10.02	06:36:00	147.131	147.136	147.09	147.104	345	0	20
2025.10.02	06:48:00	147.103	147.103	147.04	147.074	410	0	20
2025.10.02	07:00:00	147.075	147.14	147.063	147.14	458	0	20
2025.10.02	07:12:00	147.14	147.157	147.123	147.144	415	0	20
2025.10.02	07:24:00	147.145	147.188	147.143	147.185	344	0	20
2025.10.02	07:36:00	147.184	147.184	147.127	147.155	452	0	20
2025.10.02	07:48:00	147.155	147.19	147.137	147.165	488	0	21
2025.10.02	08:00:00	147.165	147.257	147.107	147.201	977	0	20
2025.10.02	08:12:00	147.202	147.22	147.16	147.195	757	0	20
2025.10.02	08:24:00	147.195	147.204	147.143	147.193	485	0	20
2025.10.02	08:36:00	147.192	147.209	147.153	147.168	360	0	21
2025.10.02	08:48:00	147.168	147.187	147.119	147.152	505	0	20
2025.10.02	09:00:00	147.149	147.153	147.064	147.068	1050	0	20
2025.10.02	09:12:00	147.07	147.147	147.068	147.143	728	0	20
2025.10.02	09:24:00	147.142	147.191	147.054	147.077	959	0	20
2025.10.02	09:36:00	147.077	147.368	146.882	147.269	2144	0	20
2025.10.02	09:48:00	147.271	147.28	147.13	147.144	1220	0	20
2025.10.02	10:00:00	147.144	147.185	147.043	147.131	1300	0	20
2025.10.02	10:12:00	147.132	147.165	147.066	147.152	1342	0	20
2025.10.02	10:24:00	147.152	147.205	147.141	147.16	1016	0	20
2025.10.02	10:36:00	147.162	147.176	147.062	147.078	1234	0	20
2025.10.02	10:48:00	147.078	147.083	147.001	147.071	1336	0	20
2025.10.02	11:00:00	147.071	147.072	146.967	147.01	1516	0	20
2025.10.02	11:12:00	147.011	147.016	146.91	146.979	860	0	20
2025.10.02	11:24:00	146.979	146.981	146.896	146.914	1015	0	20
2025.10.02	11:36:00	146.914	146.957	146.88	146.891	928	0	20
2025.10.02	11:48:00	146.89	146.893	146.714	146.786	1082	0	20
2025.10.02	12:00:00	146.788	146.798	146.686	146.725	1279	0	20
2025.10.02	12:12:00	146.725	146.743	146.68	146.698	853	0	20
2025.10.02	12:24:00	146.698	146.707	146.633	146.647	913	0	20
2025.10.02	12:36:00	146.648	146.672	146.591	146.626	1081	0	20
2025.10.02	12:48:00	146.622	146.656	146.588	146.611	1091	0	20
2025.10.02	13:00:00	146.61	146.706	146.609	146.659	1261	0	20
2025.10.02	13:12:00	146.664	146.707	146.661	146.669	709	0	20
2025.10.02	13:24:00	146.669	146.683	146.643	146.659	567	0	20
2025.10.02	13:36:00	146.659	146.757	146.659	146.691	580	0	20
2025.10.02	13:48:00	146.692	146.707	146.611	146.632	569	0	20
2025.10.02	14:00:00	146.632	146.695	146.615	146.666	730	0	20
2025.10.02	14:12:00	146.668	146.703	146.637	146.637	523	0	20
2025.10.02	14:24:00	146.636	146.721	146.636	146.68	625	0	20
2025.10.02	14:36:00	146.68	146.786	146.669	146.76	642	0	20
2025.10.02	14:48:00	146.761	146.849	146.754	146.786	1057	0	20
2025.10.02	15:00:00	146.785	146.817	146.735	146.817	967	0	20
2025.10.02	15:12:00	146.816	146.881	146.804	146.837	1145	0	20
2025.10.02	15:24:00	146.836	146.982	146.836	146.954	1040	0	20
2025.10.02	15:36:00	146.953	147.099	146.95	147.069	1066	0	20
2025.10.02	15:48:00	147.067	147.189	147.06	147.152	1515	0	20
2025.10.02	16:00:00	147.152	147.156	147.059	147.094	1610	0	20
2025.10.02	16:12:00	147.093	147.161	147.07	147.114	1404	0	20
2025.10.02	16:24:00	147.116	147.144	147.048	147.116	1413	0	20
2025.10.02	16:36:00	147.12	147.211	147.109	147.169	1555	0	20
2025.10.02	16:48:00	147.169	147.261	147.166	147.214	1438	0	20
2025.10.02	17:00:00	147.213	147.318	147.191	147.284	1221	0	20
2025.10.02	17:12:00	147.279	147.309	147.194	147.196	1375	0	20
2025.10.02	17:24:00	147.197	147.206	147.141	147.177	1409	0	20
2025.10.02	17:36:00	147.177	147.295	147.152	147.282	1502	0	20
2025.10.02	17:48:00	147.283	147.333	147.21	147.32	1517	0	20
2025.10.02	18:00:00	147.322	147.411	147.32	147.343	1333	0	20
2025.10.02	18:12:00	147.343	147.451	147.332	147.341	1113	0	20
2025.10.02	18:24:00	147.341	147.41	147.331	147.409	962	0	20
2025.10.02	18:36:00	147.408	147.505	147.394	147.415	1311	0	20
2025.10.02	18:48:00	147.414	147.438	147.328	147.34	981	0	20
2025.10.02	19:00:00	147.342	147.356	147.254	147.264	670	0	20
2025.10.02	19:12:00	147.264	147.274	147.198	147.256	634	0	20
2025.10.02	19:24:00	147.256	147.269	147.21	147.215	782	0	20
2025.10.02	19:36:00	147.216	147.255	147.205	147.22	701	0	20
2025.10.02	19:48:00	147.219	147.237	147.153	147.154	501	0	20
2025.10.02	20:00:00	147.157	147.177	147.13	147.158	504	0	20
2025.10.02	20:12:00	147.157	147.182	147.14	147.157	334	0	20
2025.10.02	20:24:00	147.158	147.226	147.145	147.176	433	0	20
2025.10.02	20:36:00	147.177	147.205	147.161	147.162	226	0	20
2025.10.02	20:48:00	147.162	147.176	147.15	147.174	318	0	20
2025.10.02	21:00:00	147.175	147.194	147.152	147.182	355	0	20
2025.10.02	21:12:00	147.183	147.194	147.161	147.173	281	0	20
2025.10.02	21:24:00	147.172	147.191	147.158	147.163	295	0	20
2025.10.02	21:36:00	147.163	147.173	147.156	147.161	176	0	20
2025.10.02	21:48:00	147.162	147.209	147.161	147.202	358	0	20
2025.10.02	22:00:00	147.201	147.206	147.119	147.162	324	0	20
2025.10.02	22:12:00	147.161	147.164	147.125	147.129	340	0	20
2025.10.02	22:24:00	147.129	147.163	147.121	147.153	230	0	20
2025.10.02	22:36:00	147.154	147.186	147.151	147.184	267	0	20
2025.10.02	22:48:00	147.185	147.242	147.157	147.227	379	0	20
2025.10.02	23:00:00	147.23	147.253	147.178	147.202	328	0	20
2025.10.02	23:12:00	147.202	147.237	147.202	147.213	118	0	20
2025.10.02	23:24:00	147.213	147.227	147.199	147.206	205	0	20
2025.10.02	23:36:00	147.205	147.258	147.205	147.257	198	0	21
2025.10.02	23:48:00	147.257	147.282	147.237	147.244	265	0	20
2025.10.03	00:00:00	147.175	147.237	147.175	147.237	18	0	48
2025.10.03	00:12:00	147.212	147.22	147.205	147.215	63	0	69
2025.10.03	00:24:00	147.215	147.215	147.197	147.204	65	0	56
2025.10.03	00:36:00	147.204	147.21	147.181	147.195	122	0	55
2025.10.03	00:48:00	147.196	147.203	147.184	147.196	106	0	62
2025.10.03	01:00:00	147.193	147.214	147.163	147.192	207	0	21
2025.10.03	01:12:00	147.193	147.194	147.158	147.184	129	0	25
2025.10.03	01:24:00	147.183	147.198	147.154	147.175	177	0	23
2025.10.03	01:36:00	147.174	147.191	147.158	147.19	147	0	20
2025.10.03	01:48:00	147.191	147.199	147.154	147.185	252	0	20
2025.10.03	02:00:00	147.182	147.196	147.153	147.183	191	0	22
2025.10.03	02:12:00	147.183	147.183	147.096	147.111	511	0	20
2025.10.03	02:24:00	147.11	147.127	147.082	147.123	239	0	22
2025.10.03	02:36:00	147.123	147.133	147.089	147.107	398	0	20
2025.10.03	02:48:00	147.107	147.158	147.097	147.145	431	0	21
2025.10.03	03:00:00	147.147	147.318	147.146	147.273	825	0	20
2025.10.03	03:12:00	147.272	147.371	147.257	147.35	604	0	20
2025.10.03	03:24:00	147.351	147.365	147.33	147.353	461	0	20
2025.10.03	03:36:00	147.353	147.357	147.282	147.302	739	0	20
2025.10.03	03:48:00	147.308	147.345	147.238	147.342	1168	0	20
2025.10.03	04:00:00	147.346	147.6	147.171	147.537	1981	0	20
2025.10.03	04:12:00	147.533	147.573	147.454	147.549	1090	0	20
2025.10.03	04:24:00	147.552	147.665	147.509	147.642	789	0	20
2025.10.03	04:36:00	147.643	147.673	147.52	147.528	765	0	20
2025.10.03	04:48:00	147.528	147.537	147.474	147.5	841	0	20
2025.10.03	05:00:00	147.501	147.64	147.489	147.634	704	0	20
2025.10.03	05:12:00	147.635	147.645	147.569	147.601	577	0	20
2025.10.03	05:24:00	147.601	147.665	147.591	147.664	529	0	20
2025.10.03	05:36:00	147.664	147.676	147.593	147.614	544	0	20
2025.10.03	05:48:00	147.615	147.657	147.607	147.639	351	0	20
2025.10.03	06:00:00	147.643	147.73	147.627	147.727	521	0	20
2025.10.03	06:12:00	147.727	147.757	147.703	147.733	533	0	20
2025.10.03	06:24:00	147.732	147.746	147.71	147.724	586	0	20
2025.10.03	06:36:00	147.723	147.726	147.657	147.659	292	0	20
2025.10.03	06:48:00	147.659	147.662	147.604	147.618	344	0	20
2025.10.03	07:00:00	147.619	147.661	147.583	147.652	447	0	20
2025.10.03	07:12:00	147.653	147.672	147.625	147.662	187	0	20
2025.10.03	07:24:00	147.663	147.725	147.648	147.714	340	0	20
2025.10.03	07:36:00	147.714	147.726	147.703	147.714	221	0	20
2025.10.03	07:48:00	147.712	147.732	147.691	147.714	310	0	20
2025.10.03	08:00:00	147.713	147.764	147.634	147.691	726	0	20
2025.10.03	08:12:00	147.692	147.722	147.562	147.64	1088	0	20
2025.10.03	08:24:00	147.639	147.694	147.6	147.693	597	0	20
2025.10.03	08:36:00	147.693	147.693	147.611	147.647	453	0	20
2025.10.03	08:48:00	147.648	147.806	147.605	147.773	677	0	20
2025.10.03	09:00:00	147.773	147.793	147.6	147.619	1142	0	20
2025.10.03	09:12:00	147.623	147.634	147.52	147.532	788	0	20
2025.10.03	09:24:00	147.531	147.612	147.53	147.542	595	0	20
2025.10.03	09:36:00	147.543	147.578	147.49	147.575	924	0	20
2025.10.03	09:48:00	147.577	147.648	147.574	147.594	619	0	20
2025.10.03	10:00:00	147.593	147.672	147.541	147.63	775	0	20
2025.10.03	10:12:00	147.631	147.658	147.561	147.572	772	0	20
2025.10.03	10:24:00	147.571	147.58	147.437	147.45	1044	0	20
2025.10.03	10:36:00	147.449	147.502	147.416	147.502	849	0	20
2025.10.03	10:48:00	147.501	147.502	147.398	147.404	914	0	20
2025.10.03	11:00:00	147.403	147.416	147.347	147.374	1018	0	20
2025.10.03	11:12:00	147.372	147.415	147.346	147.405	707	0	20
2025.10.03	11:24:00	147.405	147.429	147.372	147.392	728	0	20
2025.10.03	11:36:00	147.393	147.394	147.342	147.374	828	0	20
2025.10.03	11:48:00	147.373	147.38	147.267	147.319	936	0	20
2025.10.03	12:00:00	147.319	147.424	147.3	147.4	595	0	20
2025.10.03	12:12:00	147.399	147.416	147.361	147.382	678	0	20
2025.10.03	12:24:00	147.383	147.395	147.344	147.348	753	0	20
2025.10.03	12:36:00	147.349	147.357	147.305	147.348	649	0	20
2025.10.03	12:48:00	147.348	147.396	147.339	147.359	535	0	20
2025.10.03	13:00:00	147.359	147.359	147.316	147.338	680	0	20
2025.10.03	13:12:00	147.337	147.36	147.336	147.347	325	0	20
2025.10.03	13:24:00	147.349	147.373	147.346	147.373	327	0	20
2025.10.03	13:36:00	147.372	147.38	147.3	147.308	458	0	20
2025.10.03	13:48:00	147.306	147.329	147.305	147.313	470	0	20
2025.10.03	14:00:00	147.312	147.376	147.297	147.359	467	0	20
2025.10.03	14:12:00	147.359	147.411	147.336	147.38	670	0	20
2025.10.03	14:24:00	147.381	147.381	147.245	147.255	784	0	20
2025.10.03	14:36:00	147.256	147.259	147.209	147.222	777	0	20
2025.10.03	14:48:00	147.221	147.277	147.211	147.267	750	0	20
2025.10.03	15:00:00	147.266	147.336	147.238	147.333	763	0	20
2025.10.03	15:12:00	147.335	147.356	147.266	147.272	716	0	20
2025.10.03	15:24:00	147.273	147.337	147.257	147.318	945	0	20
2025.10.03	15:36:00	147.317	147.401	147.271	147.318	1703	0	20
2025.10.03	15:48:00	147.318	147.32	147.22	147.254	1367	0	20
2025.10.03	16:00:00	147.253	147.344	147.232	147.327	1215	0	20
2025.10.03	16:12:00	147.323	147.323	147.233	147.244	1305	0	20
2025.10.03	16:24:00	147.244	147.275	147.209	147.246	979	0	20
2025.10.03	16:36:00	147.254	147.279	147.206	147.255	1221	0	20
2025.10.03	16:48:00	147.254	147.373	147.233	147.349	1298	0	20
2025.10.03	17:00:00	147.32	147.421	147.057	147.346	3147	0	20
2025.10.03	17:12:00	147.347	147.508	147.338	147.431	2456	0	20
2025.10.03	17:24:00	147.43	147.455	147.392	147.401	2090	0	20
2025.10.03	17:36:00	147.4	147.498	147.369	147.447	1836	0	20
2025.10.03	17:48:00	147.45	147.465	147.413	147.436	1404	0	20
2025.10.03	18:00:00	147.435	147.481	147.397	147.43	1071	0	20
2025.10.03	18:12:00	147.429	147.465	147.401	147.417	982	0	20
2025.10.03	18:24:00	147.417	147.418	147.353	147.373	1014	0	20
2025.10.03	18:36:00	147.372	147.384	147.296	147.308	957	0	20
2025.10.03	18:48:00	147.309	147.366	147.307	147.327	904	0	20
2025.10.03	19:00:00	147.326	147.396	147.318	147.385	763	0	20
2025.10.03	19:12:00	147.386	147.493	147.386	147.479	516	0	20
2025.10.03	19:24:00	147.478	147.494	147.452	147.462	511	0	20
2025.10.03	19:36:00	147.458	147.526	147.455	147.503	805	0	20
2025.10.03	19:48:00	147.504	147.508	147.469	147.494	622	0	20
2025.10.03	20:00:00	147.495	147.504	147.422	147.455	1006	0	20
2025.10.03	20:12:00	147.454	147.46	147.411	147.416	402	0	20
2025.10.03	20:24:00	147.417	147.448	147.397	147.423	426	0	20
2025.10.03	20:36:00	147.422	147.438	147.403	147.425	616	0	20
2025.10.03	20:48:00	147.425	147.503	147.416	147.495	824	0	20
2025.10.03	21:00:00	147.496	147.534	147.479	147.487	945	0	20
2025.10.03	21:12:00	147.488	147.531	147.486	147.502	860	0	20
2025.10.03	21:24:00	147.503	147.521	147.495	147.498	323	0	20
2025.10.03	21:36:00	147.499	147.509	147.457	147.466	279	0	20
2025.10.03	21:48:00	147.467	147.5	147.466	147.489	510	0	20
2025.10.03	22:00:00	147.488	147.514	147.467	147.49	798	0	20
2025.10.03	22:12:00	147.489	147.502	147.459	147.469	344	0	20
2025.10.03	22:24:00	147.469	147.486	147.464	147.479	192	0	20
2025.10.03	22:36:00	147.48	147.491	147.457	147.459	288	0	20
2025.10.03	22:48:00	147.46	147.485	147.446	147.448	439	0	20
2025.10.03	23:00:00	147.448	147.448	147.382	147.385	431	0	21
2025.10.03	23:12:00	147.382	147.453	147.372	147.443	261	0	20
2025.10.03	23:24:00	147.443	147.458	147.421	147.448	156	0	22
2025.10.03	23:36:00	147.447	147.484	147.423	147.442	255	0	23
2025.10.03	23:48:00	147.443	147.504	147.422	147.469	717	0	23
2025.10.06	00:00:00	149.477	149.483	149.334	149.37	236	0	32
2025.10.06	00:12:00	149.37	149.386	149.275	149.341	277	0	43
2025.10.06	00:24:00	149.35	149.353	149.275	149.29	122	0	47
2025.10.06	00:36:00	149.289	149.313	149.168	149.192	317	0	28
2025.10.06	00:48:00	149.192	149.193	149.09	149.102	428	0	44
2025.10.06	01:00:00	149.102	149.315	149.028	149.178	1790	0	20
2025.10.06	01:12:00	149.181	149.321	149.149	149.292	1435	0	21
2025.10.06	01:24:00	149.293	149.326	149.138	149.281	1258	0	20
2025.10.06	01:36:00	149.282	149.334	149.234	149.327	765	0	20
2025.10.06	01:48:00	149.325	149.385	149.293	149.316	556	0	20
2025.10.06	02:00:00	149.31	149.333	149.243	149.281	1520	0	20
2025.10.06	02:12:00	149.28	149.321	149.225	149.303	1349	0	20
2025.10.06	02:24:00	149.303	149.475	149.301	149.464	1837	0	21
2025.10.06	02:36:00	149.465	149.639	149.415	149.63	1394	0	20
2025.10.06	02:48:00	149.631	149.648	149.549	149.572	1785	0	20
2025.10.06	03:00:00	149.566	149.699	149.437	149.575	2735	0	20
2025.10.06	03:12:00	149.575	149.761	149.55	149.719	2056	0	20
2025.10.06	03:24:00	149.72	149.789	149.649	149.768	1366	0	20
2025.10.06	03:36:00	149.767	149.854	149.681	149.683	1326	0	20
2025.10.06	03:48:00	149.685	149.776	149.576	149.695	1945	0	20
2025.10.06	04:00:00	149.697	149.764	149.619	149.622	1250	0	20
2025.10.06	04:12:00	149.623	149.765	149.575	149.673	942	0	20
2025.10.06	04:24:00	149.673	149.796	149.608	149.72	1396	0	20
2025.10.06	04:36:00	149.72	149.819	149.72	149.795	1226	0	20
2025.10.06	04:48:00	149.795	149.821	149.732	149.761	882	0	20
2025.10.06	05:00:00	149.762	149.84	149.706	149.818	871	0	20
2025.10.06	05:12:00	149.824	149.849	149.769	149.831	717	0	20
2025.10.06	05:24:00	149.831	149.874	149.812	149.873	611	0	20
2025.10.06	05:36:00	149.873	149.908	149.861	149.879	520	0	20
2025.10.06	05:48:00	149.88	149.895	149.828	149.861	409	0	20
2025.10.06	06:00:00	149.86	149.923	149.811	149.922	599	0	20
2025.10.06	06:12:00	149.921	149.958	149.904	149.954	613	0	20
2025.10.06	06:24:00	149.955	149.961	149.919	149.931	479	0	20
2025.10.06	06:36:00	149.931	149.993	149.9	149.955	739	0	20
2025.10.06	06:48:00	149.956	150.091	149.955	150.05	1015	0	20
2025.10.06	07:00:00	150.051	150.067	149.837	150.062	1002	0	20
2025.10.06	07:12:00	150.062	150.165	150.026	150.131	1023	0	20
2025.10.06	07:24:00	150.131	150.191	150.097	150.189	871	0	20
2025.10.06	07:36:00	150.188	150.333	150.183	150.213	1445	0	20
2025.10.06	07:48:00	150.214	150.321	150.214	150.303	975	0	20
2025.10.06	08:00:00	150.306	150.338	150.255	150.312	1068	0	20
2025.10.06	08:12:00	150.313	150.337	150.241	150.297	705	0	20
2025.10.06	08:24:00	150.297	150.424	150.288	150.424	784	0	20
2025.10.06	08:36:00	150.424	150.425	150.256	150.277	846	0	20
2025.10.06	08:48:00	150.278	150.301	150.215	150.247	536	0	20
2025.10.06	09:00:00	150.244	150.295	150.093	150.292	1401	0	20
2025.10.06	09:12:00	150.292	150.339	150.167	150.199	879	0	20
2025.10.06	09:24:00	150.199	150.266	150.094	150.155	1419	0	20
2025.10.06	09:36:00	150.154	150.182	150.063	150.098	1711	0	20
2025.10.06	09:48:00	150.099	150.174	149.999	150.021	1672	0	20
2025.10.06	10:00:00	150.022	150.069	149.94	150.064	1565	0	20
2025.10.06	10:12:00	150.063	150.125	150.049	150.12	1419	0	20
2025.10.06	10:24:00	150.119	150.124	149.977	150.111	1129	0	20
2025.10.06	10:36:00	150.11	150.208	149.974	150.165	2757	0	20
2025.10.06	10:48:00	150.164	150.198	150.007	150.019	2573	0	20
2025.10.06	11:00:00	150.016	150.218	149.985	150.185	2194	0	20
2025.10.06	11:12:00	150.184	150.293	150.131	150.276	1571	0	20
2025.10.06	11:24:00	150.274	150.299	150.226	150.263	1390	0	20
2025.10.06	11:36:00	150.263	150.358	150.228	150.328	1014	0	20
2025.10.06	11:48:00	150.327	150.387	150.294	150.357	824	0	20
2025.10.06	12:00:00	150.358	150.422	150.321	150.399	1094	0	20
2025.10.06	12:12:00	150.398	150.399	150.289	150.299	935	0	20
2025.10.06	12:24:00	150.299	150.39	150.294	150.362	1043	0	20
2025.10.06	12:36:00	150.361	150.467	150.344	150.423	885	0	20
2025.10.06	12:48:00	150.423	150.437	150.341	150.365	751	0	20
2025.10.06	13:00:00	150.366	150.424	150.329	150.378	810	0	20
2025.10.06	13:12:00	150.378	150.388	150.308	150.359	842	0	20
2025.10.06	13:24:00	150.358	150.418	150.344	150.404	920	0	20
2025.10.06	13:36:00	150.405	150.413	150.332	150.333	798	0	20
2025.10.06	13:48:00	150.334	150.335	150.268	150.272	980	0	20
2025.10.06	14:00:00	150.272	150.358	150.265	150.358	1057	0	20
2025.10.06	14:12:00	150.357	150.396	150.319	150.356	992	0	20
2025.10.06	14:24:00	150.355	150.37	150.209	150.253	1359	0	20
2025.10.06	14:36:00	150.251	150.293	150.212	150.293	1044	0	20
2025.10.06	14:48:00	150.292	150.377	150.274	150.361	1221	0	20
2025.10.06	15:00:00	150.363	150.379	149.837	149.938	3267	0	20
2025.10.06	15:12:00	149.932	150.036	149.853	149.855	1925	0	20
2025.10.06	15:24:00	149.856	149.978	149.819	149.878	1939	0	20
2025.10.06	15:36:00	149.88	149.928	149.854	149.882	2017	0	20
2025.10.06	15:48:00	149.882	149.903	149.742	149.773	1844	0	20
2025.10.06	16:00:00	149.771	149.824	149.744	149.78	1805	0	20
2025.10.06	16:12:00	149.781	149.95	149.779	149.947	1130	0	20
2025.10.06	16:24:00	149.946	150.071	149.936	150.001	1395	0	20
2025.10.06	16:36:00	149.999	150.014	149.829	149.879	1961	0	20
2025.10.06	16:48:00	149.878	149.93	149.829	149.923	1823	0	20
2025.10.06	17:00:00	149.924	149.938	149.79	149.836	1600	0	20
2025.10.06	17:12:00	149.837	150.047	149.836	149.997	1595	0	20
2025.10.06	17:24:00	149.999	150.104	149.955	150.01	1620	0	20
2025.10.06	17:36:00	150.011	150.034	149.912	149.964	1185	0	20
2025.10.06	17:48:00	149.965	150.007	149.899	149.951	2077	0	20
2025.10.06	18:00:00	149.952	149.995	149.911	149.967	1733	0	20
2025.10.06	18:12:00	149.967	150.057	149.934	150.048	1068	0	20
2025.10.06	18:24:00	150.049	150.102	150.038	150.061	1074	0	20
2025.10.06	18:36:00	150.063	150.089	150.011	150.055	692	0	20
2025.10.06	18:48:00	150.054	150.075	150.013	150.015	694	0	20
2025.10.06	19:00:00	150.015	150.018	149.945	150.014	735	0	20
2025.10.06	19:12:00	150.022	150.1	150.015	150.079	751	0	20
2025.10.06	19:24:00	150.078	150.138	150.074	150.135	466	0	20
2025.10.06	19:36:00	150.131	150.15	150.113	150.114	407	0	20
2025.10.06	19:48:00	150.113	150.163	150.112	150.151	453	0	20
2025.10.06	20:00:00	150.149	150.158	150.072	150.083	456	0	20
2025.10.06	20:12:00	150.084	150.144	150.071	150.128	598	0	20
2025.10.06	20:24:00	150.128	150.176	150.119	150.151	501	0	20
2025.10.06	20:36:00	150.15	150.197	150.136	150.19	440	0	20
2025.10.06	20:48:00	150.189	150.228	150.188	150.196	424	0	20
2025.10.06	21:00:00	150.195	150.21	150.176	150.208	334	0	20
2025.10.06	21:12:00	150.206	150.23	150.186	150.199	310	0	20
2025.10.06	21:24:00	150.198	150.202	150.151	150.188	314	0	20
2025.10.06	21:36:00	150.188	150.232	150.185	150.22	349	0	20
2025.10.06	21:48:00	150.22	150.311	150.219	150.288	661	0	20
2025.10.06	22:00:00	150.287	150.31	150.234	150.243	530	0	20
2025.10.06	22:12:00	150.242	150.259	150.229	150.231	260	0	20
2025.10.06	22:24:00	150.23	150.24	150.219	150.226	274	0	20
2025.10.06	22:36:00	150.225	150.264	150.214	150.263	281	0	20
2025.10.06	22:48:00	150.264	150.326	150.261	150.313	422	0	20
2025.10.06	23:00:00	150.312	150.322	150.275	150.299	352	0	20
2025.10.06	23:12:00	150.298	150.335	150.292	150.323	257	0	21
2025.10.06	23:24:00	150.322	150.332	150.3	150.33	144	0	20
2025.10.06	23:36:00	150.329	150.386	150.329	150.362	147	0	22
2025.10.06	23:48:00	150.361	150.366	150.336	150.338	383	0	22
2025.10.07	00:00:00	150.238	150.296	150.238	150.279	27	0	76
2025.10.07	00:12:00	150.263	150.276	150.2	150.205	122	0	98
2025.10.07	00:24:00	150.206	150.222	150.19	150.213	47	0	95
2025.10.07	00:36:00	150.212	150.223	150.211	150.22	80	0	80
2025.10.07	00:48:00	150.219	150.233	150.217	150.229	121	0	75
2025.10.07	01:00:00	150.241	150.314	150.239	150.306	336	0	31
2025.10.07	01:12:00	150.304	150.313	150.264	150.287	719	0	25
2025.10.07	01:24:00	150.286	150.344	150.276	150.332	981	0	22
2025.10.07	01:36:00	150.333	150.376	150.327	150.347	507	0	20
2025.10.07	01:48:00	150.346	150.36	150.308	150.309	293	0	20
2025.10.07	02:00:00	150.305	150.319	150.254	150.318	473	0	20
2025.10.07	02:12:00	150.318	150.38	150.314	150.354	388	0	21
2025.10.07	02:24:00	150.354	150.381	150.34	150.344	297	0	21
2025.10.07	02:36:00	150.345	150.384	150.273	150.294	652	0	20
2025.10.07	02:48:00	150.292	150.36	150.286	150.352	721	0	20
2025.10.07	03:00:00	150.35	150.535	150.348	150.522	1234	0	20
2025.10.07	03:12:00	150.522	150.608	150.509	150.524	1378	0	20
2025.10.07	03:24:00	150.525	150.586	150.474	150.582	1009	0	20
2025.10.07	03:36:00	150.578	150.578	150.501	150.515	872	0	20
2025.10.07	03:48:00	150.516	150.526	150.412	150.48	1146	0	20
2025.10.07	04:00:00	150.48	150.603	150.476	150.503	818	0	20
2025.10.07	04:12:00	150.501	150.508	150.412	150.413	547	0	20
2025.10.07	04:24:00	150.415	150.447	150.356	150.431	591	0	20
2025.10.07	04:36:00	150.43	150.479	150.387	150.455	346	0	20
2025.10.07	04:48:00	150.455	150.513	150.448	150.496	480	0	20
2025.10.07	05:00:00	150.496	150.501	150.406	150.411	524	0	20
2025.10.07	05:12:00	150.41	150.459	150.328	150.459	623	0	20
2025.10.07	05:24:00	150.459	150.467	150.404	150.421	245	0	20
2025.10.07	05:36:00	150.423	150.475	150.418	150.466	279	0	20
2025.10.07	05:48:00	150.466	150.524	150.455	150.52	294	0	20
2025.10.07	06:00:00	150.521	150.523	150.415	150.421	310	0	20
2025.10.07	06:12:00	150.421	150.428	150.352	150.354	315	0	20
2025.10.07	06:24:00	150.356	150.424	150.354	150.397	301	0	20
2025.10.07	06:36:00	150.398	150.443	150.369	150.376	271	0	20
2025.10.07	06:48:00	150.376	150.416	150.35	150.351	276	0	20
2025.10.07	07:00:00	150.35	150.364	150.3	150.317	344	0	21
2025.10.07	07:12:00	150.318	150.334	150.299	150.317	211	0	22
2025.10.07	07:24:00	150.318	150.333	150.237	150.301	418	0	20
2025.10.07	07:36:00	150.301	150.402	150.297	150.395	410	0	20
2025.10.07	07:48:00	150.396	150.433	150.396	150.405	244	0	20
2025.10.07	08:00:00	150.406	150.478	150.391	150.476	321	0	20
2025.10.07	08:12:00	150.476	150.514	150.449	150.51	352	0	20
2025.10.07	08:24:00	150.51	150.512	150.441	150.444	357	0	20
2025.10.07	08:36:00	150.443	150.512	150.428	150.475	348	0	20
2025.10.07	08:48:00	150.473	150.532	150.443	150.486	544	0	20
2025.10.07	09:00:00	150.487	150.627	150.486	150.581	1425	0	20
2025.10.07	09:12:00	150.581	150.667	150.57	150.647	1169	0	20
2025.10.07	09:24:00	150.646	150.69	150.637	150.648	708	0	20
2025.10.07	09:36:00	150.647	150.654	150.611	150.641	1015	0	20
2025.10.07	09:48:00	150.642	150.65	150.57	150.614	1303	0	20
2025.10.07	10:00:00	150.614	150.701	150.597	150.682	1022	0	20
2025.10.07	10:12:00	150.681	150.681	150.539	150.576	1197	0	20
2025.10.07	10:24:00	150.576	150.589	150.526	150.579	1210	0	20
2025.10.07	10:36:00	150.579	150.641	150.546	150.62	845	0	20
2025.10.07	10:48:00	150.619	150.639	150.584	150.612	841	0	20
2025.10.07	11:00:00	150.612	150.62	150.513	150.572	720	0	20
2025.10.07	11:12:00	150.57	150.65	150.562	150.636	681	0	20
2025.10.07	11:24:00	150.635	150.707	150.624	150.703	728	0	20
2025.10.07	11:36:00	150.704	150.778	150.683	150.775	771	0	20
2025.10.07	11:48:00	150.778	150.821	150.754	150.783	888	0	20
2025.10.07	12:00:00	150.782	150.82	150.737	150.801	1002	0	20
2025.10.07	12:12:00	150.801	150.815	150.772	150.789	683	0	20
2025.10.07	12:24:00	150.789	150.795	150.747	150.791	832	0	20
2025.10.07	12:36:00	150.79	150.803	150.725	150.73	632	0	20
2025.10.07	12:48:00	150.73	150.759	150.716	150.744	770	0	20
2025.10.07	13:00:00	150.744	150.776	150.709	150.741	545	0	20
2025.10.07	13:12:00	150.741	150.767	150.731	150.754	368	0	20
2025.10.07	13:24:00	150.754	150.761	150.707	150.733	404	0	21
2025.10.07	13:36:00	150.734	150.745	150.696	150.715	557	0	20
2025.10.07	13:48:00	150.715	150.787	150.714	150.762	675	0	20
2025.10.07	14:00:00	150.764	150.835	150.753	150.822	504	0	20
2025.10.07	14:12:00	150.823	150.845	150.814	150.83	495	0	20
2025.10.07	14:24:00	150.831	150.872	150.831	150.867	611	0	20
2025.10.07	14:36:00	150.866	150.874	150.832	150.873	618	0	20
2025.10.07	14:48:00	150.873	150.94	150.866	150.886	909	0	20
2025.10.07	15:00:00	150.887	150.933	150.844	150.911	981	0	20
2025.10.07	15:12:00	150.91	151.017	150.909	150.973	955	0	20
2025.10.07	15:24:00	150.974	150.98	150.828	150.873	1252	0	20
2025.10.07	15:36:00	150.873	150.907	150.821	150.821	925	0	20
2025.10.07	15:48:00	150.82	150.869	150.793	150.821	1062	0	20
2025.10.07	16:00:00	150.822	150.856	150.722	150.773	1234	0	20
2025.10.07	16:12:00	150.777	150.873	150.741	150.758	1142	0	20
2025.10.07	16:24:00	150.758	150.828	150.741	150.815	1024	0	20
2025.10.07	16:36:00	150.815	150.862	150.802	150.822	1207	0	20
2025.10.07	16:48:00	150.822	150.931	150.806	150.924	928	0	20
2025.10.07	17:00:00	150.926	151.106	150.926	150.955	1684	0	20
2025.10.07	17:12:00	150.955	151.023	150.9	151.007	1163	0	20
2025.10.07	17:24:00	151.005	151.165	150.973	151.093	1316	0	20
2025.10.07	17:36:00	151.094	151.163	151.089	151.132	1186	0	20
2025.10.07	17:48:00	151.131	151.195	151.116	151.167	1242	0	20
2025.10.07	18:00:00	151.166	151.195	150.988	151.028	1452	0	20
2025.10.07	18:12:00	151.03	151.101	150.97	151.099	1136	0	20
2025.10.07	18:24:00	151.1	151.163	151.096	151.154	1280	0	20
2025.10.07	18:36:00	151.154	151.18	151.061	151.066	1216	0	20
2025.10.07	18:48:00	151.064	151.166	151.042	151.165	1310	0	20
2025.10.07	19:00:00	151.167	151.181	151.089	151.109	1123	0	20
2025.10.07	19:12:00	151.11	151.181	151.107	151.166	661	0	20
2025.10.07	19:24:00	151.165	151.267	151.165	151.258	789	0	20
2025.10.07	19:36:00	151.264	151.399	151.254	151.315	1107	0	20
2025.10.07	19:48:00	151.315	151.326	151.276	151.316	843	0	20
2025.10.07	20:00:00	151.315	151.357	151.24	151.315	1005	0	20
2025.10.07	20:12:00	151.315	151.422	151.314	151.416	709	0	20
2025.10.07	20:24:00	151.416	151.524	151.408	151.476	1089	0	20
2025.10.07	20:36:00	151.476	151.499	151.448	151.451	785	0	20
2025.10.07	20:48:00	151.451	151.516	151.451	151.508	621	0	20
2025.10.07	21:00:00	151.508	151.599	151.485	151.587	888	0	20
2025.10.07	21:12:00	151.586	151.764	151.55	151.742	997	0	20
2025.10.07	21:24:00	151.741	151.831	151.73	151.792	787	0	20
2025.10.07	21:36:00	151.794	151.925	151.794	151.884	985	0	20
2025.10.07	21:48:00	151.886	151.911	151.791	151.813	832	0	20
2025.10.07	22:00:00	151.814	151.825	151.733	151.767	644	0	20
2025.10.07	22:12:00	151.766	151.872	151.752	151.833	705	0	20
2025.10.07	22:24:00	151.834	151.873	151.831	151.861	506	0	20
2025.10.07	22:36:00	151.861	151.943	151.861	151.94	547	0	20
2025.10.07	22:48:00	151.94	151.94	151.884	151.895	444	0	20
2025.10.07	23:00:00	151.897	151.981	151.897	151.974	541	0	20
2025.10.07	23:12:00	151.973	152.033	151.942	151.978	423	0	20
2025.10.07	23:24:00	151.979	151.981	151.944	151.96	211	0	22
2025.10.07	23:36:00	151.959	151.959	151.887	151.888	169	0	21
2025.10.07	23:48:00	151.891	151.91	151.868	151.88	490	0	21
2025.10.08	00:00:00	151.877	151.889	151.867	151.887	40	0	77
2025.10.08	00:12:00	151.887	151.905	151.885	151.885	31	0	35
2025.10.08	00:24:00	151.885	151.885	151.865	151.877	183	0	38
2025.10.08	00:36:00	151.876	151.881	151.862	151.87	104	0	33
2025.10.08	00:48:00	151.87	151.87	151.825	151.837	117	0	31
2025.10.08	01:00:00	151.861	151.875	151.725	151.732	384	0	24
2025.10.08	01:12:00	151.731	151.852	151.731	151.829	306	0	23
2025.10.08	01:24:00	151.83	151.881	151.816	151.843	256	0	21
2025.10.08	01:36:00	151.843	151.849	151.805	151.83	257	0	20
2025.10.08	01:48:00	151.831	151.841	151.804	151.805	219	0	20
2025.10.08	02:00:00	151.806	151.953	151.785	151.915	619	0	20
2025.10.08	02:12:00	151.915	152.084	151.914	152.046	609	0	20
2025.10.08	02:24:00	152.045	152.046	151.909	152.005	802	0	20
2025.10.08	02:36:00	152.005	152.036	151.953	152.013	608	0	20
2025.10.08	02:48:00	152.012	152.061	151.948	152.045	986	0	21
2025.10.08	03:00:00	152.046	152.311	152.044	152.269	1805	0	20
2025.10.08	03:12:00	152.268	152.328	152.211	152.311	1289	0	20
2025.10.08	03:24:00	152.312	152.366	152.225	152.251	1437	0	20
2025.10.08	03:36:00	152.252	152.259	152.19	152.23	954	0	20
2025.10.08	03:48:00	152.229	152.359	152.125	152.297	1487	0	20
2025.10.08	04:00:00	152.296	152.44	152.261	152.279	1857	0	20
2025.10.08	04:12:00	152.279	152.403	152.264	152.355	973	0	20
2025.10.08	04:24:00	152.353	152.52	152.348	152.428	1364	0	20
2025.10.08	04:36:00	152.429	152.458	152.38	152.405	757	0	20
2025.10.08	04:48:00	152.403	152.593	152.39	152.591	935	0	20
2025.10.08	05:00:00	152.591	152.637	152.527	152.542	1063	0	20
2025.10.08	05:12:00	152.543	152.585	152.503	152.507	1041	0	20
2025.10.08	05:24:00	152.505	152.537	152.435	152.457	750	0	20
2025.10.08	05:36:00	152.456	152.476	152.361	152.362	455	0	20
2025.10.08	05:48:00	152.363	152.474	152.294	152.473	611	0	20
2025.10.08	06:00:00	152.474	152.533	152.473	152.53	369	0	20
2025.10.08	06:12:00	152.529	152.554	152.5	152.502	226	0	20
2025.10.08	06:24:00	152.501	152.531	152.47	152.476	262	0	20
2025.10.08	06:36:00	152.475	152.495	152.431	152.433	391	0	20
2025.10.08	06:48:00	152.434	152.473	152.392	152.401	468	0	20
2025.10.08	07:00:00	152.401	152.477	152.364	152.475	474	0	20
2025.10.08	07:12:00	152.478	152.482	152.44	152.45	314	0	20
2025.10.08	07:24:00	152.449	152.475	152.38	152.391	340	0	20
2025.10.08	07:36:00	152.39	152.413	152.297	152.299	383	0	20
2025.10.08	07:48:00	152.299	152.402	152.298	152.354	465	0	20
2025.10.08	08:00:00	152.355	152.4	152.341	152.379	600	0	20
2025.10.08	08:12:00	152.379	152.381	152.319	152.325	483	0	20
2025.10.08	08:24:00	152.326	152.357	152.289	152.291	508	0	20
2025.10.08	08:36:00	152.291	152.395	152.275	152.355	569	0	20
2025.10.08	08:48:00	152.354	152.43	152.346	152.391	748	0	20
2025.10.08	09:00:00	152.391	152.475	152.241	152.474	1563	0	20
2025.10.08	09:12:00	152.474	152.512	152.405	152.459	1610	0	20
2025.10.08	09:24:00	152.458	152.472	152.343	152.44	1936	0	20
2025.10.08	09:36:00	152.44	152.503	152.365	152.368	1310	0	20
2025.10.08	09:48:00	152.367	152.411	152.319	152.333	1071	0	20
2025.10.08	10:00:00	152.333	152.438	152.319	152.377	1105	0	20
2025.10.08	10:12:00	152.381	152.517	152.373	152.458	1170	0	20
2025.10.08	10:24:00	152.459	152.511	152.391	152.411	1350	0	20
2025.10.08	10:36:00	152.413	152.464	152.381	152.4	1295	0	20
2025.10.08	10:48:00	152.401	152.543	152.341	152.532	1688	0	20
2025.10.08	11:00:00	152.533	152.556	152.366	152.424	1150	0	20
2025.10.08	11:12:00	152.423	152.448	152.366	152.385	1301	0	20
2025.10.08	11:24:00	152.386	152.478	152.379	152.476	1163	0	20
2025.10.08	11:36:00	152.477	152.57	152.477	152.541	1029	0	20
2025.10.08	11:48:00	152.54	152.775	152.536	152.734	1615	0	20
2025.10.08	12:00:00	152.734	152.879	152.723	152.751	1417	0	20
2025.10.08	12:12:00	152.753	152.79	152.708	152.771	847	0	20
2025.10.08	12:24:00	152.768	152.943	152.766	152.928	946	0	20
2025.10.08	12:36:00	152.928	152.951	152.845	152.905	970	0	20
2025.10.08	12:48:00	152.907	152.988	152.901	152.961	970	0	20
2025.10.08	13:00:00	152.962	152.987	152.845	152.876	837	0	20
2025.10.08	13:12:00	152.873	152.91	152.815	152.815	588	0	20
2025.10.08	13:24:00	152.82	152.861	152.752	152.848	569	0	20
2025.10.08	13:36:00	152.849	152.919	152.83	152.85	386	0	20
2025.10.08	13:48:00	152.85	152.924	152.641	152.718	988	0	20
2025.10.08	14:00:00	152.697	152.838	152.662	152.79	1105	0	20
2025.10.08	14:12:00	152.791	152.794	152.714	152.722	752	0	20
2025.10.08	14:24:00	152.722	152.75	152.633	152.694	705	0	20
2025.10.08	14:36:00	152.692	152.733	152.663	152.684	491	0	20
2025.10.08	14:48:00	152.689	152.717	152.648	152.683	775	0	20
2025.10.08	15:00:00	152.682	152.737	152.631	152.67	1133	0	20
2025.10.08	15:12:00	152.669	152.681	152.597	152.619	1193	0	20
2025.10.08	15:24:00	152.62	152.651	152.537	152.553	1239	0	20
2025.10.08	15:36:00	152.552	152.688	152.552	152.557	979	0	20
2025.10.08	15:48:00	152.558	152.608	152.427	152.497	1381	0	20
2025.10.08	16:00:00	152.496	152.517	152.406	152.421	1335	0	20
2025.10.08	16:12:00	152.422	152.552	152.363	152.545	1212	0	20
2025.10.08	16:24:00	152.545	152.564	152.49	152.542	1456	0	20
2025.10.08	16:36:00	152.54	152.613	152.468	152.607	1860	0	20
2025.10.08	16:48:00	152.608	152.654	152.512	152.58	1705	0	20
2025.10.08	17:00:00	152.58	152.659	152.512	152.646	1640	0	20
2025.10.08	17:12:00	152.642	152.661	152.585	152.592	934	0	20
2025.10.08	17:24:00	152.593	152.624	152.451	152.475	1324	0	20
2025.10.08	17:36:00	152.475	152.512	152.427	152.452	971	0	20
2025.10.08	17:48:00	152.452	152.507	152.422	152.505	1076	0	20
2025.10.08	18:00:00	152.505	152.656	152.501	152.639	783	0	20
2025.10.08	18:12:00	152.641	152.698	152.615	152.642	748	0	20
2025.10.08	18:24:00	152.641	152.71	152.614	152.699	972	0	20
2025.10.08	18:36:00	152.699	152.732	152.673	152.726	904	0	20
2025.10.08	18:48:00	152.725	152.778	152.7	152.711	853	0	20
2025.10.08	19:00:00	152.71	152.778	152.681	152.744	660	0	20
2025.10.08	19:12:00	152.741	152.755	152.711	152.745	755	0	20
2025.10.08	19:24:00	152.744	152.786	152.713	152.781	717	0	20
2025.10.08	19:36:00	152.781	152.787	152.74	152.767	633	0	20
2025.10.08	19:48:00	152.767	152.768	152.741	152.747	448	0	21
2025.10.08	20:00:00	152.745	152.8	152.735	152.784	563	0	20
2025.10.08	20:12:00	152.784	152.804	152.763	152.77	434	0	20
2025.10.08	20:24:00	152.769	152.804	152.752	152.777	563	0	21
2025.10.08	20:36:00	152.777	152.79	152.766	152.78	393	0	20
2025.10.08	20:48:00	152.779	152.875	152.778	152.858	625	0	20
2025.10.08	21:00:00	152.857	152.935	152.831	152.884	967	0	20
2025.10.08	21:12:00	152.884	152.915	152.799	152.858	1232	0	20
2025.10.08	21:24:00	152.857	152.869	152.722	152.724	845	0	20
2025.10.08	21:36:00	152.723	152.73	152.636	152.695	545	0	20
2025.10.08	21:48:00	152.694	152.717	152.663	152.71	447	0	20
2025.10.08	22:00:00	152.708	152.731	152.63	152.71	805	0	20
2025.10.08	22:12:00	152.711	152.743	152.705	152.72	564	0	20
2025.10.08	22:24:00	152.719	152.723	152.66	152.697	593	0	20
2025.10.08	22:36:00	152.696	152.734	152.694	152.719	338	0	20
2025.10.08	22:48:00	152.715	152.733	152.685	152.699	429	0	20
2025.10.08	23:00:00	152.698	152.724	152.684	152.714	294	0	20
2025.10.08	23:12:00	152.714	152.722	152.665	152.676	314	0	21
2025.10.08	23:24:00	152.675	152.715	152.67	152.696	280	0	20
2025.10.08	23:36:00	152.694	152.698	152.64	152.65	244	0	21
2025.10.08	23:48:00	152.653	152.695	152.651	152.681	513	0	22
2025.10.09	00:00:00	152.598	152.629	152.525	152.61	32	0	134
2025.10.09	00:12:00	152.61	152.61	152.61	152.61	11	0	148
2025.10.09	00:24:00	152.61	152.63	152.503	152.541	82	0	90
2025.10.09	00:36:00	152.541	152.571	152.541	152.569	17	0	111
2025.10.09	00:48:00	152.57	152.636	152.57	152.624	55	0	76
2025.10.09	01:00:00	152.624	152.66	152.598	152.63	424	0	22
2025.10.09	01:12:00	152.63	152.642	152.571	152.582	303	0	20
2025.10.09	01:24:00	152.583	152.622	152.581	152.599	359	0	21
2025.10.09	01:36:00	152.599	152.599	152.548	152.548	300	0	21
2025.10.09	01:48:00	152.549	152.558	152.48	152.518	529	0	20
2025.10.09	02:00:00	152.517	152.54	152.463	152.463	493	0	20
2025.10.09	02:12:00	152.466	152.687	152.452	152.671	850	0	20
2025.10.09	02:24:00	152.671	152.711	152.603	152.643	621	0	20
2025.10.09	02:36:00	152.633	152.641	152.591	152.615	795	0	20
2025.10.09	02:48:00	152.616	152.7	152.533	152.698	1160	0	20
2025.10.09	03:00:00	152.697	152.729	152.482	152.594	1556	0	20
2025.10.09	03:12:00	152.595	152.619	152.468	152.497	1263	0	20
2025.10.09	03:24:00	152.497	152.566	152.476	152.479	1199	0	20
2025.10.09	03:36:00	152.48	152.562	152.444	152.546	1011	0	20
2025.10.09	03:48:00	152.547	152.694	152.506	152.694	1620	0	20
2025.10.09	04:00:00	152.694	152.755	152.569	152.607	1923	0	20
2025.10.09	04:12:00	152.607	152.646	152.458	152.468	1519	0	20
2025.10.09	04:24:00	152.467	152.53	152.439	152.459	1084	0	20
2025.10.09	04:36:00	152.46	152.485	152.397	152.433	846	0	20
2025.10.09	04:48:00	152.432	152.599	152.43	152.51	728	0	20
2025.10.09	05:00:00	152.51	152.569	152.499	152.534	483	0	20
2025.10.09	05:12:00	152.531	152.595	152.51	152.558	455	0	21
2025.10.09	05:24:00	152.558	152.585	152.513	152.522	382	0	20
2025.10.09	05:36:00	152.522	152.523	152.459	152.467	388	0	20
2025.10.09	05:48:00	152.468	152.475	152.4	152.452	459	0	20
2025.10.09	06:00:00	152.454	152.501	152.444	152.499	391	0	20
2025.10.09	06:12:00	152.5	152.569	152.499	152.534	497	0	20
2025.10.09	06:24:00	152.533	152.536	152.48	152.484	440	0	20
2025.10.09	06:36:00	152.483	152.504	152.475	152.49	282	0	20
2025.10.09	06:48:00	152.49	152.522	152.479	152.501	301	0	20
2025.10.09	07:00:00	152.501	152.583	152.499	152.582	202	0	20
2025.10.09	07:12:00	152.581	152.587	152.537	152.546	252	0	20
2025.10.09	07:24:00	152.546	152.584	152.542	152.568	204	0	20
2025.10.09	07:36:00	152.568	152.574	152.511	152.512	246	0	20
2025.10.09	07:48:00	152.512	152.513	152.44	152.459	368	0	20
2025.10.09	08:00:00	152.461	152.518	152.456	152.499	410	0	20
2025.10.09	08:12:00	152.498	152.516	152.486	152.511	261	0	20
2025.10.09	08:24:00	152.508	152.559	152.496	152.556	394	0	20
2025.10.09	08:36:00	152.557	152.56	152.508	152.51	289	0	20
2025.10.09	08:48:00	152.514	152.644	152.497	152.624	569	0	20
2025.10.09	09:00:00	152.626	152.815	152.624	152.81	940	0	20
2025.10.09	09:12:00	152.813	153.018	152.799	152.954	1737	0	20
2025.10.09	09:24:00	152.954	153.068	152.906	153.0	1865	0	20
2025.10.09	09:36:00	153.002	153.125	152.978	153.071	1711	0	20
2025.10.09	09:48:00	153.071	153.096	152.957	152.968	1637	0	20
2025.10.09	10:00:00	152.964	153.046	152.908	152.91	1595	0	20
2025.10.09	10:12:00	152.91	153.014	152.839	153.012	1185	0	20
2025.10.09	10:24:00	153.013	153.076	152.956	153.076	1071	0	20
2025.10.09	10:36:00	153.075	153.209	153.016	153.059	1251	0	20
2025.10.09	10:48:00	153.059	153.111	153.042	153.057	1417	0	20
2025.10.09	11:00:00	153.056	153.128	153.004	153.08	1521	0	20
2025.10.09	11:12:00	153.08	153.093	153.041	153.063	1174	0	20
2025.10.09	11:24:00	153.064	153.091	153.008	153.073	1150	0	20
2025.10.09	11:36:00	153.073	153.076	152.787	152.852	1206	0	20
2025.10.09	11:48:00	152.855	152.915	152.747	152.791	942	0	20
2025.10.09	12:00:00	152.79	152.799	152.465	152.727	2106	0	20
2025.10.09	12:12:00	152.727	152.845	152.689	152.718	1518	0	20
2025.10.09	12:24:00	152.718	152.743	152.625	152.628	1318	0	20
2025.10.09	12:36:00	152.625	152.667	152.578	152.628	958	0	20
2025.10.09	12:48:00	152.628	152.65	152.506	152.545	1090	0	20
2025.10.09	13:00:00	152.544	152.581	152.485	152.545	697	0	20
2025.10.09	13:12:00	152.546	152.652	152.524	152.625	568	0	20
2025.10.09	13:24:00	152.626	152.673	152.585	152.669	626	0	20
2025.10.09	13:36:00	152.67	152.727	152.653	152.715	753	0	20
2025.10.09	13:48:00	152.72	152.738	152.639	152.649	676	0	20
2025.10.09	14:00:00	152.648	152.814	152.643	152.81	1046	0	20
2025.10.09	14:12:00	152.808	152.809	152.693	152.694	569	0	20
2025.10.09	14:24:00	152.694	152.764	152.684	152.707	464	0	20
2025.10.09	14:36:00	152.706	152.751	152.649	152.698	565	0	20
2025.10.09	14:48:00	152.698	152.83	152.697	152.784	971	0	20
2025.10.09	15:00:00	152.784	152.801	152.713	152.782	1580	0	20
2025.10.09	15:12:00	152.782	152.821	152.736	152.75	1372	0	20
2025.10.09	15:24:00	152.749	152.78	152.667	152.706	623	0	20
2025.10.09	15:36:00	152.708	152.834	152.644	152.763	1537	0	20
2025.10.09	15:48:00	152.76	152.833	152.729	152.737	1385	0	20
2025.10.09	16:00:00	152.735	152.858	152.099	152.327	3173	0	20
2025.10.09	16:12:00	152.327	152.71	152.27	152.649	2270	0	20
2025.10.09	16:24:00	152.642	152.739	152.544	152.736	2331	0	20
2025.10.09	16:36:00	152.736	152.945	152.735	152.899	2159	0	20
2025.10.09	16:48:00	152.899	152.923	152.8	152.855	1775	0	20
2025.10.09	17:00:00	152.855	152.977	152.852	152.974	1756	0	20
2025.10.09	17:12:00	152.975	153.082	152.889	153.079	1631	0	20
2025.10.09	17:24:00	153.078	153.174	153.034	153.053	2039	0	20
2025.10.09	17:36:00	153.054	153.079	152.911	152.98	1411	0	20
2025.10.09	17:48:00	152.982	153.043	152.913	153.032	1092	0	20
2025.10.09	18:00:00	153.032	153.14	153.011	153.097	1282	0	20
2025.10.09	18:12:00	153.098	153.138	153.029	153.134	989	0	20
2025.10.09	18:24:00	153.135	153.221	153.09	153.116	1319	0	20
2025.10.09	18:36:00	153.119	153.194	153.045	153.046	1862	0	20
2025.10.09	18:48:00	153.048	153.068	152.935	153.041	1552	0	20
2025.10.09	19:00:00	153.041	153.056	152.982	153.041	1216	0	20
2025.10.09	19:12:00	153.041	153.092	153.031	153.066	987	0	20
2025.10.09	19:24:00	153.068	153.136	153.018	153.125	1067	0	20
2025.10.09	19:36:00	153.124	153.137	153.053	153.067	1415	0	20
2025.10.09	19:48:00	153.068	153.083	152.983	152.992	1512	0	20
2025.10.09	20:00:00	152.993	153.059	152.901	153.0	1469	0	20
2025.10.09	20:12:00	153.001	153.067	152.959	152.971	1553	0	20
2025.10.09	20:24:00	152.97	152.972	152.898	152.933	1160	0	20
2025.10.09	20:36:00	152.932	153.088	152.927	153.08	875	0	20
2025.10.09	20:48:00	153.078	153.078	153.009	153.042	1061	0	20
2025.10.09	21:00:00	153.041	153.07	153.008	153.04	699	0	20
2025.10.09	21:12:00	153.042	153.051	152.989	153.019	694	0	20
2025.10.09	21:24:00	153.019	153.093	153.018	153.07	532	0	20
2025.10.09	21:36:00	153.07	153.133	153.064	153.12	685	0	20
2025.10.09	21:48:00	153.12	153.203	153.119	153.169	1046	0	20
2025.10.09	22:00:00	153.168	153.17	153.085	153.149	837	0	20
2025.10.09	22:12:00	153.15	153.165	153.116	153.136	730	0	20
2025.10.09	22:24:00	153.137	153.152	153.105	153.125	729	0	20
2025.10.09	22:36:00	153.124	153.142	153.062	153.077	768	0	20
2025.10.09	22:48:00	153.076	153.085	153.038	153.056	935	0	20
2025.10.09	23:00:00	153.062	153.087	153.035	153.067	522	0	20
2025.10.09	23:12:00	153.067	153.081	153.036	153.054	213	0	20
2025.10.09	23:24:00	153.053	153.055	152.995	153.01	310	0	20
2025.10.09	23:36:00	153.01	153.069	153.009	153.054	254	0	21
2025.10.09	23:48:00	153.054	153.088	153.052	153.059	756	0	23
2025.10.10	00:00:00	152.951	152.984	152.9	152.953	51	0	159
2025.10.10	00:12:00	153.0	153.021	152.949	153.021	50	0	89
2025.10.10	00:24:00	153.022	153.052	153.016	153.051	36	0	65
2025.10.10	00:36:00	153.051	153.051	153.042	153.049	24	0	53
2025.10.10	00:48:00	153.045	153.05	153.036	153.042	87	0	41
2025.10.10	01:00:00	153.042	153.072	152.96	153.048	421	0	20
2025.10.10	01:12:00	153.048	153.07	153.014	153.014	292	0	22
2025.10.10	01:24:00	153.014	153.061	153.009	153.06	190	0	20
2025.10.10	01:36:00	153.059	153.059	153.031	153.044	161	0	20
2025.10.10	01:48:00	153.043	153.054	153.019	153.019	135	0	22
2025.10.10	02:00:00	153.019	153.21	153.019	153.203	742	0	20
2025.10.10	02:12:00	153.204	153.262	153.069	153.081	1051	0	20
2025.10.10	02:24:00	153.082	153.113	153.043	153.075	720	0	20
2025.10.10	02:36:00	153.076	153.084	152.989	153.039	863	0	20
2025.10.10	02:48:00	153.041	153.082	152.953	153.014	1254	0	20
2025.10.10	03:00:00	153.014	153.139	152.95	153.133	1677	0	20
2025.10.10	03:12:00	153.134	153.154	153.101	153.11	969	0	20
2025.10.10	03:24:00	153.107	153.125	153.015	153.096	783	0	20
2025.10.10	03:36:00	153.096	153.118	153.049	153.099	788	0	20
2025.10.10	03:48:00	153.097	153.123	152.935	152.946	1624	0	20
2025.10.10	04:00:00	152.945	152.993	152.849	152.905	1330	0	20
2025.10.10	04:12:00	152.905	152.912	152.829	152.885	878	0	20
2025.10.10	04:24:00	152.884	152.966	152.864	152.933	837	0	20
2025.10.10	04:36:00	152.933	152.975	152.92	152.931	640	0	21
2025.10.10	04:48:00	152.934	153.04	152.932	153.01	701	0	20
2025.10.10	05:00:00	153.01	153.024	152.907	152.91	745	0	20
2025.10.10	05:12:00	152.909	152.956	152.856	152.887	792	0	20
2025.10.10	05:24:00	152.886	152.935	152.855	152.933	442	0	20
2025.10.10	05:36:00	152.932	152.948	152.92	152.943	255	0	20
2025.10.10	05:48:00	152.943	152.953	152.889	152.903	581	0	20
2025.10.10	06:00:00	152.907	152.925	152.821	152.874	611	0	20
2025.10.10	06:12:00	152.875	152.886	152.785	152.79	381	0	20
2025.10.10	06:24:00	152.791	152.829	152.789	152.804	403	0	20
2025.10.10	06:36:00	152.804	152.804	152.693	152.708	785	0	20
2025.10.10	06:48:00	152.709	152.709	152.635	152.655	490	0	20
2025.10.10	07:00:00	152.654	152.705	152.628	152.702	516	0	20
2025.10.10	07:12:00	152.702	152.754	152.7	152.713	353	0	20
2025.10.10	07:24:00	152.711	152.763	152.658	152.761	352	0	20
2025.10.10	07:36:00	152.761	152.796	152.757	152.795	499	0	20
2025.10.10	07:48:00	152.795	152.82	152.738	152.742	370	0	20
2025.10.10	08:00:00	152.742	152.762	152.676	152.711	599	0	20
2025.10.10	08:12:00	152.71	152.769	152.698	152.72	429	0	20
2025.10.10	08:24:00	152.725	152.793	152.718	152.766	428	0	20
2025.10.10	08:36:00	152.767	152.825	152.741	152.755	435	0	20
2025.10.10	08:48:00	152.757	152.839	152.757	152.821	1009	0	20
2025.10.10	09:00:00	152.817	152.889	152.81	152.837	789	0	20
2025.10.10	09:12:00	152.838	152.906	152.831	152.868	755	0	20
2025.10.10	09:24:00	152.866	152.887	152.472	152.529	1182	0	20
2025.10.10	09:36:00	152.54	152.8	152.366	152.66	2729	0	20
2025.10.10	09:48:00	152.66	152.69	152.487	152.521	2159	0	20
2025.10.10	10:00:00	152.521	152.673	152.475	152.661	2883	0	20
2025.10.10	10:12:00	152.66	152.797	152.658	152.787	2257	0	20
2025.10.10	10:24:00	152.786	152.939	152.772	152.857	1881	0	20
2025.10.10	10:36:00	152.862	152.891	152.795	152.88	1289	0	20
2025.10.10	10:48:00	152.88	152.896	152.805	152.836	1252	0	20
2025.10.10	11:00:00	152.837	152.926	152.71	152.717	1711	0	20
2025.10.10	11:12:00	152.716	152.717	152.611	152.614	1307	0	20
2025.10.10	11:24:00	152.613	152.703	152.583	152.672	1100	0	20
2025.10.10	11:36:00	152.671	152.749	152.655	152.706	1194	0	20
2025.10.10	11:48:00	152.707	152.718	152.634	152.635	1120	0	20
2025.10.10	12:00:00	152.635	152.695	152.601	152.68	1017	0	20
2025.10.10	12:12:00	152.681	152.742	152.649	152.739	1118	0	20
2025.10.10	12:24:00	152.741	152.819	152.714	152.817	966	0	20
2025.10.10	12:36:00	152.818	152.836	152.794	152.801	616	0	20
2025.10.10	12:48:00	152.808	152.808	152.747	152.783	1254	0	20
2025.10.10	13:00:00	152.78	152.803	152.715	152.727	979	0	20
2025.10.10	13:12:00	152.727	152.727	152.622	152.638	634	0	20
2025.10.10	13:24:00	152.637	152.711	152.621	152.693	797	0	20
2025.10.10	13:36:00	152.691	152.738	152.685	152.726	587	0	20
2025.10.10	13:48:00	152.725	152.73	152.66	152.71	603	0	20
2025.10.10	14:00:00	152.71	152.749	152.687	152.705	658	0	20
2025.10.10	14:12:00	152.705	152.73	152.664	152.682	677	0	20
2025.10.10	14:24:00	152.683	152.731	152.661	152.705	932	0	21
2025.10.10	14:36:00	152.704	152.705	152.534	152.58	1065	0	20
2025.10.10	14:48:00	152.58	152.633	152.549	152.624	830	0	20
2025.10.10	15:00:00	152.623	152.64	152.509	152.522	931	0	20
2025.10.10	15:12:00	152.521	152.565	152.507	152.535	1052	0	20
2025.10.10	15:24:00	152.535	152.585	152.524	152.578	906	0	20
2025.10.10	15:36:00	152.582	152.603	152.523	152.557	745	0	20
2025.10.10	15:48:00	152.557	152.58	152.507	152.546	693	0	20
2025.10.10	16:00:00	152.547	152.68	152.54	152.645	1273	0	20
2025.10.10	16:12:00	152.646	152.658	152.519	152.551	1206	0	20
2025.10.10	16:24:00	152.55	152.678	152.546	152.586	1649	0	20
2025.10.10	16:36:00	152.586	152.681	152.586	152.636	1539	0	20
2025.10.10	16:48:00	152.634	152.653	152.585	152.645	1076	0	20
2025.10.10	17:00:00	152.647	152.701	152.556	152.615	1605	0	20
2025.10.10	17:12:00	152.615	152.626	152.543	152.598	1687	0	20
2025.10.10	17:24:00	152.599	152.652	152.584	152.617	1314	0	20
2025.10.10	17:36:00	152.617	152.637	152.591	152.602	1033	0	20
2025.10.10	17:48:00	152.603	152.604	152.408	152.45	1760	0	20
2025.10.10	18:00:00	152.448	152.448	151.822	152.021	4273	0	20
2025.10.10	18:12:00	152.022	152.048	151.679	151.774	3441	0	20
2025.10.10	18:24:00	151.774	151.774	151.494	151.657	3735	0	20
2025.10.10	18:36:00	151.665	151.913	151.611	151.87	3885	0	20
2025.10.10	18:48:00	151.871	151.957	151.813	151.933	3343	0	20
2025.10.10	19:00:00	151.933	151.971	151.832	151.915	2886	0	20
2025.10.10	19:12:00	151.921	152.169	151.872	152.164	2205	0	20
2025.10.10	19:24:00	152.165	152.176	151.976	152.019	2133	0	20
2025.10.10	19:36:00	152.017	152.097	151.966	151.969	1971	0	20
2025.10.10	19:48:00	151.969	152.014	151.858	151.878	1666	0	20
2025.10.10	20:00:00	151.877	151.937	151.767	151.899	1766	0	20
2025.10.10	20:12:00	151.901	151.923	151.71	151.781	1915	0	20
2025.10.10	20:24:00	151.782	151.905	151.758	151.866	1827	0	20
2025.10.10	20:36:00	151.873	151.932	151.83	151.886	1085	0	20
2025.10.10	20:48:00	151.887	151.933	151.824	151.857	1115	0	20
2025.10.10	21:00:00	151.857	151.889	151.75	151.773	1276	0	20
2025.10.10	21:12:00	151.773	151.851	151.758	151.788	1027	0	20
2025.10.10	21:24:00	151.789	151.809	151.72	151.723	971	0	20
2025.10.10	21:36:00	151.721	151.753	151.696	151.747	1077	0	20
2025.10.10	21:48:00	151.745	151.751	151.622	151.707	1385	0	20
2025.10.10	22:00:00	151.706	151.795	151.705	151.729	1137	0	20
2025.10.10	22:12:00	151.729	151.733	151.673	151.68	869	0	20
2025.10.10	22:24:00	151.68	151.703	151.565	151.565	991	0	20
2025.10.10	22:36:00	151.565	151.673	151.52	151.659	1031	0	20
2025.10.10	22:48:00	151.659	151.678	151.538	151.579	1201	0	20
2025.10.10	23:00:00	151.579	151.668	151.564	151.639	688	0	20
2025.10.10	23:12:00	151.639	151.657	151.582	151.628	407	0	20
2025.10.10	23:24:00	151.626	151.67	151.615	151.659	377	0	20
2025.10.10	23:36:00	151.66	151.712	151.657	151.704	372	0	23
2025.10.10	23:48:00	151.705	151.709	151.154	151.162	1755	0	20
2025.10.13	00:00:00	151.847	151.859	151.773	151.819	79	0	60
2025.10.13	00:12:00	151.82	151.888	151.818	151.845	45	0	47
2025.10.13	00:24:00	151.842	151.869	151.792	151.861	75	0	39
2025.10.13	00:36:00	151.856	151.892	151.849	151.872	59	0	67
2025.10.13	00:48:00	151.875	151.892	151.783	151.783	139	0	47
2025.10.13	01:00:00	151.784	152.105	151.782	152.059	1302	0	23
2025.10.13	01:12:00	152.061	152.267	152.026	152.18	1134	0	20
2025.10.13	01:24:00	152.181	152.208	151.957	151.973	976	0	20
2025.10.13	01:36:00	151.973	152.006	151.855	151.965	826	0	20
2025.10.13	01:48:00	151.965	151.985	151.89	151.925	727	0	20
2025.10.13	02:00:00	151.918	151.94	151.729	151.858	1535	0	20
2025.10.13	02:12:00	151.856	151.945	151.82	151.825	858	0	20
2025.10.13	02:24:00	151.824	151.898	151.815	151.856	1081	0	20
2025.10.13	02:36:00	151.856	152.046	151.846	152.021	1136	0	20
2025.10.13	02:48:00	152.02	152.077	151.903	152.058	1741	0	20
2025.10.13	03:00:00	152.057	152.067	151.945	151.972	2389	0	20
2025.10.13	03:12:00	151.972	152.005	151.905	151.916	1628	0	20
2025.10.13	03:24:00	151.917	151.991	151.903	151.975	1315	0	20
2025.10.13	03:36:00	151.974	151.997	151.843	151.871	1632	0	20
2025.10.13	03:48:00	151.871	151.894	151.791	151.834	1563	0	20
2025.10.13	04:00:00	151.835	151.968	151.798	151.902	1611	0	20
2025.10.13	04:12:00	151.904	151.954	151.867	151.878	1412	0	20
2025.10.13	04:24:00	151.88	151.963	151.872	151.938	1062	0	20
2025.10.13	04:36:00	151.938	151.963	151.904	151.934	1175	0	20
2025.10.13	04:48:00	151.937	151.965	151.914	151.946	1081	0	20
2025.10.13	05:00:00	151.946	151.964	151.84	151.841	1024	0	21
2025.10.13	05:12:00	151.841	151.902	151.841	151.88	643	0	21
2025.10.13	05:24:00	151.879	151.964	151.867	151.947	527	0	20
2025.10.13	05:36:00	151.947	151.975	151.937	151.969	631	0	21
2025.10.13	05:48:00	151.971	151.971	151.922	151.926	522	0	20
2025.10.13	06:00:00	151.926	151.948	151.891	151.936	559	0	20
2025.10.13	06:12:00	151.933	151.964	151.933	151.958	332	0	20
2025.10.13	06:24:00	151.957	152.003	151.954	151.966	505	0	20
2025.10.13	06:36:00	151.966	151.998	151.905	151.946	562	0	20
2025.10.13	06:48:00	151.949	151.973	151.906	151.92	616	0	20
2025.10.13	07:00:00	151.92	151.957	151.915	151.921	344	0	20
2025.10.13	07:12:00	151.921	151.921	151.798	151.832	408	0	20
2025.10.13	07:24:00	151.832	151.875	151.831	151.854	291	0	21
2025.10.13	07:36:00	151.854	151.916	151.845	151.901	252	0	20
2025.10.13	07:48:00	151.901	151.945	151.896	151.901	369	0	20
2025.10.13	08:00:00	151.896	151.902	151.849	151.864	500	0	20
2025.10.13	08:12:00	151.864	151.868	151.76	151.784	559	0	20
2025.10.13	08:24:00	151.783	151.833	151.755	151.796	484	0	20
2025.10.13	08:36:00	151.796	151.815	151.78	151.801	306	0	20
2025.10.13	08:48:00	151.803	151.89	151.801	151.866	818	0	20
2025.10.13	09:00:00	151.863	151.916	151.812	151.819	1308	0	20
2025.10.13	09:12:00	151.819	151.824	151.712	151.74	1412	0	20
2025.10.13	09:24:00	151.737	151.848	151.737	151.799	1121	0	20
2025.10.13	09:36:00	151.803	151.855	151.79	151.845	1045	0	20
2025.10.13	09:48:00	151.846	152.014	151.845	151.932	1518	0	20
2025.10.13	10:00:00	151.933	152.185	151.901	152.179	1855	0	20
2025.10.13	10:12:00	152.179	152.257	152.172	152.201	1543	0	20
2025.10.13	10:24:00	152.202	152.355	152.164	152.342	1535	0	20
2025.10.13	10:36:00	152.342	152.364	152.216	152.243	1164	0	20
2025.10.13	10:48:00	152.242	152.327	152.212	152.289	1059	0	20
2025.10.13	11:00:00	152.293	152.319	152.253	152.256	1195	0	20
2025.10.13	11:12:00	152.259	152.312	152.24	152.28	713	0	20
2025.10.13	11:24:00	152.281	152.438	152.277	152.419	881	0	20
2025.10.13	11:36:00	152.418	152.42	152.266	152.285	1001	0	20
2025.10.13	11:48:00	152.284	152.336	152.284	152.33	863	0	20
2025.10.13	12:00:00	152.331	152.359	152.231	152.244	871	0	20
2025.10.13	12:12:00	152.245	152.255	152.204	152.22	420	0	20
2025.10.13	12:24:00	152.219	152.229	152.183	152.188	507	0	20
2025.10.13	12:36:00	152.19	152.239	152.15	152.231	592	0	20
2025.10.13	12:48:00	152.23	152.23	152.152	152.161	1059	0	20
2025.10.13	13:00:00	152.16	152.178	152.148	152.15	657	0	20
2025.10.13	13:12:00	152.15	152.206	152.125	152.2	991	0	20
2025.10.13	13:24:00	152.205	152.221	152.159	152.162	655	0	20
2025.10.13	13:36:00	152.162	152.188	152.137	152.144	645	0	20
2025.10.13	13:48:00	152.144	152.17	152.117	152.159	426	0	20
2025.10.13	14:00:00	152.16	152.162	151.968	152.028	2010	0	20
2025.10.13	14:12:00	152.027	152.075	151.991	152.025	1221	0	20
2025.10.13	14:24:00	152.026	152.063	151.975	152.039	893	0	20
2025.10.13	14:36:00	152.039	152.12	152.026	152.074	1016	0	20
2025.10.13	14:48:00	152.078	152.128	152.023	152.097	984	0	20
2025.10.13	15:00:00	152.094	152.132	152.049	152.052	1242	0	20
2025.10.13	15:12:00	152.052	152.106	152.041	152.082	850	0	20
2025.10.13	15:24:00	152.082	152.167	152.075	152.159	1004	0	20
2025.10.13	15:36:00	152.16	152.214	152.131	152.182	1364	0	20
2025.10.13	15:48:00	152.181	152.258	152.181	152.204	960	0	20
2025.10.13	16:00:00	152.204	152.253	152.181	152.196	1605	0	20
2025.10.13	16:12:00	152.197	152.242	152.166	152.222	733	0	20
2025.10.13	16:24:00	152.218	152.235	152.125	152.142	972	0	20
2025.10.13	16:36:00	152.142	152.21	152.094	152.12	1384	0	20
2025.10.13	16:48:00	152.12	152.18	152.107	152.178	1256	0	20
2025.10.13	17:00:00	152.18	152.29	152.171	152.284	1089	0	20
2025.10.13	17:12:00	152.284	152.399	152.284	152.381	1650	0	20
2025.10.13	17:24:00	152.382	152.415	152.336	152.394	1722	0	20
2025.10.13	17:36:00	152.393	152.438	152.381	152.395	1345	0	20
2025.10.13	17:48:00	152.395	152.396	152.301	152.363	1208	0	20
2025.10.13	18:00:00	152.363	152.382	152.329	152.342	1113	0	20
2025.10.13	18:12:00	152.34	152.34	152.265	152.278	1400	0	20
2025.10.13	18:24:00	152.279	152.31	152.251	152.255	1037	0	20
2025.10.13	18:36:00	152.253	152.295	152.245	152.245	756	0	20
2025.10.13	18:48:00	152.244	152.281	152.232	152.249	1078	0	20
2025.10.13	19:00:00	152.249	152.249	152.188	152.198	944	0	20
2025.10.13	19:12:00	152.198	152.256	152.188	152.23	626	0	20
2025.10.13	19:24:00	152.23	152.279	152.217	152.276	529	0	22
2025.10.13	19:36:00	152.276	152.281	152.251	152.257	345	0	21
2025.10.13	19:48:00	152.256	152.29	152.242	152.269	504	0	22
2025.10.13	20:00:00	152.27	152.313	152.255	152.312	314	0	21
2025.10.13	20:12:00	152.312	152.337	152.264	152.268	420	0	20
2025.10.13	20:24:00	152.269	152.275	152.229	152.242	476	0	20
2025.10.13	20:36:00	152.243	152.275	152.229	152.23	453	0	20
2025.10.13	20:48:00	152.23	152.255	152.221	152.253	776	0	20
2025.10.13	21:00:00	152.255	152.256	152.216	152.241	352	0	22
2025.10.13	21:12:00	152.242	152.243	152.216	152.233	290	0	21
2025.10.13	21:24:00	152.233	152.255	152.208	152.23	417	0	20
2025.10.13	21:36:00	152.23	152.287	152.23	152.275	258	0	20
2025.10.13	21:48:00	152.276	152.325	152.273	152.275	636	0	20
2025.10.13	22:00:00	152.274	152.278	152.249	152.255	501	0	20
2025.10.13	22:12:00	152.254	152.266	152.243	152.254	283	0	20
2025.10.13	22:24:00	152.253	152.278	152.252	152.27	345	0	20
2025.10.13	22:36:00	152.269	152.291	152.266	152.284	345	0	20
2025.10.13	22:48:00	152.286	152.315	152.282	152.314	359	0	21
2025.10.13	23:00:00	152.313	152.324	152.29	152.321	237	0	20
2025.10.13	23:12:00	152.321	152.324	152.297	152.301	406	0	21
2025.10.13	23:24:00	152.301	152.34	152.299	152.324	340	0	21
2025.10.13	23:36:00	152.324	152.33	152.3	152.307	322	0	22
2025.10.13	23:48:00	152.306	152.328	152.261	152.28	714	0	20
2025.10.14	00:00:00	152.144	152.145	152.124	152.143	31	0	162
2025.10.14	00:12:00	152.126	152.159	152.124	152.159	37	0	146
2025.10.14	00:24:00	152.159	152.179	152.144	152.175	49	0	118
2025.10.14	00:36:00	152.175	152.178	152.111	152.137	399	0	113
2025.10.14	00:48:00	152.137	152.226	152.105	152.181	307	0	61
2025.10.14	01:00:00	152.181	152.247	152.181	152.188	247	0	20
2025.10.14	01:12:00	152.188	152.205	152.179	152.204	142	0	20
2025.10.14	01:24:00	152.206	152.283	152.206	152.272	195	0	22
2025.10.14	01:36:00	152.271	152.313	152.259	152.309	117	0	20
2025.10.14	01:48:00	152.31	152.335	152.26	152.332	253	0	21
2025.10.14	02:00:00	152.331	152.368	152.317	152.356	344	0	20
2025.10.14	02:12:00	152.356	152.356	152.306	152.315	438	0	20
2025.10.14	02:24:00	152.315	152.343	152.283	152.285	270	0	21
2025.10.14	02:36:00	152.283	152.347	152.269	152.336	491	0	20
2025.10.14	02:48:00	152.335	152.45	152.313	152.446	1059	0	20
2025.10.14	03:00:00	152.445	152.526	152.417	152.481	1984	0	20
2025.10.14	03:12:00	152.48	152.533	152.442	152.504	1137	0	20
2025.10.14	03:24:00	152.512	152.603	152.49	152.536	842	0	20
2025.10.14	03:36:00	152.534	152.577	152.489	152.5	815	0	20
2025.10.14	03:48:00	152.501	152.552	152.427	152.456	1164	0	20
2025.10.14	04:00:00	152.455	152.459	152.357	152.358	1361	0	20
2025.10.14	04:12:00	152.359	152.487	152.343	152.483	1075	0	20
2025.10.14	04:24:00	152.483	152.489	152.406	152.464	1108	0	20
2025.10.14	04:36:00	152.465	152.485	152.432	152.437	969	0	20
2025.10.14	04:48:00	152.438	152.46	152.37	152.447	694	0	20
2025.10.14	05:00:00	152.448	152.457	152.385	152.427	685	0	20
2025.10.14	05:12:00	152.426	152.466	152.424	152.461	406	0	20
2025.10.14	05:24:00	152.462	152.466	152.43	152.44	603	0	21
2025.10.14	05:36:00	152.444	152.475	152.43	152.435	826	0	20
2025.10.14	05:48:00	152.434	152.442	152.349	152.37	565	0	20
2025.10.14	06:00:00	152.37	152.383	152.285	152.324	755	0	20
2025.10.14	06:12:00	152.324	152.328	152.29	152.296	558	0	20
2025.10.14	06:24:00	152.295	152.306	152.201	152.207	513	0	20
2025.10.14	06:36:00	152.205	152.227	152.06	152.094	727	0	20
2025.10.14	06:48:00	152.095	152.147	152.038	152.138	677	0	20
2025.10.14	07:00:00	152.137	152.139	151.86	151.862	1238	0	20
2025.10.14	07:12:00	151.86	151.905	151.771	151.878	1884	0	20
2025.10.14	07:24:00	151.878	151.897	151.81	151.886	1613	0	20
2025.10.14	07:36:00	151.885	151.917	151.853	151.855	1383	0	20
2025.10.14	07:48:00	151.856	151.865	151.771	151.849	996	0	20
2025.10.14	08:00:00	151.849	151.905	151.799	151.897	1134	0	20
2025.10.14	08:12:00	151.897	151.935	151.859	151.904	791	0	20
2025.10.14	08:24:00	151.904	151.922	151.782	151.785	947	0	20
2025.10.14	08:36:00	151.785	151.787	151.661	151.703	1953	0	20
2025.10.14	08:48:00	151.702	151.784	151.688	151.703	1532	0	20
2025.10.14	09:00:00	151.703	151.853	151.606	151.799	2205	0	20
2025.10.14	09:12:00	151.797	151.884	151.729	151.773	1549	0	20
2025.10.14	09:24:00	151.772	151.872	151.693	151.861	1779	0	20
2025.10.14	09:36:00	151.862	151.964	151.78	151.947	1365	0	20
2025.10.14	09:48:00	151.948	151.965	151.874	151.885	1440	0	20
2025.10.14	10:00:00	151.886	151.886	151.663	151.8	1930	0	20
2025.10.14	10:12:00	151.8	151.925	151.798	151.851	1883	0	20
2025.10.14	10:24:00	151.846	151.981	151.805	151.937	1636	0	20
2025.10.14	10:36:00	151.937	152.063	151.832	151.922	3185	0	20
2025.10.14	10:48:00	151.921	151.991	151.901	151.951	1773	0	20
2025.10.14	11:00:00	151.954	152.096	151.924	152.062	1986	0	20
2025.10.14	11:12:00	152.062	152.114	152.012	152.083	1288	0	20
2025.10.14	11:24:00	152.083	152.088	151.972	151.977	1535	0	20
2025.10.14	11:36:00	151.973	152.036	151.921	151.932	1127	0	20
2025.10.14	11:48:00	151.933	151.984	151.925	151.966	850	0	20
2025.10.14	12:00:00	151.965	152.106	151.964	152.093	996	0	20
2025.10.14	12:12:00	152.093	152.143	152.057	152.065	935	0	21
2025.10.14	12:24:00	152.062	152.068	152.024	152.044	805	0	20
2025.10.14	12:36:00	152.043	152.058	151.963	152.005	969	0	20
2025.10.14	12:48:00	152.004	152.107	151.964	152.1	1263	0	20
2025.10.14	13:00:00	152.101	152.114	151.96	151.972	1621	0	20
2025.10.14	13:12:00	151.972	152.051	151.954	152.051	863	0	20
2025.10.14	13:24:00	152.051	152.071	151.955	151.968	1070	0	20
2025.10.14	13:36:00	151.968	152.01	151.924	151.959	938	0	20
2025.10.14	13:48:00	151.96	152.001	151.903	151.937	996	0	20
2025.10.14	14:00:00	151.936	152.069	151.93	152.036	1143	0	20
2025.10.14	14:12:00	152.035	152.07	152.0	152.046	878	0	20
2025.10.14	14:24:00	152.047	152.077	152.001	152.057	969	0	20
2025.10.14	14:36:00	152.057	152.117	152.049	152.059	739	0	20
2025.10.14	14:48:00	152.059	152.095	152.043	152.083	1141	0	20
2025.10.14	15:00:00	152.084	152.117	152.05	152.074	1263	0	20
2025.10.14	15:12:00	152.072	152.081	151.861	151.871	1139	0	20
2025.10.14	15:24:00	151.871	151.932	151.851	151.876	1088	0	20
2025.10.14	15:36:00	151.876	152.082	151.867	152.068	1137	0	20
2025.10.14	15:48:00	152.07	152.091	152.009	152.036	1369	0	20
2025.10.14	16:00:00	152.035	152.152	152.009	152.013	1524	0	20
2025.10.14	16:12:00	152.012	152.042	151.943	151.98	1328	0	20
2025.10.14	16:24:00	151.98	152.047	151.912	151.915	2795	0	20
2025.10.14	16:36:00	151.914	151.928	151.81	151.89	2300	0	20
2025.10.14	16:48:00	151.89	151.992	151.834	151.987	1993	0	20
2025.10.14	17:00:00	151.987	152.078	151.923	151.933	2194	0	20
2025.10.14	17:12:00	151.933	152.016	151.91	151.934	1872	0	20
2025.10.14	17:24:00	151.933	152.093	151.931	152.029	1981	0	20
2025.10.14	17:36:00	152.03	152.057	151.932	151.941	1689	0	20
2025.10.14	17:48:00	151.942	152.026	151.82	151.821	1673	0	20
2025.10.14	18:00:00	151.82	151.927	151.806	151.892	1539	0	20
2025.10.14	18:12:00	151.893	151.893	151.785	151.862	1218	0	20
2025.10.14	18:24:00	151.861	151.88	151.797	151.823	1089	0	20
2025.10.14	18:36:00	151.823	151.879	151.73	151.795	2349	0	20
2025.10.14	18:48:00	151.795	151.848	151.764	151.771	2102	0	20
2025.10.14	19:00:00	151.77	151.8	151.739	151.797	1551	0	20
2025.10.14	19:12:00	151.798	151.907	151.671	151.868	1826	0	20
2025.10.14	19:24:00	151.869	151.893	151.784	151.809	1474	0	20
2025.10.14	19:36:00	151.81	151.81	151.657	151.674	999	0	20
2025.10.14	19:48:00	151.673	151.741	151.67	151.724	880	0	20
2025.10.14	20:00:00	151.725	151.792	151.663	151.789	1145	0	20
2025.10.14	20:12:00	151.79	151.858	151.786	151.816	735	0	20
2025.10.14	20:24:00	151.813	151.843	151.772	151.773	703	0	20
2025.10.14	20:36:00	151.774	151.805	151.748	151.754	495	0	20
2025.10.14	20:48:00	151.755	151.79	151.697	151.719	914	0	20
2025.10.14	21:00:00	151.72	151.745	151.688	151.73	767	0	20
2025.10.14	21:12:00	151.731	151.778	151.721	151.774	990	0	21
2025.10.14	21:24:00	151.775	151.78	151.725	151.769	856	0	20
2025.10.14	21:36:00	151.767	151.777	151.726	151.761	761	0	20
2025.10.14	21:48:00	151.76	151.791	151.728	151.752	1033	0	20
2025.10.14	22:00:00	151.751	151.765	151.698	151.73	785	0	20
2025.10.14	22:12:00	151.728	151.755	151.711	151.722	695	0	20
2025.10.14	22:24:00	151.722	151.738	151.701	151.72	780	0	20
2025.10.14	22:36:00	151.719	151.731	151.593	151.635	2366	0	20
2025.10.14	22:48:00	151.636	151.711	151.629	151.676	995	0	20
2025.10.14	23:00:00	151.677	151.752	151.677	151.721	648	0	20
2025.10.14	23:12:00	151.72	151.755	151.719	151.754	275	0	20
2025.10.14	23:24:00	151.754	151.812	151.739	151.8	265	0	20
2025.10.14	23:36:00	151.801	151.802	151.779	151.789	198	0	20
2025.10.14	23:48:00	151.789	151.818	151.78	151.818	409	0	24
2025.10.15	00:00:00	151.714	151.728	151.657	151.664	22	0	117
2025.10.15	00:12:00	151.647	151.732	151.647	151.732	39	0	142
2025.10.15	00:24:00	151.732	151.741	151.67	151.707	40	0	115
2025.10.15	00:36:00	151.703	151.731	151.703	151.722	92	0	92
2025.10.15	00:48:00	151.722	151.726	151.671	151.688	45	0	89
2025.10.15	01:00:00	151.688	151.861	151.684	151.782	374	0	20
2025.10.15	01:12:00	151.781	151.79	151.733	151.776	336	0	22
2025.10.15	01:24:00	151.776	151.79	151.732	151.739	473	0	20
2025.10.15	01:36:00	151.74	151.778	151.735	151.775	472	0	20
2025.10.15	01:48:00	151.774	151.82	151.752	151.796	389	0	23
2025.10.15	02:00:00	151.795	151.84	151.775	151.834	363	0	21
2025.10.15	02:12:00	151.835	151.835	151.731	151.757	474	0	20
2025.10.15	02:24:00	151.758	151.789	151.734	151.778	375	0	20
2025.10.15	02:36:00	151.775	151.778	151.709	151.718	334	0	20
2025.10.15	02:48:00	151.721	151.766	151.683	151.692	773	0	21
2025.10.15	03:00:00	151.698	151.806	151.621	151.795	1620	0	20
2025.10.15	03:12:00	151.794	151.825	151.697	151.703	909	0	20
2025.10.15	03:24:00	151.703	151.743	151.613	151.635	990	0	20
2025.10.15	03:36:00	151.636	151.642	151.485	151.566	1127	0	20
2025.10.15	03:48:00	151.566	151.628	151.528	151.553	1898	0	20
2025.10.15	04:00:00	151.544	151.594	151.406	151.43	1324	0	20
2025.10.15	04:12:00	151.431	151.445	151.311	151.354	1380	0	20
2025.10.15	04:24:00	151.353	151.402	151.323	151.342	859	0	20
2025.10.15	04:36:00	151.341	151.443	151.337	151.362	639	0	20
2025.10.15	04:48:00	151.361	151.37	151.289	151.292	907	0	20
2025.10.15	05:00:00	151.292	151.304	151.129	151.183	989	0	20
2025.10.15	05:12:00	151.182	151.211	151.094	151.196	1074	0	20
2025.10.15	05:24:00	151.196	151.228	151.114	151.123	1002	0	20
2025.10.15	05:36:00	151.122	151.127	151.037	151.056	992	0	20
2025.10.15	05:48:00	151.056	151.083	151.022	151.047	701	0	20
2025.10.15	06:00:00	151.046	151.046	150.993	151.031	590	0	20
2025.10.15	06:12:00	151.033	151.101	151.01	151.08	569	0	21
2025.10.15	06:24:00	151.079	151.114	151.047	151.107	490	0	20
2025.10.15	06:36:00	151.108	151.136	151.085	151.088	424	0	21
2025.10.15	06:48:00	151.089	151.156	151.085	151.127	330	0	20
2025.10.15	07:00:00	151.127	151.128	151.079	151.093	386	0	20
2025.10.15	07:12:00	151.093	151.175	151.09	151.172	357	0	20
2025.10.15	07:24:00	151.173	151.211	151.17	151.202	458	0	20
2025.10.15	07:36:00	151.2	151.236	151.175	151.211	373	0	20
2025.10.15	07:48:00	151.21	151.24	151.199	151.236	288	0	20
2025.10.15	08:00:00	151.243	151.26	151.222	151.241	521	0	20
2025.10.15	08:12:00	151.241	151.26	151.166	151.182	324	0	20
2025.10.15	08:24:00	151.181	151.191	151.1	151.143	536	0	20
2025.10.15	08:36:00	151.152	151.194	151.133	151.168	643	0	20
2025.10.15	08:48:00	151.168	151.238	151.167	151.192	718	0	20
2025.10.15	09:00:00	151.192	151.195	150.897	150.919	1418	0	20
2025.10.15	09:12:00	150.918	150.996	150.888	150.969	1294	0	20
2025.10.15	09:24:00	150.97	151.07	150.965	151.031	919	0	20
2025.10.15	09:36:00	151.032	151.092	151.011	151.032	845	0	20
2025.10.15	09:48:00	151.033	151.042	150.959	151.026	1076	0	20
2025.10.15	10:00:00	151.028	151.103	150.973	151.091	1441	0	20
2025.10.15	10:12:00	151.089	151.253	151.087	151.225	1162	0	20
2025.10.15	10:24:00	151.223	151.285	151.183	151.187	874	0	20
2025.10.15	10:36:00	151.188	151.239	151.085	151.125	964	0	20
2025.10.15	10:48:00	151.126	151.238	151.126	151.234	1054	0	20
2025.10.15	11:00:00	151.235	151.296	151.175	151.245	1357	0	20
2025.10.15	11:12:00	151.242	151.387	151.233	151.247	1673	0	20
2025.10.15	11:24:00	151.247	151.277	151.169	151.199	1227	0	20
2025.10.15	11:36:00	151.2	151.206	151.14	151.155	760	0	20
2025.10.15	11:48:00	151.155	151.234	151.114	151.208	1352	0	20
2025.10.15	12:00:00	151.208	151.346	151.208	151.303	1049	0	20
2025.10.15	12:12:00	151.304	151.395	151.302	151.356	1444	0	20
2025.10.15	12:24:00	151.355	151.395	151.327	151.361	1326	0	20
2025.10.15	12:36:00	151.36	151.398	151.35	151.395	1175	0	20
2025.10.15	12:48:00	151.394	151.423	151.317	151.334	1080	0	20
2025.10.15	13:00:00	151.335	151.484	151.328	151.444	1146	0	20
2025.10.15	13:12:00	151.443	151.464	151.397	151.454	974	0	21
2025.10.15	13:24:00	151.456	151.473	151.418	151.438	784	0	20
2025.10.15	13:36:00	151.437	151.44	151.362	151.395	817	0	20
2025.10.15	13:48:00	151.395	151.411	151.335	151.355	448	0	20
2025.10.15	14:00:00	151.355	151.392	151.309	151.359	666	0	20
2025.10.15	14:12:00	151.359	151.373	151.326	151.336	586	0	20
2025.10.15	14:24:00	151.337	151.418	151.33	151.394	624	0	20
2025.10.15	14:36:00	151.395	151.43	151.363	151.429	782	0	20
2025.10.15	14:48:00	151.43	151.5	151.424	151.486	1159	0	20
2025.10.15	15:00:00	151.486	151.607	151.445	151.603	1201	0	20
2025.10.15	15:12:00	151.601	151.676	151.562	151.615	1719	0	20
2025.10.15	15:24:00	151.614	151.635	151.514	151.579	2260	0	20
2025.10.15	15:36:00	151.58	151.628	151.525	151.534	1749	0	20
2025.10.15	15:48:00	151.534	151.656	151.512	151.625	1883	0	20
2025.10.15	16:00:00	151.626	151.727	151.6	151.628	1483	0	20
2025.10.15	16:12:00	151.628	151.694	151.614	151.686	1530	0	20
2025.10.15	16:24:00	151.685	151.692	151.563	151.618	1840	0	20
2025.10.15	16:36:00	151.617	151.638	151.49	151.508	2357	0	20
2025.10.15	16:48:00	151.51	151.511	151.387	151.393	2194	0	20
2025.10.15	17:00:00	151.391	151.5	151.34	151.453	1577	0	20
2025.10.15	17:12:00	151.453	151.468	151.305	151.313	1305	0	20
2025.10.15	17:24:00	151.315	151.412	151.308	151.398	841	0	20
2025.10.15	17:36:00	151.398	151.444	151.373	151.422	782	0	20
2025.10.15	17:48:00	151.421	151.433	151.311	151.39	1146	0	20
2025.10.15	18:00:00	151.391	151.45	151.311	151.311	1206	0	20
2025.10.15	18:12:00	151.311	151.312	151.17	151.17	1382	0	20
2025.10.15	18:24:00	151.171	151.243	151.162	151.167	1152	0	20
2025.10.15	18:36:00	151.167	151.174	151.028	151.097	1580	0	20
2025.10.15	18:48:00	151.097	151.26	151.097	151.21	1745	0	20
2025.10.15	19:00:00	151.208	151.311	151.197	151.222	1585	0	20
2025.10.15	19:12:00	151.227	151.276	151.181	151.237	1301	0	20
2025.10.15	19:24:00	151.236	151.266	151.183	151.193	1155	0	20
2025.10.15	19:36:00	151.191	151.248	151.189	151.196	1042	0	20
2025.10.15	19:48:00	151.197	151.225	151.165	151.181	834	0	20
2025.10.15	20:00:00	151.182	151.225	151.055	151.081	1450	0	20
2025.10.15	20:12:00	151.081	151.207	151.08	151.197	1805	0	20
2025.10.15	20:24:00	151.196	151.309	151.19	151.28	1166	0	20
2025.10.15	20:36:00	151.279	151.319	151.245	151.296	971	0	20
2025.10.15	20:48:00	151.296	151.332	151.266	151.322	634	0	21
2025.10.15	21:00:00	151.321	151.38	151.275	151.311	1022	0	20
2025.10.15	21:12:00	151.31	151.349	151.301	151.308	1039	0	20
2025.10.15	21:24:00	151.309	151.317	151.207	151.307	1394	0	20
2025.10.15	21:36:00	151.306	151.317	151.28	151.306	759	0	20
2025.10.15	21:48:00	151.307	151.351	151.303	151.323	916	0	20
2025.10.15	22:00:00	151.323	151.333	151.235	151.241	498	0	20
2025.10.15	22:12:00	151.24	151.274	151.232	151.236	588	0	20
2025.10.15	22:24:00	151.237	151.276	151.236	151.241	431	0	21
2025.10.15	22:36:00	151.24	151.267	151.227	151.254	528	0	20
2025.10.15	22:48:00	151.255	151.269	151.222	151.246	737	0	20
2025.10.15	23:00:00	151.244	151.264	151.177	151.231	618	0	20
2025.10.15	23:12:00	151.229	151.254	151.223	151.224	330	0	20
2025.10.15	23:24:00	151.224	151.224	151.171	151.172	489	0	20
2025.10.15	23:36:00	151.172	151.179	151.102	151.124	473	0	20
2025.10.15	23:48:00	151.124	151.134	151.03	151.038	785	0	20
2025.10.16	00:00:00	151.02	151.052	151.008	151.037	31	0	53
2025.10.16	00:12:00	151.053	151.122	151.01	151.106	91	0	44
2025.10.16	00:24:00	151.11	151.111	151.02	151.059	35	0	51
2025.10.16	00:36:00	151.059	151.06	151.034	151.043	40	0	75
2025.10.16	00:48:00	151.043	151.043	150.999	151.029	86	0	52
2025.10.16	01:00:00	151.078	151.078	151.0	151.058	262	0	20
2025.10.16	01:12:00	151.057	151.073	151.038	151.072	254	0	23
2025.10.16	01:24:00	151.072	151.076	150.974	150.993	442	0	20
2025.10.16	01:36:00	150.993	150.996	150.74	150.835	656	0	20
2025.10.16	01:48:00	150.834	150.909	150.81	150.905	580	0	20
2025.10.16	02:00:00	150.905	150.975	150.87	150.964	503	0	20
2025.10.16	02:12:00	150.965	151.019	150.933	151.016	422	0	20
2025.10.16	02:24:00	151.017	151.027	150.996	151.005	405	0	23
2025.10.16	02:36:00	151.004	151.009	150.899	150.915	782	0	20
2025.10.16	02:48:00	150.914	150.993	150.914	150.978	760	0	20
2025.10.16	03:00:00	150.977	151.081	150.845	150.886	1750	0	20
2025.10.16	03:12:00	150.885	150.886	150.659	150.693	1491	0	20
2025.10.16	03:24:00	150.694	150.695	150.501	150.536	1726	0	20
2025.10.16	03:36:00	150.537	150.632	150.51	150.63	1415	0	20
2025.10.16	03:48:00	150.63	150.705	150.581	150.696	1678	0	20
2025.10.16	04:00:00	150.698	150.747	150.658	150.671	983	0	20
2025.10.16	04:12:00	150.671	150.756	150.632	150.661	1651	0	20
2025.10.16	04:24:00	150.661	150.716	150.598	150.631	1450	0	20
2025.10.16	04:36:00	150.631	150.632	150.523	150.549	930	0	20
2025.10.16	04:48:00	150.549	150.657	150.502	150.587	962	0	20
2025.10.16	05:00:00	150.586	150.622	150.557	150.602	825	0	20
2025.10.16	05:12:00	150.599	150.686	150.595	150.659	662	0	20
2025.10.16	05:24:00	150.659	150.735	150.649	150.718	763	0	22
2025.10.16	05:36:00	150.717	150.742	150.683	150.725	852	0	20
2025.10.16	05:48:00	150.724	150.768	150.699	150.763	630	0	20
2025.10.16	06:00:00	150.764	150.819	150.749	150.818	837	0	20
2025.10.16	06:12:00	150.816	150.834	150.718	150.817	610	0	20
2025.10.16	06:24:00	150.819	150.872	150.813	150.867	706	0	20
2025.10.16	06:36:00	150.874	150.876	150.834	150.84	638	0	20
2025.10.16	06:48:00	150.841	150.862	150.819	150.86	537	0	20
2025.10.16	07:00:00	150.861	150.886	150.853	150.881	266	0	20
2025.10.16	07:12:00	150.881	150.932	150.881	150.894	421	0	20
2025.10.16	07:24:00	150.893	150.955	150.889	150.941	189	0	20
2025.10.16	07:36:00	150.94	151.042	150.93	151.041	433	0	20
2025.10.16	07:48:00	151.04	151.102	151.01	151.029	535	0	20
2025.10.16	08:00:00	151.029	151.141	151.007	151.101	746	0	20
2025.10.16	08:12:00	151.102	151.181	151.048	151.143	977	0	20
2025.10.16	08:24:00	151.142	151.159	151.077	151.129	1204	0	20
2025.10.16	08:36:00	151.13	151.145	151.077	151.083	1106	0	20
2025.10.16	08:48:00	151.084	151.089	151.029	151.046	992	0	20
2025.10.16	09:00:00	151.047	151.111	151.008	151.076	1616	0	20
2025.10.16	09:12:00	151.077	151.088	150.951	150.963	1651	0	20
2025.10.16	09:24:00	150.964	151.207	150.964	151.201	1570	0	20
2025.10.16	09:36:00	151.197	151.26	151.16	151.195	985	0	20
2025.10.16	09:48:00	151.195	151.248	151.163	151.19	1114	0	20
2025.10.16	10:00:00	151.192	151.22	151.098	151.132	1534	0	20
2025.10.16	10:12:00	151.135	151.145	151.017	151.02	1402	0	20
2025.10.16	10:24:00	151.021	151.117	151.02	151.053	865	0	20
2025.10.16	10:36:00	151.053	151.087	150.961	150.969	1078	0	20
2025.10.16	10:48:00	150.966	151.372	150.931	151.232	1647	0	20
2025.10.16	11:00:00	151.233	151.277	151.084	151.092	1220	0	20
2025.10.16	11:12:00	151.09	151.192	151.065	151.065	1237	0	20
2025.10.16	11:24:00	151.065	151.168	151.049	151.114	935	0	20
2025.10.16	11:36:00	151.113	151.189	151.104	151.189	563	0	20
2025.10.16	11:48:00	151.191	151.245	151.169	151.232	761	0	20
2025.10.16	12:00:00	151.231	151.32	151.231	151.31	782	0	20
2025.10.16	12:12:00	151.308	151.354	151.273	151.347	668	0	20
2025.10.16	12:24:00	151.347	151.388	151.302	151.303	729	0	20
2025.10.16	12:36:00	151.302	151.322	151.234	151.253	1141	0	20
2025.10.16	12:48:00	151.254	151.301	151.253	151.28	810	0	20
2025.10.16	13:00:00	151.28	151.29	151.224	151.269	699	0	20
2025.10.16	13:12:00	151.266	151.273	151.223	151.226	767	0	20
2025.10.16	13:24:00	151.225	151.227	151.174	151.189	852	0	20
2025.10.16	13:36:00	151.19	151.236	151.17	151.199	1009	0	20
2025.10.16	13:48:00	151.199	151.216	151.152	151.168	739	0	21
2025.10.16	14:00:00	151.167	151.249	151.15	151.215	1136	0	20
2025.10.16	14:12:00	151.214	151.282	151.214	151.273	728	0	20
2025.10.16	14:24:00	151.273	151.364	151.27	151.299	970	0	20
2025.10.16	14:36:00	151.299	151.334	151.223	151.255	1327	0	20
2025.10.16	14:48:00	151.255	151.264	151.202	151.231	1055	0	20
2025.10.16	15:00:00	151.23	151.272	151.122	151.124	1038	0	20
2025.10.16	15:12:00	151.124	151.211	151.124	151.157	1129	0	20
2025.10.16	15:24:00	151.157	151.173	151.022	151.05	1240	0	20
2025.10.16	15:36:00	151.05	151.21	151.04	151.157	1701	0	20
2025.10.16	15:48:00	151.158	151.16	151.056	151.088	1546	0	20
2025.10.16	16:00:00	151.086	151.276	151.055	151.077	2131	0	20
2025.10.16	16:12:00	151.078	151.195	151.073	151.108	1891	0	20
2025.10.16	16:24:00	151.107	151.231	151.099	151.203	1849	0	20
2025.10.16	16:36:00	151.203	151.216	151.011	151.013	1619	0	20
2025.10.16	16:48:00	151.014	151.132	151.007	151.09	1527	0	20
2025.10.16	17:00:00	151.089	151.112	150.952	150.957	1797	0	20
2025.10.16	17:12:00	150.957	150.967	150.863	150.908	1906	0	20
2025.10.16	17:24:00	150.911	150.933	150.818	150.839	1728	0	20
2025.10.16	17:36:00	150.837	150.9	150.837	150.867	1620	0	20
2025.10.16	17:48:00	150.865	150.866	150.744	150.763	1733	0	20
2025.10.16	18:00:00	150.765	150.857	150.758	150.795	1659	0	20
2025.10.16	18:12:00	150.794	150.857	150.773	150.818	945	0	20
2025.10.16	18:24:00	150.818	150.831	150.727	150.782	1184	0	20
2025.10.16	18:36:00	150.783	150.817	150.712	150.757	1087	0	20
2025.10.16	18:48:00	150.757	150.801	150.726	150.744	1297	0	20
2025.10.16	19:00:00	150.743	150.783	150.675	150.755	1269	0	20
2025.10.16	19:12:00	150.756	150.765	150.604	150.612	983	0	20
2025.10.16	19:24:00	150.611	150.617	150.313	150.42	2246	0	20
2025.10.16	19:36:00	150.418	150.479	150.272	150.294	2810	0	20
2025.10.16	19:48:00	150.293	150.397	150.224	150.388	3217	0	20
2025.10.16	20:00:00	150.389	150.423	150.277	150.32	2633	0	20
2025.10.16	20:12:00	150.322	150.461	150.264	150.309	2512	0	20
2025.10.16	20:24:00	150.31	150.421	150.301	150.37	2007	0	20
2025.10.16	20:36:00	150.373	150.423	150.289	150.3	2340	0	20
2025.10.16	20:48:00	150.301	150.344	150.243	150.323	1736	0	20
2025.10.16	21:00:00	150.324	150.364	150.247	150.255	1762	0	20
2025.10.16	21:12:00	150.255	150.317	150.21	150.317	2495	0	20
2025.10.16	21:24:00	150.321	150.412	150.297	150.401	1693	0	21
2025.10.16	21:36:00	150.4	150.411	150.311	150.387	1705	0	20
2025.10.16	21:48:00	150.384	150.389	150.282	150.325	1266	0	20
2025.10.16	22:00:00	150.325	150.391	150.317	150.336	1360	0	20
2025.10.16	22:12:00	150.335	150.348	150.284	150.295	797	0	20
2025.10.16	22:24:00	150.295	150.357	150.202	150.257	1061	0	20
2025.10.16	22:36:00	150.256	150.394	150.251	150.39	1342	0	20
2025.10.16	22:48:00	150.389	150.418	150.331	150.386	1073	0	20
2025.10.16	23:00:00	150.387	150.425	150.354	150.356	538	0	20
2025.10.16	23:12:00	150.356	150.376	150.334	150.355	330	0	20
2025.10.16	23:24:00	150.357	150.418	150.338	150.397	234	0	21
2025.10.16	23:36:00	150.4	150.419	150.382	150.396	328	0	20
2025.10.16	23:48:00	150.402	150.439	150.398	150.408	586	0	20
2025.10.17	00:00:00	150.344	150.366	150.318	150.318	27	0	91
2025.10.17	00:12:00	150.341	150.376	150.341	150.367	29	0	85
2025.10.17	00:24:00	150.366	150.374	150.356	150.366	42	0	80
2025.10.17	00:36:00	150.366	150.399	150.345	150.399	86	0	55
2025.10.17	00:48:00	150.4	150.422	150.331	150.355	74	0	53
2025.10.17	01:00:00	150.354	150.421	150.308	150.37	338	0	20
2025.10.17	01:12:00	150.373	150.373	150.246	150.315	781	0	20
2025.10.17	01:24:00	150.314	150.336	150.28	150.302	720	0	20
2025.10.17	01:36:00	150.303	150.335	150.245	150.269	675	0	20
2025.10.17	01:48:00	150.269	150.281	150.232	150.249	745	0	21
2025.10.17	02:00:00	150.247	150.281	150.184	150.227	587	0	20
2025.10.17	02:12:00	150.231	150.242	150.14	150.143	756	0	20
2025.10.17	02:24:00	150.143	150.16	150.059	150.07	595	0	20
2025.10.17	02:36:00	150.071	150.106	150.042	150.075	613	0	20
2025.10.17	02:48:00	150.072	150.145	150.049	150.138	1162	0	20
2025.10.17	03:00:00	150.137	150.218	150.048	150.174	1759	0	20
2025.10.17	03:12:00	150.175	150.179	150.034	150.13	1420	0	20
2025.10.17	03:24:00	150.13	150.202	150.098	150.137	1466	0	20
2025.10.17	03:36:00	150.136	150.189	150.104	150.142	1150	0	20
2025.10.17	03:48:00	150.142	150.221	150.037	150.219	1319	0	20
2025.10.17	04:00:00	150.219	150.275	150.163	150.26	1636	0	20
2025.10.17	04:12:00	150.26	150.324	150.22	150.256	1273	0	20
2025.10.17	04:24:00	150.256	150.351	150.228	150.302	1021	0	20
2025.10.17	04:36:00	150.302	150.351	150.289	150.292	1434	0	20
2025.10.17	04:48:00	150.292	150.351	150.274	150.304	1485	0	20
2025.10.17	05:00:00	150.304	150.379	150.24	150.242	1376	0	20
2025.10.17	05:12:00	150.242	150.277	150.197	150.197	882	0	20
2025.10.17	05:24:00	150.197	150.199	150.075	150.081	812	0	20
2025.10.17	05:36:00	150.082	150.132	150.049	150.122	676	0	20
2025.10.17	05:48:00	150.122	150.22	150.122	150.172	675	0	20
2025.10.17	06:00:00	150.171	150.171	150.078	150.114	599	0	20
2025.10.17	06:12:00	150.113	150.115	150.057	150.11	336	0	20
2025.10.17	06:24:00	150.107	150.124	150.001	150.004	577	0	20
2025.10.17	06:36:00	150.004	150.038	149.92	149.98	1378	0	20
2025.10.17	06:48:00	149.98	150.022	149.883	150.002	1068	0	20
2025.10.17	07:00:00	150.004	150.103	149.969	150.09	871	0	20
2025.10.17	07:12:00	150.097	150.125	150.06	150.079	461	0	20
2025.10.17	07:24:00	150.079	150.129	150.064	150.077	607	0	20
2025.10.17	07:36:00	150.078	150.101	150.052	150.066	501	0	20
2025.10.17	07:48:00	150.068	150.073	149.929	149.953	724	0	20
2025.10.17	08:00:00	149.953	149.962	149.899	149.921	825	0	20
2025.10.17	08:12:00	149.921	149.933	149.849	149.906	908	0	20
2025.10.17	08:24:00	149.905	149.932	149.84	149.849	646	0	20
2025.10.17	08:36:00	149.848	149.849	149.799	149.821	800	0	20
2025.10.17	08:48:00	149.82	149.843	149.726	149.739	990	0	20
2025.10.17	09:00:00	149.735	149.898	149.702	149.796	1233	0	20
2025.10.17	09:12:00	149.797	149.867	149.744	149.766	1236	0	20
2025.10.17	09:24:00	149.767	149.967	149.762	149.909	1773	0	20
2025.10.17	09:36:00	149.908	149.923	149.765	149.811	1600	0	20
2025.10.17	09:48:00	149.81	149.823	149.616	149.62	1853	0	20
2025.10.17	10:00:00	149.621	149.685	149.467	149.546	2557	0	20
2025.10.17	10:12:00	149.547	149.559	149.367	149.554	2783	0	20
2025.10.17	10:24:00	149.552	149.722	149.502	149.624	3253	0	20
2025.10.17	10:36:00	149.622	149.749	149.557	149.664	2878	0	20
2025.10.17	10:48:00	149.663	149.773	149.651	149.691	2069	0	20
2025.10.17	11:00:00	149.692	149.724	149.573	149.689	2434	0	20
2025.10.17	11:12:00	149.687	149.833	149.629	149.823	1666	0	20
2025.10.17	11:24:00	149.823	149.905	149.727	149.856	1514	0	20
2025.10.17	11:36:00	149.857	149.861	149.685	149.694	1765	0	20
2025.10.17	11:48:00	149.696	149.843	149.66	149.77	1210	0	20
2025.10.17	12:00:00	149.765	149.826	149.746	149.79	1002	0	20
2025.10.17	12:12:00	149.79	149.811	149.704	149.789	1398	0	20
2025.10.17	12:24:00	149.791	149.855	149.781	149.845	1286	0	20
2025.10.17	12:36:00	149.845	149.893	149.626	149.648	1298	0	20
2025.10.17	12:48:00	149.649	149.699	149.594	149.661	1246	0	20
2025.10.17	13:00:00	149.661	149.813	149.659	149.75	2336	0	20
2025.10.17	13:12:00	149.751	149.805	149.661	149.669	1509	0	20
2025.10.17	13:24:00	149.668	149.816	149.668	149.774	1492	0	20
2025.10.17	13:36:00	149.772	149.833	149.754	149.828	1466	0	20
2025.10.17	13:48:00	149.829	149.951	149.762	149.919	1485	0	20
2025.10.17	14:00:00	149.92	150.121	149.86	150.045	1981	0	20
2025.10.17	14:12:00	150.043	150.287	150.043	150.212	3328	0	20
2025.10.17	14:24:00	150.21	150.321	150.181	150.221	2043	0	20
2025.10.17	14:36:00	150.222	150.27	150.155	150.184	1574	0	20
2025.10.17	14:48:00	150.184	150.253	150.112	150.224	1932	0	20
2025.10.17	15:00:00	150.225	150.428	150.218	150.383	2556	0	20
2025.10.17	15:12:00	150.384	150.506	150.33	150.436	2580	0	20
2025.10.17	15:24:00	150.436	150.521	150.383	150.386	2456	0	20
2025.10.17	15:36:00	150.386	150.532	150.384	150.454	2165	0	20
2025.10.17	15:48:00	150.455	150.463	150.364	150.374	1683	0	20
2025.10.17	16:00:00	150.374	150.437	150.341	150.352	2019	0	20
2025.10.17	16:12:00	150.351	150.378	150.239	150.273	1708	0	20
2025.10.17	16:24:00	150.274	150.395	150.182	150.357	2333	0	20
2025.10.17	16:36:00	150.356	150.388	150.15	150.198	3077	0	20
2025.10.17	16:48:00	150.197	150.431	150.188	150.349	2544	0	20
2025.10.17	17:00:00	150.347	150.513	150.337	150.482	3366	0	20
2025.10.17	17:12:00	150.483	150.577	150.454	150.526	2700	0	20
2025.10.17	17:24:00	150.527	150.581	150.511	150.516	2121	0	20
2025.10.17	17:36:00	150.516	150.535	150.447	150.489	2370	0	20
2025.10.17	17:48:00	150.49	150.549	150.389	150.415	2548	0	20
2025.10.17	18:00:00	150.415	150.443	150.356	150.361	1750	0	20
2025.10.17	18:12:00	150.364	150.366	150.243	150.255	1576	0	20
2025.10.17	18:24:00	150.254	150.334	150.241	150.256	1356	0	20
2025.10.17	18:36:00	150.259	150.334	150.195	150.296	1399	0	20
2025.10.17	18:48:00	150.297	150.365	150.287	150.329	1205	0	20
2025.10.17	19:00:00	150.329	150.491	150.329	150.416	1213	0	20
2025.10.17	19:12:00	150.417	150.421	150.34	150.363	1107	0	20
2025.10.17	19:24:00	150.361	150.438	150.353	150.366	1062	0	20
2025.10.17	19:36:00	150.366	150.433	150.349	150.395	1621	0	20
2025.10.17	19:48:00	150.395	150.411	150.328	150.398	1445	0	20
2025.10.17	20:00:00	150.398	150.444	150.36	150.412	1159	0	20
2025.10.17	20:12:00	150.412	150.442	150.355	150.378	850	0	20
2025.10.17	20:24:00	150.377	150.415	150.367	150.391	860	0	20
2025.10.17	20:36:00	150.391	150.412	150.356	150.357	865	0	20
2025.10.17	20:48:00	150.358	150.48	150.358	150.476	1329	0	20
2025.10.17	21:00:00	150.475	150.512	150.438	150.458	832	0	20
2025.10.17	21:12:00	150.458	150.506	150.405	150.41	978	0	20
2025.10.17	21:24:00	150.41	150.468	150.398	150.464	877	0	20
2025.10.17	21:36:00	150.463	150.484	150.444	150.458	801	0	20
2025.10.17	21:48:00	150.459	150.524	150.458	150.488	878	0	20
2025.10.17	22:00:00	150.488	150.489	150.443	150.479	743	0	20
2025.10.17	22:12:00	150.478	150.489	150.464	150.474	618	0	20
2025.10.17	22:24:00	150.474	150.489	150.456	150.488	689	0	21
2025.10.17	22:36:00	150.488	150.51	150.46	150.506	487	0	20
2025.10.17	22:48:00	150.506	150.506	150.463	150.47	579	0	20
2025.10.17	23:00:00	150.472	150.5	150.463	150.499	523	0	20
2025.10.17	23:12:00	150.499	150.55	150.499	150.548	354	0	20
2025.10.17	23:24:00	150.546	150.586	150.534	150.575	267	0	21
2025.10.17	23:36:00	150.573	150.588	150.518	150.528	606	0	21
2025.10.17	23:48:00	150.532	150.627	150.528	150.615	772	0	23
2025.10.20	00:00:00	150.364	150.436	150.357	150.37	30	0	107
2025.10.20	00:12:00	150.37	150.463	150.37	150.417	35	0	50
2025.10.20	00:24:00	150.415	150.417	150.318	150.341	63	0	96
2025.10.20	00:36:00	150.341	150.425	150.336	150.385	106	0	110
2025.10.20	00:48:00	150.386	150.393	150.317	150.384	167	0	103
2025.10.20	01:00:00	150.386	150.82	150.376	150.797	724	0	20
2025.10.20	01:12:00	150.797	150.84	150.789	150.832	717	0	22
2025.10.20	01:24:00	150.832	150.896	150.78	150.788	768	0	20
2025.10.20	01:36:00	150.789	150.801	150.725	150.792	458	0	20
2025.10.20	01:48:00	150.793	150.834	150.75	150.813	326	0	20
2025.10.20	02:00:00	150.828	150.921	150.809	150.894	710	0	20
2025.10.20	02:12:00	150.894	150.955	150.823	150.849	926	0	20
2025.10.20	02:24:00	150.848	150.902	150.817	150.87	394	0	20
2025.10.20	02:36:00	150.87	150.881	150.807	150.818	546	0	20
2025.10.20	02:48:00	150.818	150.928	150.805	150.908	547	0	20
2025.10.20	03:00:00	150.907	150.964	150.825	150.87	1623	0	20
2025.10.20	03:12:00	150.872	150.902	150.754	150.755	1200	0	20
2025.10.20	03:24:00	150.756	150.89	150.756	150.825	1082	0	20
2025.10.20	03:36:00	150.826	150.862	150.779	150.796	816	0	20
2025.10.20	03:48:00	150.795	150.968	150.76	150.899	1631	0	20
2025.10.20	04:00:00	150.898	151.018	150.855	151.009	1313	0	20
2025.10.20	04:12:00	151.01	151.19	151.009	151.144	1167	0	20
2025.10.20	04:24:00	151.143	151.149	151.03	151.054	895	0	20
2025.10.20	04:36:00	151.051	151.089	150.952	150.958	632	0	20
2025.10.20	04:48:00	150.957	150.998	150.89	150.959	802	0	20
2025.10.20	05:00:00	150.954	150.987	150.903	150.916	535	0	20
2025.10.20	05:12:00	150.917	150.92	150.825	150.837	827	0	20
2025.10.20	05:24:00	150.838	150.841	150.799	150.838	704	0	20
2025.10.20	05:36:00	150.838	150.883	150.824	150.871	552	0	20
2025.10.20	05:48:00	150.872	150.88	150.825	150.854	669	0	20
2025.10.20	06:00:00	150.853	150.876	150.843	150.859	579	0	20
2025.10.20	06:12:00	150.86	150.863	150.8	150.815	290	0	20
2025.10.20	06:24:00	150.815	150.838	150.792	150.801	425	0	20
2025.10.20	06:36:00	150.8	150.817	150.759	150.803	382	0	21
2025.10.20	06:48:00	150.804	150.837	150.642	150.713	1057	0	20
2025.10.20	07:00:00	150.712	150.759	150.672	150.677	746	0	20
2025.10.20	07:12:00	150.678	150.691	150.645	150.659	370	0	21
2025.10.20	07:24:00	150.659	150.659	150.54	150.571	507	0	20
2025.10.20	07:36:00	150.571	150.574	150.503	150.523	633	0	21
2025.10.20	07:48:00	150.521	150.641	150.518	150.588	593	0	20
2025.10.20	08:00:00	150.588	150.618	150.544	150.581	817	0	20
2025.10.20	08:12:00	150.581	150.605	150.563	150.598	759	0	20
2025.10.20	08:24:00	150.598	150.598	150.487	150.528	1005	0	20
2025.10.20	08:36:00	150.529	150.612	150.529	150.601	681	0	20
2025.10.20	08:48:00	150.601	150.678	150.6	150.638	998	0	20
2025.10.20	09:00:00	150.637	150.666	150.577	150.644	979	0	20
2025.10.20	09:12:00	150.643	150.733	150.603	150.674	963	0	20
2025.10.20	09:24:00	150.675	150.699	150.561	150.575	1441	0	20
2025.10.20	09:36:00	150.574	150.6	150.538	150.564	993	0	20
2025.10.20	09:48:00	150.564	150.73	150.563	150.675	1277	0	20
2025.10.20	10:00:00	150.677	150.778	150.641	150.766	2044	0	20
2025.10.20	10:12:00	150.766	150.82	150.754	150.764	955	0	20
2025.10.20	10:24:00	150.763	150.808	150.708	150.774	1286	0	20
2025.10.20	10:36:00	150.772	150.799	150.721	150.736	1214	0	20
2025.10.20	10:48:00	150.738	150.807	150.722	150.734	975	0	20
2025.10.20	11:00:00	150.733	150.78	150.658	150.685	1337	0	20
2025.10.20	11:12:00	150.684	150.785	150.674	150.77	1123	0	20
2025.10.20	11:24:00	150.769	150.783	150.724	150.742	1070	0	20
2025.10.20	11:36:00	150.742	150.783	150.663	150.73	1232	0	20
2025.10.20	11:48:00	150.731	150.741	150.564	150.573	1607	0	20
2025.10.20	12:00:00	150.57	150.571	150.263	150.325	1766	0	20
2025.10.20	12:12:00	150.325	150.501	150.323	150.476	1394	0	20
2025.10.20	12:24:00	150.477	150.539	150.466	150.486	1078	0	20
2025.10.20	12:36:00	150.486	150.64	150.479	150.635	801	0	20
2025.10.20	12:48:00	150.634	150.76	150.628	150.722	1086	0	20
2025.10.20	13:00:00	150.724	150.824	150.718	150.815	1325	0	20
2025.10.20	13:12:00	150.816	150.825	150.735	150.739	1050	0	20
2025.10.20	13:24:00	150.741	150.794	150.723	150.77	743	0	20
2025.10.20	13:36:00	150.769	150.776	150.71	150.719	857	0	20
2025.10.20	13:48:00	150.719	150.726	150.665	150.704	614	0	20
2025.10.20	14:00:00	150.703	150.757	150.664	150.756	537	0	20
2025.10.20	14:12:00	150.771	150.775	150.715	150.746	509	0	20
2025.10.20	14:24:00	150.745	150.822	150.734	150.776	470	0	20
2025.10.20	14:36:00	150.776	150.846	150.736	150.817	735	0	20
2025.10.20	14:48:00	150.818	150.818	150.689	150.691	543	0	20
2025.10.20	15:00:00	150.693	150.765	150.638	150.758	1010	0	20
2025.10.20	15:12:00	150.759	150.761	150.642	150.684	1210	0	20
2025.10.20	15:24:00	150.684	150.695	150.596	150.624	1000	0	20
2025.10.20	15:36:00	150.625	150.679	150.616	150.64	1027	0	20
2025.10.20	15:48:00	150.641	150.671	150.61	150.663	1168	0	20
2025.10.20	16:00:00	150.663	150.682	150.612	150.644	984	0	20
2025.10.20	16:12:00	150.645	150.715	150.603	150.715	792	0	20
2025.10.20	16:24:00	150.715	150.809	150.64	150.809	1251	0	20
2025.10.20	16:36:00	150.808	150.841	150.749	150.803	1351	0	20
2025.10.20	16:48:00	150.804	150.813	150.743	150.756	1388	0	20
2025.10.20	17:00:00	150.757	150.801	150.662	150.668	1094	0	20
2025.10.20	17:12:00	150.67	150.691	150.544	150.562	1472	0	20
2025.10.20	17:24:00	150.563	150.581	150.487	150.498	901	0	20
2025.10.20	17:36:00	150.496	150.523	150.399	150.479	1434	0	20
2025.10.20	17:48:00	150.48	150.615	150.454	150.583	1387	0	20
2025.10.20	18:00:00	150.582	150.614	150.528	150.566	1047	0	20
2025.10.20	18:12:00	150.566	150.588	150.474	150.492	780	0	20
2025.10.20	18:24:00	150.491	150.541	150.485	150.538	743	0	20
2025.10.20	18:36:00	150.538	150.581	150.52	150.581	566	0	20
2025.10.20	18:48:00	150.58	150.594	150.498	150.579	1176	0	20
2025.10.20	19:00:00	150.58	150.592	150.518	150.556	696	0	20
2025.10.20	19:12:00	150.556	150.62	150.539	150.611	735	0	20
2025.10.20	19:24:00	150.612	150.637	150.581	150.592	733	0	20
2025.10.20	19:36:00	150.591	150.648	150.585	150.636	350	0	21
2025.10.20	19:48:00	150.637	150.683	150.633	150.664	484	0	20
2025.10.20	20:00:00	150.67	150.708	150.657	150.708	619	0	20
2025.10.20	20:12:00	150.707	150.74	150.697	150.728	282	0	20
2025.10.20	20:24:00	150.727	150.773	150.721	150.771	322	0	20
2025.10.20	20:36:00	150.772	150.785	150.757	150.771	426	0	20
2025.10.20	20:48:00	150.772	150.782	150.753	150.769	403	0	21
2025.10.20	21:00:00	150.768	150.809	150.744	150.781	616	0	20
2025.10.20	21:12:00	150.78	150.816	150.78	150.782	345	0	21
2025.10.20	21:24:00	150.782	150.794	150.735	150.74	372	0	20
2025.10.20	21:36:00	150.74	150.752	150.716	150.726	292	0	20
2025.10.20	21:48:00	150.727	150.737	150.654	150.68	469	0	20
2025.10.20	22:00:00	150.681	150.682	150.617	150.637	503	0	20
2025.10.20	22:12:00	150.639	150.692	150.639	150.68	387	0	20
2025.10.20	22:24:00	150.679	150.707	150.675	150.699	287	0	20
2025.10.20	22:36:00	150.698	150.72	150.694	150.709	259	0	20
2025.10.20	22:48:00	150.71	150.716	150.681	150.686	447	0	20
2025.10.20	23:00:00	150.685	150.726	150.673	150.717	243	0	21
2025.10.20	23:12:00	150.717	150.753	150.712	150.716	253	0	21
2025.10.20	23:24:00	150.715	150.717	150.679	150.704	142	0	20
2025.10.20	23:36:00	150.704	150.735	150.702	150.714	145	0	21
2025.10.20	23:48:00	150.718	150.746	150.714	150.727	557	0	21
2025.10.21	00:00:00	150.61	150.637	150.588	150.613	38	0	163
2025.10.21	00:12:00	150.616	150.637	150.613	150.636	22	0	141
2025.10.21	00:24:00	150.636	150.677	150.636	150.672	116	0	59
2025.10.21	00:36:00	150.677	150.678	150.673	150.678	35	0	54
2025.10.21	00:48:00	150.678	150.678	150.637	150.638	48	0	57
2025.10.21	01:00:00	150.638	150.695	150.638	150.692	234	0	22
2025.10.21	01:12:00	150.693	150.751	150.69	150.728	335	0	20
2025.10.21	01:24:00	150.73	150.735	150.691	150.723	392	0	24
2025.10.21	01:36:00	150.723	150.753	150.715	150.74	250	0	23
2025.10.21	01:48:00	150.741	150.743	150.7	150.719	298	0	22
2025.10.21	02:00:00	150.718	150.779	150.708	150.768	439	0	23
2025.10.21	02:12:00	150.768	150.781	150.706	150.732	494	0	20
2025.10.21	02:24:00	150.733	150.787	150.713	150.771	429	0	20
2025.10.21	02:36:00	150.767	150.781	150.721	150.734	469	0	21
2025.10.21	02:48:00	150.734	150.812	150.728	150.811	416	0	20
2025.10.21	03:00:00	150.811	150.84	150.493	150.547	1857	0	20
2025.10.21	03:12:00	150.546	150.657	150.541	150.64	1041	0	20
2025.10.21	03:24:00	150.641	150.706	150.617	150.63	1229	0	20
2025.10.21	03:36:00	150.629	150.648	150.545	150.578	786	0	20
2025.10.21	03:48:00	150.579	150.65	150.459	150.645	1520	0	20
2025.10.21	04:00:00	150.644	150.688	150.516	150.56	1157	0	20
2025.10.21	04:12:00	150.561	150.646	150.548	150.631	1003	0	20
2025.10.21	04:24:00	150.63	150.734	150.619	150.732	910	0	20
2025.10.21	04:36:00	150.731	150.919	150.723	150.9	1059	0	20
2025.10.21	04:48:00	150.899	150.985	150.847	150.969	1279	0	20
2025.10.21	05:00:00	150.97	151.103	150.952	151.065	1035	0	20
2025.10.21	05:12:00	151.068	151.068	150.966	150.974	612	0	21
2025.10.21	05:24:00	150.975	151.055	150.968	151.035	749	0	20
2025.10.21	05:36:00	151.034	151.124	151.03	151.089	975	0	20
2025.10.21	05:48:00	151.09	151.135	151.065	151.112	683	0	20
2025.10.21	06:00:00	151.112	151.121	151.067	151.096	406	0	20
2025.10.21	06:12:00	151.098	151.139	151.079	151.133	552	0	20
2025.10.21	06:24:00	151.132	151.132	151.067	151.068	518	0	20
2025.10.21	06:36:00	151.069	151.103	151.028	151.039	480	0	20
2025.10.21	06:48:00	151.04	151.049	150.993	151.036	616	0	20
2025.10.21	07:00:00	151.036	151.067	151.018	151.04	674	0	20
2025.10.21	07:12:00	151.041	151.064	151.028	151.04	337	0	20
2025.10.21	07:24:00	151.042	151.226	151.042	151.13	649	0	20
2025.10.21	07:36:00	151.133	151.228	151.043	151.108	997	0	20
2025.10.21	07:48:00	151.109	151.213	150.873	151.064	2603	0	20
2025.10.21	08:00:00	151.065	151.26	150.85	151.227	2796	0	20
2025.10.21	08:12:00	151.229	151.431	151.161	151.352	1727	0	20
2025.10.21	08:24:00	151.353	151.453	151.295	151.421	1229	0	20
2025.10.21	08:36:00	151.421	151.49	151.374	151.434	1253	0	20
2025.10.21	08:48:00	151.434	151.511	151.422	151.503	1913	0	20
2025.10.21	09:00:00	151.503	151.564	151.478	151.537	1500	0	20
2025.10.21	09:12:00	151.536	151.596	151.519	151.583	1248	0	20
2025.10.21	09:24:00	151.581	151.593	151.463	151.484	1089	0	20
2025.10.21	09:36:00	151.485	151.485	151.215	151.265	1558	0	20
2025.10.21	09:48:00	151.265	151.348	151.213	151.249	1112	0	20
2025.10.21	10:00:00	151.252	151.252	151.113	151.141	1752	0	20
2025.10.21	10:12:00	151.141	151.191	151.116	151.15	1408	0	20
2025.10.21	10:24:00	151.152	151.174	151.06	151.166	1076	0	20
2025.10.21	10:36:00	151.167	151.184	151.098	151.125	1142	0	20
2025.10.21	10:48:00	151.123	151.154	151.054	151.142	1494	0	20
2025.10.21	11:00:00	151.148	151.244	151.052	151.127	2018	0	20
2025.10.21	11:12:00	151.128	151.26	151.115	151.231	1923	0	20
2025.10.21	11:24:00	151.231	151.432	151.219	151.402	1384	0	20
2025.10.21	11:36:00	151.401	151.584	151.399	151.563	1495	0	20
2025.10.21	11:48:00	151.563	151.668	151.562	151.599	1518	0	20
2025.10.21	12:00:00	151.597	151.708	151.585	151.702	1415	0	20
2025.10.21	12:12:00	151.701	151.753	151.647	151.65	871	0	20
2025.10.21	12:24:00	151.65	151.758	151.61	151.758	1246	0	20
2025.10.21	12:36:00	151.759	151.77	151.708	151.763	1031	0	20
2025.10.21	12:48:00	151.76	151.792	151.724	151.785	1143	0	20
2025.10.21	13:00:00	151.787	151.866	151.728	151.864	1019	0	20
2025.10.21	13:12:00	151.871	151.935	151.843	151.89	1104	0	20
2025.10.21	13:24:00	151.89	151.961	151.861	151.944	1057	0	20
2025.10.21	13:36:00	151.944	152.015	151.873	151.97	992	0	20
2025.10.21	13:48:00	151.97	152.038	151.878	151.914	1266	0	20
2025.10.21	14:00:00	151.915	151.915	151.802	151.844	1027	0	20
2025.10.21	14:12:00	151.845	151.937	151.799	151.842	1008	0	20
2025.10.21	14:24:00	151.838	151.927	151.824	151.896	790	0	20
2025.10.21	14:36:00	151.897	151.931	151.862	151.921	737	0	20
2025.10.21	14:48:00	151.921	151.998	151.899	151.939	802	0	20
2025.10.21	15:00:00	151.938	152.048	151.881	152.024	1680	0	20
2025.10.21	15:12:00	152.023	152.08	151.986	152.015	1536	0	20
2025.10.21	15:24:00	152.016	152.139	151.986	152.119	1195	0	20
2025.10.21	15:36:00	152.12	152.162	152.067	152.118	1243	0	20
2025.10.21	15:48:00	152.113	152.166	152.013	152.018	1587	0	20
2025.10.21	16:00:00	152.019	152.079	151.836	151.925	2199	0	20
2025.10.21	16:12:00	151.925	151.941	151.657	151.799	2970	0	20
2025.10.21	16:24:00	151.801	151.885	151.718	151.781	1976	0	20
2025.10.21	16:36:00	151.782	151.843	151.675	151.799	1752	0	20
2025.10.21	16:48:00	151.801	151.816	151.584	151.587	2207	0	20
2025.10.21	17:00:00	151.587	151.62	151.446	151.509	1717	0	20
2025.10.21	17:12:00	151.505	151.666	151.491	151.566	1437	0	20
2025.10.21	17:24:00	151.567	151.666	151.562	151.642	1551	0	20
2025.10.21	17:36:00	151.642	151.806	151.631	151.77	1648	0	20
2025.10.21	17:48:00	151.77	151.873	151.767	151.859	1697	0	20
2025.10.21	18:00:00	151.86	151.867	151.751	151.797	1232	0	20
2025.10.21	18:12:00	151.798	151.834	151.672	151.711	1314	0	20
2025.10.21	18:24:00	151.711	151.788	151.686	151.788	876	0	20
2025.10.21	18:36:00	151.788	151.818	151.763	151.769	857	0	20
2025.10.21	18:48:00	151.769	151.795	151.714	151.717	608	0	20
2025.10.21	19:00:00	151.717	151.822	151.645	151.804	1352	0	20
2025.10.21	19:12:00	151.804	151.849	151.769	151.805	807	0	20
2025.10.21	19:24:00	151.805	151.885	151.798	151.875	609	0	20
2025.10.21	19:36:00	151.875	151.93	151.852	151.909	753	0	20
2025.10.21	19:48:00	151.91	151.942	151.823	151.845	1087	0	20
2025.10.21	20:00:00	151.845	151.922	151.806	151.919	983	0	20
2025.10.21	20:12:00	151.92	151.932	151.88	151.92	768	0	20
2025.10.21	20:24:00	151.92	151.962	151.888	151.93	606	0	20
2025.10.21	20:36:00	151.931	151.936	151.896	151.924	599	0	20
2025.10.21	20:48:00	151.923	151.937	151.904	151.914	439	0	20
2025.10.21	21:00:00	151.912	151.912	151.866	151.898	470	0	20
2025.10.21	21:12:00	151.9	151.915	151.87	151.915	524	0	20
2025.10.21	21:24:00	151.916	151.916	151.869	151.883	442	0	20
2025.10.21	21:36:00	151.883	151.902	151.877	151.88	438	0	20
2025.10.21	21:48:00	151.88	151.917	151.873	151.903	332	0	20
2025.10.21	22:00:00	151.903	151.914	151.881	151.895	346	0	21
2025.10.21	22:12:00	151.894	151.939	151.894	151.923	590	0	20
2025.10.21	22:24:00	151.924	151.961	151.916	151.926	390	0	20
2025.10.21	22:36:00	151.927	151.937	151.903	151.915	230	0	20
2025.10.21	22:48:00	151.914	151.917	151.893	151.906	450	0	20
2025.10.21	23:00:00	151.906	151.937	151.866	151.876	314	0	20
2025.10.21	23:12:00	151.877	151.896	151.875	151.893	105	0	22
2025.10.21	23:24:00	151.894	151.918	151.885	151.895	192	0	21
2025.10.21	23:36:00	151.896	151.896	151.859	151.879	185	0	21
2025.10.21	23:48:00	151.88	151.92	151.87	151.915	342	0	23
2025.10.22	00:00:00	151.853	151.863	151.853	151.859	19	0	85
2025.10.22	00:12:00	151.859	151.887	151.852	151.86	26	0	31
2025.10.22	00:24:00	151.86	151.886	151.857	151.866	32	0	53
2025.10.22	00:36:00	151.864	151.874	151.857	151.866	27	0	67
2025.10.22	00:48:00	151.868	151.87	151.864	151.864	20	0	61
2025.10.22	01:00:00	151.861	151.886	151.849	151.875	328	0	22
2025.10.22	01:12:00	151.875	151.887	151.857	151.862	216	0	24
2025.10.22	01:24:00	151.862	151.873	151.854	151.865	328	0	26
2025.10.22	01:36:00	151.866	151.882	151.862	151.872	198	0	20
2025.10.22	01:48:00	151.872	151.933	151.871	151.922	238	0	22
2025.10.22	02:00:00	151.923	151.941	151.898	151.91	366	0	21
2025.10.22	02:12:00	151.91	151.945	151.909	151.924	207	0	20
2025.10.22	02:24:00	151.924	151.949	151.922	151.923	143	0	20
2025.10.22	02:36:00	151.924	151.931	151.886	151.9	262	0	20
2025.10.22	02:48:00	151.901	151.936	151.85	151.866	546	0	20
2025.10.22	03:00:00	151.866	151.867	151.745	151.766	1674	0	20
2025.10.22	03:12:00	151.766	151.778	151.624	151.626	1387	0	20
2025.10.22	03:24:00	151.626	151.654	151.593	151.622	1076	0	20
2025.10.22	03:36:00	151.621	151.69	151.619	151.67	896	0	20
2025.10.22	03:48:00	151.67	151.696	151.618	151.618	1311	0	20
2025.10.22	04:00:00	151.61	151.634	151.478	151.562	1332	0	20
2025.10.22	04:12:00	151.561	151.66	151.558	151.643	897	0	20
2025.10.22	04:24:00	151.642	151.713	151.641	151.68	892	0	20
2025.10.22	04:36:00	151.679	151.732	151.65	151.705	948	0	20
2025.10.22	04:48:00	151.705	151.74	151.687	151.733	480	0	20
2025.10.22	05:00:00	151.732	151.748	151.708	151.713	364	0	20
2025.10.22	05:12:00	151.714	151.725	151.653	151.657	485	0	20
2025.10.22	05:24:00	151.656	151.671	151.612	151.613	501	0	20
2025.10.22	05:36:00	151.606	151.648	151.582	151.644	458	0	20
2025.10.22	05:48:00	151.645	151.646	151.611	151.621	290	0	20
2025.10.22	06:00:00	151.621	151.699	151.617	151.691	379	0	20
2025.10.22	06:12:00	151.691	151.741	151.679	151.733	273	0	20
2025.10.22	06:24:00	151.733	151.751	151.702	151.71	337	0	20
2025.10.22	06:36:00	151.707	151.732	151.696	151.715	326	0	20
2025.10.22	06:48:00	151.715	151.809	151.69	151.785	380	0	20
2025.10.22	07:00:00	151.784	151.864	151.767	151.861	690	0	20
2025.10.22	07:12:00	151.858	151.862	151.811	151.839	354	0	20
2025.10.22	07:24:00	151.839	151.853	151.759	151.8	325	0	20
2025.10.22	07:36:00	151.8	151.808	151.767	151.793	408	0	21
2025.10.22	07:48:00	151.793	151.814	151.745	151.749	321	0	20
2025.10.22	08:00:00	151.748	151.777	151.718	151.749	439	0	20
2025.10.22	08:12:00	151.749	151.75	151.716	151.736	395	0	20
2025.10.22	08:24:00	151.736	151.773	151.724	151.76	346	0	20
2025.10.22	08:36:00	151.761	151.806	151.751	151.803	395	0	20
2025.10.22	08:48:00	151.802	151.862	151.798	151.85	342	0	20
2025.10.22	09:00:00	151.848	151.941	151.839	151.887	1152	0	20
2025.10.22	09:12:00	151.888	151.912	151.868	151.875	1115	0	20
2025.10.22	09:24:00	151.876	151.877	151.693	151.706	1830	0	20
2025.10.22	09:36:00	151.706	151.79	151.696	151.704	973	0	20
2025.10.22	09:48:00	151.703	151.765	151.685	151.726	1203	0	20
2025.10.22	10:00:00	151.726	151.833	151.609	151.761	1699	0	20
2025.10.22	10:12:00	151.761	151.839	151.698	151.822	1582	0	20
2025.10.22	10:24:00	151.821	151.847	151.754	151.792	1345	0	20
2025.10.22	10:36:00	151.79	151.799	151.731	151.76	1078	0	20
2025.10.22	10:48:00	151.758	151.822	151.708	151.816	782	0	20
2025.10.22	11:00:00	151.818	151.899	151.761	151.768	1596	0	20
2025.10.22	11:12:00	151.767	151.79	151.653	151.662	1860	0	20
2025.10.22	11:24:00	151.663	151.749	151.656	151.728	1131	0	20
2025.10.22	11:36:00	151.732	151.749	151.701	151.718	1347	0	20
2025.10.22	11:48:00	151.717	151.723	151.619	151.678	1193	0	20
2025.10.22	12:00:00	151.679	151.701	151.642	151.7	1052	0	20
2025.10.22	12:12:00	151.699	151.77	151.685	151.746	1125	0	20
2025.10.22	12:24:00	151.746	151.752	151.713	151.742	969	0	20
2025.10.22	12:36:00	151.742	151.777	151.726	151.769	896	0	22
2025.10.22	12:48:00	151.769	151.816	151.756	151.805	609	0	20
2025.10.22	13:00:00	151.809	151.811	151.706	151.734	721	0	20
2025.10.22	13:12:00	151.734	151.823	151.731	151.803	661	0	20
2025.10.22	13:24:00	151.802	151.802	151.736	151.769	1187	0	20
2025.10.22	13:36:00	151.765	151.801	151.746	151.782	982	0	20
2025.10.22	13:48:00	151.781	151.813	151.774	151.807	1089	0	21
2025.10.22	14:00:00	151.806	151.836	151.733	151.778	1022	0	20
2025.10.22	14:12:00	151.776	151.795	151.733	151.776	733	0	20
2025.10.22	14:24:00	151.776	151.882	151.764	151.813	1031	0	20
2025.10.22	14:36:00	151.813	151.815	151.727	151.753	1207	0	21
2025.10.22	14:48:00	151.754	151.782	151.715	151.776	1114	0	20
2025.10.22	15:00:00	151.777	151.835	151.749	151.779	2191	0	20
2025.10.22	15:12:00	151.777	151.82	151.745	151.82	1153	0	20
2025.10.22	15:24:00	151.821	151.829	151.763	151.792	1350	0	20
2025.10.22	15:36:00	151.792	151.926	151.791	151.888	1439	0	20
2025.10.22	15:48:00	151.89	151.958	151.865	151.917	1499	0	20
2025.10.22	16:00:00	151.918	151.994	151.866	151.926	1701	0	20
2025.10.22	16:12:00	151.923	152.01	151.913	151.995	965	0	20
2025.10.22	16:24:00	151.995	152.035	151.864	151.89	1433	0	20
2025.10.22	16:36:00	151.89	151.955	151.859	151.936	1758	0	20
2025.10.22	16:48:00	151.934	151.989	151.93	151.959	1343	0	20
2025.10.22	17:00:00	151.96	151.977	151.853	151.946	1402	0	20
2025.10.22	17:12:00	151.937	151.937	151.875	151.886	1308	0	20
2025.10.22	17:24:00	151.886	151.939	151.851	151.925	1344	0	20
2025.10.22	17:36:00	151.925	152.0	151.903	151.916	1571	0	20
2025.10.22	17:48:00	151.919	151.975	151.859	151.875	1654	0	20
2025.10.22	18:00:00	151.876	151.901	151.775	151.832	1491	0	20
2025.10.22	18:12:00	151.833	151.837	151.75	151.79	1200	0	20
2025.10.22	18:24:00	151.79	151.815	151.741	151.755	1105	0	20
2025.10.22	18:36:00	151.753	151.818	151.741	151.805	1262	0	20
2025.10.22	18:48:00	151.805	151.861	151.769	151.78	989	0	20
2025.10.22	19:00:00	151.778	151.834	151.742	151.82	760	0	20
2025.10.22	19:12:00	151.821	151.832	151.776	151.779	507	0	20
2025.10.22	19:24:00	151.779	151.795	151.494	151.67	2046	0	20
2025.10.22	19:36:00	151.671	151.736	151.615	151.7	2023	0	20
2025.10.22	19:48:00	151.701	151.776	151.671	151.753	1721	0	20
2025.10.22	20:00:00	151.752	151.801	151.728	151.773	1302	0	20
2025.10.22	20:12:00	151.773	151.777	151.618	151.622	1480	0	20
2025.10.22	20:24:00	151.622	151.687	151.599	151.639	772	0	20
2025.10.22	20:36:00	151.638	151.683	151.594	151.675	664	0	20
2025.10.22	20:48:00	151.674	151.678	151.601	151.635	712	0	20
2025.10.22	21:00:00	151.634	151.708	151.633	151.708	657	0	20
2025.10.22	21:12:00	151.712	151.763	151.677	151.761	619	0	20
2025.10.22	21:24:00	151.761	151.792	151.753	151.779	642	0	20
2025.10.22	21:36:00	151.778	151.879	151.777	151.858	676	0	20
2025.10.22	21:48:00	151.858	151.881	151.824	151.869	622	0	20
2025.10.22	22:00:00	151.87	151.906	151.842	151.895	773	0	20
2025.10.22	22:12:00	151.897	151.928	151.87	151.917	526	0	20
2025.10.22	22:24:00	151.922	151.965	151.912	151.95	411	0	20
2025.10.22	22:36:00	151.951	151.996	151.935	151.984	448	0	20
2025.10.22	22:48:00	151.983	151.995	151.949	151.97	711	0	20
2025.10.22	23:00:00	151.969	152.001	151.925	151.949	443	0	20
2025.10.22	23:12:00	151.945	151.965	151.933	151.954	232	0	20
2025.10.22	23:24:00	151.953	151.954	151.914	151.914	308	0	21
2025.10.22	23:36:00	151.916	151.935	151.902	151.928	178	0	23
2025.10.22	23:48:00	151.927	151.961	151.905	151.94	463	0	21
2025.10.23	00:00:00	151.893	151.924	151.863	151.863	26	0	57
2025.10.23	00:12:00	151.863	151.902	151.863	151.899	30	0	85
2025.10.23	00:24:00	151.899	151.904	151.886	151.887	28	0	63
2025.10.23	00:36:00	151.886	151.892	151.885	151.888	23	0	71
2025.10.23	00:48:00	151.887	151.892	151.876	151.88	45	0	47
2025.10.23	01:00:00	151.88	151.901	151.815	151.836	453	0	22
2025.10.23	01:12:00	151.836	151.842	151.809	151.831	530	0	22
2025.10.23	01:24:00	151.831	151.877	151.827	151.864	346	0	20
2025.10.23	01:36:00	151.864	151.895	151.853	151.894	306	0	21
2025.10.23	01:48:00	151.895	151.916	151.884	151.892	388	0	20
2025.10.23	02:00:00	151.892	151.946	151.888	151.938	362	0	23
2025.10.23	02:12:00	151.94	151.951	151.907	151.941	529	0	20
2025.10.23	02:24:00	151.94	151.954	151.923	151.938	571	0	20
2025.10.23	02:36:00	151.938	151.982	151.91	151.962	550	0	20
2025.10.23	02:48:00	151.965	151.985	151.923	151.975	833	0	20
2025.10.23	03:00:00	151.974	152.154	151.961	152.114	1569	0	20
2025.10.23	03:12:00	152.117	152.251	152.113	152.204	1073	0	20
2025.10.23	03:24:00	152.202	152.245	152.18	152.218	1065	0	20
2025.10.23	03:36:00	152.217	152.234	152.143	152.152	789	0	20
2025.10.23	03:48:00	152.153	152.211	152.141	152.141	1042	0	20
2025.10.23	04:00:00	152.141	152.26	152.105	152.213	898	0	20
2025.10.23	04:12:00	152.213	152.376	152.209	152.363	1110	0	20
2025.10.23	04:24:00	152.361	152.443	152.351	152.407	949	0	21
2025.10.23	04:36:00	152.409	152.429	152.332	152.334	602	0	20
2025.10.23	04:48:00	152.336	152.408	152.327	152.405	674	0	21
2025.10.23	05:00:00	152.405	152.441	152.39	152.393	684	0	20
2025.10.23	05:12:00	152.392	152.425	152.373	152.379	551	0	20
2025.10.23	05:24:00	152.38	152.45	152.379	152.441	482	0	20
2025.10.23	05:36:00	152.44	152.483	152.431	152.462	299	0	21
2025.10.23	05:48:00	152.462	152.493	152.435	152.45	367	0	20
2025.10.23	06:00:00	152.45	152.467	152.432	152.451	372	0	20
2025.10.23	06:12:00	152.451	152.452	152.426	152.438	288	0	22
2025.10.23	06:24:00	152.438	152.449	152.392	152.405	288	0	20
2025.10.23	06:36:00	152.405	152.438	152.384	152.402	468	0	20
2025.10.23	06:48:00	152.401	152.474	152.399	152.462	525	0	20
2025.10.23	07:00:00	152.461	152.561	152.46	152.518	511	0	20
2025.10.23	07:12:00	152.519	152.524	152.451	152.485	432	0	20
2025.10.23	07:24:00	152.485	152.489	152.424	152.451	339	0	20
2025.10.23	07:36:00	152.45	152.464	152.43	152.446	296	0	20
2025.10.23	07:48:00	152.445	152.451	152.392	152.401	386	0	20
2025.10.23	08:00:00	152.402	152.418	152.366	152.367	540	0	20
2025.10.23	08:12:00	152.368	152.378	152.357	152.375	601	0	21
2025.10.23	08:24:00	152.376	152.393	152.33	152.331	341	0	20
2025.10.23	08:36:00	152.332	152.372	152.31	152.324	318	0	20
2025.10.23	08:48:00	152.324	152.372	152.314	152.361	390	0	20
2025.10.23	09:00:00	152.365	152.393	152.318	152.347	893	0	20
2025.10.23	09:12:00	152.347	152.391	152.323	152.39	593	0	20
2025.10.23	09:24:00	152.39	152.475	152.373	152.461	427	0	20
2025.10.23	09:36:00	152.461	152.578	152.461	152.554	977	0	20
2025.10.23	09:48:00	152.555	152.637	152.498	152.63	863	0	20
2025.10.23	10:00:00	152.633	152.635	152.528	152.533	1191	0	20
2025.10.23	10:12:00	152.537	152.559	152.367	152.418	1061	0	20
2025.10.23	10:24:00	152.418	152.504	152.38	152.503	1156	0	20
2025.10.23	10:36:00	152.503	152.53	152.415	152.443	704	0	20
2025.10.23	10:48:00	152.444	152.489	152.382	152.487	1180	0	20
2025.10.23	11:00:00	152.486	152.5	152.444	152.475	1422	0	20
2025.10.23	11:12:00	152.476	152.535	152.459	152.512	874	0	20
2025.10.23	11:24:00	152.513	152.544	152.464	152.535	473	0	21
2025.10.23	11:36:00	152.537	152.605	152.536	152.601	636	0	20
2025.10.23	11:48:00	152.602	152.64	152.583	152.6	634	0	20
2025.10.23	12:00:00	152.598	152.655	152.561	152.61	878	0	20
2025.10.23	12:12:00	152.611	152.618	152.542	152.547	530	0	20
2025.10.23	12:24:00	152.547	152.568	152.501	152.567	498	0	20
2025.10.23	12:36:00	152.566	152.614	152.558	152.569	489	0	20
2025.10.23	12:48:00	152.571	152.597	152.558	152.56	463	0	20
2025.10.23	13:00:00	152.562	152.616	152.558	152.601	416	0	20
2025.10.23	13:12:00	152.602	152.628	152.565	152.626	465	0	20
2025.10.23	13:24:00	152.625	152.639	152.593	152.604	563	0	20
2025.10.23	13:36:00	152.606	152.71	152.598	152.685	361	0	20
2025.10.23	13:48:00	152.684	152.764	152.663	152.76	718	0	20
2025.10.23	14:00:00	152.76	152.77	152.71	152.733	902	0	20
2025.10.23	14:12:00	152.733	152.782	152.722	152.769	663	0	20
2025.10.23	14:24:00	152.767	152.77	152.701	152.708	623	0	21
2025.10.23	14:36:00	152.708	152.736	152.695	152.715	828	0	21
2025.10.23	14:48:00	152.715	152.73	152.654	152.661	759	0	20
2025.10.23	15:00:00	152.66	152.676	152.601	152.615	759	0	21
2025.10.23	15:12:00	152.615	152.709	152.608	152.665	787	0	20
2025.10.23	15:24:00	152.665	152.671	152.512	152.53	837	0	20
2025.10.23	15:36:00	152.53	152.577	152.483	152.483	1129	0	20
2025.10.23	15:48:00	152.485	152.535	152.446	152.525	896	0	20
2025.10.23	16:00:00	152.526	152.546	152.466	152.53	977	0	20
2025.10.23	16:12:00	152.53	152.618	152.524	152.556	817	0	20
2025.10.23	16:24:00	152.556	152.583	152.49	152.531	1533	0	20
2025.10.23	16:36:00	152.53	152.702	152.525	152.697	1842	0	20
2025.10.23	16:48:00	152.698	152.722	152.649	152.672	1438	0	20
2025.10.23	17:00:00	152.673	152.695	152.568	152.628	1383	0	20
2025.10.23	17:12:00	152.628	152.677	152.625	152.673	1212	0	20
2025.10.23	17:24:00	152.673	152.699	152.605	152.616	1314	0	20
2025.10.23	17:36:00	152.617	152.673	152.598	152.625	997	0	20
2025.10.23	17:48:00	152.63	152.643	152.576	152.604	1151	0	20
2025.10.23	18:00:00	152.605	152.617	152.571	152.616	1038	0	20
2025.10.23	18:12:00	152.617	152.72	152.611	152.708	994	0	20
2025.10.23	18:24:00	152.708	152.732	152.673	152.732	700	0	20
2025.10.23	18:36:00	152.731	152.753	152.698	152.721	860	0	20
2025.10.23	18:48:00	152.72	152.751	152.696	152.716	931	0	20
2025.10.23	19:00:00	152.713	152.759	152.682	152.759	550	0	20
2025.10.23	19:12:00	152.757	152.787	152.733	152.766	640	0	20
2025.10.23	19:24:00	152.765	152.765	152.662	152.686	771	0	20
2025.10.23	19:36:00	152.69	152.722	152.669	152.707	373	0	20
2025.10.23	19:48:00	152.709	152.732	152.699	152.708	359	0	20
2025.10.23	20:00:00	152.709	152.724	152.641	152.712	660	0	20
2025.10.23	20:12:00	152.713	152.726	152.681	152.725	412	0	21
2025.10.23	20:24:00	152.725	152.744	152.699	152.744	428	0	20
2025.10.23	20:36:00	152.743	152.757	152.625	152.629	523	0	20
2025.10.23	20:48:00	152.63	152.64	152.603	152.604	303	0	20
2025.10.23	21:00:00	152.605	152.639	152.595	152.62	330	0	20
2025.10.23	21:12:00	152.62	152.635	152.608	152.613	281	0	20
2025.10.23	21:24:00	152.611	152.614	152.571	152.572	510	0	20
2025.10.23	21:36:00	152.574	152.578	152.535	152.539	248	0	20
2025.10.23	21:48:00	152.539	152.548	152.509	152.523	517	0	20
2025.10.23	22:00:00	152.523	152.525	152.484	152.511	672	0	20
2025.10.23	22:12:00	152.51	152.536	152.509	152.535	276	0	21
2025.10.23	22:24:00	152.536	152.55	152.527	152.528	363	0	21
2025.10.23	22:36:00	152.529	152.553	152.527	152.536	281	0	20
2025.10.23	22:48:00	152.536	152.557	152.5	152.551	424	0	20
2025.10.23	23:00:00	152.546	152.6	152.546	152.596	324	0	20
2025.10.23	23:12:00	152.597	152.597	152.548	152.566	327	0	21
2025.10.23	23:24:00	152.565	152.585	152.551	152.563	241	0	20
2025.10.23	23:36:00	152.564	152.588	152.564	152.582	186	0	20
2025.10.23	23:48:00	152.583	152.59	152.542	152.57	437	0	22
2025.10.24	00:00:00	152.476	152.519	152.476	152.514	40	0	120
2025.10.24	00:12:00	152.513	152.553	152.504	152.545	75	0	70
2025.10.24	00:24:00	152.545	152.566	152.544	152.555	49	0	62
2025.10.24	00:36:00	152.555	152.573	152.554	152.572	32	0	60
2025.10.24	00:48:00	152.574	152.578	152.516	152.52	109	0	40
2025.10.24	01:00:00	152.52	152.55	152.506	152.544	238	0	20
2025.10.24	01:12:00	152.543	152.558	152.511	152.531	367	0	23
2025.10.24	01:24:00	152.53	152.536	152.494	152.51	313	0	20
2025.10.24	01:36:00	152.509	152.578	152.508	152.575	363	0	22
2025.10.24	01:48:00	152.574	152.583	152.538	152.574	318	0	23
2025.10.24	02:00:00	152.573	152.618	152.554	152.59	364	0	22
2025.10.24	02:12:00	152.591	152.605	152.591	152.602	247	0	20
2025.10.24	02:24:00	152.606	152.663	152.603	152.636	333	0	21
2025.10.24	02:36:00	152.635	152.64	152.565	152.58	351	0	20
2025.10.24	02:48:00	152.58	152.627	152.563	152.597	560	0	20
2025.10.24	03:00:00	152.597	152.602	152.493	152.527	1091	0	20
2025.10.24	03:12:00	152.526	152.591	152.526	152.545	562	0	20
2025.10.24	03:24:00	152.543	152.549	152.498	152.507	674	0	20
2025.10.24	03:36:00	152.507	152.553	152.464	152.545	652	0	20
2025.10.24	03:48:00	152.544	152.652	152.53	152.639	1242	0	20
2025.10.24	04:00:00	152.638	152.732	152.629	152.714	1103	0	20
2025.10.24	04:12:00	152.714	152.869	152.692	152.843	673	0	20
2025.10.24	04:24:00	152.844	152.884	152.799	152.858	816	0	20
2025.10.24	04:36:00	152.858	152.872	152.818	152.829	681	0	20
2025.10.24	04:48:00	152.828	152.891	152.815	152.887	516	0	20
2025.10.24	05:00:00	152.887	152.904	152.828	152.844	307	0	20
2025.10.24	05:12:00	152.841	152.882	152.824	152.861	343	0	20
2025.10.24	05:24:00	152.86	152.9	152.857	152.887	348	0	20
2025.10.24	05:36:00	152.886	152.901	152.76	152.816	647	0	20
2025.10.24	05:48:00	152.817	152.888	152.809	152.878	491	0	20
2025.10.24	06:00:00	152.88	152.886	152.851	152.878	278	0	20
2025.10.24	06:12:00	152.879	152.903	152.864	152.869	308	0	20
2025.10.24	06:24:00	152.869	152.874	152.796	152.806	394	0	20
2025.10.24	06:36:00	152.808	152.816	152.764	152.773	288	0	20
2025.10.24	06:48:00	152.773	152.773	152.702	152.76	331	0	20
2025.10.24	07:00:00	152.76	152.87	152.76	152.855	377	0	20
2025.10.24	07:12:00	152.855	152.877	152.832	152.865	468	0	20
2025.10.24	07:24:00	152.864	152.881	152.852	152.864	302	0	20
2025.10.24	07:36:00	152.865	152.896	152.852	152.896	396	0	21
2025.10.24	07:48:00	152.897	152.901	152.86	152.878	261	0	20
2025.10.24	08:00:00	152.879	152.989	152.879	152.979	602	0	21
2025.10.24	08:12:00	152.981	153.001	152.904	152.909	639	0	20
2025.10.24	08:24:00	152.912	153.026	152.87	152.931	678	0	20
2025.10.24	08:36:00	152.93	152.981	152.919	152.936	324	0	20
2025.10.24	08:48:00	152.936	152.951	152.883	152.947	411	0	21
2025.10.24	09:00:00	152.947	153.02	152.911	152.999	1009	0	20
2025.10.24	09:12:00	153.0	153.052	152.969	152.999	512	0	20
2025.10.24	09:24:00	152.999	153.001	152.934	152.936	817	0	20
2025.10.24	09:36:00	152.937	152.982	152.919	152.961	733	0	21
2025.10.24	09:48:00	152.962	152.991	152.906	152.908	566	0	20
2025.10.24	10:00:00	152.912	152.941	152.802	152.817	1166	0	20
2025.10.24	10:12:00	152.815	152.872	152.802	152.831	718	0	20
2025.10.24	10:24:00	152.832	152.833	152.742	152.812	1101	0	20
2025.10.24	10:36:00	152.812	152.867	152.802	152.859	985	0	20
2025.10.24	10:48:00	152.862	152.88	152.81	152.822	872	0	20
2025.10.24	11:00:00	152.821	152.865	152.801	152.846	871	0	20
2025.10.24	11:12:00	152.847	152.94	152.84	152.937	753	0	20
2025.10.24	11:24:00	152.937	153.009	152.937	152.957	813	0	20
2025.10.24	11:36:00	152.958	152.958	152.903	152.933	657	0	20
2025.10.24	11:48:00	152.933	152.982	152.923	152.94	705	0	20
2025.10.24	12:00:00	152.94	152.985	152.92	152.946	848	0	20
2025.10.24	12:12:00	152.946	152.976	152.897	152.972	781	0	20
2025.10.24	12:24:00	152.973	152.973	152.914	152.921	506	0	20
2025.10.24	12:36:00	152.924	152.947	152.89	152.897	575	0	20
2025.10.24	12:48:00	152.898	152.95	152.893	152.948	563	0	20
2025.10.24	13:00:00	152.948	152.971	152.895	152.937	437	0	20
2025.10.24	13:12:00	152.937	152.951	152.914	152.937	225	0	21
2025.10.24	13:24:00	152.938	152.958	152.909	152.923	204	0	20
2025.10.24	13:36:00	152.922	152.946	152.918	152.945	238	0	20
2025.10.24	13:48:00	152.945	152.972	152.938	152.968	317	0	20
2025.10.24	14:00:00	152.968	152.982	152.944	152.945	898	0	21
2025.10.24	14:12:00	152.945	152.958	152.897	152.923	708	0	20
2025.10.24	14:24:00	152.922	152.949	152.914	152.938	363	0	20
2025.10.24	14:36:00	152.936	152.951	152.928	152.937	471	0	20
2025.10.24	14:48:00	152.938	152.974	152.925	152.925	571	0	21
2025.10.24	15:00:00	152.924	152.93	152.832	152.851	841	0	20
2025.10.24	15:12:00	152.851	152.947	152.843	152.942	595	0	20
2025.10.24	15:24:00	152.943	152.951	152.218	152.374	2690	0	20
2025.10.24	15:36:00	152.374	152.585	152.319	152.585	2954	0	20
2025.10.24	15:48:00	152.584	152.681	152.533	152.663	2028	0	20
2025.10.24	16:00:00	152.664	152.748	152.586	152.67	2183	0	20
2025.10.24	16:12:00	152.668	152.814	152.667	152.772	1450	0	20
2025.10.24	16:24:00	152.771	152.855	152.731	152.828	1710	0	20
2025.10.24	16:36:00	152.829	152.897	152.689	152.896	1618	0	20
2025.10.24	16:48:00	152.895	153.009	152.812	152.813	1967	0	20
2025.10.24	17:00:00	152.804	152.892	152.781	152.797	1856	0	20
2025.10.24	17:12:00	152.797	152.801	152.687	152.725	1306	0	20
2025.10.24	17:24:00	152.724	152.821	152.703	152.812	1367	0	20
2025.10.24	17:36:00	152.812	152.834	152.739	152.799	1339	0	20
2025.10.24	17:48:00	152.8	152.861	152.739	152.758	1208	0	20
2025.10.24	18:00:00	152.761	152.79	152.695	152.717	920	0	20
2025.10.24	18:12:00	152.716	152.788	152.716	152.771	820	0	20
2025.10.24	18:24:00	152.772	152.846	152.749	152.844	807	0	20
2025.10.24	18:36:00	152.844	152.864	152.807	152.837	1048	0	20
2025.10.24	18:48:00	152.841	152.869	152.79	152.81	1101	0	20
2025.10.24	19:00:00	152.809	152.827	152.79	152.807	497	0	20
2025.10.24	19:12:00	152.808	152.808	152.777	152.802	396	0	20
2025.10.24	19:24:00	152.803	152.85	152.796	152.811	412	0	20
2025.10.24	19:36:00	152.81	152.866	152.808	152.843	470	0	20
2025.10.24	19:48:00	152.842	152.846	152.801	152.829	456	0	20
2025.10.24	20:00:00	152.829	152.829	152.74	152.742	356	0	20
2025.10.24	20:12:00	152.741	152.814	152.739	152.802	269	0	20
2025.10.24	20:24:00	152.8	152.811	152.768	152.771	311	0	20
2025.10.24	20:36:00	152.772	152.794	152.767	152.779	420	0	20
2025.10.24	20:48:00	152.778	152.811	152.771	152.797	489	0	20
2025.10.24	21:00:00	152.798	152.814	152.787	152.814	319	0	21
2025.10.24	21:12:00	152.814	152.847	152.812	152.847	262	0	21
2025.10.24	21:24:00	152.847	152.862	152.843	152.844	351	0	21
2025.10.24	21:36:00	152.845	152.871	152.834	152.865	382	0	20
2025.10.24	21:48:00	152.864	152.88	152.834	152.854	392	0	20
2025.10.24	22:00:00	152.854	152.854	152.807	152.821	423	0	20
2025.10.24	22:12:00	152.828	152.83	152.806	152.82	258	0	21
2025.10.24	22:24:00	152.82	152.886	152.818	152.878	198	0	20
2025.10.24	22:36:00	152.878	152.879	152.831	152.842	291	0	22
2025.10.24	22:48:00	152.843	152.854	152.791	152.817	590	0	21
2025.10.24	23:00:00	152.816	152.822	152.77	152.782	380	0	20
2025.10.24	23:12:00	152.782	152.782	152.745	152.749	140	0	22
2025.10.24	23:24:00	152.749	152.847	152.748	152.845	130	0	20
2025.10.24	23:36:00	152.845	152.868	152.827	152.846	275	0	21
2025.10.24	23:48:00	152.846	152.882	152.827	152.868	691	0	23
2025.10.26	23:00:00	152.744	152.864	152.744	152.806	57	0	67
2025.10.26	23:12:00	152.806	152.812	152.801	152.811	115	0	87
2025.10.26	23:24:00	152.811	152.825	152.803	152.811	33	0	76
2025.10.26	23:36:00	152.811	152.953	152.802	152.821	283	0	32
2025.10.26	23:48:00	152.816	153.044	152.814	153.012	143	0	29
2025.10.27	00:00:00	153.01	153.132	152.936	152.994	598	0	20
2025.10.27	00:12:00	152.995	153.095	152.96	153.089	863	0	20
2025.10.27	00:24:00	153.094	153.114	153.05	153.088	679	0	20
2025.10.27	00:36:00	153.085	153.107	152.984	153.072	616	0	20
2025.10.27	00:48:00	153.073	153.092	153.047	153.063	381	0	20
2025.10.27	01:00:00	153.061	153.144	153.042	153.142	513	0	20
2025.10.27	01:12:00	153.141	153.167	153.128	153.144	376	0	20
2025.10.27	01:24:00	153.144	153.144	153.056	153.076	498	0	20
2025.10.27	01:36:00	153.076	153.085	153.005	153.036	535	0	20
2025.10.27	01:48:00	153.036	153.086	153.025	153.06	471	0	20
2025.10.27	02:00:00	153.06	153.081	152.912	153.081	1500	0	20
2025.10.27	02:12:00	153.08	153.142	153.034	153.039	804	0	20
2025.10.27	02:24:00	153.039	153.047	152.955	152.965	636	0	20
2025.10.27	02:36:00	152.966	153.01	152.85	152.903	912	0	20
2025.10.27	02:48:00	152.902	152.941	152.82	152.88	1213	0	20
2025.10.27	03:00:00	152.877	152.983	152.76	152.774	1058	0	20
2025.10.27	03:12:00	152.774	152.787	152.645	152.751	1219	0	20
2025.10.27	03:24:00	152.751	152.784	152.684	152.769	785	0	20
2025.10.27	03:36:00	152.769	152.792	152.736	152.761	634	0	20
2025.10.27	03:48:00	152.761	152.828	152.747	152.824	635	0	20
2025.10.27	04:00:00	152.825	152.947	152.813	152.945	638	0	20
2025.10.27	04:12:00	152.944	153.004	152.921	152.982	420	0	20
2025.10.27	04:24:00	152.983	152.993	152.955	152.967	362	0	20
2025.10.27	04:36:00	152.965	152.986	152.938	152.981	260	0	20
2025.10.27	04:48:00	152.979	152.981	152.953	152.971	455	0	20
2025.10.27	05:00:00	152.969	152.992	152.95	152.964	382	0	20
2025.10.27	05:12:00	152.966	152.988	152.94	152.951	266	0	21
2025.10.27	05:24:00	152.951	152.975	152.942	152.966	307	0	20
2025.10.27	05:36:00	152.966	152.993	152.964	152.976	252	0	20
2025.10.27	05:48:00	152.981	153.04	152.981	153.035	264	0	20
2025.10.27	06:00:00	153.036	153.116	153.036	153.095	486	0	20
2025.10.27	06:12:00	153.096	153.1	153.045	153.047	571	0	20
2025.10.27	06:24:00	153.047	153.07	153.024	153.069	350	0	20
2025.10.27	06:36:00	153.069	153.153	153.067	153.13	553	0	20
2025.10.27	06:48:00	153.132	153.152	153.112	153.128	389	0	20
2025.10.27	07:00:00	153.127	153.209	153.118	153.209	607	0	20
2025.10.27	07:12:00	153.211	153.247	153.195	153.23	488	0	20
2025.10.27	07:24:00	153.225	153.234	153.145	153.174	518	0	20
2025.10.27	07:36:00	153.177	153.194	153.141	153.161	318	0	22
2025.10.27	07:48:00	153.16	153.17	153.1	153.118	507	0	21
2025.10.27	08:00:00	153.113	153.126	153.02	153.045	876	0	20
2025.10.27	08:12:00	153.046	153.077	153.013	153.02	747	0	20
2025.10.27	08:24:00	153.019	153.045	152.932	152.937	1038	0	20
2025.10.27	08:36:00	152.937	152.943	152.822	152.942	735	0	20
2025.10.27	08:48:00	152.942	153.037	152.924	152.967	462	0	21
2025.10.27	09:00:00	152.971	152.985	152.869	152.894	1222	0	20
2025.10.27	09:12:00	152.894	152.97	152.858	152.942	900	0	20
2025.10.27	09:24:00	152.942	153.018	152.891	152.911	665	0	20
2025.10.27	09:36:00	152.913	152.954	152.851	152.931	672	0	20
2025.10.27	09:48:00	152.93	153.016	152.924	153.004	845	0	20
2025.10.27	10:00:00	153.006	153.067	152.889	152.952	1049	0	20
2025.10.27	10:12:00	152.952	152.971	152.876	152.901	935	0	20
2025.10.27	10:24:00	152.903	152.935	152.773	152.789	1144	0	20
2025.10.27	10:36:00	152.788	152.805	152.732	152.796	1103	0	20
2025.10.27	10:48:00	152.796	152.834	152.78	152.808	1001	0	20
2025.10.27	11:00:00	152.808	152.811	152.749	152.768	896	0	20
2025.10.27	11:12:00	152.767	152.799	152.751	152.772	688	0	20
2025.10.27	11:24:00	152.773	152.796	152.724	152.745	699	0	21
2025.10.27	11:36:00	152.746	152.762	152.697	152.719	732	0	20
2025.10.27	11:48:00	152.718	152.741	152.689	152.739	599	0	20
2025.10.27	12:00:00	152.742	152.777	152.728	152.771	527	0	20
2025.10.27	12:12:00	152.771	152.775	152.711	152.74	660	0	20
2025.10.27	12:24:00	152.738	152.838	152.738	152.8	553	0	20
2025.10.27	12:36:00	152.799	152.804	152.76	152.785	753	0	20
2025.10.27	12:48:00	152.784	152.796	152.727	152.76	618	0	20
2025.10.27	13:00:00	152.759	152.76	152.694	152.704	661	0	20
2025.10.27	13:12:00	152.703	152.748	152.584	152.594	751	0	21
2025.10.27	13:24:00	152.593	152.783	152.587	152.774	896	0	21
2025.10.27	13:36:00	152.775	152.796	152.718	152.719	940	0	20
2025.10.27	13:48:00	152.719	152.728	152.596	152.626	1118	0	20
2025.10.27	14:00:00	152.627	152.629	152.554	152.61	1008	0	20
2025.10.27	14:12:00	152.612	152.696	152.611	152.661	845	0	20
2025.10.27	14:24:00	152.661	152.775	152.66	152.774	721	0	20
2025.10.27	14:36:00	152.772	152.833	152.764	152.814	1210	0	20
2025.10.27	14:48:00	152.815	152.887	152.795	152.83	1022	0	20
2025.10.27	15:00:00	152.832	152.884	152.797	152.81	798	0	20
2025.10.27	15:12:00	152.809	152.878	152.799	152.875	814	0	20
2025.10.27	15:24:00	152.874	153.011	152.87	152.986	1190	0	20
2025.10.27	15:36:00	152.994	153.185	152.99	153.166	1858	0	20
2025.10.27	15:48:00	153.167	153.186	153.088	153.099	1597	0	20
2025.10.27	16:00:00	153.099	153.18	153.074	153.1	1021	0	20
2025.10.27	16:12:00	153.103	153.12	153.021	153.048	902	0	20
2025.10.27	16:24:00	153.048	153.086	153.002	153.068	1038	0	20
2025.10.27	16:36:00	153.071	153.075	153.035	153.064	792	0	20
2025.10.27	16:48:00	153.064	153.085	152.99	152.992	1397	0	20
2025.10.27	17:00:00	152.99	153.102	152.975	153.071	1398	0	20
2025.10.27	17:12:00	153.071	153.085	153.022	153.08	763	0	20
2025.10.27	17:24:00	153.077	153.098	153.036	153.074	735	0	20
2025.10.27	17:36:00	153.075	153.109	153.058	153.098	839	0	20
2025.10.27	17:48:00	153.099	153.103	153.041	153.077	970	0	21
2025.10.27	18:00:00	153.077	153.081	153.017	153.055	573	0	20
2025.10.27	18:12:00	153.054	153.075	153.039	153.049	353	0	20
2025.10.27	18:24:00	153.048	153.056	153.015	153.032	654	0	20
2025.10.27	18:36:00	153.032	153.039	152.999	153.035	586	0	20
2025.10.27	18:48:00	153.035	153.037	152.967	152.985	469	0	20
2025.10.27	19:00:00	152.985	152.999	152.931	152.991	426	0	20
2025.10.27	19:12:00	152.99	153.039	152.983	153.035	463	0	20
2025.10.27	19:24:00	153.036	153.075	153.03	153.052	426	0	20
2025.10.27	19:36:00	153.053	153.081	153.051	153.075	190	0	21
2025.10.27	19:48:00	153.074	153.081	153.038	153.05	306	0	21
2025.10.27	20:00:00	153.046	153.062	153.031	153.033	260	0	21
2025.10.27	20:12:00	153.034	153.041	153.015	153.038	290	0	21
2025.10.27	20:24:00	153.039	153.051	153.029	153.039	423	0	21
2025.10.27	20:36:00	153.039	153.04	152.866	152.872	504	0	20
2025.10.27	20:48:00	152.872	152.889	152.749	152.809	681	0	20
2025.10.27	21:00:00	152.809	152.872	152.807	152.826	548	0	20
2025.10.27	21:12:00	152.827	152.856	152.818	152.851	439	0	20
2025.10.27	21:24:00	152.851	152.923	152.851	152.901	447	0	20
2025.10.27	21:36:00	152.9	152.943	152.889	152.915	474	0	20
2025.10.27	21:48:00	152.917	152.922	152.861	152.897	342	0	20
2025.10.27	22:00:00	152.896	152.896	152.842	152.877	260	0	20
2025.10.27	22:12:00	152.876	152.88	152.858	152.859	109	0	22
2025.10.27	22:24:00	152.86	152.87	152.839	152.87	137	0	21
2025.10.27	22:36:00	152.87	152.894	152.864	152.894	143	0	22
2025.10.27	22:48:00	152.894	152.9	152.85	152.857	434	0	20
2025.10.27	23:00:00	152.857	152.857	152.827	152.827	16	0	39
2025.10.27	23:12:00	152.827	152.845	152.826	152.833	21	0	50
2025.10.27	23:24:00	152.833	152.859	152.828	152.83	43	0	42
2025.10.27	23:36:00	152.83	152.835	152.829	152.835	16	0	41
2025.10.27	23:48:00	152.835	152.847	152.752	152.754	67	0	37
2025.10.28	00:00:00	152.758	152.789	152.736	152.783	168	0	29
2025.10.28	00:12:00	152.782	152.805	152.772	152.801	128	0	31
2025.10.28	00:24:00	152.801	152.805	152.753	152.785	349	0	22
2025.10.28	00:36:00	152.79	152.792	152.768	152.784	116	0	22
2025.10.28	00:48:00	152.785	152.796	152.726	152.734	246	0	22
2025.10.28	01:00:00	152.734	152.763	152.718	152.733	462	0	25
2025.10.28	01:12:00	152.732	152.757	152.731	152.757	198	0	25
2025.10.28	01:24:00	152.757	152.757	152.722	152.723	207	0	24
2025.10.28	01:36:00	152.722	152.727	152.617	152.635	370	0	22
2025.10.28	01:48:00	152.635	152.709	152.624	152.684	583	0	25
2025.10.28	02:00:00	152.684	152.722	152.591	152.64	925	0	23
2025.10.28	02:12:00	152.64	152.64	152.511	152.522	845	0	22
2025.10.28	02:24:00	152.521	152.539	152.389	152.407	766	0	22
2025.10.28	02:36:00	152.406	152.475	152.401	152.403	781	0	22
2025.10.28	02:48:00	152.404	152.549	152.381	152.486	1526	0	20
2025.10.28	03:00:00	152.485	152.502	152.312	152.329	1127	0	20
2025.10.28	03:12:00	152.33	152.444	152.254	152.432	1223	0	20
2025.10.28	03:24:00	152.431	152.476	152.383	152.383	1160	0	20
2025.10.28	03:36:00	152.384	152.384	152.314	152.364	783	0	20
2025.10.28	03:48:00	152.365	152.415	152.348	152.388	746	0	20
2025.10.28	04:00:00	152.39	152.392	152.287	152.365	844	0	20
2025.10.28	04:12:00	152.365	152.391	152.337	152.37	691	0	20
2025.10.28	04:24:00	152.37	152.458	152.36	152.437	552	0	20
2025.10.28	04:36:00	152.436	152.456	152.404	152.409	502	0	20
2025.10.28	04:48:00	152.409	152.461	152.398	152.448	552	0	20
2025.10.28	05:00:00	152.449	152.457	152.382	152.419	412	0	20
2025.10.28	05:12:00	152.42	152.454	152.407	152.431	405	0	20
2025.10.28	05:24:00	152.431	152.436	152.384	152.421	441	0	20
2025.10.28	05:36:00	152.422	152.462	152.361	152.364	568	0	20
2025.10.28	05:48:00	152.363	152.366	152.152	152.267	1129	0	20
2025.10.28	06:00:00	152.267	152.295	152.211	152.218	857	0	20
2025.10.28	06:12:00	152.218	152.268	152.11	152.166	1071	0	20
2025.10.28	06:24:00	152.166	152.214	152.126	152.13	1140	0	20
2025.10.28	06:36:00	152.131	152.134	151.937	151.972	1238	0	20
2025.10.28	06:48:00	151.97	151.97	151.841	151.865	1406	0	20
2025.10.28	07:00:00	151.866	151.925	151.808	151.912	1235	0	20
2025.10.28	07:12:00	151.904	151.909	151.803	151.819	902	0	20
2025.10.28	07:24:00	151.82	151.834	151.748	151.774	1061	0	20
2025.10.28	07:36:00	151.775	151.887	151.757	151.865	835	0	20
2025.10.28	07:48:00	151.865	151.959	151.865	151.902	955	0	20
2025.10.28	08:00:00	151.901	151.984	151.887	151.911	1074	0	20
2025.10.28	08:12:00	151.905	151.923	151.801	151.842	818	0	20
2025.10.28	08:24:00	151.843	152.03	151.842	152.014	987	0	20
2025.10.28	08:36:00	152.014	152.049	151.932	151.969	895	0	20
2025.10.28	08:48:00	151.969	152.031	151.924	152.009	867	0	20
2025.10.28	09:00:00	152.009	152.342	152.009	152.179	1908	0	20
2025.10.28	09:12:00	152.18	152.223	152.104	152.165	1545	0	20
2025.10.28	09:24:00	152.166	152.202	152.111	152.187	1345	0	20
2025.10.28	09:36:00	152.185	152.185	152.048	152.096	1147	0	20
2025.10.28	09:48:00	152.099	152.193	152.021	152.134	1177	0	20
2025.10.28	10:00:00	152.133	152.152	152.029	152.072	1858	0	20
2025.10.28	10:12:00	152.073	152.095	151.933	151.967	1444	0	20
2025.10.28	10:24:00	151.968	152.022	151.916	151.931	1307	0	20
2025.10.28	10:36:00	151.933	151.951	151.834	151.889	1652	0	20
2025.10.28	10:48:00	151.889	151.98	151.867	151.941	1132	0	20
2025.10.28	11:00:00	151.941	151.988	151.889	151.983	1036	0	20
2025.10.28	11:12:00	151.983	152.041	151.934	152.036	1198	0	20
2025.10.28	11:24:00	152.035	152.068	151.959	151.959	830	0	20
2025.10.28	11:36:00	151.956	151.977	151.862	151.921	837	0	20
2025.10.28	11:48:00	151.925	151.965	151.895	151.904	798	0	20
2025.10.28	12:00:00	151.905	151.976	151.881	151.913	677	0	20
2025.10.28	12:12:00	151.912	151.921	151.851	151.859	759	0	20
2025.10.28	12:24:00	151.869	151.916	151.845	151.881	915	0	20
2025.10.28	12:36:00	151.881	151.917	151.815	151.823	825	0	20
2025.10.28	12:48:00	151.822	151.87	151.822	151.853	820	0	20
2025.10.28	13:00:00	151.852	151.957	151.848	151.931	659	0	20
2025.10.28	13:12:00	151.931	151.985	151.864	151.963	738	0	20
2025.10.28	13:24:00	151.963	152.037	151.943	152.015	723	0	20
2025.10.28	13:36:00	152.017	152.07	152.003	152.018	727	0	20
2025.10.28	13:48:00	152.019	152.058	152.014	152.024	734	0	20
2025.10.28	14:00:00	152.024	152.163	152.008	152.139	1241	0	20
2025.10.28	14:12:00	152.138	152.139	152.012	152.035	1194	0	20
2025.10.28	14:24:00	152.034	152.086	152.03	152.048	1045	0	20
2025.10.28	14:36:00	152.053	152.173	152.046	152.141	1050	0	20
2025.10.28	14:48:00	152.142	152.209	152.121	152.121	1403	0	20
2025.10.28	15:00:00	152.124	152.294	152.118	152.268	1350	0	20
2025.10.28	15:12:00	152.27	152.36	152.256	152.269	1452	0	20
2025.10.28	15:24:00	152.27	152.297	152.242	152.25	1167	0	20
2025.10.28	15:36:00	152.253	152.326	152.213	152.262	1246	0	20
2025.10.28	15:48:00	152.261	152.261	152.172	152.182	1015	0	20
2025.10.28	16:00:00	152.181	152.252	152.086	152.111	1220	0	20
2025.10.28	16:12:00	152.11	152.145	152.032	152.041	1265	0	20
2025.10.28	16:24:00	152.039	152.141	152.03	152.109	965	0	20
2025.10.28	16:36:00	152.108	152.108	151.973	152.038	1049	0	20
2025.10.28	16:48:00	152.038	152.042	151.966	151.975	743	0	20
2025.10.28	17:00:00	151.975	151.994	151.885	151.993	948	0	20
2025.10.28	17:12:00	151.993	152.063	151.972	152.016	626	0	20
2025.10.28	17:24:00	152.016	152.02	151.919	151.938	665	0	20
2025.10.28	17:36:00	151.941	151.941	151.842	151.928	819	0	20
2025.10.28	17:48:00	151.927	152.168	151.923	152.133	1851	0	20
2025.10.28	18:00:00	152.133	152.197	152.108	152.177	1575	0	20
2025.10.28	18:12:00	152.179	152.179	152.114	152.161	906	0	20
2025.10.28	18:24:00	152.162	152.292	152.14	152.177	1369	0	20
2025.10.28	18:36:00	152.179	152.254	152.177	152.194	1019	0	20
2025.10.28	18:48:00	152.196	152.205	152.1	152.1	897	0	20
2025.10.28	19:00:00	152.1	152.169	152.093	152.158	1072	0	20
2025.10.28	19:12:00	152.157	152.186	152.126	152.144	875	0	20
2025.10.28	19:24:00	152.143	152.15	152.094	152.096	559	0	20
2025.10.28	19:36:00	152.095	152.176	152.084	152.149	333	0	20
2025.10.28	19:48:00	152.149	152.18	152.144	152.164	365	0	20
2025.10.28	20:00:00	152.164	152.195	152.147	152.154	603	0	20
2025.10.28	20:12:00	152.153	152.178	152.135	152.176	444	0	21
2025.10.28	20:24:00	152.176	152.234	152.176	152.179	598	0	20
2025.10.28	20:36:00	152.178	152.194	152.15	152.162	554	0	20
2025.10.28	20:48:00	152.161	152.162	152.079	152.093	633	0	20
2025.10.28	21:00:00	152.093	152.093	152.022	152.04	618	0	20
2025.10.28	21:12:00	152.041	152.044	151.992	152.009	727	0	20
2025.10.28	21:24:00	152.008	152.008	151.961	151.964	311	0	20
2025.10.28	21:36:00	151.964	151.985	151.935	151.985	275	0	20
2025.10.28	21:48:00	151.985	152.049	151.965	152.047	342	0	20
2025.10.28	22:00:00	152.045	152.078	152.037	152.069	271	0	20
2025.10.28	22:12:00	152.068	152.069	152.051	152.065	120	0	22
2025.10.28	22:24:00	152.066	152.119	152.065	152.095	234	0	20
2025.10.28	22:36:00	152.094	152.113	152.066	152.069	214	0	20
2025.10.28	22:48:00	152.069	152.1	152.064	152.091	468	0	23
2025.10.28	23:00:00	152.088	152.088	151.999	151.999	46	0	41
2025.10.28	23:12:00	151.999	152.041	151.978	152.026	32	0	106
2025.10.28	23:24:00	152.026	152.029	152.026	152.029	13	0	101
2025.10.28	23:36:00	152.029	152.034	152.022	152.024	76	0	84
2025.10.28	23:48:00	152.024	152.083	152.009	152.009	48	0	63
2025.10.29	00:00:00	151.994	152.147	151.979	152.134	243	0	27
2025.10.29	00:12:00	152.134	152.148	152.122	152.136	270	0	23
2025.10.29	00:24:00	152.135	152.146	152.112	152.138	231	0	22
2025.10.29	00:36:00	152.138	152.164	152.122	152.158	325	0	20
2025.10.29	00:48:00	152.158	152.169	152.148	152.157	269	0	22
2025.10.29	01:00:00	152.158	152.169	152.089	152.091	226	0	23
2025.10.29	01:12:00	152.091	152.139	152.081	152.139	246	0	23
2025.10.29	01:24:00	152.138	152.182	152.138	152.149	235	0	21
2025.10.29	01:36:00	152.15	152.151	152.078	152.115	489	0	20
2025.10.29	01:48:00	152.114	152.183	151.713	151.724	1115	0	20
2025.10.29	02:00:00	151.725	151.752	151.527	151.571	1605	0	20
2025.10.29	02:12:00	151.572	151.85	151.561	151.777	1681	0	20
2025.10.29	02:24:00	151.776	151.873	151.727	151.832	1772	0	20
2025.10.29	02:36:00	151.833	151.88	151.726	151.779	1465	0	20
2025.10.29	02:48:00	151.778	151.786	151.539	151.622	2371	0	20
2025.10.29	03:00:00	151.623	151.712	151.541	151.681	1264	0	20
2025.10.29	03:12:00	151.68	151.712	151.593	151.651	1154	0	20
2025.10.29	03:24:00	151.649	151.837	151.649	151.812	1203	0	20
2025.10.29	03:36:00	151.813	151.905	151.755	151.787	1479	0	20
2025.10.29	03:48:00	151.786	151.885	151.776	151.881	975	0	20
2025.10.29	04:00:00	151.882	151.962	151.88	151.958	738	0	20
2025.10.29	04:12:00	151.956	152.033	151.94	152.02	695	0	20
2025.10.29	04:24:00	152.021	152.132	152.01	152.076	748	0	20
2025.10.29	04:36:00	152.076	152.083	152.03	152.042	481	0	20
2025.10.29	04:48:00	152.041	152.082	151.963	151.969	491	0	20
2025.10.29	05:00:00	151.97	151.973	151.912	151.946	397	0	20
2025.10.29	05:12:00	151.945	151.993	151.935	151.943	390	0	20
2025.10.29	05:24:00	151.942	151.981	151.906	151.969	521	0	20
2025.10.29	05:36:00	151.969	152.018	151.943	151.996	445	0	20
2025.10.29	05:48:00	151.995	152.047	151.97	152.042	567	0	20
2025.10.29	06:00:00	152.043	152.08	152.025	152.025	556	0	20
2025.10.29	06:12:00	152.024	152.042	151.949	152.023	483	0	20
2025.10.29	06:24:00	152.023	152.061	152.004	152.056	481	0	20
2025.10.29	06:36:00	152.057	152.091	152.032	152.043	360	0	20
2025.10.29	06:48:00	152.043	152.104	152.043	152.064	437	0	20
2025.10.29	07:00:00	152.066	152.163	152.052	152.16	538	0	20
2025.10.29	07:12:00	152.161	152.353	152.147	152.331	979	0	20
2025.10.29	07:24:00	152.332	152.479	152.318	152.448	824	0	20
2025.10.29	07:36:00	152.449	152.534	152.417	152.441	745	0	20
2025.10.29	07:48:00	152.439	152.476	152.319	152.353	937	0	20
2025.10.29	08:00:00	152.352	152.441	152.339	152.359	766	0	20
2025.10.29	08:12:00	152.358	152.398	152.311	152.32	822	0	20
2025.10.29	08:24:00	152.321	152.338	152.239	152.24	763	0	20
2025.10.29	08:36:00	152.239	152.265	152.15	152.172	902	0	20
2025.10.29	08:48:00	152.171	152.211	152.119	152.134	624	0	20
2025.10.29	09:00:00	152.146	152.17	152.047	152.093	832	0	20
2025.10.29	09:12:00	152.093	152.14	152.009	152.056	774	0	20
2025.10.29	09:24:00	152.056	152.115	151.992	152.105	962	0	20
2025.10.29	09:36:00	152.105	152.118	152.03	152.118	680	0	20
2025.10.29	09:48:00	152.117	152.131	152.002	152.05	798	0	20
2025.10.29	10:00:00	152.052	152.236	152.038	152.223	1058	0	20
2025.10.29	10:12:00	152.222	152.28	152.2	152.269	910	0	20
2025.10.29	10:24:00	152.267	152.315	152.192	152.314	950	0	20
2025.10.29	10:36:00	152.315	152.323	152.247	152.262	744	0	20
2025.10.29	10:48:00	152.263	152.323	152.247	152.323	1040	0	20
2025.10.29	11:00:00	152.331	152.41	152.319	152.386	887	0	20
2025.10.29	11:12:00	152.386	152.457	152.369	152.376	969	0	20
2025.10.29	11:24:00	152.377	152.378	152.282	152.314	752	0	20
2025.10.29	11:36:00	152.317	152.337	152.214	152.221	966	0	20
2025.10.29	11:48:00	152.223	152.255	152.187	152.222	565	0	20
2025.10.29	12:00:00	152.221	152.294	152.195	152.293	466	0	20
2025.10.29	12:12:00	152.293	152.333	152.261	152.274	570	0	20
2025.10.29	12:24:00	152.272	152.292	152.204	152.233	396	0	20
2025.10.29	12:36:00	152.24	152.281	152.221	152.281	442	0	20
2025.10.29	12:48:00	152.283	152.283	152.213	152.232	533	0	20
2025.10.29	13:00:00	152.234	152.268	152.195	152.264	631	0	20
2025.10.29	13:12:00	152.267	152.361	152.241	152.357	822	0	20
2025.10.29	13:24:00	152.358	152.398	152.25	152.268	746	0	20
2025.10.29	13:36:00	152.266	152.277	152.195	152.212	509	0	20
2025.10.29	13:48:00	152.211	152.255	152.125	152.232	675	0	20
2025.10.29	14:00:00	152.232	152.234	152.149	152.232	672	0	20
2025.10.29	14:12:00	152.234	152.267	152.204	152.21	547	0	20
2025.10.29	14:24:00	152.21	152.288	152.209	152.263	908	0	20
2025.10.29	14:36:00	152.264	152.271	152.205	152.224	691	0	20
2025.10.29	14:48:00	152.224	152.247	152.186	152.23	751	0	20
2025.10.29	15:00:00	152.232	152.233	152.086	152.09	604	0	20
2025.10.29	15:12:00	152.089	152.102	151.876	151.952	1021	0	20
2025.10.29	15:24:00	151.952	151.975	151.863	151.898	1204	0	20
2025.10.29	15:36:00	151.901	151.989	151.854	151.981	1001	0	20
2025.10.29	15:48:00	151.982	152.062	151.976	151.989	1127	0	20
2025.10.29	16:00:00	151.99	152.062	151.978	152.046	1045	0	20
2025.10.29	16:12:00	152.041	152.058	152.01	152.012	951	0	20
2025.10.29	16:24:00	152.013	152.137	151.973	152.118	1015	0	20
2025.10.29	16:36:00	152.119	152.158	152.058	152.091	1019	0	20
2025.10.29	16:48:00	152.091	152.093	152.014	152.027	821	0	20
2025.10.29	17:00:00	152.026	152.027	151.933	151.992	976	0	20
2025.10.29	17:12:00	151.992	152.039	151.992	152.023	706	0	20
2025.10.29	17:24:00	152.023	152.051	151.997	152.004	489	0	20
2025.10.29	17:36:00	152.005	152.024	151.966	151.967	436	0	20
2025.10.29	17:48:00	151.968	152.04	151.895	151.901	1668	0	20
2025.10.29	18:00:00	151.901	152.155	151.886	152.107	2114	0	20
2025.10.29	18:12:00	152.106	152.128	152.044	152.055	676	0	20
2025.10.29	18:24:00	152.055	152.094	152.011	152.093	644	0	20
2025.10.29	18:36:00	152.094	152.14	152.079	152.136	488	0	20
2025.10.29	18:48:00	152.136	152.168	152.1	152.139	587	0	20
2025.10.29	19:00:00	152.14	152.146	152.106	152.117	515	0	20
2025.10.29	19:12:00	152.117	152.148	152.079	152.145	462	0	20
2025.10.29	19:24:00	152.145	152.287	152.129	152.266	669	0	20
2025.10.29	19:36:00	152.266	152.306	152.265	152.267	710	0	20
2025.10.29	19:48:00	152.267	152.288	152.215	152.248	872	0	20
2025.10.29	20:00:00	152.248	152.466	152.174	152.361	2864	0	20
2025.10.29	20:12:00	152.355	152.465	152.342	152.38	1909	0	20
2025.10.29	20:24:00	152.376	152.723	152.246	152.674	2795	0	20
2025.10.29	20:36:00	152.676	153.041	152.674	152.938	4445	0	20
2025.10.29	20:48:00	152.939	152.98	152.755	152.812	3643	0	20
2025.10.29	21:00:00	152.814	152.956	152.765	152.896	3041	0	20
2025.10.29	21:12:00	152.895	152.953	152.802	152.929	2380	0	20
2025.10.29	21:24:00	152.929	153.05	152.824	152.885	1686	0	20
2025.10.29	21:36:00	152.886	152.926	152.828	152.828	1086	0	20
2025.10.29	21:48:00	152.827	152.832	152.741	152.806	1097	0	20
2025.10.29	22:00:00	152.805	152.866	152.774	152.774	1433	0	20
2025.10.29	22:12:00	152.775	152.852	152.763	152.824	721	0	20
2025.10.29	22:24:00	152.824	152.843	152.625	152.675	776	0	20
2025.10.29	22:36:00	152.675	152.706	152.576	152.657	605	0	20
2025.10.29	22:48:00	152.657	152.736	152.656	152.71	710	0	20
2025.10.29	23:00:00	152.703	152.703	152.608	152.62	19	0	49
2025.10.29	23:12:00	152.641	152.647	152.559	152.578	143	0	100
2025.10.29	23:24:00	152.574	152.713	152.57	152.622	101	0	45
2025.10.29	23:36:00	152.601	152.649	152.582	152.646	33	0	63
2025.10.29	23:48:00	152.647	152.647	152.61	152.63	78	0	50
2025.10.30	00:00:00	152.629	152.671	152.613	152.667	292	0	32
2025.10.30	00:12:00	152.662	152.68	152.656	152.678	145	0	27
2025.10.30	00:24:00	152.679	152.725	152.677	152.723	305	0	21
2025.10.30	00:36:00	152.723	152.723	152.658	152.664	442	0	21
2025.10.30	00:48:00	152.663	152.712	152.657	152.682	363	0	23
2025.10.30	01:00:00	152.682	152.716	152.639	152.679	468	0	21
2025.10.30	01:12:00	152.679	152.7	152.655	152.68	402	0	20
2025.10.30	01:24:00	152.68	152.702	152.659	152.668	408	0	20
2025.10.30	01:36:00	152.669	152.693	152.574	152.659	593	0	21
2025.10.30	01:48:00	152.657	152.746	152.653	152.714	479	0	20
2025.10.30	02:00:00	152.714	152.936	152.69	152.75	1543	0	20
2025.10.30	02:12:00	152.75	152.763	152.614	152.625	1138	0	20
2025.10.30	02:24:00	152.625	152.628	152.494	152.589	931	0	20
2025.10.30	02:36:00	152.589	152.709	152.512	152.543	1037	0	20
2025.10.30	02:48:00	152.544	152.734	152.53	152.623	1502	0	20
2025.10.30	03:00:00	152.622	152.67	152.457	152.589	1635	0	20
2025.10.30	03:12:00	152.588	152.655	152.547	152.58	970	0	20
2025.10.30	03:24:00	152.579	152.605	152.47	152.476	1052	0	20
2025.10.30	03:36:00	152.477	152.503	152.439	152.476	803	0	20
2025.10.30	03:48:00	152.475	152.537	152.474	152.532	406	0	20
2025.10.30	04:00:00	152.533	152.549	152.431	152.434	734	0	20
2025.10.30	04:12:00	152.432	152.482	152.38	152.462	615	0	20
2025.10.30	04:24:00	152.462	152.484	152.451	152.467	336	0	20
2025.10.30	04:36:00	152.468	152.483	152.378	152.415	557	0	20
2025.10.30	04:48:00	152.416	152.433	152.304	152.327	840	0	20
2025.10.30	05:00:00	152.326	152.329	152.182	152.209	859	0	20
2025.10.30	05:12:00	152.208	152.95	152.148	152.847	2447	0	20
2025.10.30	05:24:00	152.847	153.125	152.844	153.04	1786	0	20
2025.10.30	05:36:00	153.04	153.097	152.942	153.057	1179	0	20
2025.10.30	05:48:00	153.059	153.084	152.929	152.949	950	0	20
2025.10.30	06:00:00	152.948	153.011	152.636	152.79	1096	0	20
2025.10.30	06:12:00	152.79	152.839	152.607	152.709	1941	0	20
2025.10.30	06:24:00	152.708	152.946	152.55	152.886	2271	0	20
2025.10.30	06:36:00	152.883	152.923	152.74	152.775	2707	0	20
2025.10.30	06:48:00	152.775	152.842	152.699	152.756	1133	0	20
2025.10.30	07:00:00	152.756	152.826	152.662	152.826	1096	0	20
2025.10.30	07:12:00	152.825	152.905	152.757	152.899	940	0	20
2025.10.30	07:24:00	152.903	152.974	152.9	152.916	934	0	20
2025.10.30	07:36:00	152.918	152.985	152.882	152.894	864	0	20
2025.10.30	07:48:00	152.895	153.031	152.892	153.027	790	0	20
2025.10.30	08:00:00	153.028	153.074	152.923	152.929	1114	0	20
2025.10.30	08:12:00	152.929	153.038	152.929	152.997	1084	0	20
2025.10.30	08:24:00	152.996	153.077	152.966	153.017	1326	0	20
2025.10.30	08:36:00	153.016	153.508	152.958	153.361	2365	0	20
2025.10.30	08:48:00	153.361	153.429	153.326	153.329	1632	0	20
2025.10.30	09:00:00	153.33	153.428	153.268	153.395	2128	0	20
2025.10.30	09:12:00	153.396	153.537	153.394	153.439	2268	0	20
2025.10.30	09:24:00	153.439	153.456	153.319	153.336	1588	0	20
2025.10.30	09:36:00	153.335	153.426	153.269	153.42	1284	0	20
2025.10.30	09:48:00	153.42	153.471	153.392	153.393	1084	0	20
2025.10.30	10:00:00	153.392	153.662	153.392	153.66	1549	0	20
2025.10.30	10:12:00	153.66	153.843	153.66	153.782	1384	0	20
2025.10.30	10:24:00	153.779	153.878	153.741	153.874	1318	0	20
2025.10.30	10:36:00	153.873	153.88	153.673	153.691	715	0	20
2025.10.30	10:48:00	153.689	153.783	153.689	153.735	607	0	20
2025.10.30	11:00:00	153.738	153.79	153.709	153.747	1074	0	20
2025.10.30	11:12:00	153.748	153.772	153.67	153.695	701	0	20
2025.10.30	11:24:00	153.695	153.767	153.613	153.68	976	0	20
2025.10.30	11:36:00	153.678	153.738	153.651	153.687	1052	0	20
2025.10.30	11:48:00	153.688	153.788	153.658	153.77	760	0	20
2025.10.30	12:00:00	153.767	153.883	153.764	153.839	862	0	20
2025.10.30	12:12:00	153.839	153.883	153.791	153.855	569	0	20
2025.10.30	12:24:00	153.854	153.903	153.824	153.876	707	0	20
2025.10.30	12:36:00	153.875	153.939	153.861	153.905	697	0	20
2025.10.30	12:48:00	153.905	153.949	153.89	153.946	616	0	20
2025.10.30	13:00:00	153.947	153.994	153.853	153.904	797	0	20
2025.10.30	13:12:00	153.904	153.943	153.865	153.897	1087	0	20
2025.10.30	13:24:00	153.898	153.943	153.862	153.889	861	0	20
2025.10.30	13:36:00	153.889	154.03	153.889	154.02	863	0	20
2025.10.30	13:48:00	154.02	154.162	154.016	154.106	1071	0	20
2025.10.30	14:00:00	154.105	154.155	154.067	154.138	1032	0	20
2025.10.30	14:12:00	154.14	154.209	154.124	154.191	756	0	20
2025.10.30	14:24:00	154.192	154.275	154.149	154.215	1371	0	20
2025.10.30	14:36:00	154.214	154.242	154.157	154.205	1187	0	20
2025.10.30	14:48:00	154.206	154.28	154.157	154.278	1766	0	20
2025.10.30	15:00:00	154.291	154.433	154.248	154.384	1754	0	20
2025.10.30	15:12:00	154.386	154.407	154.27	154.291	998	0	20
2025.10.30	15:24:00	154.291	154.345	154.243	154.243	1449	0	20
2025.10.30	15:36:00	154.244	154.3	154.133	154.288	1975	0	20
2025.10.30	15:48:00	154.287	154.293	154.174	154.188	1665	0	20
2025.10.30	16:00:00	154.186	154.226	154.043	154.084	2070	0	20
2025.10.30	16:12:00	154.085	154.158	154.063	154.155	1623	0	20
2025.10.30	16:24:00	154.155	154.204	154.085	154.182	1752	0	20
2025.10.30	16:36:00	154.183	154.201	154.103	154.175	1231	0	20
2025.10.30	16:48:00	154.176	154.311	154.153	154.278	1261	0	20
2025.10.30	17:00:00	154.279	154.33	154.194	154.226	1794	0	20
2025.10.30	17:12:00	154.226	154.23	154.119	154.12	1206	0	20
2025.10.30	17:24:00	154.12	154.187	154.107	154.18	756	0	20
2025.10.30	17:36:00	154.179	154.217	154.051	154.051	944	0	20
2025.10.30	17:48:00	154.05	154.172	154.034	154.161	1602	0	20
2025.10.30	18:00:00	154.163	154.219	154.124	154.186	1118	0	20
2025.10.30	18:12:00	154.186	154.188	154.101	154.102	733	0	20
2025.10.30	18:24:00	154.103	154.126	154.078	154.12	840	0	20
2025.10.30	18:36:00	154.121	154.136	154.061	154.064	737	0	20
2025.10.30	18:48:00	154.065	154.132	154.058	154.088	648	0	20
2025.10.30	19:00:00	154.087	154.091	154.038	154.082	691	0	20
2025.10.30	19:12:00	154.081	154.113	154.053	154.067	503	0	20
2025.10.30	19:24:00	154.067	154.132	154.065	154.125	602	0	20
2025.10.30	19:36:00	154.126	154.159	154.099	154.103	501	0	20
2025.10.30	19:48:00	154.102	154.126	154.081	154.09	489	0	20
2025.10.30	20:00:00	154.089	154.136	154.075	154.13	543	0	20
2025.10.30	20:12:00	154.13	154.138	154.097	154.115	406	0	20
2025.10.30	20:24:00	154.116	154.139	154.068	154.075	394	0	20
2025.10.30	20:36:00	154.075	154.113	154.04	154.099	404	0	20
2025.10.30	20:48:00	154.098	154.113	154.061	154.073	517	0	20
2025.10.30	21:00:00	154.073	154.073	154.014	154.049	713	0	20
2025.10.30	21:12:00	154.05	154.068	154.013	154.062	452	0	20
2025.10.30	21:24:00	154.063	154.081	154.051	154.051	348	0	20
2025.10.30	21:36:00	154.052	154.066	154.038	154.045	387	0	20
2025.10.30	21:48:00	154.045	154.067	154.008	154.066	446	0	20
2025.10.30	22:00:00	154.059	154.073	154.033	154.054	395	0	20
2025.10.30	22:12:00	154.055	154.066	154.028	154.066	204	0	22
2025.10.30	22:24:00	154.066	154.086	154.035	154.063	320	0	20
2025.10.30	22:36:00	154.064	154.102	154.051	154.086	272	0	23
2025.10.30	22:48:00	154.087	154.148	154.077	154.109	571	0	23
2025.10.30	23:00:00	154.106	154.106	154.01	154.074	29	0	51
2025.10.30	23:12:00	154.059	154.07	154.058	154.07	13	0	75
2025.10.30	23:24:00	154.083	154.1	154.083	154.1	15	0	56
2025.10.30	23:36:00	154.1	154.1	154.072	154.087	29	0	58
2025.10.30	23:48:00	154.083	154.087	154.038	154.045	39	0	57
2025.10.31	00:00:00	154.034	154.089	154.034	154.035	442	0	24
2025.10.31	00:12:00	154.035	154.056	154.026	154.051	154	0	24
2025.10.31	00:24:00	154.05	154.052	154.02	154.044	175	0	20
2025.10.31	00:36:00	154.046	154.127	154.046	154.114	303	0	22
2025.10.31	00:48:00	154.112	154.114	154.074	154.096	347	0	20
2025.10.31	01:00:00	154.095	154.117	154.062	154.082	285	0	21
2025.10.31	01:12:00	154.083	154.155	154.059	154.145	296	0	20
2025.10.31	01:24:00	154.144	154.145	153.99	153.99	629	0	20
2025.10.31	01:36:00	153.992	154.016	153.886	153.893	602	0	20
2025.10.31	01:48:00	153.895	153.908	153.829	153.896	694	0	20
2025.10.31	02:00:00	153.895	153.959	153.81	153.894	1019	0	20
2025.10.31	02:12:00	153.896	153.962	153.852	153.918	739	0	20
2025.10.31	02:24:00	153.93	153.959	153.891	153.924	464	0	20
2025.10.31	02:36:00	153.923	153.941	153.842	153.912	647	0	20
2025.10.31	02:48:00	153.912	154.025	153.87	153.885	1428	0	20
2025.10.31	03:00:00	153.88	153.91	153.691	153.747	1542	0	20
2025.10.31	03:12:00	153.746	153.767	153.644	153.698	933	0	20
2025.10.31	03:24:00	153.697	153.771	153.644	153.697	648	0	20
2025.10.31	03:36:00	153.696	153.716	153.642	153.715	770	0	20
2025.10.31	03:48:00	153.716	153.834	153.716	153.821	600	0	20
2025.10.31	04:00:00	153.82	153.869	153.817	153.826	611	0	20
2025.10.31	04:12:00	153.826	153.826	153.742	153.744	359	0	20
2025.10.31	04:24:00	153.744	153.769	153.731	153.768	454	0	20
2025.10.31	04:36:00	153.771	153.823	153.762	153.788	566	0	20
2025.10.31	04:48:00	153.789	153.874	153.782	153.874	505	0	20
2025.10.31	05:00:00	153.875	153.901	153.841	153.873	470	0	20
2025.10.31	05:12:00	153.874	153.93	153.873	153.906	376	0	20
2025.10.31	05:24:00	153.905	153.961	153.902	153.956	489	0	20
2025.10.31	05:36:00	153.956	153.993	153.937	153.987	361	0	20
2025.10.31	05:48:00	153.987	154.057	153.975	154.028	330	0	20
2025.10.31	06:00:00	154.027	154.046	153.897	153.906	485	0	20
2025.10.31	06:12:00	153.907	154.016	153.907	153.967	450	0	20
2025.10.31	06:24:00	153.968	153.984	153.915	153.983	347	0	20
2025.10.31	06:36:00	153.982	153.989	153.898	153.922	295	0	20
2025.10.31	06:48:00	153.921	153.959	153.9	153.925	418	0	20
2025.10.31	07:00:00	153.925	153.955	153.905	153.938	416	0	20
2025.10.31	07:12:00	153.947	154.03	153.917	154.017	370	0	20
2025.10.31	07:24:00	154.018	154.045	153.91	153.912	611	0	20
2025.10.31	07:36:00	153.912	153.929	153.838	153.855	772	0	20
2025.10.31	07:48:00	153.859	153.937	153.822	153.903	829	0	20
2025.10.31	08:00:00	153.899	154.027	153.874	153.994	1180	0	20
2025.10.31	08:12:00	153.992	154.002	153.899	153.983	472	0	20
2025.10.31	08:24:00	153.984	154.085	153.966	154.018	713	0	20
2025.10.31	08:36:00	154.018	154.167	154.018	154.117	617	0	20
2025.10.31	08:48:00	154.118	154.226	154.115	154.214	662	0	20
2025.10.31	09:00:00	154.218	154.385	154.188	154.325	1569	0	20
2025.10.31	09:12:00	154.323	154.358	154.209	154.215	919	0	20
2025.10.31	09:24:00	154.214	154.265	154.163	154.261	1033	0	20
2025.10.31	09:36:00	154.261	154.336	154.209	154.295	980	0	20
2025.10.31	09:48:00	154.298	154.365	154.228	154.297	1262	0	20
2025.10.31	10:00:00	154.3	154.314	154.22	154.306	1065	0	20
2025.10.31	10:12:00	154.306	154.401	154.275	154.301	995	0	20
2025.10.31	10:24:00	154.3	154.362	154.256	154.301	1305	0	20
2025.10.31	10:36:00	154.301	154.332	154.264	154.304	705	0	20
2025.10.31	10:48:00	154.305	154.311	154.221	154.235	850	0	20
2025.10.31	11:00:00	154.234	154.28	154.185	154.205	699	0	20
2025.10.31	11:12:00	154.206	154.27	154.159	154.251	621	0	20
2025.10.31	11:24:00	154.252	154.267	154.19	154.206	704	0	20
2025.10.31	11:36:00	154.204	154.211	154.102	154.144	795	0	20
2025.10.31	11:48:00	154.145	154.189	154.106	154.13	611	0	20
2025.10.31	12:00:00	154.13	154.137	154.081	154.107	551	0	20
2025.10.31	12:12:00	154.107	154.167	154.094	154.136	436	0	20
2025.10.31	12:24:00	154.137	154.173	154.131	154.16	406	0	20
2025.10.31	12:36:00	154.158	154.158	154.122	154.135	371	0	20
2025.10.31	12:48:00	154.134	154.153	154.096	154.12	561	0	20
2025.10.31	13:00:00	154.121	154.121	154.041	154.08	543	0	20
2025.10.31	13:12:00	154.08	154.132	154.055	154.099	460	0	20
2025.10.31	13:24:00	154.1	154.142	154.047	154.142	504	0	20
2025.10.31	13:36:00	154.144	154.173	154.108	154.126	613	0	20
2025.10.31	13:48:00	154.126	154.126	154.064	154.093	549	0	20
2025.10.31	14:00:00	154.091	154.164	154.087	154.145	704	0	20
2025.10.31	14:12:00	154.141	154.243	154.114	154.131	807	0	20
2025.10.31	14:24:00	154.132	154.137	154.07	154.106	568	0	20
2025.10.31	14:36:00	154.108	154.111	153.883	154.083	1523	0	20
2025.10.31	14:48:00	154.084	154.141	154.069	154.125	1128	0	20
2025.10.31	15:00:00	154.125	154.193	154.121	154.139	1718	0	20
2025.10.31	15:12:00	154.139	154.187	154.111	154.118	857	0	20
2025.10.31	15:24:00	154.119	154.138	154.061	154.131	1140	0	20
2025.10.31	15:36:00	154.134	154.222	154.101	154.196	1178	0	20
2025.10.31	15:48:00	154.194	154.196	154.036	154.067	1294	0	20
2025.10.31	16:00:00	154.068	154.075	153.915	153.989	1542	0	20
2025.10.31	16:12:00	153.988	154.033	153.96	154.017	1216	0	20
2025.10.31	16:24:00	154.017	154.085	153.978	154.0	1243	0	20
2025.10.31	16:36:00	154.002	154.006	153.932	153.96	949	0	20
2025.10.31	16:48:00	153.961	153.972	153.881	153.936	820	0	20
2025.10.31	17:00:00	153.935	153.999	153.904	153.967	1274	0	20
2025.10.31	17:12:00	153.966	153.975	153.916	153.935	901	0	20
2025.10.31	17:24:00	153.935	154.037	153.921	154.021	779	0	20
2025.10.31	17:36:00	154.021	154.085	153.942	154.006	1222	0	20
2025.10.31	17:48:00	154.006	154.071	153.919	154.031	1679	0	20
2025.10.31	18:00:00	154.032	154.088	153.957	154.076	1487	0	20
2025.10.31	18:12:00	154.077	154.144	154.074	154.134	1380	0	20
2025.10.31	18:24:00	154.137	154.163	154.048	154.061	661	0	20
2025.10.31	18:36:00	154.062	154.089	154.034	154.061	513	0	20
2025.10.31	18:48:00	154.062	154.113	154.043	154.104	562	0	20
2025.10.31	19:00:00	154.102	154.143	154.09	154.133	716	0	20
2025.10.31	19:12:00	154.134	154.167	154.123	154.13	502	0	20
2025.10.31	19:24:00	154.132	154.142	154.069	154.096	721	0	20
2025.10.31	19:36:00	154.097	154.107	154.071	154.09	607	0	20
2025.10.31	19:48:00	154.091	154.131	154.07	154.084	585	0	20
2025.10.31	20:00:00	154.086	154.098	154.036	154.088	537	0	20
2025.10.31	20:12:00	154.087	154.087	154.051	154.071	430	0	20
2025.10.31	20:24:00	154.071	154.123	154.068	154.123	470	0	20
2025.10.31	20:36:00	154.122	154.123	154.079	154.084	283	0	20
2025.10.31	20:48:00	154.082	154.099	154.025	154.076	522	0	20
2025.10.31	21:00:00	154.076	154.114	154.052	154.063	452	0	20
2025.10.31	21:12:00	154.063	154.09	154.056	154.071	370	0	20
2025.10.31	21:24:00	154.07	154.084	154.051	154.076	337	0	20
2025.10.31	21:36:00	154.074	154.098	154.072	154.085	426	0	21
2025.10.31	21:48:00	154.086	154.124	154.084	154.095	803	0	20
2025.10.31	22:00:00	154.098	154.109	154.063	154.095	389	0	20
2025.10.31	22:12:00	154.095	154.1	154.036	154.036	257	0	21
2025.10.31	22:24:00	154.037	154.08	154.021	154.067	245	0	21
2025.10.31	22:36:00	154.063	154.083	154.037	154.049	166	0	21
2025.10.31	22:48:00	154.049	154.069	153.956	153.99	715	0	23
2025.11.03	00:00:00	153.948	153.996	153.933	153.994	17	0	137
2025.11.03	00:12:00	153.994	154.059	153.994	154.058	27	0	37
2025.11.03	00:24:00	154.058	154.058	154.014	154.056	60	0	33
2025.11.03	00:36:00	154.048	154.069	154.039	154.039	85	0	31
2025.11.03	00:48:00	154.038	154.057	154.038	154.041	33	0	48
2025.11.03	01:00:00	154.041	154.127	154.002	154.1	414	0	27
2025.11.03	01:12:00	154.1	154.17	154.072	154.162	530	0	20
2025.11.03	01:24:00	154.161	154.228	154.121	154.219	921	0	20
2025.11.03	01:36:00	154.237	154.237	154.164	154.171	636	0	20
2025.11.03	01:48:00	154.171	154.238	154.142	154.188	1076	0	20
2025.11.03	02:00:00	154.188	154.198	154.156	154.167	759	0	20
2025.11.03	02:12:00	154.168	154.202	154.143	154.151	465	0	20
2025.11.03	02:24:00	154.15	154.191	154.108	154.175	349	0	20
2025.11.03	02:36:00	154.176	154.187	154.132	154.17	534	0	20
2025.11.03	02:48:00	154.17	154.182	154.137	154.164	561	0	20
2025.11.03	03:00:00	154.163	154.177	154.12	154.132	629	0	20
2025.11.03	03:12:00	154.131	154.145	154.067	154.068	423	0	20
2025.11.03	03:24:00	154.069	154.102	154.068	154.087	327	0	20
2025.11.03	03:36:00	154.088	154.12	154.078	154.115	216	0	20
2025.11.03	03:48:00	154.115	154.122	154.09	154.105	206	0	22
2025.11.03	04:00:00	154.106	154.115	154.03	154.041	402	0	20
2025.11.03	04:12:00	154.041	154.078	154.041	154.063	412	0	20
2025.11.03	04:24:00	154.062	154.062	154.025	154.03	305	0	20
2025.11.03	04:36:00	154.031	154.091	154.028	154.08	211	0	20
2025.11.03	04:48:00	154.079	154.085	154.056	154.074	252	0	20
2025.11.03	05:00:00	154.075	154.085	154.051	154.054	235	0	20
2025.11.03	05:12:00	154.055	154.057	154.03	154.032	205	0	20
2025.11.03	05:24:00	154.03	154.056	154.03	154.05	235	0	20
2025.11.03	05:36:00	154.05	154.064	154.047	154.052	242	0	20
2025.11.03	05:48:00	154.052	154.066	154.038	154.055	314	0	20
2025.11.03	06:00:00	154.056	154.06	153.992	153.997	541	0	20
2025.11.03	06:12:00	153.996	154.02	153.979	154.016	269	0	20
2025.11.03	06:24:00	154.015	154.053	154.014	154.045	206	0	20
2025.11.03	06:36:00	154.044	154.057	154.027	154.03	118	0	20
2025.11.03	06:48:00	154.031	154.076	154.031	154.063	165	0	20
2025.11.03	07:00:00	154.073	154.122	154.065	154.121	202	0	20
2025.11.03	07:12:00	154.122	154.124	154.082	154.09	248	0	20
2025.11.03	07:24:00	154.09	154.114	154.085	154.096	259	0	20
2025.11.03	07:36:00	154.095	154.098	154.062	154.067	333	0	20
2025.11.03	07:48:00	154.07	154.118	154.048	154.112	427	0	20
2025.11.03	08:00:00	154.112	154.149	154.093	154.146	327	0	20
2025.11.03	08:12:00	154.145	154.205	154.144	154.181	401	0	20
2025.11.03	08:24:00	154.182	154.233	154.17	154.176	475	0	20
2025.11.03	08:36:00	154.171	154.186	154.14	154.144	314	0	20
2025.11.03	08:48:00	154.144	154.201	154.142	154.178	261	0	20
2025.11.03	09:00:00	154.177	154.201	154.154	154.189	660	0	20
2025.11.03	09:12:00	154.188	154.252	154.187	154.248	640	0	20
2025.11.03	09:24:00	154.247	154.275	154.133	154.134	831	0	20
2025.11.03	09:36:00	154.134	154.166	154.115	154.147	533	0	20
2025.11.03	09:48:00	154.146	154.181	154.097	154.1	618	0	20
2025.11.03	10:00:00	154.1	154.196	154.094	154.183	1039	0	20
2025.11.03	10:12:00	154.182	154.193	154.115	154.156	799	0	20
2025.11.03	10:24:00	154.156	154.178	154.085	154.086	839	0	20
2025.11.03	10:36:00	154.086	154.116	154.04	154.09	580	0	20
2025.11.03	10:48:00	154.089	154.151	154.082	154.098	630	0	20
2025.11.03	11:00:00	154.099	154.127	154.075	154.124	643	0	20
2025.11.03	11:12:00	154.124	154.15	154.112	154.132	796	0	20
2025.11.03	11:24:00	154.131	154.143	154.103	154.125	594	0	20
2025.11.03	11:36:00	154.125	154.135	154.094	154.133	538	0	20
2025.11.03	11:48:00	154.132	154.159	154.114	154.155	315	0	20
2025.11.03	12:00:00	154.155	154.18	154.135	154.151	659	0	20
2025.11.03	12:12:00	154.151	154.166	154.142	154.155	619	0	20
2025.11.03	12:24:00	154.154	154.155	154.12	154.145	502	0	20
2025.11.03	12:36:00	154.143	154.164	154.133	154.146	465	0	20
2025.11.03	12:48:00	154.147	154.172	154.147	154.159	325	0	20
2025.11.03	13:00:00	154.158	154.175	154.14	154.14	370	0	20
2025.11.03	13:12:00	154.139	154.158	154.12	154.132	377	0	20
2025.11.03	13:24:00	154.132	154.135	154.086	154.105	464	0	21
2025.11.03	13:36:00	154.104	154.136	154.097	154.132	328	0	20
2025.11.03	13:48:00	154.131	154.155	154.124	154.141	354	0	20
2025.11.03	14:00:00	154.14	154.171	154.134	154.156	343	0	21
2025.11.03	14:12:00	154.157	154.166	154.143	154.149	280	0	21
2025.11.03	14:24:00	154.138	154.165	154.131	154.144	397	0	20
2025.11.03	14:36:00	154.144	154.157	154.131	154.145	230	0	20
2025.11.03	14:48:00	154.145	154.178	154.139	154.171	512	0	20
2025.11.03	15:00:00	154.173	154.218	154.165	154.204	1067	0	20
2025.11.03	15:12:00	154.203	154.248	154.202	154.238	874	0	20
2025.11.03	15:24:00	154.239	154.271	154.23	154.236	619	0	20
2025.11.03	15:36:00	154.236	154.286	154.218	154.273	560	0	20
2025.11.03	15:48:00	154.272	154.285	154.226	154.238	643	0	20
2025.11.03	16:00:00	154.239	154.251	154.203	154.237	581	0	20
2025.11.03	16:12:00	154.238	154.261	154.219	154.24	597	0	20
2025.11.03	16:24:00	154.241	154.252	154.182	154.205	758	0	20
2025.11.03	16:36:00	154.205	154.229	154.17	154.211	677	0	20
2025.11.03	16:48:00	154.21	154.211	154.064	154.085	929	0	20
2025.11.03	17:00:00	154.001	154.075	153.903	154.028	2119	0	20
2025.11.03	17:12:00	154.028	154.082	153.971	154.077	1209	0	20
2025.11.03	17:24:00	154.076	154.104	153.999	154.052	1399	0	20
2025.11.03	17:36:00	154.053	154.149	154.042	154.124	1244	0	20
2025.11.03	17:48:00	154.123	154.146	154.083	154.088	1155	0	20
2025.11.03	18:00:00	154.087	154.132	154.071	154.101	1092	0	20
2025.11.03	18:12:00	154.102	154.154	154.082	154.131	798	0	20
2025.11.03	18:24:00	154.131	154.144	154.109	154.117	929	0	20
2025.11.03	18:36:00	154.118	154.131	154.06	154.061	393	0	20
2025.11.03	18:48:00	154.061	154.143	154.057	154.121	427	0	20
2025.11.03	19:00:00	154.12	154.136	154.09	154.106	507	0	20
2025.11.03	19:12:00	154.107	154.113	154.049	154.075	717	0	20
2025.11.03	19:24:00	154.074	154.118	154.059	154.117	749	0	20
2025.11.03	19:36:00	154.118	154.153	154.108	154.151	491	0	20
2025.11.03	19:48:00	154.15	154.164	154.138	154.143	340	0	20
2025.11.03	20:00:00	154.144	154.16	154.106	154.154	392	0	20
2025.11.03	20:12:00	154.155	154.185	154.151	154.175	259	0	20
2025.11.03	20:24:00	154.176	154.228	154.169	154.207	360	0	20
2025.11.03	20:36:00	154.204	154.21	154.163	154.171	334	0	20
2025.11.03	20:48:00	154.172	154.194	154.148	154.157	433	0	20
2025.11.03	21:00:00	154.158	154.204	154.128	154.177	638	0	20
2025.11.03	21:12:00	154.177	154.224	154.176	154.214	388	0	20
2025.11.03	21:24:00	154.213	154.236	154.2	154.226	148	0	20
2025.11.03	21:36:00	154.228	154.242	154.191	154.193	321	0	20
2025.11.03	21:48:00	154.193	154.194	154.159	154.181	713	0	20
2025.11.03	22:00:00	154.18	154.195	154.164	154.177	496	0	20
2025.11.03	22:12:00	154.17	154.183	154.165	154.176	369	0	20
2025.11.03	22:24:00	154.176	154.208	154.172	154.193	386	0	21
2025.11.03	22:36:00	154.193	154.2	154.179	154.189	422	0	20
2025.11.03	22:48:00	154.189	154.193	154.165	154.184	450	0	20
2025.11.03	23:00:00	154.185	154.207	154.179	154.191	320	0	22
2025.11.03	23:12:00	154.191	154.197	154.169	154.178	100	0	21
2025.11.03	23:24:00	154.178	154.199	154.178	154.193	118	0	22
2025.11.03	23:36:00	154.192	154.193	154.182	154.187	114	0	23
2025.11.03	23:48:00	154.195	154.204	154.185	154.197	544	0	23
2025.11.04	00:00:00	154.198	154.231	154.187	154.226	71	0	34
2025.11.04	00:12:00	154.227	154.228	154.19	154.213	69	0	38
2025.11.04	00:24:00	154.213	154.213	154.199	154.201	48	0	47
2025.11.04	00:36:00	154.201	154.205	154.192	154.203	147	0	43
2025.11.04	00:48:00	154.204	154.205	154.18	154.195	124	0	40
2025.11.04	01:00:00	154.195	154.214	154.178	154.19	117	0	23
2025.11.04	01:12:00	154.19	154.201	154.16	154.169	48	0	26
2025.11.04	01:24:00	154.17	154.203	154.166	154.201	119	0	22
2025.11.04	01:36:00	154.2	154.211	154.178	154.195	296	0	20
2025.11.04	01:48:00	154.192	154.205	154.171	154.199	274	0	21
2025.11.04	02:00:00	154.2	154.39	154.188	154.343	1325	0	20
2025.11.04	02:12:00	154.342	154.375	154.268	154.268	747	0	20
2025.11.04	02:24:00	154.267	154.312	154.221	154.234	801	0	20
2025.11.04	02:36:00	154.233	154.314	154.233	154.296	612	0	20
2025.11.04	02:48:00	154.294	154.352	154.267	154.327	1192	0	20
2025.11.04	03:00:00	154.33	154.402	154.301	154.351	1056	0	20
2025.11.04	03:12:00	154.349	154.396	154.314	154.377	857	0	20
2025.11.04	03:24:00	154.376	154.472	154.374	154.424	1118	0	20
2025.11.04	03:36:00	154.425	154.435	154.29	154.335	760	0	20
2025.11.04	03:48:00	154.334	154.348	154.293	154.319	550	0	20
2025.11.04	04:00:00	154.32	154.347	154.285	154.303	770	0	20
2025.11.04	04:12:00	154.3	154.327	154.254	154.295	416	0	20
2025.11.04	04:24:00	154.295	154.295	154.146	154.172	597	0	20
2025.11.04	04:36:00	154.172	154.221	154.16	154.203	517	0	20
2025.11.04	04:48:00	154.201	154.216	154.095	154.098	466	0	20
2025.11.04	05:00:00	154.097	154.138	154.063	154.104	432	0	20
2025.11.04	05:12:00	154.101	154.121	154.083	154.109	310	0	20
2025.11.04	05:24:00	154.11	154.147	154.085	154.094	500	0	20
2025.11.04	05:36:00	154.092	154.092	154.043	154.05	541	0	20
2025.11.04	05:48:00	154.051	154.102	154.051	154.074	483	0	20
2025.11.04	06:00:00	154.075	154.091	154.058	154.083	304	0	20
2025.11.04	06:12:00	154.081	154.083	154.056	154.068	297	0	20
2025.11.04	06:24:00	154.068	154.075	153.865	153.891	690	0	20
2025.11.04	06:36:00	153.892	153.943	153.798	153.931	804	0	20
2025.11.04	06:48:00	153.931	154.055	153.905	154.051	611	0	20
2025.11.04	07:00:00	154.052	154.073	153.945	153.949	718	0	20
2025.11.04	07:12:00	153.95	153.958	153.877	153.932	448	0	20
2025.11.04	07:24:00	153.932	153.933	153.726	153.786	737	0	20
2025.11.04	07:36:00	153.793	153.803	153.702	153.777	779	0	20
2025.11.04	07:48:00	153.777	153.779	153.677	153.721	829	0	20
2025.11.04	08:00:00	153.721	153.78	153.682	153.71	839	0	20
2025.11.04	08:12:00	153.709	153.709	153.52	153.522	1094	0	20
2025.11.04	08:24:00	153.523	153.579	153.483	153.553	1188	0	20
2025.11.04	08:36:00	153.553	153.608	153.527	153.561	603	0	20
2025.11.04	08:48:00	153.561	153.664	153.543	153.614	738	0	20
2025.11.04	09:00:00	153.615	153.622	153.473	153.473	900	0	20
2025.11.04	09:12:00	153.47	153.534	153.362	153.362	866	0	20
2025.11.04	09:24:00	153.364	153.443	153.321	153.378	1028	0	20
2025.11.04	09:36:00	153.376	153.394	153.338	153.366	503	0	20
2025.11.04	09:48:00	153.367	153.594	153.367	153.569	742	0	20
2025.11.04	10:00:00	153.577	153.591	153.46	153.509	1610	0	20
2025.11.04	10:12:00	153.508	153.51	153.375	153.461	1226	0	20
2025.11.04	10:24:00	153.461	153.667	153.428	153.621	1184	0	20
2025.11.04	10:36:00	153.62	153.684	153.604	153.647	805	0	20
2025.11.04	10:48:00	153.647	153.687	153.609	153.638	904	0	20
2025.11.04	11:00:00	153.639	153.688	153.612	153.643	646	0	20
2025.11.04	11:12:00	153.644	153.745	153.64	153.725	749	0	20
2025.11.04	11:24:00	153.726	153.732	153.516	153.516	1182	0	20
2025.11.04	11:36:00	153.514	153.572	153.471	153.543	817	0	20
2025.11.04	11:48:00	153.544	153.546	153.393	153.473	946	0	20
2025.11.04	12:00:00	153.473	153.475	153.305	153.386	1285	0	20
2025.11.04	12:12:00	153.386	153.482	153.37	153.456	591	0	20
2025.11.04	12:24:00	153.458	153.533	153.437	153.508	612	0	20
2025.11.04	12:36:00	153.507	153.547	153.482	153.541	628	0	20
2025.11.04	12:48:00	153.545	153.59	153.535	153.567	516	0	20
2025.11.04	13:00:00	153.566	153.581	153.484	153.493	642	0	20
2025.11.04	13:12:00	153.494	153.494	153.435	153.443	431	0	20
2025.11.04	13:24:00	153.443	153.484	153.361	153.437	501	0	20
2025.11.04	13:36:00	153.437	153.483	153.433	153.445	588	0	20
2025.11.04	13:48:00	153.449	153.574	153.444	153.561	576	0	20
2025.11.04	14:00:00	153.559	153.583	153.498	153.511	589	0	20
2025.11.04	14:12:00	153.511	153.558	153.494	153.548	441	0	20
2025.11.04	14:24:00	153.547	153.613	153.508	153.61	574	0	20
2025.11.04	14:36:00	153.609	153.616	153.511	153.54	552	0	20
2025.11.04	14:48:00	153.541	153.543	153.506	153.518	564	0	20
2025.11.04	15:00:00	153.516	153.531	153.415	153.475	773	0	20
2025.11.04	15:12:00	153.475	153.481	153.423	153.445	672	0	20
2025.11.04	15:24:00	153.445	153.446	153.377	153.403	593	0	20
2025.11.04	15:36:00	153.403	153.405	153.354	153.356	511	0	20
2025.11.04	15:48:00	153.357	153.427	153.307	153.377	696	0	20
2025.11.04	16:00:00	153.376	153.441	153.359	153.394	944	0	20
2025.11.04	16:12:00	153.394	153.536	153.394	153.483	907	0	20
2025.11.04	16:24:00	153.483	153.501	153.432	153.482	964	0	20
2025.11.04	16:36:00	153.484	153.515	153.38	153.386	1284	0	20
2025.11.04	16:48:00	153.385	153.481	153.38	153.467	823	0	20
2025.11.04	17:00:00	153.466	153.586	153.424	153.43	1329	0	20
2025.11.04	17:12:00	153.43	153.509	153.424	153.47	949	0	20
2025.11.04	17:24:00	153.47	153.495	153.379	153.388	951	0	20
2025.11.04	17:36:00	153.39	153.435	153.358	153.391	863	0	20
2025.11.04	17:48:00	153.391	153.424	153.329	153.373	967	0	20
2025.11.04	18:00:00	153.372	153.424	153.363	153.364	1195	0	20
2025.11.04	18:12:00	153.363	153.402	153.328	153.39	730	0	20
2025.11.04	18:24:00	153.391	153.484	153.385	153.455	866	0	20
2025.11.04	18:36:00	153.448	153.51	153.444	153.508	642	0	20
2025.11.04	18:48:00	153.508	153.542	153.5	153.54	486	0	21
2025.11.04	19:00:00	153.54	153.566	153.519	153.52	696	0	20
2025.11.04	19:12:00	153.521	153.567	153.512	153.545	660	0	20
2025.11.04	19:24:00	153.547	153.567	153.528	153.553	584	0	20
2025.11.04	19:36:00	153.552	153.594	153.54	153.579	576	0	20
2025.11.04	19:48:00	153.578	153.631	153.566	153.58	425	0	20
2025.11.04	20:00:00	153.58	153.607	153.563	153.601	348	0	20
2025.11.04	20:12:00	153.602	153.631	153.555	153.566	386	0	20
2025.11.04	20:24:00	153.565	153.65	153.548	153.592	283	0	20
2025.11.04	20:36:00	153.591	153.594	153.537	153.541	438	0	20
2025.11.04	20:48:00	153.542	153.576	153.539	153.553	527	0	20
2025.11.04	21:00:00	153.554	153.591	153.554	153.566	576	0	20
2025.11.04	21:12:00	153.565	153.612	153.552	153.6	609	0	20
2025.11.04	21:24:00	153.601	153.632	153.59	153.59	513	0	20
2025.11.04	21:36:00	153.591	153.609	153.574	153.597	408	0	20
2025.11.04	21:48:00	153.596	153.626	153.562	153.623	733	0	20
2025.11.04	22:00:00	153.622	153.667	153.621	153.641	406	0	20
2025.11.04	22:12:00	153.641	153.676	153.637	153.657	356	0	20
2025.11.04	22:24:00	153.657	153.681	153.63	153.647	510	0	20
2025.11.04	22:36:00	153.646	153.669	153.642	153.656	391	0	21
2025.11.04	22:48:00	153.657	153.667	153.611	153.618	464	0	20
2025.11.04	23:00:00	153.617	153.656	153.609	153.636	369	0	20
2025.11.04	23:12:00	153.636	153.65	153.624	153.644	233	0	22
2025.11.04	23:24:00	153.644	153.645	153.61	153.619	231	0	20
2025.11.04	23:36:00	153.62	153.65	153.589	153.642	440	0	20
2025.11.04	23:48:00	153.643	153.67	153.641	153.65	635	0	23
2025.11.05	00:00:00	153.649	153.649	153.626	153.633	46	0	38
2025.11.05	00:12:00	153.634	153.635	153.621	153.626	32	0	54
2025.11.05	00:24:00	153.626	153.628	153.611	153.615	41	0	51
2025.11.05	00:36:00	153.615	153.632	153.614	153.616	27	0	40
2025.11.05	00:48:00	153.62	153.65	153.618	153.635	80	0	30
2025.11.05	01:00:00	153.628	153.663	153.618	153.653	244	0	23
2025.11.05	01:12:00	153.654	153.682	153.654	153.664	201	0	23
2025.11.05	01:24:00	153.665	153.667	153.629	153.631	218	0	22
2025.11.05	01:36:00	153.631	153.643	153.565	153.61	300	0	21
2025.11.05	01:48:00	153.609	153.611	153.496	153.54	747	0	20
2025.11.05	02:00:00	153.54	153.74	153.488	153.595	1606	0	20
2025.11.05	02:12:00	153.594	153.634	153.54	153.585	1035	0	20
2025.11.05	02:24:00	153.585	153.606	153.409	153.504	1040	0	20
2025.11.05	02:36:00	153.503	153.516	153.365	153.375	1162	0	20
2025.11.05	02:48:00	153.375	153.45	153.219	153.227	1957	0	20
2025.11.05	03:00:00	153.228	153.284	153.112	153.189	1663	0	20
2025.11.05	03:12:00	153.189	153.204	152.996	153.006	1677	0	20
2025.11.05	03:24:00	153.004	153.158	152.994	153.121	1328	0	20
2025.11.05	03:36:00	153.12	153.173	152.948	153.069	1786	0	20
2025.11.05	03:48:00	153.07	153.171	153.024	153.153	1098	0	20
2025.11.05	04:00:00	153.15	153.164	153.054	153.152	1267	0	20
2025.11.05	04:12:00	153.151	153.222	153.118	153.125	838	0	20
2025.11.05	04:24:00	153.126	153.2	153.089	153.177	945	0	20
2025.11.05	04:36:00	153.176	153.296	153.165	153.274	804	0	20
2025.11.05	04:48:00	153.276	153.314	153.234	153.308	615	0	20
2025.11.05	05:00:00	153.309	153.357	153.29	153.328	629	0	20
2025.11.05	05:12:00	153.327	153.355	153.3	153.309	658	0	20
2025.11.05	05:24:00	153.309	153.433	153.303	153.37	894	0	20
2025.11.05	05:36:00	153.371	153.529	153.343	153.476	1271	0	20
2025.11.05	05:48:00	153.476	153.557	153.468	153.502	1330	0	20
2025.11.05	06:00:00	153.501	153.518	153.426	153.476	1006	0	20
2025.11.05	06:12:00	153.477	153.504	153.38	153.453	898	0	20
2025.11.05	06:24:00	153.453	153.469	153.417	153.445	542	0	20
2025.11.05	06:36:00	153.446	153.467	153.425	153.43	437	0	20
2025.11.05	06:48:00	153.43	153.485	153.43	153.474	686	0	20
2025.11.05	07:00:00	153.471	153.525	153.464	153.513	573	0	20
2025.11.05	07:12:00	153.512	153.556	153.486	153.535	544	0	20
2025.11.05	07:24:00	153.534	153.55	153.489	153.524	646	0	20
2025.11.05	07:36:00	153.523	153.543	153.471	153.476	458	0	20
2025.11.05	07:48:00	153.477	153.524	153.397	153.51	863	0	20
2025.11.05	08:00:00	153.51	153.513	153.442	153.475	764	0	20
2025.11.05	08:12:00	153.474	153.66	153.47	153.631	786	0	20
2025.11.05	08:24:00	153.63	153.679	153.585	153.648	850	0	20
2025.11.05	08:36:00	153.648	153.732	153.625	153.659	621	0	20
2025.11.05	08:48:00	153.663	153.695	153.651	153.656	379	0	20
2025.11.05	09:00:00	153.657	153.679	153.473	153.565	1007	0	20
2025.11.05	09:12:00	153.565	153.673	153.495	153.669	866	0	20
2025.11.05	09:24:00	153.669	153.669	153.476	153.479	796	0	20
2025.11.05	09:36:00	153.479	153.546	153.438	153.541	682	0	20
2025.11.05	09:48:00	153.541	153.587	153.5	153.55	664	0	21
2025.11.05	10:00:00	153.549	153.65	153.502	153.64	1436	0	20
2025.11.05	10:12:00	153.644	153.653	153.544	153.555	753	0	20
2025.11.05	10:24:00	153.556	153.598	153.525	153.547	734	0	20
2025.11.05	10:36:00	153.554	153.555	153.472	153.473	582	0	20
2025.11.05	10:48:00	153.472	153.491	153.406	153.487	795	0	20
2025.11.05	11:00:00	153.488	153.556	153.476	153.548	777	0	20
2025.11.05	11:12:00	153.551	153.565	153.509	153.515	602	0	20
2025.11.05	11:24:00	153.519	153.55	153.498	153.519	503	0	20
2025.11.05	11:36:00	153.521	153.643	153.512	153.631	575	0	20
2025.11.05	11:48:00	153.631	153.696	153.613	153.677	524	0	20
2025.11.05	12:00:00	153.678	153.832	153.677	153.779	1078	0	20
2025.11.05	12:12:00	153.78	153.781	153.699	153.721	757	0	20
2025.11.05	12:24:00	153.722	153.749	153.673	153.691	501	0	20
2025.11.05	12:36:00	153.69	153.702	153.639	153.687	383	0	20
2025.11.05	12:48:00	153.687	153.707	153.609	153.616	437	0	20
2025.11.05	13:00:00	153.615	153.694	153.596	153.691	306	0	20
2025.11.05	13:12:00	153.691	153.699	153.615	153.618	438	0	20
2025.11.05	13:24:00	153.617	153.661	153.601	153.631	419	0	20
2025.11.05	13:36:00	153.631	153.637	153.604	153.632	302	0	20
2025.11.05	13:48:00	153.632	153.643	153.563	153.606	335	0	20
2025.11.05	14:00:00	153.606	153.619	153.553	153.609	463	0	20
2025.11.05	14:12:00	153.609	153.667	153.594	153.654	405	0	20
2025.11.05	14:24:00	153.653	153.695	153.636	153.681	465	0	20
2025.11.05	14:36:00	153.682	153.716	153.664	153.695	419	0	20
2025.11.05	14:48:00	153.698	153.738	153.687	153.699	501	0	20
2025.11.05	15:00:00	153.698	153.733	153.679	153.702	568	0	20
2025.11.05	15:12:00	153.7	153.87	153.688	153.775	1328	0	20
2025.11.05	15:24:00	153.779	153.886	153.776	153.86	1055	0	20
2025.11.05	15:36:00	153.861	153.97	153.859	153.947	1004	0	20
2025.11.05	15:48:00	153.941	153.98	153.934	153.97	620	0	20
2025.11.05	16:00:00	153.97	154.024	153.937	153.956	887	0	20
2025.11.05	16:12:00	153.955	153.995	153.936	153.976	814	0	20
2025.11.05	16:24:00	153.977	153.99	153.933	153.942	865	0	20
2025.11.05	16:36:00	153.943	153.976	153.904	153.94	1014	0	20
2025.11.05	16:48:00	153.942	153.964	153.886	153.922	969	0	20
2025.11.05	17:00:00	153.957	154.302	153.957	154.226	2798	0	20
2025.11.05	17:12:00	154.227	154.237	154.163	154.197	1793	0	20
2025.11.05	17:24:00	154.198	154.222	154.13	154.168	1526	0	20
2025.11.05	17:36:00	154.168	154.295	154.168	154.262	1114	0	20
2025.11.05	17:48:00	154.261	154.296	154.224	154.295	1352	0	20
2025.11.05	18:00:00	154.297	154.345	154.236	154.253	1216	0	20
2025.11.05	18:12:00	154.252	154.282	154.194	154.215	848	0	20
2025.11.05	18:24:00	154.214	154.286	154.205	154.241	700	0	20
2025.11.05	18:36:00	154.241	154.273	154.203	154.215	678	0	20
2025.11.05	18:48:00	154.216	154.216	154.095	154.111	775	0	20
2025.11.05	19:00:00	154.111	154.111	154.051	154.088	680	0	20
2025.11.05	19:12:00	154.087	154.111	154.05	154.052	449	0	20
2025.11.05	19:24:00	154.053	154.102	154.053	154.101	272	0	20
2025.11.05	19:36:00	154.101	154.127	154.075	154.106	266	0	20
2025.11.05	19:48:00	154.106	154.106	154.045	154.066	440	0	20
2025.11.05	20:00:00	154.066	154.066	154.007	154.04	406	0	20
2025.11.05	20:12:00	154.04	154.055	153.996	154.005	330	0	20
2025.11.05	20:24:00	154.005	154.09	154.005	154.063	354	0	20
2025.11.05	20:36:00	154.066	154.105	154.054	154.067	278	0	20
2025.11.05	20:48:00	154.071	154.132	154.067	154.116	342	0	20
2025.11.05	21:00:00	154.116	154.117	154.048	154.086	330	0	20
2025.11.05	21:12:00	154.087	154.119	154.086	154.11	366	0	20
2025.11.05	21:24:00	154.112	154.112	154.082	154.112	311	0	20
2025.11.05	21:36:00	154.114	154.114	154.081	154.098	362	0	20
2025.11.05	21:48:00	154.098	154.112	154.078	154.098	393	0	20
2025.11.05	22:00:00	154.099	154.124	154.087	154.09	329	0	20
2025.11.05	22:12:00	154.09	154.114	154.075	154.086	212	0	21
2025.11.05	22:24:00	154.085	154.124	154.081	154.087	381	0	20
2025.11.05	22:36:00	154.087	154.111	154.086	154.1	266	0	20
2025.11.05	22:48:00	154.1	154.125	154.072	154.112	315	0	20
2025.11.05	23:00:00	154.112	154.133	154.09	154.111	368	0	20
2025.11.05	23:12:00	154.113	154.113	154.098	154.1	182	0	20
2025.11.05	23:24:00	154.099	154.11	154.09	154.1	244	0	21
2025.11.05	23:36:00	154.099	154.1	154.08	154.086	187	0	20
2025.11.05	23:48:00	154.086	154.109	154.086	154.102	561	0	24
2025.11.06	00:00:00	154.105	154.105	154.076	154.087	22	0	36
2025.11.06	00:12:00	154.087	154.091	154.084	154.091	45	0	37
2025.11.06	00:24:00	154.091	154.092	154.015	154.059	156	0	33
2025.11.06	00:36:00	154.057	154.065	154.051	154.057	121	0	42
2025.11.06	00:48:00	154.056	154.059	154.053	154.056	98	0	40
2025.11.06	01:00:00	154.056	154.059	154.001	154.001	317	0	25
2025.11.06	01:12:00	154.0	154.009	153.989	153.99	169	0	21
2025.11.06	01:24:00	153.99	154.035	153.969	153.992	317	0	22
2025.11.06	01:36:00	153.99	154.068	153.99	154.063	200	0	22
2025.11.06	01:48:00	154.064	154.082	154.03	154.078	427	0	21
2025.11.06	02:00:00	154.079	154.131	153.991	153.993	864	0	20
2025.11.06	02:12:00	153.993	154.011	153.878	153.89	944	0	20
2025.11.06	02:24:00	153.889	153.964	153.84	153.951	785	0	20
2025.11.06	02:36:00	153.95	153.965	153.864	153.874	869	0	20
2025.11.06	02:48:00	153.873	153.957	153.872	153.879	980	0	20
2025.11.06	03:00:00	153.879	153.879	153.792	153.804	1046	0	20
2025.11.06	03:12:00	153.804	153.888	153.802	153.881	702	0	20
2025.11.06	03:24:00	153.88	153.924	153.842	153.896	622	0	20
2025.11.06	03:36:00	153.896	153.932	153.884	153.884	477	0	20
2025.11.06	03:48:00	153.885	153.914	153.851	153.861	432	0	20
2025.11.06	04:00:00	153.861	153.861	153.783	153.805	473	0	20
2025.11.06	04:12:00	153.804	153.889	153.799	153.882	227	0	20
2025.11.06	04:24:00	153.882	153.926	153.842	153.923	466	0	20
2025.11.06	04:36:00	153.922	153.991	153.91	153.958	420	0	20
2025.11.06	04:48:00	153.958	153.98	153.923	153.937	345	0	20
2025.11.06	05:00:00	153.937	153.983	153.901	153.908	306	0	20
2025.11.06	05:12:00	153.91	153.915	153.872	153.893	291	0	20
2025.11.06	05:24:00	153.892	153.922	153.823	153.838	362	0	20
2025.11.06	05:36:00	153.838	153.883	153.831	153.882	267	0	21
2025.11.06	05:48:00	153.883	153.889	153.851	153.859	313	0	20
2025.11.06	06:00:00	153.858	153.892	153.85	153.873	330	0	20
2025.11.06	06:12:00	153.874	153.941	153.861	153.936	213	0	20
2025.11.06	06:24:00	153.937	153.964	153.922	153.961	201	0	20
2025.11.06	06:36:00	153.96	154.016	153.95	154.006	345	0	20
2025.11.06	06:48:00	154.005	154.006	153.929	153.942	458	0	20
2025.11.06	07:00:00	153.945	153.996	153.891	153.897	507	0	20
2025.11.06	07:12:00	153.897	153.902	153.83	153.836	402	0	21
2025.11.06	07:24:00	153.836	153.873	153.824	153.851	293	0	20
2025.11.06	07:36:00	153.852	153.87	153.828	153.849	333	0	20
2025.11.06	07:48:00	153.849	153.874	153.82	153.874	575	0	20
2025.11.06	08:00:00	153.875	153.893	153.798	153.837	701	0	20
2025.11.06	08:12:00	153.836	153.907	153.831	153.904	377	0	20
2025.11.06	08:24:00	153.904	153.904	153.844	153.878	332	0	20
2025.11.06	08:36:00	153.878	153.962	153.876	153.96	360	0	20
2025.11.06	08:48:00	153.96	153.996	153.957	153.972	389	0	20
2025.11.06	09:00:00	153.972	153.983	153.918	153.961	492	0	20
2025.11.06	09:12:00	153.959	153.961	153.898	153.9	424	0	20
2025.11.06	09:24:00	153.902	153.932	153.841	153.851	489	0	20
2025.11.06	09:36:00	153.849	153.87	153.764	153.836	762	0	20
2025.11.06	09:48:00	153.836	153.863	153.784	153.856	735	0	20
2025.11.06	10:00:00	153.857	153.86	153.691	153.769	1122	0	20
2025.11.06	10:12:00	153.77	153.783	153.69	153.695	993	0	20
2025.11.06	10:24:00	153.694	153.713	153.655	153.702	724	0	20
2025.11.06	10:36:00	153.702	153.752	153.698	153.708	493	0	20
2025.11.06	10:48:00	153.707	153.715	153.521	153.55	990	0	20
2025.11.06	11:00:00	153.552	153.655	153.547	153.651	898	0	20
2025.11.06	11:12:00	153.652	153.733	153.647	153.733	630	0	20
2025.11.06	11:24:00	153.733	153.741	153.671	153.676	394	0	20
2025.11.06	11:36:00	153.675	153.709	153.659	153.694	389	0	20
2025.11.06	11:48:00	153.692	153.762	153.67	153.709	412	0	20
2025.11.06	12:00:00	153.709	153.761	153.709	153.746	420	0	20
2025.11.06	12:12:00	153.746	153.747	153.706	153.711	406	0	20
2025.11.06	12:24:00	153.711	153.733	153.691	153.731	608	0	20
2025.11.06	12:36:00	153.729	153.763	153.723	153.75	426	0	20
2025.11.06	12:48:00	153.752	153.757	153.729	153.736	323	0	20
2025.11.06	13:00:00	153.734	153.754	153.712	153.719	429	0	20
2025.11.06	13:12:00	153.716	153.722	153.7	153.708	369	0	20
2025.11.06	13:24:00	153.708	153.71	153.625	153.635	443	0	20
2025.11.06	13:36:00	153.636	153.658	153.579	153.638	285	0	20
2025.11.06	13:48:00	153.638	153.671	153.608	153.636	352	0	20
2025.11.06	14:00:00	153.637	153.676	153.579	153.63	1020	0	20
2025.11.06	14:12:00	153.631	153.672	153.603	153.672	518	0	20
2025.11.06	14:24:00	153.672	153.731	153.639	153.685	754	0	20
2025.11.06	14:36:00	153.686	153.688	153.614	153.616	731	0	20
2025.11.06	14:48:00	153.614	153.637	153.591	153.597	600	0	20
2025.11.06	15:00:00	153.597	153.626	153.547	153.597	688	0	20
2025.11.06	15:12:00	153.596	153.625	153.542	153.545	597	0	20
2025.11.06	15:24:00	153.545	153.607	153.45	153.463	661	0	20
2025.11.06	15:36:00	153.462	153.522	153.395	153.452	968	0	20
2025.11.06	15:48:00	153.451	153.5	153.403	153.492	818	0	20
2025.11.06	16:00:00	153.493	153.516	153.444	153.507	823	0	20
2025.11.06	16:12:00	153.507	153.55	153.485	153.525	1038	0	20
2025.11.06	16:24:00	153.527	153.559	153.493	153.504	985	0	20
2025.11.06	16:36:00	153.505	153.577	153.472	153.529	1127	0	20
2025.11.06	16:48:00	153.53	153.53	153.375	153.4	1109	0	20
2025.11.06	17:00:00	153.4	153.4	153.261	153.346	1266	0	20
2025.11.06	17:12:00	153.345	153.354	153.264	153.347	1090	0	20
2025.11.06	17:24:00	153.345	153.379	153.297	153.317	1041	0	20
2025.11.06	17:36:00	153.317	153.321	153.133	153.157	1355	0	20
2025.11.06	17:48:00	153.157	153.165	153.032	153.034	1417	0	20
2025.11.06	18:00:00	153.033	153.158	153.025	153.145	1151	0	20
2025.11.06	18:12:00	153.146	153.149	153.054	153.102	1362	0	20
2025.11.06	18:24:00	153.102	153.118	153.028	153.041	1060	0	20
2025.11.06	18:36:00	153.041	153.065	153.001	153.017	1180	0	20
2025.11.06	18:48:00	153.016	153.076	152.965	152.971	856	0	20
2025.11.06	19:00:00	152.971	153.05	152.924	152.969	1318	0	20
2025.11.06	19:12:00	152.968	152.968	152.82	152.829	981	0	20
2025.11.06	19:24:00	152.83	152.936	152.821	152.896	793	0	20
2025.11.06	19:36:00	152.897	152.955	152.834	152.951	482	0	20
2025.11.06	19:48:00	152.951	153.053	152.951	153.003	531	0	20
2025.11.06	20:00:00	153.003	153.078	152.908	152.918	723	0	20
2025.11.06	20:12:00	152.917	152.982	152.91	152.96	599	0	20
2025.11.06	20:24:00	152.961	153.045	152.959	153.03	526	0	20
2025.11.06	20:36:00	153.03	153.076	153.01	153.017	986	0	20
2025.11.06	20:48:00	153.017	153.065	153.004	153.041	841	0	20
2025.11.06	21:00:00	153.04	153.077	153.018	153.049	770	0	20
2025.11.06	21:12:00	153.05	153.096	153.049	153.071	678	0	20
2025.11.06	21:24:00	153.07	153.102	153.055	153.1	476	0	21
2025.11.06	21:36:00	153.099	153.137	153.065	153.113	538	0	20
2025.11.06	21:48:00	153.114	153.148	153.078	153.134	652	0	20
2025.11.06	22:00:00	153.132	153.133	153.105	153.11	638	0	20
2025.11.06	22:12:00	153.111	153.118	153.082	153.117	566	0	21
2025.11.06	22:24:00	153.118	153.124	153.092	153.118	354	0	20
2025.11.06	22:36:00	153.118	153.134	153.045	153.094	397	0	20
2025.11.06	22:48:00	153.093	153.096	152.989	153.021	762	0	20
2025.11.06	23:00:00	153.021	153.068	153.001	153.015	256	0	20
2025.11.06	23:12:00	153.016	153.025	152.989	152.991	219	0	22
2025.11.06	23:24:00	152.992	153.06	152.989	153.056	115	0	20
2025.11.06	23:36:00	153.056	153.091	153.034	153.07	195	0	21
2025.11.06	23:48:00	153.069	153.075	153.034	153.052	428	0	22
2025.11.07	00:00:00	153.049	153.049	152.936	153.014	135	0	38
2025.11.07	00:12:00	153.014	153.035	153.012	153.026	1556	0	60
2025.11.07	00:24:00	153.025	153.055	153.017	153.054	118	0	53
2025.11.07	00:36:00	153.055	153.075	153.047	153.05	287	0	44
2025.11.07	00:48:00	153.049	153.056	153.017	153.045	373	0	52
2025.11.07	01:00:00	153.045	153.053	152.974	152.986	265	0	21
2025.11.07	01:12:00	152.985	152.989	152.897	152.904	347	0	20
2025.11.07	01:24:00	152.905	152.963	152.853	152.954	377	0	21
2025.11.07	01:36:00	152.953	152.954	152.809	152.858	596	0	20
2025.11.07	01:48:00	152.859	152.98	152.857	152.943	427	0	22
2025.11.07	02:00:00	152.942	153.07	152.847	152.982	1838	0	20
2025.11.07	02:12:00	152.983	152.989	152.868	152.959	1148	0	20
2025.11.07	02:24:00	152.96	153.128	152.96	153.127	867	0	20
2025.11.07	02:36:00	153.129	153.211	153.113	153.202	1105	0	20
2025.11.07	02:48:00	153.201	153.24	153.145	153.175	1403	0	20
2025.11.07	03:00:00	153.174	153.231	153.134	153.231	1180	0	20
2025.11.07	03:12:00	153.231	153.297	153.179	153.259	1196	0	20
2025.11.07	03:24:00	153.259	153.28	153.041	153.085	1121	0	20
2025.11.07	03:36:00	153.085	153.191	153.08	153.141	1058	0	20
2025.11.07	03:48:00	153.142	153.181	153.097	153.119	693	0	20
2025.11.07	04:00:00	153.118	153.126	153.021	153.024	539	0	20
2025.11.07	04:12:00	153.024	153.047	152.953	152.97	453	0	20
2025.11.07	04:24:00	152.97	153.036	152.961	153.026	672	0	20
2025.11.07	04:36:00	153.026	153.122	153.022	153.121	437	0	20
2025.11.07	04:48:00	153.119	153.165	153.117	153.137	410	0	20
2025.11.07	05:00:00	153.136	153.179	153.112	153.129	490	0	20
2025.11.07	05:12:00	153.13	153.134	153.078	153.081	560	0	20
2025.11.07	05:24:00	153.082	153.107	153.075	153.085	502	0	20
2025.11.07	05:36:00	153.086	153.087	153.008	153.013	515	0	20
2025.11.07	05:48:00	153.014	153.072	153.011	153.05	550	0	20
2025.11.07	06:00:00	153.052	153.067	153.005	153.05	888	0	20
2025.11.07	06:12:00	153.049	153.162	153.046	153.153	562	0	20
2025.11.07	06:24:00	153.154	153.17	153.09	153.091	517	0	20
2025.11.07	06:36:00	153.092	153.125	153.043	153.104	409	0	20
2025.11.07	06:48:00	153.105	153.121	153.088	153.104	439	0	20
2025.11.07	07:00:00	153.105	153.231	153.102	153.193	676	0	20
2025.11.07	07:12:00	153.194	153.214	153.169	153.193	565	0	20
2025.11.07	07:24:00	153.195	153.223	153.162	153.221	529	0	20
2025.11.07	07:36:00	153.221	153.266	153.22	153.255	366	0	20
2025.11.07	07:48:00	153.258	153.357	153.231	153.341	601	0	20
2025.11.07	08:00:00	153.341	153.437	153.341	153.361	876	0	20
2025.11.07	08:12:00	153.362	153.443	153.36	153.443	426	0	20
2025.11.07	08:24:00	153.443	153.483	153.428	153.462	617	0	20
2025.11.07	08:36:00	153.463	153.501	153.445	153.449	534	0	20
2025.11.07	08:48:00	153.45	153.515	153.449	153.499	531	0	20
2025.11.07	09:00:00	153.498	153.53	153.438	153.464	621	0	20
2025.11.07	09:12:00	153.464	153.477	153.38	153.381	617	0	20
2025.11.07	09:24:00	153.385	153.43	153.371	153.428	518	0	20
2025.11.07	09:36:00	153.429	153.495	153.427	153.445	645	0	20
2025.11.07	09:48:00	153.445	153.464	153.378	153.378	627	0	20
2025.11.07	10:00:00	153.378	153.479	153.352	153.421	1100	0	20
2025.11.07	10:12:00	153.421	153.434	153.358	153.36	781	0	20
2025.11.07	10:24:00	153.36	153.459	153.353	153.364	697	0	20
2025.11.07	10:36:00	153.364	153.448	153.338	153.441	745	0	20
2025.11.07	10:48:00	153.446	153.503	153.428	153.498	1048	0	20
2025.11.07	11:00:00	153.5	153.51	153.431	153.475	757	0	20
2025.11.07	11:12:00	153.475	153.511	153.46	153.463	711	0	20
2025.11.07	11:24:00	153.469	153.494	153.432	153.474	518	0	20
2025.11.07	11:36:00	153.474	153.484	153.443	153.476	456	0	20
2025.11.07	11:48:00	153.476	153.487	153.435	153.482	897	0	20
2025.11.07	12:00:00	153.482	153.486	153.44	153.447	526	0	20
2025.11.07	12:12:00	153.447	153.454	153.335	153.356	532	0	20
2025.11.07	12:24:00	153.356	153.361	153.312	153.36	367	0	20
2025.11.07	12:36:00	153.361	153.384	153.319	153.339	404	0	20
2025.11.07	12:48:00	153.337	153.345	153.314	153.341	540	0	20
2025.11.07	13:00:00	153.342	153.351	153.245	153.262	569	0	20
2025.11.07	13:12:00	153.261	153.282	153.121	153.159	937	0	20
2025.11.07	13:24:00	153.158	153.158	153.0	153.01	821	0	20
2025.11.07	13:36:00	153.01	153.11	153.003	153.098	591	0	20
2025.11.07	13:48:00	153.098	153.148	153.086	153.12	658	0	20
2025.11.07	14:00:00	153.119	153.165	153.091	153.105	734	0	20
2025.11.07	14:12:00	153.105	153.112	153.04	153.05	687	0	20
2025.11.07	14:24:00	153.051	153.15	153.042	153.142	670	0	20
2025.11.07	14:36:00	153.143	153.157	153.057	153.063	581	0	20
2025.11.07	14:48:00	153.062	153.095	153.029	153.087	739	0	20
2025.11.07	15:00:00	153.086	153.113	152.998	153.102	1402	0	20
2025.11.07	15:12:00	153.098	153.116	153.041	153.083	1083	0	20
2025.11.07	15:24:00	153.086	153.231	153.071	153.206	1110	0	20
2025.11.07	15:36:00	153.205	153.297	153.165	153.294	1406	0	20
2025.11.07	15:48:00	153.294	153.366	153.294	153.348	1109	0	20
2025.11.07	16:00:00	153.348	153.421	153.302	153.364	1313	0	20
2025.11.07	16:12:00	153.365	153.413	153.339	153.412	1095	0	20
2025.11.07	16:24:00	153.412	153.467	153.254	153.291	1518	0	20
2025.11.07	16:36:00	153.291	153.307	153.127	153.223	2633	0	20
2025.11.07	16:48:00	153.223	153.322	153.2	153.322	2116	0	20
2025.11.07	17:00:00	153.321	153.321	153.013	153.187	2672	0	20
2025.11.07	17:12:00	153.188	153.234	153.065	153.066	1772	0	20
2025.11.07	17:24:00	153.072	153.142	153.047	153.059	2002	0	20
2025.11.07	17:36:00	153.059	153.111	153.02	153.068	1260	0	20
2025.11.07	17:48:00	153.069	153.185	153.04	153.128	1624	0	20
2025.11.07	18:00:00	153.127	153.167	153.049	153.055	1455	0	20
2025.11.07	18:12:00	153.056	153.151	153.022	153.129	1272	0	20
2025.11.07	18:24:00	153.138	153.14	153.036	153.044	1370	0	20
2025.11.07	18:36:00	153.044	153.082	153.007	153.035	1111	0	20
2025.11.07	18:48:00	153.034	153.069	153.004	153.053	954	0	20
2025.11.07	19:00:00	153.053	153.085	153.031	153.074	1090	0	20
2025.11.07	19:12:00	153.073	153.196	153.068	153.175	1057	0	20
2025.11.07	19:24:00	153.176	153.214	153.17	153.186	775	0	20
2025.11.07	19:36:00	153.187	153.192	153.068	153.071	880	0	20
2025.11.07	19:48:00	153.07	153.105	153.042	153.086	917	0	20
2025.11.07	20:00:00	153.085	153.104	153.025	153.093	765	0	20
2025.11.07	20:12:00	153.095	153.137	153.058	153.13	633	0	20
2025.11.07	20:24:00	153.128	153.2	153.126	153.171	674	0	20
2025.11.07	20:36:00	153.173	153.204	153.153	153.175	580	0	20
2025.11.07	20:48:00	153.174	153.257	153.128	153.247	587	0	20
2025.11.07	21:00:00	153.248	153.29	153.211	153.236	853	0	20
2025.11.07	21:12:00	153.235	153.282	153.218	153.274	707	0	20
2025.11.07	21:24:00	153.274	153.398	153.27	153.39	748	0	20
2025.11.07	21:36:00	153.389	153.544	153.362	153.489	1178	0	20
2025.11.07	21:48:00	153.484	153.573	153.466	153.548	1212	0	20
2025.11.07	22:00:00	153.549	153.585	153.382	153.481	1340	0	20
2025.11.07	22:12:00	153.48	153.487	153.411	153.442	975	0	20
2025.11.07	22:24:00	153.442	153.47	153.402	153.445	951	0	20
2025.11.07	22:36:00	153.446	153.456	153.359	153.37	801	0	20
2025.11.07	22:48:00	153.369	153.424	153.35	153.421	794	0	20
2025.11.07	23:00:00	153.42	153.47	153.397	153.397	436	0	20
2025.11.07	23:12:00	153.398	153.432	153.395	153.422	239	0	20
2025.11.07	23:24:00	153.422	153.46	153.404	153.453	178	0	20
2025.11.07	23:36:00	153.454	153.472	153.413	153.414	303	0	24
2025.11.07	23:48:00	153.413	153.458	153.401	153.428	575	0	22
2025.11.10	00:00:00	153.631	153.73	153.631	153.684	111	0	48
2025.11.10	00:12:00	153.684	153.695	153.66	153.689	65	0	46
2025.11.10	00:24:00	153.681	153.697	153.49	153.615	68	0	43
2025.11.10	00:36:00	153.615	153.665	153.498	153.664	397	0	30
2025.11.10	00:48:00	153.663	153.719	153.656	153.682	238	0	31
2025.11.10	01:00:00	153.68	153.818	153.676	153.78	783	0	22
2025.11.10	01:12:00	153.778	153.829	153.765	153.803	693	0	20
2025.11.10	01:24:00	153.804	153.838	153.761	153.801	522	0	20
2025.11.10	01:36:00	153.8	153.823	153.77	153.793	785	0	20
2025.11.10	01:48:00	153.794	153.853	153.748	153.816	735	0	20
2025.11.10	02:00:00	153.816	153.832	153.387	153.74	1857	0	20
2025.11.10	02:12:00	153.74	153.906	153.736	153.84	1449	0	20
2025.11.10	02:24:00	153.839	153.86	153.737	153.834	1500	0	20
2025.11.10	02:36:00	153.833	153.837	153.756	153.772	1386	0	20
2025.11.10	02:48:00	153.773	153.87	153.731	153.846	1619	0	20
2025.11.10	03:00:00	153.846	153.94	153.807	153.834	1612	0	20
2025.11.10	03:12:00	153.834	153.884	153.789	153.82	1032	0	20
2025.11.10	03:24:00	153.821	153.846	153.786	153.814	841	0	20
2025.11.10	03:36:00	153.815	153.822	153.774	153.789	585	0	20
2025.11.10	03:48:00	153.788	153.834	153.766	153.822	634	0	20
2025.11.10	04:00:00	153.822	153.832	153.791	153.822	513	0	20
2025.11.10	04:12:00	153.822	153.873	153.82	153.82	711	0	20
2025.11.10	04:24:00	153.82	153.886	153.792	153.872	498	0	20
2025.11.10	04:36:00	153.873	153.881	153.827	153.846	448	0	21
2025.11.10	04:48:00	153.845	153.89	153.845	153.881	357	0	20
2025.11.10	05:00:00	153.882	153.951	153.879	153.926	592	0	20
2025.11.10	05:12:00	153.927	153.98	153.91	153.963	594	0	20
2025.11.10	05:24:00	153.959	154.016	153.957	153.98	598	0	20
2025.11.10	05:36:00	153.979	153.979	153.926	153.938	621	0	20
2025.11.10	05:48:00	153.937	153.986	153.921	153.924	586	0	20
2025.11.10	06:00:00	153.924	153.944	153.876	153.927	801	0	20
2025.11.10	06:12:00	153.928	153.935	153.879	153.881	746	0	20
2025.11.10	06:24:00	153.885	153.892	153.806	153.808	525	0	20
2025.11.10	06:36:00	153.807	153.87	153.777	153.843	659	0	20
2025.11.10	06:48:00	153.844	153.871	153.811	153.87	685	0	21
2025.11.10	07:00:00	153.871	153.988	153.858	153.973	774	0	20
2025.11.10	07:12:00	153.973	154.06	153.91	153.915	672	0	20
2025.11.10	07:24:00	153.923	153.957	153.918	153.951	564	0	20
2025.11.10	07:36:00	153.951	153.954	153.891	153.91	721	0	20
2025.11.10	07:48:00	153.91	153.936	153.878	153.932	748	0	20
2025.11.10	08:00:00	153.931	153.947	153.892	153.939	800	0	20
2025.11.10	08:12:00	153.939	154.013	153.918	154.01	839	0	20
2025.11.10	08:24:00	154.009	154.025	153.941	153.979	537	0	20
2025.11.10	08:36:00	153.978	154.048	153.944	154.045	831	0	20
2025.11.10	08:48:00	154.046	154.073	153.999	154.017	1070	0	20
2025.11.10	09:00:00	154.018	154.109	153.973	154.051	1281	0	20
2025.11.10	09:12:00	154.05	154.14	154.05	154.079	792	0	20
2025.11.10	09:24:00	154.078	154.108	153.962	153.969	783	0	20
2025.11.10	09:36:00	153.968	153.981	153.941	153.972	637	0	20
2025.11.10	09:48:00	153.971	154.052	153.952	154.035	1088	0	20
2025.11.10	10:00:00	154.035	154.092	153.969	153.995	1559	0	20
2025.11.10	10:12:00	153.994	154.021	153.939	154.015	899	0	20
2025.11.10	10:24:00	154.014	154.052	153.993	154.027	814	0	20
2025.11.10	10:36:00	154.027	154.084	153.995	154.071	704	0	20
2025.11.10	10:48:00	154.07	154.17	154.052	154.161	1005	0	20
2025.11.10	11:00:00	154.16	154.201	154.137	154.189	916	0	20
2025.11.10	11:12:00	154.189	154.221	154.154	154.161	813	0	20
2025.11.10	11:24:00	154.161	154.195	154.146	154.175	625	0	20
2025.11.10	11:36:00	154.175	154.198	154.15	154.163	693	0	20
2025.11.10	11:48:00	154.167	154.194	154.136	154.148	766	0	20
2025.11.10	12:00:00	154.149	154.164	154.052	154.086	619	0	20
2025.11.10	12:12:00	154.086	154.117	154.061	154.075	384	0	20
2025.11.10	12:24:00	154.075	154.167	154.072	154.146	485	0	20
2025.11.10	12:36:00	154.145	154.155	154.102	154.152	395	0	20
2025.11.10	12:48:00	154.151	154.169	154.133	154.149	556	0	20
2025.11.10	13:00:00	154.15	154.239	154.15	154.228	602	0	20
2025.11.10	13:12:00	154.231	154.234	154.162	154.166	405	0	20
2025.11.10	13:24:00	154.166	154.183	154.157	154.162	468	0	20
2025.11.10	13:36:00	154.162	154.19	154.158	154.178	346	0	20
2025.11.10	13:48:00	154.178	154.178	154.105	154.122	449	0	20
2025.11.10	14:00:00	154.121	154.157	154.117	154.131	373	0	20
2025.11.10	14:12:00	154.132	154.147	154.041	154.045	528	0	20
2025.11.10	14:24:00	154.046	154.071	154.031	154.068	468	0	20
2025.11.10	14:36:00	154.069	154.132	154.051	154.131	372	0	20
2025.11.10	14:48:00	154.132	154.152	154.067	154.107	798	0	20
2025.11.10	15:00:00	154.107	154.128	154.072	154.084	608	0	20
2025.11.10	15:12:00	154.084	154.111	154.047	154.075	698	0	20
2025.11.10	15:24:00	154.075	154.093	154.039	154.05	650	0	20
2025.11.10	15:36:00	154.05	154.068	153.998	154.002	799	0	20
2025.11.10	15:48:00	154.003	154.072	153.974	154.049	793	0	20
2025.11.10	16:00:00	154.05	154.069	154.03	154.044	626	0	20
2025.11.10	16:12:00	154.045	154.076	154.013	154.065	615	0	20
2025.11.10	16:24:00	154.065	154.134	154.037	154.072	1121	0	20
2025.11.10	16:36:00	154.073	154.136	153.994	154.1	1232	0	20
2025.11.10	16:48:00	154.1	154.155	154.071	154.071	1154	0	20
2025.11.10	17:00:00	154.072	154.109	154.054	154.08	984	0	20
2025.11.10	17:12:00	154.08	154.092	154.0	154.022	918	0	20
2025.11.10	17:24:00	154.023	154.102	154.006	154.071	836	0	20
2025.11.10	17:36:00	154.075	154.128	154.039	154.119	733	0	20
2025.11.10	17:48:00	154.12	154.133	154.017	154.018	1168	0	20
2025.11.10	18:00:00	154.018	154.057	153.979	154.021	1062	0	20
2025.11.10	18:12:00	154.02	154.036	153.902	153.915	818	0	20
2025.11.10	18:24:00	153.916	154.001	153.881	153.929	921	0	20
2025.11.10	18:36:00	153.93	153.976	153.905	153.952	973	0	20
2025.11.10	18:48:00	153.955	154.0	153.945	153.986	691	0	20
2025.11.10	19:00:00	153.985	154.033	153.939	153.945	1094	0	20
2025.11.10	19:12:00	153.946	154.01	153.942	153.986	691	0	20
2025.11.10	19:24:00	153.987	153.989	153.927	153.927	580	0	20
2025.11.10	19:36:00	153.928	153.976	153.913	153.964	449	0	20
2025.11.10	19:48:00	153.964	153.976	153.939	153.945	759	0	20
2025.11.10	20:00:00	153.946	153.952	153.914	153.927	672	0	20
2025.11.10	20:12:00	153.928	153.952	153.917	153.94	519	0	20
2025.11.10	20:24:00	153.942	154.0	153.939	153.997	553	0	20
2025.11.10	20:36:00	153.996	154.01	153.983	153.997	357	0	21
2025.11.10	20:48:00	153.996	154.007	153.974	153.982	347	0	20
2025.11.10	21:00:00	153.982	153.998	153.944	153.954	337	0	20
2025.11.10	21:12:00	153.955	153.969	153.952	153.952	212	0	21
2025.11.10	21:24:00	153.956	153.975	153.95	153.967	272	0	20
2025.11.10	21:36:00	153.967	154.022	153.963	153.998	485	0	20
2025.11.10	21:48:00	153.998	154.064	153.976	154.042	605	0	20
2025.11.10	22:00:00	154.041	154.073	154.008	154.013	506	0	20
2025.11.10	22:12:00	154.012	154.032	153.988	154.007	532	0	20
2025.11.10	22:24:00	154.007	154.036	154.003	154.034	529	0	20
2025.11.10	22:36:00	154.034	154.047	154.009	154.011	488	0	20
2025.11.10	22:48:00	154.013	154.047	154.004	154.02	637	0	20
2025.11.10	23:00:00	154.02	154.042	154.013	154.041	278	0	21
2025.11.10	23:12:00	154.04	154.067	154.04	154.057	176	0	21
2025.11.10	23:24:00	154.058	154.113	154.055	154.09	357	0	21
2025.11.10	23:36:00	154.09	154.126	154.078	154.124	138	0	23
2025.11.10	23:48:00	154.124	154.16	154.109	154.131	476	0	22
2025.11.11	00:00:00	154.131	154.131	153.913	154.063	46	0	39
2025.11.11	00:12:00	154.067	154.067	154.052	154.062	31	0	52
2025.11.11	00:24:00	154.062	154.063	154.05	154.055	62	0	48
2025.11.11	00:36:00	154.055	154.064	154.053	154.059	289	0	40
2025.11.11	00:48:00	154.058	154.059	154.04	154.044	151	0	41
2025.11.11	01:00:00	154.04	154.104	154.037	154.088	291	0	21
2025.11.11	01:12:00	154.087	154.098	154.064	154.075	280	0	20
2025.11.11	01:24:00	154.074	154.097	154.04	154.055	309	0	22
2025.11.11	01:36:00	154.054	154.133	154.05	154.125	342	0	20
2025.11.11	01:48:00	154.119	154.146	154.075	154.14	725	0	20
2025.11.11	02:00:00	154.138	154.191	154.092	154.149	1074	0	20
2025.11.11	02:12:00	154.148	154.176	154.1	154.125	759	0	20
2025.11.11	02:24:00	154.124	154.223	154.109	154.223	728	0	20
2025.11.11	02:36:00	154.223	154.276	154.213	154.274	1012	0	20
2025.11.11	02:48:00	154.276	154.302	154.209	154.301	1167	0	20
2025.11.11	03:00:00	154.302	154.423	154.302	154.364	1313	0	20
2025.11.11	03:12:00	154.361	154.413	154.346	154.396	778	0	20
2025.11.11	03:24:00	154.396	154.486	154.344	154.346	916	0	20
2025.11.11	03:36:00	154.347	154.414	154.345	154.365	745	0	20
2025.11.11	03:48:00	154.365	154.406	154.313	154.313	735	0	20
2025.11.11	04:00:00	154.313	154.331	154.248	154.328	710	0	20
2025.11.11	04:12:00	154.327	154.38	154.303	154.303	523	0	20
2025.11.11	04:24:00	154.302	154.351	154.294	154.347	446	0	20
2025.11.11	04:36:00	154.346	154.371	154.335	154.354	629	0	20
2025.11.11	04:48:00	154.353	154.382	154.339	154.357	710	0	20
2025.11.11	05:00:00	154.356	154.356	154.254	154.276	595	0	20
2025.11.11	05:12:00	154.275	154.297	154.242	154.242	327	0	20
2025.11.11	05:24:00	154.241	154.256	154.21	154.227	782	0	20
2025.11.11	05:36:00	154.228	154.242	154.216	154.222	391	0	20
2025.11.11	05:48:00	154.223	154.269	154.217	154.256	519	0	20
2025.11.11	06:00:00	154.256	154.307	154.216	154.299	508	0	20
2025.11.11	06:12:00	154.3	154.335	154.287	154.319	411	0	20
2025.11.11	06:24:00	154.32	154.342	154.298	154.339	411	0	20
2025.11.11	06:36:00	154.34	154.34	154.298	154.313	336	0	20
2025.11.11	06:48:00	154.312	154.32	154.286	154.291	395	0	20
2025.11.11	07:00:00	154.292	154.299	154.263	154.27	556	0	20
2025.11.11	07:12:00	154.27	154.27	154.175	154.179	827	0	20
2025.11.11	07:24:00	154.181	154.203	154.156	154.183	651	0	20
2025.11.11	07:36:00	154.179	154.201	154.079	154.116	550	0	20
2025.11.11	07:48:00	154.118	154.147	154.089	154.118	662	0	20
2025.11.11	08:00:00	154.118	154.172	154.079	154.172	612	0	20
2025.11.11	08:12:00	154.172	154.197	154.157	154.181	365	0	20
2025.11.11	08:24:00	154.18	154.244	154.18	154.236	415	0	20
2025.11.11	08:36:00	154.236	154.258	154.204	154.248	447	0	20
2025.11.11	08:48:00	154.248	154.249	154.178	154.188	580	0	20
2025.11.11	09:00:00	154.188	154.234	154.175	154.227	703	0	20
2025.11.11	09:12:00	154.226	154.241	154.168	154.175	581	0	20
2025.11.11	09:24:00	154.175	154.212	154.159	154.176	596	0	20
2025.11.11	09:36:00	154.176	154.241	154.141	154.187	960	0	20
2025.11.11	09:48:00	154.186	154.207	154.164	154.181	902	0	20
2025.11.11	10:00:00	154.181	154.224	154.157	154.198	1045	0	20
2025.11.11	10:12:00	154.199	154.341	154.199	154.289	964	0	20
2025.11.11	10:24:00	154.291	154.344	154.261	154.334	937	0	20
2025.11.11	10:36:00	154.334	154.349	154.299	154.3	625	0	20
2025.11.11	10:48:00	154.3	154.379	154.299	154.369	661	0	20
2025.11.11	11:00:00	154.369	154.397	154.35	154.37	972	0	20
2025.11.11	11:12:00	154.371	154.433	154.352	154.353	744	0	20
2025.11.11	11:24:00	154.354	154.354	154.277	154.291	496	0	20
2025.11.11	11:36:00	154.291	154.317	154.275	154.289	535	0	21
2025.11.11	11:48:00	154.29	154.333	154.286	154.32	458	0	20
2025.11.11	12:00:00	154.321	154.352	154.289	154.337	516	0	20
2025.11.11	12:12:00	154.336	154.345	154.263	154.265	572	0	20
2025.11.11	12:24:00	154.266	154.293	154.265	154.267	443	0	20
2025.11.11	12:36:00	154.267	154.274	154.227	154.242	433	0	20
2025.11.11	12:48:00	154.241	154.243	154.201	154.235	533	0	20
2025.11.11	13:00:00	154.234	154.253	154.208	154.226	533	0	20
2025.11.11	13:12:00	154.225	154.256	154.224	154.242	408	0	21
2025.11.11	13:24:00	154.242	154.25	154.205	154.227	461	0	20
2025.11.11	13:36:00	154.227	154.234	154.213	154.233	319	0	21
2025.11.11	13:48:00	154.231	154.247	154.206	154.244	277	0	20
2025.11.11	14:00:00	154.243	154.257	154.181	154.212	442	0	20
2025.11.11	14:12:00	154.212	154.225	154.165	154.171	341	0	20
2025.11.11	14:24:00	154.172	154.22	154.171	154.195	338	0	20
2025.11.11	14:36:00	154.195	154.21	154.171	154.207	492	0	20
2025.11.11	14:48:00	154.206	154.209	154.159	154.184	424	0	20
2025.11.11	15:00:00	154.185	154.187	154.123	154.162	597	0	20
2025.11.11	15:12:00	154.161	154.166	153.949	153.96	1160	0	20
2025.11.11	15:24:00	153.96	153.971	153.715	153.799	2487	0	20
2025.11.11	15:36:00	153.799	153.835	153.655	153.763	1596	0	20
2025.11.11	15:48:00	153.763	153.808	153.676	153.766	1258	0	20
2025.11.11	16:00:00	153.765	153.829	153.692	153.823	1087	0	20
2025.11.11	16:12:00	153.82	153.874	153.81	153.819	886	0	20
2025.11.11	16:24:00	153.819	153.863	153.782	153.831	1304	0	20
2025.11.11	16:36:00	153.831	153.914	153.814	153.902	1111	0	20
2025.11.11	16:48:00	153.902	153.997	153.867	153.99	1304	0	20
2025.11.11	17:00:00	153.989	154.123	153.985	154.091	1716	0	20
2025.11.11	17:12:00	154.089	154.103	153.993	154.025	1420	0	20
2025.11.11	17:24:00	154.026	154.03	153.932	153.983	1354	0	20
2025.11.11	17:36:00	153.983	154.006	153.944	153.945	1211	0	20
2025.11.11	17:48:00	153.945	154.008	153.91	153.962	996	0	20
2025.11.11	18:00:00	153.957	153.998	153.935	153.971	809	0	20
2025.11.11	18:12:00	153.97	154.012	153.944	153.978	759	0	20
2025.11.11	18:24:00	153.981	154.011	153.944	153.944	793	0	20
2025.11.11	18:36:00	153.945	154.006	153.937	153.976	663	0	20
2025.11.11	18:48:00	153.975	154.007	153.955	153.992	479	0	20
2025.11.11	19:00:00	153.991	154.053	153.991	154.041	776	0	20
2025.11.11	19:12:00	154.042	154.065	154.019	154.063	602	0	20
2025.11.11	19:24:00	154.062	154.1	154.06	154.1	466	0	20
2025.11.11	19:36:00	154.1	154.114	154.015	154.031	576	0	20
2025.11.11	19:48:00	154.03	154.065	154.023	154.065	495	0	20
2025.11.11	20:00:00	154.064	154.083	154.062	154.075	355	0	20
2025.11.11	20:12:00	154.075	154.092	154.048	154.052	341	0	20
2025.11.11	20:24:00	154.051	154.124	154.04	154.1	346	0	21
2025.11.11	20:36:00	154.1	154.135	154.096	154.111	444	0	20
2025.11.11	20:48:00	154.11	154.117	154.085	154.098	450	0	20
2025.11.11	21:00:00	154.098	154.136	154.097	154.122	377	0	20
2025.11.11	21:12:00	154.123	154.134	154.104	154.112	436	0	20
2025.11.11	21:24:00	154.112	154.116	154.072	154.072	498	0	21
2025.11.11	21:36:00	154.073	154.077	154.051	154.074	403	0	21
2025.11.11	21:48:00	154.075	154.123	154.074	154.11	580	0	20
2025.11.11	22:00:00	154.111	154.118	154.091	154.1	571	0	20
2025.11.11	22:12:00	154.099	154.1	154.07	154.074	445	0	21
2025.11.11	22:24:00	154.075	154.126	154.072	154.101	394	0	20
2025.11.11	22:36:00	154.101	154.124	154.081	154.12	373	0	20
2025.11.11	22:48:00	154.121	154.134	154.108	154.111	699	0	20
2025.11.11	23:00:00	154.11	154.131	154.107	154.124	313	0	21
2025.11.11	23:12:00	154.123	154.128	154.105	154.123	323	0	23
2025.11.11	23:24:00	154.125	154.129	154.107	154.122	224	0	23
2025.11.11	23:36:00	154.121	154.164	154.116	154.144	182	0	23
2025.11.11	23:48:00	154.144	154.164	154.125	154.133	328	0	22
2025.11.12	00:00:00	154.131	154.131	154.093	154.107	22	0	42
2025.11.12	00:12:00	154.107	154.107	154.1	154.1	13	0	45
2025.11.12	00:24:00	154.1	154.117	154.068	154.098	442	0	45
2025.11.12	00:36:00	154.096	154.097	154.045	154.077	1308	0	31
2025.11.12	00:48:00	154.077	154.081	154.03	154.037	869	0	48
2025.11.12	01:00:00	154.042	154.116	154.039	154.116	481	0	20
2025.11.12	01:12:00	154.115	154.144	154.102	154.144	132	0	21
2025.11.12	01:24:00	154.143	154.146	154.103	154.109	262	0	20
2025.11.12	01:36:00	154.107	154.124	154.066	154.095	300	0	20
2025.11.12	01:48:00	154.096	154.123	154.07	154.071	331	0	20
2025.11.12	02:00:00	154.074	154.153	154.037	154.064	1504	0	20
2025.11.12	02:12:00	154.062	154.096	154.047	154.087	732	0	20
2025.11.12	02:24:00	154.09	154.229	154.086	154.181	961	0	20
2025.11.12	02:36:00	154.18	154.263	154.177	154.239	1184	0	20
2025.11.12	02:48:00	154.246	154.294	154.187	154.288	1216	0	20
2025.11.12	03:00:00	154.289	154.333	154.251	154.331	1218	0	20
2025.11.12	03:12:00	154.331	154.341	154.285	154.307	834	0	20
2025.11.12	03:24:00	154.307	154.327	154.262	154.309	783	0	20
2025.11.12	03:36:00	154.308	154.335	154.29	154.317	448	0	20
2025.11.12	03:48:00	154.317	154.322	154.282	154.312	607	0	20
2025.11.12	04:00:00	154.318	154.332	154.303	154.326	468	0	20
2025.11.12	04:12:00	154.325	154.39	154.325	154.361	687	0	20
2025.11.12	04:24:00	154.36	154.396	154.352	154.394	540	0	20
2025.11.12	04:36:00	154.394	154.402	154.349	154.352	312	0	20
2025.11.12	04:48:00	154.352	154.363	154.32	154.339	512	0	20
2025.11.12	05:00:00	154.34	154.369	154.331	154.346	375	0	20
2025.11.12	05:12:00	154.347	154.354	154.228	154.26	531	0	20
2025.11.12	05:24:00	154.26	154.312	154.26	154.298	485	0	20
2025.11.12	05:36:00	154.298	154.312	154.293	154.307	280	0	20
2025.11.12	05:48:00	154.308	154.338	154.292	154.335	270	0	20
2025.11.12	06:00:00	154.336	154.395	154.33	154.39	391	0	20
2025.11.12	06:12:00	154.391	154.584	154.387	154.552	1006	0	20
2025.11.12	06:24:00	154.553	154.567	154.506	154.538	810	0	20
2025.11.12	06:36:00	154.546	154.679	154.544	154.672	1058	0	20
2025.11.12	06:48:00	154.673	154.734	154.651	154.727	688	0	20
2025.11.12	07:00:00	154.728	154.781	154.711	154.745	853	0	20
2025.11.12	07:12:00	154.745	154.755	154.555	154.581	1368	0	20
2025.11.12	07:24:00	154.576	154.667	154.565	154.583	1015	0	20
2025.11.12	07:36:00	154.583	154.679	154.559	154.652	865	0	20
2025.11.12	07:48:00	154.652	154.674	154.592	154.632	545	0	20
2025.11.12	08:00:00	154.641	154.699	154.626	154.691	506	0	20
2025.11.12	08:12:00	154.69	154.745	154.673	154.678	573	0	20
2025.11.12	08:24:00	154.677	154.678	154.621	154.655	457	0	20
2025.11.12	08:36:00	154.655	154.682	154.621	154.667	277	0	20
2025.11.12	08:48:00	154.666	154.666	154.573	154.601	449	0	21
2025.11.12	09:00:00	154.602	154.618	154.533	154.536	912	0	20
2025.11.12	09:12:00	154.537	154.566	154.481	154.54	583	0	20
2025.11.12	09:24:00	154.54	154.616	154.536	154.615	602	0	20
2025.11.12	09:36:00	154.614	154.66	154.598	154.605	647	0	20
2025.11.12	09:48:00	154.605	154.647	154.583	154.609	558	0	20
2025.11.12	10:00:00	154.608	154.699	154.606	154.68	1199	0	20
2025.11.12	10:12:00	154.68	154.751	154.646	154.67	994	0	20
2025.11.12	10:24:00	154.669	154.72	154.63	154.645	1016	0	20
2025.11.12	10:36:00	154.646	154.708	154.62	154.698	1016	0	20
2025.11.12	10:48:00	154.697	154.765	154.689	154.748	1052	0	20
2025.11.12	11:00:00	154.747	154.78	154.693	154.778	945	0	20
2025.11.12	11:12:00	154.779	154.811	154.75	154.79	1039	0	20
2025.11.12	11:24:00	154.789	154.897	154.785	154.849	885	0	20
2025.11.12	11:36:00	154.849	154.894	154.824	154.844	817	0	20
2025.11.12	11:48:00	154.845	154.876	154.818	154.833	909	0	20
2025.11.12	12:00:00	154.833	154.86	154.747	154.812	857	0	20
2025.11.12	12:12:00	154.812	154.886	154.798	154.882	760	0	20
2025.11.12	12:24:00	154.883	154.889	154.839	154.871	701	0	20
2025.11.12	12:36:00	154.871	154.872	154.793	154.825	473	0	20
2025.11.12	12:48:00	154.826	154.858	154.817	154.856	474	0	20
2025.11.12	13:00:00	154.854	154.878	154.843	154.86	338	0	20
2025.11.12	13:12:00	154.86	154.875	154.845	154.846	401	0	20
2025.11.12	13:24:00	154.847	154.86	154.8	154.819	504	0	20
2025.11.12	13:36:00	154.819	154.862	154.817	154.849	440	0	20
2025.11.12	13:48:00	154.849	154.862	154.793	154.794	619	0	20
2025.11.12	14:00:00	154.794	154.821	154.751	154.771	852	0	20
2025.11.12	14:12:00	154.773	154.773	154.695	154.706	592	0	20
2025.11.12	14:24:00	154.705	154.766	154.694	154.75	578	0	20
2025.11.12	14:36:00	154.75	154.765	154.724	154.753	512	0	20
2025.11.12	14:48:00	154.752	154.825	154.745	154.798	733	0	20
2025.11.12	15:00:00	154.797	154.807	154.754	154.805	856	0	20
2025.11.12	15:12:00	154.808	154.896	154.799	154.886	1042	0	20
2025.11.12	15:24:00	154.885	154.967	154.884	154.965	953	0	20
2025.11.12	15:36:00	154.966	154.983	154.914	154.93	924	0	20
2025.11.12	15:48:00	154.929	154.962	154.916	154.931	737	0	20
2025.11.12	16:00:00	154.931	154.955	154.872	154.942	1131	0	20
2025.11.12	16:12:00	154.942	154.986	154.936	154.976	757	0	20
2025.11.12	16:24:00	154.976	155.035	154.902	154.986	1843	0	20
2025.11.12	16:36:00	154.987	155.005	154.896	154.914	1396	0	20
2025.11.12	16:48:00	154.913	154.938	154.849	154.859	1507	0	20
2025.11.12	17:00:00	154.858	154.913	154.811	154.851	1302	0	20
2025.11.12	17:12:00	154.851	154.864	154.8	154.813	1148	0	20
2025.11.12	17:24:00	154.814	154.842	154.778	154.791	904	0	20
2025.11.12	17:36:00	154.791	154.839	154.778	154.789	1133	0	20
2025.11.12	17:48:00	154.79	154.811	154.721	154.729	1621	0	20
2025.11.12	18:00:00	154.73	154.745	154.684	154.687	1111	0	20
2025.11.12	18:12:00	154.688	154.759	154.661	154.728	890	0	20
2025.11.12	18:24:00	154.733	154.765	154.705	154.705	667	0	20
2025.11.12	18:36:00	154.707	154.734	154.646	154.648	585	0	20
2025.11.12	18:48:00	154.647	154.7	154.636	154.637	869	0	20
2025.11.12	19:00:00	154.637	154.637	154.486	154.517	1016	0	20
2025.11.12	19:12:00	154.517	154.554	154.495	154.52	801	0	20
2025.11.12	19:24:00	154.52	154.606	154.52	154.6	676	0	20
2025.11.12	19:36:00	154.599	154.625	154.588	154.613	489	0	20
2025.11.12	19:48:00	154.613	154.617	154.581	154.586	424	0	20
2025.11.12	20:00:00	154.587	154.616	154.57	154.577	547	0	20
2025.11.12	20:12:00	154.584	154.652	154.577	154.606	479	0	20
2025.11.12	20:24:00	154.606	154.634	154.601	154.629	479	0	20
2025.11.12	20:36:00	154.628	154.638	154.615	154.625	206	0	20
2025.11.12	20:48:00	154.626	154.678	154.611	154.675	449	0	20
2025.11.12	21:00:00	154.675	154.687	154.662	154.671	618	0	20
2025.11.12	21:12:00	154.671	154.686	154.637	154.637	535	0	20
2025.11.12	21:24:00	154.637	154.661	154.598	154.611	509	0	20
2025.11.12	21:36:00	154.612	154.661	154.611	154.648	530	0	20
2025.11.12	21:48:00	154.648	154.72	154.648	154.708	586	0	20
2025.11.12	22:00:00	154.708	154.725	154.682	154.695	367	0	20
2025.11.12	22:12:00	154.695	154.725	154.685	154.711	227	0	21
2025.11.12	22:24:00	154.714	154.735	154.704	154.722	284	0	20
2025.11.12	22:36:00	154.721	154.736	154.716	154.734	321	0	20
2025.11.12	22:48:00	154.734	154.757	154.712	154.748	301	0	20
2025.11.12	23:00:00	154.749	154.809	154.749	154.806	382	0	20
2025.11.12	23:12:00	154.806	154.857	154.792	154.831	370	0	20
2025.11.12	23:24:00	154.83	154.838	154.798	154.804	247	0	20
2025.11.12	23:36:00	154.8	154.824	154.784	154.823	275	0	21
2025.11.12	23:48:00	154.823	154.823	154.763	154.77	778	0	23
2025.11.13	00:00:00	154.767	154.794	154.721	154.766	60	0	29
2025.11.13	00:12:00	154.766	154.77	154.751	154.752	116	0	44
2025.11.13	00:24:00	154.751	154.759	154.725	154.739	127	0	39
2025.11.13	00:36:00	154.739	154.742	154.714	154.716	199	0	37
2025.11.13	00:48:00	154.715	154.719	154.688	154.694	475	0	43
2025.11.13	01:00:00	154.695	154.741	154.683	154.74	388	0	24
2025.11.13	01:12:00	154.739	154.747	154.689	154.708	374	0	20
2025.11.13	01:24:00	154.709	154.731	154.694	154.708	210	0	20
2025.11.13	01:36:00	154.708	154.739	154.707	154.721	272	0	21
2025.11.13	01:48:00	154.721	154.744	154.679	154.696	357	0	20
2025.11.13	02:00:00	154.697	154.852	154.684	154.821	1129	0	20
2025.11.13	02:12:00	154.82	154.868	154.779	154.802	990	0	20
2025.11.13	02:24:00	154.803	154.841	154.731	154.769	1131	0	20
2025.11.13	02:36:00	154.769	154.854	154.721	154.844	950	0	20
2025.11.13	02:48:00	154.842	154.948	154.807	154.932	1311	0	20
2025.11.13	03:00:00	154.933	154.978	154.914	154.971	1181	0	20
2025.11.13	03:12:00	154.97	155.007	154.889	154.894	1168	0	20
2025.11.13	03:24:00	154.892	154.955	154.873	154.907	1020	0	20
2025.11.13	03:36:00	154.906	154.933	154.87	154.888	742	0	20
2025.11.13	03:48:00	154.888	154.889	154.695	154.723	882	0	20
2025.11.13	04:00:00	154.722	154.722	154.613	154.672	921	0	20
2025.11.13	04:12:00	154.673	154.761	154.672	154.749	976	0	20
2025.11.13	04:24:00	154.75	154.781	154.698	154.7	536	0	20
2025.11.13	04:36:00	154.7	154.759	154.69	154.696	457	0	20
2025.11.13	04:48:00	154.698	154.733	154.634	154.648	463	0	20
2025.11.13	05:00:00	154.648	154.69	154.613	154.665	414	0	20
2025.11.13	05:12:00	154.665	154.699	154.645	154.666	322	0	20
2025.11.13	05:24:00	154.667	154.734	154.666	154.729	473	0	20
2025.11.13	05:36:00	154.73	154.749	154.711	154.744	391	0	20
2025.11.13	05:48:00	154.745	154.751	154.724	154.726	462	0	20
2025.11.13	06:00:00	154.726	154.729	154.634	154.679	578	0	20
2025.11.13	06:12:00	154.678	154.808	154.642	154.802	597	0	20
2025.11.13	06:24:00	154.802	154.834	154.79	154.82	397	0	20
2025.11.13	06:36:00	154.82	154.839	154.812	154.831	417	0	20
2025.11.13	06:48:00	154.832	154.844	154.808	154.809	477	0	20
2025.11.13	07:00:00	154.81	154.887	154.801	154.879	571	0	20
2025.11.13	07:12:00	154.884	154.885	154.841	154.874	359	0	20
2025.11.13	07:24:00	154.876	154.902	154.861	154.892	293	0	20
2025.11.13	07:36:00	154.892	154.937	154.892	154.915	460	0	20
2025.11.13	07:48:00	154.915	154.991	154.912	154.943	708	0	20
2025.11.13	08:00:00	154.946	154.946	154.887	154.916	997	0	20
2025.11.13	08:12:00	154.915	154.937	154.853	154.876	613	0	20
2025.11.13	08:24:00	154.877	154.97	154.876	154.953	574	0	20
2025.11.13	08:36:00	154.954	154.997	154.91	154.915	578	0	20
2025.11.13	08:48:00	154.916	154.923	154.873	154.879	394	0	20
2025.11.13	09:00:00	154.881	154.939	154.881	154.917	641	0	20
2025.11.13	09:12:00	154.925	154.943	154.87	154.87	668	0	20
2025.11.13	09:24:00	154.869	154.88	154.75	154.784	964	0	20
2025.11.13	09:36:00	154.783	154.844	154.725	154.775	846	0	20
2025.11.13	09:48:00	154.775	154.782	154.692	154.705	791	0	20
2025.11.13	10:00:00	154.706	154.764	154.663	154.761	1119	0	20
2025.11.13	10:12:00	154.758	154.764	154.667	154.711	906	0	20
2025.11.13	10:24:00	154.713	154.739	154.559	154.577	1007	0	20
2025.11.13	10:36:00	154.576	154.678	154.552	154.573	872	0	20
2025.11.13	10:48:00	154.572	154.645	154.502	154.509	1132	0	20
2025.11.13	11:00:00	154.513	154.577	154.354	154.377	1611	0	20
2025.11.13	11:12:00	154.376	154.47	154.36	154.373	1332	0	20
2025.11.13	11:24:00	154.374	154.476	154.313	154.466	1051	0	20
2025.11.13	11:36:00	154.466	154.528	154.411	154.456	798	0	20
2025.11.13	11:48:00	154.456	154.53	154.452	154.518	592	0	20
2025.11.13	12:00:00	154.519	154.553	154.473	154.52	739	0	20
2025.11.13	12:12:00	154.52	154.554	154.494	154.533	775	0	20
2025.11.13	12:24:00	154.534	154.6	154.522	154.595	697	0	20
2025.11.13	12:36:00	154.595	154.636	154.581	154.597	675	0	20
2025.11.13	12:48:00	154.597	154.667	154.593	154.647	542	0	20
2025.11.13	13:00:00	154.646	154.673	154.631	154.655	547	0	20
2025.11.13	13:12:00	154.654	154.734	154.651	154.71	528	0	20
2025.11.13	13:24:00	154.711	154.731	154.659	154.659	485	0	20
2025.11.13	13:36:00	154.659	154.724	154.659	154.714	568	0	20
2025.11.13	13:48:00	154.714	154.754	154.7	154.731	723	0	20
2025.11.13	14:00:00	154.73	154.744	154.696	154.708	545	0	20
2025.11.13	14:12:00	154.709	154.738	154.674	154.685	525	0	20
2025.11.13	14:24:00	154.684	154.713	154.644	154.646	491	0	20
2025.11.13	14:36:00	154.645	154.675	154.597	154.658	785	0	20
2025.11.13	14:48:00	154.655	154.662	154.58	154.597	661	0	20
2025.11.13	15:00:00	154.595	154.595	154.529	154.566	1149	0	20
2025.11.13	15:12:00	154.566	154.668	154.553	154.649	806	0	20
2025.11.13	15:24:00	154.648	154.723	154.64	154.681	963	0	20
2025.11.13	15:36:00	154.68	154.729	154.661	154.709	1051	0	20
2025.11.13	15:48:00	154.708	154.713	154.629	154.637	959	0	20
2025.11.13	16:00:00	154.637	154.666	154.589	154.657	1145	0	20
2025.11.13	16:12:00	154.658	154.664	154.605	154.655	890	0	20
2025.11.13	16:24:00	154.654	154.665	154.494	154.498	1355	0	20
2025.11.13	16:36:00	154.497	154.5	154.379	154.43	1924	0	20
2025.11.13	16:48:00	154.429	154.476	154.383	154.385	1916	0	20
2025.11.13	17:00:00	154.387	154.475	154.352	154.436	1694	0	20
2025.11.13	17:12:00	154.436	154.529	154.436	154.46	1350	0	20
2025.11.13	17:24:00	154.461	154.474	154.287	154.308	1453	0	20
2025.11.13	17:36:00	154.309	154.357	154.174	154.235	1770	0	20
2025.11.13	17:48:00	154.236	154.24	154.117	154.191	1556	0	20
2025.11.13	18:00:00	154.191	154.296	154.149	154.286	1957	0	20
2025.11.13	18:12:00	154.286	154.38	154.262	154.355	1540	0	20
2025.11.13	18:24:00	154.356	154.367	154.284	154.298	1531	0	20
2025.11.13	18:36:00	154.299	154.32	154.245	154.308	1494	0	20
2025.11.13	18:48:00	154.307	154.425	154.267	154.388	1289	0	20
2025.11.13	19:00:00	154.387	154.461	154.325	154.345	1489	0	20
2025.11.13	19:12:00	154.344	154.38	154.292	154.331	1383	0	20
2025.11.13	19:24:00	154.334	154.334	154.236	154.27	1175	0	20
2025.11.13	19:36:00	154.271	154.311	154.244	154.308	1111	0	20
2025.11.13	19:48:00	154.309	154.368	154.226	154.307	1521	0	20
2025.11.13	20:00:00	154.306	154.372	154.27	154.361	990	0	20
2025.11.13	20:12:00	154.361	154.395	154.264	154.307	1037	0	20
2025.11.13	20:24:00	154.306	154.358	154.279	154.332	857	0	20
2025.11.13	20:36:00	154.332	154.368	154.319	154.365	1124	0	20
2025.11.13	20:48:00	154.366	154.432	154.355	154.411	1078	0	20
2025.11.13	21:00:00	154.412	154.435	154.362	154.362	636	0	20
2025.11.13	21:12:00	154.363	154.415	154.342	154.401	1068	0	20
2025.11.13	21:24:00	154.402	154.474	154.387	154.45	903	0	20
2025.11.13	21:36:00	154.45	154.455	154.4	154.419	938	0	20
2025.11.13	21:48:00	154.418	154.471	154.386	154.46	650	0	20
2025.11.13	22:00:00	154.461	154.509	154.449	154.475	1218	0	20
2025.11.13	22:12:00	154.475	154.516	154.472	154.487	798	0	20
2025.11.13	22:24:00	154.486	154.515	154.471	154.501	1078	0	20
2025.11.13	22:36:00	154.502	154.514	154.469	154.49	852	0	20
2025.11.13	22:48:00	154.49	154.531	154.474	154.531	787	0	21
2025.11.13	23:00:00	154.53	154.576	154.53	154.568	286	0	20
2025.11.13	23:12:00	154.567	154.571	154.539	154.542	314	0	20
2025.11.13	23:24:00	154.542	154.558	154.52	154.52	230	0	20
2025.11.13	23:36:00	154.521	154.531	154.48	154.506	225	0	20
2025.11.13	23:48:00	154.506	154.538	154.467	154.533	783	0	22
2025.11.14	00:00:00	154.531	154.576	154.364	154.556	91	0	33
2025.11.14	00:12:00	154.557	154.568	154.406	154.497	148	0	32
2025.11.14	00:24:00	154.497	154.506	154.453	154.5	174	0	44
2025.11.14	00:36:00	154.502	154.509	154.45	154.491	323	0	42
2025.11.14	00:48:00	154.489	154.511	154.483	154.502	460	0	39
2025.11.14	01:00:00	154.496	154.584	154.496	154.573	407	0	24
2025.11.14	01:12:00	154.573	154.616	154.569	154.603	291	0	20
2025.11.14	01:24:00	154.603	154.674	154.6	154.63	483	0	20
2025.11.14	01:36:00	154.63	154.663	154.6	154.624	593	0	20
2025.11.14	01:48:00	154.625	154.666	154.612	154.62	637	0	20
2025.11.14	02:00:00	154.625	154.721	154.589	154.709	1103	0	20
2025.11.14	02:12:00	154.709	154.734	154.56	154.625	1004	0	20
2025.11.14	02:24:00	154.624	154.649	154.572	154.638	677	0	20
2025.11.14	02:36:00	154.637	154.702	154.628	154.682	1090	0	20
2025.11.14	02:48:00	154.682	154.712	154.555	154.595	1586	0	20
2025.11.14	03:00:00	154.596	154.674	154.587	154.609	852	0	20
2025.11.14	03:12:00	154.609	154.639	154.503	154.504	1044	0	20
2025.11.14	03:24:00	154.504	154.533	154.445	154.53	1307	0	20
2025.11.14	03:36:00	154.53	154.544	154.444	154.446	941	0	20
2025.11.14	03:48:00	154.447	154.497	154.43	154.495	707	0	20
2025.11.14	04:00:00	154.494	154.565	154.481	154.557	737	0	20
2025.11.14	04:12:00	154.556	154.56	154.505	154.541	726	0	20
2025.11.14	04:24:00	154.542	154.566	154.517	154.554	646	0	20
2025.11.14	04:36:00	154.554	154.566	154.475	154.485	429	0	20
2025.11.14	04:48:00	154.485	154.49	154.427	154.436	469	0	20
2025.11.14	05:00:00	154.436	154.438	154.386	154.438	557	0	20
2025.11.14	05:12:00	154.438	154.442	154.388	154.42	393	0	20
2025.11.14	05:24:00	154.421	154.439	154.3	154.366	726	0	20
2025.11.14	05:36:00	154.367	154.392	154.325	154.39	672	0	20
2025.11.14	05:48:00	154.391	154.565	154.391	154.531	1495	0	20
2025.11.14	06:00:00	154.53	154.544	154.45	154.458	741	0	20
2025.11.14	06:12:00	154.457	154.529	154.455	154.492	476	0	20
2025.11.14	06:24:00	154.493	154.565	154.485	154.555	413	0	20
2025.11.14	06:36:00	154.555	154.555	154.491	154.494	324	0	20
2025.11.14	06:48:00	154.495	154.516	154.411	154.412	378	0	20
2025.11.14	07:00:00	154.411	154.44	154.373	154.413	718	0	20
2025.11.14	07:12:00	154.412	154.445	154.358	154.434	805	0	20
2025.11.14	07:24:00	154.434	154.472	154.407	154.429	435	0	20
2025.11.14	07:36:00	154.427	154.489	154.419	154.472	456	0	20
2025.11.14	07:48:00	154.473	154.494	154.436	154.471	645	0	20
2025.11.14	08:00:00	154.472	154.496	154.42	154.459	735	0	20
2025.11.14	08:12:00	154.46	154.52	154.445	154.504	688	0	20
2025.11.14	08:24:00	154.505	154.558	154.458	154.464	732	0	20
2025.11.14	08:36:00	154.466	154.609	154.429	154.603	887	0	20
2025.11.14	08:48:00	154.604	154.65	154.585	154.586	824	0	20
2025.11.14	09:00:00	154.591	154.593	154.512	154.528	872	0	20
2025.11.14	09:12:00	154.529	154.53	154.443	154.523	1012	0	20
2025.11.14	09:24:00	154.522	154.603	154.519	154.562	1230	0	20
2025.11.14	09:36:00	154.558	154.597	154.545	154.567	1054	0	20
2025.11.14	09:48:00	154.567	154.674	154.55	154.668	1067	0	20
2025.11.14	10:00:00	154.669	154.725	154.607	154.613	1804	0	20
2025.11.14	10:12:00	154.615	154.659	154.557	154.586	1147	0	20
2025.11.14	10:24:00	154.588	154.623	154.529	154.598	1069	0	20
2025.11.14	10:36:00	154.599	154.629	154.442	154.47	1697	0	20
2025.11.14	10:48:00	154.473	154.546	154.45	154.543	1447	0	20
2025.11.14	11:00:00	154.544	154.657	154.543	154.63	1557	0	20
2025.11.14	11:12:00	154.631	154.684	154.615	154.627	845	0	20
2025.11.14	11:24:00	154.627	154.656	154.588	154.594	722	0	20
2025.11.14	11:36:00	154.593	154.632	154.581	154.631	914	0	20
2025.11.14	11:48:00	154.631	154.692	154.621	154.68	562	0	20
2025.11.14	12:00:00	154.683	154.694	154.653	154.676	668	0	20
2025.11.14	12:12:00	154.679	154.705	154.673	154.689	418	0	20
2025.11.14	12:24:00	154.69	154.741	154.686	154.741	649	0	20
2025.11.14	12:36:00	154.741	154.753	154.659	154.665	650	0	20
2025.11.14	12:48:00	154.663	154.74	154.66	154.736	672	0	20
2025.11.14	13:00:00	154.736	154.737	154.696	154.703	739	0	20
2025.11.14	13:12:00	154.704	154.73	154.623	154.635	920	0	20
2025.11.14	13:24:00	154.635	154.672	154.635	154.658	837	0	20
2025.11.14	13:36:00	154.66	154.704	154.643	154.681	858	0	20
2025.11.14	13:48:00	154.683	154.703	154.621	154.647	927	0	20
2025.11.14	14:00:00	154.646	154.652	154.484	154.484	1059	0	20
2025.11.14	14:12:00	154.484	154.499	154.251	154.308	1807	0	20
2025.11.14	14:24:00	154.308	154.326	154.198	154.246	1826	0	20
2025.11.14	14:36:00	154.246	154.254	153.996	154.054	2065	0	20
2025.11.14	14:48:00	154.053	154.141	153.797	153.798	2164	0	20
2025.11.14	15:00:00	153.798	153.964	153.722	153.854	2285	0	20
2025.11.14	15:12:00	153.855	153.857	153.606	153.675	2169	0	20
2025.11.14	15:24:00	153.675	153.842	153.654	153.713	1797	0	20
2025.11.14	15:36:00	153.714	153.876	153.672	153.865	2492	0	20
2025.11.14	15:48:00	153.864	154.134	153.859	154.075	2367	0	20
2025.11.14	16:00:00	154.075	154.234	154.054	154.137	2132	0	20
2025.11.14	16:12:00	154.137	154.181	154.071	154.173	1626	0	20
2025.11.14	16:24:00	154.172	154.189	153.972	154.136	2404	0	20
2025.11.14	16:36:00	154.137	154.29	154.061	154.259	3202	0	20
2025.11.14	16:48:00	154.258	154.337	154.208	154.333	2532	0	20
2025.11.14	17:00:00	154.333	154.405	154.263	154.307	2485	0	20
2025.11.14	17:12:00	154.306	154.379	154.226	154.345	2093	0	20
2025.11.14	17:24:00	154.343	154.441	154.3	154.369	1831	0	20
2025.11.14	17:36:00	154.368	154.486	154.358	154.456	1564	0	20
2025.11.14	17:48:00	154.455	154.479	154.397	154.417	1983	0	20
2025.11.14	18:00:00	154.418	154.429	154.342	154.417	1544	0	20
2025.11.14	18:12:00	154.417	154.478	154.416	154.473	967	0	20
2025.11.14	18:24:00	154.475	154.567	154.468	154.556	1409	0	20
2025.11.14	18:36:00	154.558	154.601	154.538	154.538	1066	0	20
2025.11.14	18:48:00	154.539	154.655	154.514	154.631	1030	0	20
2025.11.14	19:00:00	154.631	154.732	154.606	154.727	1271	0	20
2025.11.14	19:12:00	154.727	154.735	154.675	154.69	924	0	20
2025.11.14	19:24:00	154.69	154.716	154.641	154.716	989	0	20
2025.11.14	19:36:00	154.717	154.717	154.653	154.656	814	0	20
2025.11.14	19:48:00	154.657	154.679	154.623	154.631	943	0	20
2025.11.14	20:00:00	154.63	154.63	154.547	154.618	871	0	20
2025.11.14	20:12:00	154.618	154.652	154.597	154.607	578	0	20
2025.11.14	20:24:00	154.608	154.636	154.584	154.6	673	0	20
2025.11.14	20:36:00	154.599	154.609	154.546	154.571	797	0	20
2025.11.14	20:48:00	154.572	154.596	154.557	154.569	829	0	20
2025.11.14	21:00:00	154.568	154.574	154.516	154.525	738	0	20
2025.11.14	21:12:00	154.525	154.555	154.517	154.55	597	0	20
2025.11.14	21:24:00	154.55	154.56	154.516	154.523	686	0	20
2025.11.14	21:36:00	154.523	154.551	154.518	154.54	556	0	21
2025.11.14	21:48:00	154.54	154.554	154.525	154.549	506	0	20
2025.11.14	22:00:00	154.55	154.56	154.495	154.495	482	0	20
2025.11.14	22:12:00	154.496	154.53	154.495	154.514	419	0	20
2025.11.14	22:24:00	154.513	154.551	154.509	154.529	405	0	21
2025.11.14	22:36:00	154.53	154.53	154.503	154.515	431	0	20
2025.11.14	22:48:00	154.515	154.527	154.49	154.521	464	0	20
2025.11.14	23:00:00	154.519	154.533	154.505	154.53	177	0	20
2025.11.14	23:12:00	154.537	154.556	154.534	154.541	176	0	22
2025.11.14	23:24:00	154.542	154.563	154.534	154.557	234	0	20
2025.11.14	23:36:00	154.557	154.588	154.524	154.557	383	0	20
2025.11.14	23:48:00	154.556	154.556	154.491	154.524	719	0	24
2025.11.17	00:00:00	154.5	154.5	154.47	154.496	27	0	154
2025.11.17	00:12:00	154.495	154.536	154.495	154.527	107	0	78
2025.11.17	00:24:00	154.53	154.543	154.51	154.541	227	0	58
2025.11.17	00:36:00	154.542	154.544	154.493	154.494	135	0	50
2025.11.17	00:48:00	154.494	154.516	154.485	154.512	237	0	43
2025.11.17	01:00:00	154.499	154.518	154.432	154.475	763	0	20
2025.11.17	01:12:00	154.473	154.549	154.473	154.536	592	0	20
2025.11.17	01:24:00	154.535	154.587	154.519	154.558	682	0	20
2025.11.17	01:36:00	154.558	154.598	154.555	154.59	514	0	20
2025.11.17	01:48:00	154.591	154.625	154.531	154.581	573	0	21
2025.11.17	02:00:00	154.58	154.633	154.521	154.546	1454	0	20
2025.11.17	02:12:00	154.542	154.542	154.405	154.445	1190	0	20
2025.11.17	02:24:00	154.445	154.612	154.429	154.59	1131	0	20
2025.11.17	02:36:00	154.59	154.603	154.541	154.574	781	0	20
2025.11.17	02:48:00	154.573	154.649	154.55	154.627	1500	0	20
2025.11.17	03:00:00	154.628	154.644	154.537	154.565	1278	0	20
2025.11.17	03:12:00	154.565	154.641	154.558	154.569	810	0	20
2025.11.17	03:24:00	154.569	154.605	154.545	154.559	709	0	20
2025.11.17	03:36:00	154.561	154.581	154.5	154.555	591	0	20
2025.11.17	03:48:00	154.554	154.589	154.524	154.565	493	0	20
2025.11.17	04:00:00	154.565	154.625	154.561	154.623	704	0	20
2025.11.17	04:12:00	154.628	154.658	154.617	154.631	649	0	20
2025.11.17	04:24:00	154.632	154.634	154.588	154.604	470	0	20
2025.11.17	04:36:00	154.605	154.684	154.604	154.656	462	0	20
2025.11.17	04:48:00	154.657	154.7	154.627	154.681	546	0	20
2025.11.17	05:00:00	154.692	154.778	154.691	154.756	809	0	20
2025.11.17	05:12:00	154.755	154.758	154.712	154.723	438	0	20
2025.11.17	05:24:00	154.721	154.736	154.697	154.712	472	0	20
2025.11.17	05:36:00	154.711	154.75	154.677	154.735	352	0	20
2025.11.17	05:48:00	154.735	154.749	154.697	154.704	379	0	20
2025.11.17	06:00:00	154.706	154.721	154.655	154.663	363	0	20
2025.11.17	06:12:00	154.664	154.682	154.643	154.645	305	0	20
2025.11.17	06:24:00	154.646	154.647	154.599	154.641	398	0	21
2025.11.17	06:36:00	154.64	154.662	154.622	154.642	294	0	21
2025.11.17	06:48:00	154.641	154.654	154.62	154.62	274	0	20
2025.11.17	07:00:00	154.619	154.647	154.601	154.602	453	0	20
2025.11.17	07:12:00	154.603	154.623	154.582	154.609	366	0	20
2025.11.17	07:24:00	154.609	154.633	154.604	154.606	294	0	20
2025.11.17	07:36:00	154.606	154.65	154.581	154.647	347	0	20
2025.11.17	07:48:00	154.648	154.707	154.633	154.678	386	0	20
2025.11.17	08:00:00	154.678	154.783	154.673	154.754	747	0	20
2025.11.17	08:12:00	154.754	154.802	154.746	154.788	724	0	20
2025.11.17	08:24:00	154.789	154.791	154.674	154.704	769	0	20
2025.11.17	08:36:00	154.703	154.703	154.656	154.683	467	0	20
2025.11.17	08:48:00	154.684	154.685	154.629	154.668	426	0	20
2025.11.17	09:00:00	154.669	154.722	154.635	154.719	611	0	20
2025.11.17	09:12:00	154.718	154.782	154.707	154.776	513	0	20
2025.11.17	09:24:00	154.775	154.781	154.695	154.731	847	0	20
2025.11.17	09:36:00	154.732	154.737	154.64	154.662	646	0	20
2025.11.17	09:48:00	154.662	154.723	154.659	154.68	670	0	20
2025.11.17	10:00:00	154.681	154.73	154.615	154.642	1424	0	20
2025.11.17	10:12:00	154.642	154.736	154.64	154.689	997	0	20
2025.11.17	10:24:00	154.69	154.821	154.687	154.793	1035	0	20
2025.11.17	10:36:00	154.795	154.81	154.701	154.723	908	0	20
2025.11.17	10:48:00	154.723	154.748	154.653	154.702	723	0	20
2025.11.17	11:00:00	154.701	154.725	154.687	154.703	760	0	20
2025.11.17	11:12:00	154.704	154.732	154.693	154.721	839	0	20
2025.11.17	11:24:00	154.721	154.73	154.681	154.69	652	0	20
2025.11.17	11:36:00	154.69	154.729	154.645	154.729	489	0	20
2025.11.17	11:48:00	154.729	154.777	154.727	154.743	714	0	20
2025.11.17	12:00:00	154.744	154.759	154.72	154.75	439	0	20
2025.11.17	12:12:00	154.749	154.758	154.684	154.714	499	0	20
2025.11.17	12:24:00	154.714	154.769	154.713	154.757	569	0	20
2025.11.17	12:36:00	154.756	154.795	154.719	154.77	498	0	20
2025.11.17	12:48:00	154.771	154.833	154.76	154.832	676	0	20
2025.11.17	13:00:00	154.826	154.861	154.803	154.844	609	0	20
2025.11.17	13:12:00	154.846	154.849	154.812	154.815	215	0	20
2025.11.17	13:24:00	154.815	154.837	154.809	154.821	291	0	20
2025.11.17	13:36:00	154.82	154.834	154.775	154.795	413	0	20
2025.11.17	13:48:00	154.796	154.799	154.758	154.784	450	0	20
2025.11.17	14:00:00	154.785	154.81	154.753	154.78	469	0	20
2025.11.17	14:12:00	154.78	154.787	154.751	154.755	302	0	20
2025.11.17	14:24:00	154.757	154.768	154.727	154.765	329	0	20
2025.11.17	14:36:00	154.764	154.79	154.747	154.761	401	0	20
2025.11.17	14:48:00	154.762	154.862	154.761	154.837	561	0	20
2025.11.17	15:00:00	154.836	154.907	154.828	154.841	796	0	20
2025.11.17	15:12:00	154.841	154.886	154.84	154.853	511	0	20
2025.11.17	15:24:00	154.852	154.892	154.833	154.846	618	0	20
2025.11.17	15:36:00	154.846	154.881	154.828	154.86	626	0	20
2025.11.17	15:48:00	154.86	154.886	154.851	154.88	589	0	20
2025.11.17	16:00:00	154.878	154.899	154.855	154.875	562	0	20
2025.11.17	16:12:00	154.876	154.919	154.865	154.913	461	0	20
2025.11.17	16:24:00	154.913	154.935	154.89	154.932	791	0	20
2025.11.17	16:36:00	154.933	154.973	154.924	154.968	907	0	20
2025.11.17	16:48:00	154.969	155.023	154.878	155.023	1656	0	20
2025.11.17	17:00:00	155.023	155.256	154.994	155.226	2171	0	20
2025.11.17	17:12:00	155.225	155.288	155.136	155.175	1210	0	20
2025.11.17	17:24:00	155.174	155.285	155.156	155.238	1215	0	20
2025.11.17	17:36:00	155.237	155.294	155.21	155.26	1208	0	20
2025.11.17	17:48:00	155.259	155.291	155.176	155.187	1292	0	20
2025.11.17	18:00:00	155.186	155.192	155.098	155.108	875	0	20
2025.11.17	18:12:00	155.116	155.129	155.048	155.109	808	0	20
2025.11.17	18:24:00	155.107	155.155	155.106	155.145	760	0	20
2025.11.17	18:36:00	155.143	155.193	155.133	155.167	712	0	20
2025.11.17	18:48:00	155.169	155.195	155.162	155.192	514	0	20
2025.11.17	19:00:00	155.192	155.219	155.175	155.191	478	0	20
2025.11.17	19:12:00	155.191	155.219	155.132	155.165	420	0	20
2025.11.17	19:24:00	155.166	155.193	155.152	155.189	708	0	20
2025.11.17	19:36:00	155.189	155.211	155.151	155.177	634	0	20
2025.11.17	19:48:00	155.177	155.202	155.139	155.148	741	0	20
2025.11.17	20:00:00	155.148	155.179	155.126	155.177	618	0	20
2025.11.17	20:12:00	155.177	155.191	155.154	155.172	547	0	20
2025.11.17	20:24:00	155.172	155.189	155.165	155.181	289	0	20
2025.11.17	20:36:00	155.181	155.197	155.157	155.166	669	0	20
2025.11.17	20:48:00	155.167	155.177	155.117	155.131	345	0	20
2025.11.17	21:00:00	155.132	155.134	155.095	155.128	424	0	20
2025.11.17	21:12:00	155.128	155.136	155.108	155.109	265	0	20
2025.11.17	21:24:00	155.109	155.158	155.06	155.145	720	0	20
2025.11.17	21:36:00	155.146	155.196	155.117	155.17	857	0	20
2025.11.17	21:48:00	155.17	155.244	155.167	155.236	1225	0	20
2025.11.17	22:00:00	155.237	155.25	155.156	155.177	676	0	20
2025.11.17	22:12:00	155.177	155.21	155.171	155.207	547	0	20
2025.11.17	22:24:00	155.207	155.225	155.171	155.19	563	0	20
2025.11.17	22:36:00	155.189	155.202	155.165	155.189	506	0	20
2025.11.17	22:48:00	155.189	155.241	155.185	155.214	840	0	20
2025.11.17	23:00:00	155.219	155.238	155.208	155.223	514	0	20
2025.11.17	23:12:00	155.223	155.229	155.214	155.225	263	0	20
2025.11.17	23:24:00	155.225	155.232	155.206	155.214	174	0	20
2025.11.17	23:36:00	155.212	155.226	155.207	155.214	170	0	20
2025.11.17	23:48:00	155.214	155.245	155.206	155.217	365	0	22
2025.11.18	00:00:00	155.216	155.222	155.136	155.207	44	0	54
2025.11.18	00:12:00	155.222	155.227	155.205	155.207	21	0	40
2025.11.18	00:24:00	155.207	155.209	155.198	155.206	61	0	40
2025.11.18	00:36:00	155.206	155.213	155.197	155.198	136	0	40
2025.11.18	00:48:00	155.197	155.202	155.171	155.176	232	0	22
2025.11.18	01:00:00	155.186	155.266	155.175	155.206	323	0	20
2025.11.18	01:12:00	155.205	155.206	155.167	155.187	300	0	23
2025.11.18	01:24:00	155.188	155.226	155.187	155.217	263	0	22
2025.11.18	01:36:00	155.215	155.263	155.214	155.251	443	0	20
2025.11.18	01:48:00	155.251	155.278	155.223	155.269	464	0	20
2025.11.18	02:00:00	155.269	155.368	155.244	155.274	1168	0	20
2025.11.18	02:12:00	155.273	155.289	155.168	155.241	1018	0	20
2025.11.18	02:24:00	155.241	155.251	155.174	155.201	579	0	20
2025.11.18	02:36:00	155.198	155.239	155.185	155.229	1058	0	20
2025.11.18	02:48:00	155.229	155.318	155.208	155.249	1545	0	20
2025.11.18	03:00:00	155.25	155.308	155.204	155.297	1149	0	20
2025.11.18	03:12:00	155.3	155.352	155.251	155.271	1165	0	20
2025.11.18	03:24:00	155.272	155.275	155.201	155.239	840	0	20
2025.11.18	03:36:00	155.237	155.237	155.135	155.182	791	0	20
2025.11.18	03:48:00	155.182	155.207	155.161	155.19	669	0	20
2025.11.18	04:00:00	155.191	155.275	155.182	155.248	654	0	20
2025.11.18	04:12:00	155.25	155.251	155.192	155.198	466	0	21
2025.11.18	04:24:00	155.198	155.198	155.16	155.175	957	0	20
2025.11.18	04:36:00	155.174	155.217	155.163	155.213	467	0	20
2025.11.18	04:48:00	155.214	155.255	155.175	155.177	841	0	20
2025.11.18	05:00:00	155.177	155.178	155.101	155.155	876	0	20
2025.11.18	05:12:00	155.155	155.178	155.13	155.165	604	0	20
2025.11.18	05:24:00	155.164	155.187	155.141	155.175	820	0	20
2025.11.18	05:36:00	155.176	155.186	155.147	155.162	794	0	20
2025.11.18	05:48:00	155.162	155.19	155.154	155.166	535	0	20
2025.11.18	06:00:00	155.166	155.181	155.095	155.096	683	0	20
2025.11.18	06:12:00	155.096	155.112	154.835	154.882	2158	0	20
2025.11.18	06:24:00	154.882	154.913	154.805	154.854	1672	0	20
2025.11.18	06:36:00	154.852	154.967	154.835	154.928	1147	0	20
2025.11.18	06:48:00	154.927	155.096	154.916	155.042	1337	0	20
2025.11.18	07:00:00	155.041	155.077	154.984	155.067	951	0	20
2025.11.18	07:12:00	155.068	155.086	155.035	155.069	689	0	20
2025.11.18	07:24:00	155.07	155.091	155.03	155.042	653	0	20
2025.11.18	07:36:00	155.042	155.047	155.0	155.044	599	0	20
2025.11.18	07:48:00	155.045	155.093	155.019	155.073	817	0	20
2025.11.18	08:00:00	155.075	155.181	155.075	155.11	940	0	20
2025.11.18	08:12:00	155.111	155.158	155.089	155.09	639	0	20
2025.11.18	08:24:00	155.09	155.095	154.912	154.913	1128	0	20
2025.11.18	08:36:00	154.912	155.037	154.859	155.01	1514	0	20
2025.11.18	08:48:00	155.009	155.207	154.993	155.167	1189	0	20
2025.11.18	09:00:00	155.169	155.205	155.005	155.033	2355	0	20
2025.11.18	09:12:00	155.034	155.034	154.862	154.975	1837	0	20
2025.11.18	09:24:00	154.975	155.057	154.94	155.049	1683	0	20
2025.11.18	09:36:00	155.048	155.08	154.992	155.033	1733	0	20
2025.11.18	09:48:00	155.032	155.035	154.94	154.987	1447	0	20
2025.11.18	10:00:00	154.988	155.07	154.927	154.95	2089	0	20
2025.11.18	10:12:00	154.951	154.992	154.9	154.969	1342	0	20
2025.11.18	10:24:00	154.969	155.137	154.954	155.103	1337	0	20
2025.11.18	10:36:00	155.103	155.209	155.076	155.16	1145	0	20
2025.11.18	10:48:00	155.16	155.164	155.073	155.12	894	0	20
2025.11.18	11:00:00	155.125	155.171	155.073	155.166	1364	0	20
2025.11.18	11:12:00	155.166	155.242	155.148	155.209	1060	0	20
2025.11.18	11:24:00	155.208	155.234	155.181	155.187	891	0	20
2025.11.18	11:36:00	155.186	155.213	155.159	155.201	754	0	20
2025.11.18	11:48:00	155.2	155.256	155.199	155.223	841	0	20
2025.11.18	12:00:00	155.224	155.256	155.195	155.219	894	0	20
2025.11.18	12:12:00	155.219	155.255	155.2	155.232	756	0	20
2025.11.18	12:24:00	155.233	155.309	155.231	155.284	903	0	20
2025.11.18	12:36:00	155.286	155.352	155.272	155.347	646	0	20
2025.11.18	12:48:00	155.347	155.414	155.346	155.412	947	0	20
2025.11.18	13:00:00	155.413	155.413	155.36	155.389	683	0	20
2025.11.18	13:12:00	155.387	155.416	155.351	155.396	696	0	20
2025.11.18	13:24:00	155.395	155.408	155.374	155.379	580	0	20
2025.11.18	13:36:00	155.38	155.431	155.35	155.425	618	0	20
2025.11.18	13:48:00	155.425	155.43	155.393	155.416	967	0	20
2025.11.18	14:00:00	155.415	155.429	155.292	155.333	1133	0	20
2025.11.18	14:12:00	155.332	155.364	155.288	155.326	1033	0	20
2025.11.18	14:24:00	155.325	155.359	155.291	155.297	844	0	20
2025.11.18	14:36:00	155.296	155.328	155.246	155.271	1037	0	20
2025.11.18	14:48:00	155.271	155.282	155.165	155.17	1182	0	20
2025.11.18	15:00:00	155.17	155.253	155.138	155.246	1567	0	20
2025.11.18	15:12:00	155.245	155.246	155.15	155.166	1098	0	20
2025.11.18	15:24:00	155.166	155.221	155.052	155.134	2074	0	20
2025.11.18	15:36:00	155.134	155.156	155.066	155.154	1552	0	20
2025.11.18	15:48:00	155.154	155.19	155.11	155.16	1355	0	20
2025.11.18	16:00:00	155.159	155.218	155.131	155.167	1217	0	20
2025.11.18	16:12:00	155.168	155.287	155.163	155.258	1048	0	20
2025.11.18	16:24:00	155.258	155.372	155.219	155.307	2005	0	20
2025.11.18	16:36:00	155.307	155.351	155.289	155.318	2263	0	20
2025.11.18	16:48:00	155.319	155.346	155.22	155.22	1939	0	20
2025.11.18	17:00:00	155.219	155.242	155.041	155.128	2734	0	20
2025.11.18	17:12:00	155.129	155.234	155.059	155.221	2406	0	20
2025.11.18	17:24:00	155.221	155.222	155.069	155.092	2626	0	20
2025.11.18	17:36:00	155.093	155.13	155.06	155.098	1980	0	20
2025.11.18	17:48:00	155.1	155.274	155.068	155.264	2065	0	20
2025.11.18	18:00:00	155.263	155.413	155.248	155.4	1866	0	20
2025.11.18	18:12:00	155.399	155.457	155.313	155.432	1865	0	20
2025.11.18	18:24:00	155.433	155.488	155.408	155.475	1717	0	20
2025.11.18	18:36:00	155.474	155.496	155.408	155.424	1719	0	20
2025.11.18	18:48:00	155.426	155.461	155.404	155.433	1544	0	20
2025.11.18	19:00:00	155.433	155.528	155.418	155.51	1167	0	20
2025.11.18	19:12:00	155.511	155.594	155.491	155.569	1427	0	20
2025.11.18	19:24:00	155.57	155.576	155.508	155.573	1429	0	20
2025.11.18	19:36:00	155.572	155.626	155.536	155.608	1205	0	20
2025.11.18	19:48:00	155.607	155.685	155.607	155.682	1060	0	20
2025.11.18	20:00:00	155.682	155.723	155.652	155.7	1312	0	20
2025.11.18	20:12:00	155.699	155.703	155.619	155.632	1281	0	20
2025.11.18	20:24:00	155.63	155.661	155.624	155.632	1387	0	20
2025.11.18	20:36:00	155.634	155.656	155.556	155.569	1073	0	20
2025.11.18	20:48:00	155.569	155.602	155.55	155.587	1048	0	20
2025.11.18	21:00:00	155.586	155.627	155.557	155.557	868	0	20
2025.11.18	21:12:00	155.557	155.576	155.513	155.525	835	0	20
2025.11.18	21:24:00	155.523	155.545	155.505	155.544	740	0	20
2025.11.18	21:36:00	155.545	155.573	155.529	155.569	1179	0	20
2025.11.18	21:48:00	155.57	155.57	155.488	155.513	1052	0	20
2025.11.18	22:00:00	155.513	155.525	155.476	155.488	705	0	20
2025.11.18	22:12:00	155.488	155.514	155.468	155.507	610	0	20
2025.11.18	22:24:00	155.506	155.542	155.491	155.528	622	0	20
2025.11.18	22:36:00	155.528	155.54	155.505	155.529	409	0	20
2025.11.18	22:48:00	155.529	155.551	155.511	155.518	500	0	20
2025.11.18	23:00:00	155.517	155.528	155.507	155.512	412	0	20
2025.11.18	23:12:00	155.511	155.514	155.483	155.501	465	0	20
2025.11.18	23:24:00	155.502	155.517	155.5	155.502	412	0	22
2025.11.18	23:36:00	155.503	155.534	155.501	155.528	426	0	23
2025.11.18	23:48:00	155.531	155.539	155.476	155.478	572	0	20
2025.11.19	00:00:00	155.481	155.49	155.424	155.455	56	0	39
2025.11.19	00:12:00	155.455	155.47	155.442	155.47	45	0	38
2025.11.19	00:24:00	155.47	155.485	155.41	155.461	136	0	39
2025.11.19	00:36:00	155.461	155.482	155.459	155.466	165	0	38
2025.11.19	00:48:00	155.467	155.532	155.464	155.503	155	0	28
2025.11.19	01:00:00	155.494	155.528	155.483	155.51	340	0	20
2025.11.19	01:12:00	155.511	155.536	155.508	155.534	465	0	20
2025.11.19	01:24:00	155.534	155.535	155.504	155.521	270	0	21
2025.11.19	01:36:00	155.521	155.581	155.521	155.532	393	0	20
2025.11.19	01:48:00	155.533	155.558	155.518	155.522	588	0	21
2025.11.19	02:00:00	155.521	155.57	155.425	155.471	1373	0	20
2025.11.19	02:12:00	155.47	155.489	155.385	155.403	1284	0	20
2025.11.19	02:24:00	155.403	155.463	155.389	155.451	1096	0	20
2025.11.19	02:36:00	155.451	155.457	155.375	155.388	978	0	20
2025.11.19	02:48:00	155.387	155.477	155.363	155.463	1817	0	20
2025.11.19	03:00:00	155.463	155.505	155.421	155.446	1876	0	20
2025.11.19	03:12:00	155.447	155.522	155.428	155.521	1324	0	20
2025.11.19	03:24:00	155.52	155.529	155.427	155.428	984	0	20
2025.11.19	03:36:00	155.427	155.472	155.422	155.45	837	0	20
2025.11.19	03:48:00	155.449	155.501	155.448	155.487	1221	0	20
2025.11.19	04:00:00	155.486	155.544	155.481	155.535	1067	0	20
2025.11.19	04:12:00	155.534	155.535	155.35	155.366	1422	0	20
2025.11.19	04:24:00	155.365	155.425	155.352	155.377	953	0	20
2025.11.19	04:36:00	155.376	155.396	155.315	155.352	771	0	20
2025.11.19	04:48:00	155.351	155.361	155.316	155.343	621	0	20
2025.11.19	05:00:00	155.342	155.342	155.284	155.315	791	0	20
2025.11.19	05:12:00	155.314	155.37	155.242	155.29	1284	0	20
2025.11.19	05:24:00	155.291	155.332	155.257	155.291	1004	0	20
2025.11.19	05:36:00	155.292	155.335	155.22	155.245	911	0	20
2025.11.19	05:48:00	155.245	155.289	155.203	155.284	906	0	20
2025.11.19	06:00:00	155.283	155.368	155.283	155.347	800	0	20
2025.11.19	06:12:00	155.347	155.449	155.338	155.434	1166	0	20
2025.11.19	06:24:00	155.434	155.457	155.413	155.425	769	0	20
2025.11.19	06:36:00	155.426	155.435	155.377	155.382	1013	0	20
2025.11.19	06:48:00	155.379	155.385	155.305	155.311	830	0	20
2025.11.19	07:00:00	155.311	155.34	155.276	155.336	984	0	20
2025.11.19	07:12:00	155.336	155.368	155.311	155.366	776	0	20
2025.11.19	07:24:00	155.367	155.372	155.322	155.33	680	0	20
2025.11.19	07:36:00	155.335	155.343	155.251	155.265	901	0	20
2025.11.19	07:48:00	155.266	155.362	155.264	155.358	1454	0	20
2025.11.19	08:00:00	155.358	155.391	155.327	155.356	790	0	20
2025.11.19	08:12:00	155.357	155.413	155.343	155.368	738	0	20
2025.11.19	08:24:00	155.368	155.379	155.315	155.343	750	0	20
2025.11.19	08:36:00	155.343	155.383	155.326	155.334	669	0	20
2025.11.19	08:48:00	155.333	155.449	155.333	155.438	796	0	20
2025.11.19	09:00:00	155.439	155.51	155.439	155.484	1048	0	20
2025.11.19	09:12:00	155.483	155.517	155.462	155.477	610	0	20
2025.11.19	09:24:00	155.477	155.477	155.397	155.419	879	0	20
2025.11.19	09:36:00	155.419	155.458	155.401	155.443	760	0	20
2025.11.19	09:48:00	155.444	155.521	155.42	155.507	1295	0	20
2025.11.19	10:00:00	155.508	155.522	155.47	155.494	1101	0	20
2025.11.19	10:12:00	155.496	155.6	155.494	155.571	893	0	20
2025.11.19	10:24:00	155.571	155.668	155.57	155.639	1157	0	20
2025.11.19	10:36:00	155.639	155.642	155.55	155.579	963	0	20
2025.11.19	10:48:00	155.58	155.643	155.552	155.626	918	0	20
2025.11.19	11:00:00	155.627	155.653	155.545	155.581	974	0	20
2025.11.19	11:12:00	155.582	155.641	155.575	155.63	557	0	20
2025.11.19	11:24:00	155.631	155.669	155.6	155.637	872	0	20
2025.11.19	11:36:00	155.637	155.931	155.546	155.916	2132	0	20
2025.11.19	11:48:00	155.916	155.956	155.87	155.943	1375	0	20
2025.11.19	12:00:00	155.942	155.98	155.925	155.975	1196	0	20
2025.11.19	12:12:00	155.974	155.984	155.94	155.941	815	0	20
2025.11.19	12:24:00	155.94	156.073	155.94	156.043	1035	0	20
2025.11.19	12:36:00	156.044	156.194	156.028	156.162	1266	0	20
2025.11.19	12:48:00	156.161	156.241	156.129	156.232	1318	0	21
2025.11.19	13:00:00	156.232	156.285	156.193	156.2	1227	0	21
2025.11.19	13:12:00	156.201	156.208	156.14	156.197	956	0	21
2025.11.19	13:24:00	156.196	156.222	156.129	156.169	840	0	21
2025.11.19	13:36:00	156.169	156.174	156.127	156.131	767	0	21
2025.11.19	13:48:00	156.132	156.157	156.072	156.095	844	0	21
2025.11.19	14:00:00	156.089	156.113	156.054	156.085	1047	0	21
2025.11.19	14:12:00	156.085	156.181	156.08	156.168	775	0	21
2025.11.19	14:24:00	156.169	156.196	156.133	156.187	690	0	21
2025.11.19	14:36:00	156.187	156.245	156.182	156.232	715	0	21
2025.11.19	14:48:00	156.235	156.252	156.202	156.237	547	0	21
2025.11.19	15:00:00	156.236	156.245	156.052	156.054	1059	0	21
2025.11.19	15:12:00	156.053	156.085	156.029	156.06	801	0	21
2025.11.19	15:24:00	156.063	156.212	156.062	156.178	739	0	21
2025.11.19	15:36:00	156.179	156.213	156.138	156.181	1177	0	21
2025.11.19	15:48:00	156.18	156.281	156.146	156.273	1152	0	21
2025.11.19	16:00:00	156.272	156.392	156.253	156.344	1567	0	21
2025.11.19	16:12:00	156.349	156.42	156.303	156.412	1268	0	21
2025.11.19	16:24:00	156.413	156.414	156.301	156.34	1518	0	21
2025.11.19	16:36:00	156.339	156.526	156.33	156.514	1755	0	21
2025.11.19	16:48:00	156.513	156.615	156.461	156.613	1773	0	21
2025.11.19	17:00:00	156.613	156.71	156.584	156.673	1867	0	21
2025.11.19	17:12:00	156.679	156.684	156.532	156.537	1643	0	21
2025.11.19	17:24:00	156.54	156.654	156.532	156.569	1629	0	21
2025.11.19	17:36:00	156.57	156.67	156.535	156.647	1504	0	21
2025.11.19	17:48:00	156.648	156.648	156.486	156.498	1696	0	21
2025.11.19	18:00:00	156.494	156.52	156.453	156.51	1753	0	21
2025.11.19	18:12:00	156.511	156.628	156.479	156.624	1059	0	21
2025.11.19	18:24:00	156.626	156.676	156.604	156.634	1363	0	21
2025.11.19	18:36:00	156.634	156.697	156.581	156.626	1488	0	21
2025.11.19	18:48:00	156.626	156.629	156.583	156.626	1126	0	21
2025.11.19	19:00:00	156.626	156.683	156.609	156.669	1540	0	21
2025.11.19	19:12:00	156.668	156.795	156.643	156.777	1435	0	21
2025.11.19	19:24:00	156.779	156.804	156.743	156.782	1357	0	21
2025.11.19	19:36:00	156.783	156.855	156.766	156.818	1036	0	21
2025.11.19	19:48:00	156.817	156.817	156.736	156.743	1008	0	21
2025.11.19	20:00:00	156.74	156.822	156.735	156.805	818	0	21
2025.11.19	20:12:00	156.806	156.831	156.775	156.818	732	0	21
2025.11.19	20:24:00	156.819	156.831	156.783	156.822	853	0	21
2025.11.19	20:36:00	156.822	156.838	156.685	156.685	1127	0	21
2025.11.19	20:48:00	156.691	156.794	156.68	156.786	877	0	21
2025.11.19	21:00:00	156.785	156.916	156.76	156.832	1448	0	21
2025.11.19	21:12:00	156.832	156.888	156.829	156.875	946	0	21
2025.11.19	21:24:00	156.876	156.902	156.839	156.895	934	0	21
2025.11.19	21:36:00	156.894	156.978	156.89	156.957	748	0	21
2025.11.19	21:48:00	156.957	157.028	156.951	157.019	1107	0	21
2025.11.19	22:00:00	157.018	157.036	156.964	156.983	1040	0	21
2025.11.19	22:12:00	156.98	156.99	156.95	156.975	730	0	21
2025.11.19	22:24:00	156.975	156.995	156.961	156.989	684	0	21
2025.11.19	22:36:00	156.989	156.997	156.955	156.965	448	0	21
2025.11.19	22:48:00	156.965	156.976	156.927	156.95	515	0	21
2025.11.19	23:00:00	156.949	157.016	156.949	157.009	465	0	21
2025.11.19	23:12:00	157.01	157.134	156.997	157.063	869	0	21
2025.11.19	23:24:00	157.064	157.128	157.008	157.111	610	0	21
2025.11.19	23:36:00	157.111	157.172	157.105	157.161	468	0	21
2025.11.19	23:48:00	157.16	157.168	157.124	157.124	1008	0	21
2025.11.20	00:00:00	157.123	157.129	157.022	157.046	95	0	29
2025.11.20	00:12:00	157.047	157.088	157.035	157.088	73	0	40
2025.11.20	00:24:00	157.088	157.088	157.061	157.061	47	0	57
2025.11.20	00:36:00	157.062	157.066	157.04	157.052	284	0	37
2025.11.20	00:48:00	157.052	157.07	157.049	157.061	163	0	44
2025.11.20	01:00:00	157.061	157.144	156.965	157.038	565	0	21
2025.11.20	01:12:00	157.036	157.066	156.989	157.026	579	0	21
2025.11.20	01:24:00	157.025	157.065	157.0	157.026	687	0	21
2025.11.20	01:36:00	157.025	157.073	157.009	157.021	831	0	21
2025.11.20	01:48:00	157.022	157.047	156.972	156.984	468	0	21
2025.11.20	02:00:00	156.984	157.026	156.871	156.936	1428	0	21
2025.11.20	02:12:00	156.936	157.035	156.867	157.034	1438	0	21
2025.11.20	02:24:00	157.033	157.167	157.024	157.125	1307	0	21
2025.11.20	02:36:00	157.125	157.168	157.067	157.116	1399	0	21
2025.11.20	02:48:00	157.117	157.199	157.057	157.065	2005	0	21
2025.11.20	03:00:00	157.064	157.11	157.025	157.092	921	0	21
2025.11.20	03:12:00	157.091	157.111	157.032	157.038	1022	0	21
2025.11.20	03:24:00	157.035	157.168	157.023	157.149	1477	0	21
2025.11.20	03:36:00	157.149	157.325	157.098	157.271	1674	0	21
2025.11.20	03:48:00	157.27	157.425	157.268	157.412	1245	0	21
2025.11.20	04:00:00	157.412	157.461	157.395	157.424	1126	0	21
2025.11.20	04:12:00	157.423	157.463	157.317	157.403	1491	0	21
2025.11.20	04:24:00	157.398	157.406	157.278	157.298	771	0	21
2025.11.20	04:36:00	157.298	157.348	157.295	157.309	819	0	21
2025.11.20	04:48:00	157.309	157.34	157.292	157.305	512	0	21
2025.11.20	05:00:00	157.309	157.4	157.271	157.399	1080	0	21
2025.11.20	05:12:00	157.399	157.421	157.336	157.375	583	0	21
2025.11.20	05:24:00	157.376	157.376	157.272	157.283	496	0	21
2025.11.20	05:36:00	157.284	157.393	157.269	157.347	729	0	21
2025.11.20	05:48:00	157.347	157.405	157.324	157.405	711	0	21
2025.11.20	06:00:00	157.405	157.409	157.272	157.307	633	0	21
2025.11.20	06:12:00	157.307	157.335	157.268	157.334	587	0	21
2025.11.20	06:24:00	157.334	157.345	157.302	157.307	720	0	21
2025.11.20	06:36:00	157.307	157.36	157.251	157.359	627	0	21
2025.11.20	06:48:00	157.358	157.407	157.325	157.387	499	0	21
2025.11.20	07:00:00	157.386	157.53	157.385	157.494	931	0	21
2025.11.20	07:12:00	157.494	157.524	157.447	157.506	655	0	21
2025.11.20	07:24:00	157.505	157.509	157.454	157.477	363	0	21
2025.11.20	07:36:00	157.478	157.532	157.418	157.495	812	0	21
2025.11.20	07:48:00	157.496	157.561	157.418	157.547	957	0	21
2025.11.20	08:00:00	157.548	157.584	157.477	157.533	1263	0	21
2025.11.20	08:12:00	157.533	157.617	157.522	157.574	834	0	21
2025.11.20	08:24:00	157.574	157.609	157.518	157.604	999	0	21
2025.11.20	08:36:00	157.604	157.682	157.592	157.668	814	0	21
2025.11.20	08:48:00	157.669	157.727	157.652	157.724	744	0	21
2025.11.20	09:00:00	157.724	157.768	157.602	157.679	1387	0	21
2025.11.20	09:12:00	157.68	157.698	157.544	157.567	1234	0	21
2025.11.20	09:24:00	157.566	157.657	157.558	157.56	985	0	21
2025.11.20	09:36:00	157.561	157.588	157.41	157.438	1200	0	21
2025.11.20	09:48:00	157.439	157.491	157.365	157.446	1361	0	21
2025.11.20	10:00:00	157.445	157.485	157.314	157.346	1623	0	21
2025.11.20	10:12:00	157.346	157.363	157.265	157.35	1266	0	21
2025.11.20	10:24:00	157.35	157.361	157.203	157.21	1206	0	21
2025.11.20	10:36:00	157.208	157.251	157.109	157.132	1321	0	21
2025.11.20	10:48:00	157.133	157.15	157.097	157.141	977	0	21
2025.11.20	11:00:00	157.152	157.215	157.15	157.208	1200	0	21
2025.11.20	11:12:00	157.208	157.261	157.174	157.201	813	0	21
2025.11.20	11:24:00	157.201	157.227	157.131	157.173	1010	0	21
2025.11.20	11:36:00	157.173	157.21	157.113	157.135	1112	0	21
2025.11.20	11:48:00	157.134	157.176	157.123	157.169	705	0	21
2025.11.20	12:00:00	157.168	157.249	157.14	157.247	787	0	21
2025.11.20	12:12:00	157.247	157.281	157.234	157.265	705	0	21
2025.11.20	12:24:00	157.264	157.314	157.264	157.304	559	0	21
2025.11.20	12:36:00	157.305	157.321	157.293	157.301	339	0	21
2025.11.20	12:48:00	157.304	157.401	157.304	157.371	687	0	21
2025.11.20	13:00:00	157.371	157.417	157.364	157.397	557	0	21
2025.11.20	13:12:00	157.398	157.407	157.344	157.373	575	0	21
2025.11.20	13:24:00	157.372	157.464	157.372	157.425	552	0	21
2025.11.20	13:36:00	157.426	157.47	157.41	157.462	550	0	21
2025.11.20	13:48:00	157.462	157.528	157.462	157.499	537	0	21
2025.11.20	14:00:00	157.498	157.632	157.495	157.631	705	0	21
2025.11.20	14:12:00	157.632	157.668	157.617	157.643	777	0	21
2025.11.20	14:24:00	157.641	157.669	157.628	157.666	653	0	21
2025.11.20	14:36:00	157.666	157.728	157.645	157.696	730	0	21
2025.11.20	14:48:00	157.696	157.718	157.682	157.689	703	0	21
2025.11.20	15:00:00	157.69	157.697	157.568	157.608	1085	0	21
2025.11.20	15:12:00	157.609	157.69	157.594	157.609	1250	0	21
2025.11.20	15:24:00	157.61	157.869	157.214	157.383	3189	0	21
2025.11.20	15:36:00	157.384	157.733	157.283	157.644	3618	0	21
2025.11.20	15:48:00	157.643	157.677	157.499	157.561	2735	0	21
2025.11.20	16:00:00	157.561	157.775	157.483	157.734	2655	0	21
2025.11.20	16:12:00	157.736	157.819	157.618	157.671	2483	0	21
2025.11.20	16:24:00	157.67	157.744	157.506	157.539	2344	0	21
2025.11.20	16:36:00	157.538	157.681	157.493	157.676	2430	0	21
2025.11.20	16:48:00	157.674	157.674	157.554	157.616	1675	0	21
2025.11.20	17:00:00	157.615	157.74	157.615	157.734	1610	0	21
2025.11.20	17:12:00	157.735	157.845	157.704	157.843	1573	0	21
2025.11.20	17:24:00	157.844	157.874	157.753	157.843	1483	0	21
2025.11.20	17:36:00	157.844	157.882	157.779	157.849	1211	0	21
2025.11.20	17:48:00	157.848	157.869	157.668	157.669	1822	0	21
2025.11.20	18:00:00	157.669	157.673	157.42	157.445	2233	0	21
2025.11.20	18:12:00	157.444	157.444	157.275	157.414	2499	0	21
2025.11.20	18:24:00	157.416	157.54	157.393	157.417	2688	0	21
2025.11.20	18:36:00	157.418	157.597	157.403	157.518	2220	0	21
2025.11.20	18:48:00	157.517	157.635	157.401	157.41	2478	0	21
2025.11.20	19:00:00	157.407	157.527	157.372	157.384	3411	0	21
2025.11.20	19:12:00	157.385	157.389	157.252	157.388	3075	0	21
2025.11.20	19:24:00	157.387	157.49	157.339	157.377	2998	0	21
2025.11.20	19:36:00	157.374	157.487	157.343	157.373	2556	0	21
2025.11.20	19:48:00	157.373	157.519	157.368	157.506	2490	0	21
2025.11.20	20:00:00	157.507	157.641	157.494	157.629	1653	0	21
2025.11.20	20:12:00	157.628	157.685	157.541	157.584	1839	0	21
2025.11.20	20:24:00	157.587	157.61	157.531	157.557	2214	0	21
2025.11.20	20:36:00	157.556	157.556	157.479	157.493	1166	0	21
2025.11.20	20:48:00	157.484	157.484	157.416	157.449	981	0	21
2025.11.20	21:00:00	157.45	157.506	157.441	157.492	972	0	21
2025.11.20	21:12:00	157.49	157.532	157.454	157.47	1231	0	21
2025.11.20	21:24:00	157.473	157.553	157.442	157.536	1621	0	21
2025.11.20	21:36:00	157.535	157.54	157.451	157.467	1072	0	21
2025.11.20	21:48:00	157.468	157.54	157.46	157.528	1152	0	21
2025.11.20	22:00:00	157.529	157.583	157.506	157.547	873	0	21
2025.11.20	22:12:00	157.547	157.622	157.534	157.616	759	0	21
2025.11.20	22:24:00	157.616	157.634	157.593	157.608	589	0	21
2025.11.20	22:36:00	157.609	157.621	157.583	157.59	553	0	21
2025.11.20	22:48:00	157.591	157.637	157.539	157.565	1121	0	21
2025.11.20	23:00:00	157.565	157.575	157.468	157.543	910	0	21
2025.11.20	23:12:00	157.543	157.58	157.532	157.544	341	0	21
2025.11.20	23:24:00	157.544	157.557	157.517	157.534	294	0	22
2025.11.20	23:36:00	157.534	157.538	157.433	157.454	316	0	21
2025.11.20	23:48:00	157.454	157.487	157.428	157.447	892	0	22
2025.11.21	00:00:00	157.448	157.51	157.408	157.441	66	0	51
2025.11.21	00:12:00	157.437	157.462	157.435	157.46	66	0	49
2025.11.21	00:24:00	157.459	157.485	157.454	157.466	119	0	39
2025.11.21	00:36:00	157.467	157.476	157.406	157.408	355	0	25
2025.11.21	00:48:00	157.408	157.441	157.405	157.437	387	0	25
2025.11.21	01:00:00	157.434	157.457	157.323	157.367	397	0	21
2025.11.21	01:12:00	157.366	157.441	157.351	157.398	612	0	22
2025.11.21	01:24:00	157.399	157.462	157.399	157.43	454	0	21
2025.11.21	01:36:00	157.428	157.447	157.18	157.344	1672	0	21
2025.11.21	01:48:00	157.343	157.387	157.221	157.377	1228	0	21
2025.11.21	02:00:00	157.377	157.531	157.357	157.492	1702	0	21
2025.11.21	02:12:00	157.493	157.512	157.41	157.466	1467	0	21
2025.11.21	02:24:00	157.467	157.521	157.439	157.465	1060	0	21
2025.11.21	02:36:00	157.464	157.475	157.26	157.279	1251	0	21
2025.11.21	02:48:00	157.28	157.404	157.21	157.304	1835	0	21
2025.11.21	03:00:00	157.305	157.371	157.196	157.239	1569	0	21
2025.11.21	03:12:00	157.239	157.379	157.239	157.365	888	0	21
2025.11.21	03:24:00	157.366	157.44	157.329	157.335	921	0	21
2025.11.21	03:36:00	157.337	157.431	157.299	157.376	813	0	21
2025.11.21	03:48:00	157.377	157.486	157.339	157.476	825	0	21
2025.11.21	04:00:00	157.476	157.479	157.359	157.391	1178	0	21
2025.11.21	04:12:00	157.391	157.451	157.38	157.438	1022	0	21
2025.11.21	04:24:00	157.44	157.449	157.285	157.378	1441	0	21
2025.11.21	04:36:00	157.378	157.413	157.332	157.401	781	0	21
2025.11.21	04:48:00	157.402	157.433	157.334	157.338	548	0	21
2025.11.21	05:00:00	157.338	157.418	157.331	157.383	661	0	21
2025.11.21	05:12:00	157.381	157.406	157.358	157.37	527	0	21
2025.11.21	05:24:00	157.369	157.381	157.354	157.369	565	0	21
2025.11.21	05:36:00	157.37	157.405	157.34	157.404	845	0	21
2025.11.21	05:48:00	157.403	157.403	157.284	157.291	594	0	21
2025.11.21	06:00:00	157.29	157.293	157.073	157.206	1416	0	21
2025.11.21	06:12:00	157.206	157.21	157.113	157.17	1052	0	21
2025.11.21	06:24:00	157.171	157.188	157.121	157.134	770	0	21
2025.11.21	06:36:00	157.135	157.201	157.134	157.189	746	0	21
2025.11.21	06:48:00	157.194	157.283	157.189	157.259	911	0	21
2025.11.21	07:00:00	157.259	157.269	157.163	157.198	692	0	21
2025.11.21	07:12:00	157.202	157.273	157.181	157.27	591	0	21
2025.11.21	07:24:00	157.273	157.293	157.154	157.165	828	0	21
2025.11.21	07:36:00	157.164	157.221	157.159	157.181	894	0	21
2025.11.21	07:48:00	157.179	157.279	157.159	157.215	1121	0	21
2025.11.21	08:00:00	157.216	157.246	157.043	157.085	1420	0	21
2025.11.21	08:12:00	157.086	157.126	157.04	157.119	1546	0	21
2025.11.21	08:24:00	157.118	157.154	157.085	157.15	872	0	21
2025.11.21	08:36:00	157.149	157.195	157.125	157.189	593	0	21
2025.11.21	08:48:00	157.188	157.194	157.151	157.156	610	0	21
2025.11.21	09:00:00	157.159	157.182	157.067	157.073	1051	0	21
2025.11.21	09:12:00	157.072	157.145	157.034	157.058	813	0	21
2025.11.21	09:24:00	157.059	157.07	156.93	156.935	1504	0	21
2025.11.21	09:36:00	156.935	156.935	156.73	156.74	2054	0	21
2025.11.21	09:48:00	156.74	156.778	156.6	156.723	1729	0	21
2025.11.21	10:00:00	156.722	156.831	156.645	156.693	2076	0	21
2025.11.21	10:12:00	156.694	156.765	156.577	156.654	1674	0	21
2025.11.21	10:24:00	156.654	156.744	156.554	156.721	1416	0	21
2025.11.21	10:36:00	156.721	156.822	156.657	156.819	1318	0	21
2025.11.21	10:48:00	156.82	156.941	156.814	156.9	1519	0	21
2025.11.21	11:00:00	156.901	156.926	156.828	156.876	1304	0	21
2025.11.21	11:12:00	156.875	156.941	156.776	156.78	1333	0	21
2025.11.21	11:24:00	156.779	156.843	156.728	156.76	1172	0	21
2025.11.21	11:36:00	156.759	156.781	156.662	156.738	1211	0	21
2025.11.21	11:48:00	156.737	156.788	156.702	156.75	1238	0	21
2025.11.21	12:00:00	156.75	156.756	156.544	156.588	2036	0	21
2025.11.21	12:12:00	156.587	156.649	156.548	156.627	1593	0	21
2025.11.21	12:24:00	156.627	156.738	156.589	156.73	1346	0	21
2025.11.21	12:36:00	156.729	156.738	156.664	156.725	1378	0	21
2025.11.21	12:48:00	156.726	156.808	156.72	156.771	1149	0	21
2025.11.21	13:00:00	156.771	156.839	156.739	156.828	1427	0	21
2025.11.21	13:12:00	156.827	156.884	156.808	156.828	876	0	21
2025.11.21	13:24:00	156.828	156.845	156.759	156.798	782	0	21
2025.11.21	13:36:00	156.797	156.87	156.762	156.768	824	0	21
2025.11.21	13:48:00	156.769	156.851	156.751	156.842	1212	0	21
2025.11.21	14:00:00	156.843	156.844	156.739	156.774	1219	0	21
2025.11.21	14:12:00	156.775	156.883	156.769	156.857	1409	0	21
2025.11.21	14:24:00	156.86	156.884	156.597	156.684	2916	0	21
2025.11.21	14:36:00	156.685	156.765	156.616	156.695	2773	0	21
2025.11.21	14:48:00	156.696	156.858	156.687	156.738	2136	0	21
2025.11.21	15:00:00	156.74	156.792	156.668	156.761	2086	0	21
2025.11.21	15:12:00	156.764	156.838	156.717	156.752	1740	0	21
2025.11.21	15:24:00	156.753	156.833	156.72	156.802	1257	0	21
2025.11.21	15:36:00	156.804	156.854	156.759	156.779	1163	0	21
2025.11.21	15:48:00	156.781	156.811	156.729	156.803	1327	0	21
2025.11.21	16:00:00	156.803	156.83	156.746	156.82	2068	0	21
2025.11.21	16:12:00	156.82	156.857	156.778	156.78	1434	0	21
2025.11.21	16:24:00	156.78	156.936	156.779	156.92	2018	0	21
2025.11.21	16:36:00	156.919	156.955	156.704	156.717	2120	0	21
2025.11.21	16:48:00	156.718	156.754	156.643	156.689	2628	0	21
2025.11.21	17:00:00	156.699	156.705	156.188	156.484	3625	0	21
2025.11.21	17:12:00	156.484	156.493	156.304	156.32	3143	0	21
2025.11.21	17:24:00	156.32	156.505	156.293	156.321	2880	0	21
2025.11.21	17:36:00	156.321	156.509	156.213	156.439	3322	0	21
2025.11.21	17:48:00	156.439	156.545	156.228	156.525	3339	0	21
2025.11.21	18:00:00	156.525	156.66	156.477	156.651	2640	0	21
2025.11.21	18:12:00	156.652	156.744	156.61	156.715	2397	0	21
2025.11.21	18:24:00	156.719	156.741	156.453	156.63	1947	0	21
2025.11.21	18:36:00	156.63	156.688	156.519	156.54	1930	0	21
2025.11.21	18:48:00	156.545	156.568	156.485	156.561	1678	0	21
2025.11.21	19:00:00	156.561	156.581	156.519	156.524	1776	0	21
2025.11.21	19:12:00	156.525	156.71	156.488	156.709	1092	0	21
2025.11.21	19:24:00	156.709	156.72	156.541	156.561	1266	0	21
2025.11.21	19:36:00	156.561	156.575	156.502	156.537	1038	0	21
2025.11.21	19:48:00	156.536	156.574	156.494	156.53	830	0	21
2025.11.21	20:00:00	156.531	156.575	156.513	156.529	802	0	21
2025.11.21	20:12:00	156.529	156.538	156.478	156.479	806	0	21
2025.11.21	20:24:00	156.48	156.537	156.449	156.526	1131	0	21
2025.11.21	20:36:00	156.532	156.549	156.481	156.529	730	0	21
2025.11.21	20:48:00	156.529	156.632	156.527	156.563	1426	0	21
2025.11.21	21:00:00	156.56	156.572	156.427	156.438	1051	0	21
2025.11.21	21:12:00	156.436	156.521	156.435	156.476	677	0	21
2025.11.21	21:24:00	156.477	156.481	156.415	156.424	616	0	21
2025.11.21	21:36:00	156.423	156.424	156.285	156.293	997	0	21
2025.11.21	21:48:00	156.292	156.331	156.251	156.318	854	0	21
2025.11.21	22:00:00	156.318	156.375	156.308	156.369	553	0	21
2025.11.21	22:12:00	156.37	156.429	156.355	156.414	447	0	21
2025.11.21	22:24:00	156.416	156.426	156.351	156.411	924	0	21
2025.11.21	22:36:00	156.412	156.439	156.392	156.422	479	0	21
2025.11.21	22:48:00	156.42	156.425	156.309	156.378	780	0	21
2025.11.21	23:00:00	156.379	156.446	156.352	156.393	426	0	21
2025.11.21	23:12:00	156.393	156.41	156.351	156.39	353	0	21
2025.11.21	23:24:00	156.391	156.491	156.381	156.405	444	0	21
2025.11.21	23:36:00	156.405	156.454	156.396	156.426	422	0	24
2025.11.21	23:48:00	156.427	156.438	156.315	156.392	697	0	26
2025.11.24	00:00:00	156.269	156.419	156.269	156.418	49	0	87
2025.11.24	00:12:00	156.419	156.448	156.409	156.436	170	0	53
2025.11.24	00:24:00	156.438	156.537	156.359	156.535	196	0	42
2025.11.24	00:36:00	156.535	156.56	156.412	156.45	515	0	72
2025.11.24	00:48:00	156.451	156.468	156.449	156.465	58	0	54
2025.11.24	01:00:00	156.463	156.599	156.455	156.547	513	0	23
2025.11.24	01:12:00	156.548	156.609	156.534	156.6	564	0	21
2025.11.24	01:24:00	156.599	156.662	156.585	156.635	675	0	21
2025.11.24	01:36:00	156.636	156.68	156.626	156.676	599	0	21
2025.11.24	01:48:00	156.676	156.701	156.65	156.675	718	0	21
2025.11.24	02:00:00	156.676	156.727	156.65	156.698	1002	0	21
2025.11.24	02:12:00	156.697	156.734	156.683	156.718	914	0	22
2025.11.24	02:24:00	156.719	156.764	156.708	156.761	819	0	21
2025.11.24	02:36:00	156.761	156.784	156.752	156.761	970	0	22
2025.11.24	02:48:00	156.76	156.786	156.723	156.725	977	0	21
2025.11.24	03:00:00	156.725	156.73	156.656	156.662	910	0	21
2025.11.24	03:12:00	156.661	156.718	156.651	156.708	986	0	23
2025.11.24	03:24:00	156.709	156.739	156.627	156.661	1245	0	22
2025.11.24	03:36:00	156.662	156.677	156.637	156.651	766	0	21
2025.11.24	03:48:00	156.65	156.741	156.634	156.711	394	0	21
2025.11.24	04:00:00	156.708	156.725	156.684	156.699	424	0	21
2025.11.24	04:12:00	156.7	156.704	156.639	156.666	658	0	21
2025.11.24	04:24:00	156.669	156.714	156.65	156.655	547	0	21
2025.11.24	04:36:00	156.659	156.668	156.596	156.624	522	0	21
2025.11.24	04:48:00	156.624	156.679	156.614	156.676	583	0	22
2025.11.24	05:00:00	156.676	156.68	156.6	156.641	532	0	21
2025.11.24	05:12:00	156.641	156.67	156.63	156.663	396	0	21
2025.11.24	05:24:00	156.663	156.663	156.578	156.591	455	0	21
2025.11.24	05:36:00	156.591	156.616	156.58	156.601	246	0	21
2025.11.24	05:48:00	156.603	156.633	156.6	156.633	364	0	21
2025.11.24	06:00:00	156.631	156.651	156.613	156.616	348	0	21
2025.11.24	06:12:00	156.615	156.617	156.587	156.605	382	0	21
2025.11.24	06:24:00	156.604	156.606	156.559	156.575	272	0	21
2025.11.24	06:36:00	156.574	156.585	156.562	156.568	304	0	21
2025.11.24	06:48:00	156.568	156.57	156.499	156.542	584	0	21
2025.11.24	07:00:00	156.542	156.555	156.487	156.555	607	0	21
2025.11.24	07:12:00	156.553	156.577	156.515	156.539	569	0	21
2025.11.24	07:24:00	156.538	156.554	156.518	156.519	532	0	22
2025.11.24	07:36:00	156.519	156.539	156.503	156.525	342	0	21
2025.11.24	07:48:00	156.526	156.581	156.524	156.57	495	0	21
2025.11.24	08:00:00	156.571	156.629	156.533	156.612	437	0	21
2025.11.24	08:12:00	156.611	156.652	156.59	156.629	420	0	21
2025.11.24	08:24:00	156.628	156.64	156.584	156.628	525	0	21
2025.11.24	08:36:00	156.627	156.665	156.625	156.64	408	0	22
2025.11.24	08:48:00	156.639	156.727	156.636	156.715	578	0	21
2025.11.24	09:00:00	156.715	156.742	156.665	156.739	796	0	21
2025.11.24	09:12:00	156.739	156.76	156.698	156.699	639	0	21
2025.11.24	09:24:00	156.698	156.766	156.698	156.736	609	0	21
2025.11.24	09:36:00	156.736	156.797	156.72	156.79	626	0	21
2025.11.24	09:48:00	156.791	156.876	156.785	156.83	887	0	21
2025.11.24	10:00:00	156.825	156.825	156.66	156.661	1282	0	21
2025.11.24	10:12:00	156.662	156.76	156.636	156.659	997	0	21
2025.11.24	10:24:00	156.663	156.794	156.66	156.737	992	0	21
2025.11.24	10:36:00	156.737	156.844	156.735	156.836	906	0	21
2025.11.24	10:48:00	156.829	156.924	156.826	156.891	864	0	21
2025.11.24	11:00:00	156.891	156.924	156.823	156.885	834	0	21
2025.11.24	11:12:00	156.892	156.906	156.814	156.815	982	0	21
2025.11.24	11:24:00	156.816	156.816	156.669	156.74	1549	0	21
2025.11.24	11:36:00	156.738	156.756	156.691	156.752	870	0	21
2025.11.24	11:48:00	156.751	156.771	156.728	156.736	867	0	21
2025.11.24	12:00:00	156.737	156.748	156.688	156.713	925	0	21
2025.11.24	12:12:00	156.713	156.771	156.698	156.722	800	0	21
2025.11.24	12:24:00	156.721	156.749	156.688	156.711	797	0	21
2025.11.24	12:36:00	156.713	156.734	156.7	156.71	365	0	21
2025.11.24	12:48:00	156.708	156.75	156.699	156.701	704	0	21
2025.11.24	13:00:00	156.701	156.733	156.689	156.723	413	0	21
2025.11.24	13:12:00	156.724	156.754	156.699	156.724	340	0	21
2025.11.24	13:24:00	156.725	156.736	156.701	156.735	524	0	21
2025.11.24	13:36:00	156.735	156.788	156.718	156.785	728	0	21
2025.11.24	13:48:00	156.787	156.855	156.78	156.825	717	0	21
2025.11.24	14:00:00	156.824	156.855	156.815	156.846	817	0	21
2025.11.24	14:12:00	156.845	156.858	156.809	156.809	531	0	21
2025.11.24	14:24:00	156.81	156.823	156.779	156.788	474	0	21
2025.11.24	14:36:00	156.788	156.834	156.736	156.774	701	0	21
2025.11.24	14:48:00	156.773	156.862	156.77	156.841	631	0	21
2025.11.24	15:00:00	156.84	156.974	156.839	156.956	1158	0	21
2025.11.24	15:12:00	156.963	156.975	156.884	156.898	744	0	21
2025.11.24	15:24:00	156.902	156.944	156.854	156.856	633	0	21
2025.11.24	15:36:00	156.856	156.942	156.856	156.919	538	0	21
2025.11.24	15:48:00	156.919	156.92	156.862	156.904	834	0	21
2025.11.24	16:00:00	156.905	156.964	156.875	156.958	720	0	21
2025.11.24	16:12:00	156.958	157.021	156.954	157.017	777	0	21
2025.11.24	16:24:00	157.016	157.153	157.006	157.095	1421	0	21
2025.11.24	16:36:00	157.096	157.099	157.015	157.067	1574	0	21
2025.11.24	16:48:00	157.065	157.066	156.976	157.039	1508	0	21
2025.11.24	17:00:00	157.04	157.176	157.039	157.141	1390	0	21
2025.11.24	17:12:00	157.14	157.154	157.096	157.1	1201	0	21
2025.11.24	17:24:00	157.099	157.099	156.96	156.977	1107	0	21
2025.11.24	17:36:00	156.976	156.985	156.873	156.951	934	0	21
2025.11.24	17:48:00	156.951	157.006	156.729	156.781	3040	0	21
2025.11.24	18:00:00	156.785	156.865	156.771	156.784	1410	0	21
2025.11.24	18:12:00	156.785	156.839	156.757	156.838	705	0	21
2025.11.24	18:24:00	156.838	156.886	156.827	156.856	576	0	21
2025.11.24	18:36:00	156.855	156.911	156.845	156.881	522	0	21
2025.11.24	18:48:00	156.877	156.935	156.859	156.929	555	0	21
2025.11.24	19:00:00	156.93	156.95	156.909	156.932	704	0	21
2025.11.24	19:12:00	156.932	156.972	156.851	156.943	885	0	21
2025.11.24	19:24:00	156.943	156.945	156.901	156.904	713	0	21
2025.11.24	19:36:00	156.905	156.935	156.86	156.871	803	0	21
2025.11.24	19:48:00	156.87	156.887	156.846	156.874	720	0	21
2025.11.24	20:00:00	156.874	156.874	156.831	156.865	608	0	21
2025.11.24	20:12:00	156.864	156.884	156.85	156.851	361	0	21
2025.11.24	20:24:00	156.851	156.864	156.829	156.832	485	0	21
2025.11.24	20:36:00	156.831	156.834	156.808	156.82	716	0	21
2025.11.24	20:48:00	156.819	156.845	156.776	156.778	570	0	21
2025.11.24	21:00:00	156.779	156.841	156.778	156.839	529	0	21
2025.11.24	21:12:00	156.841	156.868	156.827	156.84	516	0	21
2025.11.24	21:24:00	156.84	156.844	156.783	156.796	426	0	21
2025.11.24	21:36:00	156.796	156.836	156.784	156.822	436	0	21
2025.11.24	21:48:00	156.822	156.833	156.701	156.727	747	0	21
2025.11.24	22:00:00	156.728	156.808	156.721	156.778	710	0	21
2025.11.24	22:12:00	156.779	156.819	156.779	156.798	402	0	21
2025.11.24	22:24:00	156.803	156.835	156.795	156.8	384	0	21
2025.11.24	22:36:00	156.8	156.806	156.782	156.795	662	0	21
2025.11.24	22:48:00	156.796	156.822	156.771	156.82	740	0	21
2025.11.24	23:00:00	156.819	156.857	156.809	156.848	359	0	22
2025.11.24	23:12:00	156.848	156.856	156.836	156.847	141	0	21
2025.11.24	23:24:00	156.847	156.897	156.847	156.891	121	0	23
2025.11.24	23:36:00	156.892	156.892	156.871	156.885	181	0	22
2025.11.24	23:48:00	156.888	156.911	156.863	156.866	860	0	23
2025.11.25	00:00:00	156.824	156.88	156.801	156.84	55	0	55
2025.11.25	00:12:00	156.852	156.886	156.843	156.857	88	0	42
2025.11.25	00:24:00	156.856	156.867	156.835	156.84	95	0	42
2025.11.25	00:36:00	156.839	156.859	156.83	156.833	129	0	22
2025.11.25	00:48:00	156.831	156.854	156.795	156.854	199	0	21
2025.11.25	01:00:00	156.854	156.912	156.839	156.895	279	0	21
2025.11.25	01:12:00	156.897	156.915	156.885	156.908	292	0	24
2025.11.25	01:24:00	156.91	156.914	156.898	156.909	199	0	21
2025.11.25	01:36:00	156.91	156.945	156.908	156.926	498	0	21
2025.11.25	01:48:00	156.927	156.934	156.882	156.896	337	0	21
2025.11.25	02:00:00	156.896	156.896	156.827	156.84	830	0	21
2025.11.25	02:12:00	156.838	156.934	156.807	156.925	761	0	21
2025.11.25	02:24:00	156.924	156.971	156.918	156.93	768	0	21
2025.11.25	02:36:00	156.93	156.953	156.882	156.929	878	0	21
2025.11.25	02:48:00	156.93	156.936	156.663	156.676	1926	0	21
2025.11.25	03:00:00	156.675	156.735	156.592	156.723	1661	0	21
2025.11.25	03:12:00	156.724	156.726	156.569	156.612	1032	0	21
2025.11.25	03:24:00	156.611	156.688	156.543	156.564	946	0	21
2025.11.25	03:36:00	156.565	156.647	156.546	156.644	816	0	21
2025.11.25	03:48:00	156.639	156.683	156.596	156.641	732	0	21
2025.11.25	04:00:00	156.641	156.679	156.598	156.603	844	0	21
2025.11.25	04:12:00	156.603	156.64	156.596	156.631	627	0	21
2025.11.25	04:24:00	156.631	156.682	156.611	156.668	589	0	21
2025.11.25	04:36:00	156.667	156.719	156.648	156.649	446	0	21
2025.11.25	04:48:00	156.648	156.694	156.635	156.663	560	0	21
2025.11.25	05:00:00	156.663	156.663	156.6	156.63	477	0	21
2025.11.25	05:12:00	156.629	156.686	156.627	156.663	428	0	21
2025.11.25	05:24:00	156.662	156.701	156.648	156.687	646	0	21
2025.11.25	05:36:00	156.687	156.74	156.661	156.722	686	0	21
2025.11.25	05:48:00	156.724	156.771	156.72	156.765	740	0	21
2025.11.25	06:00:00	156.765	156.81	156.764	156.807	344	0	21
2025.11.25	06:12:00	156.807	156.838	156.804	156.809	230	0	21
2025.11.25	06:24:00	156.809	156.81	156.781	156.783	191	0	21
2025.11.25	06:36:00	156.783	156.809	156.748	156.795	239	0	21
2025.11.25	06:48:00	156.795	156.796	156.769	156.792	133	0	21
2025.11.25	07:00:00	156.79	156.821	156.781	156.801	268	0	21
2025.11.25	07:12:00	156.801	156.833	156.783	156.793	176	0	21
2025.11.25	07:24:00	156.793	156.797	156.707	156.762	276	0	21
2025.11.25	07:36:00	156.763	156.763	156.706	156.713	234	0	21
2025.11.25	07:48:00	156.713	156.733	156.684	156.722	596	0	21
2025.11.25	08:00:00	156.723	156.787	156.702	156.708	774	0	21
2025.11.25	08:12:00	156.699	156.762	156.683	156.747	518	0	21
2025.11.25	08:24:00	156.751	156.759	156.695	156.749	738	0	21
2025.11.25	08:36:00	156.748	156.748	156.658	156.715	504	0	21
2025.11.25	08:48:00	156.714	156.734	156.662	156.669	512	0	21
2025.11.25	09:00:00	156.674	156.687	156.563	156.564	863	0	21
2025.11.25	09:12:00	156.553	156.633	156.551	156.605	659	0	21
2025.11.25	09:24:00	156.605	156.62	156.512	156.54	744	0	21
2025.11.25	09:36:00	156.54	156.594	156.529	156.58	694	0	21
2025.11.25	09:48:00	156.579	156.664	156.514	156.605	1512	0	21
2025.11.25	10:00:00	156.61	156.692	156.564	156.575	1257	0	21
2025.11.25	10:12:00	156.575	156.66	156.554	156.651	864	0	21
2025.11.25	10:24:00	156.654	156.679	156.557	156.579	765	0	21
2025.11.25	10:36:00	156.578	156.593	156.478	156.53	784	0	21
2025.11.25	10:48:00	156.531	156.532	156.427	156.483	1283	0	21
2025.11.25	11:00:00	156.483	156.484	156.327	156.37	1131	0	21
2025.11.25	11:12:00	156.369	156.411	156.253	156.275	931	0	21
2025.11.25	11:24:00	156.274	156.314	156.225	156.24	897	0	21
2025.11.25	11:36:00	156.239	156.276	156.132	156.203	1161	0	21
2025.11.25	11:48:00	156.204	156.293	156.186	156.289	963	0	21
2025.11.25	12:00:00	156.29	156.32	156.19	156.204	878	0	21
2025.11.25	12:12:00	156.206	156.275	156.192	156.226	873	0	21
2025.11.25	12:24:00	156.225	156.29	156.214	156.289	658	0	21
2025.11.25	12:36:00	156.29	156.375	156.289	156.359	592	0	21
2025.11.25	12:48:00	156.36	156.388	156.321	156.337	573	0	21
2025.11.25	13:00:00	156.338	156.473	156.338	156.457	718	0	21
2025.11.25	13:12:00	156.457	156.479	156.437	156.471	528	0	21
2025.11.25	13:24:00	156.47	156.481	156.443	156.463	547	0	21
2025.11.25	13:36:00	156.464	156.509	156.463	156.469	442	0	21
2025.11.25	13:48:00	156.468	156.481	156.416	156.431	532	0	21
2025.11.25	14:00:00	156.432	156.465	156.385	156.426	801	0	21
2025.11.25	14:12:00	156.426	156.444	156.394	156.433	561	0	21
2025.11.25	14:24:00	156.432	156.436	156.348	156.364	741	0	21
2025.11.25	14:36:00	156.364	156.501	156.355	156.41	1692	0	21
2025.11.25	14:48:00	156.41	156.431	156.285	156.288	1372	0	21
2025.11.25	15:00:00	156.285	156.3	156.134	156.188	1499	0	21
2025.11.25	15:12:00	156.188	156.208	156.017	156.152	1639	0	21
2025.11.25	15:24:00	156.154	156.332	156.019	156.259	1858	0	21
2025.11.25	15:36:00	156.258	156.329	156.136	156.164	1675	0	21
2025.11.25	15:48:00	156.163	156.201	156.114	156.135	1281	0	21
2025.11.25	16:00:00	156.133	156.137	156.025	156.107	1176	0	21
2025.11.25	16:12:00	156.107	156.265	156.104	156.216	1231	0	21
2025.11.25	16:24:00	156.215	156.254	156.155	156.225	1892	0	21
2025.11.25	16:36:00	156.226	156.242	155.931	155.932	2172	0	21
2025.11.25	16:48:00	155.931	156.056	155.887	156.051	2141	0	21
2025.11.25	17:00:00	156.048	156.048	155.882	155.957	2032	0	21
2025.11.25	17:12:00	155.956	156.08	155.902	155.919	2253	0	21
2025.11.25	17:24:00	155.918	156.06	155.895	155.96	1849	0	21
2025.11.25	17:36:00	155.96	156.1	155.91	156.069	1730	0	21
2025.11.25	17:48:00	156.069	156.162	156.017	156.135	2131	0	21
2025.11.25	18:00:00	156.136	156.156	156.074	156.09	1400	0	21
2025.11.25	18:12:00	156.089	156.134	156.051	156.096	1057	0	21
2025.11.25	18:24:00	156.096	156.172	156.084	156.17	863	0	21
2025.11.25	18:36:00	156.17	156.258	156.151	156.25	806	0	21
2025.11.25	18:48:00	156.252	156.302	156.239	156.295	819	0	21
2025.11.25	19:00:00	156.296	156.324	155.996	156.009	2693	0	21
2025.11.25	19:12:00	156.01	156.08	155.794	155.795	1925	0	21
2025.11.25	19:24:00	155.797	155.916	155.791	155.9	1268	0	21
2025.11.25	19:36:00	155.901	155.986	155.9	155.963	1043	0	21
2025.11.25	19:48:00	155.963	155.98	155.856	155.888	896	0	21
2025.11.25	20:00:00	155.887	155.964	155.824	155.924	1354	0	21
2025.11.25	20:12:00	155.921	155.931	155.864	155.883	1348	0	21
2025.11.25	20:24:00	155.883	155.928	155.882	155.886	747	0	21
2025.11.25	20:36:00	155.886	155.922	155.873	155.905	706	0	21
2025.11.25	20:48:00	155.905	155.927	155.886	155.902	543	0	21
2025.11.25	21:00:00	155.903	155.933	155.887	155.918	515	0	21
2025.11.25	21:12:00	155.916	155.946	155.898	155.936	561	0	21
2025.11.25	21:24:00	155.936	155.948	155.908	155.914	441	0	21
2025.11.25	21:36:00	155.915	155.915	155.863	155.884	485	0	21
2025.11.25	21:48:00	155.885	155.901	155.796	155.817	595	0	21
2025.11.25	22:00:00	155.816	155.901	155.808	155.889	592	0	21
2025.11.25	22:12:00	155.89	156.027	155.873	156.027	842	0	21
2025.11.25	22:24:00	156.026	156.114	156.021	156.113	837	0	21
2025.11.25	22:36:00	156.113	156.156	156.094	156.156	601	0	21
2025.11.25	22:48:00	156.155	156.176	156.088	156.089	793	0	21
2025.11.25	23:00:00	156.088	156.104	156.049	156.052	446	0	21
2025.11.25	23:12:00	156.054	156.091	156.053	156.065	293	0	21
2025.11.25	23:24:00	156.065	156.072	156.043	156.065	218	0	21
2025.11.25	23:36:00	156.064	156.074	156.03	156.064	228	0	22
2025.11.25	23:48:00	156.064	156.074	156.016	156.027	636	0	23
2025.11.26	00:00:00	155.901	155.992	155.897	155.937	58	0	90
2025.11.26	00:12:00	155.939	155.945	155.936	155.94	51	0	81
2025.11.26	00:24:00	155.942	156.097	155.938	155.981	152	0	58
2025.11.26	00:36:00	155.981	156.012	155.958	156.003	110	0	61
2025.11.26	00:48:00	156.003	156.021	155.983	156.015	88	0	49
2025.11.26	01:00:00	156.013	156.085	155.999	156.077	502	0	21
2025.11.26	01:12:00	156.076	156.144	156.073	156.135	372	0	21
2025.11.26	01:24:00	156.135	156.136	156.087	156.127	346	0	24
2025.11.26	01:36:00	156.129	156.175	156.113	156.174	515	0	21
2025.11.26	01:48:00	156.179	156.221	156.173	156.187	572	0	22
2025.11.26	02:00:00	156.187	156.198	156.094	156.143	1187	0	21
2025.11.26	02:12:00	156.144	156.249	156.14	156.16	737	0	21
2025.11.26	02:24:00	156.159	156.167	156.083	156.143	741	0	21
2025.11.26	02:36:00	156.144	156.235	156.138	156.201	1230	0	21
2025.11.26	02:48:00	156.201	156.338	156.198	156.244	1571	0	21
2025.11.26	03:00:00	156.244	156.3	156.169	156.294	1258	0	21
2025.11.26	03:12:00	156.293	156.35	156.29	156.315	977	0	21
2025.11.26	03:24:00	156.316	156.362	155.917	155.964	1946	0	21
2025.11.26	03:36:00	155.965	156.109	155.808	156.048	1897	0	21
2025.11.26	03:48:00	156.048	156.054	155.801	155.933	1770	0	21
2025.11.26	04:00:00	155.935	156.01	155.758	155.767	1445	0	21
2025.11.26	04:12:00	155.771	155.823	155.711	155.74	1604	0	21
2025.11.26	04:24:00	155.742	155.799	155.641	155.747	1586	0	21
2025.11.26	04:36:00	155.747	155.814	155.664	155.809	1385	0	21
2025.11.26	04:48:00	155.81	155.844	155.703	155.837	1351	0	21
2025.11.26	05:00:00	155.837	155.857	155.736	155.818	1218	0	21
2025.11.26	05:12:00	155.818	155.892	155.815	155.886	602	0	21
2025.11.26	05:24:00	155.885	155.897	155.75	155.823	953	0	21
2025.11.26	05:36:00	155.823	155.865	155.791	155.859	873	0	21
2025.11.26	05:48:00	155.86	155.895	155.845	155.869	722	0	21
2025.11.26	06:00:00	155.87	155.978	155.865	155.962	742	0	21
2025.11.26	06:12:00	155.961	156.07	155.961	156.048	737	0	21
2025.11.26	06:24:00	156.049	156.115	156.048	156.084	613	0	21
2025.11.26	06:36:00	156.085	156.087	156.025	156.025	660	0	21
2025.11.26	06:48:00	156.026	156.075	156.017	156.027	683	0	21
2025.11.26	07:00:00	156.025	156.111	156.016	156.101	723	0	21
2025.11.26	07:12:00	156.1	156.173	156.093	156.096	828	0	21
2025.11.26	07:24:00	156.095	156.123	156.041	156.065	681	0	21
2025.11.26	07:36:00	156.065	156.149	156.051	156.135	1086	0	21
2025.11.26	07:48:00	156.135	156.146	156.046	156.102	1152	0	21
2025.11.26	08:00:00	156.103	156.186	156.103	156.174	1014	0	21
2025.11.26	08:12:00	156.173	156.173	156.109	156.126	1017	0	21
2025.11.26	08:24:00	156.127	156.146	156.038	156.094	895	0	21
2025.11.26	08:36:00	156.095	156.237	156.095	156.227	1059	0	21
2025.11.26	08:48:00	156.227	156.275	156.195	156.197	832	0	21
2025.11.26	09:00:00	156.197	156.197	156.137	156.189	1260	0	21
2025.11.26	09:12:00	156.188	156.345	156.174	156.333	915	0	21
2025.11.26	09:24:00	156.329	156.436	156.316	156.426	1377	0	21
2025.11.26	09:36:00	156.426	156.452	156.366	156.414	1462	0	21
2025.11.26	09:48:00	156.413	156.443	156.353	156.374	1356	0	21
2025.11.26	10:00:00	156.373	156.438	156.315	156.36	1418	0	21
2025.11.26	10:12:00	156.361	156.428	156.32	156.422	1262	0	21
2025.11.26	10:24:00	156.422	156.424	156.341	156.347	1447	0	21
2025.11.26	10:36:00	156.347	156.39	156.307	156.369	924	0	21
2025.11.26	10:48:00	156.368	156.482	156.365	156.432	1050	0	21
2025.11.26	11:00:00	156.433	156.472	156.348	156.357	1048	0	21
2025.11.26	11:12:00	156.358	156.392	156.325	156.336	713	0	21
2025.11.26	11:24:00	156.336	156.472	156.328	156.367	637	0	21
2025.11.26	11:36:00	156.366	156.409	156.334	156.408	687	0	21
2025.11.26	11:48:00	156.407	156.491	156.388	156.442	1010	0	21
2025.11.26	12:00:00	156.441	156.445	156.316	156.371	1120	0	21
2025.11.26	12:12:00	156.372	156.409	156.333	156.391	647	0	21
2025.11.26	12:24:00	156.391	156.446	156.379	156.389	1031	0	21
2025.11.26	12:36:00	156.39	156.436	156.377	156.404	624	0	21
2025.11.26	12:48:00	156.404	156.5	156.398	156.466	816	0	21
2025.11.26	13:00:00	156.467	156.501	156.42	156.501	748	0	21
2025.11.26	13:12:00	156.5	156.566	156.497	156.54	969	0	21
2025.11.26	13:24:00	156.54	156.563	156.499	156.505	700	0	21
2025.11.26	13:36:00	156.505	156.517	156.367	156.42	1366	0	21
2025.11.26	13:48:00	156.419	156.48	156.399	156.463	1579	0	21
2025.11.26	14:00:00	156.465	156.574	156.448	156.567	2231	0	21
2025.11.26	14:12:00	156.569	156.577	156.458	156.483	1307	0	21
2025.11.26	14:24:00	156.483	156.543	156.436	156.529	919	0	21
2025.11.26	14:36:00	156.53	156.574	156.487	156.507	1049	0	21
2025.11.26	14:48:00	156.508	156.541	156.43	156.468	1217	0	21
2025.11.26	15:00:00	156.467	156.507	156.395	156.413	1204	0	21
2025.11.26	15:12:00	156.413	156.439	156.323	156.344	1172	0	21
2025.11.26	15:24:00	156.342	156.612	156.319	156.612	1623	0	21
2025.11.26	15:36:00	156.613	156.667	156.481	156.629	2741	0	21
2025.11.26	15:48:00	156.628	156.677	156.604	156.651	1836	0	21
2025.11.26	16:00:00	156.652	156.666	156.592	156.632	1483	0	21
2025.11.26	16:12:00	156.634	156.666	156.611	156.666	1016	0	21
2025.11.26	16:24:00	156.665	156.726	156.637	156.642	1268	0	21
2025.11.26	16:36:00	156.64	156.658	156.492	156.555	1176	0	21
2025.11.26	16:48:00	156.556	156.607	156.488	156.597	1749	0	21
2025.11.26	17:00:00	156.603	156.631	156.477	156.504	1628	0	21
2025.11.26	17:12:00	156.505	156.523	156.419	156.465	1421	0	21
2025.11.26	17:24:00	156.464	156.581	156.458	156.527	1338	0	21
2025.11.26	17:36:00	156.526	156.569	156.47	156.497	1062	0	21
2025.11.26	17:48:00	156.498	156.542	156.405	156.405	1635	0	21
2025.11.26	18:00:00	156.404	156.455	156.378	156.434	1316	0	21
2025.11.26	18:12:00	156.434	156.435	156.3	156.336	934	0	21
2025.11.26	18:24:00	156.337	156.387	156.285	156.293	840	0	21
2025.11.26	18:36:00	156.295	156.361	156.276	156.35	630	0	21
2025.11.26	18:48:00	156.351	156.435	156.351	156.373	739	0	21
2025.11.26	19:00:00	156.372	156.375	156.33	156.373	692	0	21
2025.11.26	19:12:00	156.372	156.43	156.357	156.42	519	0	21
2025.11.26	19:24:00	156.42	156.452	156.406	156.446	644	0	21
2025.11.26	19:36:00	156.445	156.452	156.405	156.417	490	0	21
2025.11.26	19:48:00	156.417	156.42	156.381	156.395	589	0	21
2025.11.26	20:00:00	156.395	156.401	156.335	156.346	537	0	21
2025.11.26	20:12:00	156.347	156.421	156.344	156.408	622	0	21
2025.11.26	20:24:00	156.407	156.477	156.383	156.473	523	0	22
2025.11.26	20:36:00	156.475	156.498	156.443	156.48	706	0	21
2025.11.26	20:48:00	156.479	156.482	156.443	156.453	522	0	21
2025.11.26	21:00:00	156.451	156.494	156.443	156.493	440	0	21
2025.11.26	21:12:00	156.492	156.492	156.455	156.477	383	0	21
2025.11.26	21:24:00	156.477	156.482	156.435	156.445	351	0	21
2025.11.26	21:36:00	156.444	156.454	156.418	156.431	543	0	21
2025.11.26	21:48:00	156.431	156.456	156.429	156.446	390	0	21
2025.11.26	22:00:00	156.447	156.483	156.421	156.44	666	0	21
2025.11.26	22:12:00	156.439	156.444	156.411	156.417	723	0	22
2025.11.26	22:24:00	156.416	156.446	156.41	156.433	341	0	21
2025.11.26	22:36:00	156.432	156.433	156.403	156.421	554	0	21
2025.11.26	22:48:00	156.423	156.442	156.396	156.439	683	0	21
2025.11.26	23:00:00	156.437	156.466	156.434	156.449	418	0	21
2025.11.26	23:12:00	156.45	156.468	156.443	156.455	202	0	21
2025.11.26	23:24:00	156.458	156.459	156.415	156.419	186	0	23
2025.11.26	23:36:00	156.419	156.426	156.396	156.42	139	0	24
2025.11.26	23:48:00	156.42	156.457	156.42	156.442	442	0	25
2025.11.27	00:00:00	156.442	156.454	156.371	156.385	77	0	67
2025.11.27	00:12:00	156.395	156.436	156.379	156.433	463	0	59
2025.11.27	00:24:00	156.431	156.436	156.391	156.409	239	0	42
2025.11.27	00:36:00	156.41	156.411	156.395	156.397	142	0	36
2025.11.27	00:48:00	156.396	156.403	156.38	156.399	107	0	44
2025.11.27	01:00:00	156.398	156.402	156.312	156.329	336	0	25
2025.11.27	01:12:00	156.33	156.335	156.315	156.32	105	0	21
2025.11.27	01:24:00	156.321	156.322	156.251	156.254	341	0	22
2025.11.27	01:36:00	156.254	156.332	156.227	156.233	466	0	21
2025.11.27	01:48:00	156.233	156.271	156.206	156.208	420	0	21
2025.11.27	02:00:00	156.207	156.223	156.065	156.133	896	0	21
2025.11.27	02:12:00	156.132	156.159	156.098	156.1	544	0	21
2025.11.27	02:24:00	156.1	156.113	156.035	156.063	458	0	21
2025.11.27	02:36:00	156.063	156.106	156.036	156.054	533	0	21
2025.11.27	02:48:00	156.054	156.079	155.855	156.026	1588	0	21
2025.11.27	03:00:00	156.027	156.028	155.877	155.879	1287	0	21
2025.11.27	03:12:00	155.881	155.944	155.843	155.86	1057	0	21
2025.11.27	03:24:00	155.859	155.894	155.71	155.83	1421	0	21
2025.11.27	03:36:00	155.829	156.167	155.801	156.089	1210	0	21
2025.11.27	03:48:00	156.089	156.095	155.999	156.041	1212	0	21
2025.11.27	04:00:00	156.034	156.041	155.918	155.964	847	0	21
2025.11.27	04:12:00	155.964	156.172	155.954	156.144	879	0	21
2025.11.27	04:24:00	156.143	156.173	156.1	156.124	653	0	21
2025.11.27	04:36:00	156.125	156.128	156.043	156.049	403	0	21
2025.11.27	04:48:00	156.048	156.146	156.045	156.108	745	0	21
2025.11.27	05:00:00	156.108	156.144	156.081	156.102	485	0	21
2025.11.27	05:12:00	156.101	156.12	156.072	156.1	446	0	21
2025.11.27	05:24:00	156.107	156.107	156.03	156.037	392	0	21
2025.11.27	05:36:00	156.037	156.062	156.032	156.039	318	0	21
2025.11.27	05:48:00	156.042	156.085	156.019	156.069	458	0	21
2025.11.27	06:00:00	156.07	156.09	156.037	156.059	448	0	21
2025.11.27	06:12:00	156.055	156.065	156.009	156.05	394	0	21
2025.11.27	06:24:00	156.053	156.077	155.928	155.983	426	0	21
2025.11.27	06:36:00	155.982	156.041	155.946	156.024	378	0	21
2025.11.27	06:48:00	156.031	156.036	155.964	155.996	489	0	21
2025.11.27	07:00:00	155.996	156.002	155.899	155.904	571	0	21
2025.11.27	07:12:00	155.905	155.92	155.805	155.836	875	0	21
2025.11.27	07:24:00	155.835	155.907	155.816	155.87	536	0	21
2025.11.27	07:36:00	155.87	155.937	155.804	155.906	900	0	21
2025.11.27	07:48:00	155.903	155.983	155.855	155.98	1022	0	21
2025.11.27	08:00:00	155.979	156.013	155.902	155.991	970	0	21
2025.11.27	08:12:00	155.991	156.087	155.97	156.064	643	0	21
2025.11.27	08:24:00	156.063	156.152	156.063	156.124	595	0	21
2025.11.27	08:36:00	156.125	156.195	156.108	156.159	687	0	21
2025.11.27	08:48:00	156.158	156.184	156.124	156.125	716	0	21
2025.11.27	09:00:00	156.126	156.216	156.12	156.208	586	0	21
2025.11.27	09:12:00	156.21	156.242	156.172	156.241	570	0	21
2025.11.27	09:24:00	156.241	156.245	156.207	156.224	457	0	21
2025.11.27	09:36:00	156.224	156.289	156.183	156.26	399	0	21
2025.11.27	09:48:00	156.26	156.261	156.097	156.098	655	0	21
2025.11.27	10:00:00	156.097	156.2	156.069	156.146	918	0	21
2025.11.27	10:12:00	156.151	156.293	156.145	156.28	622	0	21
2025.11.27	10:24:00	156.283	156.284	156.149	156.149	811	0	21
2025.11.27	10:36:00	156.15	156.306	156.13	156.303	740	0	21
2025.11.27	10:48:00	156.304	156.354	156.268	156.309	978	0	21
2025.11.27	11:00:00	156.31	156.375	156.31	156.359	936	0	21
2025.11.27	11:12:00	156.358	156.383	156.306	156.383	676	0	21
2025.11.27	11:24:00	156.383	156.393	156.339	156.339	504	0	21
2025.11.27	11:36:00	156.342	156.357	156.3	156.35	567	0	22
2025.11.27	11:48:00	156.35	156.38	156.334	156.346	386	0	21
2025.11.27	12:00:00	156.345	156.349	156.309	156.328	481	0	21
2025.11.27	12:12:00	156.328	156.343	156.281	156.289	426	0	21
2025.11.27	12:24:00	156.29	156.321	156.247	156.316	310	0	21
2025.11.27	12:36:00	156.312	156.317	156.264	156.264	282	0	21
2025.11.27	12:48:00	156.266	156.307	156.259	156.273	395	0	21
2025.11.27	13:00:00	156.274	156.284	156.24	156.268	398	0	21
2025.11.27	13:12:00	156.269	156.299	156.261	156.268	412	0	21
2025.11.27	13:24:00	156.267	156.276	156.252	156.258	370	0	21
2025.11.27	13:36:00	156.259	156.32	156.259	156.319	330	0	21
2025.11.27	13:48:00	156.318	156.339	156.294	156.3	345	0	21
2025.11.27	14:00:00	156.301	156.332	156.289	156.303	600	0	21
2025.11.27	14:12:00	156.303	156.307	156.255	156.285	312	0	21
2025.11.27	14:24:00	156.285	156.306	156.282	156.305	259	0	21
2025.11.27	14:36:00	156.305	156.354	156.291	156.354	485	0	21
2025.11.27	14:48:00	156.353	156.378	156.342	156.365	764	0	21
2025.11.27	15:00:00	156.366	156.371	156.306	156.307	631	0	21
2025.11.27	15:12:00	156.306	156.323	156.277	156.308	288	0	21
2025.11.27	15:24:00	156.307	156.307	156.254	156.282	552	0	21
2025.11.27	15:36:00	156.281	156.322	156.277	156.305	396	0	21
2025.11.27	15:48:00	156.306	156.321	156.234	156.254	629	0	21
2025.11.27	16:00:00	156.253	156.292	156.222	156.286	536	0	21
2025.11.27	16:12:00	156.286	156.288	156.264	156.285	688	0	21
2025.11.27	16:24:00	156.286	156.351	156.285	156.332	583	0	21
2025.11.27	16:36:00	156.332	156.351	156.304	156.319	347	0	21
2025.11.27	16:48:00	156.319	156.33	156.305	156.316	441	0	21
2025.11.27	17:00:00	156.317	156.333	156.275	156.289	451	0	21
2025.11.27	17:12:00	156.29	156.301	156.269	156.28	316	0	21
2025.11.27	17:24:00	156.279	156.293	156.253	156.288	434	0	21
2025.11.27	17:36:00	156.288	156.292	156.245	156.248	351	0	21
2025.11.27	17:48:00	156.249	156.307	156.24	156.295	802	0	21
2025.11.27	18:00:00	156.295	156.347	156.289	156.296	730	0	21
2025.11.27	18:12:00	156.297	156.306	156.272	156.28	916	0	22
2025.11.27	18:24:00	156.283	156.3	156.248	156.278	395	0	21
2025.11.27	18:36:00	156.278	156.295	156.268	156.293	233	0	22
2025.11.27	18:48:00	156.294	156.294	156.254	156.267	196	0	22
2025.11.27	19:00:00	156.266	156.304	156.259	156.295	382	0	22
2025.11.27	19:12:00	156.296	156.334	156.295	156.33	183	0	21
2025.11.27	19:24:00	156.33	156.351	156.315	156.345	403	0	21
2025.11.27	19:36:00	156.345	156.356	156.328	156.351	215	0	22
2025.11.27	19:48:00	156.351	156.352	156.317	156.318	200	0	21
2025.11.27	20:00:00	156.318	156.334	156.313	156.331	141	0	24
2025.11.27	20:12:00	156.33	156.35	156.33	156.341	153	0	24
2025.11.27	20:24:00	156.342	156.357	156.342	156.352	145	0	23
2025.11.27	20:36:00	156.353	156.355	156.339	156.34	148	0	22
2025.11.27	20:48:00	156.339	156.353	156.338	156.349	122	0	23
2025.11.27	21:00:00	156.349	156.351	156.335	156.336	128	0	22
2025.11.27	21:12:00	156.336	156.341	156.335	156.341	63	0	22
2025.11.27	21:24:00	156.341	156.342	156.336	156.34	102	0	21
2025.11.27	21:36:00	156.34	156.343	156.317	156.32	182	0	23
2025.11.27	21:48:00	156.32	156.332	156.311	156.324	328	0	22
2025.11.27	22:00:00	156.324	156.326	156.302	156.315	213	0	22
2025.11.27	22:12:00	156.314	156.316	156.306	156.307	262	0	26
2025.11.27	22:24:00	156.305	156.314	156.264	156.267	251	0	24
2025.11.27	22:36:00	156.266	156.295	156.255	156.276	536	0	22
2025.11.27	22:48:00	156.276	156.311	156.275	156.304	294	0	23
2025.11.27	23:00:00	156.299	156.303	156.287	156.287	245	0	23
2025.11.27	23:12:00	156.286	156.288	156.252	156.254	113	0	24
2025.11.27	23:24:00	156.255	156.284	156.253	156.278	100	0	25
2025.11.27	23:36:00	156.277	156.279	156.262	156.267	119	0	28
2025.11.27	23:48:00	156.266	156.291	156.254	156.254	154	0	28
2025.11.28	00:00:00	156.252	156.287	156.224	156.287	39	0	79
2025.11.28	00:12:00	156.287	156.299	156.284	156.294	68	0	62
2025.11.28	00:24:00	156.294	156.303	156.267	156.27	249	0	39
2025.11.28	00:36:00	156.268	156.277	156.25	156.261	179	0	51
2025.11.28	00:48:00	156.261	156.264	156.248	156.257	127	0	48
2025.11.28	01:00:00	156.257	156.27	156.203	156.205	276	0	21
2025.11.28	01:12:00	156.205	156.23	156.203	156.228	225	0	23
2025.11.28	01:24:00	156.228	156.299	156.191	156.29	354	0	22
2025.11.28	01:36:00	156.291	156.292	156.252	156.279	330	0	23
2025.11.28	01:48:00	156.278	156.296	156.262	156.277	115	0	23
2025.11.28	02:00:00	156.277	156.313	156.18	156.199	723	0	21
2025.11.28	02:12:00	156.199	156.267	156.163	156.236	812	0	21
2025.11.28	02:24:00	156.236	156.347	156.228	156.299	863	0	21
2025.11.28	02:36:00	156.299	156.449	156.238	156.449	1576	0	21
2025.11.28	02:48:00	156.448	156.57	156.409	156.434	2173	0	21
2025.11.28	03:00:00	156.433	156.435	156.309	156.35	1271	0	21
2025.11.28	03:12:00	156.349	156.426	156.334	156.359	1054	0	21
2025.11.28	03:24:00	156.36	156.447	156.359	156.423	693	0	21
2025.11.28	03:36:00	156.423	156.436	156.379	156.384	555	0	21
2025.11.28	03:48:00	156.383	156.397	156.365	156.367	513	0	21
2025.11.28	04:00:00	156.366	156.371	156.323	156.344	677	0	21
2025.11.28	04:12:00	156.343	156.345	156.304	156.307	588	0	21
2025.11.28	04:24:00	156.308	156.314	156.079	156.217	1759	0	21
2025.11.28	04:36:00	156.218	156.271	156.215	156.255	3033	0	21
2025.11.28	04:48:00	156.253	156.333	156.214	156.267	3738	0	21
2025.11.28	05:00:00	156.267	156.296	156.096	156.229	3531	0	24
2025.11.28	05:12:00	156.23	156.294	156.174	156.256	3856	0	24
2025.11.28	05:24:00	156.253	156.281	156.239	156.242	4162	0	21
2025.11.28	05:36:00	156.244	156.27	156.194	156.217	4907	0	25
2025.11.28	05:48:00	156.218	156.264	156.171	156.254	2551	0	25
2025.11.28	06:00:00	156.255	156.274	156.186	156.206	4105	0	24
2025.11.28	06:12:00	156.204	156.235	156.176	156.197	3097	0	24
2025.11.28	06:24:00	156.197	156.232	156.174	156.21	3109	0	24
2025.11.28	06:36:00	156.209	156.233	156.192	156.202	3859	0	24
2025.11.28	06:48:00	156.203	156.237	156.175	156.208	3298	0	23
2025.11.28	07:00:00	156.207	156.296	156.197	156.267	3696	0	21
2025.11.28	07:12:00	156.267	156.386	156.224	156.33	4143	0	21
2025.11.28	07:24:00	156.327	156.368	156.271	156.313	4530	0	21
2025.11.28	07:36:00	156.311	156.352	156.281	156.339	4297	0	21
2025.11.28	07:48:00	156.338	156.391	156.319	156.332	3452	0	24
2025.11.28	08:00:00	156.332	156.385	156.32	156.348	3785	0	23
2025.11.28	08:12:00	156.348	156.426	156.34	156.386	3297	0	21
2025.11.28	08:24:00	156.386	156.396	156.336	156.34	3026	0	21
2025.11.28	08:36:00	156.34	156.41	156.335	156.41	3312	0	21
2025.11.28	08:48:00	156.409	156.421	156.355	156.367	3186	0	21
2025.11.28	09:00:00	156.367	156.385	156.336	156.378	2805	0	23
2025.11.28	09:12:00	156.379	156.382	156.334	156.35	3726	0	22
2025.11.28	09:24:00	156.351	156.39	156.336	156.388	3211	0	21
2025.11.28	09:36:00	156.387	156.389	156.308	156.36	2592	0	21
2025.11.28	09:48:00	156.359	156.387	156.269	156.29	4454	0	21
2025.11.28	10:00:00	156.285	156.372	156.27	156.341	4474	0	21
2025.11.28	10:12:00	156.341	156.37	156.314	156.338	3054	0	21
2025.11.28	10:24:00	156.34	156.358	156.278	156.349	4093	0	22
2025.11.28	10:36:00	156.345	156.355	156.282	156.345	4644	0	21
2025.11.28	10:48:00	156.351	156.359	156.266	156.341	4300	0	21
2025.11.28	11:00:00	156.341	156.362	156.266	156.298	4176	0	21
2025.11.28	11:12:00	156.298	156.339	156.24	156.279	4580	0	21
2025.11.28	11:24:00	156.279	156.333	156.243	156.265	4005	0	21
2025.11.28	11:36:00	156.265	156.307	156.206	156.226	4324	0	25
2025.11.28	11:48:00	156.225	156.352	156.222	156.305	3502	0	26
2025.11.28	12:00:00	156.305	156.334	156.253	156.265	2578	0	21
2025.11.28	12:12:00	156.266	156.368	156.253	156.309	3807	0	21
2025.11.28	12:24:00	156.313	156.347	156.244	156.323	3624	0	21
2025.11.28	12:36:00	156.322	156.326	156.246	156.313	3147	0	26
2025.11.28	12:48:00	156.316	156.32	156.237	156.253	2871	0	21
2025.11.28	13:00:00	156.252	156.287	156.232	156.282	2909	0	21
2025.11.28	13:12:00	156.281	156.284	156.219	156.24	2653	0	26
2025.11.28	13:24:00	156.241	156.25	156.178	156.205	2796	0	23
2025.11.28	13:36:00	156.206	156.264	156.178	156.239	3252	0	21
2025.11.28	13:48:00	156.24	156.259	156.141	156.192	2297	0	24
2025.11.28	14:00:00	156.193	156.248	156.158	156.173	1970	0	21
2025.11.28	14:12:00	156.172	156.226	156.146	156.162	1898	0	21
2025.11.28	14:24:00	156.163	156.164	156.081	156.104	1032	0	21
2025.11.28	14:36:00	156.102	156.145	156.083	156.135	2124	0	21
2025.11.28	14:48:00	156.134	156.146	156.083	156.104	2670	0	21
2025.11.28	15:00:00	156.103	156.129	156.097	156.103	2119	0	21
2025.11.28	15:12:00	156.104	156.138	156.102	156.124	2977	0	21
2025.11.28	15:24:00	156.125	156.141	156.092	156.124	2420	0	21
2025.11.28	15:36:00	156.125	156.146	156.1	156.11	1746	0	21
2025.11.28	15:48:00	156.11	156.111	155.993	156.009	1494	0	21
2025.11.28	16:00:00	156.009	156.038	155.97	156.014	1632	0	21
2025.11.28	16:12:00	156.013	156.165	156.008	156.163	874	0	21
2025.11.28	16:24:00	156.163	156.379	156.162	156.258	1198	0	21
2025.11.28	16:36:00	156.259	156.36	156.221	156.358	1165	0	21
2025.11.28	16:48:00	156.358	156.377	156.215	156.232	1127	0	21
2025.11.28	17:00:00	156.232	156.254	156.137	156.246	822	0	21
2025.11.28	17:12:00	156.247	156.299	156.24	156.268	691	0	21
2025.11.28	17:24:00	156.268	156.295	156.219	156.249	1836	0	21
2025.11.28	17:36:00	156.249	156.329	156.2	156.305	1537	0	21
2025.11.28	17:48:00	156.306	156.321	155.986	156.023	2781	0	21
2025.11.28	18:00:00	156.022	156.136	155.983	156.113	1999	0	21
2025.11.28	18:12:00	156.112	156.179	156.106	156.161	1357	0	21
2025.11.28	18:24:00	156.162	156.184	156.131	156.163	947	0	21
2025.11.28	18:36:00	156.164	156.174	156.116	156.139	659	0	21
2025.11.28	18:48:00	156.14	156.191	156.136	156.165	659	0	22
2025.11.28	19:00:00	156.164	156.252	156.146	156.212	892	0	21
2025.11.28	19:12:00	156.213	156.248	156.196	156.197	738	0	21
2025.11.28	19:24:00	156.197	156.256	156.168	156.17	1019	0	21
2025.11.28	19:36:00	156.169	156.18	156.119	156.175	562	0	21
2025.11.28	19:48:00	156.175	156.208	156.141	156.198	1069	0	22
2025.11.28	20:00:00	156.202	156.226	156.157	156.17	832	0	21
2025.11.28	20:12:00	156.17	156.172	156.121	156.125	693	0	21
2025.11.28	20:24:00	156.125	156.131	156.072	156.106	1003	0	22
2025.11.28	20:36:00	156.105	156.18	156.105	156.15	548	0	23
2025.11.28	20:48:00	156.149	156.152	156.114	156.124	582	0	22
2025.11.28	21:00:00	156.123	156.159	156.116	156.118	1133	0	21
2025.11.28	21:12:00	156.116	156.146	156.099	156.103	567	0	21
2025.11.28	21:24:00	156.102	156.116	156.063	156.091	499	0	21
2025.11.28	21:36:00	156.091	156.098	156.058	156.077	471	0	21
2025.11.28	21:48:00	156.077	156.111	156.068	156.109	665	0	22
2025.11.28	22:00:00	156.108	156.111	156.073	156.09	719	0	21
2025.11.28	22:12:00	156.092	156.102	156.051	156.083	723	0	21
2025.11.28	22:24:00	156.083	156.1	156.067	156.098	672	0	21
2025.11.28	22:36:00	156.096	156.101	156.072	156.072	428	0	22
2025.11.28	22:48:00	156.072	156.139	156.072	156.133	466	0	21
2025.11.28	23:00:00	156.135	156.154	156.11	156.114	736	0	21
2025.11.28	23:12:00	156.113	156.125	156.111	156.117	487	0	22
2025.11.28	23:24:00	156.122	156.127	156.112	156.113	631	0	21
2025.11.28	23:36:00	156.117	156.123	156.087	156.097	142	0	31
2025.11.28	23:48:00	156.098	156.165	156.085	156.158	529	0	21
2025.12.01	00:00:00	156.043	156.108	156.043	156.104	86	0	51
2025.12.01	00:12:00	156.101	156.11	156.073	156.079	132	0	65
2025.12.01	00:24:00	156.08	156.094	156.039	156.039	212	0	37
2025.12.01	00:36:00	156.045	156.084	156.042	156.083	256	0	38
2025.12.01	00:48:00	156.082	156.084	156.048	156.068	312	0	63
2025.12.01	01:00:00	156.06	156.107	156.007	156.032	506	0	21
2025.12.01	01:12:00	156.032	156.089	156.012	156.016	901	0	21
2025.12.01	01:24:00	156.016	156.117	156.013	156.111	1042	0	21
2025.12.01	01:36:00	156.111	156.139	156.052	156.072	612	0	21
2025.12.01	01:48:00	156.073	156.079	155.892	155.896	783	0	21
2025.12.01	02:00:00	155.897	155.899	155.753	155.837	1569	0	21
2025.12.01	02:12:00	155.837	155.883	155.761	155.796	1307	0	21
2025.12.01	02:24:00	155.795	155.799	155.693	155.732	1174	0	21
2025.12.01	02:36:00	155.732	155.756	155.685	155.704	949	0	21
2025.12.01	02:48:00	155.707	155.849	155.663	155.796	1639	0	21
2025.12.01	03:00:00	155.794	155.981	155.471	155.631	2747	0	21
2025.12.01	03:12:00	155.63	155.683	155.515	155.579	1915	0	21
2025.12.01	03:24:00	155.581	155.814	155.539	155.81	1840	0	21
2025.12.01	03:36:00	155.808	155.815	155.67	155.748	1241	0	21
2025.12.01	03:48:00	155.748	155.769	155.524	155.63	1021	0	21
2025.12.01	04:00:00	155.63	155.643	155.523	155.556	1232	0	21
2025.12.01	04:12:00	155.557	155.587	155.514	155.568	963	0	21
2025.12.01	04:24:00	155.569	155.608	155.545	155.566	808	0	21
2025.12.01	04:36:00	155.567	155.573	155.441	155.475	1056	0	21
2025.12.01	04:48:00	155.474	155.496	155.418	155.491	754	0	21
2025.12.01	05:00:00	155.49	155.586	155.488	155.531	652	0	21
2025.12.01	05:12:00	155.531	155.534	155.434	155.464	441	0	21
2025.12.01	05:24:00	155.46	155.497	155.451	155.453	323	0	21
2025.12.01	05:36:00	155.461	155.5	155.402	155.412	521	0	21
2025.12.01	05:48:00	155.411	155.484	155.41	155.451	375	0	21
2025.12.01	06:00:00	155.452	155.468	155.416	155.419	430	0	21
2025.12.01	06:12:00	155.423	155.485	155.419	155.438	485	0	21
2025.12.01	06:24:00	155.439	155.454	155.385	155.405	294	0	21
2025.12.01	06:36:00	155.404	155.558	155.402	155.546	535	0	21
2025.12.01	06:48:00	155.547	155.592	155.508	155.537	648	0	21
2025.12.01	07:00:00	155.536	155.574	155.47	155.506	738	0	21
2025.12.01	07:12:00	155.507	155.513	155.403	155.417	948	0	21
2025.12.01	07:24:00	155.419	155.575	155.399	155.568	617	0	21
2025.12.01	07:36:00	155.57	155.59	155.524	155.544	742	0	21
2025.12.01	07:48:00	155.543	155.607	155.53	155.58	647	0	21
2025.12.01	08:00:00	155.582	155.677	155.58	155.64	885	0	21
2025.12.01	08:12:00	155.642	155.668	155.609	155.647	536	0	21
2025.12.01	08:24:00	155.645	155.681	155.614	155.617	621	0	21
2025.12.01	08:36:00	155.618	155.655	155.547	155.642	932	0	21
2025.12.01	08:48:00	155.643	155.654	155.549	155.552	555	0	21
2025.12.01	09:00:00	155.543	155.616	155.509	155.552	1002	0	21
2025.12.01	09:12:00	155.554	155.572	155.422	155.422	833	0	21
2025.12.01	09:24:00	155.422	155.448	155.374	155.403	794	0	21
2025.12.01	09:36:00	155.403	155.413	155.302	155.33	975	0	21
2025.12.01	09:48:00	155.327	155.38	155.295	155.349	1445	0	21
2025.12.01	10:00:00	155.349	155.426	155.295	155.344	1710	0	21
2025.12.01	10:12:00	155.344	155.368	155.248	155.274	1394	0	21
2025.12.01	10:24:00	155.274	155.474	155.256	155.453	1157	0	21
2025.12.01	10:36:00	155.452	155.549	155.436	155.538	1492	0	21
2025.12.01	10:48:00	155.536	155.545	155.456	155.473	1774	0	21
2025.12.01	11:00:00	155.473	155.474	155.422	155.445	1306	0	21
2025.12.01	11:12:00	155.444	155.522	155.38	155.431	1095	0	21
2025.12.01	11:24:00	155.431	155.435	155.321	155.35	783	0	21
2025.12.01	11:36:00	155.35	155.376	155.266	155.267	1161	0	21
2025.12.01	11:48:00	155.266	155.306	155.25	155.276	1165	0	21
2025.12.01	12:00:00	155.276	155.295	155.22	155.247	856	0	21
2025.12.01	12:12:00	155.251	155.271	155.221	155.223	606	0	21
2025.12.01	12:24:00	155.223	155.234	155.15	155.192	775	0	21
2025.12.01	12:36:00	155.193	155.298	155.193	155.292	707	0	21
2025.12.01	12:48:00	155.291	155.293	155.196	155.243	1086	0	21
2025.12.01	13:00:00	155.244	155.284	155.231	155.27	930	0	21
2025.12.01	13:12:00	155.269	155.331	155.225	155.226	824	0	21
2025.12.01	13:24:00	155.226	155.233	155.151	155.17	1018	0	21
2025.12.01	13:36:00	155.169	155.179	155.12	155.125	643	0	21
2025.12.01	13:48:00	155.133	155.139	155.091	155.096	712	0	21
2025.12.01	14:00:00	155.096	155.14	155.047	155.055	901	0	21
2025.12.01	14:12:00	155.055	155.067	155.004	155.023	909	0	21
2025.12.01	14:24:00	155.023	155.028	154.989	155.003	921	0	21
2025.12.01	14:36:00	155.003	155.005	154.884	154.886	1003	0	21
2025.12.01	14:48:00	154.896	154.898	154.752	154.78	1218	0	21
2025.12.01	15:00:00	154.779	154.802	154.688	154.762	1952	0	21
2025.12.01	15:12:00	154.762	154.84	154.762	154.821	1294	0	21
2025.12.01	15:24:00	154.822	154.866	154.746	154.802	1486	0	21
2025.12.01	15:36:00	154.802	154.807	154.654	154.719	1463	0	21
2025.12.01	15:48:00	154.719	154.886	154.716	154.832	1440	0	21
2025.12.01	16:00:00	154.833	154.993	154.825	154.982	1468	0	21
2025.12.01	16:12:00	154.989	155.001	154.873	154.913	1524	0	21
2025.12.01	16:24:00	154.912	154.985	154.894	154.964	1814	0	21
2025.12.01	16:36:00	154.963	155.002	154.894	154.989	1692	0	21
2025.12.01	16:48:00	154.989	155.052	154.94	154.984	1849	0	21
2025.12.01	17:00:00	154.982	155.127	154.85	155.123	2146	0	21
2025.12.01	17:12:00	155.123	155.133	155.038	155.061	1228	0	21
2025.12.01	17:24:00	155.061	155.116	155.031	155.09	1700	0	21
2025.12.01	17:36:00	155.089	155.187	155.072	155.105	1518	0	21
2025.12.01	17:48:00	155.104	155.132	155.032	155.087	1738	0	21
2025.12.01	18:00:00	155.087	155.176	155.085	155.095	1649	0	21
2025.12.01	18:12:00	155.095	155.244	155.095	155.229	1428	0	21
2025.12.01	18:24:00	155.23	155.283	155.2	155.245	1239	0	21
2025.12.01	18:36:00	155.246	155.294	155.242	155.29	1108	0	21
2025.12.01	18:48:00	155.291	155.303	155.267	155.274	912	0	21
2025.12.01	19:00:00	155.275	155.318	155.25	155.291	852	0	21
2025.12.01	19:12:00	155.29	155.355	155.29	155.335	976	0	21
2025.12.01	19:24:00	155.336	155.35	155.275	155.297	760	0	21
2025.12.01	19:36:00	155.298	155.349	155.273	155.345	680	0	21
2025.12.01	19:48:00	155.346	155.373	155.319	155.34	914	0	21
2025.12.01	20:00:00	155.338	155.385	155.329	155.374	822	0	21
2025.12.01	20:12:00	155.375	155.413	155.362	155.413	457	0	21
2025.12.01	20:24:00	155.412	155.455	155.412	155.448	571	0	21
2025.12.01	20:36:00	155.447	155.484	155.437	155.481	445	0	21
2025.12.01	20:48:00	155.482	155.488	155.463	155.482	565	0	21
2025.12.01	21:00:00	155.483	155.512	155.474	155.503	646	0	21
2025.12.01	21:12:00	155.504	155.512	155.491	155.494	551	0	21
2025.12.01	21:24:00	155.495	155.498	155.468	155.47	385	0	21
2025.12.01	21:36:00	155.471	155.472	155.438	155.457	491	0	21
2025.12.01	21:48:00	155.457	155.5	155.457	155.47	592	0	21
2025.12.01	22:00:00	155.469	155.472	155.433	155.459	616	0	21
2025.12.01	22:12:00	155.457	155.469	155.444	155.465	389	0	21
2025.12.01	22:24:00	155.465	155.501	155.454	155.477	402	0	21
2025.12.01	22:36:00	155.48	155.508	155.479	155.494	317	0	21
2025.12.01	22:48:00	155.494	155.507	155.425	155.435	452	0	21
2025.12.01	23:00:00	155.434	155.446	155.427	155.43	359	0	21
2025.12.01	23:12:00	155.43	155.451	155.427	155.448	261	0	21
2025.12.01	23:24:00	155.448	155.459	155.438	155.447	151	0	21
2025.12.01	23:36:00	155.449	155.496	155.449	155.463	283	0	23
2025.12.01	23:48:00	155.464	155.5	155.417	155.418	641	0	21
2025.12.02	00:00:00	155.417	155.431	155.393	155.429	30	0	86
2025.12.02	00:12:00	155.429	155.452	155.427	155.45	62	0	63
2025.12.02	00:24:00	155.448	155.451	155.442	155.448	85	0	42
2025.12.02	00:36:00	155.447	155.45	155.43	155.438	72	0	34
2025.12.02	00:48:00	155.439	155.443	155.403	155.417	267	0	39
2025.12.02	01:00:00	155.418	155.455	155.418	155.432	270	0	22
2025.12.02	01:12:00	155.432	155.477	155.428	155.471	278	0	21
2025.12.02	01:24:00	155.47	155.486	155.454	155.48	198	0	21
2025.12.02	01:36:00	155.48	155.543	155.472	155.541	222	0	22
2025.12.02	01:48:00	155.541	155.563	155.513	155.551	411	0	21
2025.12.02	02:00:00	155.55	155.55	155.448	155.482	1133	0	21
2025.12.02	02:12:00	155.482	155.641	155.482	155.632	657	0	21
2025.12.02	02:24:00	155.632	155.64	155.55	155.575	771	0	21
2025.12.02	02:36:00	155.576	155.63	155.549	155.604	742	0	21
2025.12.02	02:48:00	155.604	155.669	155.588	155.625	1233	0	21
2025.12.02	03:00:00	155.624	155.733	155.624	155.727	1417	0	21
2025.12.02	03:12:00	155.727	155.763	155.675	155.686	874	0	21
2025.12.02	03:24:00	155.689	155.697	155.625	155.638	635	0	21
2025.12.02	03:36:00	155.638	155.639	155.591	155.602	521	0	21
2025.12.02	03:48:00	155.603	155.635	155.582	155.62	527	0	21
2025.12.02	04:00:00	155.62	155.624	155.58	155.618	454	0	21
2025.12.02	04:12:00	155.614	155.615	155.579	155.604	312	0	21
2025.12.02	04:24:00	155.603	155.638	155.601	155.625	362	0	21
2025.12.02	04:36:00	155.625	155.695	155.623	155.675	339	0	21
2025.12.02	04:48:00	155.675	155.696	155.646	155.649	437	0	21
2025.12.02	05:00:00	155.648	155.709	155.646	155.657	430	0	21
2025.12.02	05:12:00	155.659	155.669	155.644	155.66	263	0	21
2025.12.02	05:24:00	155.66	155.66	155.585	155.601	645	0	21
2025.12.02	05:36:00	155.602	155.625	155.585	155.601	435	0	21
2025.12.02	05:48:00	155.601	155.623	155.548	155.621	730	0	21
2025.12.02	06:00:00	155.621	155.626	155.54	155.563	420	0	21
2025.12.02	06:12:00	155.564	155.611	155.562	155.611	276	0	21
2025.12.02	06:24:00	155.612	155.655	155.612	155.647	340	0	21
2025.12.02	06:36:00	155.648	155.65	155.601	155.613	315	0	21
2025.12.02	06:48:00	155.613	155.643	155.603	155.628	399	0	21
2025.12.02	07:00:00	155.631	155.68	155.621	155.668	560	0	21
2025.12.02	07:12:00	155.668	155.723	155.666	155.691	503	0	21
2025.12.02	07:24:00	155.692	155.697	155.663	155.679	539	0	21
2025.12.02	07:36:00	155.678	155.678	155.621	155.649	403	0	21
2025.12.02	07:48:00	155.649	155.68	155.632	155.643	554	0	21
2025.12.02	08:00:00	155.642	155.737	155.628	155.736	844	0	21
2025.12.02	08:12:00	155.736	155.771	155.713	155.767	599	0	21
2025.12.02	08:24:00	155.766	155.798	155.738	155.74	714	0	21
2025.12.02	08:36:00	155.741	155.807	155.731	155.794	774	0	21
2025.12.02	08:48:00	155.794	155.797	155.749	155.75	488	0	21
2025.12.02	09:00:00	155.749	155.786	155.728	155.779	862	0	21
2025.12.02	09:12:00	155.78	155.804	155.759	155.803	883	0	21
2025.12.02	09:24:00	155.805	155.826	155.781	155.821	536	0	21
2025.12.02	09:36:00	155.821	155.823	155.716	155.731	724	0	21
2025.12.02	09:48:00	155.732	155.765	155.704	155.756	996	0	21
2025.12.02	10:00:00	155.757	155.83	155.755	155.818	1060	0	21
2025.12.02	10:12:00	155.819	155.874	155.803	155.874	794	0	21
2025.12.02	10:24:00	155.875	155.954	155.865	155.907	1105	0	21
2025.12.02	10:36:00	155.906	155.968	155.88	155.918	1018	0	21
2025.12.02	10:48:00	155.918	155.994	155.915	155.983	792	0	21
2025.12.02	11:00:00	155.984	156.006	155.92	155.989	920	0	21
2025.12.02	11:12:00	155.991	156.044	155.972	156.035	1035	0	21
2025.12.02	11:24:00	156.037	156.074	156.008	156.014	832	0	21
2025.12.02	11:36:00	156.018	156.045	155.995	156.023	977	0	21
2025.12.02	11:48:00	156.024	156.033	155.928	155.952	930	0	21
2025.12.02	12:00:00	155.953	155.994	155.925	155.963	648	0	21
2025.12.02	12:12:00	155.964	156.056	155.954	156.035	770	0	21
2025.12.02	12:24:00	156.036	156.048	156.008	156.009	718	0	21
2025.12.02	12:36:00	156.009	156.027	155.992	156.022	514	0	21
2025.12.02	12:48:00	156.022	156.037	155.996	156.024	596	0	21
2025.12.02	13:00:00	156.025	156.039	155.974	155.975	446	0	21
2025.12.02	13:12:00	155.975	155.991	155.962	155.962	504	0	21
2025.12.02	13:24:00	155.962	155.964	155.883	155.89	561	0	21
2025.12.02	13:36:00	155.892	155.978	155.89	155.968	629	0	21
2025.12.02	13:48:00	155.967	155.976	155.904	155.914	559	0	21
2025.12.02	14:00:00	155.913	155.953	155.899	155.942	635	0	21
2025.12.02	14:12:00	155.941	156.007	155.941	155.971	628	0	21
2025.12.02	14:24:00	155.964	155.99	155.946	155.975	831	0	21
2025.12.02	14:36:00	155.976	155.989	155.925	155.94	614	0	21
2025.12.02	14:48:00	155.942	156.019	155.936	155.999	650	0	21
2025.12.02	15:00:00	155.998	156.062	155.994	156.059	811	0	21
2025.12.02	15:12:00	156.06	156.061	155.994	156.025	990	0	21
2025.12.02	15:24:00	156.027	156.047	155.997	156.024	773	0	21
2025.12.02	15:36:00	156.025	156.03	155.968	156.025	876	0	21
2025.12.02	15:48:00	156.026	156.051	155.954	155.964	1007	0	21
2025.12.02	16:00:00	155.963	156.072	155.945	156.055	1395	0	21
2025.12.02	16:12:00	156.056	156.076	156.031	156.041	779	0	21
2025.12.02	16:24:00	156.042	156.043	155.985	156.033	996	0	21
2025.12.02	16:36:00	156.032	156.044	155.987	156.015	1400	0	21
2025.12.02	16:48:00	156.014	156.016	155.92	155.94	1407	0	21
2025.12.02	17:00:00	155.94	156.169	155.936	156.159	1646	0	21
2025.12.02	17:12:00	156.164	156.168	156.062	156.118	1715	0	21
2025.12.02	17:24:00	156.119	156.13	155.828	155.834	1688	0	21
2025.12.02	17:36:00	155.834	155.949	155.809	155.934	1109	0	21
2025.12.02	17:48:00	155.934	155.948	155.843	155.861	1909	0	21
2025.12.02	18:00:00	155.861	155.917	155.84	155.854	1527	0	21
2025.12.02	18:12:00	155.853	155.862	155.769	155.817	1297	0	21
2025.12.02	18:24:00	155.818	155.841	155.742	155.82	1401	0	21
2025.12.02	18:36:00	155.82	155.88	155.807	155.857	849	0	21
2025.12.02	18:48:00	155.857	155.975	155.852	155.909	1416	0	21
2025.12.02	19:00:00	155.908	156.033	155.905	156.017	1124	0	21
2025.12.02	19:12:00	156.024	156.076	156.015	156.035	835	0	21
2025.12.02	19:24:00	156.036	156.037	155.961	155.976	1169	0	21
2025.12.02	19:36:00	155.976	155.997	155.945	155.953	867	0	21
2025.12.02	19:48:00	155.949	155.96	155.916	155.933	1111	0	21
2025.12.02	20:00:00	155.933	155.935	155.9	155.916	1160	0	21
2025.12.02	20:12:00	155.918	155.946	155.914	155.938	807	0	21
2025.12.02	20:24:00	155.938	155.966	155.91	155.964	941	0	21
2025.12.02	20:36:00	155.965	155.989	155.963	155.971	706	0	21
2025.12.02	20:48:00	155.972	156.008	155.969	155.981	911	0	21
2025.12.02	21:00:00	155.981	155.987	155.939	155.958	693	0	21
2025.12.02	21:12:00	155.958	155.961	155.897	155.899	561	0	21
2025.12.02	21:24:00	155.898	155.925	155.882	155.92	556	0	21
2025.12.02	21:36:00	155.919	155.921	155.884	155.904	676	0	21
2025.12.02	21:48:00	155.904	155.929	155.833	155.885	1034	0	21
2025.12.02	22:00:00	155.884	155.885	155.816	155.849	1044	0	21
2025.12.02	22:12:00	155.85	155.881	155.846	155.876	500	0	21
2025.12.02	22:24:00	155.875	155.89	155.864	155.875	817	0	21
2025.12.02	22:36:00	155.875	155.876	155.798	155.798	758	0	21
2025.12.02	22:48:00	155.799	155.831	155.793	155.819	590	0	21
2025.12.02	23:00:00	155.817	155.875	155.816	155.869	403	0	21
2025.12.02	23:12:00	155.876	155.879	155.849	155.854	229	0	21
2025.12.02	23:24:00	155.854	155.89	155.828	155.89	373	0	21
2025.12.02	23:36:00	155.89	155.89	155.86	155.879	302	0	21
2025.12.02	23:48:00	155.883	155.891	155.789	155.789	455	0	25
2025.12.03	00:00:00	155.788	155.788	155.743	155.766	36	0	164
2025.12.03	00:12:00	155.767	155.788	155.762	155.787	73	0	150
2025.12.03	00:24:00	155.787	155.853	155.755	155.853	143	0	51
2025.12.03	00:36:00	155.855	155.855	155.825	155.836	147	0	44
2025.12.03	00:48:00	155.836	155.864	155.813	155.842	170	0	45
2025.12.03	01:00:00	155.843	155.892	155.813	155.823	193	0	21
2025.12.03	01:12:00	155.824	155.86	155.82	155.831	205	0	24
2025.12.03	01:24:00	155.831	155.842	155.798	155.808	414	0	21
2025.12.03	01:36:00	155.808	155.824	155.788	155.814	194	0	21
2025.12.03	01:48:00	155.813	155.822	155.751	155.751	314	0	21
2025.12.03	02:00:00	155.752	155.773	155.657	155.731	1041	0	21
2025.12.03	02:12:00	155.732	155.742	155.676	155.676	495	0	21
2025.12.03	02:24:00	155.677	155.704	155.648	155.69	537	0	21
2025.12.03	02:36:00	155.69	155.771	155.682	155.755	642	0	21
2025.12.03	02:48:00	155.755	155.805	155.719	155.769	1028	0	21
2025.12.03	03:00:00	155.77	155.781	155.67	155.695	745	0	21
2025.12.03	03:12:00	155.694	155.699	155.596	155.609	801	0	21
2025.12.03	03:24:00	155.612	155.659	155.595	155.653	658	0	21
2025.12.03	03:36:00	155.652	155.669	155.599	155.621	502	0	21
2025.12.03	03:48:00	155.62	155.663	155.619	155.645	615	0	21
2025.12.03	04:00:00	155.646	155.7	155.64	155.694	438	0	21
2025.12.03	04:12:00	155.693	155.794	155.693	155.775	624	0	21
2025.12.03	04:24:00	155.774	155.783	155.729	155.736	423	0	21
2025.12.03	04:36:00	155.738	155.77	155.729	155.73	261	0	21
2025.12.03	04:48:00	155.731	155.742	155.693	155.7	472	0	21
2025.12.03	05:00:00	155.699	155.711	155.678	155.702	302	0	21
2025.12.03	05:12:00	155.703	155.717	155.677	155.692	311	0	21
2025.12.03	05:24:00	155.693	155.71	155.665	155.704	366	0	21
2025.12.03	05:36:00	155.704	155.705	155.665	155.666	367	0	21
2025.12.03	05:48:00	155.666	155.682	155.617	155.645	542	0	21
2025.12.03	06:00:00	155.644	155.735	155.643	155.724	371	0	21
2025.12.03	06:12:00	155.724	155.742	155.703	155.714	332	0	21
2025.12.03	06:24:00	155.713	155.726	155.675	155.688	369	0	21
2025.12.03	06:36:00	155.69	155.704	155.668	155.689	304	0	21
2025.12.03	06:48:00	155.689	155.693	155.642	155.65	416	0	21
2025.12.03	07:00:00	155.65	155.66	155.617	155.655	361	0	21
2025.12.03	07:12:00	155.656	155.686	155.63	155.68	405	0	21
2025.12.03	07:24:00	155.681	155.695	155.65	155.654	396	0	21
2025.12.03	07:36:00	155.654	155.674	155.644	155.654	315	0	21
2025.12.03	07:48:00	155.657	155.694	155.649	155.681	431	0	21
2025.12.03	08:00:00	155.681	155.681	155.615	155.624	493	0	21
2025.12.03	08:12:00	155.624	155.638	155.549	155.551	597	0	21
2025.12.03	08:24:00	155.552	155.566	155.499	155.559	919	0	21
2025.12.03	08:36:00	155.558	155.611	155.535	155.589	775	0	21
2025.12.03	08:48:00	155.589	155.622	155.584	155.598	441	0	21
2025.12.03	09:00:00	155.598	155.598	155.503	155.546	766	0	21
2025.12.03	09:12:00	155.546	155.582	155.511	155.579	499	0	21
2025.12.03	09:24:00	155.579	155.664	155.579	155.661	524	0	21
2025.12.03	09:36:00	155.66	155.675	155.627	155.655	676	0	21
2025.12.03	09:48:00	155.655	155.698	155.64	155.675	937	0	21
2025.12.03	10:00:00	155.674	155.731	155.66	155.718	965	0	21
2025.12.03	10:12:00	155.718	155.745	155.675	155.701	574	0	21
2025.12.03	10:24:00	155.702	155.707	155.664	155.703	870	0	21
2025.12.03	10:36:00	155.702	155.734	155.679	155.728	646	0	21
2025.12.03	10:48:00	155.727	155.741	155.652	155.664	712	0	21
2025.12.03	11:00:00	155.663	155.669	155.605	155.612	900	0	21
2025.12.03	11:12:00	155.612	155.658	155.606	155.644	589	0	21
2025.12.03	11:24:00	155.645	155.67	155.593	155.605	562	0	21
2025.12.03	11:36:00	155.606	155.607	155.517	155.551	939	0	21
2025.12.03	11:48:00	155.557	155.611	155.555	155.611	606	0	21
2025.12.03	12:00:00	155.61	155.632	155.556	155.583	858	0	21
2025.12.03	12:12:00	155.584	155.601	155.52	155.547	982	0	21
2025.12.03	12:24:00	155.549	155.556	155.5	155.506	1032	0	21
2025.12.03	12:36:00	155.505	155.535	155.492	155.528	514	0	21
2025.12.03	12:48:00	155.527	155.561	155.496	155.516	947	0	21
2025.12.03	13:00:00	155.515	155.516	155.435	155.464	898	0	21
2025.12.03	13:12:00	155.463	155.476	155.425	155.447	486	0	21
2025.12.03	13:24:00	155.445	155.465	155.412	155.455	540	0	21
2025.12.03	13:36:00	155.456	155.462	155.4	155.427	472	0	21
2025.12.03	13:48:00	155.427	155.452	155.407	155.407	491	0	21
2025.12.03	14:00:00	155.406	155.406	155.349	155.371	734	0	21
2025.12.03	14:12:00	155.371	155.402	155.364	155.385	628	0	21
2025.12.03	14:24:00	155.388	155.421	155.374	155.406	573	0	21
2025.12.03	14:36:00	155.406	155.407	155.351	155.381	490	0	21
2025.12.03	14:48:00	155.381	155.412	155.362	155.404	552	0	21
2025.12.03	15:00:00	155.404	155.435	155.318	155.322	986	0	21
2025.12.03	15:12:00	155.33	155.383	155.192	155.315	1700	0	21
2025.12.03	15:24:00	155.314	155.514	155.302	155.449	1725	0	21
2025.12.03	15:36:00	155.449	155.485	155.352	155.395	1406	0	21
2025.12.03	15:48:00	155.396	155.491	155.39	155.478	1144	0	21
2025.12.03	16:00:00	155.478	155.497	155.268	155.339	2461	0	21
2025.12.03	16:12:00	155.338	155.426	155.311	155.425	1344	0	21
2025.12.03	16:24:00	155.426	155.51	155.387	155.403	1855	0	21
2025.12.03	16:36:00	155.407	155.433	155.344	155.405	1815	0	21
2025.12.03	16:48:00	155.404	155.443	155.339	155.375	1867	0	21
2025.12.03	17:00:00	155.335	155.588	155.288	155.362	2697	0	21
2025.12.03	17:12:00	155.36	155.427	155.242	155.244	2198	0	21
2025.12.03	17:24:00	155.243	155.406	155.207	155.368	2321	0	21
2025.12.03	17:36:00	155.372	155.43	155.294	155.295	1858	0	21
2025.12.03	17:48:00	155.294	155.335	155.2	155.207	1933	0	21
2025.12.03	18:00:00	155.206	155.236	155.091	155.1	1342	0	21
2025.12.03	18:12:00	155.1	155.127	155.032	155.041	1119	0	21
2025.12.03	18:24:00	155.04	155.12	155.001	155.083	1219	0	21
2025.12.03	18:36:00	155.083	155.083	155.026	155.033	953	0	21
2025.12.03	18:48:00	155.033	155.169	155.031	155.158	1132	0	21
2025.12.03	19:00:00	155.157	155.202	155.102	155.155	984	0	21
2025.12.03	19:12:00	155.156	155.159	155.076	155.145	821	0	21
2025.12.03	19:24:00	155.144	155.167	155.124	155.143	759	0	21
2025.12.03	19:36:00	155.142	155.179	155.104	155.119	680	0	21
2025.12.03	19:48:00	155.121	155.164	155.089	155.115	880	0	21
2025.12.03	20:00:00	155.114	155.124	155.063	155.098	780	0	21
2025.12.03	20:12:00	155.098	155.14	155.064	155.131	714	0	21
2025.12.03	20:24:00	155.13	155.135	155.088	155.101	696	0	21
2025.12.03	20:36:00	155.101	155.166	155.08	155.088	620	0	21
2025.12.03	20:48:00	155.088	155.15	155.082	155.113	655	0	21
2025.12.03	21:00:00	155.113	155.135	155.078	155.116	478	0	21
2025.12.03	21:12:00	155.115	155.116	155.068	155.071	766	0	21
2025.12.03	21:24:00	155.071	155.144	155.07	155.139	652	0	21
2025.12.03	21:36:00	155.138	155.153	155.125	155.149	633	0	21
2025.12.03	21:48:00	155.15	155.151	155.1	155.138	674	0	21
2025.12.03	22:00:00	155.138	155.164	155.117	155.118	497	0	21
2025.12.03	22:12:00	155.118	155.166	155.114	155.155	357	0	21
2025.12.03	22:24:00	155.155	155.206	155.152	155.182	390	0	21
2025.12.03	22:36:00	155.183	155.221	155.176	155.216	341	0	21
2025.12.03	22:48:00	155.216	155.238	155.2	155.227	448	0	21
2025.12.03	23:00:00	155.225	155.306	155.222	155.299	212	0	21
2025.12.03	23:12:00	155.299	155.299	155.249	155.249	175	0	21
2025.12.03	23:24:00	155.248	155.273	155.22	155.225	229	0	21
2025.12.03	23:36:00	155.226	155.234	155.195	155.204	330	0	23
2025.12.03	23:48:00	155.205	155.23	155.199	155.199	324	0	26
2025.12.04	00:00:00	155.211	155.216	155.092	155.092	44	0	100
2025.12.04	00:12:00	155.104	155.175	155.092	155.152	91	0	50
2025.12.04	00:24:00	155.153	155.154	155.152	155.154	14	0	64
2025.12.04	00:36:00	155.154	155.186	155.153	155.154	147	0	42
2025.12.04	00:48:00	155.153	155.178	155.102	155.112	475	0	54
2025.12.04	01:00:00	155.112	155.213	155.112	155.198	161	0	22
2025.12.04	01:12:00	155.198	155.231	155.174	155.209	178	0	23
2025.12.04	01:24:00	155.207	155.208	155.098	155.113	434	0	21
2025.12.04	01:36:00	155.113	155.14	155.073	155.086	471	0	21
2025.12.04	01:48:00	155.089	155.125	155.073	155.101	537	0	21
2025.12.04	02:00:00	155.102	155.103	155.009	155.088	960	0	21
2025.12.04	02:12:00	155.087	155.197	155.07	155.145	758	0	21
2025.12.04	02:24:00	155.144	155.227	155.135	155.175	927	0	21
2025.12.04	02:36:00	155.174	155.204	155.144	155.164	859	0	21
2025.12.04	02:48:00	155.161	155.238	155.107	155.108	1285	0	21
2025.12.04	03:00:00	155.107	155.196	155.089	155.154	1177	0	21
2025.12.04	03:12:00	155.152	155.291	155.129	155.287	926	0	21
2025.12.04	03:24:00	155.286	155.398	155.272	155.365	1096	0	21
2025.12.04	03:36:00	155.365	155.365	155.259	155.266	862	0	21
2025.12.04	03:48:00	155.264	155.271	155.229	155.25	664	0	21
2025.12.04	04:00:00	155.249	155.347	155.244	155.309	729	0	21
2025.12.04	04:12:00	155.309	155.378	155.284	155.367	722	0	21
2025.12.04	04:24:00	155.367	155.372	155.342	155.355	586	0	21
2025.12.04	04:36:00	155.355	155.418	155.327	155.33	830	0	21
2025.12.04	04:48:00	155.333	155.413	155.33	155.401	476	0	21
2025.12.04	05:00:00	155.402	155.464	155.402	155.442	537	0	21
2025.12.04	05:12:00	155.443	155.516	155.429	155.504	609	0	21
2025.12.04	05:24:00	155.504	155.52	155.475	155.512	845	0	21
2025.12.04	05:36:00	155.513	155.53	155.413	155.427	620	0	21
2025.12.04	05:48:00	155.427	155.443	155.374	155.379	576	0	21
2025.12.04	06:00:00	155.379	155.381	155.333	155.355	479	0	21
2025.12.04	06:12:00	155.356	155.38	155.342	155.357	336	0	22
2025.12.04	06:24:00	155.356	155.377	155.314	155.368	486	0	21
2025.12.04	06:36:00	155.37	155.424	155.364	155.417	489	0	22
2025.12.04	06:48:00	155.417	155.456	155.417	155.451	455	0	21
2025.12.04	07:00:00	155.452	155.463	155.421	155.452	526	0	21
2025.12.04	07:12:00	155.453	155.494	155.451	155.478	412	0	21
2025.12.04	07:24:00	155.478	155.486	155.276	155.356	816	0	21
2025.12.04	07:36:00	155.354	155.434	155.217	155.247	1791	0	21
2025.12.04	07:48:00	155.248	155.282	155.172	155.211	1304	0	21
2025.12.04	08:00:00	155.21	155.323	155.202	155.293	999	0	21
2025.12.04	08:12:00	155.293	155.391	155.293	155.381	669	0	21
2025.12.04	08:24:00	155.379	155.432	155.335	155.432	557	0	21
2025.12.04	08:36:00	155.432	155.439	155.339	155.355	527	0	21
2025.12.04	08:48:00	155.355	155.359	155.234	155.284	997	0	21
2025.12.04	09:00:00	155.283	155.342	155.242	155.303	1490	0	21
2025.12.04	09:12:00	155.304	155.323	155.267	155.268	868	0	21
2025.12.04	09:24:00	155.269	155.312	155.268	155.301	692	0	21
2025.12.04	09:36:00	155.301	155.301	155.195	155.228	742	0	21
2025.12.04	09:48:00	155.227	155.285	155.198	155.232	1170	0	21
2025.12.04	10:00:00	155.233	155.241	154.867	154.905	1793	0	21
2025.12.04	10:12:00	154.906	154.999	154.794	154.795	1823	0	21
2025.12.04	10:24:00	154.793	154.879	154.761	154.866	1634	0	21
2025.12.04	10:36:00	154.866	154.934	154.817	154.89	1169	0	21
2025.12.04	10:48:00	154.891	154.982	154.857	154.976	979	0	21
2025.12.04	11:00:00	154.978	155.045	154.897	154.933	1134	0	21
2025.12.04	11:12:00	154.934	154.985	154.873	154.895	918	0	21
2025.12.04	11:24:00	154.894	154.924	154.829	154.888	830	0	21
2025.12.04	11:36:00	154.887	154.938	154.859	154.921	969	0	21
2025.12.04	11:48:00	154.922	154.928	154.785	154.802	1010	0	21
2025.12.04	12:00:00	154.805	154.84	154.731	154.768	1241	0	21
2025.12.04	12:12:00	154.77	154.851	154.751	154.841	1051	0	21
2025.12.04	12:24:00	154.839	154.853	154.809	154.813	633	0	21
2025.12.04	12:36:00	154.814	154.88	154.806	154.815	583	0	21
2025.12.04	12:48:00	154.814	154.818	154.729	154.741	695	0	21
2025.12.04	13:00:00	154.74	154.781	154.53	154.577	1279	0	21
2025.12.04	13:12:00	154.574	154.619	154.555	154.595	833	0	21
2025.12.04	13:24:00	154.594	154.594	154.549	154.571	807	0	21
2025.12.04	13:36:00	154.571	154.611	154.541	154.602	679	0	21
2025.12.04	13:48:00	154.601	154.629	154.512	154.518	661	0	21
2025.12.04	14:00:00	154.517	154.604	154.497	154.537	870	0	21
2025.12.04	14:12:00	154.54	154.556	154.518	154.544	602	0	21
2025.12.04	14:24:00	154.544	154.656	154.544	154.607	897	0	21
2025.12.04	14:36:00	154.62	154.759	154.594	154.757	973	0	21
2025.12.04	14:48:00	154.758	154.769	154.641	154.658	1030	0	21
2025.12.04	15:00:00	154.659	154.795	154.65	154.767	1000	0	21
2025.12.04	15:12:00	154.768	154.848	154.757	154.835	977	0	21
2025.12.04	15:24:00	154.834	155.043	154.783	154.863	1877	0	21
2025.12.04	15:36:00	154.86	154.893	154.786	154.805	1882	0	21
2025.12.04	15:48:00	154.805	154.858	154.765	154.791	1751	0	21
2025.12.04	16:00:00	154.792	154.792	154.715	154.755	1548	0	21
2025.12.04	16:12:00	154.754	154.757	154.551	154.559	1632	0	21
2025.12.04	16:24:00	154.56	154.676	154.56	154.676	1841	0	21
2025.12.04	16:36:00	154.676	154.777	154.603	154.754	2095	0	21
2025.12.04	16:48:00	154.755	154.846	154.727	154.749	1547	0	21
2025.12.04	17:00:00	154.753	154.885	154.712	154.815	1996	0	21
2025.12.04	17:12:00	154.814	154.815	154.73	154.742	1272	0	21
2025.12.04	17:24:00	154.742	154.742	154.635	154.643	1575	0	21
2025.12.04	17:36:00	154.643	154.652	154.546	154.609	1342	0	21
2025.12.04	17:48:00	154.606	154.66	154.571	154.625	1400	0	21
2025.12.04	18:00:00	154.623	154.747	154.622	154.731	1403	0	21
2025.12.04	18:12:00	154.729	154.746	154.675	154.682	1071	0	21
2025.12.04	18:24:00	154.683	154.816	154.681	154.814	901	0	21
2025.12.04	18:36:00	154.813	154.901	154.812	154.864	1234	0	21
2025.12.04	18:48:00	154.863	154.907	154.853	154.895	901	0	21
2025.12.04	19:00:00	154.895	154.954	154.882	154.932	1027	0	21
2025.12.04	19:12:00	154.929	154.952	154.9	154.921	673	0	21
2025.12.04	19:24:00	154.92	154.945	154.878	154.936	695	0	21
2025.12.04	19:36:00	154.936	154.95	154.883	154.918	836	0	21
2025.12.04	19:48:00	154.918	154.941	154.909	154.924	677	0	21
2025.12.04	20:00:00	154.925	154.971	154.923	154.968	1041	0	21
2025.12.04	20:12:00	154.969	154.978	154.907	154.909	669	0	21
2025.12.04	20:24:00	154.911	154.947	154.884	154.922	796	0	21
2025.12.04	20:36:00	154.923	154.936	154.895	154.934	970	0	21
2025.12.04	20:48:00	154.933	154.981	154.924	154.975	810	0	21
2025.12.04	21:00:00	154.975	155.01	154.956	155.006	945	0	21
2025.12.04	21:12:00	155.006	155.01	154.944	154.951	742	0	21
2025.12.04	21:24:00	154.949	154.989	154.949	154.974	587	0	21
2025.12.04	21:36:00	154.973	154.989	154.97	154.979	997	0	21
2025.12.04	21:48:00	154.975	155.029	154.972	155.007	781	0	21
2025.12.04	22:00:00	155.008	155.043	154.992	155.017	745	0	21
2025.12.04	22:12:00	155.016	155.017	154.985	154.992	1161	0	21
2025.12.04	22:24:00	154.992	155.035	154.992	155.033	1014	0	21
2025.12.04	22:36:00	155.032	155.072	155.032	155.069	657	0	21
2025.12.04	22:48:00	155.069	155.12	155.063	155.093	681	0	21
2025.12.04	23:00:00	155.093	155.096	155.065	155.076	487	0	21
2025.12.04	23:12:00	155.077	155.12	155.076	155.12	300	0	21
2025.12.04	23:24:00	155.119	155.125	155.107	155.111	176	0	21
2025.12.04	23:36:00	155.11	155.119	155.107	155.116	176	0	21
2025.12.04	23:48:00	155.117	155.13	155.064	155.064	477	0	24
2025.12.05	00:00:00	155.064	155.064	155.004	155.018	42	0	66
2025.12.05	00:12:00	155.019	155.051	154.98	154.987	63	0	48
2025.12.05	00:24:00	154.982	155.044	154.964	155.038	286	0	47
2025.12.05	00:36:00	155.036	155.038	155.023	155.031	66	0	41
2025.12.05	00:48:00	155.031	155.042	155.023	155.026	74	0	39
2025.12.05	01:00:00	155.029	155.13	155.029	155.121	331	0	21
2025.12.05	01:12:00	155.125	155.149	155.118	155.14	313	0	21
2025.12.05	01:24:00	155.14	155.143	155.111	155.114	509	0	24
2025.12.05	01:36:00	155.113	155.119	155.083	155.096	491	0	22
2025.12.05	01:48:00	155.096	155.151	155.095	155.121	467	0	21
2025.12.05	02:00:00	155.121	155.22	155.09	155.182	1228	0	21
2025.12.05	02:12:00	155.182	155.194	155.15	155.173	576	0	21
2025.12.05	02:24:00	155.172	155.176	155.089	155.136	718	0	21
2025.12.05	02:36:00	155.135	155.14	155.076	155.123	751	0	21
2025.12.05	02:48:00	155.123	155.148	154.94	154.957	1216	0	21
2025.12.05	03:00:00	154.957	154.991	154.904	154.935	961	0	21
2025.12.05	03:12:00	154.932	154.982	154.914	154.97	696	0	21
2025.12.05	03:24:00	154.97	155.089	154.958	155.021	842	0	21
2025.12.05	03:36:00	155.02	155.066	154.959	154.965	505	0	21
2025.12.05	03:48:00	154.966	155.036	154.953	155.005	715	0	21
2025.12.05	04:00:00	155.004	155.052	154.995	155.04	641	0	21
2025.12.05	04:12:00	155.041	155.075	155.015	155.064	493	0	21
2025.12.05	04:24:00	155.063	155.087	155.054	155.063	624	0	21
2025.12.05	04:36:00	155.07	155.075	155.011	155.039	387	0	21
2025.12.05	04:48:00	155.039	155.064	155.015	155.04	406	0	21
2025.12.05	05:00:00	155.041	155.054	155.028	155.05	297	0	21
2025.12.05	05:12:00	155.049	155.07	155.031	155.062	286	0	22
2025.12.05	05:24:00	155.062	155.147	155.062	155.113	403	0	21
2025.12.05	05:36:00	155.112	155.124	155.095	155.108	313	0	21
2025.12.05	05:48:00	155.109	155.128	155.1	155.109	287	0	21
2025.12.05	06:00:00	155.108	155.113	155.051	155.052	619	0	21
2025.12.05	06:12:00	155.052	155.063	155.014	155.027	389	0	21
2025.12.05	06:24:00	155.027	155.039	154.784	154.97	1601	0	21
2025.12.05	06:36:00	154.973	155.016	154.922	154.933	852	0	21
2025.12.05	06:48:00	154.934	154.935	154.871	154.909	514	0	21
2025.12.05	07:00:00	154.91	154.91	154.828	154.861	673	0	21
2025.12.05	07:12:00	154.861	154.884	154.772	154.789	680	0	21
2025.12.05	07:24:00	154.788	154.8	154.613	154.631	882	0	21
2025.12.05	07:36:00	154.631	154.631	154.543	154.6	913	0	21
2025.12.05	07:48:00	154.599	154.638	154.533	154.589	1030	0	21
2025.12.05	08:00:00	154.588	154.658	154.574	154.658	687	0	21
2025.12.05	08:12:00	154.657	154.687	154.605	154.616	658	0	21
2025.12.05	08:24:00	154.617	154.663	154.561	154.564	897	0	21
2025.12.05	08:36:00	154.564	154.589	154.447	154.563	1262	0	21
2025.12.05	08:48:00	154.562	154.594	154.514	154.557	966	0	21
2025.12.05	09:00:00	154.555	154.638	154.5	154.538	1333	0	21
2025.12.05	09:12:00	154.534	154.602	154.478	154.526	1182	0	21
2025.12.05	09:24:00	154.538	154.542	154.332	154.422	1507	0	21
2025.12.05	09:36:00	154.422	154.543	154.383	154.51	1319	0	21
2025.12.05	09:48:00	154.509	154.639	154.508	154.618	1454	0	21
2025.12.05	10:00:00	154.619	154.793	154.595	154.792	1736	0	21
2025.12.05	10:12:00	154.793	154.826	154.712	154.733	1241	0	21
2025.12.05	10:24:00	154.733	154.824	154.704	154.785	1443	0	21
2025.12.05	10:36:00	154.784	154.859	154.746	154.854	917	0	21
2025.12.05	10:48:00	154.855	154.882	154.822	154.845	877	0	21
2025.12.05	11:00:00	154.844	154.935	154.821	154.908	755	0	21
2025.12.05	11:12:00	154.908	154.924	154.856	154.895	602	0	21
2025.12.05	11:24:00	154.893	154.943	154.886	154.907	703	0	21
2025.12.05	11:36:00	154.908	154.952	154.903	154.947	672	0	21
2025.12.05	11:48:00	154.951	154.954	154.89	154.904	615	0	21
2025.12.05	12:00:00	154.905	155.022	154.878	155.012	981	0	21
2025.12.05	12:12:00	155.013	155.087	155.008	155.074	1090	0	21
2025.12.05	12:24:00	155.073	155.129	155.051	155.051	863	0	21
2025.12.05	12:36:00	155.051	155.123	155.042	155.109	748	0	21
2025.12.05	12:48:00	155.108	155.162	155.074	155.124	853	0	21
2025.12.05	13:00:00	155.124	155.167	155.11	155.145	749	0	21
2025.12.05	13:12:00	155.146	155.157	155.104	155.109	767	0	21
2025.12.05	13:24:00	155.108	155.212	155.107	155.197	970	0	21
2025.12.05	13:36:00	155.197	155.202	155.144	155.158	766	0	21
2025.12.05	13:48:00	155.159	155.165	155.117	155.132	803	0	21
2025.12.05	14:00:00	155.134	155.139	155.072	155.097	776	0	21
2025.12.05	14:12:00	155.096	155.251	155.073	155.223	1015	0	21
2025.12.05	14:24:00	155.222	155.236	155.157	155.185	1081	0	21
2025.12.05	14:36:00	155.191	155.196	155.12	155.155	1324	0	21
2025.12.05	14:48:00	155.156	155.207	155.144	155.16	1066	0	21
2025.12.05	15:00:00	155.164	155.218	155.136	155.207	1148	0	21
2025.12.05	15:12:00	155.208	155.248	155.197	155.22	1083	0	21
2025.12.05	15:24:00	155.22	155.229	155.124	155.187	997	0	21
2025.12.05	15:36:00	155.19	155.239	155.094	155.159	1553	0	21
2025.12.05	15:48:00	155.159	155.187	155.113	155.185	1179	0	21
2025.12.05	16:00:00	155.184	155.185	155.103	155.133	1268	0	21
2025.12.05	16:12:00	155.134	155.163	155.107	155.112	1206	0	21
2025.12.05	16:24:00	155.113	155.271	155.11	155.221	1555	0	21
2025.12.05	16:36:00	155.221	155.25	155.12	155.157	1894	0	21
2025.12.05	16:48:00	155.156	155.22	155.135	155.208	1133	0	21
2025.12.05	17:00:00	155.207	155.345	155.151	155.221	1922	0	21
2025.12.05	17:12:00	155.22	155.241	155.105	155.165	1759	0	21
2025.12.05	17:24:00	155.166	155.209	155.133	155.173	1321	0	21
2025.12.05	17:36:00	155.172	155.195	155.106	155.173	1391	0	21
2025.12.05	17:48:00	155.173	155.306	155.149	155.242	1752	0	21
2025.12.05	18:00:00	155.243	155.354	155.196	155.354	1264	0	21
2025.12.05	18:12:00	155.354	155.482	155.354	155.389	1723	0	21
2025.12.05	18:24:00	155.39	155.428	155.354	155.363	1226	0	21
2025.12.05	18:36:00	155.362	155.372	155.274	155.309	1222	0	21
2025.12.05	18:48:00	155.309	155.316	155.245	155.288	1413	0	21
2025.12.05	19:00:00	155.289	155.307	155.255	155.259	959	0	21
2025.12.05	19:12:00	155.259	155.29	155.248	155.273	733	0	21
2025.12.05	19:24:00	155.273	155.332	155.273	155.313	756	0	21
2025.12.05	19:36:00	155.312	155.335	155.255	155.279	664	0	21
2025.12.05	19:48:00	155.279	155.3	155.26	155.275	629	0	21
2025.12.05	20:00:00	155.275	155.289	155.229	155.255	666	0	21
2025.12.05	20:12:00	155.248	155.308	155.246	155.29	432	0	21
2025.12.05	20:24:00	155.291	155.309	155.268	155.281	439	0	21
2025.12.05	20:36:00	155.282	155.289	155.254	155.264	676	0	21
2025.12.05	20:48:00	155.265	155.291	155.257	155.271	408	0	21
2025.12.05	21:00:00	155.27	155.312	155.254	155.281	621	0	21
2025.12.05	21:12:00	155.281	155.3	155.268	155.285	563	0	21
2025.12.05	21:24:00	155.284	155.305	155.252	155.259	622	0	21
2025.12.05	21:36:00	155.257	155.285	155.254	155.282	354	0	21
2025.12.05	21:48:00	155.282	155.311	155.276	155.281	550	0	21
2025.12.05	22:00:00	155.28	155.306	155.276	155.29	408	0	21
2025.12.05	22:12:00	155.289	155.301	155.258	155.285	316	0	21
2025.12.05	22:24:00	155.284	155.296	155.275	155.295	265	0	21
2025.12.05	22:36:00	155.296	155.314	155.278	155.296	472	0	21
2025.12.05	22:48:00	155.297	155.313	155.283	155.291	572	0	21
2025.12.05	23:00:00	155.294	155.304	155.279	155.295	328	0	21
2025.12.05	23:12:00	155.295	155.305	155.29	155.294	263	0	22
2025.12.05	23:24:00	155.296	155.325	155.282	155.315	309	0	21
2025.12.05	23:36:00	155.317	155.339	155.313	155.317	176	0	23
2025.12.05	23:48:00	155.316	155.356	155.299	155.341	346	0	27
2025.12.08	00:00:00	155.146	155.198	155.139	155.196	123	0	60
2025.12.08	00:12:00	155.196	155.2	155.173	155.2	27	0	60
2025.12.08	00:24:00	155.2	155.202	155.199	155.202	14	0	58
2025.12.08	00:36:00	155.2	155.203	155.192	155.196	32	0	53
2025.12.08	00:48:00	155.196	155.213	155.193	155.202	91	0	49
2025.12.08	01:00:00	155.198	155.281	155.194	155.228	506	0	21
2025.12.08	01:12:00	155.228	155.266	155.216	155.256	696	0	24
2025.12.08	01:24:00	155.256	155.276	155.228	155.261	952	0	21
2025.12.08	01:36:00	155.257	155.321	155.246	155.311	543	0	21
2025.12.08	01:48:00	155.311	155.37	155.3	155.3	440	0	22
2025.12.08	02:00:00	155.3	155.313	155.129	155.182	1277	0	21
2025.12.08	02:12:00	155.181	155.251	155.158	155.228	701	0	21
2025.12.08	02:24:00	155.227	155.228	155.117	155.133	709	0	21
2025.12.08	02:36:00	155.133	155.166	155.084	155.165	655	0	21
2025.12.08	02:48:00	155.172	155.18	155.05	155.06	1053	0	21
2025.12.08	03:00:00	155.059	155.137	155.026	155.049	1062	0	21
2025.12.08	03:12:00	155.053	155.062	154.962	155.0	947	0	21
2025.12.08	03:24:00	155.0	155.042	154.934	154.955	992	0	21
2025.12.08	03:36:00	154.954	154.984	154.913	154.929	768	0	21
2025.12.08	03:48:00	154.93	154.979	154.9	154.907	877	0	21
2025.12.08	04:00:00	154.904	154.932	154.888	154.929	619	0	21
2025.12.08	04:12:00	154.928	155.028	154.914	154.952	718	0	21
2025.12.08	04:24:00	154.952	155.057	154.948	155.04	663	0	21
2025.12.08	04:36:00	155.04	155.04	154.969	154.973	468	0	21
2025.12.08	04:48:00	154.972	155.005	154.972	154.994	707	0	21
2025.12.08	05:00:00	154.994	155.002	154.963	154.984	386	0	21
2025.12.08	05:12:00	154.984	155.026	154.982	155.019	480	0	21
2025.12.08	05:24:00	155.018	155.041	155.01	155.037	571	0	21
2025.12.08	05:36:00	155.038	155.077	155.034	155.055	392	0	21
2025.12.08	05:48:00	155.054	155.105	155.048	155.091	495	0	21
2025.12.08	06:00:00	155.093	155.111	155.046	155.078	530	0	21
2025.12.08	06:12:00	155.083	155.096	155.048	155.059	449	0	21
2025.12.08	06:24:00	155.06	155.09	155.059	155.068	476	0	23
2025.12.08	06:36:00	155.069	155.094	155.048	155.064	552	0	22
2025.12.08	06:48:00	155.063	155.087	155.048	155.064	311	0	22
2025.12.08	07:00:00	155.063	155.119	155.057	155.118	459	0	21
2025.12.08	07:12:00	155.118	155.184	155.116	155.168	492	0	21
2025.12.08	07:24:00	155.168	155.212	155.164	155.192	468	0	21
2025.12.08	07:36:00	155.193	155.204	155.169	155.19	563	0	21
2025.12.08	07:48:00	155.189	155.257	155.182	155.189	787	0	21
2025.12.08	08:00:00	155.19	155.192	155.093	155.094	1096	0	21
2025.12.08	08:12:00	155.098	155.25	155.098	155.247	763	0	21
2025.12.08	08:24:00	155.247	155.277	155.216	155.22	585	0	21
2025.12.08	08:36:00	155.219	155.255	155.166	155.246	488	0	21
2025.12.08	08:48:00	155.246	155.257	155.198	155.218	613	0	21
2025.12.08	09:00:00	155.218	155.263	155.178	155.179	882	0	21
2025.12.08	09:12:00	155.18	155.238	155.156	155.235	726	0	21
2025.12.08	09:24:00	155.232	155.3	155.211	155.266	920	0	21
2025.12.08	09:36:00	155.266	155.314	155.205	155.305	754	0	21
2025.12.08	09:48:00	155.306	155.342	155.299	155.341	679	0	21
2025.12.08	10:00:00	155.343	155.376	155.25	155.284	1139	0	21
2025.12.08	10:12:00	155.283	155.377	155.275	155.35	1035	0	21
2025.12.08	10:24:00	155.349	155.452	155.347	155.434	1508	0	21
2025.12.08	10:36:00	155.434	155.444	155.412	155.429	575	0	21
2025.12.08	10:48:00	155.43	155.431	155.361	155.38	799	0	21
2025.12.08	11:00:00	155.38	155.51	155.38	155.483	1068	0	21
2025.12.08	11:12:00	155.48	155.532	155.461	155.467	1252	0	21
2025.12.08	11:24:00	155.468	155.51	155.41	155.411	963	0	21
2025.12.08	11:36:00	155.41	155.439	155.399	155.424	790	0	21
2025.12.08	11:48:00	155.423	155.482	155.423	155.465	916	0	21
2025.12.08	12:00:00	155.464	155.511	155.413	155.421	1059	0	21
2025.12.08	12:12:00	155.419	155.446	155.398	155.435	942	0	21
2025.12.08	12:24:00	155.435	155.456	155.399	155.399	719	0	21
2025.12.08	12:36:00	155.399	155.468	155.399	155.462	700	0	21
2025.12.08	12:48:00	155.463	155.519	155.457	155.501	638	0	22
2025.12.08	13:00:00	155.502	155.564	155.487	155.504	679	0	21
2025.12.08	13:12:00	155.504	155.532	155.462	155.52	499	0	21
2025.12.08	13:24:00	155.519	155.533	155.491	155.495	964	0	21
2025.12.08	13:36:00	155.496	155.532	155.487	155.511	763	0	21
2025.12.08	13:48:00	155.508	155.579	155.501	155.575	908	0	21
2025.12.08	14:00:00	155.576	155.643	155.532	155.615	1271	0	21
2025.12.08	14:12:00	155.615	155.631	155.577	155.625	610	0	21
2025.12.08	14:24:00	155.626	155.646	155.594	155.626	678	0	21
2025.12.08	14:36:00	155.626	155.641	155.59	155.604	691	0	21
2025.12.08	14:48:00	155.605	155.608	155.532	155.549	915	0	21
2025.12.08	15:00:00	155.547	155.583	155.49	155.503	988	0	21
2025.12.08	15:12:00	155.503	155.53	155.463	155.513	1231	0	21
2025.12.08	15:24:00	155.514	155.582	155.494	155.579	1317	0	21
2025.12.08	15:36:00	155.58	155.63	155.556	155.567	1224	0	21
2025.12.08	15:48:00	155.566	155.65	155.566	155.616	1093	0	21
2025.12.08	16:00:00	155.616	155.63	155.557	155.559	1181	0	21
2025.12.08	16:12:00	155.559	155.576	155.442	155.483	1328	0	21
2025.12.08	16:24:00	155.484	155.592	155.381	155.589	2007	0	21
2025.12.08	16:36:00	155.589	155.746	155.588	155.721	2076	0	21
2025.12.08	16:48:00	155.719	155.867	155.698	155.814	2266	0	21
2025.12.08	17:00:00	155.814	155.88	155.809	155.834	1707	0	21
2025.12.08	17:12:00	155.836	155.906	155.785	155.786	1600	0	21
2025.12.08	17:24:00	155.785	155.885	155.744	155.877	1449	0	21
2025.12.08	17:36:00	155.878	155.973	155.878	155.963	1321	0	21
2025.12.08	17:48:00	155.964	155.967	155.844	155.847	1563	0	21
2025.12.08	18:00:00	155.846	155.878	155.817	155.857	1119	0	21
2025.12.08	18:12:00	155.857	155.911	155.821	155.911	919	0	21
2025.12.08	18:24:00	155.913	155.945	155.856	155.891	1148	0	21
2025.12.08	18:36:00	155.891	155.922	155.853	155.86	1029	0	21
2025.12.08	18:48:00	155.861	155.909	155.853	155.886	718	0	21
2025.12.08	19:00:00	155.885	155.914	155.874	155.89	688	0	21
2025.12.08	19:12:00	155.891	155.896	155.802	155.808	581	0	21
2025.12.08	19:24:00	155.815	155.823	155.775	155.813	1034	0	21
2025.12.08	19:36:00	155.813	155.841	155.754	155.781	790	0	21
2025.12.08	19:48:00	155.781	155.783	155.715	155.739	873	0	21
2025.12.08	20:00:00	155.738	155.752	155.711	155.746	667	0	21
2025.12.08	20:12:00	155.747	155.765	155.719	155.748	406	0	21
2025.12.08	20:24:00	155.749	155.773	155.73	155.732	457	0	21
2025.12.08	20:36:00	155.732	155.75	155.693	155.701	440	0	21
2025.12.08	20:48:00	155.702	155.746	155.695	155.738	474	0	21
2025.12.08	21:00:00	155.739	155.766	155.725	155.755	413	0	21
2025.12.08	21:12:00	155.755	155.759	155.723	155.738	364	0	21
2025.12.08	21:24:00	155.739	155.822	155.739	155.82	337	0	21
2025.12.08	21:36:00	155.819	155.836	155.783	155.832	597	0	21
2025.12.08	21:48:00	155.833	155.905	155.822	155.899	992	0	21
2025.12.08	22:00:00	155.899	155.905	155.84	155.902	652	0	21
2025.12.08	22:12:00	155.902	155.924	155.899	155.903	415	0	21
2025.12.08	22:24:00	155.904	155.904	155.862	155.877	306	0	21
2025.12.08	22:36:00	155.876	155.891	155.865	155.891	419	0	21
2025.12.08	22:48:00	155.89	155.924	155.874	155.921	416	0	21
2025.12.08	23:00:00	155.922	155.936	155.914	155.931	308	0	21
2025.12.08	23:12:00	155.933	155.938	155.916	155.923	294	0	21
2025.12.08	23:24:00	155.924	155.949	155.914	155.925	448	0	21
2025.12.08	23:36:00	155.925	155.936	155.92	155.92	265	0	21
2025.12.08	23:48:00	155.921	155.931	155.896	155.905	467	0	21
2025.12.09	00:00:00	155.901	155.901	155.799	155.846	24	0	31
2025.12.09	00:12:00	155.846	155.861	155.846	155.853	56	0	63
2025.12.09	00:24:00	155.853	155.856	155.846	155.851	75	0	59
2025.12.09	00:36:00	155.853	155.898	155.851	155.898	66	0	32
2025.12.09	00:48:00	155.898	155.919	155.873	155.898	80	0	28
2025.12.09	01:00:00	155.899	155.945	155.875	155.945	242	0	22
2025.12.09	01:12:00	155.943	155.965	155.933	155.938	210	0	22
2025.12.09	01:24:00	155.938	155.939	155.88	155.897	326	0	22
2025.12.09	01:36:00	155.897	155.926	155.884	155.912	282	0	21
2025.12.09	01:48:00	155.913	155.916	155.827	155.834	392	0	21
2025.12.09	02:00:00	155.837	155.854	155.763	155.804	863	0	21
2025.12.09	02:12:00	155.805	155.867	155.758	155.865	537	0	21
2025.12.09	02:24:00	155.865	155.876	155.821	155.854	413	0	21
2025.12.09	02:36:00	155.855	155.9	155.849	155.869	604	0	21
2025.12.09	02:48:00	155.869	156.01	155.85	155.999	1314	0	21
2025.12.09	03:00:00	155.999	156.025	155.912	155.922	1317	0	21
2025.12.09	03:12:00	155.921	155.941	155.877	155.892	655	0	21
2025.12.09	03:24:00	155.891	155.903	155.818	155.833	577	0	21
2025.12.09	03:36:00	155.834	155.889	155.82	155.846	664	0	21
2025.12.09	03:48:00	155.847	155.856	155.756	155.785	451	0	21
2025.12.09	04:00:00	155.786	155.811	155.732	155.78	494	0	21
2025.12.09	04:12:00	155.781	155.881	155.781	155.849	353	0	21
2025.12.09	04:24:00	155.848	155.852	155.816	155.852	303	0	21
2025.12.09	04:36:00	155.852	155.894	155.843	155.88	462	0	21
2025.12.09	04:48:00	155.879	155.89	155.845	155.858	412	0	21
2025.12.09	05:00:00	155.857	155.878	155.844	155.876	333	0	21
2025.12.09	05:12:00	155.875	155.876	155.847	155.854	307	0	21
2025.12.09	05:24:00	155.855	155.865	155.821	155.854	493	0	21
2025.12.09	05:36:00	155.854	155.856	155.8	155.835	307	0	21
2025.12.09	05:48:00	155.836	155.843	155.791	155.812	208	0	21
2025.12.09	06:00:00	155.812	155.851	155.799	155.85	372	0	21
2025.12.09	06:12:00	155.849	155.881	155.838	155.864	284	0	21
2025.12.09	06:24:00	155.864	155.93	155.863	155.913	370	0	21
2025.12.09	06:36:00	155.914	155.96	155.9	155.956	428	0	21
2025.12.09	06:48:00	155.955	155.974	155.924	155.924	259	0	21
2025.12.09	07:00:00	155.923	156.099	155.919	156.015	744	0	21
2025.12.09	07:12:00	156.015	156.038	155.934	155.939	611	0	21
2025.12.09	07:24:00	155.938	155.941	155.849	155.87	431	0	21
2025.12.09	07:36:00	155.87	155.958	155.853	155.878	721	0	21
2025.12.09	07:48:00	155.877	156.006	155.875	155.998	1431	0	21
2025.12.09	08:00:00	155.997	156.072	155.972	156.05	994	0	21
2025.12.09	08:12:00	156.049	156.115	156.049	156.087	980	0	21
2025.12.09	08:24:00	156.086	156.105	156.006	156.018	758	0	21
2025.12.09	08:36:00	156.017	156.048	155.995	155.995	717	0	21
2025.12.09	08:48:00	155.994	156.019	155.95	155.995	793	0	21
2025.12.09	09:00:00	155.995	156.104	155.973	156.101	747	0	21
2025.12.09	09:12:00	156.1	156.152	156.077	156.098	818	0	21
2025.12.09	09:24:00	156.099	156.134	156.073	156.095	782	0	21
2025.12.09	09:36:00	156.095	156.135	156.024	156.132	805	0	21
2025.12.09	09:48:00	156.132	156.186	156.119	156.181	1023	0	21
2025.12.09	10:00:00	156.181	156.273	156.172	156.269	1559	0	21
2025.12.09	10:12:00	156.268	156.309	156.233	156.3	1085	0	21
2025.12.09	10:24:00	156.299	156.367	156.298	156.364	1253	0	21
2025.12.09	10:36:00	156.364	156.42	156.343	156.37	1113	0	21
2025.12.09	10:48:00	156.37	156.381	156.297	156.323	885	0	21
2025.12.09	11:00:00	156.323	156.329	156.187	156.22	1446	0	21
2025.12.09	11:12:00	156.219	156.223	155.965	155.999	1883	0	21
2025.12.09	11:24:00	155.998	156.096	155.991	156.045	1142	0	21
2025.12.09	11:36:00	156.043	156.109	156.02	156.038	977	0	21
2025.12.09	11:48:00	156.037	156.074	156.015	156.074	1002	0	21
2025.12.09	12:00:00	156.075	156.16	156.074	156.127	1103	0	21
2025.12.09	12:12:00	156.129	156.192	156.127	156.149	976	0	21
2025.12.09	12:24:00	156.148	156.191	156.134	156.162	1236	0	21
2025.12.09	12:36:00	156.16	156.162	156.034	156.063	1016	0	21
2025.12.09	12:48:00	156.062	156.123	156.062	156.063	1134	0	21
2025.12.09	13:00:00	156.063	156.125	156.057	156.12	825	0	21
2025.12.09	13:12:00	156.12	156.138	156.084	156.097	859	0	21
2025.12.09	13:24:00	156.096	156.134	156.061	156.088	1042	0	21
2025.12.09	13:36:00	156.087	156.126	156.08	156.109	762	0	21
2025.12.09	13:48:00	156.108	156.187	156.093	156.177	771	0	21
2025.12.09	14:00:00	156.177	156.269	156.176	156.258	1214	0	21
2025.12.09	14:12:00	156.258	156.283	156.241	156.248	654	0	21
2025.12.09	14:24:00	156.247	156.277	156.24	156.254	584	0	21
2025.12.09	14:36:00	156.253	156.312	156.253	156.28	774	0	21
2025.12.09	14:48:00	156.281	156.346	156.245	156.344	1526	0	21
2025.12.09	15:00:00	156.345	156.365	156.298	156.357	1107	0	21
2025.12.09	15:12:00	156.356	156.411	156.338	156.409	1119	0	21
2025.12.09	15:24:00	156.41	156.503	156.399	156.453	1246	0	21
2025.12.09	15:36:00	156.453	156.459	156.331	156.354	1315	0	21
2025.12.09	15:48:00	156.356	156.391	156.274	156.332	1423	0	21
2025.12.09	16:00:00	156.331	156.368	156.302	156.367	1381	0	21
2025.12.09	16:12:00	156.365	156.502	156.365	156.458	1421	0	21
2025.12.09	16:24:00	156.458	156.522	156.374	156.446	2016	0	21
2025.12.09	16:36:00	156.444	156.498	156.393	156.427	1846	0	21
2025.12.09	16:48:00	156.425	156.456	156.389	156.394	1320	0	21
2025.12.09	17:00:00	156.391	156.847	156.385	156.815	2861	0	21
2025.12.09	17:12:00	156.815	156.815	156.651	156.674	2045	0	21
2025.12.09	17:24:00	156.676	156.687	156.559	156.633	1712	0	21
2025.12.09	17:36:00	156.633	156.843	156.63	156.819	1784	0	21
2025.12.09	17:48:00	156.82	156.905	156.794	156.856	1384	0	21
2025.12.09	18:00:00	156.855	156.909	156.798	156.857	1317	0	21
2025.12.09	18:12:00	156.856	156.903	156.812	156.901	1075	0	21
2025.12.09	18:24:00	156.902	156.906	156.876	156.897	1274	0	21
2025.12.09	18:36:00	156.898	156.902	156.84	156.844	1080	0	21
2025.12.09	18:48:00	156.845	156.876	156.832	156.847	913	0	21
2025.12.09	19:00:00	156.846	156.9	156.819	156.895	634	0	21
2025.12.09	19:12:00	156.895	156.906	156.857	156.859	852	0	21
2025.12.09	19:24:00	156.861	156.9	156.84	156.884	657	0	21
2025.12.09	19:36:00	156.885	156.909	156.864	156.866	660	0	21
2025.12.09	19:48:00	156.868	156.914	156.866	156.906	613	0	21
2025.12.09	20:00:00	156.908	156.911	156.868	156.897	624	0	21
2025.12.09	20:12:00	156.899	156.914	156.88	156.882	363	0	21
2025.12.09	20:24:00	156.883	156.901	156.867	156.899	360	0	21
2025.12.09	20:36:00	156.899	156.915	156.894	156.905	362	0	21
2025.12.09	20:48:00	156.905	156.912	156.883	156.885	377	0	21
2025.12.09	21:00:00	156.885	156.943	156.876	156.932	517	0	21
2025.12.09	21:12:00	156.932	156.942	156.895	156.908	361	0	21
2025.12.09	21:24:00	156.907	156.916	156.849	156.86	497	0	21
2025.12.09	21:36:00	156.861	156.868	156.83	156.858	483	0	21
2025.12.09	21:48:00	156.857	156.861	156.797	156.824	636	0	21
2025.12.09	22:00:00	156.824	156.836	156.809	156.821	548	0	21
2025.12.09	22:12:00	156.82	156.864	156.811	156.851	220	0	21
2025.12.09	22:24:00	156.851	156.902	156.851	156.888	204	0	21
2025.12.09	22:36:00	156.889	156.912	156.88	156.888	217	0	21
2025.12.09	22:48:00	156.888	156.9	156.857	156.888	417	0	21
2025.12.09	23:00:00	156.891	156.925	156.884	156.892	183	0	21
2025.12.09	23:12:00	156.892	156.916	156.892	156.91	175	0	21
2025.12.09	23:24:00	156.91	156.927	156.904	156.922	180	0	21
2025.12.09	23:36:00	156.923	156.93	156.902	156.904	486	0	24
2025.12.09	23:48:00	156.905	156.912	156.84	156.84	480	0	23
2025.12.10	00:00:00	156.842	156.842	156.657	156.809	44	0	73
2025.12.10	00:12:00	156.787	156.864	156.771	156.806	178	0	53
2025.12.10	00:24:00	156.807	156.9	156.787	156.856	145	0	48
2025.12.10	00:36:00	156.859	156.866	156.849	156.863	159	0	42
2025.12.10	00:48:00	156.862	156.865	156.804	156.823	188	0	39
2025.12.10	01:00:00	156.818	156.9	156.787	156.825	317	0	22
2025.12.10	01:12:00	156.825	156.852	156.824	156.84	197	0	25
2025.12.10	01:24:00	156.84	156.851	156.826	156.83	264	0	25
2025.12.10	01:36:00	156.83	156.865	156.801	156.831	272	0	21
2025.12.10	01:48:00	156.831	156.854	156.793	156.793	227	0	22
2025.12.10	02:00:00	156.792	156.858	156.763	156.817	700	0	21
2025.12.10	02:12:00	156.817	156.891	156.77	156.869	654	0	21
2025.12.10	02:24:00	156.869	156.924	156.845	156.859	645	0	21
2025.12.10	02:36:00	156.859	156.878	156.805	156.806	501	0	21
2025.12.10	02:48:00	156.806	156.884	156.691	156.704	1351	0	21
2025.12.10	03:00:00	156.704	156.737	156.659	156.718	1008	0	21
2025.12.10	03:12:00	156.719	156.733	156.659	156.707	644	0	21
2025.12.10	03:24:00	156.707	156.759	156.704	156.721	702	0	21
2025.12.10	03:36:00	156.722	156.746	156.698	156.72	707	0	21
2025.12.10	03:48:00	156.719	156.724	156.662	156.696	750	0	21
2025.12.10	04:00:00	156.697	156.698	156.624	156.639	495	0	21
2025.12.10	04:12:00	156.64	156.658	156.62	156.646	401	0	21
2025.12.10	04:24:00	156.647	156.677	156.634	156.634	296	0	22
2025.12.10	04:36:00	156.635	156.672	156.633	156.672	240	0	22
2025.12.10	04:48:00	156.67	156.713	156.638	156.644	465	0	21
2025.12.10	05:00:00	156.644	156.671	156.633	156.641	380	0	21
2025.12.10	05:12:00	156.64	156.651	156.582	156.598	484	0	21
2025.12.10	05:24:00	156.598	156.62	156.569	156.571	348	0	21
2025.12.10	05:36:00	156.57	156.586	156.547	156.575	367	0	21
2025.12.10	05:48:00	156.574	156.585	156.55	156.579	377	0	21
2025.12.10	06:00:00	156.579	156.613	156.576	156.61	238	0	21
2025.12.10	06:12:00	156.611	156.634	156.583	156.633	225	0	21
2025.12.10	06:24:00	156.633	156.652	156.629	156.645	180	0	21
2025.12.10	06:36:00	156.644	156.645	156.57	156.573	224	0	21
2025.12.10	06:48:00	156.573	156.617	156.573	156.614	217	0	22
2025.12.10	07:00:00	156.615	156.62	156.595	156.601	307	0	21
2025.12.10	07:12:00	156.601	156.629	156.584	156.625	265	0	21
2025.12.10	07:24:00	156.624	156.657	156.619	156.627	543	0	21
2025.12.10	07:36:00	156.627	156.661	156.608	156.658	366	0	21
2025.12.10	07:48:00	156.657	156.709	156.641	156.694	514	0	21
2025.12.10	08:00:00	156.694	156.728	156.681	156.689	465	0	21
2025.12.10	08:12:00	156.69	156.738	156.684	156.735	291	0	21
2025.12.10	08:24:00	156.735	156.744	156.685	156.72	394	0	21
2025.12.10	08:36:00	156.721	156.754	156.705	156.737	301	0	21
2025.12.10	08:48:00	156.737	156.737	156.649	156.66	504	0	21
2025.12.10	09:00:00	156.66	156.687	156.64	156.67	515	0	21
2025.12.10	09:12:00	156.671	156.673	156.634	156.66	468	0	21
2025.12.10	09:24:00	156.66	156.734	156.66	156.732	382	0	21
2025.12.10	09:36:00	156.732	156.741	156.695	156.715	454	0	21
2025.12.10	09:48:00	156.716	156.724	156.625	156.642	1282	0	21
2025.12.10	10:00:00	156.642	156.669	156.568	156.661	939	0	21
2025.12.10	10:12:00	156.66	156.696	156.618	156.635	737	0	21
2025.12.10	10:24:00	156.634	156.635	156.589	156.591	694	0	21
2025.12.10	10:36:00	156.592	156.66	156.588	156.646	758	0	21
2025.12.10	10:48:00	156.646	156.682	156.635	156.662	759	0	21
2025.12.10	11:00:00	156.663	156.716	156.663	156.703	747	0	21
2025.12.10	11:12:00	156.703	156.799	156.7	156.799	707	0	21
2025.12.10	11:24:00	156.799	156.822	156.777	156.81	490	0	21
2025.12.10	11:36:00	156.81	156.845	156.794	156.822	646	0	21
2025.12.10	11:48:00	156.822	156.877	156.805	156.807	956	0	21
2025.12.10	12:00:00	156.808	156.847	156.766	156.773	864	0	21
2025.12.10	12:12:00	156.773	156.795	156.738	156.791	611	0	21
2025.12.10	12:24:00	156.792	156.817	156.729	156.747	769	0	21
2025.12.10	12:36:00	156.747	156.773	156.727	156.747	864	0	21
2025.12.10	12:48:00	156.746	156.772	156.732	156.758	921	0	21
2025.12.10	13:00:00	156.758	156.76	156.678	156.722	865	0	21
2025.12.10	13:12:00	156.722	156.752	156.708	156.719	647	0	21
2025.12.10	13:24:00	156.72	156.725	156.684	156.711	531	0	21
2025.12.10	13:36:00	156.711	156.739	156.71	156.722	387	0	21
2025.12.10	13:48:00	156.723	156.766	156.698	156.699	393	0	21
2025.12.10	14:00:00	156.699	156.723	156.662	156.714	468	0	21
2025.12.10	14:12:00	156.715	156.745	156.699	156.744	291	0	21
2025.12.10	14:24:00	156.744	156.745	156.682	156.687	519	0	21
2025.12.10	14:36:00	156.692	156.71	156.679	156.684	310	0	21
2025.12.10	14:48:00	156.685	156.711	156.673	156.704	569	0	21
2025.12.10	15:00:00	156.705	156.705	156.639	156.675	735	0	21
2025.12.10	15:12:00	156.676	156.707	156.645	156.664	869	0	21
2025.12.10	15:24:00	156.664	156.684	156.571	156.59	1082	0	21
2025.12.10	15:36:00	156.589	156.639	156.569	156.574	861	0	21
2025.12.10	15:48:00	156.574	156.605	156.54	156.541	920	0	21
2025.12.10	16:00:00	156.54	156.582	156.49	156.504	986	0	21
2025.12.10	16:12:00	156.503	156.614	156.499	156.579	924	0	21
2025.12.10	16:24:00	156.579	156.617	156.54	156.575	1197	0	21
2025.12.10	16:36:00	156.574	156.611	156.474	156.475	893	0	21
2025.12.10	16:48:00	156.474	156.504	156.428	156.488	1620	0	21
2025.12.10	17:00:00	156.487	156.487	156.341	156.387	1042	0	21
2025.12.10	17:12:00	156.385	156.461	156.376	156.415	1083	0	21
2025.12.10	17:24:00	156.416	156.441	156.372	156.417	1002	0	21
2025.12.10	17:36:00	156.417	156.472	156.406	156.441	820	0	21
2025.12.10	17:48:00	156.44	156.522	156.439	156.467	923	0	21
2025.12.10	18:00:00	156.47	156.478	156.407	156.449	1014	0	21
2025.12.10	18:12:00	156.448	156.453	156.367	156.367	908	0	21
2025.12.10	18:24:00	156.368	156.379	156.328	156.346	938	0	21
2025.12.10	18:36:00	156.345	156.346	156.314	156.339	689	0	21
2025.12.10	18:48:00	156.339	156.392	156.322	156.325	803	0	21
2025.12.10	19:00:00	156.325	156.386	156.323	156.341	711	0	21
2025.12.10	19:12:00	156.341	156.344	156.253	156.267	672	0	21
2025.12.10	19:24:00	156.267	156.307	156.249	156.295	404	0	21
2025.12.10	19:36:00	156.295	156.311	156.269	156.307	546	0	21
2025.12.10	19:48:00	156.307	156.313	156.234	156.294	599	0	21
2025.12.10	20:00:00	156.296	156.333	156.285	156.322	453	0	21
2025.12.10	20:12:00	156.321	156.393	156.32	156.378	402	0	21
2025.12.10	20:24:00	156.378	156.394	156.33	156.391	497	0	21
2025.12.10	20:36:00	156.39	156.467	156.374	156.4	651	0	21
2025.12.10	20:48:00	156.401	156.429	156.382	156.406	717	0	21
2025.12.10	21:00:00	156.391	156.432	156.089	156.24	3256	0	21
2025.12.10	21:12:00	156.239	156.403	156.23	156.394	1907	0	21
2025.12.10	21:24:00	156.394	156.522	156.13	156.349	2465	0	21
2025.12.10	21:36:00	156.348	156.665	156.265	156.605	3832	0	21
2025.12.10	21:48:00	156.603	156.644	156.194	156.248	2748	0	21
2025.12.10	22:00:00	156.249	156.297	155.849	155.938	2797	0	21
2025.12.10	22:12:00	155.938	155.968	155.783	155.96	2175	0	21
2025.12.10	22:24:00	155.96	156.021	155.844	156.017	1972	0	21
2025.12.10	22:36:00	156.016	156.018	155.88	155.927	1238	0	21
2025.12.10	22:48:00	155.927	155.949	155.883	155.921	1106	0	21
2025.12.10	23:00:00	155.92	155.976	155.917	155.966	575	0	21
2025.12.10	23:12:00	155.966	156.016	155.955	156.013	392	0	21
2025.12.10	23:24:00	156.012	156.079	155.969	156.062	386	0	21
2025.12.10	23:36:00	156.062	156.086	156.026	156.051	377	0	24
2025.12.10	23:48:00	156.052	156.07	155.972	155.992	667	0	25
2025.12.11	00:00:00	155.851	155.977	155.832	155.977	44	0	52
2025.12.11	00:12:00	155.986	155.99	155.879	155.897	130	0	64
2025.12.11	00:24:00	155.896	155.94	155.883	155.938	49	0	55
2025.12.11	00:36:00	155.938	155.959	155.936	155.95	66	0	49
2025.12.11	00:48:00	155.95	156.013	155.948	156.002	1161	0	38
2025.12.11	01:00:00	155.993	156.014	155.927	155.943	237	0	21
2025.12.11	01:12:00	155.944	155.945	155.843	155.845	299	0	23
2025.12.11	01:24:00	155.848	155.848	155.746	155.748	506	0	21
2025.12.11	01:36:00	155.747	155.747	155.617	155.707	734	0	21
2025.12.11	01:48:00	155.706	155.791	155.649	155.739	598	0	21
2025.12.11	02:00:00	155.74	155.766	155.559	155.615	1426	0	21
2025.12.11	02:12:00	155.616	155.646	155.566	155.605	897	0	21
2025.12.11	02:24:00	155.605	155.67	155.593	155.656	844	0	21
2025.12.11	02:36:00	155.655	155.785	155.62	155.764	711	0	21
2025.12.11	02:48:00	155.764	155.874	155.723	155.794	1457	0	21
2025.12.11	03:00:00	155.795	155.812	155.655	155.667	1262	0	21
2025.12.11	03:12:00	155.668	155.718	155.63	155.631	922	0	21
2025.12.11	03:24:00	155.632	155.666	155.559	155.625	916	0	21
2025.12.11	03:36:00	155.63	155.691	155.617	155.68	775	0	21
2025.12.11	03:48:00	155.686	155.731	155.641	155.708	778	0	21
2025.12.11	04:00:00	155.707	155.711	155.568	155.668	832	0	21
2025.12.11	04:12:00	155.668	155.688	155.555	155.583	758	0	21
2025.12.11	04:24:00	155.582	155.639	155.477	155.577	1159	0	21
2025.12.11	04:36:00	155.588	155.671	155.564	155.665	869	0	21
2025.12.11	04:48:00	155.666	155.765	155.617	155.761	731	0	21
2025.12.11	05:00:00	155.762	155.765	155.652	155.652	1062	0	21
2025.12.11	05:12:00	155.652	155.725	155.626	155.724	910	0	21
2025.12.11	05:24:00	155.728	155.776	155.702	155.732	801	0	21
2025.12.11	05:36:00	155.733	155.739	155.631	155.663	779	0	21
2025.12.11	05:48:00	155.664	155.691	155.642	155.685	683	0	21
2025.12.11	06:00:00	155.686	155.701	155.607	155.701	577	0	21
2025.12.11	06:12:00	155.701	155.772	155.701	155.762	634	0	21
2025.12.11	06:24:00	155.762	155.775	155.722	155.723	366	0	21
2025.12.11	06:36:00	155.724	155.792	155.724	155.785	403	0	21
2025.12.11	06:48:00	155.786	155.847	155.751	155.834	696	0	21
2025.12.11	07:00:00	155.833	155.886	155.824	155.885	612	0	21
2025.12.11	07:12:00	155.885	155.944	155.878	155.922	504	0	21
2025.12.11	07:24:00	155.921	155.921	155.879	155.908	478	0	21
2025.12.11	07:36:00	155.908	155.991	155.886	155.972	539	0	21
2025.12.11	07:48:00	155.973	156.062	155.968	156.053	597	0	21
2025.12.11	08:00:00	156.05	156.1	156.017	156.058	740	0	21
2025.12.11	08:12:00	156.058	156.125	156.033	156.116	658	0	21
2025.12.11	08:24:00	156.115	156.152	156.025	156.058	635	0	21
2025.12.11	08:36:00	156.058	156.105	156.029	156.05	524	0	21
2025.12.11	08:48:00	156.05	156.065	155.93	155.952	827	0	21
2025.12.11	09:00:00	155.953	156.042	155.94	155.959	1159	0	21
2025.12.11	09:12:00	155.959	155.961	155.892	155.941	977	0	21
2025.12.11	09:24:00	155.937	155.947	155.865	155.865	713	0	21
2025.12.11	09:36:00	155.866	155.942	155.857	155.924	819	0	21
2025.12.11	09:48:00	155.923	156.032	155.909	156.021	836	0	21
2025.12.11	10:00:00	156.021	156.058	155.915	155.956	1199	0	21
2025.12.11	10:12:00	155.955	156.034	155.919	155.942	1498	0	21
2025.12.11	10:24:00	155.944	155.944	155.822	155.825	996	0	21
2025.12.11	10:36:00	155.825	155.854	155.773	155.826	952	0	21
2025.12.11	10:48:00	155.826	155.876	155.79	155.874	1020	0	21
2025.12.11	11:00:00	155.873	156.003	155.843	155.986	1444	0	21
2025.12.11	11:12:00	155.985	156.02	155.955	155.968	962	0	21
2025.12.11	11:24:00	155.968	156.014	155.906	155.917	1098	0	21
2025.12.11	11:36:00	155.917	155.921	155.835	155.866	968	0	21
2025.12.11	11:48:00	155.865	155.914	155.835	155.853	972	0	21
2025.12.11	12:00:00	155.853	155.855	155.789	155.824	1030	0	21
2025.12.11	12:12:00	155.824	155.885	155.805	155.823	970	0	21
2025.12.11	12:24:00	155.823	155.875	155.815	155.834	899	0	21
2025.12.11	12:36:00	155.833	155.937	155.812	155.91	768	0	21
2025.12.11	12:48:00	155.909	155.932	155.844	155.855	1094	0	21
2025.12.11	13:00:00	155.854	155.87	155.8	155.822	961	0	21
2025.12.11	13:12:00	155.822	155.823	155.751	155.775	912	0	21
2025.12.11	13:24:00	155.775	155.793	155.746	155.77	759	0	21
2025.12.11	13:36:00	155.769	155.821	155.752	155.787	671	0	21
2025.12.11	13:48:00	155.788	155.816	155.752	155.754	1281	0	21
2025.12.11	14:00:00	155.753	155.808	155.677	155.69	1243	0	21
2025.12.11	14:12:00	155.687	155.694	155.598	155.632	881	0	21
2025.12.11	14:24:00	155.632	155.672	155.615	155.641	619	0	21
2025.12.11	14:36:00	155.641	155.677	155.509	155.546	868	0	21
2025.12.11	14:48:00	155.546	155.617	155.512	155.575	1119	0	21
2025.12.11	15:00:00	155.574	155.613	155.495	155.535	1767	0	21
2025.12.11	15:12:00	155.535	155.566	155.492	155.521	1282	0	21
2025.12.11	15:24:00	155.521	155.537	155.359	155.443	1894	0	21
2025.12.11	15:36:00	155.443	155.467	155.297	155.305	2085	0	21
2025.12.11	15:48:00	155.305	155.329	155.216	155.271	1418	0	21
2025.12.11	16:00:00	155.271	155.283	155.12	155.125	1577	0	21
2025.12.11	16:12:00	155.125	155.156	155.101	155.102	1163	0	21
2025.12.11	16:24:00	155.103	155.127	155.036	155.061	1285	0	21
2025.12.11	16:36:00	155.061	155.13	155.004	155.075	1535	0	21
2025.12.11	16:48:00	155.074	155.101	154.936	154.971	1835	0	21
2025.12.11	17:00:00	154.97	155.119	154.969	155.059	1869	0	21
2025.12.11	17:12:00	155.06	155.161	155.028	155.068	1239	0	21
2025.12.11	17:24:00	155.069	155.13	155.043	155.075	1388	0	21
2025.12.11	17:36:00	155.074	155.125	155.019	155.02	1279	0	21
2025.12.11	17:48:00	155.02	155.169	154.943	155.16	2179	0	21
2025.12.11	18:00:00	155.16	155.2	155.097	155.143	1216	0	21
2025.12.11	18:12:00	155.142	155.204	155.105	155.197	1269	0	21
2025.12.11	18:24:00	155.196	155.277	155.187	155.238	1544	0	21
2025.12.11	18:36:00	155.238	155.278	155.188	155.197	1038	0	21
2025.12.11	18:48:00	155.196	155.203	155.129	155.139	1441	0	21
2025.12.11	19:00:00	155.139	155.159	155.092	155.107	1051	0	21
2025.12.11	19:12:00	155.107	155.179	155.059	155.175	762	0	21
2025.12.11	19:24:00	155.175	155.259	155.16	155.258	650	0	21
2025.12.11	19:36:00	155.257	155.28	155.238	155.267	831	0	21
2025.12.11	19:48:00	155.268	155.273	155.206	155.227	635	0	21
2025.12.11	20:00:00	155.227	155.276	155.201	155.219	723	0	21
2025.12.11	20:12:00	155.219	155.316	155.219	155.315	912	0	21
2025.12.11	20:24:00	155.315	155.378	155.31	155.355	945	0	21
2025.12.11	20:36:00	155.353	155.402	155.349	155.351	913	0	21
2025.12.11	20:48:00	155.352	155.361	155.325	155.35	536	0	21
2025.12.11	21:00:00	155.351	155.482	155.351	155.464	706	0	21
2025.12.11	21:12:00	155.465	155.493	155.445	155.484	541	0	21
2025.12.11	21:24:00	155.485	155.486	155.433	155.468	537	0	21
2025.12.11	21:36:00	155.467	155.521	155.465	155.499	760	0	21
2025.12.11	21:48:00	155.499	155.589	155.482	155.582	730	0	21
2025.12.11	22:00:00	155.582	155.649	155.582	155.622	1043	0	21
2025.12.11	22:12:00	155.621	155.661	155.581	155.581	721	0	21
2025.12.11	22:24:00	155.58	155.582	155.502	155.507	762	0	21
2025.12.11	22:36:00	155.507	155.546	155.496	155.508	761	0	21
2025.12.11	22:48:00	155.507	155.581	155.507	155.581	701	0	21
2025.12.11	23:00:00	155.581	155.613	155.546	155.558	391	0	21
2025.12.11	23:12:00	155.558	155.593	155.554	155.557	256	0	21
2025.12.11	23:24:00	155.557	155.59	155.551	155.59	206	0	21
2025.12.11	23:36:00	155.591	155.591	155.54	155.561	259	0	21
2025.12.11	23:48:00	155.562	155.581	155.537	155.551	554	0	25
2025.12.12	00:00:00	155.551	155.569	155.507	155.543	151	0	37
2025.12.12	00:12:00	155.543	155.545	155.515	155.543	159	0	38
2025.12.12	00:24:00	155.55	155.554	155.52	155.528	61	0	42
2025.12.12	00:36:00	155.528	155.528	155.495	155.513	109	0	36
2025.12.12	00:48:00	155.516	155.532	155.513	155.519	109	0	39
2025.12.12	01:00:00	155.515	155.524	155.435	155.46	234	0	21
2025.12.12	01:12:00	155.462	155.556	155.461	155.53	216	0	22
2025.12.12	01:24:00	155.53	155.604	155.498	155.583	338	0	21
2025.12.12	01:36:00	155.581	155.606	155.531	155.554	595	0	23
2025.12.12	01:48:00	155.553	155.568	155.489	155.492	215	0	23
2025.12.12	02:00:00	155.493	155.583	155.446	155.555	1254	0	21
2025.12.12	02:12:00	155.555	155.666	155.521	155.644	808	0	21
2025.12.12	02:24:00	155.645	155.715	155.613	155.657	922	0	21
2025.12.12	02:36:00	155.656	155.678	155.627	155.641	699	0	21
2025.12.12	02:48:00	155.642	155.71	155.592	155.685	1449	0	21
2025.12.12	03:00:00	155.686	155.76	155.629	155.64	1243	0	21
2025.12.12	03:12:00	155.641	155.651	155.573	155.612	773	0	21
2025.12.12	03:24:00	155.611	155.613	155.535	155.541	756	0	21
2025.12.12	03:36:00	155.542	155.611	155.541	155.61	720	0	21
2025.12.12	03:48:00	155.611	155.699	155.607	155.657	677	0	21
2025.12.12	04:00:00	155.657	155.696	155.642	155.655	597	0	21
2025.12.12	04:12:00	155.655	155.735	155.646	155.726	505	0	21
2025.12.12	04:24:00	155.727	155.727	155.669	155.679	498	0	21
2025.12.12	04:36:00	155.68	155.72	155.649	155.711	507	0	21
2025.12.12	04:48:00	155.71	155.71	155.66	155.665	484	0	21
2025.12.12	05:00:00	155.664	155.697	155.664	155.69	355	0	21
2025.12.12	05:12:00	155.691	155.699	155.669	155.68	158	0	23
2025.12.12	05:24:00	155.679	155.688	155.621	155.674	366	0	23
2025.12.12	05:36:00	155.675	155.714	155.666	155.713	172	0	21
2025.12.12	05:48:00	155.712	155.712	155.674	155.7	204	0	22
2025.12.12	06:00:00	155.699	155.734	155.697	155.718	373	0	23
2025.12.12	06:12:00	155.717	155.753	155.709	155.741	355	0	21
2025.12.12	06:24:00	155.74	155.74	155.684	155.693	314	0	21
2025.12.12	06:36:00	155.695	155.715	155.679	155.711	217	0	21
2025.12.12	06:48:00	155.709	155.742	155.699	155.733	259	0	22
2025.12.12	07:00:00	155.735	155.753	155.707	155.738	265	0	21
2025.12.12	07:12:00	155.736	155.759	155.709	155.756	182	0	21
2025.12.12	07:24:00	155.756	155.757	155.704	155.704	169	0	21
2025.12.12	07:36:00	155.705	155.706	155.663	155.686	223	0	21
2025.12.12	07:48:00	155.687	155.732	155.676	155.73	336	0	21
2025.12.12	08:00:00	155.731	155.751	155.669	155.675	386	0	21
2025.12.12	08:12:00	155.674	155.761	155.668	155.761	353	0	21
2025.12.12	08:24:00	155.767	155.815	155.758	155.779	505	0	21
2025.12.12	08:36:00	155.78	155.794	155.71	155.749	442	0	21
2025.12.12	08:48:00	155.751	155.761	155.643	155.644	529	0	21
2025.12.12	09:00:00	155.643	155.687	155.608	155.616	669	0	21
2025.12.12	09:12:00	155.616	155.707	155.554	155.703	658	0	21
2025.12.12	09:24:00	155.703	155.715	155.557	155.558	688	0	21
2025.12.12	09:36:00	155.558	155.609	155.541	155.565	613	0	21
2025.12.12	09:48:00	155.564	155.644	155.529	155.636	621	0	21
2025.12.12	10:00:00	155.637	155.695	155.608	155.665	1246	0	21
2025.12.12	10:12:00	155.666	155.781	155.65	155.753	1478	0	21
2025.12.12	10:24:00	155.753	155.765	155.691	155.699	862	0	21
2025.12.12	10:36:00	155.698	155.73	155.645	155.729	1011	0	21
2025.12.12	10:48:00	155.73	155.833	155.73	155.827	1097	0	21
2025.12.12	11:00:00	155.829	155.848	155.745	155.774	1266	0	21
2025.12.12	11:12:00	155.774	155.857	155.772	155.836	769	0	21
2025.12.12	11:24:00	155.836	155.888	155.829	155.862	866	0	21
2025.12.12	11:36:00	155.863	155.89	155.845	155.873	795	0	21
2025.12.12	11:48:00	155.874	155.9	155.845	155.876	784	0	21
2025.12.12	12:00:00	155.877	155.923	155.838	155.91	714	0	21
2025.12.12	12:12:00	155.908	155.923	155.873	155.916	578	0	21
2025.12.12	12:24:00	155.917	155.954	155.902	155.909	577	0	21
2025.12.12	12:36:00	155.909	155.934	155.898	155.917	451	0	21
2025.12.12	12:48:00	155.913	155.928	155.885	155.905	445	0	21
2025.12.12	13:00:00	155.905	155.94	155.905	155.908	362	0	21
2025.12.12	13:12:00	155.909	155.94	155.908	155.939	367	0	21
2025.12.12	13:24:00	155.941	155.984	155.94	155.959	461	0	21
2025.12.12	13:36:00	155.958	155.96	155.929	155.931	433	0	21
2025.12.12	13:48:00	155.932	155.933	155.897	155.902	533	0	21
2025.12.12	14:00:00	155.902	155.96	155.761	155.957	1157	0	21
2025.12.12	14:12:00	155.957	155.978	155.91	155.914	735	0	21
2025.12.12	14:24:00	155.915	155.991	155.912	155.975	634	0	21
2025.12.12	14:36:00	155.976	156.089	155.962	156.085	716	0	21
2025.12.12	14:48:00	156.086	156.116	156.022	156.025	1150	0	21
2025.12.12	15:00:00	156.025	156.037	155.944	155.971	1126	0	21
2025.12.12	15:12:00	155.971	156.001	155.915	155.983	844	0	21
2025.12.12	15:24:00	155.987	155.988	155.89	155.925	740	0	21
2025.12.12	15:36:00	155.925	155.949	155.895	155.925	707	0	21
2025.12.12	15:48:00	155.926	156.043	155.913	156.036	899	0	21
2025.12.12	16:00:00	156.036	156.09	155.98	156.016	1187	0	21
2025.12.12	16:12:00	156.012	156.083	156.006	156.021	1086	0	21
2025.12.12	16:24:00	156.02	156.024	155.903	155.927	1216	0	21
2025.12.12	16:36:00	155.926	155.99	155.924	155.94	1478	0	21
2025.12.12	16:48:00	155.94	155.94	155.837	155.894	1642	0	21
2025.12.12	17:00:00	155.896	155.934	155.799	155.815	1527	0	21
2025.12.12	17:12:00	155.819	155.962	155.815	155.887	1784	0	21
2025.12.12	17:24:00	155.888	155.931	155.816	155.89	1737	0	21
2025.12.12	17:36:00	155.891	156.051	155.862	156.029	1579	0	21
2025.12.12	17:48:00	156.028	156.03	155.859	155.874	1790	0	21
2025.12.12	18:00:00	155.875	155.875	155.749	155.761	2024	0	21
2025.12.12	18:12:00	155.761	155.78	155.663	155.69	1443	0	21
2025.12.12	18:24:00	155.689	155.777	155.687	155.762	1128	0	21
2025.12.12	18:36:00	155.762	155.871	155.74	155.817	1229	0	21
2025.12.12	18:48:00	155.817	155.834	155.776	155.804	1096	0	21
2025.12.12	19:00:00	155.803	155.892	155.793	155.887	837	0	21
2025.12.12	19:12:00	155.887	155.89	155.81	155.81	676	0	21
2025.12.12	19:24:00	155.811	155.812	155.74	155.778	829	0	21
2025.12.12	19:36:00	155.778	155.823	155.742	155.789	758	0	21
2025.12.12	19:48:00	155.79	155.815	155.77	155.774	574	0	21
2025.12.12	20:00:00	155.773	155.804	155.746	155.767	819	0	21
2025.12.12	20:12:00	155.767	155.803	155.752	155.782	832	0	21
2025.12.12	20:24:00	155.782	155.782	155.706	155.717	574	0	21
2025.12.12	20:36:00	155.716	155.764	155.713	155.76	385	0	21
2025.12.12	20:48:00	155.76	155.783	155.74	155.772	470	0	21
2025.12.12	21:00:00	155.771	155.838	155.771	155.827	446	0	21
2025.12.12	21:12:00	155.826	155.874	155.817	155.866	334	0	21
2025.12.12	21:24:00	155.867	155.92	155.864	155.902	413	0	21
2025.12.12	21:36:00	155.902	155.92	155.899	155.914	432	0	21
2025.12.12	21:48:00	155.913	155.928	155.877	155.888	591	0	21
2025.12.12	22:00:00	155.889	155.898	155.771	155.795	607	0	21
2025.12.12	22:12:00	155.795	155.806	155.763	155.803	369	0	21
2025.12.12	22:24:00	155.802	155.82	155.771	155.793	415	0	21
2025.12.12	22:36:00	155.795	155.893	155.78	155.839	712	0	21
2025.12.12	22:48:00	155.84	155.884	155.823	155.867	720	0	21
2025.12.12	23:00:00	155.868	155.88	155.799	155.8	291	0	21
2025.12.12	23:12:00	155.8	155.819	155.789	155.791	280	0	21
2025.12.12	23:24:00	155.791	155.851	155.791	155.812	170	0	21
2025.12.12	23:36:00	155.81	155.839	155.793	155.815	184	0	23
2025.12.12	23:48:00	155.815	155.847	155.78	155.799	820	0	25
2025.12.15	00:00:00	155.743	155.826	155.743	155.789	11	0	97
2025.12.15	00:12:00	155.789	155.903	155.789	155.903	60	0	43
2025.12.15	00:24:00	155.903	155.903	155.789	155.789	50	0	23
2025.12.15	00:36:00	155.779	155.797	155.744	155.753	94	0	43
2025.12.15	00:48:00	155.753	155.796	155.734	155.795	49	0	43
2025.12.15	01:00:00	155.795	155.815	155.75	155.777	404	0	21
2025.12.15	01:12:00	155.774	155.802	155.763	155.778	140	0	21
2025.12.15	01:24:00	155.778	155.805	155.763	155.786	168	0	21
2025.12.15	01:36:00	155.786	155.81	155.763	155.764	116	0	23
2025.12.15	01:48:00	155.764	155.886	155.762	155.855	525	0	21
2025.12.15	02:00:00	155.855	155.968	155.853	155.958	746	0	21
2025.12.15	02:12:00	155.958	155.967	155.917	155.934	361	0	21
2025.12.15	02:24:00	155.932	155.938	155.923	155.935	586	0	21
2025.12.15	02:36:00	155.934	155.965	155.894	155.934	531	0	21
2025.12.15	02:48:00	155.932	155.975	155.862	155.883	1206	0	21
2025.12.15	03:00:00	155.884	155.885	155.821	155.837	645	0	21
2025.12.15	03:12:00	155.837	155.863	155.831	155.836	526	0	21
2025.12.15	03:24:00	155.837	155.852	155.77	155.779	675	0	21
2025.12.15	03:36:00	155.778	155.806	155.719	155.719	516	0	21
2025.12.15	03:48:00	155.714	155.721	155.593	155.6	875	0	21
2025.12.15	04:00:00	155.599	155.638	155.579	155.609	732	0	21
2025.12.15	04:12:00	155.608	155.61	155.508	155.515	795	0	21
2025.12.15	04:24:00	155.518	155.539	155.48	155.536	927	0	21
2025.12.15	04:36:00	155.537	155.555	155.372	155.381	1113	0	21
2025.12.15	04:48:00	155.382	155.433	155.347	155.419	842	0	21
2025.12.15	05:00:00	155.419	155.42	155.292	155.335	529	0	21
2025.12.15	05:12:00	155.335	155.416	155.324	155.398	598	0	21
2025.12.15	05:24:00	155.397	155.41	155.362	155.37	507	0	21
2025.12.15	05:36:00	155.369	155.399	155.337	155.382	544	0	21
2025.12.15	05:48:00	155.381	155.464	155.374	155.411	596	0	21
2025.12.15	06:00:00	155.41	155.411	155.31	155.349	692	0	21
2025.12.15	06:12:00	155.348	155.35	155.23	155.274	452	0	21
2025.12.15	06:24:00	155.275	155.278	155.198	155.221	531	0	21
2025.12.15	06:36:00	155.22	155.243	155.173	155.204	487	0	21
2025.12.15	06:48:00	155.205	155.247	155.193	155.244	453	0	21
2025.12.15	07:00:00	155.244	155.244	155.181	155.201	374	0	21
2025.12.15	07:12:00	155.2	155.235	155.18	155.185	435	0	21
2025.12.15	07:24:00	155.184	155.197	155.089	155.1	658	0	21
2025.12.15	07:36:00	155.099	155.113	155.061	155.073	664	0	21
2025.12.15	07:48:00	155.074	155.101	155.022	155.023	561	0	21
2025.12.15	08:00:00	155.024	155.113	155.012	155.059	890	0	21
2025.12.15	08:12:00	155.058	155.103	155.052	155.052	412	0	21
2025.12.15	08:24:00	155.051	155.052	154.957	154.963	889	0	21
2025.12.15	08:36:00	154.964	155.147	154.939	155.142	840	0	21
2025.12.15	08:48:00	155.141	155.141	155.032	155.079	704	0	21
2025.12.15	09:00:00	155.082	155.174	155.061	155.134	1054	0	21
2025.12.15	09:12:00	155.135	155.2	155.111	155.14	840	0	21
2025.12.15	09:24:00	155.14	155.217	155.135	155.178	912	0	21
2025.12.15	09:36:00	155.179	155.283	155.141	155.248	517	0	21
2025.12.15	09:48:00	155.249	155.273	155.199	155.251	979	0	21
2025.12.15	10:00:00	155.254	155.275	155.125	155.215	1230	0	21
2025.12.15	10:12:00	155.216	155.225	155.105	155.141	956	0	21
2025.12.15	10:24:00	155.14	155.207	155.092	155.156	784	0	21
2025.12.15	10:36:00	155.155	155.175	155.115	155.166	668	0	21
2025.12.15	10:48:00	155.166	155.176	155.103	155.174	1038	0	21
2025.12.15	11:00:00	155.175	155.19	154.992	155.002	957	0	21
2025.12.15	11:12:00	154.998	155.032	154.954	155.025	1116	0	21
2025.12.15	11:24:00	155.024	155.039	154.936	154.942	988	0	21
2025.12.15	11:36:00	154.942	155.017	154.929	154.976	1025	0	21
2025.12.15	11:48:00	154.975	155.009	154.953	154.955	572	0	21
2025.12.15	12:00:00	154.956	155.049	154.949	155.039	501	0	21
2025.12.15	12:12:00	155.04	155.08	155.025	155.046	735	0	21
2025.12.15	12:24:00	155.046	155.141	155.041	155.108	729	0	21
2025.12.15	12:36:00	155.108	155.136	155.082	155.106	596	0	21
2025.12.15	12:48:00	155.106	155.118	155.056	155.071	547	0	21
2025.12.15	13:00:00	155.07	155.09	155.05	155.055	383	0	21
2025.12.15	13:12:00	155.054	155.054	154.992	155.008	487	0	21
2025.12.15	13:24:00	155.009	155.02	154.951	155.007	522	0	21
2025.12.15	13:36:00	155.008	155.012	154.941	154.971	488	0	21
2025.12.15	13:48:00	154.971	154.986	154.842	154.912	814	0	21
2025.12.15	14:00:00	154.912	154.985	154.88	154.979	868	0	21
2025.12.15	14:12:00	154.98	155.018	154.954	155.018	668	0	21
2025.12.15	14:24:00	155.018	155.033	154.965	154.975	513	0	21
2025.12.15	14:36:00	154.978	155.054	154.974	155.021	490	0	21
2025.12.15	14:48:00	155.024	155.083	154.956	155.066	1005	0	21
2025.12.15	15:00:00	155.067	155.125	155.034	155.091	764	0	21
2025.12.15	15:12:00	155.09	155.116	155.038	155.075	591	0	21
2025.12.15	15:24:00	155.076	155.077	154.955	154.986	781	0	21
2025.12.15	15:36:00	154.984	155.083	154.971	155.044	1034	0	21
2025.12.15	15:48:00	155.045	155.147	155.039	155.147	971	0	21
2025.12.15	16:00:00	155.156	155.214	155.099	155.138	1295	0	21
2025.12.15	16:12:00	155.138	155.177	155.118	155.139	963	0	21
2025.12.15	16:24:00	155.14	155.14	154.92	154.96	1393	0	21
2025.12.15	16:36:00	154.961	154.986	154.842	154.857	1539	0	21
2025.12.15	16:48:00	154.856	154.926	154.843	154.902	1817	0	21
2025.12.15	17:00:00	154.902	154.974	154.841	154.963	1696	0	21
2025.12.15	17:12:00	154.962	155.075	154.826	154.852	1879	0	21
2025.12.15	17:24:00	154.853	155.04	154.826	154.96	1743	0	21
2025.12.15	17:36:00	154.959	154.994	154.862	154.971	1379	0	21
2025.12.15	17:48:00	154.97	155.148	154.92	155.146	1675	0	21
2025.12.15	18:00:00	155.146	155.19	155.139	155.175	1281	0	21
2025.12.15	18:12:00	155.175	155.255	155.147	155.255	989	0	21
2025.12.15	18:24:00	155.254	155.286	155.225	155.277	946	0	21
2025.12.15	18:36:00	155.278	155.319	155.271	155.304	814	0	21
2025.12.15	18:48:00	155.304	155.305	155.233	155.279	667	0	21
2025.12.15	19:00:00	155.278	155.322	155.258	155.276	554	0	21
2025.12.15	19:12:00	155.274	155.291	155.247	155.278	376	0	21
2025.12.15	19:24:00	155.281	155.335	155.276	155.333	518	0	21
2025.12.15	19:36:00	155.332	155.356	155.318	155.331	442	0	21
2025.12.15	19:48:00	155.33	155.334	155.28	155.296	508	0	21
2025.12.15	20:00:00	155.296	155.307	155.269	155.276	421	0	21
2025.12.15	20:12:00	155.276	155.336	155.272	155.329	351	0	21
2025.12.15	20:24:00	155.33	155.376	155.328	155.366	490	0	21
2025.12.15	20:36:00	155.366	155.376	155.324	155.336	456	0	21
2025.12.15	20:48:00	155.336	155.353	155.326	155.345	444	0	21
2025.12.15	21:00:00	155.344	155.372	155.335	155.367	414	0	21
2025.12.15	21:12:00	155.368	155.388	155.367	155.387	267	0	21
2025.12.15	21:24:00	155.387	155.388	155.34	155.343	315	0	21
2025.12.15	21:36:00	155.343	155.344	155.283	155.292	393	0	21
2025.12.15	21:48:00	155.291	155.292	155.208	155.234	579	0	21
2025.12.15	22:00:00	155.234	155.257	155.225	155.228	504	0	21
2025.12.15	22:12:00	155.229	155.241	155.218	155.234	360	0	21
2025.12.15	22:24:00	155.234	155.248	155.224	155.234	439	0	21
2025.12.15	22:36:00	155.234	155.238	155.208	155.229	307	0	21
2025.12.15	22:48:00	155.229	155.25	155.221	155.24	436	0	21
2025.12.15	23:00:00	155.241	155.249	155.223	155.225	309	0	21
2025.12.15	23:12:00	155.224	155.225	155.181	155.196	198	0	22
2025.12.15	23:24:00	155.196	155.202	155.18	155.2	299	0	21
2025.12.15	23:36:00	155.199	155.226	155.197	155.217	110	0	21
2025.12.15	23:48:00	155.214	155.223	155.165	155.182	454	0	27
2025.12.16	00:00:00	155.186	155.286	155.098	155.108	88	0	57
2025.12.16	00:12:00	155.106	155.255	155.106	155.174	574	0	68
2025.12.16	00:24:00	155.174	155.21	155.17	155.205	236	0	49
2025.12.16	00:36:00	155.207	155.211	155.198	155.206	84	0	42
2025.12.16	00:48:00	155.208	155.219	155.178	155.209	433	0	38
2025.12.16	01:00:00	155.207	155.215	155.06	155.1	376	0	21
2025.12.16	01:12:00	155.1	155.121	155.091	155.111	144	0	25
2025.12.16	01:24:00	155.114	155.125	155.029	155.03	354	0	21
2025.12.16	01:36:00	155.03	155.073	155.02	155.022	241	0	22
2025.12.16	01:48:00	155.028	155.028	154.969	155.021	307	0	21
2025.12.16	02:00:00	155.022	155.024	154.732	154.742	1646	0	21
2025.12.16	02:12:00	154.742	154.889	154.723	154.855	1367	0	21
2025.12.16	02:24:00	154.854	154.973	154.834	154.944	1183	0	21
2025.12.16	02:36:00	154.943	155.032	154.911	155.009	1094	0	21
2025.12.16	02:48:00	155.009	155.092	154.958	154.997	1856	0	21
2025.12.16	03:00:00	154.998	155.067	154.892	155.063	1179	0	21
2025.12.16	03:12:00	155.063	155.066	155.022	155.026	962	0	21
2025.12.16	03:24:00	155.027	155.109	155.001	155.006	1058	0	21
2025.12.16	03:36:00	155.007	155.012	154.839	154.899	1738	0	21
2025.12.16	03:48:00	154.899	155.01	154.842	154.851	1514	0	21
2025.12.16	04:00:00	154.851	154.911	154.818	154.86	1398	0	21
2025.12.16	04:12:00	154.861	154.897	154.825	154.887	927	0	21
2025.12.16	04:24:00	154.887	154.903	154.826	154.826	837	0	21
2025.12.16	04:36:00	154.827	154.854	154.8	154.803	668	0	21
2025.12.16	04:48:00	154.802	154.834	154.752	154.77	685	0	21
2025.12.16	05:00:00	154.77	154.779	154.692	154.718	969	0	21
2025.12.16	05:12:00	154.718	154.822	154.718	154.814	705	0	21
2025.12.16	05:24:00	154.814	154.883	154.805	154.834	673	0	21
2025.12.16	05:36:00	154.833	154.874	154.807	154.861	777	0	21
2025.12.16	05:48:00	154.86	154.897	154.858	154.879	551	0	21
2025.12.16	06:00:00	154.879	154.88	154.83	154.866	296	0	21
2025.12.16	06:12:00	154.859	154.907	154.845	154.846	355	0	21
2025.12.16	06:24:00	154.846	154.848	154.787	154.796	377	0	21
2025.12.16	06:36:00	154.796	154.814	154.758	154.784	332	0	21
2025.12.16	06:48:00	154.785	154.839	154.77	154.807	627	0	21
2025.12.16	07:00:00	154.808	154.808	154.733	154.743	604	0	21
2025.12.16	07:12:00	154.743	154.762	154.678	154.68	614	0	21
2025.12.16	07:24:00	154.681	154.748	154.673	154.729	714	0	21
2025.12.16	07:36:00	154.73	154.748	154.703	154.732	438	0	21
2025.12.16	07:48:00	154.733	154.845	154.721	154.83	738	0	21
2025.12.16	08:00:00	154.831	154.864	154.808	154.838	655	0	21
2025.12.16	08:12:00	154.837	154.933	154.814	154.921	684	0	21
2025.12.16	08:24:00	154.921	154.926	154.882	154.911	487	0	21
2025.12.16	08:36:00	154.912	154.936	154.844	154.86	536	0	21
2025.12.16	08:48:00	154.859	154.867	154.81	154.843	415	0	21
2025.12.16	09:00:00	154.844	154.963	154.825	154.96	670	0	21
2025.12.16	09:12:00	154.961	154.967	154.864	154.877	561	0	21
2025.12.16	09:24:00	154.877	154.958	154.859	154.923	728	0	21
2025.12.16	09:36:00	154.921	154.933	154.831	154.91	755	0	21
2025.12.16	09:48:00	154.908	154.934	154.858	154.874	1014	0	21
2025.12.16	10:00:00	154.873	154.932	154.853	154.87	1252	0	21
2025.12.16	10:12:00	154.871	154.873	154.785	154.81	923	0	21
2025.12.16	10:24:00	154.81	154.922	154.795	154.849	1072	0	21
2025.12.16	10:36:00	154.849	154.897	154.81	154.847	1163	0	21
2025.12.16	10:48:00	154.846	154.862	154.822	154.852	1134	0	21
2025.12.16	11:00:00	154.851	154.868	154.802	154.845	958	0	21
2025.12.16	11:12:00	154.845	154.884	154.821	154.857	790	0	21
2025.12.16	11:24:00	154.857	154.86	154.816	154.834	984	0	21
2025.12.16	11:36:00	154.833	154.867	154.76	154.84	1138	0	21
2025.12.16	11:48:00	154.84	154.872	154.824	154.825	769	0	21
2025.12.16	12:00:00	154.824	154.826	154.766	154.805	878	0	21
2025.12.16	12:12:00	154.805	154.848	154.8	154.81	550	0	21
2025.12.16	12:24:00	154.812	154.894	154.808	154.888	874	0	21
2025.12.16	12:36:00	154.888	154.894	154.822	154.842	695	0	21
2025.12.16	12:48:00	154.843	154.875	154.837	154.86	550	0	21
2025.12.16	13:00:00	154.86	154.884	154.847	154.85	545	0	21
2025.12.16	13:12:00	154.851	154.89	154.851	154.878	350	0	21
2025.12.16	13:24:00	154.877	154.884	154.823	154.823	381	0	21
2025.12.16	13:36:00	154.823	154.843	154.823	154.826	313	0	21
2025.12.16	13:48:00	154.826	154.826	154.779	154.806	552	0	21
2025.12.16	14:00:00	154.802	154.844	154.79	154.811	384	0	21
2025.12.16	14:12:00	154.811	154.825	154.765	154.785	599	0	21
2025.12.16	14:24:00	154.783	154.789	154.709	154.725	742	0	21
2025.12.16	14:36:00	154.727	154.747	154.678	154.693	604	0	21
2025.12.16	14:48:00	154.694	154.696	154.592	154.598	888	0	21
2025.12.16	15:00:00	154.594	154.642	154.551	154.623	1174	0	21
2025.12.16	15:12:00	154.622	154.676	154.606	154.65	1300	0	21
2025.12.16	15:24:00	154.649	154.783	154.381	154.765	2785	0	21
2025.12.16	15:36:00	154.764	154.86	154.6	154.809	4325	0	21
2025.12.16	15:48:00	154.808	154.851	154.702	154.703	3012	0	21
2025.12.16	16:00:00	154.702	154.845	154.638	154.831	2251	0	21
2025.12.16	16:12:00	154.833	154.987	154.822	154.852	2138	0	21
2025.12.16	16:24:00	154.853	154.862	154.696	154.765	2093	0	21
2025.12.16	16:36:00	154.765	154.81	154.615	154.688	2183	0	21
2025.12.16	16:48:00	154.688	154.749	154.585	154.588	2044	0	21
2025.12.16	17:00:00	154.588	154.641	154.461	154.623	2416	0	21
2025.12.16	17:12:00	154.624	154.718	154.557	154.583	2339	0	21
2025.12.16	17:24:00	154.584	154.605	154.451	154.488	2125	0	21
2025.12.16	17:36:00	154.49	154.618	154.467	154.579	2164	0	21
2025.12.16	17:48:00	154.578	154.771	154.551	154.765	2256	0	21
2025.12.16	18:00:00	154.765	154.895	154.763	154.819	2146	0	21
2025.12.16	18:12:00	154.82	154.846	154.772	154.793	1736	0	21
2025.12.16	18:24:00	154.792	154.872	154.739	154.83	1331	0	21
2025.12.16	18:36:00	154.831	154.87	154.779	154.823	1354	0	21
2025.12.16	18:48:00	154.826	154.853	154.793	154.797	1152	0	21
2025.12.16	19:00:00	154.796	154.828	154.709	154.714	1217	0	21
2025.12.16	19:12:00	154.713	154.756	154.7	154.724	607	0	21
2025.12.16	19:24:00	154.722	154.723	154.573	154.58	904	0	21
2025.12.16	19:36:00	154.582	154.641	154.557	154.641	743	0	21
2025.12.16	19:48:00	154.64	154.725	154.634	154.67	861	0	21
2025.12.16	20:00:00	154.669	154.725	154.662	154.722	1078	0	21
2025.12.16	20:12:00	154.725	154.742	154.698	154.741	726	0	21
2025.12.16	20:24:00	154.742	154.795	154.727	154.785	710	0	21
2025.12.16	20:36:00	154.784	154.785	154.718	154.735	537	0	21
2025.12.16	20:48:00	154.735	154.741	154.697	154.736	516	0	21
2025.12.16	21:00:00	154.736	154.782	154.733	154.765	517	0	21
2025.12.16	21:12:00	154.764	154.772	154.661	154.665	743	0	21
2025.12.16	21:24:00	154.665	154.908	154.655	154.68	1607	0	21
2025.12.16	21:36:00	154.683	154.69	154.608	154.624	947	0	21
2025.12.16	21:48:00	154.626	154.661	154.594	154.655	1071	0	21
2025.12.16	22:00:00	154.655	154.665	154.558	154.584	747	0	21
2025.12.16	22:12:00	154.584	154.66	154.583	154.653	669	0	21
2025.12.16	22:24:00	154.654	154.696	154.639	154.681	691	0	21
2025.12.16	22:36:00	154.68	154.694	154.642	154.678	513	0	21
2025.12.16	22:48:00	154.679	154.787	154.664	154.787	924	0	21
2025.12.16	23:00:00	154.789	154.825	154.716	154.744	543	0	21
2025.12.16	23:12:00	154.743	154.745	154.723	154.724	231	0	22
2025.12.16	23:24:00	154.723	154.747	154.693	154.711	351	0	21
2025.12.16	23:36:00	154.711	154.755	154.702	154.735	271	0	23
2025.12.16	23:48:00	154.734	154.737	154.684	154.687	868	0	23
2025.12.17	00:00:00	154.687	154.687	154.672	154.684	16	0	49
2025.12.17	00:12:00	154.683	154.759	154.675	154.75	186	0	43
2025.12.17	00:24:00	154.749	154.763	154.703	154.724	122	0	38
2025.12.17	00:36:00	154.724	154.739	154.709	154.73	231	0	41
2025.12.17	00:48:00	154.73	154.751	154.668	154.71	519	0	41
2025.12.17	01:00:00	154.71	154.748	154.682	154.747	135	0	23
2025.12.17	01:12:00	154.747	154.751	154.719	154.747	185	0	24
2025.12.17	01:24:00	154.746	154.767	154.721	154.729	317	0	23
2025.12.17	01:36:00	154.73	154.8	154.728	154.798	584	0	23
2025.12.17	01:48:00	154.797	154.8	154.736	154.761	360	0	21
2025.12.17	02:00:00	154.76	154.842	154.698	154.841	1174	0	21
2025.12.17	02:12:00	154.84	154.862	154.817	154.817	896	0	21
2025.12.17	02:24:00	154.816	154.84	154.733	154.76	767	0	21
2025.12.17	02:36:00	154.76	154.78	154.602	154.667	1004	0	21
2025.12.17	02:48:00	154.666	154.692	154.555	154.572	1527	0	21
2025.12.17	03:00:00	154.572	154.644	154.526	154.538	1332	0	21
2025.12.17	03:12:00	154.538	154.59	154.497	154.508	1167	0	21
2025.12.17	03:24:00	154.507	154.658	154.506	154.644	923	0	21
2025.12.17	03:36:00	154.643	154.67	154.607	154.648	844	0	21
2025.12.17	03:48:00	154.648	154.693	154.621	154.662	925	0	21
2025.12.17	04:00:00	154.662	154.825	154.662	154.825	1099	0	21
2025.12.17	04:12:00	154.824	154.875	154.796	154.863	1068	0	21
2025.12.17	04:24:00	154.861	154.92	154.857	154.883	880	0	21
2025.12.17	04:36:00	154.882	154.942	154.881	154.934	970	0	21
2025.12.17	04:48:00	154.933	155.014	154.931	154.998	945	0	21
2025.12.17	05:00:00	154.998	155.015	154.928	154.94	840	0	21
2025.12.17	05:12:00	154.939	154.954	154.892	154.917	638	0	21
2025.12.17	05:24:00	154.917	154.943	154.875	154.892	554	0	22
2025.12.17	05:36:00	154.89	154.898	154.86	154.885	483	0	21
2025.12.17	05:48:00	154.884	154.904	154.853	154.877	414	0	21
2025.12.17	06:00:00	154.878	154.961	154.864	154.961	418	0	21
2025.12.17	06:12:00	154.961	154.996	154.954	154.993	419	0	21
2025.12.17	06:24:00	154.994	155.108	154.98	155.089	891	0	21
2025.12.17	06:36:00	155.088	155.12	155.041	155.077	819	0	21
2025.12.17	06:48:00	155.078	155.138	155.076	155.124	576	0	21
2025.12.17	07:00:00	155.125	155.128	155.06	155.082	604	0	21
2025.12.17	07:12:00	155.082	155.108	155.058	155.104	439	0	21
2025.12.17	07:24:00	155.103	155.124	155.068	155.112	872	0	21
2025.12.17	07:36:00	155.111	155.116	155.067	155.116	632	0	21
2025.12.17	07:48:00	155.117	155.159	155.072	155.14	633	0	21
2025.12.17	08:00:00	155.14	155.219	155.115	155.219	667	0	21
2025.12.17	08:12:00	155.22	155.297	155.205	155.28	911	0	21
2025.12.17	08:24:00	155.28	155.342	155.271	155.339	783	0	21
2025.12.17	08:36:00	155.339	155.386	155.329	155.351	598	0	21
2025.12.17	08:48:00	155.35	155.434	155.326	155.358	920	0	21
2025.12.17	09:00:00	155.358	155.455	155.345	155.435	1521	0	21
2025.12.17	09:12:00	155.436	155.494	155.4	155.467	1119	0	21
2025.12.17	09:24:00	155.468	155.496	155.402	155.406	1026	0	21
2025.12.17	09:36:00	155.405	155.517	155.362	155.509	1186	0	21
2025.12.17	09:48:00	155.509	155.557	155.48	155.491	1141	0	21
2025.12.17	10:00:00	155.493	155.586	155.44	155.572	1369	0	21
2025.12.17	10:12:00	155.572	155.577	155.506	155.528	977	0	21
2025.12.17	10:24:00	155.529	155.53	155.417	155.444	1184	0	21
2025.12.17	10:36:00	155.445	155.504	155.429	155.43	947	0	21
2025.12.17	10:48:00	155.43	155.506	155.429	155.505	701	0	21
2025.12.17	11:00:00	155.504	155.53	155.447	155.513	1150	0	21
2025.12.17	11:12:00	155.513	155.546	155.483	155.534	839	0	21
2025.12.17	11:24:00	155.534	155.537	155.464	155.469	914	0	21
2025.12.17	11:36:00	155.469	155.53	155.46	155.505	734	0	21
2025.12.17	11:48:00	155.505	155.523	155.466	155.52	693	0	21
2025.12.17	12:00:00	155.521	155.536	155.491	155.499	743	0	21
2025.12.17	12:12:00	155.499	155.533	155.489	155.497	579	0	21
2025.12.17	12:24:00	155.497	155.514	155.488	155.495	553	0	21
2025.12.17	12:36:00	155.496	155.501	155.441	155.466	541	0	21
2025.12.17	12:48:00	155.467	155.469	155.43	155.452	622	0	21
2025.12.17	13:00:00	155.451	155.517	155.443	155.478	693	0	21
2025.12.17	13:12:00	155.481	155.519	155.474	155.5	578	0	21
2025.12.17	13:24:00	155.494	155.524	155.489	155.523	760	0	21
2025.12.17	13:36:00	155.523	155.585	155.523	155.548	947	0	21
2025.12.17	13:48:00	155.546	155.557	155.517	155.534	555	0	21
2025.12.17	14:00:00	155.534	155.565	155.509	155.54	726	0	21
2025.12.17	14:12:00	155.539	155.546	155.491	155.534	785	0	21
2025.12.17	14:24:00	155.533	155.533	155.459	155.466	650	0	21
2025.12.17	14:36:00	155.467	155.534	155.442	155.521	518	0	21
2025.12.17	14:48:00	155.52	155.521	155.466	155.476	698	0	21
2025.12.17	15:00:00	155.476	155.626	155.467	155.626	1299	0	21
2025.12.17	15:12:00	155.625	155.625	155.374	155.432	2081	0	21
2025.12.17	15:24:00	155.432	155.559	155.431	155.524	1308	0	21
2025.12.17	15:36:00	155.525	155.55	155.416	155.426	1248	0	21
2025.12.17	15:48:00	155.425	155.454	155.39	155.426	902	0	21
2025.12.17	16:00:00	155.427	155.467	155.341	155.46	1155	0	21
2025.12.17	16:12:00	155.461	155.581	155.451	155.572	1440	0	21
2025.12.17	16:24:00	155.571	155.62	155.534	155.574	1185	0	21
2025.12.17	16:36:00	155.574	155.582	155.488	155.512	1578	0	21
2025.12.17	16:48:00	155.512	155.534	155.429	155.476	1478	0	21
2025.12.17	17:00:00	155.476	155.524	155.444	155.493	1383	0	21
2025.12.17	17:12:00	155.492	155.533	155.421	155.513	1391	0	21
2025.12.17	17:24:00	155.513	155.529	155.38	155.418	1082	0	21
2025.12.17	17:36:00	155.417	155.478	155.344	155.455	1467	0	21
2025.12.17	17:48:00	155.455	155.497	155.342	155.392	2005	0	21
2025.12.17	18:00:00	155.392	155.506	155.387	155.448	1588	0	21
2025.12.17	18:12:00	155.448	155.476	155.373	155.455	1469	0	21
2025.12.17	18:24:00	155.456	155.549	155.454	155.484	1150	0	21
2025.12.17	18:36:00	155.482	155.546	155.475	155.519	1257	0	21
2025.12.17	18:48:00	155.522	155.588	155.52	155.585	1210	0	21
2025.12.17	19:00:00	155.587	155.589	155.528	155.534	1041	0	21
2025.12.17	19:12:00	155.533	155.57	155.524	155.556	670	0	21
2025.12.17	19:24:00	155.556	155.573	155.538	155.555	683	0	21
2025.12.17	19:36:00	155.556	155.6	155.534	155.539	841	0	21
2025.12.17	19:48:00	155.539	155.566	155.516	155.521	709	0	21
2025.12.17	20:00:00	155.524	155.525	155.484	155.512	614	0	21
2025.12.17	20:12:00	155.511	155.591	155.507	155.588	466	0	21
2025.12.17	20:24:00	155.592	155.648	155.59	155.601	514	0	21
2025.12.17	20:36:00	155.602	155.62	155.555	155.595	789	0	21
2025.12.17	20:48:00	155.595	155.664	155.588	155.632	746	0	21
2025.12.17	21:00:00	155.633	155.633	155.579	155.617	545	0	21
2025.12.17	21:12:00	155.617	155.628	155.6	155.612	303	0	21
2025.12.17	21:24:00	155.612	155.646	155.598	155.646	375	0	21
2025.12.17	21:36:00	155.646	155.679	155.635	155.655	463	0	21
2025.12.17	21:48:00	155.656	155.67	155.616	155.632	555	0	21
2025.12.17	22:00:00	155.632	155.645	155.609	155.645	389	0	21
2025.12.17	22:12:00	155.644	155.686	155.643	155.68	262	0	21
2025.12.17	22:24:00	155.681	155.697	155.681	155.682	421	0	21
2025.12.17	22:36:00	155.684	155.699	155.663	155.664	314	0	21
2025.12.17	22:48:00	155.664	155.738	155.66	155.689	535	0	21
2025.12.17	23:00:00	155.69	155.727	155.683	155.719	315	0	21
2025.12.17	23:12:00	155.72	155.722	155.698	155.722	249	0	21
2025.12.17	23:24:00	155.722	155.734	155.683	155.686	209	0	22
2025.12.17	23:36:00	155.686	155.688	155.654	155.685	222	0	22
2025.12.17	23:48:00	155.685	155.697	155.652	155.652	822	0	23
2025.12.18	00:00:00	155.645	155.645	155.514	155.604	63	0	61
2025.12.18	00:12:00	155.608	155.624	155.604	155.609	243	0	40
2025.12.18	00:24:00	155.603	155.605	155.574	155.599	172	0	48
2025.12.18	00:36:00	155.601	155.606	155.579	155.584	272	0	50
2025.12.18	00:48:00	155.582	155.598	155.559	155.583	178	0	43
2025.12.18	01:00:00	155.583	155.632	155.58	155.61	144	0	25
2025.12.18	01:12:00	155.61	155.625	155.588	155.592	186	0	21
2025.12.18	01:24:00	155.596	155.6	155.511	155.512	402	0	24
2025.12.18	01:36:00	155.511	155.542	155.502	155.517	418	0	21
2025.12.18	01:48:00	155.523	155.528	155.461	155.477	431	0	21
2025.12.18	02:00:00	155.477	155.52	155.425	155.493	1105	0	21
2025.12.18	02:12:00	155.492	155.554	155.466	155.479	907	0	21
2025.12.18	02:24:00	155.478	155.509	155.412	155.417	641	0	21
2025.12.18	02:36:00	155.418	155.566	155.418	155.539	1028	0	21
2025.12.18	02:48:00	155.54	155.572	155.459	155.469	1294	0	21
2025.12.18	03:00:00	155.47	155.524	155.448	155.482	765	0	21
2025.12.18	03:12:00	155.482	155.64	155.482	155.609	935	0	21
2025.12.18	03:24:00	155.61	155.62	155.52	155.612	980	0	21
2025.12.18	03:36:00	155.612	155.752	155.611	155.73	1020	0	21
2025.12.18	03:48:00	155.73	155.761	155.703	155.759	796	0	21
2025.12.18	04:00:00	155.759	155.775	155.649	155.736	1023	0	21
2025.12.18	04:12:00	155.735	155.773	155.713	155.715	950	0	21
2025.12.18	04:24:00	155.716	155.749	155.674	155.748	530	0	21
2025.12.18	04:36:00	155.747	155.797	155.726	155.761	556	0	21
2025.12.18	04:48:00	155.761	155.772	155.733	155.771	486	0	21
2025.12.18	05:00:00	155.772	155.784	155.696	155.697	413	0	21
2025.12.18	05:12:00	155.698	155.762	155.697	155.75	447	0	21
2025.12.18	05:24:00	155.751	155.773	155.736	155.74	311	0	21
2025.12.18	05:36:00	155.741	155.769	155.717	155.742	358	0	21
2025.12.18	05:48:00	155.746	155.769	155.725	155.751	341	0	21
2025.12.18	06:00:00	155.753	155.771	155.722	155.736	450	0	21
2025.12.18	06:12:00	155.737	155.737	155.696	155.725	386	0	21
2025.12.18	06:24:00	155.726	155.727	155.69	155.723	207	0	21
2025.12.18	06:36:00	155.724	155.744	155.719	155.739	392	0	21
2025.12.18	06:48:00	155.738	155.751	155.722	155.724	423	0	21
2025.12.18	07:00:00	155.723	155.737	155.698	155.733	337	0	21
2025.12.18	07:12:00	155.732	155.742	155.717	155.723	448	0	21
2025.12.18	07:24:00	155.722	155.829	155.721	155.802	612	0	21
2025.12.18	07:36:00	155.802	155.827	155.784	155.825	598	0	21
2025.12.18	07:48:00	155.824	155.875	155.792	155.799	852	0	21
2025.12.18	08:00:00	155.798	155.854	155.756	155.844	939	0	21
2025.12.18	08:12:00	155.845	155.896	155.841	155.879	347	0	21
2025.12.18	08:24:00	155.878	155.891	155.834	155.846	514	0	21
2025.12.18	08:36:00	155.845	155.895	155.834	155.878	442	0	21
2025.12.18	08:48:00	155.879	155.895	155.846	155.894	520	0	21
2025.12.18	09:00:00	155.896	155.924	155.844	155.911	703	0	21
2025.12.18	09:12:00	155.91	155.931	155.884	155.913	570	0	21
2025.12.18	09:24:00	155.913	155.927	155.884	155.923	556	0	21
2025.12.18	09:36:00	155.922	155.944	155.85	155.851	581	0	21
2025.12.18	09:48:00	155.85	155.915	155.802	155.913	1355	0	21
2025.12.18	10:00:00	155.915	155.934	155.835	155.839	1036	0	21
2025.12.18	10:12:00	155.838	155.875	155.823	155.827	735	0	21
2025.12.18	10:24:00	155.827	155.847	155.789	155.821	772	0	21
2025.12.18	10:36:00	155.82	155.848	155.796	155.806	704	0	21
2025.12.18	10:48:00	155.807	155.864	155.801	155.842	636	0	21
2025.12.18	11:00:00	155.843	155.882	155.793	155.877	963	0	21
2025.12.18	11:12:00	155.878	155.902	155.816	155.889	901	0	21
2025.12.18	11:24:00	155.888	155.911	155.853	155.911	882	0	21
2025.12.18	11:36:00	155.91	155.94	155.898	155.939	670	0	21
2025.12.18	11:48:00	155.94	155.94	155.885	155.923	925	0	21
2025.12.18	12:00:00	155.919	155.946	155.897	155.945	916	0	21
2025.12.18	12:12:00	155.946	155.963	155.922	155.948	646	0	21
2025.12.18	12:24:00	155.947	155.955	155.917	155.925	483	0	21
2025.12.18	12:36:00	155.926	155.939	155.873	155.892	377	0	21
2025.12.18	12:48:00	155.894	155.901	155.838	155.849	426	0	21
2025.12.18	13:00:00	155.848	155.861	155.81	155.811	621	0	21
2025.12.18	13:12:00	155.811	155.847	155.811	155.816	334	0	21
2025.12.18	13:24:00	155.817	155.848	155.809	155.816	329	0	21
2025.12.18	13:36:00	155.817	155.822	155.778	155.781	384	0	21
2025.12.18	13:48:00	155.782	155.785	155.71	155.779	596	0	21
2025.12.18	14:00:00	155.784	155.791	155.733	155.765	1097	0	21
2025.12.18	14:12:00	155.764	155.797	155.728	155.742	753	0	21
2025.12.18	14:24:00	155.743	155.812	155.734	155.782	891	0	21
2025.12.18	14:36:00	155.782	155.853	155.776	155.809	945	0	21
2025.12.18	14:48:00	155.809	155.827	155.776	155.809	928	0	21
2025.12.18	15:00:00	155.808	155.825	155.738	155.768	1126	0	21
2025.12.18	15:12:00	155.769	155.777	155.671	155.745	1489	0	21
2025.12.18	15:24:00	155.753	155.774	155.295	155.658	2411	0	21
2025.12.18	15:36:00	155.657	155.667	155.496	155.541	3370	0	21
2025.12.18	15:48:00	155.542	155.595	155.41	155.584	2932	0	21
2025.12.18	16:00:00	155.581	155.595	155.336	155.382	2574	0	21
2025.12.18	16:12:00	155.382	155.448	155.343	155.434	2046	0	21
2025.12.18	16:24:00	155.435	155.435	155.356	155.379	1938	0	21
2025.12.18	16:36:00	155.379	155.409	155.271	155.363	1869	0	21
2025.12.18	16:48:00	155.362	155.481	155.289	155.481	1732	0	21
2025.12.18	17:00:00	155.481	155.514	155.439	155.453	1584	0	21
2025.12.18	17:12:00	155.452	155.584	155.432	155.561	1620	0	21
2025.12.18	17:24:00	155.561	155.682	155.54	155.615	1181	0	21
2025.12.18	17:36:00	155.621	155.635	155.5	155.61	1612	0	21
2025.12.18	17:48:00	155.611	155.632	155.509	155.512	1546	0	21
2025.12.18	18:00:00	155.513	155.54	155.394	155.394	1143	0	21
2025.12.18	18:12:00	155.395	155.465	155.351	155.425	1258	0	21
2025.12.18	18:24:00	155.426	155.492	155.406	155.481	1071	0	21
2025.12.18	18:36:00	155.48	155.525	155.434	155.515	923	0	21
2025.12.18	18:48:00	155.514	155.565	155.504	155.517	916	0	21
2025.12.18	19:00:00	155.519	155.605	155.515	155.595	1257	0	21
2025.12.18	19:12:00	155.594	155.677	155.589	155.617	1446	0	21
2025.12.18	19:24:00	155.614	155.645	155.594	155.645	697	0	21
2025.12.18	19:36:00	155.644	155.644	155.571	155.61	674	0	21
2025.12.18	19:48:00	155.61	155.67	155.606	155.631	678	0	21
2025.12.18	20:00:00	155.63	155.685	155.581	155.585	980	0	21
2025.12.18	20:12:00	155.585	155.662	155.566	155.657	455	0	21
2025.12.18	20:24:00	155.658	155.675	155.629	155.656	522	0	21
2025.12.18	20:36:00	155.657	155.702	155.641	155.691	402	0	21
2025.12.18	20:48:00	155.692	155.694	155.617	155.621	669	0	21
2025.12.18	21:00:00	155.621	155.653	155.576	155.609	754	0	21
2025.12.18	21:12:00	155.608	155.62	155.594	155.599	496	0	21
2025.12.18	21:24:00	155.599	155.609	155.513	155.514	528	0	21
2025.12.18	21:36:00	155.517	155.568	155.489	155.49	766	0	21
2025.12.18	21:48:00	155.489	155.517	155.483	155.504	756	0	21
2025.12.18	22:00:00	155.504	155.541	155.49	155.54	394	0	21
2025.12.18	22:12:00	155.54	155.576	155.535	155.574	354	0	21
2025.12.18	22:24:00	155.574	155.584	155.554	155.558	487	0	21
2025.12.18	22:36:00	155.557	155.591	155.536	155.591	412	0	21
2025.12.18	22:48:00	155.591	155.62	155.591	155.6	631	0	21
2025.12.18	23:00:00	155.601	155.622	155.586	155.59	336	0	21
2025.12.18	23:12:00	155.589	155.602	155.567	155.578	236	0	21
2025.12.18	23:24:00	155.579	155.579	155.551	155.564	227	0	21
2025.12.18	23:36:00	155.563	155.565	155.553	155.558	81	0	25
2025.12.18	23:48:00	155.558	155.565	155.524	155.527	408	0	21
2025.12.19	00:00:00	155.521	155.568	155.418	155.421	382	0	34
2025.12.19	00:12:00	155.424	155.517	155.422	155.516	73	0	81
2025.12.19	00:24:00	155.517	155.537	155.516	155.53	187	0	45
2025.12.19	00:36:00	155.531	155.533	155.525	155.531	61	0	43
2025.12.19	00:48:00	155.53	155.539	155.524	155.528	111	0	44
2025.12.19	01:00:00	155.529	155.561	155.519	155.542	164	0	23
2025.12.19	01:12:00	155.543	155.603	155.535	155.558	338	0	22
2025.12.19	01:24:00	155.557	155.57	155.504	155.508	263	0	23
2025.12.19	01:36:00	155.508	155.606	155.507	155.601	262	0	21
2025.12.19	01:48:00	155.603	155.632	155.562	155.564	378	0	21
2025.12.19	02:00:00	155.566	155.681	155.549	155.665	1138	0	21
2025.12.19	02:12:00	155.665	155.695	155.637	155.638	497	0	21
2025.12.19	02:24:00	155.637	155.676	155.629	155.64	342	0	21
2025.12.19	02:36:00	155.641	155.758	155.638	155.714	875	0	21
2025.12.19	02:48:00	155.716	155.758	155.682	155.74	1241	0	21
2025.12.19	03:00:00	155.739	155.778	155.68	155.748	671	0	21
2025.12.19	03:12:00	155.749	155.755	155.698	155.733	390	0	21
2025.12.19	03:24:00	155.733	155.781	155.721	155.738	644	0	21
2025.12.19	03:36:00	155.737	155.737	155.689	155.703	438	0	21
2025.12.19	03:48:00	155.702	155.745	155.695	155.73	458	0	21
2025.12.19	04:00:00	155.729	155.729	155.674	155.703	428	0	21
2025.12.19	04:12:00	155.704	155.714	155.672	155.71	406	0	21
2025.12.19	04:24:00	155.711	155.735	155.686	155.734	350	0	21
2025.12.19	04:36:00	155.733	155.793	155.733	155.767	499	0	21
2025.12.19	04:48:00	155.767	155.844	155.746	155.821	595	0	21
2025.12.19	05:00:00	155.819	155.868	155.796	155.819	660	0	22
2025.12.19	05:12:00	155.819	156.155	155.569	156.008	1523	0	21
2025.12.19	05:24:00	156.009	156.104	155.968	156.065	1969	0	21
2025.12.19	05:36:00	156.066	156.113	155.993	155.996	1243	0	21
2025.12.19	05:48:00	155.996	156.043	155.863	155.863	1230	0	21
2025.12.19	06:00:00	155.863	155.899	155.721	155.898	1241	0	21
2025.12.19	06:12:00	155.901	155.965	155.886	155.946	1061	0	21
2025.12.19	06:24:00	155.947	156.003	155.934	155.943	937	0	21
2025.12.19	06:36:00	155.943	156.042	155.921	156.027	989	0	21
2025.12.19	06:48:00	156.028	156.076	156.026	156.055	812	0	21
2025.12.19	07:00:00	156.056	156.058	155.995	156.003	720	0	21
2025.12.19	07:12:00	156.0	156.0	155.931	155.95	870	0	21
2025.12.19	07:24:00	155.951	155.973	155.872	155.887	650	0	21
2025.12.19	07:36:00	155.886	155.942	155.877	155.902	684	0	22
2025.12.19	07:48:00	155.902	155.983	155.887	155.983	818	0	21
2025.12.19	08:00:00	155.983	156.016	155.955	155.966	696	0	21
2025.12.19	08:12:00	155.967	156.025	155.944	156.002	576	0	21
2025.12.19	08:24:00	156.001	156.002	155.839	155.922	1086	0	21
2025.12.19	08:36:00	155.92	156.431	155.912	156.145	2865	0	21
2025.12.19	08:48:00	156.145	156.215	155.992	156.0	1841	0	21
2025.12.19	09:00:00	155.999	156.228	155.959	156.206	1562	0	21
2025.12.19	09:12:00	156.204	156.387	156.186	156.27	2077	0	21
2025.12.19	09:24:00	156.268	156.352	156.199	156.297	1640	0	21
2025.12.19	09:36:00	156.296	156.548	156.263	156.517	1703	0	21
2025.12.19	09:48:00	156.517	156.73	156.487	156.722	1992	0	21
2025.12.19	10:00:00	156.721	156.879	156.71	156.793	1814	0	21
2025.12.19	10:12:00	156.794	156.795	156.721	156.743	1237	0	21
2025.12.19	10:24:00	156.743	156.855	156.74	156.83	1320	0	21
2025.12.19	10:36:00	156.83	156.89	156.769	156.829	1158	0	21
2025.12.19	10:48:00	156.839	156.927	156.838	156.919	1036	0	21
2025.12.19	11:00:00	156.925	156.953	156.849	156.94	938	0	21
2025.12.19	11:12:00	156.942	156.985	156.914	156.944	938	0	21
2025.12.19	11:24:00	156.946	157.102	156.937	157.07	1367	0	21
2025.12.19	11:36:00	157.071	157.115	156.989	157.089	1399	0	21
2025.12.19	11:48:00	157.088	157.201	157.079	157.188	1402	0	21
2025.12.19	12:00:00	157.191	157.245	157.12	157.147	1467	0	21
2025.12.19	12:12:00	157.147	157.243	157.145	157.185	798	0	21
2025.12.19	12:24:00	157.185	157.387	157.185	157.294	1234	0	21
2025.12.19	12:36:00	157.295	157.385	157.282	157.353	1127	0	21
2025.12.19	12:48:00	157.353	157.388	157.288	157.314	1048	0	21
2025.12.19	13:00:00	157.308	157.336	157.223	157.282	1015	0	21
2025.12.19	13:12:00	157.289	157.369	157.27	157.27	790	0	21
2025.12.19	13:24:00	157.271	157.318	157.256	157.291	686	0	21
2025.12.19	13:36:00	157.291	157.329	157.246	157.257	699	0	21
2025.12.19	13:48:00	157.258	157.321	157.229	157.306	670	0	21
2025.12.19	14:00:00	157.307	157.341	157.277	157.304	668	0	21
2025.12.19	14:12:00	157.305	157.316	157.241	157.293	779	0	21
2025.12.19	14:24:00	157.292	157.307	157.249	157.271	762	0	21
2025.12.19	14:36:00	157.273	157.285	157.202	157.217	548	0	21
2025.12.19	14:48:00	157.217	157.238	157.173	157.231	768	0	21
2025.12.19	15:00:00	157.229	157.278	157.196	157.232	983	0	21
2025.12.19	15:12:00	157.233	157.366	157.232	157.352	1381	0	21
2025.12.19	15:24:00	157.353	157.36	157.222	157.272	1193	0	21
2025.12.19	15:36:00	157.271	157.37	157.257	157.308	1374	0	21
2025.12.19	15:48:00	157.307	157.338	157.265	157.312	1251	0	21
2025.12.19	16:00:00	157.311	157.317	157.2	157.228	1747	0	21
2025.12.19	16:12:00	157.228	157.254	156.92	157.161	2495	0	21
2025.12.19	16:24:00	157.161	157.292	157.082	157.277	2226	0	21
2025.12.19	16:36:00	157.278	157.352	157.266	157.352	2035	0	21
2025.12.19	16:48:00	157.35	157.413	157.311	157.404	1748	0	21
2025.12.19	17:00:00	157.407	157.466	157.343	157.384	1916	0	21
2025.12.19	17:12:00	157.384	157.447	157.381	157.396	1291	0	21
2025.12.19	17:24:00	157.396	157.477	157.368	157.466	1534	0	21
2025.12.19	17:36:00	157.467	157.48	157.431	157.434	1013	0	21
2025.12.19	17:48:00	157.433	157.477	157.4	157.461	1846	0	21
2025.12.19	18:00:00	157.461	157.475	157.431	157.446	1219	0	21
2025.12.19	18:12:00	157.447	157.476	157.433	157.459	958	0	21
2025.12.19	18:24:00	157.458	157.477	157.446	157.456	924	0	21
2025.12.19	18:36:00	157.456	157.467	157.405	157.421	677	0	21
2025.12.19	18:48:00	157.421	157.445	157.393	157.417	860	0	21
2025.12.19	19:00:00	157.418	157.511	157.414	157.502	781	0	21
2025.12.19	19:12:00	157.502	157.657	157.403	157.553	1432	0	21
2025.12.19	19:24:00	157.554	157.563	157.49	157.518	748	0	21
2025.12.19	19:36:00	157.519	157.528	157.463	157.468	552	0	21
2025.12.19	19:48:00	157.469	157.481	157.412	157.426	562	0	21
2025.12.19	20:00:00	157.427	157.479	157.416	157.416	682	0	21
2025.12.19	20:12:00	157.415	157.429	157.389	157.392	534	0	21
2025.12.19	20:24:00	157.392	157.475	157.389	157.439	594	0	21
2025.12.19	20:36:00	157.438	157.484	157.434	157.484	416	0	21
2025.12.19	20:48:00	157.481	157.52	157.464	157.51	674	0	21
2025.12.19	21:00:00	157.509	157.532	157.49	157.515	727	0	21
2025.12.19	21:12:00	157.515	157.55	157.504	157.538	798	0	21
2025.12.19	21:24:00	157.538	157.575	157.515	157.569	564	0	21
2025.12.19	21:36:00	157.569	157.577	157.515	157.52	501	0	21
2025.12.19	21:48:00	157.521	157.538	157.505	157.519	890	0	21
2025.12.19	22:00:00	157.519	157.53	157.466	157.53	856	0	21
2025.12.19	22:12:00	157.529	157.549	157.524	157.541	649	0	21
2025.12.19	22:24:00	157.542	157.579	157.541	157.574	478	0	21
2025.12.19	22:36:00	157.574	157.592	157.536	157.555	453	0	21
2025.12.19	22:48:00	157.554	157.688	157.554	157.68	957	0	21
2025.12.19	23:00:00	157.68	157.702	157.629	157.7	592	0	21
2025.12.19	23:12:00	157.7	157.704	157.668	157.686	295	0	21
2025.12.19	23:24:00	157.686	157.747	157.686	157.737	336	0	21
2025.12.19	23:36:00	157.738	157.749	157.71	157.735	231	0	24
2025.12.19	23:48:00	157.736	157.767	157.71	157.714	1330	0	21
2025.12.22	00:00:00	157.664	157.668	157.374	157.53	148	0	53
2025.12.22	00:12:00	157.529	157.566	157.512	157.562	245	0	54
2025.12.22	00:24:00	157.563	157.595	157.454	157.519	111	0	44
2025.12.22	00:36:00	157.519	157.521	157.45	157.499	236	0	41
2025.12.22	00:48:00	157.502	157.506	157.348	157.449	1423	0	37
2025.12.22	01:00:00	157.433	157.569	157.423	157.566	472	0	21
2025.12.22	01:12:00	157.566	157.589	157.527	157.575	406	0	21
2025.12.22	01:24:00	157.576	157.619	157.566	157.599	968	0	23
2025.12.22	01:36:00	157.594	157.689	157.582	157.63	619	0	25
2025.12.22	01:48:00	157.63	157.691	157.594	157.614	754	0	23
2025.12.22	02:00:00	157.61	157.638	157.518	157.522	1746	0	21
2025.12.22	02:12:00	157.521	157.575	157.496	157.553	1217	0	21
2025.12.22	02:24:00	157.554	157.599	157.513	157.589	1644	0	21
2025.12.22	02:36:00	157.59	157.65	157.519	157.565	1360	0	21
2025.12.22	02:48:00	157.565	157.627	157.522	157.544	1621	0	21
2025.12.22	03:00:00	157.542	157.562	157.455	157.468	971	0	21
2025.12.22	03:12:00	157.469	157.472	157.377	157.425	832	0	21
2025.12.22	03:24:00	157.423	157.429	157.36	157.409	776	0	22
2025.12.22	03:36:00	157.409	157.41	157.299	157.307	1050	0	21
2025.12.22	03:48:00	157.306	157.334	157.242	157.282	890	0	21
2025.12.22	04:00:00	157.281	157.296	157.235	157.27	584	0	21
2025.12.22	04:12:00	157.272	157.274	157.218	157.26	565	0	21
2025.12.22	04:24:00	157.26	157.284	157.233	157.275	395	0	21
2025.12.22	04:36:00	157.275	157.411	157.271	157.409	627	0	21
2025.12.22	04:48:00	157.409	157.411	157.365	157.409	578	0	21
2025.12.22	05:00:00	157.409	157.444	157.386	157.44	476	0	21
2025.12.22	05:12:00	157.441	157.45	157.397	157.446	650	0	21
2025.12.22	05:24:00	157.447	157.456	157.415	157.452	731	0	21
2025.12.22	05:36:00	157.453	157.458	157.293	157.298	633	0	21
2025.12.22	05:48:00	157.297	157.326	157.263	157.322	856	0	21
2025.12.22	06:00:00	157.323	157.352	157.269	157.277	795	0	21
2025.12.22	06:12:00	157.277	157.327	157.275	157.321	448	0	21
2025.12.22	06:24:00	157.322	157.334	157.294	157.314	397	0	21
2025.12.22	06:36:00	157.312	157.321	157.25	157.258	449	0	21
2025.12.22	06:48:00	157.258	157.324	157.25	157.3	663	0	21
2025.12.22	07:00:00	157.301	157.38	157.295	157.325	541	0	21
2025.12.22	07:12:00	157.328	157.33	157.253	157.261	566	0	21
2025.12.22	07:24:00	157.261	157.337	157.261	157.321	570	0	21
2025.12.22	07:36:00	157.322	157.342	157.297	157.313	641	0	21
2025.12.22	07:48:00	157.312	157.359	157.289	157.352	575	0	21
2025.12.22	08:00:00	157.351	157.386	157.31	157.339	666	0	21
2025.12.22	08:12:00	157.34	157.347	157.261	157.288	524	0	21
2025.12.22	08:24:00	157.287	157.364	157.283	157.321	706	0	21
2025.12.22	08:36:00	157.32	157.382	157.311	157.313	567	0	21
2025.12.22	08:48:00	157.312	157.423	157.31	157.332	626	0	21
2025.12.22	09:00:00	157.333	157.398	157.299	157.398	698	0	21
2025.12.22	09:12:00	157.397	157.431	157.384	157.409	579	0	22
2025.12.22	09:24:00	157.41	157.453	157.397	157.41	657	0	21
2025.12.22	09:36:00	157.41	157.411	157.335	157.377	639	0	21
2025.12.22	09:48:00	157.376	157.553	157.362	157.478	1056	0	21
2025.12.22	10:00:00	157.479	157.486	157.404	157.454	1334	0	21
2025.12.22	10:12:00	157.453	157.471	157.384	157.412	884	0	21
2025.12.22	10:24:00	157.413	157.436	157.361	157.434	633	0	21
2025.12.22	10:36:00	157.435	157.536	157.435	157.447	738	0	21
2025.12.22	10:48:00	157.447	157.539	157.42	157.536	869	0	21
2025.12.22	11:00:00	157.535	157.559	157.459	157.461	527	0	21
2025.12.22	11:12:00	157.461	157.51	157.434	157.473	674	0	21
2025.12.22	11:24:00	157.472	157.487	157.422	157.436	806	0	21
2025.12.22	11:36:00	157.436	157.448	157.41	157.44	643	0	21
2025.12.22	11:48:00	157.44	157.457	157.42	157.446	645	0	21
2025.12.22	12:00:00	157.446	157.452	157.34	157.375	843	0	21
2025.12.22	12:12:00	157.376	157.382	157.342	157.373	631	0	21
2025.12.22	12:24:00	157.372	157.393	157.355	157.383	602	0	21
2025.12.22	12:36:00	157.383	157.391	157.359	157.388	490	0	21
2025.12.22	12:48:00	157.388	157.407	157.372	157.386	554	0	21
2025.12.22	13:00:00	157.386	157.396	157.331	157.337	526	0	21
2025.12.22	13:12:00	157.338	157.364	157.326	157.344	430	0	21
2025.12.22	13:24:00	157.345	157.407	157.344	157.401	466	0	21
2025.12.22	13:36:00	157.399	157.415	157.347	157.363	445	0	21
2025.12.22	13:48:00	157.363	157.415	157.356	157.401	423	0	21
2025.12.22	14:00:00	157.402	157.413	157.346	157.364	867	0	21
2025.12.22	14:12:00	157.365	157.403	157.362	157.396	594	0	21
2025.12.22	14:24:00	157.395	157.419	157.384	157.395	605	0	21
2025.12.22	14:36:00	157.395	157.413	157.368	157.39	599	0	21
2025.12.22	14:48:00	157.389	157.409	157.362	157.386	557	0	21
2025.12.22	15:00:00	157.386	157.386	156.854	157.204	1355	0	21
2025.12.22	15:12:00	157.205	157.277	157.091	157.266	1852	0	21
2025.12.22	15:24:00	157.267	157.293	157.104	157.11	1317	0	21
2025.12.22	15:36:00	157.111	157.119	156.984	157.117	1705	0	21
2025.12.22	15:48:00	157.119	157.181	157.05	157.176	1288	0	21
2025.12.22	16:00:00	157.173	157.21	157.133	157.163	1134	0	21
2025.12.22	16:12:00	157.162	157.166	157.025	157.053	1171	0	21
2025.12.22	16:24:00	157.055	157.055	156.911	156.942	1793	0	21
2025.12.22	16:36:00	156.942	157.008	156.896	156.933	1963	0	21
2025.12.22	16:48:00	156.932	157.042	156.913	157.009	1489	0	21
2025.12.22	17:00:00	157.009	157.063	156.958	157.019	1591	0	21
2025.12.22	17:12:00	157.019	157.108	156.996	157.04	1466	0	21
2025.12.22	17:24:00	157.04	157.08	156.947	156.953	913	0	21
2025.12.22	17:36:00	156.953	157.007	156.936	156.995	854	0	21
2025.12.22	17:48:00	156.995	157.016	156.902	156.964	1513	0	21
2025.12.22	18:00:00	156.964	157.033	156.933	156.935	737	0	21
2025.12.22	18:12:00	156.935	156.958	156.846	156.947	944	0	21
2025.12.22	18:24:00	156.948	156.982	156.915	156.966	1102	0	21
2025.12.22	18:36:00	156.965	156.98	156.905	156.908	875	0	21
2025.12.22	18:48:00	156.908	156.926	156.881	156.925	737	0	21
2025.12.22	19:00:00	156.926	156.929	156.828	156.895	839	0	21
2025.12.22	19:12:00	156.895	156.895	156.843	156.855	528	0	21
2025.12.22	19:24:00	156.855	156.872	156.776	156.786	658	0	21
2025.12.22	19:36:00	156.785	156.819	156.695	156.811	727	0	21
2025.12.22	19:48:00	156.81	156.855	156.774	156.835	558	0	21
2025.12.22	20:00:00	156.835	156.922	156.835	156.896	674	0	21
2025.12.22	20:12:00	156.895	156.918	156.877	156.908	533	0	21
2025.12.22	20:24:00	156.908	157.01	156.907	157.007	748	0	21
2025.12.22	20:36:00	157.008	157.011	156.972	156.984	459	0	21
2025.12.22	20:48:00	156.984	156.986	156.914	156.935	460	0	21
2025.12.22	21:00:00	156.935	156.975	156.933	156.973	325	0	21
2025.12.22	21:12:00	156.975	157.021	156.973	157.005	509	0	21
2025.12.22	21:24:00	157.006	157.01	156.946	156.956	515	0	21
2025.12.22	21:36:00	156.956	156.969	156.932	156.949	576	0	21
2025.12.22	21:48:00	156.948	156.973	156.875	156.888	886	0	21
2025.12.22	22:00:00	156.889	156.985	156.889	156.941	657	0	21
2025.12.22	22:12:00	156.942	156.945	156.899	156.908	430	0	21
2025.12.22	22:24:00	156.911	156.927	156.902	156.925	408	0	21
2025.12.22	22:36:00	156.926	156.971	156.916	156.971	452	0	21
2025.12.22	22:48:00	156.971	156.995	156.947	156.978	588	0	21
2025.12.22	23:00:00	156.98	157.003	156.977	156.99	304	0	21
2025.12.22	23:12:00	156.99	157.014	156.974	157.0	238	0	21
2025.12.22	23:24:00	156.999	157.02	156.967	157.012	276	0	21
2025.12.22	23:36:00	157.011	157.026	157.009	157.025	272	0	21
2025.12.22	23:48:00	157.024	157.044	157.005	157.031	496	0	24
2025.12.23	00:00:00	157.031	157.046	156.726	156.961	239	0	24
2025.12.23	00:12:00	156.961	157.023	156.919	156.948	397	0	57
2025.12.23	00:24:00	156.96	157.028	156.928	157.002	478	0	45
2025.12.23	00:36:00	157.006	157.011	156.983	157.002	89	0	40
2025.12.23	00:48:00	157.001	157.014	156.991	157.013	58	0	41
2025.12.23	01:00:00	157.011	157.011	156.907	156.97	537	0	21
2025.12.23	01:12:00	156.97	156.975	156.907	156.907	266	0	21
2025.12.23	01:24:00	156.907	156.912	156.855	156.865	360	0	23
2025.12.23	01:36:00	156.865	156.885	156.823	156.848	393	0	21
2025.12.23	01:48:00	156.845	156.909	156.808	156.906	565	0	22
2025.12.23	02:00:00	156.909	156.915	156.748	156.766	1154	0	21
2025.12.23	02:12:00	156.764	156.819	156.744	156.801	929	0	21
2025.12.23	02:24:00	156.802	156.823	156.721	156.73	733	0	21
2025.12.23	02:36:00	156.73	156.757	156.69	156.738	796	0	21
2025.12.23	02:48:00	156.737	156.754	156.592	156.604	1463	0	21
2025.12.23	03:00:00	156.602	156.643	156.553	156.574	995	0	21
2025.12.23	03:12:00	156.573	156.593	156.507	156.571	965	0	21
2025.12.23	03:24:00	156.571	156.593	156.546	156.571	699	0	21
2025.12.23	03:36:00	156.57	156.572	156.444	156.479	864	0	21
2025.12.23	03:48:00	156.479	156.483	156.41	156.449	678	0	21
2025.12.23	04:00:00	156.449	156.45	156.325	156.424	1041	0	21
2025.12.23	04:12:00	156.425	156.469	156.354	156.389	780	0	21
2025.12.23	04:24:00	156.388	156.406	156.317	156.328	620	0	21
2025.12.23	04:36:00	156.327	156.34	156.264	156.277	727	0	21
2025.12.23	04:48:00	156.277	156.374	156.275	156.341	851	0	21
2025.12.23	05:00:00	156.342	156.342	156.222	156.278	1004	0	21
2025.12.23	05:12:00	156.279	156.33	156.267	156.3	601	0	21
2025.12.23	05:24:00	156.299	156.309	156.27	156.283	753	0	21
2025.12.23	05:36:00	156.286	156.297	156.231	156.267	541	0	21
2025.12.23	05:48:00	156.266	156.308	156.176	156.177	706	0	21
2025.12.23	06:00:00	156.177	156.177	156.013	156.014	1276	0	21
2025.12.23	06:12:00	156.016	156.068	155.949	156.061	1096	0	21
2025.12.23	06:24:00	156.062	156.086	155.998	156.011	691	0	21
2025.12.23	06:36:00	156.007	156.074	155.985	156.051	578	0	21
2025.12.23	06:48:00	156.05	156.08	155.976	155.982	960	0	21
2025.12.23	07:00:00	155.981	156.037	155.96	155.968	1059	0	21
2025.12.23	07:12:00	155.967	155.976	155.902	155.924	782	0	21
2025.12.23	07:24:00	155.924	155.941	155.9	155.931	548	0	21
2025.12.23	07:36:00	155.931	156.04	155.929	156.036	773	0	21
2025.12.23	07:48:00	156.036	156.065	155.999	156.0	997	0	21
2025.12.23	08:00:00	155.998	156.084	155.985	156.072	906	0	21
2025.12.23	08:12:00	156.071	156.075	156.007	156.061	851	0	21
2025.12.23	08:24:00	156.059	156.162	156.059	156.149	803	0	21
2025.12.23	08:36:00	156.15	156.177	156.042	156.069	897	0	21
2025.12.23	08:48:00	156.069	156.11	156.029	156.102	724	0	21
2025.12.23	09:00:00	156.106	156.159	156.048	156.087	1089	0	21
2025.12.23	09:12:00	156.087	156.151	156.027	156.027	616	0	21
2025.12.23	09:24:00	156.026	156.092	155.979	155.979	938	0	21
2025.12.23	09:36:00	155.98	156.055	155.953	155.995	1100	0	21
2025.12.23	09:48:00	155.996	156.109	155.938	156.064	1706	0	21
2025.12.23	10:00:00	156.063	156.103	155.94	155.995	1567	0	21
2025.12.23	10:12:00	155.995	156.099	155.991	156.056	1172	0	21
2025.12.23	10:24:00	156.056	156.078	155.957	156.054	938	0	21
2025.12.23	10:36:00	156.053	156.055	155.955	155.993	890	0	21
2025.12.23	10:48:00	155.995	156.014	155.947	155.948	893	0	21
2025.12.23	11:00:00	155.948	155.948	155.641	155.737	1988	0	21
2025.12.23	11:12:00	155.738	155.887	155.72	155.838	1385	0	21
2025.12.23	11:24:00	155.839	155.977	155.825	155.923	1133	0	21
2025.12.23	11:36:00	155.923	155.93	155.857	155.904	1178	0	21
2025.12.23	11:48:00	155.902	156.011	155.876	155.956	1529	0	21
2025.12.23	12:00:00	155.955	155.997	155.91	155.924	1212	0	21
2025.12.23	12:12:00	155.923	155.961	155.908	155.922	1010	0	21
2025.12.23	12:24:00	155.921	155.979	155.921	155.972	727	0	21
2025.12.23	12:36:00	155.973	156.035	155.856	155.911	1082	0	21
2025.12.23	12:48:00	155.911	155.927	155.855	155.911	1113	0	21
2025.12.23	13:00:00	155.912	155.956	155.861	155.925	897	0	21
2025.12.23	13:12:00	155.924	155.961	155.888	155.939	620	0	21
2025.12.23	13:24:00	155.938	155.94	155.878	155.926	457	0	21
2025.12.23	13:36:00	155.926	155.971	155.922	155.969	430	0	21
2025.12.23	13:48:00	155.969	156.026	155.944	155.961	898	0	21
2025.12.23	14:00:00	155.962	155.973	155.914	155.947	698	0	21
2025.12.23	14:12:00	155.947	155.963	155.918	155.94	548	0	21
2025.12.23	14:24:00	155.94	155.957	155.878	155.878	627	0	21
2025.12.23	14:36:00	155.879	155.937	155.86	155.925	714	0	21
2025.12.23	14:48:00	155.924	156.021	155.919	156.01	968	0	21
2025.12.23	15:00:00	156.015	156.09	156.006	156.009	1200	0	21
2025.12.23	15:12:00	156.01	156.023	155.939	156.015	830	0	21
2025.12.23	15:24:00	156.016	156.236	155.97	156.196	1616	0	21
2025.12.23	15:36:00	156.203	156.264	156.081	156.159	2168	0	21
2025.12.23	15:48:00	156.159	156.353	156.141	156.326	2182	0	21
2025.12.23	16:00:00	156.325	156.46	156.325	156.428	1973	0	21
2025.12.23	16:12:00	156.429	156.497	156.397	156.442	1398	0	21
2025.12.23	16:24:00	156.441	156.53	156.399	156.526	1795	0	21
2025.12.23	16:36:00	156.526	156.532	156.404	156.43	1753	0	21
2025.12.23	16:48:00	156.43	156.455	156.359	156.39	1149	0	21
2025.12.23	17:00:00	156.383	156.422	156.224	156.269	2079	0	21
2025.12.23	17:12:00	156.268	156.324	156.246	156.292	1607	0	21
2025.12.23	17:24:00	156.288	156.288	156.195	156.222	1807	0	21
2025.12.23	17:36:00	156.221	156.342	156.218	156.335	1312	0	21
2025.12.23	17:48:00	156.333	156.437	156.317	156.377	1714	0	21
2025.12.23	18:00:00	156.378	156.425	156.317	156.342	1194	0	21
2025.12.23	18:12:00	156.342	156.375	156.331	156.34	863	0	21
2025.12.23	18:24:00	156.34	156.406	156.339	156.363	941	0	21
2025.12.23	18:36:00	156.362	156.385	156.32	156.324	584	0	21
2025.12.23	18:48:00	156.323	156.327	156.29	156.324	851	0	21
2025.12.23	19:00:00	156.323	156.339	156.271	156.29	717	0	21
2025.12.23	19:12:00	156.291	156.334	156.25	156.251	693	0	21
2025.12.23	19:24:00	156.259	156.3	156.25	156.299	365	0	21
2025.12.23	19:36:00	156.292	156.292	156.239	156.276	385	0	21
2025.12.23	19:48:00	156.276	156.324	156.263	156.285	518	0	21
2025.12.23	20:00:00	156.283	156.331	156.274	156.28	662	0	21
2025.12.23	20:12:00	156.28	156.302	156.235	156.247	608	0	22
2025.12.23	20:24:00	156.248	156.284	156.247	156.272	557	0	21
2025.12.23	20:36:00	156.273	156.301	156.261	156.276	276	0	22
2025.12.23	20:48:00	156.276	156.288	156.214	156.217	610	0	22
2025.12.23	21:00:00	156.216	156.224	156.185	156.203	579	0	21
2025.12.23	21:12:00	156.193	156.218	156.168	156.214	671	0	21
2025.12.23	21:24:00	156.214	156.231	156.212	156.226	350	0	21
2025.12.23	21:36:00	156.226	156.232	156.209	156.229	273	0	21
2025.12.23	21:48:00	156.228	156.24	156.178	156.184	377	0	21
2025.12.23	22:00:00	156.186	156.253	156.167	156.251	580	0	21
2025.12.23	22:12:00	156.252	156.253	156.215	156.219	487	0	22
2025.12.23	22:24:00	156.219	156.244	156.218	156.226	319	0	21
2025.12.23	22:36:00	156.226	156.272	156.226	156.256	328	0	21
2025.12.23	22:48:00	156.255	156.298	156.253	156.289	432	0	21
2025.12.23	23:00:00	156.29	156.305	156.264	156.274	283	0	21
2025.12.23	23:12:00	156.275	156.296	156.262	156.294	247	0	21
2025.12.23	23:24:00	156.295	156.305	156.211	156.255	313	0	21
2025.12.23	23:36:00	156.255	156.255	156.203	156.208	395	0	22
2025.12.23	23:48:00	156.209	156.253	156.176	156.194	823	0	21
2025.12.24	00:00:00	156.147	156.205	156.131	156.204	445	0	25
2025.12.24	00:12:00	156.204	156.206	156.164	156.172	496	0	36
2025.12.24	00:24:00	156.175	156.181	156.16	156.169	45	0	38
2025.12.24	00:36:00	156.17	156.175	156.168	156.173	49	0	41
2025.12.24	00:48:00	156.174	156.177	156.149	156.163	123	0	37
2025.12.24	01:00:00	156.176	156.178	156.079	156.092	498	0	23
2025.12.24	01:12:00	156.092	156.149	156.079	156.142	245	0	23
2025.12.24	01:24:00	156.141	156.213	156.121	156.207	641	0	23
2025.12.24	01:36:00	156.208	156.269	156.184	156.231	911	0	21
2025.12.24	01:48:00	156.231	156.237	156.142	156.158	739	0	21
2025.12.24	02:00:00	156.158	156.158	155.963	156.048	1494	0	21
2025.12.24	02:12:00	156.049	156.245	156.041	156.213	1298	0	21
2025.12.24	02:24:00	156.213	156.267	156.18	156.213	1136	0	21
2025.12.24	02:36:00	156.213	156.251	156.074	156.108	1333	0	21
2025.12.24	02:48:00	156.109	156.178	155.971	155.979	1500	0	21
2025.12.24	03:00:00	155.978	156.109	155.961	156.107	1310	0	21
2025.12.24	03:12:00	156.106	156.14	155.909	155.914	978	0	21
2025.12.24	03:24:00	155.915	155.933	155.74	155.788	1507	0	21
2025.12.24	03:36:00	155.788	155.79	155.631	155.74	1396	0	21
2025.12.24	03:48:00	155.735	155.735	155.587	155.643	1274	0	21
2025.12.24	04:00:00	155.641	155.645	155.544	155.591	1238	0	21
2025.12.24	04:12:00	155.591	155.683	155.577	155.627	1024	0	21
2025.12.24	04:24:00	155.626	155.697	155.593	155.64	929	0	21
2025.12.24	04:36:00	155.639	155.712	155.627	155.675	747	0	21
2025.12.24	04:48:00	155.674	155.732	155.653	155.73	765	0	21
2025.12.24	05:00:00	155.729	155.823	155.728	155.807	1074	0	21
2025.12.24	05:12:00	155.807	155.822	155.773	155.819	640	0	21
2025.12.24	05:24:00	155.82	155.876	155.81	155.867	634	0	21
2025.12.24	05:36:00	155.87	155.961	155.856	155.95	565	0	21
2025.12.24	05:48:00	155.949	155.98	155.938	155.971	751	0	21
2025.12.24	06:00:00	155.971	155.985	155.935	155.976	636	0	21
2025.12.24	06:12:00	155.981	156.053	155.962	155.994	716	0	21
2025.12.24	06:24:00	155.996	155.996	155.9	155.902	572	0	21
2025.12.24	06:36:00	155.903	155.903	155.797	155.802	875	0	21
2025.12.24	06:48:00	155.802	155.839	155.789	155.825	628	0	21
2025.12.24	07:00:00	155.826	155.836	155.734	155.792	699	0	21
2025.12.24	07:12:00	155.791	155.83	155.763	155.809	481	0	21
2025.12.24	07:24:00	155.809	155.812	155.769	155.802	378	0	21
2025.12.24	07:36:00	155.802	155.825	155.774	155.818	420	0	21
2025.12.24	07:48:00	155.818	155.819	155.767	155.786	650	0	21
2025.12.24	08:00:00	155.786	155.786	155.654	155.691	1073	0	21
2025.12.24	08:12:00	155.691	155.692	155.651	155.682	580	0	21
2025.12.24	08:24:00	155.682	155.757	155.677	155.709	714	0	21
2025.12.24	08:36:00	155.709	155.785	155.705	155.749	520	0	21
2025.12.24	08:48:00	155.743	155.743	155.658	155.721	716	0	21
2025.12.24	09:00:00	155.722	155.807	155.692	155.757	1144	0	21
2025.12.24	09:12:00	155.758	155.842	155.746	155.781	781	0	21
2025.12.24	09:24:00	155.781	155.82	155.722	155.807	1199	0	21
2025.12.24	09:36:00	155.809	155.834	155.771	155.831	884	0	21
2025.12.24	09:48:00	155.83	155.862	155.779	155.818	1182	0	21
2025.12.24	10:00:00	155.819	155.943	155.737	155.93	1942	0	21
2025.12.24	10:12:00	155.929	155.96	155.899	155.923	1204	0	21
2025.12.24	10:24:00	155.924	155.93	155.808	155.857	1107	0	21
2025.12.24	10:36:00	155.857	155.917	155.785	155.787	1274	0	21
2025.12.24	10:48:00	155.782	155.798	155.74	155.744	1083	0	21
2025.12.24	11:00:00	155.744	155.761	155.676	155.739	991	0	21
2025.12.24	11:12:00	155.738	155.822	155.696	155.815	942	0	21
2025.12.24	11:24:00	155.816	155.87	155.803	155.83	799	0	21
2025.12.24	11:36:00	155.832	155.841	155.767	155.818	717	0	21
2025.12.24	11:48:00	155.817	155.827	155.767	155.822	936	0	21
2025.12.24	12:00:00	155.825	155.871	155.809	155.846	866	0	21
2025.12.24	12:12:00	155.845	155.921	155.845	155.878	592	0	21
2025.12.24	12:24:00	155.878	155.899	155.838	155.868	964	0	21
2025.12.24	12:36:00	155.869	155.96	155.854	155.955	785	0	21
2025.12.24	12:48:00	155.955	155.955	155.898	155.924	864	0	21
2025.12.24	13:00:00	155.924	155.948	155.869	155.869	832	0	21
2025.12.24	13:12:00	155.869	155.911	155.856	155.882	523	0	21
2025.12.24	13:24:00	155.883	155.964	155.875	155.937	918	0	21
2025.12.24	13:36:00	155.936	155.949	155.911	155.912	782	0	21
2025.12.24	13:48:00	155.912	155.924	155.891	155.915	900	0	21
2025.12.24	14:00:00	155.914	155.918	155.864	155.912	835	0	21
2025.12.24	14:12:00	155.913	155.936	155.882	155.916	1090	0	21
2025.12.24	14:24:00	155.917	155.935	155.9	155.925	677	0	21
2025.12.24	14:36:00	155.924	155.959	155.899	155.95	793	0	21
2025.12.24	14:48:00	155.949	156.033	155.938	156.032	977	0	21
2025.12.24	15:00:00	156.031	156.059	155.959	155.988	1172	0	21
2025.12.24	15:12:00	155.983	156.047	155.978	155.995	988	0	21
2025.12.24	15:24:00	155.991	156.05	155.981	156.033	1585	0	21
2025.12.24	15:36:00	156.033	156.036	155.972	155.987	1300	0	21
2025.12.24	15:48:00	155.988	156.024	155.983	156.0	915	0	21
2025.12.24	16:00:00	155.999	156.024	155.997	156.01	735	0	21
2025.12.24	16:12:00	156.01	156.015	155.981	155.992	674	0	21
2025.12.24	16:24:00	155.992	155.996	155.878	155.893	1559	0	21
2025.12.24	16:36:00	155.892	155.94	155.791	155.793	1302	0	21
2025.12.24	16:48:00	155.792	155.802	155.667	155.738	1685	0	21
2025.12.24	17:00:00	155.738	155.766	155.712	155.75	1390	0	21
2025.12.24	17:12:00	155.75	155.797	155.713	155.76	728	0	21
2025.12.24	17:24:00	155.76	155.825	155.748	155.824	909	0	21
2025.12.24	17:36:00	155.83	155.858	155.801	155.832	1049	0	21
2025.12.24	17:48:00	155.831	155.89	155.776	155.805	1573	0	21
2025.12.24	18:00:00	155.804	155.845	155.742	155.836	1179	0	21
2025.12.24	18:12:00	155.836	155.876	155.819	155.862	698	0	21
2025.12.24	18:24:00	155.863	155.909	155.849	155.855	823	0	21
2025.12.24	18:36:00	155.854	155.863	155.779	155.843	1137	0	21
2025.12.24	18:48:00	155.843	155.865	155.807	155.823	997	0	21
2025.12.24	19:00:00	155.824	155.891	155.813	155.887	1031	0	21
2025.12.24	19:12:00	155.887	155.927	155.886	155.925	629	0	21
2025.12.24	19:24:00	155.925	155.931	155.894	155.918	506	0	21
2025.12.24	19:36:00	155.92	155.996	155.909	155.984	789	0	21
2025.12.24	19:48:00	155.983	156.012	155.937	155.958	1096	0	21
2025.12.26	08:00:00	156.19	156.192	156.074	156.143	706	0	21
2025.12.26	08:12:00	156.144	156.22	156.129	156.215	361	0	21
2025.12.26	08:24:00	156.215	156.244	156.194	156.205	426	0	22
2025.12.26	08:36:00	156.204	156.276	156.203	156.263	545	0	21
2025.12.26	08:48:00	156.263	156.303	156.23	156.267	678	0	21
2025.12.26	09:00:00	156.271	156.3	156.244	156.247	694	0	21
2025.12.26	09:12:00	156.248	156.265	156.214	156.218	415	0	23
2025.12.26	09:24:00	156.219	156.293	156.201	156.282	674	0	24
2025.12.26	09:36:00	156.282	156.383	156.274	156.374	901	0	22
2025.12.26	09:48:00	156.373	156.431	156.329	156.362	1017	0	21
2025.12.26	10:00:00	156.361	156.43	156.328	156.415	625	0	21
2025.12.26	10:12:00	156.415	156.425	156.295	156.295	631	0	22
2025.12.26	10:24:00	156.291	156.357	156.287	156.323	561	0	23
2025.12.26	10:36:00	156.322	156.379	156.303	156.306	564	0	21
2025.12.26	10:48:00	156.306	156.356	156.3	156.311	463	0	21
2025.12.26	11:00:00	156.32	156.421	156.301	156.409	738	0	23
2025.12.26	11:12:00	156.41	156.434	156.393	156.429	605	0	22
2025.12.26	11:24:00	156.429	156.451	156.399	156.415	373	0	24
2025.12.26	11:36:00	156.414	156.447	156.412	156.423	343	0	22
2025.12.26	11:48:00	156.424	156.457	156.408	156.448	622	0	21
2025.12.26	12:00:00	156.452	156.456	156.402	156.409	314	0	23
2025.12.26	12:12:00	156.408	156.408	156.35	156.406	361	0	22
2025.12.26	12:24:00	156.406	156.408	156.355	156.402	572	0	21
2025.12.26	12:36:00	156.401	156.411	156.384	156.398	613	0	22
2025.12.26	12:48:00	156.396	156.397	156.362	156.389	378	0	23
2025.12.26	13:00:00	156.387	156.409	156.363	156.4	344	0	23
2025.12.26	13:12:00	156.4	156.4	156.339	156.343	585	0	22
2025.12.26	13:24:00	156.342	156.364	156.313	156.335	705	0	21
2025.12.26	13:36:00	156.335	156.365	156.326	156.356	587	0	21
2025.12.26	13:48:00	156.357	156.394	156.355	156.39	565	0	21
2025.12.26	14:00:00	156.389	156.443	156.382	156.438	751	0	21
2025.12.26	14:12:00	156.438	156.475	156.427	156.456	690	0	21
2025.12.26	14:24:00	156.458	156.464	156.417	156.426	526	0	22
2025.12.26	14:36:00	156.425	156.425	156.384	156.415	520	0	21
2025.12.26	14:48:00	156.415	156.44	156.395	156.408	655	0	21
2025.12.26	15:00:00	156.407	156.432	156.265	156.35	1338	0	21
2025.12.26	15:12:00	156.349	156.361	156.308	156.344	707	0	21
2025.12.26	15:24:00	156.345	156.354	156.249	156.28	947	0	21
2025.12.26	15:36:00	156.281	156.288	156.215	156.25	1007	0	21
2025.12.26	15:48:00	156.249	156.335	156.233	156.313	929	0	21
2025.12.26	16:00:00	156.31	156.33	156.265	156.302	806	0	21
2025.12.26	16:12:00	156.301	156.351	156.274	156.349	683	0	21
2025.12.26	16:24:00	156.349	156.369	156.303	156.323	876	0	21
2025.12.26	16:36:00	156.323	156.459	156.323	156.454	839	0	21
2025.12.26	16:48:00	156.454	156.472	156.425	156.44	1269	0	21
2025.12.26	17:00:00	156.439	156.443	156.299	156.335	944	0	21
2025.12.26	17:12:00	156.335	156.371	156.321	156.357	683	0	21
2025.12.26	17:24:00	156.358	156.41	156.338	156.398	760	0	21
2025.12.26	17:36:00	156.396	156.434	156.376	156.421	633	0	23
2025.12.26	17:48:00	156.427	156.522	156.391	156.414	1728	0	23
2025.12.26	18:00:00	156.412	156.509	156.357	156.493	1557	0	22
2025.12.26	18:12:00	156.493	156.62	156.479	156.616	1460	0	21
2025.12.26	18:24:00	156.615	156.638	156.594	156.6	857	0	21
2025.12.26	18:36:00	156.6	156.631	156.598	156.609	805	0	22
2025.12.26	18:48:00	156.608	156.639	156.599	156.62	860	0	22
2025.12.26	19:00:00	156.62	156.633	156.598	156.619	1009	0	23
2025.12.26	19:12:00	156.619	156.645	156.597	156.603	1012	0	21
2025.12.26	19:24:00	156.602	156.72	156.599	156.693	1296	0	21
2025.12.26	19:36:00	156.692	156.692	156.562	156.583	940	0	22
2025.12.26	19:48:00	156.582	156.606	156.542	156.557	945	0	24
2025.12.26	20:00:00	156.558	156.563	156.501	156.558	968	0	22
2025.12.26	20:12:00	156.559	156.574	156.546	156.561	707	0	23
2025.12.26	20:24:00	156.56	156.563	156.495	156.501	948	0	21
2025.12.26	20:36:00	156.5	156.504	156.423	156.471	911	0	21
2025.12.26	20:48:00	156.471	156.533	156.464	156.53	769	0	22
2025.12.26	21:00:00	156.53	156.583	156.522	156.568	1129	0	22
2025.12.26	21:12:00	156.567	156.577	156.524	156.549	450	0	21
2025.12.26	21:24:00	156.55	156.565	156.543	156.556	489	0	24
2025.12.26	21:36:00	156.563	156.566	156.511	156.528	439	0	23
2025.12.26	21:48:00	156.529	156.541	156.493	156.493	812	0	21
2025.12.26	22:00:00	156.49	156.492	156.433	156.478	698	0	21
2025.12.26	22:12:00	156.476	156.513	156.469	156.513	315	0	22
2025.12.26	22:24:00	156.513	156.513	156.491	156.506	176	0	23
2025.12.26	22:36:00	156.504	156.519	156.464	156.515	436	0	21
2025.12.26	22:48:00	156.518	156.518	156.463	156.482	900	0	22
2025.12.26	23:00:00	156.482	156.529	156.482	156.526	352	0	23
2025.12.26	23:12:00	156.527	156.537	156.512	156.524	200	0	25
2025.12.26	23:24:00	156.524	156.561	156.517	156.561	408	0	24
2025.12.26	23:36:00	156.56	156.581	156.521	156.535	732	0	30
2025.12.26	23:48:00	156.534	156.59	156.502	156.551	974	0	27
2025.12.29	00:00:00	156.442	156.442	156.385	156.416	66	0	172
2025.12.29	00:12:00	156.415	156.467	156.411	156.467	79	0	160
2025.12.29	00:24:00	156.461	156.528	156.439	156.475	744	0	65
2025.12.29	00:36:00	156.475	156.488	156.408	156.408	96	0	56
2025.12.29	00:48:00	156.408	156.45	156.404	156.441	553	0	134
2025.12.29	01:00:00	156.441	156.53	156.409	156.457	339	0	21
2025.12.29	01:12:00	156.448	156.464	156.406	156.418	194	0	21
2025.12.29	01:24:00	156.413	156.494	156.401	156.484	185	0	21
2025.12.29	01:36:00	156.489	156.514	156.432	156.443	333	0	21
2025.12.29	01:48:00	156.442	156.476	156.394	156.472	527	0	21
2025.12.29	02:00:00	156.471	156.472	156.045	156.088	1858	0	21
2025.12.29	02:12:00	156.088	156.239	156.053	156.198	1543	0	21
2025.12.29	02:24:00	156.198	156.218	156.067	156.111	1696	0	21
2025.12.29	02:36:00	156.112	156.154	156.088	156.129	1268	0	21
2025.12.29	02:48:00	156.128	156.319	156.116	156.267	2060	0	21
2025.12.29	03:00:00	156.267	156.363	156.24	156.292	1619	0	21
2025.12.29	03:12:00	156.295	156.295	156.192	156.193	878	0	21
2025.12.29	03:24:00	156.193	156.263	156.177	156.259	813	0	21
2025.12.29	03:36:00	156.259	156.314	156.224	156.28	855	0	21
2025.12.29	03:48:00	156.28	156.323	156.249	156.3	660	0	21
2025.12.29	04:00:00	156.301	156.422	156.289	156.421	1008	0	21
2025.12.29	04:12:00	156.42	156.501	156.409	156.452	908	0	21
2025.12.29	04:24:00	156.453	156.48	156.418	156.457	633	0	21
2025.12.29	04:36:00	156.457	156.457	156.37	156.372	745	0	21
2025.12.29	04:48:00	156.373	156.428	156.362	156.419	520	0	21
2025.12.29	05:00:00	156.419	156.433	156.356	156.356	508	0	21
2025.12.29	05:12:00	156.356	156.399	156.355	156.377	463	0	22
2025.12.29	05:24:00	156.377	156.401	156.332	156.347	1302	0	21
2025.12.29	05:36:00	156.346	156.389	156.308	156.312	548	0	21
2025.12.29	05:48:00	156.312	156.375	156.312	156.367	457	0	21
2025.12.29	06:00:00	156.367	156.461	156.366	156.41	545	0	22
2025.12.29	06:12:00	156.41	156.439	156.371	156.394	449	0	21
2025.12.29	06:24:00	156.396	156.396	156.236	156.263	602	0	21
2025.12.29	06:36:00	156.262	156.322	156.258	156.31	444	0	21
2025.12.29	06:48:00	156.31	156.361	156.301	156.359	487	0	21
2025.12.29	07:00:00	156.36	156.369	156.313	156.325	653	0	21
2025.12.29	07:12:00	156.325	156.36	156.296	156.333	443	0	21
2025.12.29	07:24:00	156.332	156.386	156.32	156.321	504	0	21
2025.12.29	07:36:00	156.322	156.335	156.246	156.271	550	0	21
2025.12.29	07:48:00	156.27	156.3	156.23	156.294	486	0	21
2025.12.29	08:00:00	156.3	156.3	156.228	156.284	727	0	21
2025.12.29	08:12:00	156.284	156.311	156.23	156.249	364	0	21
2025.12.29	08:24:00	156.247	156.258	156.162	156.24	513	0	21
2025.12.29	08:36:00	156.242	156.28	156.237	156.275	621	0	21
2025.12.29	08:48:00	156.276	156.289	156.16	156.172	757	0	21
2025.12.29	09:00:00	156.173	156.192	156.136	156.171	1183	0	21
2025.12.29	09:12:00	156.17	156.231	156.115	156.146	1124	0	21
2025.12.29	09:24:00	156.146	156.174	156.092	156.122	1144	0	21
2025.12.29	09:36:00	156.123	156.163	156.108	156.15	826	0	21
2025.12.29	09:48:00	156.151	156.152	156.04	156.07	1049	0	21
2025.12.29	10:00:00	156.07	156.193	156.065	156.182	1272	0	21
2025.12.29	10:12:00	156.182	156.249	156.172	156.213	901	0	21
2025.12.29	10:24:00	156.211	156.29	156.204	156.257	598	0	21
2025.12.29	10:36:00	156.257	156.298	156.206	156.232	658	0	21
2025.12.29	10:48:00	156.231	156.265	156.183	156.265	1047	0	21
2025.12.29	11:00:00	156.266	156.389	156.252	156.314	1513	0	21
2025.12.29	11:12:00	156.314	156.331	156.26	156.28	907	0	21
2025.12.29	11:24:00	156.28	156.283	156.17	156.171	878	0	21
2025.12.29	11:36:00	156.17	156.238	156.095	156.232	778	0	21
2025.12.29	11:48:00	156.233	156.32	156.233	156.316	821	0	21
2025.12.29	12:00:00	156.317	156.335	156.283	156.293	839	0	21
2025.12.29	12:12:00	156.292	156.296	156.251	156.283	875	0	21
2025.12.29	12:24:00	156.282	156.289	156.2	156.21	883	0	21
2025.12.29	12:36:00	156.209	156.261	156.193	156.245	472	0	21
2025.12.29	12:48:00	156.245	156.319	156.214	156.315	711	0	21
2025.12.29	13:00:00	156.315	156.333	156.288	156.33	790	0	21
2025.12.29	13:12:00	156.331	156.343	156.285	156.286	674	0	21
2025.12.29	13:24:00	156.283	156.311	156.276	156.276	496	0	21
2025.12.29	13:36:00	156.276	156.344	156.275	156.339	735	0	21
2025.12.29	13:48:00	156.339	156.402	156.336	156.388	908	0	21
2025.12.29	14:00:00	156.388	156.411	156.329	156.338	962	0	21
2025.12.29	14:12:00	156.335	156.36	156.308	156.359	664	0	21
2025.12.29	14:24:00	156.359	156.371	156.298	156.328	889	0	21
2025.12.29	14:36:00	156.328	156.396	156.325	156.358	797	0	21
2025.12.29	14:48:00	156.359	156.364	156.298	156.321	849	0	21
2025.12.29	15:00:00	156.321	156.321	156.24	156.295	1258	0	21
2025.12.29	15:12:00	156.295	156.351	156.252	156.318	1185	0	21
2025.12.29	15:24:00	156.317	156.355	156.243	156.261	1139	0	21
2025.12.29	15:36:00	156.26	156.291	156.248	156.262	1004	0	21
2025.12.29	15:48:00	156.262	156.262	156.183	156.219	1368	0	21
2025.12.29	16:00:00	156.219	156.228	156.107	156.147	1250	0	21
2025.12.29	16:12:00	156.149	156.199	156.12	156.143	880	0	21
2025.12.29	16:24:00	156.142	156.161	156.06	156.061	1223	0	21
2025.12.29	16:36:00	156.061	156.097	156.0	156.01	1421	0	21
2025.12.29	16:48:00	156.009	156.146	156.0	156.133	1221	0	21
2025.12.29	17:00:00	156.133	156.232	156.096	156.12	1598	0	21
2025.12.29	17:12:00	156.113	156.202	156.073	156.156	1179	0	21
2025.12.29	17:24:00	156.156	156.279	156.13	156.243	1235	0	21
2025.12.29	17:36:00	156.243	156.243	155.993	156.039	1357	0	21
2025.12.29	17:48:00	156.04	156.085	155.905	155.926	2067	0	21
2025.12.29	18:00:00	155.925	156.026	155.919	155.955	1187	0	21
2025.12.29	18:12:00	155.962	156.043	155.922	156.038	706	0	21
2025.12.29	18:24:00	156.037	156.09	156.013	156.038	886	0	21
2025.12.29	18:36:00	156.039	156.062	155.998	156.05	748	0	21
2025.12.29	18:48:00	156.052	156.106	156.036	156.094	799	0	21
2025.12.29	19:00:00	156.095	156.119	156.055	156.109	826	0	21
2025.12.29	19:12:00	156.11	156.115	156.069	156.099	961	0	21
2025.12.29	19:24:00	156.1	156.141	156.084	156.121	434	0	21
2025.12.29	19:36:00	156.117	156.145	156.112	156.135	333	0	21
2025.12.29	19:48:00	156.135	156.204	156.134	156.174	477	0	21
2025.12.29	20:00:00	156.173	156.203	156.139	156.169	544	0	21
2025.12.29	20:12:00	156.168	156.169	156.125	156.127	312	0	21
2025.12.29	20:24:00	156.125	156.193	156.111	156.191	495	0	21
2025.12.29	20:36:00	156.192	156.21	156.175	156.178	406	0	21
2025.12.29	20:48:00	156.177	156.211	156.162	156.209	344	0	21
2025.12.29	21:00:00	156.209	156.237	156.204	156.225	361	0	21
2025.12.29	21:12:00	156.226	156.229	156.162	156.162	281	0	21
2025.12.29	21:24:00	156.162	156.188	156.16	156.162	282	0	21
2025.12.29	21:36:00	156.162	156.163	156.08	156.081	347	0	21
2025.12.29	21:48:00	156.089	156.104	155.997	156.024	569	0	21
2025.12.29	22:00:00	156.024	156.039	155.983	155.987	633	0	21
2025.12.29	22:12:00	155.988	156.018	155.975	156.011	407	0	21
2025.12.29	22:24:00	156.011	156.048	156.01	156.046	288	0	21
2025.12.29	22:36:00	156.049	156.072	156.046	156.063	345	0	21
2025.12.29	22:48:00	156.064	156.071	156.039	156.058	588	0	21
2025.12.29	23:00:00	156.055	156.074	156.026	156.051	297	0	21
2025.12.29	23:12:00	156.05	156.055	155.99	156.036	181	0	21
2025.12.29	23:24:00	156.036	156.037	155.992	156.011	165	0	21
2025.12.29	23:36:00	156.011	156.051	156.011	156.046	92	0	21
2025.12.29	23:48:00	156.046	156.051	156.0	156.022	553	0	22
2025.12.30	00:00:00	156.023	156.023	155.965	155.97	49	0	66
2025.12.30	00:12:00	155.986	156.067	155.985	156.053	195	0	48
2025.12.30	00:24:00	155.97	156.03	155.939	156.03	76	0	66
2025.12.30	00:36:00	156.034	156.044	155.954	156.024	161	0	55
2025.12.30	00:48:00	156.026	156.035	156.003	156.017	171	0	52
2025.12.30	01:00:00	156.018	156.046	155.948	155.986	366	0	21
2025.12.30	01:12:00	155.986	156.068	155.972	156.064	326	0	21
2025.12.30	01:24:00	156.064	156.126	156.04	156.046	349	0	21
2025.12.30	01:36:00	156.046	156.081	156.006	156.02	390	0	21
2025.12.30	01:48:00	156.019	156.071	155.977	155.979	539	0	21
2025.12.30	02:00:00	155.982	156.106	155.915	156.047	1354	0	21
2025.12.30	02:12:00	156.05	156.091	155.987	155.988	728	0	21
2025.12.30	02:24:00	155.987	156.108	155.981	156.088	845	0	21
2025.12.30	02:36:00	156.088	156.157	156.051	156.154	806	0	21
2025.12.30	02:48:00	156.153	156.315	156.152	156.248	1860	0	21
2025.12.30	03:00:00	156.247	156.314	156.238	156.26	793	0	21
2025.12.30	03:12:00	156.256	156.285	156.222	156.251	588	0	21
2025.12.30	03:24:00	156.251	156.298	156.242	156.261	886	0	21
2025.12.30	03:36:00	156.261	156.281	156.24	156.262	937	0	21
2025.12.30	03:48:00	156.261	156.268	156.2	156.209	574	0	21
2025.12.30	04:00:00	156.209	156.254	156.143	156.253	802	0	21
2025.12.30	04:12:00	156.257	156.292	156.234	156.263	678	0	21
2025.12.30	04:24:00	156.263	156.327	156.262	156.265	618	0	21
2025.12.30	04:36:00	156.265	156.304	156.254	156.275	708	0	21
2025.12.30	04:48:00	156.275	156.313	156.263	156.294	633	0	21
2025.12.30	05:00:00	156.294	156.32	156.271	156.31	345	0	21
2025.12.30	05:12:00	156.311	156.322	156.291	156.298	305	0	21
2025.12.30	05:24:00	156.298	156.309	156.246	156.247	371	0	23
2025.12.30	05:36:00	156.246	156.263	156.225	156.247	330	0	21
2025.12.30	05:48:00	156.247	156.257	156.203	156.256	312	0	22
2025.12.30	06:00:00	156.259	156.275	156.245	156.252	553	0	21
2025.12.30	06:12:00	156.251	156.271	156.209	156.23	312	0	21
2025.12.30	06:24:00	156.229	156.234	156.186	156.188	326	0	23
2025.12.30	06:36:00	156.189	156.189	156.103	156.112	398	0	21
2025.12.30	06:48:00	156.113	156.113	156.039	156.071	641	0	21
2025.12.30	07:00:00	156.071	156.071	156.001	156.062	653	0	21
2025.12.30	07:12:00	156.063	156.086	156.036	156.078	491	0	21
2025.12.30	07:24:00	156.075	156.089	156.028	156.044	548	0	21
2025.12.30	07:36:00	156.043	156.065	156.01	156.043	775	0	21
2025.12.30	07:48:00	156.042	156.092	156.015	156.03	702	0	21
2025.12.30	08:00:00	156.032	156.053	155.998	156.02	741	0	21
2025.12.30	08:12:00	156.019	156.023	155.927	155.976	730	0	21
2025.12.30	08:24:00	155.976	156.085	155.963	156.071	599	0	21
2025.12.30	08:36:00	156.073	156.086	155.957	156.008	774	0	21
2025.12.30	08:48:00	156.005	156.058	156.001	156.027	609	0	21
2025.12.30	09:00:00	156.024	156.041	155.983	156.022	923	0	21
2025.12.30	09:12:00	156.021	156.07	155.974	156.06	692	0	21
2025.12.30	09:24:00	156.061	156.096	155.985	155.989	633	0	21
2025.12.30	09:36:00	155.99	156.008	155.911	155.945	696	0	22
2025.12.30	09:48:00	155.944	156.001	155.907	155.97	643	0	21
2025.12.30	10:00:00	155.965	156.014	155.87	155.946	1239	0	21
2025.12.30	10:12:00	155.949	155.961	155.876	155.887	831	0	21
2025.12.30	10:24:00	155.888	155.922	155.844	155.917	893	0	21
2025.12.30	10:36:00	155.916	155.941	155.876	155.929	633	0	21
2025.12.30	10:48:00	155.928	155.971	155.909	155.97	647	0	21
2025.12.30	11:00:00	155.971	155.998	155.902	155.903	862	0	21
2025.12.30	11:12:00	155.904	155.909	155.857	155.886	767	0	21
2025.12.30	11:24:00	155.891	155.963	155.885	155.96	841	0	21
2025.12.30	11:36:00	155.961	155.963	155.895	155.911	745	0	21
2025.12.30	11:48:00	155.909	155.917	155.878	155.912	724	0	21
2025.12.30	12:00:00	155.916	155.919	155.815	155.827	887	0	21
2025.12.30	12:12:00	155.828	155.858	155.823	155.831	535	0	22
2025.12.30	12:24:00	155.834	155.855	155.78	155.796	717	0	21
2025.12.30	12:36:00	155.795	155.822	155.732	155.81	722	0	21
2025.12.30	12:48:00	155.811	155.843	155.763	155.84	602	0	21
2025.12.30	13:00:00	155.841	155.859	155.813	155.818	579	0	21
2025.12.30	13:12:00	155.817	155.846	155.816	155.844	435	0	21
2025.12.30	13:24:00	155.845	155.858	155.823	155.836	536	0	21
2025.12.30	13:36:00	155.837	155.933	155.836	155.924	720	0	21
2025.12.30	13:48:00	155.931	155.936	155.86	155.88	852	0	21
2025.12.30	14:00:00	155.879	155.939	155.873	155.914	811	0	21
2025.12.30	14:12:00	155.914	155.987	155.895	155.976	648	0	21
2025.12.30	14:24:00	155.976	156.001	155.939	155.961	698	0	21
2025.12.30	14:36:00	155.962	155.983	155.945	155.983	618	0	21
2025.12.30	14:48:00	155.982	155.985	155.933	155.939	671	0	22
2025.12.30	15:00:00	155.942	156.072	155.934	156.071	807	0	21
2025.12.30	15:12:00	156.071	156.131	156.047	156.113	973	0	21
2025.12.30	15:24:00	156.113	156.139	156.073	156.077	1074	0	21
2025.12.30	15:36:00	156.078	156.117	156.076	156.113	925	0	21
2025.12.30	15:48:00	156.112	156.2	156.101	156.184	986	0	21
2025.12.30	16:00:00	156.184	156.21	156.111	156.138	784	0	21
2025.12.30	16:12:00	156.138	156.191	156.125	156.177	663	0	21
2025.12.30	16:24:00	156.172	156.299	156.165	156.268	670	0	21
2025.12.30	16:36:00	156.269	156.293	156.243	156.262	571	0	21
2025.12.30	16:48:00	156.262	156.308	156.221	156.26	1314	0	21
2025.12.30	17:00:00	156.26	156.358	156.26	156.319	1434	0	21
2025.12.30	17:12:00	156.318	156.43	156.317	156.412	1316	0	21
2025.12.30	17:24:00	156.413	156.49	156.411	156.429	850	0	21
2025.12.30	17:36:00	156.428	156.554	156.419	156.537	1237	0	21
2025.12.30	17:48:00	156.537	156.548	156.311	156.317	1459	0	21
2025.12.30	18:00:00	156.314	156.361	156.296	156.332	972	0	21
2025.12.30	18:12:00	156.332	156.339	156.213	156.215	836	0	21
2025.12.30	18:24:00	156.215	156.276	156.214	156.253	756	0	21
2025.12.30	18:36:00	156.254	156.271	156.229	156.241	419	0	21
2025.12.30	18:48:00	156.241	156.263	156.235	156.249	446	0	21
2025.12.30	19:00:00	156.25	156.326	156.234	156.323	369	0	21
2025.12.30	19:12:00	156.323	156.395	156.315	156.387	427	0	21
2025.12.30	19:24:00	156.387	156.387	156.349	156.363	396	0	21
2025.12.30	19:36:00	156.364	156.366	156.336	156.349	491	0	21
2025.12.30	19:48:00	156.348	156.362	156.316	156.323	567	0	21
2025.12.30	20:00:00	156.323	156.34	156.297	156.323	740	0	21
2025.12.30	20:12:00	156.322	156.354	156.31	156.354	377	0	21
2025.12.30	20:24:00	156.355	156.355	156.326	156.341	469	0	21
2025.12.30	20:36:00	156.342	156.397	156.342	156.393	342	0	21
2025.12.30	20:48:00	156.394	156.419	156.371	156.385	396	0	21
2025.12.30	21:00:00	156.384	156.46	156.378	156.404	522	0	21
2025.12.30	21:12:00	156.404	156.404	156.367	156.39	481	0	21
2025.12.30	21:24:00	156.39	156.419	156.364	156.415	428	0	21
2025.12.30	21:36:00	156.416	156.432	156.389	156.423	461	0	21
2025.12.30	21:48:00	156.424	156.513	156.417	156.487	774	0	21
2025.12.30	22:00:00	156.485	156.485	156.426	156.427	552	0	21
2025.12.30	22:12:00	156.428	156.449	156.417	156.426	578	0	21
2025.12.30	22:24:00	156.426	156.448	156.424	156.442	397	0	21
2025.12.30	22:36:00	156.441	156.453	156.426	156.45	284	0	21
2025.12.30	22:48:00	156.453	156.489	156.424	156.454	459	0	21
2025.12.30	23:00:00	156.453	156.456	156.391	156.402	363	0	21
2025.12.30	23:12:00	156.401	156.431	156.4	156.43	187	0	21
2025.12.30	23:24:00	156.43	156.436	156.403	156.422	156	0	21
2025.12.30	23:36:00	156.422	156.426	156.397	156.402	243	0	24
2025.12.30	23:48:00	156.402	156.422	156.372	156.372	511	0	24
2025.12.31	00:00:00	156.372	156.372	156.258	156.309	34	0	65
2025.12.31	00:12:00	156.308	156.336	156.308	156.331	40	0	84
2025.12.31	00:24:00	156.332	156.346	156.329	156.344	54	0	75
2025.12.31	00:36:00	156.344	156.368	156.343	156.359	248	0	48
2025.12.31	00:48:00	156.359	156.364	156.343	156.344	136	0	49
2025.12.31	01:00:00	156.346	156.361	156.317	156.35	133	0	28
2025.12.31	01:12:00	156.35	156.366	156.338	156.364	84	0	25
2025.12.31	01:24:00	156.363	156.422	156.362	156.416	188	0	25
2025.12.31	01:36:00	156.417	156.452	156.409	156.443	138	0	23
2025.12.31	01:48:00	156.443	156.443	156.387	156.387	326	0	22
2025.12.31	02:00:00	156.386	156.394	156.318	156.343	564	0	21
2025.12.31	02:12:00	156.344	156.437	156.343	156.417	392	0	21
2025.12.31	02:24:00	156.416	156.442	156.387	156.417	434	0	21
2025.12.31	02:36:00	156.425	156.454	156.409	156.438	458	0	21
2025.12.31	02:48:00	156.438	156.439	156.338	156.38	611	0	21
2025.12.31	03:00:00	156.38	156.441	156.345	156.399	670	0	21
2025.12.31	03:12:00	156.4	156.402	156.342	156.367	419	0	21
2025.12.31	03:24:00	156.369	156.403	156.345	156.378	380	0	21
2025.12.31	03:36:00	156.373	156.405	156.351	156.391	441	0	22
2025.12.31	03:48:00	156.39	156.427	156.354	156.42	714	0	21
2025.12.31	04:00:00	156.421	156.452	156.414	156.438	608	0	21
2025.12.31	04:12:00	156.443	156.475	156.412	156.426	333	0	22
2025.12.31	04:24:00	156.424	156.442	156.416	156.438	295	0	23
2025.12.31	04:36:00	156.439	156.465	156.414	156.454	616	0	22
2025.12.31	04:48:00	156.454	156.481	156.439	156.472	596	0	21
2025.12.31	05:00:00	156.47	156.473	156.436	156.454	351	0	21
2025.12.31	05:12:00	156.455	156.474	156.447	156.461	331	0	24
2025.12.31	05:24:00	156.46	156.473	156.451	156.463	516	0	21
2025.12.31	05:36:00	156.463	156.484	156.455	156.473	258	0	22
2025.12.31	05:48:00	156.473	156.483	156.458	156.482	270	0	21
2025.12.31	06:00:00	156.481	156.511	156.481	156.494	405	0	21
2025.12.31	06:12:00	156.499	156.563	156.497	156.531	578	0	21
2025.12.31	06:24:00	156.531	156.535	156.519	156.532	399	0	23
2025.12.31	06:36:00	156.533	156.573	156.529	156.57	300	0	24
2025.12.31	06:48:00	156.57	156.626	156.568	156.599	548	0	21
2025.12.31	07:00:00	156.599	156.604	156.57	156.592	369	0	22
2025.12.31	07:12:00	156.591	156.619	156.58	156.593	220	0	22
2025.12.31	07:24:00	156.592	156.603	156.574	156.592	248	0	23
2025.12.31	07:36:00	156.59	156.591	156.537	156.544	217	0	23
2025.12.31	07:48:00	156.549	156.591	156.544	156.58	373	0	21
2025.12.31	08:00:00	156.58	156.629	156.578	156.619	581	0	21
2025.12.31	08:12:00	156.62	156.641	156.606	156.615	405	0	21
2025.12.31	08:24:00	156.612	156.615	156.592	156.597	378	0	21
2025.12.31	08:36:00	156.597	156.597	156.57	156.583	319	0	21
2025.12.31	08:48:00	156.582	156.606	156.579	156.601	397	0	21
2025.12.31	09:00:00	156.601	156.634	156.573	156.629	811	0	21
2025.12.31	09:12:00	156.628	156.629	156.594	156.607	562	0	21
2025.12.31	09:24:00	156.608	156.629	156.583	156.605	495	0	21
2025.12.31	09:36:00	156.606	156.616	156.559	156.581	576	0	21
2025.12.31	09:48:00	156.582	156.597	156.555	156.556	510	0	21
2025.12.31	10:00:00	156.555	156.58	156.529	156.539	696	0	21
2025.12.31	10:12:00	156.542	156.551	156.507	156.525	529	0	21
2025.12.31	10:24:00	156.524	156.575	156.522	156.529	679	0	22
2025.12.31	10:36:00	156.529	156.575	156.495	156.57	506	0	21
2025.12.31	10:48:00	156.571	156.597	156.563	156.583	649	0	21
2025.12.31	11:00:00	156.584	156.608	156.572	156.587	816	0	21
2025.12.31	11:12:00	156.589	156.618	156.562	156.57	539	0	22
2025.12.31	11:24:00	156.571	156.603	156.545	156.588	543	0	21
2025.12.31	11:36:00	156.588	156.593	156.565	156.585	387	0	21
2025.12.31	11:48:00	156.584	156.639	156.581	156.619	829	0	21
2025.12.31	12:00:00	156.618	156.662	156.597	156.659	638	0	21
2025.12.31	12:12:00	156.66	156.662	156.634	156.649	633	0	21
2025.12.31	12:24:00	156.648	156.652	156.584	156.598	459	0	21
2025.12.31	12:36:00	156.598	156.638	156.594	156.623	345	0	21
2025.12.31	12:48:00	156.624	156.649	156.598	156.644	593	0	21
2025.12.31	13:00:00	156.645	156.664	156.635	156.646	463	0	21
2025.12.31	13:12:00	156.645	156.648	156.62	156.638	524	0	21
2025.12.31	13:24:00	156.637	156.65	156.632	156.642	422	0	21
2025.12.31	13:36:00	156.641	156.65	156.62	156.643	448	0	21
2025.12.31	13:48:00	156.643	156.649	156.595	156.599	505	0	22
2025.12.31	14:00:00	156.598	156.603	156.541	156.593	723	0	21
2025.12.31	14:12:00	156.592	156.604	156.554	156.588	670	0	21
2025.12.31	14:24:00	156.589	156.625	156.58	156.6	681	0	21
2025.12.31	14:36:00	156.6	156.632	156.593	156.61	861	0	21
2025.12.31	14:48:00	156.611	156.627	156.581	156.589	963	0	21
2025.12.31	15:00:00	156.59	156.659	156.576	156.647	1172	0	21
2025.12.31	15:12:00	156.646	156.657	156.605	156.62	769	0	21
2025.12.31	15:24:00	156.62	156.79	156.62	156.778	1368	0	21
2025.12.31	15:36:00	156.777	156.788	156.745	156.766	1140	0	21
2025.12.31	15:48:00	156.766	156.822	156.753	156.801	1187	0	22
2025.12.31	16:00:00	156.802	156.931	156.789	156.888	1135	0	21
2025.12.31	16:12:00	156.889	156.935	156.877	156.923	1082	0	21
2025.12.31	16:24:00	156.924	156.934	156.838	156.868	1202	0	21
2025.12.31	16:36:00	156.867	156.923	156.831	156.856	1424	0	21
2025.12.31	16:48:00	156.855	156.935	156.849	156.914	1185	0	21
2025.12.31	17:00:00	156.915	156.981	156.91	156.975	1229	0	21
2025.12.31	17:12:00	156.976	156.983	156.901	156.91	1163	0	21
2025.12.31	17:24:00	156.909	156.94	156.853	156.861	1466	0	21
2025.12.31	17:36:00	156.863	156.93	156.838	156.929	1218	0	21
2025.12.31	17:48:00	156.925	156.933	156.704	156.732	2256	0	21
2025.12.31	18:00:00	156.731	156.737	156.633	156.711	1720	0	21
2025.12.31	18:12:00	156.711	156.796	156.69	156.794	972	0	22
2025.12.31	18:24:00	156.795	156.822	156.753	156.809	880	0	21
2025.12.31	18:36:00	156.809	156.833	156.78	156.823	838	0	21
2025.12.31	18:48:00	156.823	156.834	156.793	156.801	820	0	22
2025.12.31	19:00:00	156.798	156.831	156.752	156.793	887	0	21
2025.12.31	19:12:00	156.792	156.817	156.766	156.767	870	0	21
2025.12.31	19:24:00	156.768	156.816	156.757	156.813	730	0	21
2025.12.31	19:36:00	156.809	156.828	156.76	156.774	714	0	21
2025.12.31	19:48:00	156.775	156.845	156.768	156.814	967	0	22
2026.01.02	08:00:00	156.901	156.956	156.899	156.922	472	0	21
2026.01.02	08:12:00	156.924	156.943	156.899	156.935	412	0	21
2026.01.02	08:24:00	156.934	156.982	156.932	156.976	367	0	21
2026.01.02	08:36:00	156.976	156.983	156.968	156.974	377	0	21
2026.01.02	08:48:00	156.974	156.981	156.943	156.945	511	0	21
2026.01.02	09:00:00	156.946	156.982	156.898	156.93	944	0	21
2026.01.02	09:12:00	156.93	156.939	156.873	156.896	812	0	21
2026.01.02	09:24:00	156.895	156.896	156.847	156.885	757	0	21
2026.01.02	09:36:00	156.885	156.89	156.819	156.844	768	0	21
2026.01.02	09:48:00	156.843	156.863	156.822	156.848	763	0	21
2026.01.02	10:00:00	156.849	156.978	156.808	156.978	1097	0	21
2026.01.02	10:12:00	156.979	156.984	156.929	156.955	821	0	21
2026.01.02	10:24:00	156.955	156.986	156.909	156.934	957	0	21
2026.01.02	10:36:00	156.934	156.95	156.901	156.908	484	0	21
2026.01.02	10:48:00	156.909	156.922	156.861	156.867	869	0	22
2026.01.02	11:00:00	156.866	156.9	156.821	156.836	957	0	21
2026.01.02	11:12:00	156.836	156.861	156.756	156.787	1539	0	21
2026.01.02	11:24:00	156.788	156.825	156.782	156.819	504	0	21
2026.01.02	11:36:00	156.82	156.851	156.79	156.826	506	0	21
2026.01.02	11:48:00	156.827	156.905	156.826	156.902	422	0	21
2026.01.02	12:00:00	156.901	156.914	156.881	156.899	849	0	21
2026.01.02	12:12:00	156.9	156.914	156.818	156.824	723	0	21
2026.01.02	12:24:00	156.825	156.854	156.79	156.85	517	0	21
2026.01.02	12:36:00	156.853	156.866	156.841	156.851	294	0	21
2026.01.02	12:48:00	156.852	156.862	156.804	156.83	454	0	22
2026.01.02	13:00:00	156.83	156.854	156.812	156.854	326	0	22
2026.01.02	13:12:00	156.853	156.902	156.852	156.901	435	0	21
2026.01.02	13:24:00	156.9	156.902	156.851	156.876	447	0	21
2026.01.02	13:36:00	156.876	156.922	156.876	156.899	374	0	21
2026.01.02	13:48:00	156.899	156.936	156.898	156.909	482	0	21
2026.01.02	14:00:00	156.909	156.909	156.86	156.882	397	0	21
2026.01.02	14:12:00	156.883	156.93	156.881	156.886	405	0	22
2026.01.02	14:24:00	156.886	156.939	156.886	156.938	530	0	21
2026.01.02	14:36:00	156.938	156.989	156.933	156.959	519	0	21
2026.01.02	14:48:00	156.968	156.978	156.928	156.928	381	0	22
2026.01.02	15:00:00	156.929	156.948	156.856	156.875	799	0	21
2026.01.02	15:12:00	156.874	156.878	156.819	156.849	931	0	21
2026.01.02	15:24:00	156.848	156.909	156.846	156.869	926	0	21
2026.01.02	15:36:00	156.87	156.936	156.836	156.853	635	0	21
2026.01.02	15:48:00	156.854	156.931	156.854	156.895	725	0	21
2026.01.02	16:00:00	156.895	156.908	156.866	156.874	790	0	21
2026.01.02	16:12:00	156.874	156.896	156.848	156.87	516	0	21
2026.01.02	16:24:00	156.869	156.874	156.812	156.823	1000	0	21
2026.01.02	16:36:00	156.823	156.863	156.81	156.832	1222	0	21
2026.01.02	16:48:00	156.829	156.874	156.796	156.84	1013	0	21
2026.01.02	17:00:00	156.841	156.881	156.649	156.718	1620	0	21
2026.01.02	17:12:00	156.719	156.744	156.645	156.66	1197	0	21
2026.01.02	17:24:00	156.657	156.731	156.635	156.703	1383	0	21
2026.01.02	17:36:00	156.695	156.706	156.654	156.66	1165	0	21
2026.01.02	17:48:00	156.66	156.661	156.55	156.579	1548	0	21
2026.01.02	18:00:00	156.579	156.617	156.551	156.591	1484	0	21
2026.01.02	18:12:00	156.592	156.667	156.591	156.619	1046	0	21
2026.01.02	18:24:00	156.624	156.676	156.617	156.663	956	0	21
2026.01.02	18:36:00	156.663	156.733	156.663	156.725	649	0	21
2026.01.02	18:48:00	156.725	156.758	156.712	156.713	729	0	21
2026.01.02	19:00:00	156.712	156.747	156.71	156.722	614	0	21
2026.01.02	19:12:00	156.723	156.762	156.72	156.734	589	0	21
2026.01.02	19:24:00	156.734	156.764	156.696	156.71	473	0	21
2026.01.02	19:36:00	156.71	156.748	156.708	156.734	505	0	22
2026.01.02	19:48:00	156.733	156.771	156.723	156.759	550	0	21
2026.01.02	20:00:00	156.758	156.823	156.752	156.822	366	0	21
2026.01.02	20:12:00	156.822	156.866	156.822	156.865	524	0	21
2026.01.02	20:24:00	156.866	156.915	156.865	156.913	577	0	21
2026.01.02	20:36:00	156.913	156.927	156.878	156.914	657	0	21
2026.01.02	20:48:00	156.912	156.937	156.876	156.881	685	0	21
2026.01.02	21:00:00	156.879	156.929	156.877	156.926	623	0	21
2026.01.02	21:12:00	156.927	156.936	156.903	156.932	386	0	21
2026.01.02	21:24:00	156.931	156.945	156.916	156.917	559	0	21
2026.01.02	21:36:00	156.916	156.921	156.893	156.895	447	0	21
2026.01.02	21:48:00	156.894	156.895	156.834	156.845	606	0	21
2026.01.02	22:00:00	156.845	156.899	156.834	156.856	754	0	21
2026.01.02	22:12:00	156.856	156.872	156.845	156.871	524	0	21
2026.01.02	22:24:00	156.872	156.887	156.859	156.881	756	0	23
2026.01.02	22:36:00	156.881	156.882	156.836	156.854	638	0	21
2026.01.02	22:48:00	156.854	156.878	156.854	156.865	609	0	21
2026.01.02	23:00:00	156.865	156.878	156.804	156.818	385	0	21
2026.01.02	23:12:00	156.819	156.831	156.815	156.83	163	0	22
2026.01.02	23:24:00	156.829	156.83	156.801	156.802	176	0	22
2026.01.02	23:36:00	156.802	156.858	156.799	156.853	218	0	24
2026.01.02	23:48:00	156.853	156.858	156.821	156.854	740	0	26
2026.01.05	00:00:00	156.688	156.727	156.688	156.717	42	0	74
2026.01.05	00:12:00	156.723	156.768	156.716	156.732	71	0	65
2026.01.05	00:24:00	156.732	156.77	156.727	156.742	390	0	55
2026.01.05	00:36:00	156.742	156.742	156.726	156.734	188	0	45
2026.01.05	00:48:00	156.735	156.736	156.681	156.718	452	0	43
2026.01.05	01:00:00	156.719	156.843	156.717	156.741	440	0	21
2026.01.05	01:12:00	156.742	156.78	156.705	156.755	368	0	21
2026.01.05	01:24:00	156.755	156.931	156.755	156.919	468	0	21
2026.01.05	01:36:00	156.919	156.987	156.893	156.942	653	0	22
2026.01.05	01:48:00	156.942	157.001	156.905	156.987	866	0	21
2026.01.05	02:00:00	156.988	157.107	156.908	157.059	1734	0	21
2026.01.05	02:12:00	157.058	157.153	157.047	157.097	1228	0	21
2026.01.05	02:24:00	157.096	157.153	157.057	157.148	1162	0	21
2026.01.05	02:36:00	157.149	157.209	157.148	157.163	913	0	21
2026.01.05	02:48:00	157.165	157.24	157.109	157.138	1506	0	21
2026.01.05	03:00:00	157.139	157.171	157.075	157.098	1451	0	21
2026.01.05	03:12:00	157.098	157.106	157.015	157.046	1156	0	21
2026.01.05	03:24:00	157.045	157.166	157.041	157.153	1202	0	21
2026.01.05	03:36:00	157.152	157.152	156.928	156.964	1229	0	21
2026.01.05	03:48:00	156.965	157.067	156.941	157.004	1235	0	21
2026.01.05	04:00:00	157.003	157.065	156.99	156.991	1109	0	21
2026.01.05	04:12:00	156.991	157.126	156.94	157.125	878	0	21
2026.01.05	04:24:00	157.126	157.162	157.099	157.161	703	0	21
2026.01.05	04:36:00	157.159	157.194	157.12	157.137	880	0	21
2026.01.05	04:48:00	157.137	157.145	157.103	157.135	415	0	21
2026.01.05	05:00:00	157.137	157.193	157.118	157.167	746	0	21
2026.01.05	05:12:00	157.167	157.19	157.117	157.168	550	0	21
2026.01.05	05:24:00	157.168	157.225	157.165	157.199	657	0	21
2026.01.05	05:36:00	157.199	157.208	157.154	157.195	441	0	21
2026.01.05	05:48:00	157.195	157.22	157.155	157.219	455	0	21
2026.01.05	06:00:00	157.22	157.274	157.22	157.27	702	0	21
2026.01.05	06:12:00	157.272	157.284	157.235	157.25	505	0	21
2026.01.05	06:24:00	157.248	157.285	157.235	157.241	314	0	21
2026.01.05	06:36:00	157.241	157.25	157.21	157.23	374	0	21
2026.01.05	06:48:00	157.23	157.271	157.214	157.269	264	0	21
2026.01.05	07:00:00	157.269	157.281	157.212	157.225	561	0	21
2026.01.05	07:12:00	157.225	157.225	157.176	157.178	519	0	21
2026.01.05	07:24:00	157.179	157.192	157.116	157.116	355	0	21
2026.01.05	07:36:00	157.115	157.154	157.103	157.133	508	0	21
2026.01.05	07:48:00	157.134	157.185	157.131	157.171	604	0	21
2026.01.05	08:00:00	157.174	157.222	157.133	157.179	602	0	21
2026.01.05	08:12:00	157.181	157.189	157.125	157.129	645	0	21
2026.01.05	08:24:00	157.126	157.129	157.01	157.011	632	0	21
2026.01.05	08:36:00	157.01	157.067	157.008	157.047	816	0	21
2026.01.05	08:48:00	157.046	157.08	157.004	157.019	560	0	21
2026.01.05	09:00:00	157.019	157.034	156.963	156.997	1005	0	21
2026.01.05	09:12:00	156.995	157.019	156.975	156.992	617	0	22
2026.01.05	09:24:00	156.992	157.056	156.964	157.017	601	0	21
2026.01.05	09:36:00	157.017	157.065	156.967	157.049	624	0	21
2026.01.05	09:48:00	157.048	157.07	156.968	156.979	715	0	21
2026.01.05	10:00:00	156.979	157.029	156.892	156.959	1389	0	21
2026.01.05	10:12:00	156.959	156.968	156.789	156.802	1158	0	21
2026.01.05	10:24:00	156.804	156.833	156.676	156.831	1571	0	21
2026.01.05	10:36:00	156.831	156.871	156.788	156.828	1141	0	21
2026.01.05	10:48:00	156.829	156.863	156.794	156.821	919	0	21
2026.01.05	11:00:00	156.818	156.853	156.771	156.808	1041	0	21
2026.01.05	11:12:00	156.809	156.867	156.786	156.796	1070	0	21
2026.01.05	11:24:00	156.796	156.879	156.782	156.878	917	0	21
2026.01.05	11:36:00	156.878	156.988	156.851	156.974	1037	0	21
2026.01.05	11:48:00	156.975	156.98	156.912	156.915	975	0	21
2026.01.05	12:00:00	156.914	156.927	156.828	156.837	1032	0	21
2026.01.05	12:12:00	156.836	156.867	156.738	156.748	872	0	21
2026.01.05	12:24:00	156.749	156.769	156.697	156.708	897	0	21
2026.01.05	12:36:00	156.703	156.736	156.657	156.663	797	0	21
2026.01.05	12:48:00	156.663	156.666	156.561	156.591	1331	0	21
2026.01.05	13:00:00	156.591	156.591	156.52	156.557	1220	0	21
2026.01.05	13:12:00	156.556	156.597	156.534	156.546	938	0	21
2026.01.05	13:24:00	156.545	156.617	156.545	156.594	919	0	21
2026.01.05	13:36:00	156.593	156.634	156.575	156.63	691	0	21
2026.01.05	13:48:00	156.631	156.649	156.582	156.61	759	0	21
2026.01.05	14:00:00	156.612	156.612	156.542	156.599	664	0	21
2026.01.05	14:12:00	156.598	156.605	156.544	156.578	714	0	21
2026.01.05	14:24:00	156.578	156.579	156.492	156.506	819	0	21
2026.01.05	14:36:00	156.505	156.615	156.455	156.615	1092	0	21
2026.01.05	14:48:00	156.615	156.674	156.603	156.636	1181	0	21
2026.01.05	15:00:00	156.635	156.858	156.631	156.832	1875	0	21
2026.01.05	15:12:00	156.832	156.873	156.793	156.821	1584	0	21
2026.01.05	15:24:00	156.82	156.935	156.809	156.898	1307	0	21
2026.01.05	15:36:00	156.897	156.965	156.882	156.925	1085	0	21
2026.01.05	15:48:00	156.924	156.93	156.799	156.815	1324	0	21
2026.01.05	16:00:00	156.814	156.843	156.7	156.701	1117	0	21
2026.01.05	16:12:00	156.702	156.74	156.695	156.732	920	0	21
2026.01.05	16:24:00	156.728	156.786	156.69	156.715	1641	0	21
2026.01.05	16:36:00	156.716	156.839	156.705	156.735	2109	0	21
2026.01.05	16:48:00	156.737	156.763	156.697	156.736	1480	0	21
2026.01.05	17:00:00	156.713	156.737	156.579	156.661	1874	0	21
2026.01.05	17:12:00	156.661	156.694	156.597	156.629	1681	0	21
2026.01.05	17:24:00	156.632	156.633	156.444	156.463	1713	0	21
2026.01.05	17:36:00	156.462	156.574	156.46	156.574	1344	0	21
2026.01.05	17:48:00	156.575	156.665	156.553	156.567	1443	0	21
2026.01.05	18:00:00	156.567	156.576	156.465	156.49	1511	0	21
2026.01.05	18:12:00	156.49	156.502	156.436	156.476	1075	0	21
2026.01.05	18:24:00	156.477	156.497	156.351	156.36	1331	0	21
2026.01.05	18:36:00	156.36	156.393	156.314	156.321	1049	0	21
2026.01.05	18:48:00	156.322	156.365	156.294	156.312	1094	0	21
2026.01.05	19:00:00	156.313	156.367	156.289	156.36	1016	0	21
2026.01.05	19:12:00	156.361	156.371	156.258	156.261	790	0	21
2026.01.05	19:24:00	156.261	156.316	156.255	156.271	702	0	21
2026.01.05	19:36:00	156.271	156.337	156.27	156.324	450	0	21
2026.01.05	19:48:00	156.323	156.326	156.304	156.318	442	0	21
2026.01.05	20:00:00	156.318	156.346	156.275	156.297	526	0	21
2026.01.05	20:12:00	156.298	156.305	156.26	156.286	331	0	21
2026.01.05	20:24:00	156.287	156.342	156.272	156.276	428	0	21
2026.01.05	20:36:00	156.276	156.276	156.193	156.199	378	0	21
2026.01.05	20:48:00	156.198	156.251	156.169	156.175	582	0	21
2026.01.05	21:00:00	156.174	156.174	156.104	156.152	715	0	21
2026.01.05	21:12:00	156.149	156.168	156.129	156.153	570	0	21
2026.01.05	21:24:00	156.154	156.167	156.125	156.126	613	0	21
2026.01.05	21:36:00	156.12	156.178	156.112	156.164	631	0	21
2026.01.05	21:48:00	156.164	156.233	156.137	156.221	777	0	21
2026.01.05	22:00:00	156.221	156.231	156.171	156.176	490	0	21
2026.01.05	22:12:00	156.178	156.228	156.175	156.222	431	0	21
2026.01.05	22:24:00	156.222	156.225	156.203	156.213	365	0	21
2026.01.05	22:36:00	156.213	156.279	156.212	156.271	485	0	21
2026.01.05	22:48:00	156.272	156.328	156.271	156.326	855	0	21
2026.01.05	23:00:00	156.325	156.371	156.31	156.37	491	0	21
2026.01.05	23:12:00	156.37	156.37	156.346	156.35	123	0	22
2026.01.05	23:24:00	156.35	156.4	156.349	156.383	148	0	21
2026.01.05	23:36:00	156.383	156.407	156.374	156.395	242	0	21
2026.01.05	23:48:00	156.396	156.403	156.333	156.333	499	0	22
2026.01.06	00:00:00	156.333	156.335	156.212	156.332	39	0	94
2026.01.06	00:12:00	156.333	156.365	156.262	156.365	76	0	57
2026.01.06	00:24:00	156.367	156.403	156.36	156.399	90	0	44
2026.01.06	00:36:00	156.399	156.478	156.395	156.464	73	0	33
2026.01.06	00:48:00	156.462	156.497	156.429	156.491	127	0	48
2026.01.06	01:00:00	156.492	156.559	156.469	156.526	342	0	21
2026.01.06	01:12:00	156.524	156.532	156.496	156.507	331	0	21
2026.01.06	01:24:00	156.507	156.535	156.506	156.532	233	0	21
2026.01.06	01:36:00	156.532	156.593	156.525	156.581	355	0	21
2026.01.06	01:48:00	156.581	156.632	156.58	156.603	485	0	23
2026.01.06	02:00:00	156.604	156.745	156.562	156.72	1378	0	21
2026.01.06	02:12:00	156.72	156.735	156.683	156.713	796	0	21
2026.01.06	02:24:00	156.72	156.771	156.702	156.745	731	0	21
2026.01.06	02:36:00	156.745	156.75	156.692	156.72	808	0	21
2026.01.06	02:48:00	156.719	156.785	156.517	156.525	1815	0	21
2026.01.06	03:00:00	156.524	156.617	156.512	156.613	1411	0	21
2026.01.06	03:12:00	156.613	156.696	156.607	156.622	873	0	21
2026.01.06	03:24:00	156.621	156.636	156.542	156.546	702	0	21
2026.01.06	03:36:00	156.547	156.578	156.493	156.494	698	0	21
2026.01.06	03:48:00	156.493	156.54	156.439	156.441	951	0	21
2026.01.06	04:00:00	156.441	156.488	156.414	156.42	919	0	21
2026.01.06	04:12:00	156.42	156.442	156.395	156.437	654	0	21
2026.01.06	04:24:00	156.436	156.469	156.413	156.443	432	0	21
2026.01.06	04:36:00	156.444	156.452	156.31	156.322	407	0	21
2026.01.06	04:48:00	156.32	156.323	156.259	156.298	528	0	21
2026.01.06	05:00:00	156.299	156.387	156.284	156.382	525	0	21
2026.01.06	05:12:00	156.383	156.424	156.332	156.333	408	0	21
2026.01.06	05:24:00	156.333	156.426	156.333	156.384	391	0	21
2026.01.06	05:36:00	156.384	156.384	156.303	156.32	418	0	21
2026.01.06	05:48:00	156.32	156.36	156.319	156.35	718	0	21
2026.01.06	06:00:00	156.351	156.359	156.284	156.299	469	0	21
2026.01.06	06:12:00	156.295	156.295	156.23	156.272	440	0	21
2026.01.06	06:24:00	156.273	156.297	156.241	156.289	390	0	21
2026.01.06	06:36:00	156.29	156.411	156.287	156.409	617	0	21
2026.01.06	06:48:00	156.408	156.428	156.338	156.369	536	0	21
2026.01.06	07:00:00	156.37	156.384	156.321	156.341	464	0	21
2026.01.06	07:12:00	156.34	156.355	156.311	156.321	410	0	21
2026.01.06	07:24:00	156.32	156.345	156.291	156.333	491	0	21
2026.01.06	07:36:00	156.334	156.391	156.276	156.385	712	0	21
2026.01.06	07:48:00	156.385	156.435	156.383	156.417	925	0	21
2026.01.06	08:00:00	156.417	156.464	156.392	156.454	850	0	21
2026.01.06	08:12:00	156.454	156.466	156.384	156.384	538	0	21
2026.01.06	08:24:00	156.383	156.445	156.371	156.407	837	0	21
2026.01.06	08:36:00	156.406	156.425	156.368	156.368	727	0	21
2026.01.06	08:48:00	156.368	156.391	156.319	156.357	772	0	21
2026.01.06	09:00:00	156.358	156.359	156.22	156.272	1003	0	21
2026.01.06	09:12:00	156.271	156.36	156.271	156.336	744	0	21
2026.01.06	09:24:00	156.336	156.35	156.254	156.275	685	0	21
2026.01.06	09:36:00	156.273	156.289	156.239	156.275	680	0	21
2026.01.06	09:48:00	156.275	156.353	156.263	156.323	956	0	21
2026.01.06	10:00:00	156.323	156.378	156.152	156.197	1666	0	21
2026.01.06	10:12:00	156.197	156.303	156.194	156.298	1161	0	21
2026.01.06	10:24:00	156.299	156.376	156.265	156.361	1292	0	21
2026.01.06	10:36:00	156.361	156.369	156.305	156.325	945	0	21
2026.01.06	10:48:00	156.324	156.358	156.297	156.31	824	0	21
2026.01.06	11:00:00	156.309	156.345	156.232	156.245	1412	0	21
2026.01.06	11:12:00	156.244	156.332	156.22	156.328	1284	0	21
2026.01.06	11:24:00	156.327	156.454	156.322	156.454	815	0	21
2026.01.06	11:36:00	156.454	156.471	156.368	156.386	807	0	21
2026.01.06	11:48:00	156.387	156.398	156.313	156.366	1038	0	21
2026.01.06	12:00:00	156.365	156.379	156.269	156.291	1116	0	21
2026.01.06	12:12:00	156.292	156.351	156.292	156.323	942	0	21
2026.01.06	12:24:00	156.322	156.376	156.317	156.336	703	0	21
2026.01.06	12:36:00	156.336	156.441	156.333	156.438	792	0	21
2026.01.06	12:48:00	156.438	156.452	156.4	156.435	876	0	21
2026.01.06	13:00:00	156.435	156.504	156.428	156.491	572	0	21
2026.01.06	13:12:00	156.493	156.528	156.46	156.468	735	0	21
2026.01.06	13:24:00	156.467	156.473	156.41	156.416	743	0	21
2026.01.06	13:36:00	156.417	156.435	156.395	156.435	684	0	21
2026.01.06	13:48:00	156.435	156.464	156.417	156.439	816	0	21
2026.01.06	14:00:00	156.439	156.439	156.285	156.306	877	0	21
2026.01.06	14:12:00	156.312	156.372	156.308	156.331	684	0	21
2026.01.06	14:24:00	156.33	156.411	156.328	156.377	944	0	21
2026.01.06	14:36:00	156.377	156.444	156.354	156.433	955	0	21
2026.01.06	14:48:00	156.433	156.505	156.419	156.485	814	0	21
2026.01.06	15:00:00	156.484	156.569	156.406	156.451	1672	0	21
2026.01.06	15:12:00	156.452	156.453	156.374	156.404	1612	0	21
2026.01.06	15:24:00	156.404	156.44	156.382	156.388	1087	0	21
2026.01.06	15:36:00	156.388	156.421	156.34	156.417	1292	0	21
2026.01.06	15:48:00	156.416	156.447	156.343	156.358	1493	0	21
2026.01.06	16:00:00	156.358	156.37	156.29	156.32	1195	0	21
2026.01.06	16:12:00	156.318	156.42	156.294	156.41	1219	0	21
2026.01.06	16:24:00	156.409	156.446	156.351	156.372	1387	0	21
2026.01.06	16:36:00	156.371	156.467	156.334	156.336	1209	0	21
2026.01.06	16:48:00	156.338	156.416	156.331	156.395	1379	0	21
2026.01.06	17:00:00	156.397	156.569	156.393	156.565	1683	0	21
2026.01.06	17:12:00	156.565	156.623	156.558	156.564	1533	0	21
2026.01.06	17:24:00	156.565	156.679	156.565	156.668	1735	0	21
2026.01.06	17:36:00	156.664	156.671	156.576	156.584	1463	0	21
2026.01.06	17:48:00	156.593	156.647	156.558	156.566	1581	0	21
2026.01.06	18:00:00	156.566	156.718	156.559	156.696	1035	0	21
2026.01.06	18:12:00	156.696	156.711	156.652	156.673	839	0	21
2026.01.06	18:24:00	156.672	156.704	156.644	156.67	722	0	21
2026.01.06	18:36:00	156.67	156.699	156.636	156.696	856	0	21
2026.01.06	18:48:00	156.696	156.725	156.67	156.694	695	0	21
2026.01.06	19:00:00	156.694	156.729	156.68	156.709	686	0	21
2026.01.06	19:12:00	156.71	156.723	156.66	156.684	862	0	21
2026.01.06	19:24:00	156.684	156.728	156.683	156.727	846	0	21
2026.01.06	19:36:00	156.727	156.729	156.685	156.722	556	0	21
2026.01.06	19:48:00	156.72	156.728	156.679	156.679	425	0	21
2026.01.06	20:00:00	156.679	156.715	156.66	156.681	515	0	21
2026.01.06	20:12:00	156.68	156.71	156.652	156.709	415	0	21
2026.01.06	20:24:00	156.713	156.731	156.704	156.727	341	0	21
2026.01.06	20:36:00	156.726	156.736	156.714	156.726	293	0	21
2026.01.06	20:48:00	156.725	156.737	156.715	156.726	369	0	21
2026.01.06	21:00:00	156.726	156.734	156.705	156.716	453	0	21
2026.01.06	21:12:00	156.717	156.717	156.666	156.672	471	0	21
2026.01.06	21:24:00	156.672	156.693	156.665	156.682	352	0	21
2026.01.06	21:36:00	156.682	156.691	156.665	156.685	248	0	21
2026.01.06	21:48:00	156.685	156.692	156.598	156.62	472	0	21
2026.01.06	22:00:00	156.62	156.62	156.571	156.584	389	0	21
2026.01.06	22:12:00	156.584	156.61	156.569	156.598	318	0	22
2026.01.06	22:24:00	156.599	156.61	156.587	156.595	376	0	21
2026.01.06	22:36:00	156.595	156.596	156.559	156.56	431	0	21
2026.01.06	22:48:00	156.559	156.642	156.559	156.639	669	0	21
2026.01.06	23:00:00	156.639	156.664	156.629	156.636	404	0	21
2026.01.06	23:12:00	156.636	156.638	156.609	156.633	293	0	21
2026.01.06	23:24:00	156.633	156.667	156.622	156.655	299	0	21
2026.01.06	23:36:00	156.658	156.658	156.629	156.643	178	0	24
2026.01.06	23:48:00	156.643	156.671	156.606	156.606	271	0	26
2026.01.07	00:00:00	156.582	156.634	156.569	156.595	34	0	54
2026.01.07	00:12:00	156.596	156.627	156.594	156.627	42	0	57
2026.01.07	00:24:00	156.627	156.627	156.583	156.614	96	0	45
2026.01.07	00:36:00	156.615	156.636	156.596	156.599	112	0	36
2026.01.07	00:48:00	156.599	156.607	156.591	156.593	220	0	49
2026.01.07	01:00:00	156.597	156.665	156.597	156.631	144	0	23
2026.01.07	01:12:00	156.629	156.654	156.628	156.629	152	0	24
2026.01.07	01:24:00	156.63	156.658	156.623	156.646	260	0	23
2026.01.07	01:36:00	156.645	156.686	156.64	156.642	338	0	21
2026.01.07	01:48:00	156.643	156.693	156.616	156.653	495	0	21
2026.01.07	02:00:00	156.652	156.792	156.592	156.779	1088	0	21
2026.01.07	02:12:00	156.779	156.797	156.639	156.679	830	0	21
2026.01.07	02:24:00	156.679	156.737	156.623	156.646	1059	0	21
2026.01.07	02:36:00	156.647	156.648	156.529	156.593	1176	0	21
2026.01.07	02:48:00	156.594	156.651	156.554	156.624	1340	0	21
2026.01.07	03:00:00	156.623	156.646	156.548	156.645	1068	0	21
2026.01.07	03:12:00	156.644	156.695	156.642	156.694	803	0	21
2026.01.07	03:24:00	156.694	156.734	156.68	156.694	638	0	21
2026.01.07	03:36:00	156.695	156.725	156.659	156.704	675	0	21
2026.01.07	03:48:00	156.703	156.728	156.665	156.707	713	0	21
2026.01.07	04:00:00	156.706	156.708	156.643	156.697	544	0	21
2026.01.07	04:12:00	156.697	156.706	156.644	156.704	502	0	21
2026.01.07	04:24:00	156.705	156.717	156.679	156.704	558	0	21
2026.01.07	04:36:00	156.703	156.712	156.671	156.704	370	0	22
2026.01.07	04:48:00	156.704	156.705	156.631	156.635	353	0	21
2026.01.07	05:00:00	156.634	156.642	156.577	156.62	607	0	21
2026.01.07	05:12:00	156.62	156.631	156.591	156.593	371	0	21
2026.01.07	05:24:00	156.593	156.609	156.496	156.496	602	0	21
2026.01.07	05:36:00	156.497	156.557	156.497	156.538	355	0	21
2026.01.07	05:48:00	156.538	156.552	156.503	156.55	329	0	21
2026.01.07	06:00:00	156.549	156.556	156.503	156.55	370	0	21
2026.01.07	06:12:00	156.549	156.559	156.522	156.534	787	0	21
2026.01.07	06:24:00	156.535	156.573	156.529	156.549	451	0	21
2026.01.07	06:36:00	156.55	156.571	156.523	156.531	338	0	21
2026.01.07	06:48:00	156.534	156.538	156.501	156.527	470	0	21
2026.01.07	07:00:00	156.526	156.528	156.398	156.458	722	0	21
2026.01.07	07:12:00	156.457	156.485	156.402	156.413	435	0	21
2026.01.07	07:24:00	156.411	156.423	156.382	156.421	525	0	21
2026.01.07	07:36:00	156.42	156.453	156.392	156.416	452	0	21
2026.01.07	07:48:00	156.416	156.439	156.354	156.374	589	0	21
2026.01.07	08:00:00	156.373	156.383	156.32	156.33	804	0	21
2026.01.07	08:12:00	156.329	156.376	156.31	156.329	612	0	21
2026.01.07	08:24:00	156.33	156.361	156.294	156.327	539	0	21
2026.01.07	08:36:00	156.328	156.354	156.304	156.305	535	0	21
2026.01.07	08:48:00	156.306	156.367	156.305	156.333	690	0	21
2026.01.07	09:00:00	156.333	156.362	156.284	156.357	814	0	21
2026.01.07	09:12:00	156.358	156.418	156.342	156.415	807	0	21
2026.01.07	09:24:00	156.414	156.466	156.388	156.466	696	0	21
2026.01.07	09:36:00	156.465	156.467	156.374	156.415	942	0	21
2026.01.07	09:48:00	156.416	156.501	156.401	156.474	995	0	21
2026.01.07	10:00:00	156.474	156.513	156.446	156.497	981	0	21
2026.01.07	10:12:00	156.498	156.522	156.455	156.482	921	0	21
2026.01.07	10:24:00	156.483	156.547	156.483	156.544	792	0	21
2026.01.07	10:36:00	156.544	156.573	156.534	156.538	700	0	21
2026.01.07	10:48:00	156.538	156.538	156.491	156.515	695	0	21
2026.01.07	11:00:00	156.516	156.565	156.497	156.542	660	0	21
2026.01.07	11:12:00	156.546	156.551	156.516	156.531	691	0	21
2026.01.07	11:24:00	156.531	156.532	156.427	156.451	638	0	21
2026.01.07	11:36:00	156.45	156.489	156.42	156.47	586	0	21
2026.01.07	11:48:00	156.471	156.489	156.449	156.452	694	0	21
2026.01.07	12:00:00	156.452	156.491	156.436	156.437	611	0	21
2026.01.07	12:12:00	156.437	156.486	156.43	156.451	533	0	21
2026.01.07	12:24:00	156.451	156.497	156.451	156.48	539	0	21
2026.01.07	12:36:00	156.48	156.481	156.444	156.459	600	0	21
2026.01.07	12:48:00	156.461	156.524	156.457	156.516	666	0	21
2026.01.07	13:00:00	156.517	156.558	156.507	156.545	475	0	21
2026.01.07	13:12:00	156.544	156.545	156.497	156.534	380	0	21
2026.01.07	13:24:00	156.535	156.569	156.523	156.568	533	0	21
2026.01.07	13:36:00	156.569	156.571	156.519	156.526	618	0	21
2026.01.07	13:48:00	156.526	156.534	156.503	156.503	550	0	21
2026.01.07	14:00:00	156.503	156.512	156.463	156.502	634	0	21
2026.01.07	14:12:00	156.502	156.538	156.483	156.535	563	0	21
2026.01.07	14:24:00	156.535	156.555	156.488	156.51	728	0	21
2026.01.07	14:36:00	156.51	156.549	156.5	156.526	665	0	21
2026.01.07	14:48:00	156.526	156.527	156.491	156.501	561	0	21
2026.01.07	15:00:00	156.5	156.535	156.478	156.535	773	0	21
2026.01.07	15:12:00	156.537	156.569	156.399	156.511	1228	0	21
2026.01.07	15:24:00	156.51	156.515	156.373	156.395	1355	0	21
2026.01.07	15:36:00	156.396	156.426	156.351	156.39	1086	0	21
2026.01.07	15:48:00	156.39	156.411	156.354	156.405	1120	0	21
2026.01.07	16:00:00	156.412	156.437	156.382	156.436	957	0	21
2026.01.07	16:12:00	156.437	156.493	156.426	156.471	988	0	21
2026.01.07	16:24:00	156.471	156.509	156.451	156.484	1228	0	21
2026.01.07	16:36:00	156.485	156.544	156.456	156.476	1495	0	21
2026.01.07	16:48:00	156.475	156.501	156.385	156.394	1609	0	21
2026.01.07	17:00:00	156.395	156.646	156.393	156.607	3080	0	21
2026.01.07	17:12:00	156.607	156.669	156.581	156.645	2090	0	21
2026.01.07	17:24:00	156.643	156.677	156.563	156.599	1625	0	21
2026.01.07	17:36:00	156.599	156.612	156.497	156.61	1657	0	21
2026.01.07	17:48:00	156.61	156.713	156.588	156.67	1619	0	21
2026.01.07	18:00:00	156.67	156.71	156.631	156.708	1245	0	21
2026.01.07	18:12:00	156.708	156.789	156.708	156.733	916	0	21
2026.01.07	18:24:00	156.734	156.748	156.669	156.712	1136	0	21
2026.01.07	18:36:00	156.712	156.716	156.646	156.706	769	0	21
2026.01.07	18:48:00	156.706	156.749	156.685	156.724	487	0	21
2026.01.07	19:00:00	156.723	156.723	156.614	156.671	599	0	21
2026.01.07	19:12:00	156.669	156.696	156.634	156.634	453	0	21
2026.01.07	19:24:00	156.634	156.639	156.564	156.61	570	0	21
2026.01.07	19:36:00	156.611	156.647	156.604	156.611	381	0	21
2026.01.07	19:48:00	156.609	156.641	156.599	156.608	630	0	21
2026.01.07	20:00:00	156.607	156.638	156.585	156.635	755	0	21
2026.01.07	20:12:00	156.634	156.655	156.619	156.647	599	0	21
2026.01.07	20:24:00	156.647	156.675	156.637	156.673	372	0	21
2026.01.07	20:36:00	156.673	156.676	156.638	156.656	444	0	21
2026.01.07	20:48:00	156.656	156.693	156.64	156.686	568	0	21
2026.01.07	21:00:00	156.686	156.733	156.672	156.707	521	0	21
2026.01.07	21:12:00	156.706	156.724	156.678	156.72	484	0	21
2026.01.07	21:24:00	156.72	156.75	156.71	156.732	339	0	21
2026.01.07	21:36:00	156.733	156.743	156.718	156.736	450	0	21
2026.01.07	21:48:00	156.735	156.739	156.71	156.73	398	0	21
2026.01.07	22:00:00	156.731	156.745	156.712	156.731	556	0	21
2026.01.07	22:12:00	156.73	156.76	156.729	156.755	437	0	21
2026.01.07	22:24:00	156.755	156.776	156.754	156.764	465	0	21
2026.01.07	22:36:00	156.765	156.77	156.744	156.754	425	0	21
2026.01.07	22:48:00	156.755	156.779	156.755	156.763	383	0	21
2026.01.07	23:00:00	156.764	156.787	156.763	156.78	265	0	21
2026.01.07	23:12:00	156.78	156.785	156.777	156.783	65	0	21
2026.01.07	23:24:00	156.783	156.789	156.779	156.782	169	0	21
2026.01.07	23:36:00	156.782	156.787	156.759	156.762	157	0	22
2026.01.07	23:48:00	156.762	156.763	156.73	156.732	403	0	22
2026.01.08	00:00:00	156.731	156.731	156.685	156.702	27	0	51
2026.01.08	00:12:00	156.709	156.729	156.704	156.726	18	0	51
2026.01.08	00:24:00	156.714	156.714	156.68	156.687	30	0	42
2026.01.08	00:36:00	156.687	156.706	156.602	156.704	41	0	40
2026.01.08	00:48:00	156.704	156.704	156.654	156.654	15	0	58
2026.01.08	01:00:00	156.659	156.677	156.646	156.662	206	0	25
2026.01.08	01:12:00	156.663	156.665	156.658	156.665	99	0	26
2026.01.08	01:24:00	156.664	156.74	156.664	156.739	256	0	21
2026.01.08	01:36:00	156.74	156.743	156.699	156.719	510	0	21
2026.01.08	01:48:00	156.718	156.739	156.684	156.687	277	0	21
2026.01.08	02:00:00	156.688	156.785	156.664	156.755	909	0	21
2026.01.08	02:12:00	156.755	156.79	156.727	156.754	716	0	21
2026.01.08	02:24:00	156.754	156.783	156.721	156.779	567	0	21
2026.01.08	02:36:00	156.779	156.784	156.747	156.75	668	0	21
2026.01.08	02:48:00	156.75	156.784	156.731	156.774	898	0	21
2026.01.08	03:00:00	156.776	156.783	156.749	156.751	667	0	21
2026.01.08	03:12:00	156.752	156.753	156.705	156.739	539	0	21
2026.01.08	03:24:00	156.74	156.886	156.723	156.875	919	0	21
2026.01.08	03:36:00	156.876	156.931	156.876	156.893	763	0	21
2026.01.08	03:48:00	156.894	156.923	156.861	156.9	586	0	21
2026.01.08	04:00:00	156.899	156.907	156.868	156.903	520	0	22
2026.01.08	04:12:00	156.904	156.942	156.903	156.93	477	0	21
2026.01.08	04:24:00	156.931	156.935	156.854	156.873	288	0	21
2026.01.08	04:36:00	156.873	156.882	156.812	156.823	360	0	21
2026.01.08	04:48:00	156.823	156.856	156.819	156.826	479	0	21
2026.01.08	05:00:00	156.828	156.828	156.764	156.768	508	0	21
2026.01.08	05:12:00	156.767	156.769	156.636	156.655	726	0	21
2026.01.08	05:24:00	156.652	156.69	156.619	156.674	713	0	21
2026.01.08	05:36:00	156.675	156.731	156.664	156.683	441	0	21
2026.01.08	05:48:00	156.682	156.718	156.665	156.706	378	0	21
2026.01.08	06:00:00	156.706	156.72	156.654	156.702	552	0	21
2026.01.08	06:12:00	156.703	156.711	156.679	156.705	300	0	21
2026.01.08	06:24:00	156.705	156.706	156.654	156.671	263	0	21
2026.01.08	06:36:00	156.672	156.706	156.663	156.703	257	0	21
2026.01.08	06:48:00	156.702	156.719	156.67	156.68	281	0	21
2026.01.08	07:00:00	156.681	156.706	156.658	156.66	349	0	21
2026.01.08	07:12:00	156.659	156.712	156.644	156.701	532	0	21
2026.01.08	07:24:00	156.702	156.722	156.687	156.697	363	0	22
2026.01.08	07:36:00	156.697	156.711	156.657	156.667	670	0	21
2026.01.08	07:48:00	156.667	156.685	156.631	156.66	661	0	21
2026.01.08	08:00:00	156.658	156.678	156.553	156.556	687	0	21
2026.01.08	08:12:00	156.557	156.595	156.494	156.517	1178	0	21
2026.01.08	08:24:00	156.516	156.585	156.489	156.517	771	0	21
2026.01.08	08:36:00	156.518	156.594	156.511	156.58	522	0	22
2026.01.08	08:48:00	156.581	156.581	156.524	156.569	782	0	21
2026.01.08	09:00:00	156.569	156.624	156.532	156.622	778	0	21
2026.01.08	09:12:00	156.622	156.655	156.591	156.637	523	0	21
2026.01.08	09:24:00	156.636	156.684	156.532	156.546	957	0	21
2026.01.08	09:36:00	156.546	156.606	156.538	156.568	756	0	21
2026.01.08	09:48:00	156.568	156.593	156.457	156.457	1093	0	21
2026.01.08	10:00:00	156.456	156.547	156.448	156.518	1372	0	21
2026.01.08	10:12:00	156.518	156.581	156.473	156.556	1005	0	21
2026.01.08	10:24:00	156.555	156.651	156.544	156.625	854	0	21
2026.01.08	10:36:00	156.625	156.705	156.611	156.661	995	0	21
2026.01.08	10:48:00	156.662	156.698	156.661	156.694	721	0	21
2026.01.08	11:00:00	156.695	156.702	156.619	156.638	808	0	21
2026.01.08	11:12:00	156.637	156.687	156.637	156.674	547	0	21
2026.01.08	11:24:00	156.674	156.704	156.672	156.688	767	0	21
2026.01.08	11:36:00	156.688	156.761	156.686	156.76	663	0	21
2026.01.08	11:48:00	156.76	156.771	156.723	156.732	750	0	21
2026.01.08	12:00:00	156.735	156.769	156.724	156.739	799	0	21
2026.01.08	12:12:00	156.74	156.763	156.724	156.744	588	0	21
2026.01.08	12:24:00	156.743	156.747	156.689	156.697	679	0	21
2026.01.08	12:36:00	156.695	156.696	156.666	156.675	487	0	21
2026.01.08	12:48:00	156.676	156.695	156.668	156.671	398	0	21
2026.01.08	13:00:00	156.67	156.686	156.654	156.675	628	0	21
2026.01.08	13:12:00	156.676	156.747	156.675	156.733	425	0	21
2026.01.08	13:24:00	156.733	156.77	156.716	156.755	633	0	21
2026.01.08	13:36:00	156.755	156.769	156.737	156.744	459	0	21
2026.01.08	13:48:00	156.743	156.756	156.717	156.749	371	0	21
2026.01.08	14:00:00	156.75	156.768	156.738	156.738	475	0	21
2026.01.08	14:12:00	156.738	156.77	156.738	156.744	431	0	21
2026.01.08	14:24:00	156.74	156.748	156.705	156.706	505	0	21
2026.01.08	14:36:00	156.701	156.712	156.678	156.71	383	0	21
2026.01.08	14:48:00	156.712	156.744	156.71	156.71	417	0	21
2026.01.08	15:00:00	156.71	156.713	156.675	156.692	547	0	21
2026.01.08	15:12:00	156.691	156.716	156.652	156.66	478	0	21
2026.01.08	15:24:00	156.659	156.784	156.659	156.773	991	0	21
2026.01.08	15:36:00	156.772	156.868	156.767	156.855	1080	0	21
2026.01.08	15:48:00	156.864	156.951	156.852	156.951	949	0	21
2026.01.08	16:00:00	156.952	157.003	156.927	156.987	1302	0	21
2026.01.08	16:12:00	156.988	157.06	156.971	157.002	1275	0	21
2026.01.08	16:24:00	157.003	157.035	156.956	157.016	1422	0	21
2026.01.08	16:36:00	157.017	157.056	156.989	156.994	1212	0	21
2026.01.08	16:48:00	156.995	157.022	156.946	156.963	1293	0	21
2026.01.08	17:00:00	156.961	157.045	156.948	157.014	1360	0	21
2026.01.08	17:12:00	157.014	157.033	156.943	156.959	1453	0	21
2026.01.08	17:24:00	156.958	156.992	156.938	156.967	1035	0	21
2026.01.08	17:36:00	156.96	156.961	156.912	156.945	953	0	21
2026.01.08	17:48:00	156.945	156.945	156.84	156.853	1187	0	21
2026.01.08	18:00:00	156.854	156.929	156.836	156.925	735	0	21
2026.01.08	18:12:00	156.925	156.942	156.884	156.942	858	0	21
2026.01.08	18:24:00	156.943	156.974	156.904	156.912	987	0	21
2026.01.08	18:36:00	156.912	156.916	156.846	156.871	564	0	21
2026.01.08	18:48:00	156.872	156.892	156.846	156.889	575	0	21
2026.01.08	19:00:00	156.89	156.894	156.796	156.82	788	0	21
2026.01.08	19:12:00	156.821	156.824	156.763	156.774	659	0	21
2026.01.08	19:24:00	156.773	156.851	156.771	156.847	610	0	21
2026.01.08	19:36:00	156.852	156.884	156.824	156.825	502	0	21
2026.01.08	19:48:00	156.824	156.834	156.795	156.797	394	0	21
2026.01.08	20:00:00	156.796	156.845	156.784	156.831	618	0	21
2026.01.08	20:12:00	156.831	156.846	156.809	156.831	363	0	21
2026.01.08	20:24:00	156.827	156.854	156.827	156.849	375	0	21
2026.01.08	20:36:00	156.848	156.871	156.834	156.834	445	0	21
2026.01.08	20:48:00	156.833	156.882	156.828	156.881	351	0	21
2026.01.08	21:00:00	156.882	156.91	156.88	156.895	293	0	21
2026.01.08	21:12:00	156.895	156.934	156.892	156.933	272	0	21
2026.01.08	21:24:00	156.933	156.95	156.922	156.93	353	0	21
2026.01.08	21:36:00	156.929	156.964	156.92	156.955	345	0	21
2026.01.08	21:48:00	156.956	156.973	156.945	156.955	408	0	21
2026.01.08	22:00:00	156.953	156.967	156.94	156.965	285	0	21
2026.01.08	22:12:00	156.964	156.981	156.957	156.958	410	0	21
2026.01.08	22:24:00	156.957	156.959	156.906	156.93	552	0	21
2026.01.08	22:36:00	156.93	156.972	156.929	156.969	393	0	21
2026.01.08	22:48:00	156.968	156.968	156.938	156.942	488	0	21
2026.01.08	23:00:00	156.944	156.979	156.937	156.966	340	0	21
2026.01.08	23:12:00	156.967	156.969	156.931	156.931	199	0	21
2026.01.08	23:24:00	156.931	156.935	156.86	156.88	315	0	21
2026.01.08	23:36:00	156.88	156.889	156.806	156.831	329	0	21
2026.01.08	23:48:00	156.832	156.862	156.824	156.839	835	0	23
2026.01.09	00:00:00	156.839	156.843	156.644	156.833	51	0	46
2026.01.09	00:12:00	156.827	156.841	156.82	156.831	64	0	42
2026.01.09	00:24:00	156.831	156.833	156.701	156.762	41	0	47
2026.01.09	00:36:00	156.762	156.81	156.757	156.762	53	0	43
2026.01.09	00:48:00	156.762	156.818	156.762	156.812	60	0	62
2026.01.09	01:00:00	156.811	156.882	156.811	156.88	191	0	21
2026.01.09	01:12:00	156.88	156.906	156.866	156.869	487	0	21
2026.01.09	01:24:00	156.867	156.896	156.856	156.889	341	0	21
2026.01.09	01:36:00	156.888	156.918	156.885	156.914	245	0	23
2026.01.09	01:48:00	156.915	156.92	156.851	156.857	210	0	24
2026.01.09	02:00:00	156.859	156.937	156.856	156.906	877	0	21
2026.01.09	02:12:00	156.908	156.946	156.893	156.895	510	0	21
2026.01.09	02:24:00	156.894	156.98	156.894	156.969	591	0	21
2026.01.09	02:36:00	156.968	157.003	156.951	156.976	607	0	21
2026.01.09	02:48:00	156.977	157.048	156.94	156.996	1334	0	21
2026.01.09	03:00:00	156.997	157.081	156.981	157.04	702	0	21
2026.01.09	03:12:00	157.039	157.12	157.006	157.103	904	0	21
2026.01.09	03:24:00	157.102	157.115	157.052	157.059	576	0	21
2026.01.09	03:36:00	157.058	157.088	157.035	157.074	822	0	21
2026.01.09	03:48:00	157.074	157.156	157.058	157.149	937	0	21
2026.01.09	04:00:00	157.148	157.23	157.126	157.217	756	0	21
2026.01.09	04:12:00	157.217	157.227	157.156	157.156	688	0	21
2026.01.09	04:24:00	157.157	157.175	157.111	157.13	581	0	21
2026.01.09	04:36:00	157.129	157.249	157.124	157.196	679	0	21
2026.01.09	04:48:00	157.196	157.212	157.169	157.17	471	0	21
2026.01.09	05:00:00	157.169	157.207	157.153	157.173	477	0	21
2026.01.09	05:12:00	157.173	157.192	157.145	157.191	412	0	21
2026.01.09	05:24:00	157.192	157.213	157.16	157.17	299	0	21
2026.01.09	05:36:00	157.171	157.209	157.169	157.205	277	0	21
2026.01.09	05:48:00	157.205	157.23	157.195	157.224	326	0	21
2026.01.09	06:00:00	157.227	157.28	157.217	157.257	556	0	21
2026.01.09	06:12:00	157.255	157.28	157.243	157.278	385	0	22
2026.01.09	06:24:00	157.279	157.285	157.234	157.243	456	0	21
2026.01.09	06:36:00	157.24	157.252	157.23	157.234	410	0	21
2026.01.09	06:48:00	157.234	157.234	157.181	157.2	574	0	21
2026.01.09	07:00:00	157.201	157.299	157.201	157.283	706	0	21
2026.01.09	07:12:00	157.284	157.295	157.26	157.28	384	0	21
2026.01.09	07:24:00	157.282	157.38	157.28	157.374	779	0	21
2026.01.09	07:36:00	157.374	157.38	157.321	157.329	422	0	21
2026.01.09	07:48:00	157.329	157.37	157.326	157.363	697	0	21
2026.01.09	08:00:00	157.363	157.413	157.355	157.4	797	0	21
2026.01.09	08:12:00	157.401	157.425	157.375	157.389	474	0	21
2026.01.09	08:24:00	157.395	157.395	157.331	157.379	681	0	21
2026.01.09	08:36:00	157.379	157.39	157.351	157.353	450	0	21
2026.01.09	08:48:00	157.351	157.404	157.351	157.39	708	0	21
2026.01.09	09:00:00	157.391	157.449	157.376	157.427	969	0	21
2026.01.09	09:12:00	157.428	157.466	157.424	157.442	656	0	21
2026.01.09	09:24:00	157.443	157.498	157.442	157.489	880	0	21
2026.01.09	09:36:00	157.489	157.56	157.489	157.524	790	0	21
2026.01.09	09:48:00	157.525	157.536	157.465	157.468	776	0	21
2026.01.09	10:00:00	157.467	157.563	157.446	157.561	1152	0	21
2026.01.09	10:12:00	157.562	157.603	157.507	157.535	873	0	21
2026.01.09	10:24:00	157.535	157.592	157.523	157.574	862	0	21
2026.01.09	10:36:00	157.575	157.656	157.548	157.655	876	0	21
2026.01.09	10:48:00	157.656	157.657	157.583	157.634	1014	0	21
2026.01.09	11:00:00	157.633	157.649	157.562	157.579	1039	0	21
2026.01.09	11:12:00	157.578	157.664	157.568	157.66	658	0	21
2026.01.09	11:24:00	157.659	157.66	157.622	157.64	732	0	21
2026.01.09	11:36:00	157.639	157.686	157.626	157.678	632	0	21
2026.01.09	11:48:00	157.679	157.724	157.67	157.697	599	0	21
2026.01.09	12:00:00	157.699	157.712	157.681	157.686	554	0	21
2026.01.09	12:12:00	157.687	157.699	157.661	157.683	605	0	21
2026.01.09	12:24:00	157.683	157.688	157.632	157.65	668	0	21
2026.01.09	12:36:00	157.651	157.654	157.627	157.65	444	0	21
2026.01.09	12:48:00	157.651	157.676	157.64	157.64	404	0	21
2026.01.09	13:00:00	157.639	157.671	157.616	157.63	539	0	21
2026.01.09	13:12:00	157.631	157.654	157.602	157.604	602	0	21
2026.01.09	13:24:00	157.604	157.62	157.575	157.595	557	0	22
2026.01.09	13:36:00	157.595	157.604	157.573	157.578	452	0	21
2026.01.09	13:48:00	157.578	157.601	157.555	157.565	618	0	21
2026.01.09	14:00:00	157.565	157.585	157.549	157.555	589	0	21
2026.01.09	14:12:00	157.554	157.655	157.553	157.647	463	0	21
2026.01.09	14:24:00	157.649	157.69	157.637	157.675	584	0	21
2026.01.09	14:36:00	157.676	157.698	157.638	157.654	743	0	21
2026.01.09	14:48:00	157.654	157.67	157.631	157.638	806	0	21
2026.01.09	15:00:00	157.636	157.636	157.571	157.592	889	0	21
2026.01.09	15:12:00	157.593	157.593	157.538	157.572	924	0	21
2026.01.09	15:24:00	157.573	157.808	157.399	157.418	2868	0	21
2026.01.09	15:36:00	157.421	157.589	157.358	157.449	3648	0	21
2026.01.09	15:48:00	157.451	157.54	157.432	157.478	2480	0	21
2026.01.09	16:00:00	157.478	157.604	157.359	157.557	2623	0	21
2026.01.09	16:12:00	157.552	157.951	157.539	157.843	4186	0	21
2026.01.09	16:24:00	157.843	157.976	157.789	157.904	2655	0	21
2026.01.09	16:36:00	157.904	158.021	157.882	158.011	2063	0	21
2026.01.09	16:48:00	158.012	158.041	157.904	157.909	2186	0	21
2026.01.09	17:00:00	157.917	158.104	157.806	158.054	3017	0	21
2026.01.09	17:12:00	158.055	158.174	158.05	158.137	2299	0	21
2026.01.09	17:24:00	158.136	158.139	157.955	157.987	1954	0	21
2026.01.09	17:36:00	157.987	158.016	157.892	157.91	1859	0	21
2026.01.09	17:48:00	157.909	157.969	157.833	157.858	1963	0	21
2026.01.09	18:00:00	157.859	157.981	157.819	157.966	1322	0	21
2026.01.09	18:12:00	157.967	158.029	157.925	158.027	1011	0	21
2026.01.09	18:24:00	158.027	158.119	158.021	158.092	968	0	21
2026.01.09	18:36:00	158.091	158.111	158.053	158.058	1193	0	21
2026.01.09	18:48:00	158.057	158.077	158.039	158.066	801	0	21
2026.01.09	19:00:00	158.065	158.094	158.004	158.051	1072	0	21
2026.01.09	19:12:00	158.05	158.073	157.995	158.034	974	0	21
2026.01.09	19:24:00	158.035	158.044	157.978	158.0	1054	0	21
2026.01.09	19:36:00	158.0	158.057	157.986	158.003	629	0	21
2026.01.09	19:48:00	158.003	158.047	157.985	158.041	658	0	21
2026.01.09	20:00:00	158.042	158.056	157.988	157.989	666	0	21
2026.01.09	20:12:00	157.99	158.038	157.94	157.951	658	0	21
2026.01.09	20:24:00	157.951	157.966	157.877	157.884	642	0	21
2026.01.09	20:36:00	157.884	157.892	157.851	157.866	729	0	21
2026.01.09	20:48:00	157.864	157.914	157.861	157.904	650	0	21
2026.01.09	21:00:00	157.904	157.912	157.862	157.875	704	0	21
2026.01.09	21:12:00	157.875	157.891	157.854	157.859	629	0	21
2026.01.09	21:24:00	157.856	157.866	157.821	157.856	529	0	21
2026.01.09	21:36:00	157.855	157.894	157.851	157.872	442	0	21
2026.01.09	21:48:00	157.873	157.892	157.857	157.875	519	0	21
2026.01.09	22:00:00	157.874	157.899	157.866	157.87	395	0	21
2026.01.09	22:12:00	157.869	157.886	157.868	157.87	259	0	21
2026.01.09	22:24:00	157.87	157.878	157.858	157.875	275	0	21
2026.01.09	22:36:00	157.874	157.892	157.866	157.871	304	0	21
2026.01.09	22:48:00	157.87	157.881	157.846	157.873	507	0	21
2026.01.09	23:00:00	157.873	157.893	157.861	157.876	380	0	21
2026.01.09	23:12:00	157.877	157.895	157.845	157.877	258	0	21
2026.01.09	23:24:00	157.876	157.901	157.854	157.895	187	0	21
2026.01.09	23:36:00	157.894	157.93	157.888	157.89	174	0	21
2026.01.09	23:48:00	157.89	157.942	157.889	157.922	340	0	27
2026.01.12	00:00:00	158.072	158.092	158.008	158.008	42	0	55
2026.01.12	00:12:00	158.007	158.007	157.985	157.995	63	0	67
2026.01.12	00:24:00	157.994	158.034	157.994	158.032	22	0	54
2026.01.12	00:36:00	158.033	158.037	158.017	158.031	77	0	47
2026.01.12	00:48:00	158.031	158.039	158.022	158.039	15	0	42
2026.01.12	01:00:00	158.039	158.074	157.973	158.073	243	0	21
2026.01.12	01:12:00	158.073	158.15	158.03	158.143	231	0	21
2026.01.12	01:24:00	158.143	158.172	158.096	158.161	331	0	21
2026.01.12	01:36:00	158.161	158.161	158.102	158.159	260	0	23
2026.01.12	01:48:00	158.158	158.165	158.119	158.126	466	0	22
2026.01.12	02:00:00	158.125	158.194	157.929	157.946	1292	0	21
2026.01.12	02:12:00	157.947	157.96	157.863	157.923	1038	0	21
2026.01.12	02:24:00	157.923	157.94	157.743	157.784	1343	0	21
2026.01.12	02:36:00	157.783	157.787	157.599	157.609	1516	0	21
2026.01.12	02:48:00	157.608	157.65	157.544	157.565	1517	0	21
2026.01.12	03:00:00	157.564	157.66	157.532	157.535	1891	0	21
2026.01.12	03:12:00	157.535	157.619	157.505	157.528	1531	0	21
2026.01.12	03:24:00	157.529	157.737	157.528	157.722	1484	0	21
2026.01.12	03:36:00	157.721	157.736	157.675	157.688	874	0	21
2026.01.12	03:48:00	157.689	157.743	157.67	157.737	710	0	21
2026.01.12	04:00:00	157.736	157.755	157.656	157.71	616	0	21
2026.01.12	04:12:00	157.71	157.805	157.71	157.793	646	0	21
2026.01.12	04:24:00	157.794	157.909	157.787	157.882	828	0	21
2026.01.12	04:36:00	157.883	157.899	157.846	157.882	486	0	21
2026.01.12	04:48:00	157.882	158.064	157.879	158.039	761	0	21
2026.01.12	05:00:00	158.037	158.037	157.931	157.961	639	0	21
2026.01.12	05:12:00	157.962	158.003	157.949	157.994	284	0	21
2026.01.12	05:24:00	157.995	158.039	157.995	158.038	471	0	21
2026.01.12	05:36:00	158.037	158.059	158.015	158.037	326	0	21
2026.01.12	05:48:00	158.037	158.109	158.02	158.108	445	0	21
2026.01.12	06:00:00	158.109	158.171	158.107	158.107	461	0	21
2026.01.12	06:12:00	158.106	158.146	158.106	158.139	258	0	21
2026.01.12	06:24:00	158.14	158.155	158.106	158.144	233	0	21
2026.01.12	06:36:00	158.143	158.153	158.111	158.124	212	0	21
2026.01.12	06:48:00	158.124	158.136	158.11	158.11	271	0	21
2026.01.12	07:00:00	158.109	158.139	158.063	158.109	336	0	21
2026.01.12	07:12:00	158.115	158.123	158.053	158.092	437	0	21
2026.01.12	07:24:00	158.091	158.094	158.046	158.06	549	0	21
2026.01.12	07:36:00	158.059	158.071	157.989	158.008	514	0	21
2026.01.12	07:48:00	158.007	158.031	157.985	157.992	431	0	21
2026.01.12	08:00:00	157.993	158.056	157.974	158.048	441	0	21
2026.01.12	08:12:00	158.048	158.058	158.004	158.007	294	0	21
2026.01.12	08:24:00	158.006	158.006	157.95	157.984	621	0	21
2026.01.12	08:36:00	157.983	158.022	157.983	157.99	590	0	21
2026.01.12	08:48:00	157.99	158.018	157.972	158.002	518	0	21
2026.01.12	09:00:00	158.003	158.021	157.907	157.91	973	0	21
2026.01.12	09:12:00	157.911	157.922	157.817	157.908	1134	0	21
2026.01.12	09:24:00	157.909	157.913	157.827	157.831	784	0	21
2026.01.12	09:36:00	157.831	157.847	157.79	157.847	921	0	21
2026.01.12	09:48:00	157.847	157.863	157.796	157.836	691	0	21
2026.01.12	10:00:00	157.834	157.84	157.708	157.73	1235	0	21
2026.01.12	10:12:00	157.73	157.829	157.72	157.822	894	0	21
2026.01.12	10:24:00	157.823	157.85	157.713	157.728	1005	0	21
2026.01.12	10:36:00	157.73	157.751	157.663	157.715	979	0	21
2026.01.12	10:48:00	157.713	157.775	157.676	157.766	935	0	21
2026.01.12	11:00:00	157.765	157.821	157.737	157.789	1073	0	21
2026.01.12	11:12:00	157.787	157.812	157.716	157.76	646	0	21
2026.01.12	11:24:00	157.759	157.799	157.71	157.796	578	0	21
2026.01.12	11:36:00	157.791	157.875	157.791	157.859	584	0	21
2026.01.12	11:48:00	157.859	157.89	157.834	157.883	535	0	21
2026.01.12	12:00:00	157.883	157.89	157.848	157.885	498	0	21
2026.01.12	12:12:00	157.885	157.946	157.877	157.935	408	0	21
2026.01.12	12:24:00	157.934	157.948	157.889	157.944	594	0	21
2026.01.12	12:36:00	157.944	157.951	157.903	157.908	574	0	21
2026.01.12	12:48:00	157.909	157.913	157.821	157.839	605	0	21
2026.01.12	13:00:00	157.84	157.867	157.774	157.787	581	0	21
2026.01.12	13:12:00	157.787	157.846	157.78	157.845	427	0	21
2026.01.12	13:24:00	157.843	157.872	157.813	157.869	348	0	21
2026.01.12	13:36:00	157.87	157.916	157.831	157.854	667	0	21
2026.01.12	13:48:00	157.852	157.897	157.845	157.884	541	0	21
2026.01.12	14:00:00	157.888	157.946	157.851	157.851	675	0	21
2026.01.12	14:12:00	157.851	157.877	157.803	157.837	633	0	21
2026.01.12	14:24:00	157.837	157.859	157.815	157.819	640	0	21
2026.01.12	14:36:00	157.818	157.862	157.8	157.859	496	0	21
2026.01.12	14:48:00	157.86	157.89	157.836	157.845	854	0	21
2026.01.12	15:00:00	157.844	157.886	157.714	157.745	1022	0	21
2026.01.12	15:12:00	157.745	157.787	157.718	157.759	851	0	21
2026.01.12	15:24:00	157.76	157.816	157.738	157.776	927	0	21
2026.01.12	15:36:00	157.776	157.8	157.696	157.71	946	0	21
2026.01.12	15:48:00	157.709	157.839	157.696	157.831	1239	0	21
2026.01.12	16:00:00	157.832	157.891	157.822	157.884	1300	0	21
2026.01.12	16:12:00	157.884	157.94	157.87	157.919	1139	0	21
2026.01.12	16:24:00	157.92	158.036	157.902	158.031	1540	0	21
2026.01.12	16:36:00	158.03	158.03	157.944	157.979	1596	0	21
2026.01.12	16:48:00	157.979	157.98	157.915	157.929	1385	0	21
2026.01.12	17:00:00	157.929	157.965	157.89	157.933	974	0	21
2026.01.12	17:12:00	157.936	157.936	157.842	157.862	951	0	21
2026.01.12	17:24:00	157.86	157.927	157.854	157.883	1000	0	21
2026.01.12	17:36:00	157.882	157.927	157.861	157.893	675	0	21
2026.01.12	17:48:00	157.892	157.965	157.858	157.962	1290	0	21
2026.01.12	18:00:00	157.963	158.053	157.934	158.047	1029	0	21
2026.01.12	18:12:00	158.047	158.087	158.016	158.082	839	0	21
2026.01.12	18:24:00	158.082	158.132	158.051	158.081	754	0	21
2026.01.12	18:36:00	158.083	158.102	158.04	158.087	682	0	21
2026.01.12	18:48:00	158.091	158.144	158.084	158.143	561	0	21
2026.01.12	19:00:00	158.145	158.16	158.075	158.075	772	0	21
2026.01.12	19:12:00	158.079	158.143	158.075	158.14	736	0	21
2026.01.12	19:24:00	158.141	158.141	158.074	158.093	645	0	21
2026.01.12	19:36:00	158.094	158.105	158.054	158.068	541	0	21
2026.01.12	19:48:00	158.067	158.094	158.061	158.075	563	0	21
2026.01.12	20:00:00	158.074	158.121	158.041	158.114	638	0	21
2026.01.12	20:12:00	158.112	158.112	158.055	158.08	436	0	21
2026.01.12	20:24:00	158.079	158.096	158.059	158.092	317	0	21
2026.01.12	20:36:00	158.092	158.102	158.079	158.096	201	0	21
2026.01.12	20:48:00	158.095	158.134	158.092	158.121	299	0	21
2026.01.12	21:00:00	158.122	158.138	158.109	158.115	245	0	21
2026.01.12	21:12:00	158.116	158.131	158.102	158.107	245	0	21
2026.01.12	21:24:00	158.106	158.118	158.082	158.115	407	0	21
2026.01.12	21:36:00	158.116	158.136	158.095	158.115	460	0	21
2026.01.12	21:48:00	158.115	158.131	158.105	158.129	332	0	21
2026.01.12	22:00:00	158.129	158.137	158.115	158.117	242	0	21
2026.01.12	22:12:00	158.116	158.136	158.103	158.13	259	0	21
2026.01.12	22:24:00	158.131	158.138	158.116	158.129	241	0	21
2026.01.12	22:36:00	158.129	158.179	158.129	158.176	518	0	21
2026.01.12	22:48:00	158.176	158.189	158.17	158.174	500	0	21
2026.01.12	23:00:00	158.174	158.183	158.141	158.141	370	0	21
2026.01.12	23:12:00	158.14	158.148	158.124	158.148	205	0	21
2026.01.12	23:24:00	158.147	158.158	158.135	158.139	180	0	21
2026.01.12	23:36:00	158.137	158.138	158.112	158.123	143	0	24
2026.01.12	23:48:00	158.123	158.15	158.091	158.091	342	0	24
2026.01.13	00:00:00	158.093	158.093	157.995	157.996	32	0	69
2026.01.13	00:12:00	157.996	158.102	157.996	158.051	33	0	79
2026.01.13	00:24:00	158.069	158.069	158.044	158.056	79	0	71
2026.01.13	00:36:00	158.055	158.096	158.045	158.066	921	0	54
2026.01.13	00:48:00	158.066	158.081	158.049	158.059	553	0	53
2026.01.13	01:00:00	158.049	158.164	158.049	158.158	232	0	22
2026.01.13	01:12:00	158.159	158.16	157.882	157.985	802	0	21
2026.01.13	01:24:00	157.986	158.077	157.96	158.033	611	0	22
2026.01.13	01:36:00	158.033	158.051	157.911	157.975	610	0	21
2026.01.13	01:48:00	157.975	158.024	157.945	157.963	640	0	21
2026.01.13	02:00:00	157.964	158.053	157.954	158.025	940	0	21
2026.01.13	02:12:00	158.025	158.128	158.008	158.12	560	0	21
2026.01.13	02:24:00	158.119	158.127	158.062	158.063	651	0	21
2026.01.13	02:36:00	158.062	158.169	158.049	158.149	734	0	21
2026.01.13	02:48:00	158.15	158.274	158.128	158.15	1348	0	21
2026.01.13	03:00:00	158.149	158.244	158.148	158.243	897	0	21
2026.01.13	03:12:00	158.244	158.327	158.227	158.317	815	0	21
2026.01.13	03:24:00	158.316	158.415	158.316	158.412	902	0	21
2026.01.13	03:36:00	158.416	158.47	158.403	158.428	895	0	21
2026.01.13	03:48:00	158.428	158.492	158.421	158.472	530	0	21
2026.01.13	04:00:00	158.472	158.492	158.37	158.395	761	0	21
2026.01.13	04:12:00	158.388	158.454	158.325	158.454	609	0	21
2026.01.13	04:24:00	158.455	158.589	158.436	158.587	769	0	21
2026.01.13	04:36:00	158.588	158.674	158.551	158.662	825	0	21
2026.01.13	04:48:00	158.662	158.678	158.645	158.66	601	0	21
2026.01.13	05:00:00	158.66	158.751	158.645	158.657	596	0	21
2026.01.13	05:12:00	158.658	158.685	158.632	158.673	454	0	21
2026.01.13	05:24:00	158.673	158.695	158.65	158.688	403	0	21
2026.01.13	05:36:00	158.687	158.761	158.685	158.733	397	0	21
2026.01.13	05:48:00	158.734	158.814	158.731	158.801	567	0	21
2026.01.13	06:00:00	158.802	158.848	158.78	158.832	696	0	21
2026.01.13	06:12:00	158.832	158.899	158.621	158.698	1632	0	21
2026.01.13	06:24:00	158.7	158.738	158.647	158.718	1396	0	21
2026.01.13	06:36:00	158.717	158.797	158.672	158.783	769	0	21
2026.01.13	06:48:00	158.784	158.831	158.69	158.709	954	0	21
2026.01.13	07:00:00	158.708	158.817	158.694	158.752	929	0	21
2026.01.13	07:12:00	158.752	158.784	158.708	158.718	666	0	21
2026.01.13	07:24:00	158.719	158.762	158.704	158.753	543	0	21
2026.01.13	07:36:00	158.753	158.79	158.727	158.759	517	0	21
2026.01.13	07:48:00	158.758	158.813	158.75	158.772	722	0	21
2026.01.13	08:00:00	158.772	158.889	158.771	158.851	1016	0	21
2026.01.13	08:12:00	158.85	158.911	158.846	158.903	702	0	21
2026.01.13	08:24:00	158.902	158.959	158.894	158.929	775	0	21
2026.01.13	08:36:00	158.93	158.95	158.886	158.917	633	0	21
2026.01.13	08:48:00	158.917	158.917	158.732	158.748	765	0	21
2026.01.13	09:00:00	158.75	158.811	158.721	158.799	1051	0	21
2026.01.13	09:12:00	158.798	158.943	158.789	158.876	887	0	21
2026.01.13	09:24:00	158.875	158.876	158.766	158.784	862	0	21
2026.01.13	09:36:00	158.785	158.85	158.751	158.843	753	0	21
2026.01.13	09:48:00	158.845	158.941	158.837	158.929	1125	0	21
2026.01.13	10:00:00	158.929	158.975	158.861	158.871	1467	0	21
2026.01.13	10:12:00	158.872	158.953	158.859	158.915	997	0	21
2026.01.13	10:24:00	158.914	158.983	158.914	158.969	1191	0	21
2026.01.13	10:36:00	158.967	158.985	158.946	158.946	735	0	21
2026.01.13	10:48:00	158.947	159.037	158.912	158.918	880	0	21
2026.01.13	11:00:00	158.921	159.007	158.886	158.962	734	0	21
2026.01.13	11:12:00	158.961	158.968	158.895	158.913	660	0	21
2026.01.13	11:24:00	158.913	158.915	158.808	158.812	756	0	21
2026.01.13	11:36:00	158.813	158.873	158.804	158.873	659	0	21
2026.01.13	11:48:00	158.873	158.887	158.829	158.879	721	0	21
2026.01.13	12:00:00	158.88	158.921	158.865	158.91	893	0	21
2026.01.13	12:12:00	158.909	158.935	158.861	158.882	968	0	21
2026.01.13	12:24:00	158.881	158.908	158.829	158.854	915	0	21
2026.01.13	12:36:00	158.853	158.916	158.842	158.864	599	0	21
2026.01.13	12:48:00	158.865	158.866	158.79	158.793	623	0	21
2026.01.13	13:00:00	158.794	158.884	158.792	158.88	780	0	21
2026.01.13	13:12:00	158.879	158.933	158.862	158.903	532	0	21
2026.01.13	13:24:00	158.904	158.927	158.835	158.857	545	0	21
2026.01.13	13:36:00	158.858	158.877	158.844	158.859	513	0	21
2026.01.13	13:48:00	158.859	158.885	158.829	158.845	567	0	21
2026.01.13	14:00:00	158.845	158.877	158.829	158.857	474	0	21
2026.01.13	14:12:00	158.856	158.885	158.841	158.873	432	0	21
2026.01.13	14:24:00	158.874	158.896	158.868	158.883	487	0	21
2026.01.13	14:36:00	158.883	158.926	158.877	158.895	555	0	21
2026.01.13	14:48:00	158.896	158.921	158.856	158.881	847	0	21
2026.01.13	15:00:00	158.881	158.888	158.8	158.831	907	0	21
2026.01.13	15:12:00	158.831	158.906	158.823	158.891	782	0	21
2026.01.13	15:24:00	158.89	158.918	158.568	158.719	2648	0	21
2026.01.13	15:36:00	158.72	158.874	158.716	158.859	3074	0	21
2026.01.13	15:48:00	158.86	158.945	158.821	158.87	1920	0	21
2026.01.13	16:00:00	158.869	158.922	158.801	158.887	1598	0	21
2026.01.13	16:12:00	158.887	158.93	158.803	158.826	1289	0	21
2026.01.13	16:24:00	158.827	158.89	158.791	158.871	1676	0	21
2026.01.13	16:36:00	158.868	158.986	158.865	158.891	1697	0	21
2026.01.13	16:48:00	158.892	158.953	158.876	158.897	1546	0	21
2026.01.13	17:00:00	158.9	159.053	158.847	159.02	1884	0	21
2026.01.13	17:12:00	159.02	159.02	158.919	158.978	1643	0	21
2026.01.13	17:24:00	158.978	159.045	158.949	159.044	1320	0	21
2026.01.13	17:36:00	159.043	159.077	158.99	159.016	1522	0	21
2026.01.13	17:48:00	159.017	159.032	158.863	158.916	1714	0	21
2026.01.13	18:00:00	158.917	159.084	158.893	159.079	1551	0	21
2026.01.13	18:12:00	159.079	159.179	159.078	159.138	1708	0	21
2026.01.13	18:24:00	159.138	159.173	159.086	159.105	1326	0	21
2026.01.13	18:36:00	159.106	159.153	159.085	159.093	741	0	21
2026.01.13	18:48:00	159.092	159.116	159.042	159.057	1065	0	21
2026.01.13	19:00:00	159.058	159.118	159.044	159.107	679	0	21
2026.01.13	19:12:00	159.107	159.13	159.061	159.074	712	0	21
2026.01.13	19:24:00	159.074	159.109	159.048	159.052	631	0	21
2026.01.13	19:36:00	159.053	159.053	158.965	159.001	626	0	21
2026.01.13	19:48:00	159.002	159.042	158.986	159.016	716	0	21
2026.01.13	20:00:00	159.014	159.068	158.989	159.065	764	0	21
2026.01.13	20:12:00	159.065	159.069	159.016	159.029	528	0	21
2026.01.13	20:24:00	159.029	159.083	159.029	159.069	381	0	21
2026.01.13	20:36:00	159.071	159.073	159.024	159.044	450	0	21
2026.01.13	20:48:00	159.045	159.048	159.015	159.031	455	0	21
2026.01.13	21:00:00	159.031	159.087	159.027	159.077	681	0	21
2026.01.13	21:12:00	159.077	159.103	159.053	159.095	563	0	21
2026.01.13	21:24:00	159.096	159.134	159.09	159.132	557	0	21
2026.01.13	21:36:00	159.133	159.134	159.103	159.119	347	0	21
2026.01.13	21:48:00	159.119	159.127	159.098	159.104	457	0	21
2026.01.13	22:00:00	159.105	159.118	159.078	159.081	451	0	21
2026.01.13	22:12:00	159.08	159.107	159.079	159.096	267	0	21
2026.01.13	22:24:00	159.096	159.145	159.093	159.141	481	0	21
2026.01.13	22:36:00	159.14	159.148	159.117	159.119	280	0	21
2026.01.13	22:48:00	159.12	159.131	159.094	159.107	457	0	21
2026.01.13	23:00:00	159.108	159.121	159.1	159.117	213	0	22
2026.01.13	23:12:00	159.118	159.146	159.118	159.13	216	0	21
2026.01.13	23:24:00	159.13	159.135	159.123	159.129	124	0	22
2026.01.13	23:36:00	159.128	159.143	159.125	159.142	121	0	24
2026.01.13	23:48:00	159.141	159.162	159.093	159.093	256	0	21
2026.01.14	00:00:00	159.094	159.121	158.998	159.121	27	0	60
2026.01.14	00:12:00	159.121	159.164	159.095	159.101	36	0	36
2026.01.14	00:24:00	159.101	159.101	159.016	159.036	216	0	58
2026.01.14	00:36:00	159.042	159.138	159.041	159.13	213	0	48
2026.01.14	00:48:00	159.132	159.141	159.026	159.079	524	0	44
2026.01.14	01:00:00	159.075	159.161	159.075	159.161	226	0	21
2026.01.14	01:12:00	159.162	159.171	159.122	159.136	225	0	23
2026.01.14	01:24:00	159.136	159.156	159.124	159.153	174	0	24
2026.01.14	01:36:00	159.153	159.191	159.141	159.174	300	0	24
2026.01.14	01:48:00	159.172	159.189	159.138	159.186	445	0	21
2026.01.14	02:00:00	159.188	159.274	159.162	159.261	868	0	21
2026.01.14	02:12:00	159.262	159.266	159.122	159.134	635	0	21
2026.01.14	02:24:00	159.135	159.17	159.083	159.139	863	0	21
2026.01.14	02:36:00	159.139	159.17	159.102	159.153	760	0	21
2026.01.14	02:48:00	159.153	159.213	159.119	159.184	1398	0	21
2026.01.14	03:00:00	159.184	159.367	159.183	159.344	1172	0	21
2026.01.14	03:12:00	159.345	159.415	159.342	159.398	831	0	21
2026.01.14	03:24:00	159.4	159.442	159.368	159.426	573	0	21
2026.01.14	03:36:00	159.42	159.42	159.295	159.34	654	0	21
2026.01.14	03:48:00	159.341	159.341	159.276	159.327	537	0	21
2026.01.14	04:00:00	159.326	159.381	159.28	159.362	858	0	21
2026.01.14	04:12:00	159.364	159.371	159.291	159.32	616	0	21
2026.01.14	04:24:00	159.32	159.336	159.203	159.266	783	0	21
2026.01.14	04:36:00	159.265	159.304	159.25	159.27	545	0	21
2026.01.14	04:48:00	159.269	159.269	159.17	159.195	690	0	21
2026.01.14	05:00:00	159.194	159.195	159.078	159.162	593	0	21
2026.01.14	05:12:00	159.162	159.192	159.128	159.186	422	0	21
2026.01.14	05:24:00	159.187	159.191	159.136	159.137	296	0	21
2026.01.14	05:36:00	159.136	159.139	159.071	159.11	599	0	21
2026.01.14	05:48:00	159.111	159.157	159.107	159.15	514	0	21
2026.01.14	06:00:00	159.152	159.191	159.115	159.168	425	0	21
2026.01.14	06:12:00	159.167	159.221	159.165	159.207	342	0	21
2026.01.14	06:24:00	159.208	159.22	159.169	159.207	445	0	21
2026.01.14	06:36:00	159.208	159.232	159.176	159.217	356	0	21
2026.01.14	06:48:00	159.216	159.23	159.181	159.193	369	0	21
2026.01.14	07:00:00	159.193	159.202	159.153	159.188	350	0	21
2026.01.14	07:12:00	159.188	159.284	159.188	159.283	361	0	21
2026.01.14	07:24:00	159.283	159.294	159.245	159.294	377	0	21
2026.01.14	07:36:00	159.295	159.328	159.265	159.313	491	0	21
2026.01.14	07:48:00	159.312	159.329	159.285	159.325	465	0	21
2026.01.14	08:00:00	159.323	159.339	159.225	159.24	591	0	21
2026.01.14	08:12:00	159.24	159.312	159.219	159.297	496	0	21
2026.01.14	08:24:00	159.299	159.328	159.269	159.305	574	0	21
2026.01.14	08:36:00	159.305	159.315	159.175	159.205	761	0	21
2026.01.14	08:48:00	159.204	159.214	159.123	159.131	769	0	21
2026.01.14	09:00:00	159.132	159.17	159.101	159.159	765	0	21
2026.01.14	09:12:00	159.159	159.185	159.108	159.15	769	0	21
2026.01.14	09:24:00	159.149	159.173	159.103	159.172	803	0	21
2026.01.14	09:36:00	159.171	159.171	159.134	159.141	438	0	21
2026.01.14	09:48:00	159.14	159.176	159.095	159.165	655	0	21
2026.01.14	10:00:00	159.164	159.181	159.002	159.089	1621	0	21
2026.01.14	10:12:00	159.09	159.18	159.076	159.126	1043	0	21
2026.01.14	10:24:00	159.125	159.139	158.872	158.937	1528	0	21
2026.01.14	10:36:00	158.936	159.075	158.853	158.999	2341	0	21
2026.01.14	10:48:00	159.001	159.049	158.891	158.918	1779	0	21
2026.01.14	11:00:00	158.917	158.936	158.825	158.863	1437	0	21
2026.01.14	11:12:00	158.863	158.864	158.661	158.721	1507	0	21
2026.01.14	11:24:00	158.722	158.84	158.712	158.812	1296	0	21
2026.01.14	11:36:00	158.812	158.877	158.779	158.822	901	0	21
2026.01.14	11:48:00	158.821	158.837	158.714	158.749	1218	0	21
2026.01.14	12:00:00	158.751	158.803	158.679	158.788	1132	0	21
2026.01.14	12:12:00	158.788	158.802	158.675	158.713	1007	0	21
2026.01.14	12:24:00	158.712	158.757	158.624	158.64	1069	0	21
2026.01.14	12:36:00	158.639	158.654	158.571	158.6	1072	0	21
2026.01.14	12:48:00	158.599	158.681	158.586	158.673	1319	0	21
2026.01.14	13:00:00	158.674	158.737	158.635	158.737	1021	0	21
2026.01.14	13:12:00	158.738	158.76	158.725	158.751	700	0	21
2026.01.14	13:24:00	158.75	158.764	158.722	158.737	590	0	21
2026.01.14	13:36:00	158.737	158.789	158.729	158.78	593	0	21
2026.01.14	13:48:00	158.78	158.811	158.56	158.702	704	0	21
2026.01.14	14:00:00	158.701	158.702	158.139	158.623	3060	0	21
2026.01.14	14:12:00	158.623	158.707	158.622	158.646	1204	0	21
2026.01.14	14:24:00	158.647	158.647	158.517	158.531	994	0	21
2026.01.14	14:36:00	158.532	158.638	158.531	158.635	1078	0	21
2026.01.14	14:48:00	158.637	158.638	158.52	158.547	1435	0	21
2026.01.14	15:00:00	158.548	158.637	158.492	158.595	1517	0	21
2026.01.14	15:12:00	158.596	158.673	158.582	158.661	1054	0	21
2026.01.14	15:24:00	158.662	158.73	158.611	158.666	1328	0	21
2026.01.14	15:36:00	158.664	158.669	158.51	158.573	1540	0	21
2026.01.14	15:48:00	158.571	158.636	158.54	158.586	1131	0	21
2026.01.14	16:00:00	158.586	158.661	158.256	158.256	1887	0	21
2026.01.14	16:12:00	158.255	158.452	158.191	158.239	1908	0	21
2026.01.14	16:24:00	158.239	158.34	158.193	158.31	2428	0	21
2026.01.14	16:36:00	158.31	158.343	158.146	158.2	2720	0	21
2026.01.14	16:48:00	158.199	158.268	158.166	158.203	2231	0	21
2026.01.14	17:00:00	158.196	158.342	158.196	158.265	2866	0	21
2026.01.14	17:12:00	158.268	158.403	158.205	158.356	2086	0	21
2026.01.14	17:24:00	158.357	158.379	158.211	158.238	1438	0	21
2026.01.14	17:36:00	158.24	158.267	158.17	158.179	1499	0	21
2026.01.14	17:48:00	158.178	158.253	158.094	158.113	1197	0	21
2026.01.14	18:00:00	158.113	158.168	158.091	158.125	884	0	21
2026.01.14	18:12:00	158.126	158.264	158.116	158.261	951	0	21
2026.01.14	18:24:00	158.262	158.274	158.2	158.2	1026	0	21
2026.01.14	18:36:00	158.2	158.205	158.122	158.147	1199	0	21
2026.01.14	18:48:00	158.147	158.167	158.11	158.125	957	0	21
2026.01.14	19:00:00	158.124	158.191	158.111	158.188	775	0	21
2026.01.14	19:12:00	158.187	158.262	158.187	158.26	773	0	21
2026.01.14	19:24:00	158.26	158.278	158.244	158.275	737	0	21
2026.01.14	19:36:00	158.275	158.331	158.272	158.303	596	0	21
2026.01.14	19:48:00	158.304	158.328	158.277	158.29	443	0	21
2026.01.14	20:00:00	158.29	158.372	158.29	158.366	512	0	21
2026.01.14	20:12:00	158.364	158.403	158.361	158.395	429	0	21
2026.01.14	20:24:00	158.395	158.403	158.314	158.32	709	0	21
2026.01.14	20:36:00	158.319	158.35	158.299	158.349	523	0	21
2026.01.14	20:48:00	158.349	158.453	158.325	158.453	616	0	21
2026.01.14	21:00:00	158.456	158.466	158.411	158.437	821	0	21
2026.01.14	21:12:00	158.437	158.47	158.411	158.451	340	0	21
2026.01.14	21:24:00	158.451	158.467	158.436	158.46	516	0	21
2026.01.14	21:36:00	158.461	158.487	158.446	158.486	405	0	21
2026.01.14	21:48:00	158.485	158.508	158.46	158.493	707	0	21
2026.01.14	22:00:00	158.492	158.557	158.448	158.513	1280	0	21
2026.01.14	22:12:00	158.512	158.559	158.511	158.537	784	0	21
2026.01.14	22:24:00	158.536	158.546	158.491	158.503	610	0	21
2026.01.14	22:36:00	158.503	158.565	158.486	158.562	748	0	21
2026.01.14	22:48:00	158.561	158.586	158.54	158.579	736	0	21
2026.01.14	23:00:00	158.578	158.587	158.52	158.524	395	0	21
2026.01.14	23:12:00	158.525	158.561	158.524	158.539	220	0	22
2026.01.14	23:24:00	158.54	158.548	158.502	158.507	265	0	21
2026.01.14	23:36:00	158.506	158.524	158.48	158.486	189	0	21
2026.01.14	23:48:00	158.489	158.508	158.38	158.38	703	0	25
2026.01.15	00:00:00	158.365	158.383	158.324	158.37	29	0	70
2026.01.15	00:12:00	158.35	158.378	158.341	158.359	82	0	106
2026.01.15	00:24:00	158.358	158.384	158.347	158.375	193	0	58
2026.01.15	00:36:00	158.375	158.378	158.181	158.186	350	0	44
2026.01.15	00:48:00	158.194	158.251	158.181	158.247	262	0	78
2026.01.15	01:00:00	158.246	158.287	158.236	158.258	279	0	22
2026.01.15	01:12:00	158.258	158.287	158.245	158.27	141	0	22
2026.01.15	01:24:00	158.268	158.377	158.268	158.373	319	0	24
2026.01.15	01:36:00	158.373	158.414	158.346	158.373	569	0	21
2026.01.15	01:48:00	158.373	158.419	158.353	158.408	539	0	22
2026.01.15	02:00:00	158.41	158.538	158.41	158.515	1004	0	21
2026.01.15	02:12:00	158.514	158.546	158.43	158.431	652	0	21
2026.01.15	02:24:00	158.43	158.524	158.429	158.492	756	0	21
2026.01.15	02:36:00	158.491	158.562	158.49	158.545	934	0	21
2026.01.15	02:48:00	158.547	158.564	158.37	158.398	1758	0	21
2026.01.15	03:00:00	158.4	158.421	158.326	158.342	1148	0	21
2026.01.15	03:12:00	158.342	158.389	158.301	158.371	1162	0	21
2026.01.15	03:24:00	158.372	158.425	158.332	158.394	1137	0	21
2026.01.15	03:36:00	158.395	158.409	158.217	158.26	1303	0	21
2026.01.15	03:48:00	158.26	158.343	158.247	158.342	944	0	21
2026.01.15	04:00:00	158.343	158.383	158.299	158.32	908	0	21
2026.01.15	04:12:00	158.32	158.374	158.308	158.374	598	0	21
2026.01.15	04:24:00	158.375	158.461	158.364	158.446	673	0	21
2026.01.15	04:36:00	158.445	158.533	158.443	158.468	831	0	21
2026.01.15	04:48:00	158.482	158.525	158.477	158.509	814	0	21
2026.01.15	05:00:00	158.509	158.586	158.483	158.559	546	0	21
2026.01.15	05:12:00	158.558	158.631	158.553	158.553	642	0	21
2026.01.15	05:24:00	158.553	158.578	158.525	158.556	629	0	21
2026.01.15	05:36:00	158.557	158.563	158.511	158.517	621	0	21
2026.01.15	05:48:00	158.518	158.555	158.497	158.502	635	0	21
2026.01.15	06:00:00	158.502	158.514	158.466	158.492	304	0	21
2026.01.15	06:12:00	158.497	158.542	158.485	158.54	324	0	21
2026.01.15	06:24:00	158.54	158.608	158.54	158.605	396	0	21
2026.01.15	06:36:00	158.607	158.621	158.536	158.59	403	0	21
2026.01.15	06:48:00	158.594	158.635	158.565	158.581	484	0	21
2026.01.15	07:00:00	158.582	158.604	158.489	158.513	753	0	21
2026.01.15	07:12:00	158.522	158.546	158.48	158.488	646	0	21
2026.01.15	07:24:00	158.489	158.51	158.474	158.487	401	0	21
2026.01.15	07:36:00	158.488	158.531	158.436	158.459	410	0	21
2026.01.15	07:48:00	158.46	158.461	158.369	158.421	677	0	21
2026.01.15	08:00:00	158.417	158.442	158.387	158.431	941	0	21
2026.01.15	08:12:00	158.431	158.542	158.43	158.515	888	0	21
2026.01.15	08:24:00	158.516	158.584	158.496	158.578	700	0	21
2026.01.15	08:36:00	158.579	158.64	158.558	158.628	741	0	21
2026.01.15	08:48:00	158.628	158.632	158.576	158.601	615	0	21
2026.01.15	09:00:00	158.602	158.663	158.539	158.658	1132	0	21
2026.01.15	09:12:00	158.657	158.683	158.637	158.678	1037	0	21
2026.01.15	09:24:00	158.679	158.72	158.494	158.568	1188	0	21
2026.01.15	09:36:00	158.567	158.571	158.441	158.489	851	0	21
2026.01.15	09:48:00	158.488	158.571	158.454	158.569	883	0	21
2026.01.15	10:00:00	158.57	158.672	158.528	158.671	1204	0	21
2026.01.15	10:12:00	158.672	158.693	158.615	158.665	1235	0	21
2026.01.15	10:24:00	158.665	158.672	158.563	158.61	964	0	21
2026.01.15	10:36:00	158.609	158.702	158.581	158.676	900	0	21
2026.01.15	10:48:00	158.675	158.686	158.629	158.678	1076	0	21
2026.01.15	11:00:00	158.679	158.689	158.61	158.618	963	0	21
2026.01.15	11:12:00	158.617	158.671	158.315	158.454	1900	0	21
2026.01.15	11:24:00	158.455	158.492	158.369	158.371	1382	0	21
2026.01.15	11:36:00	158.377	158.428	158.329	158.367	969	0	21
2026.01.15	11:48:00	158.367	158.388	158.29	158.387	767	0	21
2026.01.15	12:00:00	158.385	158.385	158.334	158.357	791	0	21
2026.01.15	12:12:00	158.356	158.436	158.343	158.425	715	0	21
2026.01.15	12:24:00	158.426	158.46	158.404	158.408	686	0	21
2026.01.15	12:36:00	158.408	158.446	158.401	158.421	700	0	21
2026.01.15	12:48:00	158.42	158.46	158.418	158.454	723	0	21
2026.01.15	13:00:00	158.454	158.467	158.423	158.454	672	0	21
2026.01.15	13:12:00	158.454	158.5	158.439	158.479	444	0	21
2026.01.15	13:24:00	158.48	158.493	158.463	158.469	480	0	21
2026.01.15	13:36:00	158.47	158.534	158.451	158.528	479	0	21
2026.01.15	13:48:00	158.529	158.555	158.515	158.555	500	0	21
2026.01.15	14:00:00	158.558	158.583	158.529	158.581	428	0	21
2026.01.15	14:12:00	158.58	158.584	158.526	158.526	550	0	21
2026.01.15	14:24:00	158.527	158.535	158.478	158.478	425	0	21
2026.01.15	14:36:00	158.478	158.55	158.478	158.541	534	0	21
2026.01.15	14:48:00	158.54	158.593	158.538	158.585	1106	0	21
2026.01.15	15:00:00	158.586	158.607	158.542	158.58	937	0	21
2026.01.15	15:12:00	158.571	158.622	158.542	158.573	1061	0	21
2026.01.15	15:24:00	158.573	158.732	158.546	158.707	1423	0	21
2026.01.15	15:36:00	158.708	158.783	158.708	158.753	1786	0	21
2026.01.15	15:48:00	158.754	158.843	158.745	158.817	1235	0	21
2026.01.15	16:00:00	158.815	158.867	158.74	158.753	1320	0	21
2026.01.15	16:12:00	158.753	158.78	158.635	158.666	1093	0	21
2026.01.15	16:24:00	158.668	158.756	158.654	158.756	1268	0	21
2026.01.15	16:36:00	158.756	158.84	158.718	158.78	1493	0	21
2026.01.15	16:48:00	158.782	158.806	158.688	158.728	1267	0	21
2026.01.15	17:00:00	158.728	158.731	158.615	158.68	1177	0	21
2026.01.15	17:12:00	158.68	158.699	158.608	158.625	1000	0	21
2026.01.15	17:24:00	158.624	158.642	158.5	158.514	1499	0	21
2026.01.15	17:36:00	158.514	158.576	158.483	158.516	941	0	21
2026.01.15	17:48:00	158.516	158.551	158.463	158.526	1389	0	21
2026.01.15	18:00:00	158.525	158.558	158.494	158.517	1097	0	21
2026.01.15	18:12:00	158.516	158.531	158.46	158.461	653	0	21
2026.01.15	18:24:00	158.461	158.466	158.402	158.458	822	0	21
2026.01.15	18:36:00	158.459	158.501	158.445	158.48	683	0	21
2026.01.15	18:48:00	158.481	158.532	158.466	158.488	795	0	21
2026.01.15	19:00:00	158.489	158.511	158.466	158.47	612	0	21
2026.01.15	19:12:00	158.47	158.49	158.435	158.471	471	0	21
2026.01.15	19:24:00	158.471	158.477	158.446	158.455	704	0	21
2026.01.15	19:36:00	158.456	158.478	158.446	158.469	543	0	21
2026.01.15	19:48:00	158.47	158.527	158.465	158.497	589	0	21
2026.01.15	20:00:00	158.497	158.511	158.464	158.492	689	0	21
2026.01.15	20:12:00	158.493	158.51	158.474	158.491	542	0	21
2026.01.15	20:24:00	158.49	158.505	158.469	158.471	594	0	21
2026.01.15	20:36:00	158.471	158.49	158.466	158.485	317	0	21
2026.01.15	20:48:00	158.485	158.494	158.469	158.481	452	0	21
2026.01.15	21:00:00	158.48	158.525	158.48	158.491	603	0	21
2026.01.15	21:12:00	158.491	158.505	158.464	158.468	565	0	21
2026.01.15	21:24:00	158.469	158.495	158.452	158.486	439	0	21
2026.01.15	21:36:00	158.485	158.549	158.485	158.546	690	0	21
2026.01.15	21:48:00	158.546	158.546	158.514	158.516	492	0	21
2026.01.15	22:00:00	158.515	158.528	158.502	158.518	442	0	21
2026.01.15	22:12:00	158.519	158.556	158.514	158.552	424	0	21
2026.01.15	22:24:00	158.553	158.602	158.553	158.602	723	0	21
2026.01.15	22:36:00	158.601	158.616	158.578	158.591	415	0	21
2026.01.15	22:48:00	158.592	158.635	158.591	158.63	473	0	21
2026.01.15	23:00:00	158.63	158.663	158.617	158.652	317	0	21
2026.01.15	23:12:00	158.652	158.657	158.613	158.618	186	0	21
2026.01.15	23:24:00	158.619	158.63	158.594	158.608	360	0	21
2026.01.15	23:36:00	158.609	158.642	158.609	158.628	178	0	21
2026.01.15	23:48:00	158.629	158.642	158.567	158.567	472	0	25
2026.01.16	00:00:00	158.558	158.576	158.544	158.568	31	0	105
2026.01.16	00:12:00	158.576	158.577	158.546	158.573	39	0	84
2026.01.16	00:24:00	158.574	158.581	158.568	158.577	43	0	67
2026.01.16	00:36:00	158.576	158.589	158.554	158.582	192	0	66
2026.01.16	00:48:00	158.591	158.604	158.572	158.601	293	0	58
2026.01.16	01:00:00	158.601	158.66	158.557	158.616	145	0	21
2026.01.16	01:12:00	158.615	158.645	158.59	158.631	268	0	23
2026.01.16	01:24:00	158.631	158.657	158.628	158.642	318	0	23
2026.01.16	01:36:00	158.642	158.648	158.581	158.608	438	0	23
2026.01.16	01:48:00	158.608	158.62	158.552	158.579	224	0	21
2026.01.16	02:00:00	158.579	158.587	158.507	158.534	715	0	21
2026.01.16	02:12:00	158.533	158.581	158.52	158.58	462	0	21
2026.01.16	02:24:00	158.58	158.598	158.565	158.57	393	0	21
2026.01.16	02:36:00	158.57	158.585	158.528	158.572	598	0	21
2026.01.16	02:48:00	158.575	158.695	158.572	158.643	1371	0	21
2026.01.16	03:00:00	158.642	158.671	158.549	158.559	874	0	21
2026.01.16	03:12:00	158.558	158.571	158.493	158.496	653	0	21
2026.01.16	03:24:00	158.497	158.525	158.461	158.5	674	0	21
2026.01.16	03:36:00	158.502	158.533	158.494	158.527	489	0	21
2026.01.16	03:48:00	158.523	158.599	158.502	158.586	652	0	21
2026.01.16	04:00:00	158.587	158.62	158.505	158.53	623	0	21
2026.01.16	04:12:00	158.531	158.574	158.376	158.457	1015	0	21
2026.01.16	04:24:00	158.457	158.465	158.328	158.383	1127	0	21
2026.01.16	04:36:00	158.383	158.392	157.951	158.246	1997	0	21
2026.01.16	04:48:00	158.245	158.331	158.138	158.293	1161	0	21
2026.01.16	05:00:00	158.29	158.299	158.163	158.174	908	0	21
2026.01.16	05:12:00	158.174	158.255	158.125	158.242	795	0	21
2026.01.16	05:24:00	158.244	158.25	158.183	158.186	516	0	21
2026.01.16	05:36:00	158.185	158.196	158.108	158.142	447	0	21
2026.01.16	05:48:00	158.144	158.184	158.097	158.097	558	0	21
2026.01.16	06:00:00	158.095	158.208	158.088	158.208	516	0	21
2026.01.16	06:12:00	158.208	158.242	158.195	158.234	589	0	21
2026.01.16	06:24:00	158.233	158.234	158.15	158.178	316	0	21
2026.01.16	06:36:00	158.177	158.265	158.177	158.255	398	0	21
2026.01.16	06:48:00	158.254	158.28	158.238	158.265	347	0	21
2026.01.16	07:00:00	158.266	158.282	158.236	158.254	312	0	21
2026.01.16	07:12:00	158.263	158.295	158.242	158.261	373	0	21
2026.01.16	07:24:00	158.266	158.27	158.215	158.215	351	0	21
2026.01.16	07:36:00	158.215	158.303	158.214	158.292	368	0	21
2026.01.16	07:48:00	158.294	158.369	158.284	158.366	482	0	21
2026.01.16	08:00:00	158.367	158.386	158.325	158.38	423	0	21
2026.01.16	08:12:00	158.38	158.425	158.366	158.416	580	0	21
2026.01.16	08:24:00	158.416	158.42	158.369	158.404	519	0	21
2026.01.16	08:36:00	158.401	158.422	158.335	158.371	468	0	21
2026.01.16	08:48:00	158.371	158.439	158.37	158.375	360	0	21
2026.01.16	09:00:00	158.376	158.392	158.298	158.316	656	0	21
2026.01.16	09:12:00	158.316	158.32	158.203	158.204	778	0	21
2026.01.16	09:24:00	158.205	158.257	158.151	158.208	1119	0	21
2026.01.16	09:36:00	158.208	158.245	158.087	158.142	1750	0	21
2026.01.16	09:48:00	158.14	158.167	158.1	158.155	1265	0	21
2026.01.16	10:00:00	158.156	158.243	158.107	158.185	1437	0	21
2026.01.16	10:12:00	158.184	158.202	158.114	158.125	955	0	21
2026.01.16	10:24:00	158.124	158.154	158.0	158.003	1355	0	21
2026.01.16	10:36:00	158.002	158.109	158.001	158.105	929	0	21
2026.01.16	10:48:00	158.106	158.219	158.049	158.199	902	0	21
2026.01.16	11:00:00	158.198	158.202	158.093	158.093	806	0	21
2026.01.16	11:12:00	158.092	158.154	158.068	158.132	648	0	21
2026.01.16	11:24:00	158.132	158.147	158.063	158.12	919	0	21
2026.01.16	11:36:00	158.12	158.155	158.073	158.107	834	0	21
2026.01.16	11:48:00	158.11	158.191	158.093	158.183	813	0	21
2026.01.16	12:00:00	158.184	158.208	158.125	158.197	886	0	21
2026.01.16	12:12:00	158.198	158.2	158.098	158.115	872	0	21
2026.01.16	12:24:00	158.114	158.121	158.067	158.071	723	0	21
2026.01.16	12:36:00	158.073	158.119	158.066	158.103	670	0	21
2026.01.16	12:48:00	158.103	158.136	158.09	158.113	513	0	21
2026.01.16	13:00:00	158.113	158.142	158.067	158.07	746	0	21
2026.01.16	13:12:00	158.069	158.106	158.049	158.091	683	0	21
2026.01.16	13:24:00	158.091	158.115	158.054	158.064	629	0	21
2026.01.16	13:36:00	158.065	158.081	158.045	158.053	524	0	21
2026.01.16	13:48:00	158.052	158.086	158.039	158.083	638	0	21
2026.01.16	14:00:00	158.082	158.16	158.064	158.137	836	0	21
2026.01.16	14:12:00	158.137	158.168	158.114	158.168	762	0	21
2026.01.16	14:24:00	158.169	158.214	158.149	158.152	848	0	21
2026.01.16	14:36:00	158.153	158.177	158.132	158.142	607	0	21
2026.01.16	14:48:00	158.142	158.185	158.125	158.14	824	0	21
2026.01.16	15:00:00	158.141	158.142	158.062	158.101	755	0	21
2026.01.16	15:12:00	158.101	158.12	158.05	158.117	1130	0	21
2026.01.16	15:24:00	158.118	158.123	158.04	158.056	949	0	21
2026.01.16	15:36:00	158.057	158.068	157.995	158.012	813	0	21
2026.01.16	15:48:00	158.012	158.036	157.932	158.009	677	0	21
2026.01.16	16:00:00	158.009	158.093	157.987	158.065	814	0	21
2026.01.16	16:12:00	158.065	158.079	158.036	158.078	514	0	21
2026.01.16	16:24:00	158.079	158.107	158.033	158.042	964	0	21
2026.01.16	16:36:00	158.042	158.043	157.97	158.006	960	0	21
2026.01.16	16:48:00	158.006	158.022	157.831	157.897	1159	0	21
2026.01.16	17:00:00	157.896	157.896	157.81	157.883	1359	0	21
2026.01.16	17:12:00	157.885	158.096	157.831	158.041	1972	0	21
2026.01.16	17:24:00	158.041	158.112	157.957	158.068	2392	0	21
2026.01.16	17:36:00	158.067	158.255	158.047	158.152	2028	0	21
2026.01.16	17:48:00	158.151	158.179	157.994	158.052	1906	0	21
2026.01.16	18:00:00	158.053	158.086	157.992	158.027	1449	0	21
2026.01.16	18:12:00	158.028	158.05	157.924	158.016	1565	0	21
2026.01.16	18:24:00	158.015	158.09	158.006	158.078	1072	0	21
2026.01.16	18:36:00	158.078	158.081	157.96	157.977	904	0	21
2026.01.16	18:48:00	157.977	158.019	157.965	158.011	846	0	21
2026.01.16	19:00:00	158.012	158.081	158.009	158.019	889	0	21
2026.01.16	19:12:00	158.018	158.094	158.014	158.083	510	0	21
2026.01.16	19:24:00	158.084	158.114	158.068	158.095	430	0	21
2026.01.16	19:36:00	158.094	158.116	158.069	158.105	430	0	21
2026.01.16	19:48:00	158.107	158.149	158.09	158.13	559	0	21
2026.01.16	20:00:00	158.131	158.207	158.127	158.177	482	0	21
2026.01.16	20:12:00	158.176	158.231	158.175	158.217	522	0	21
2026.01.16	20:24:00	158.217	158.218	158.176	158.189	413	0	21
2026.01.16	20:36:00	158.189	158.197	158.125	158.127	438	0	21
2026.01.16	20:48:00	158.126	158.168	158.116	158.168	391	0	21
2026.01.16	21:00:00	158.168	158.197	158.16	158.165	532	0	21
2026.01.16	21:12:00	158.165	158.2	158.16	158.163	296	0	21
2026.01.16	21:24:00	158.164	158.175	158.135	158.144	275	0	21
2026.01.16	21:36:00	158.145	158.151	158.103	158.104	302	0	21
2026.01.16	21:48:00	158.105	158.118	158.09	158.111	359	0	21
2026.01.16	22:00:00	158.11	158.111	158.078	158.08	339	0	21
2026.01.16	22:12:00	158.08	158.08	158.054	158.058	289	0	21
2026.01.16	22:24:00	158.061	158.077	158.028	158.059	422	0	21
2026.01.16	22:36:00	158.06	158.083	158.054	158.078	313	0	21
2026.01.16	22:48:00	158.078	158.081	158.031	158.066	315	0	21
2026.01.16	23:00:00	158.067	158.086	158.052	158.084	258	0	21
2026.01.16	23:12:00	158.083	158.105	158.079	158.079	188	0	21
2026.01.16	23:24:00	158.079	158.083	158.057	158.08	150	0	21
2026.01.16	23:36:00	158.081	158.118	158.081	158.115	331	0	24
2026.01.16	23:48:00	158.113	158.126	158.065	158.085	704	0	27
2026.01.19	00:00:00	157.883	157.916	157.769	157.902	99	0	37
2026.01.19	00:12:00	157.91	157.954	157.873	157.934	61	0	37
2026.01.19	00:24:00	157.939	157.939	157.839	157.862	359	0	37
2026.01.19	00:36:00	157.859	157.882	157.836	157.86	590	0	48
2026.01.19	00:48:00	157.862	157.865	157.789	157.833	349	0	39
2026.01.19	01:00:00	157.833	157.834	157.628	157.701	1256	0	21
2026.01.19	01:12:00	157.701	157.806	157.64	157.685	1646	0	21
2026.01.19	01:24:00	157.685	157.706	157.574	157.627	1344	0	21
2026.01.19	01:36:00	157.628	157.667	157.51	157.541	1468	0	21
2026.01.19	01:48:00	157.539	157.582	157.488	157.539	1264	0	21
2026.01.19	02:00:00	157.54	157.845	157.505	157.845	1585	0	21
2026.01.19	02:12:00	157.843	157.867	157.593	157.597	1863	0	21
2026.01.19	02:24:00	157.596	157.673	157.543	157.571	1691	0	21
2026.01.19	02:36:00	157.571	157.602	157.507	157.561	1518	0	21
2026.01.19	02:48:00	157.561	157.593	157.434	157.463	1650	0	21
2026.01.19	03:00:00	157.462	157.609	157.436	157.499	1584	0	21
2026.01.19	03:12:00	157.498	157.551	157.413	157.451	1441	0	21
2026.01.19	03:24:00	157.45	157.525	157.424	157.51	1330	0	21
2026.01.19	03:36:00	157.51	157.617	157.501	157.606	791	0	21
2026.01.19	03:48:00	157.606	157.687	157.591	157.673	890	0	21
2026.01.19	04:00:00	157.674	157.784	157.672	157.772	939	0	21
2026.01.19	04:12:00	157.771	157.856	157.751	157.828	776	0	21
2026.01.19	04:24:00	157.828	157.877	157.751	157.83	534	0	21
2026.01.19	04:36:00	157.836	157.914	157.816	157.909	607	0	21
2026.01.19	04:48:00	157.908	157.917	157.849	157.853	565	0	21
2026.01.19	05:00:00	157.855	157.929	157.823	157.927	635	0	21
2026.01.19	05:12:00	157.927	157.935	157.816	157.839	713	0	21
2026.01.19	05:24:00	157.841	157.853	157.8	157.814	969	0	21
2026.01.19	05:36:00	157.813	157.915	157.812	157.864	607	0	21
2026.01.19	05:48:00	157.865	157.89	157.851	157.869	668	0	21
2026.01.19	06:00:00	157.87	157.87	157.812	157.869	550	0	21
2026.01.19	06:12:00	157.869	157.906	157.849	157.853	345	0	21
2026.01.19	06:24:00	157.852	157.865	157.827	157.845	371	0	21
2026.01.19	06:36:00	157.846	157.866	157.813	157.841	510	0	21
2026.01.19	06:48:00	157.841	157.868	157.811	157.816	666	0	21
2026.01.19	07:00:00	157.813	157.817	157.753	157.768	569	0	21
2026.01.19	07:12:00	157.77	157.82	157.743	157.753	419	0	21
2026.01.19	07:24:00	157.753	157.835	157.749	157.834	383	0	21
2026.01.19	07:36:00	157.832	157.938	157.83	157.919	587	0	21
2026.01.19	07:48:00	157.92	157.925	157.88	157.889	666	0	21
2026.01.19	08:00:00	157.888	157.917	157.865	157.915	397	0	21
2026.01.19	08:12:00	157.917	157.926	157.824	157.844	567	0	21
2026.01.19	08:24:00	157.844	157.911	157.841	157.895	658	0	21
2026.01.19	08:36:00	157.895	157.9	157.827	157.848	500	0	21
2026.01.19	08:48:00	157.848	157.859	157.779	157.802	539	0	21
2026.01.19	09:00:00	157.801	157.842	157.763	157.765	1104	0	21
2026.01.19	09:12:00	157.767	157.886	157.733	157.873	899	0	21
2026.01.19	09:24:00	157.874	157.929	157.869	157.912	949	0	21
2026.01.19	09:36:00	157.908	158.059	157.901	158.038	1036	0	21
2026.01.19	09:48:00	158.031	158.111	158.018	158.066	840	0	21
2026.01.19	10:00:00	158.067	158.139	157.998	158.089	1285	0	21
2026.01.19	10:12:00	158.09	158.102	158.027	158.09	1118	0	21
2026.01.19	10:24:00	158.091	158.117	157.994	158.002	910	0	21
2026.01.19	10:36:00	158.001	158.046	157.987	158.014	788	0	21
2026.01.19	10:48:00	158.013	158.041	157.991	158.014	738	0	21
2026.01.19	11:00:00	158.014	158.145	157.931	158.03	1421	0	21
2026.01.19	11:12:00	158.031	158.131	157.957	158.041	1715	0	21
2026.01.19	11:24:00	158.039	158.154	158.038	158.117	1706	0	21
2026.01.19	11:36:00	158.117	158.13	157.848	157.969	1798	0	21
2026.01.19	11:48:00	157.97	158.018	157.91	157.913	972	0	21
2026.01.19	12:00:00	157.914	157.981	157.883	157.924	930	0	21
2026.01.19	12:12:00	157.921	157.965	157.89	157.92	834	0	21
2026.01.19	12:24:00	157.921	157.935	157.864	157.89	672	0	21
2026.01.19	12:36:00	157.89	157.89	157.849	157.881	426	0	21
2026.01.19	12:48:00	157.882	157.882	157.815	157.873	634	0	21
2026.01.19	13:00:00	157.873	157.957	157.871	157.942	542	0	21
2026.01.19	13:12:00	157.942	158.019	157.938	157.985	717	0	21
2026.01.19	13:24:00	157.985	158.066	157.955	158.03	647	0	21
2026.01.19	13:36:00	158.029	158.064	158.028	158.057	461	0	21
2026.01.19	13:48:00	158.056	158.095	158.018	158.029	691	0	21
2026.01.19	14:00:00	158.028	158.05	157.931	157.968	805	0	21
2026.01.19	14:12:00	157.968	157.986	157.92	157.934	621	0	21
2026.01.19	14:24:00	157.933	157.96	157.907	157.959	560	0	21
2026.01.19	14:36:00	157.96	157.981	157.932	157.971	429	0	21
2026.01.19	14:48:00	157.969	158.014	157.965	158.009	548	0	21
2026.01.19	15:00:00	158.008	158.018	157.924	157.94	751	0	21
2026.01.19	15:12:00	157.941	157.946	157.912	157.917	461	0	21
2026.01.19	15:24:00	157.918	157.94	157.867	157.88	384	0	21
2026.01.19	15:36:00	157.88	157.909	157.866	157.867	409	0	21
2026.01.19	15:48:00	157.869	157.935	157.866	157.908	448	0	21
2026.01.19	16:00:00	157.912	157.937	157.886	157.908	647	0	21
2026.01.19	16:12:00	157.908	157.932	157.864	157.871	557	0	21
2026.01.19	16:24:00	157.87	157.889	157.864	157.875	334	0	21
2026.01.19	16:36:00	157.875	157.936	157.871	157.88	487	0	21
2026.01.19	16:48:00	157.881	157.906	157.853	157.89	805	0	21
2026.01.19	17:00:00	157.893	157.898	157.85	157.885	664	0	21
2026.01.19	17:12:00	157.884	157.909	157.881	157.908	751	0	21
2026.01.19	17:24:00	157.908	157.986	157.903	157.959	783	0	21
2026.01.19	17:36:00	157.96	158.055	157.959	158.055	930	0	21
2026.01.19	17:48:00	158.056	158.068	157.997	158.05	1401	0	21
2026.01.19	18:00:00	158.05	158.09	158.028	158.035	981	0	21
2026.01.19	18:12:00	158.037	158.126	158.027	158.086	744	0	21
2026.01.19	18:24:00	158.087	158.11	158.07	158.079	516	0	21
2026.01.19	18:36:00	158.078	158.125	158.078	158.112	278	0	21
2026.01.19	18:48:00	158.113	158.116	158.053	158.064	408	0	21
2026.01.19	19:00:00	158.058	158.095	158.051	158.064	239	0	21
2026.01.19	19:12:00	158.065	158.079	158.062	158.076	350	0	21
2026.01.19	19:24:00	158.076	158.08	158.05	158.051	348	0	21
2026.01.19	19:36:00	158.044	158.044	157.999	158.013	293	0	21
2026.01.19	19:48:00	158.014	158.047	158.014	158.021	235	0	21
2026.01.19	20:00:00	158.019	158.021	158.001	158.002	217	0	22
2026.01.19	20:12:00	158.001	158.014	157.994	158.006	245	0	21
2026.01.19	20:24:00	158.007	158.041	158.007	158.04	112	0	21
2026.01.19	20:36:00	158.041	158.06	158.038	158.056	166	0	21
2026.01.19	20:48:00	158.057	158.063	158.048	158.062	121	0	21
2026.01.19	21:00:00	158.063	158.093	158.063	158.09	146	0	21
2026.01.19	21:12:00	158.089	158.093	158.079	158.093	59	0	21
2026.01.19	21:24:00	158.093	158.102	158.066	158.069	93	0	21
2026.01.19	21:36:00	158.068	158.083	158.067	158.078	74	0	22
2026.01.19	21:48:00	158.077	158.083	158.068	158.07	123	0	23
2026.01.19	22:00:00	158.07	158.118	158.068	158.117	175	0	23
2026.01.19	22:12:00	158.117	158.143	158.117	158.143	121	0	22
2026.01.19	22:24:00	158.143	158.143	158.108	158.11	85	0	21
2026.01.19	22:36:00	158.11	158.121	158.107	158.118	71	0	23
2026.01.19	22:48:00	158.118	158.121	158.113	158.114	60	0	23
2026.01.19	23:00:00	158.115	158.125	158.112	158.119	85	0	24
2026.01.19	23:12:00	158.119	158.129	158.092	158.092	69	0	23
2026.01.19	23:24:00	158.093	158.121	158.093	158.105	99	0	25
2026.01.19	23:36:00	158.104	158.114	158.102	158.102	44	0	25
2026.01.19	23:48:00	158.103	158.125	158.056	158.056	115	0	27
2026.01.20	00:00:00	158.059	158.062	157.982	158.049	25	0	95
2026.01.20	00:12:00	158.052	158.09	158.046	158.056	37	0	71
2026.01.20	00:24:00	158.056	158.077	158.025	158.075	88	0	56
2026.01.20	00:36:00	158.075	158.09	158.075	158.08	79	0	48
2026.01.20	00:48:00	158.081	158.081	158.073	158.076	69	0	50
2026.01.20	01:00:00	158.075	158.157	158.073	158.152	260	0	21
2026.01.20	01:12:00	158.152	158.178	158.145	158.174	160	0	21
2026.01.20	01:24:00	158.174	158.213	158.154	158.177	161	0	21
2026.01.20	01:36:00	158.177	158.212	158.176	158.177	198	0	21
2026.01.20	01:48:00	158.176	158.195	158.152	158.153	291	0	21
2026.01.20	02:00:00	158.153	158.255	158.131	158.255	878	0	21
2026.01.20	02:12:00	158.255	158.27	158.142	158.143	851	0	21
2026.01.20	02:24:00	158.142	158.209	158.095	158.202	927	0	21
2026.01.20	02:36:00	158.202	158.249	158.181	158.193	678	0	21
2026.01.20	02:48:00	158.193	158.225	157.89	157.928	2117	0	21
2026.01.20	03:00:00	157.926	157.951	157.838	157.932	1835	0	21
2026.01.20	03:12:00	157.931	158.07	157.883	158.033	1398	0	21
2026.01.20	03:24:00	158.032	158.142	158.031	158.115	1084	0	21
2026.01.20	03:36:00	158.115	158.181	158.102	158.168	558	0	21
2026.01.20	03:48:00	158.168	158.177	157.919	157.938	1218	0	21
2026.01.20	04:00:00	157.937	158.044	157.931	158.031	570	0	21
2026.01.20	04:12:00	158.031	158.067	157.94	157.98	771	0	21
2026.01.20	04:24:00	157.98	158.047	157.937	158.032	585	0	21
2026.01.20	04:36:00	158.033	158.045	157.978	158.005	474	0	21
2026.01.20	04:48:00	158.004	158.05	157.975	158.021	670	0	21
2026.01.20	05:00:00	158.02	158.021	157.939	157.972	564	0	21
2026.01.20	05:12:00	157.972	157.982	157.908	157.908	331	0	21
2026.01.20	05:24:00	157.91	157.939	157.894	157.921	515	0	21
2026.01.20	05:36:00	157.921	157.973	157.9	157.941	522	0	21
2026.01.20	05:48:00	157.94	157.991	157.939	157.961	447	0	21
2026.01.20	06:00:00	157.957	157.984	157.923	157.924	439	0	21
2026.01.20	06:12:00	157.922	157.958	157.901	157.922	360	0	21
2026.01.20	06:24:00	157.921	158.009	157.884	157.994	833	0	21
2026.01.20	06:36:00	157.994	158.092	157.983	158.082	607	0	21
2026.01.20	06:48:00	158.082	158.085	157.986	158.02	847	0	21
2026.01.20	07:00:00	158.019	158.061	157.942	157.955	822	0	21
2026.01.20	07:12:00	157.954	158.023	157.94	158.023	671	0	21
2026.01.20	07:24:00	158.023	158.087	158.006	158.053	583	0	21
2026.01.20	07:36:00	158.053	158.091	158.043	158.078	501	0	21
2026.01.20	07:48:00	158.078	158.113	158.041	158.091	737	0	21
2026.01.20	08:00:00	158.088	158.156	158.087	158.14	815	0	21
2026.01.20	08:12:00	158.141	158.343	158.137	158.34	1109	0	21
2026.01.20	08:24:00	158.34	158.456	158.34	158.389	1404	0	21
2026.01.20	08:36:00	158.389	158.451	158.374	158.409	1134	0	21
2026.01.20	08:48:00	158.41	158.455	158.388	158.404	746	0	21
2026.01.20	09:00:00	158.412	158.59	158.411	158.532	1456	0	21
2026.01.20	09:12:00	158.53	158.538	158.408	158.43	1515	0	21
2026.01.20	09:24:00	158.429	158.516	158.34	158.357	1529	0	21
2026.01.20	09:36:00	158.357	158.41	158.294	158.37	1764	0	21
2026.01.20	09:48:00	158.369	158.401	158.304	158.36	1898	0	21
2026.01.20	10:00:00	158.359	158.384	158.141	158.144	2277	0	21
2026.01.20	10:12:00	158.144	158.201	158.112	158.179	1572	0	21
2026.01.20	10:24:00	158.179	158.18	157.949	157.951	2015	0	21
2026.01.20	10:36:00	157.951	157.984	157.755	157.8	2602	0	21
2026.01.20	10:48:00	157.8	157.87	157.735	157.804	2280	0	21
2026.01.20	11:00:00	157.804	157.805	157.57	157.667	2562	0	21
2026.01.20	11:12:00	157.669	157.782	157.64	157.666	2109	0	21
2026.01.20	11:24:00	157.666	157.692	157.593	157.62	1640	0	21
2026.01.20	11:36:00	157.62	157.761	157.545	157.727	1774	0	21
2026.01.20	11:48:00	157.729	157.756	157.652	157.72	1422	0	21
2026.01.20	12:00:00	157.72	157.806	157.685	157.79	1793	0	21
2026.01.20	12:12:00	157.791	157.896	157.773	157.849	1554	0	21
2026.01.20	12:24:00	157.848	157.929	157.838	157.855	1268	0	21
2026.01.20	12:36:00	157.854	157.908	157.837	157.875	1095	0	21
2026.01.20	12:48:00	157.876	157.876	157.789	157.798	1046	0	21
2026.01.20	13:00:00	157.797	157.87	157.779	157.865	1131	0	21
2026.01.20	13:12:00	157.867	157.903	157.828	157.846	1085	0	21
2026.01.20	13:24:00	157.845	157.879	157.805	157.859	1111	0	21
2026.01.20	13:36:00	157.86	157.874	157.738	157.745	1378	0	21
2026.01.20	13:48:00	157.746	157.757	157.675	157.738	1121	0	21
2026.01.20	14:00:00	157.738	157.79	157.713	157.752	1173	0	21
2026.01.20	14:12:00	157.751	157.755	157.644	157.667	1060	0	21
2026.01.20	14:24:00	157.665	157.801	157.661	157.791	1066	0	21
2026.01.20	14:36:00	157.791	157.84	157.785	157.812	1333	0	21
2026.01.20	14:48:00	157.811	157.883	157.809	157.851	1269	0	21
2026.01.20	15:00:00	157.852	157.892	157.812	157.857	1116	0	21
2026.01.20	15:12:00	157.858	157.874	157.756	157.874	1519	0	21
2026.01.20	15:24:00	157.874	157.959	157.456	157.698	2506	0	21
2026.01.20	15:36:00	157.698	157.862	157.624	157.82	2842	0	21
2026.01.20	15:48:00	157.821	157.881	157.784	157.831	2668	0	21
2026.01.20	16:00:00	157.83	158.026	157.726	157.904	2849	0	21
2026.01.20	16:12:00	157.905	157.927	157.76	157.837	2703	0	21
2026.01.20	16:24:00	157.838	158.032	157.812	157.995	2858	0	21
2026.01.20	16:36:00	157.997	158.004	157.915	157.924	2188	0	21
2026.01.20	16:48:00	157.923	158.069	157.901	158.026	2067	0	21
2026.01.20	17:00:00	158.025	158.098	157.937	158.031	1840	0	21
2026.01.20	17:12:00	158.032	158.073	157.974	157.983	1667	0	21
2026.01.20	17:24:00	157.984	158.046	157.957	158.014	1346	0	21
2026.01.20	17:36:00	158.014	158.033	157.934	157.973	1217	0	21
2026.01.20	17:48:00	157.972	157.977	157.839	157.914	1722	0	21
2026.01.20	18:00:00	157.915	157.95	157.849	157.887	948	0	21
2026.01.20	18:12:00	157.888	157.938	157.844	157.86	929	0	21
2026.01.20	18:24:00	157.86	158.028	157.86	158.015	809	0	21
2026.01.20	18:36:00	158.016	158.064	157.981	157.999	841	0	21
2026.01.20	18:48:00	158.0	158.025	157.876	157.882	798	0	21
2026.01.20	19:00:00	157.883	157.906	157.847	157.85	906	0	21
2026.01.20	19:12:00	157.85	157.936	157.845	157.936	700	0	21
2026.01.20	19:24:00	157.935	157.977	157.914	157.915	712	0	21
2026.01.20	19:36:00	157.915	157.946	157.883	157.946	572	0	21
2026.01.20	19:48:00	157.945	157.961	157.905	157.944	567	0	21
2026.01.20	20:00:00	157.944	157.986	157.939	157.962	661	0	21
2026.01.20	20:12:00	157.962	158.021	157.957	158.02	540	0	21
2026.01.20	20:24:00	158.021	158.037	158.007	158.026	527	0	21
2026.01.20	20:36:00	158.026	158.046	157.97	157.971	491	0	21
2026.01.20	20:48:00	157.971	158.045	157.96	158.04	601	0	21
2026.01.20	21:00:00	158.04	158.138	158.033	158.133	757	0	21
2026.01.20	21:12:00	158.133	158.139	158.074	158.109	513	0	21
2026.01.20	21:24:00	158.109	158.133	158.104	158.12	574	0	21
2026.01.20	21:36:00	158.12	158.219	158.105	158.214	754	0	21
2026.01.20	21:48:00	158.215	158.288	158.192	158.277	817	0	21
2026.01.20	22:00:00	158.278	158.279	158.189	158.194	725	0	21
2026.01.20	22:12:00	158.194	158.266	158.192	158.252	892	0	21
2026.01.20	22:24:00	158.253	158.254	158.184	158.191	894	0	21
2026.01.20	22:36:00	158.191	158.232	158.176	158.194	713	0	21
2026.01.20	22:48:00	158.191	158.214	158.185	158.196	859	0	21
2026.01.20	23:00:00	158.197	158.22	158.175	158.188	594	0	23
2026.01.20	23:12:00	158.188	158.195	158.177	158.184	276	0	24
2026.01.20	23:24:00	158.183	158.193	158.14	158.17	331	0	23
2026.01.20	23:36:00	158.17	158.176	158.156	158.166	302	0	24
2026.01.20	23:48:00	158.166	158.166	158.123	158.123	559	0	25
2026.01.21	00:00:00	158.118	158.118	158.093	158.094	38	0	50
2026.01.21	00:12:00	158.097	158.117	158.093	158.099	44	0	55
2026.01.21	00:24:00	158.101	158.119	158.096	158.099	49	0	52
2026.01.21	00:36:00	158.101	158.142	158.099	158.11	89	0	53
2026.01.21	00:48:00	158.11	158.135	158.099	158.129	82	0	57
2026.01.21	01:00:00	158.129	158.146	158.095	158.12	355	0	21
2026.01.21	01:12:00	158.12	158.195	158.12	158.183	449	0	21
2026.01.21	01:24:00	158.183	158.192	158.16	158.164	217	0	21
2026.01.21	01:36:00	158.164	158.174	158.077	158.09	367	0	21
2026.01.21	01:48:00	158.09	158.171	158.028	158.141	744	0	21
2026.01.21	02:00:00	158.143	158.221	158.126	158.216	1299	0	21
2026.01.21	02:12:00	158.217	158.268	158.192	158.209	833	0	21
2026.01.21	02:24:00	158.208	158.236	158.141	158.144	718	0	21
2026.01.21	02:36:00	158.143	158.255	158.14	158.22	790	0	21
2026.01.21	02:48:00	158.22	158.236	158.101	158.102	1508	0	21
2026.01.21	03:00:00	158.101	158.149	158.027	158.027	1533	0	21
2026.01.21	03:12:00	158.028	158.162	158.019	158.032	1222	0	21
2026.01.21	03:24:00	158.032	158.037	157.888	157.908	1250	0	21
2026.01.21	03:36:00	157.908	157.924	157.846	157.904	951	0	21
2026.01.21	03:48:00	157.904	157.96	157.888	157.948	936	0	21
2026.01.21	04:00:00	157.949	158.066	157.948	158.06	799	0	21
2026.01.21	04:12:00	158.06	158.063	157.962	158.018	714	0	21
2026.01.21	04:24:00	158.017	158.018	157.915	157.954	623	0	21
2026.01.21	04:36:00	157.951	157.952	157.877	157.907	581	0	21
2026.01.21	04:48:00	157.907	157.929	157.903	157.905	514	0	21
2026.01.21	05:00:00	157.905	157.945	157.879	157.931	566	0	21
2026.01.21	05:12:00	157.932	158.091	157.929	158.077	919	0	21
2026.01.21	05:24:00	158.076	158.14	158.066	158.09	738	0	21
2026.01.21	05:36:00	158.089	158.091	158.052	158.067	552	0	21
2026.01.21	05:48:00	158.068	158.095	158.05	158.076	470	0	21
2026.01.21	06:00:00	158.077	158.082	158.011	158.011	730	0	21
2026.01.21	06:12:00	158.011	158.021	157.984	157.99	547	0	21
2026.01.21	06:24:00	157.99	158.07	157.989	158.068	397	0	21
2026.01.21	06:36:00	158.068	158.075	158.039	158.054	327	0	21
2026.01.21	06:48:00	158.054	158.119	158.014	158.026	595	0	21
2026.01.21	07:00:00	158.025	158.12	158.024	158.094	761	0	21
2026.01.21	07:12:00	158.094	158.145	158.074	158.141	716	0	21
2026.01.21	07:24:00	158.14	158.205	158.136	158.163	796	0	21
2026.01.21	07:36:00	158.162	158.182	158.143	158.151	584	0	21
2026.01.21	07:48:00	158.152	158.228	158.148	158.195	488	0	21
2026.01.21	08:00:00	158.194	158.246	158.187	158.204	801	0	21
2026.01.21	08:12:00	158.203	158.229	158.124	158.166	605	0	21
2026.01.21	08:24:00	158.167	158.172	158.114	158.129	660	0	21
2026.01.21	08:36:00	158.128	158.143	158.074	158.114	608	0	21
2026.01.21	08:48:00	158.113	158.159	158.099	158.132	698	0	21
2026.01.21	09:00:00	158.133	158.155	158.065	158.12	833	0	21
2026.01.21	09:12:00	158.12	158.125	158.005	158.006	862	0	21
2026.01.21	09:24:00	158.007	158.036	157.979	158.005	889	0	21
2026.01.21	09:36:00	158.005	158.042	157.932	157.947	635	0	21
2026.01.21	09:48:00	157.945	157.946	157.864	157.915	1083	0	21
2026.01.21	10:00:00	157.915	157.977	157.888	157.931	1077	0	21
2026.01.21	10:12:00	157.93	157.935	157.809	157.872	1103	0	21
2026.01.21	10:24:00	157.872	157.94	157.859	157.924	852	0	21
2026.01.21	10:36:00	157.923	157.93	157.832	157.866	978	0	21
2026.01.21	10:48:00	157.863	157.889	157.844	157.86	646	0	21
2026.01.21	11:00:00	157.861	157.899	157.821	157.893	689	0	21
2026.01.21	11:12:00	157.894	157.944	157.88	157.902	799	0	21
2026.01.21	11:24:00	157.902	157.946	157.858	157.916	750	0	21
2026.01.21	11:36:00	157.915	157.996	157.903	157.985	508	0	21
2026.01.21	11:48:00	157.983	158.027	157.974	157.993	858	0	21
2026.01.21	12:00:00	157.994	158.066	157.978	158.05	951	0	21
2026.01.21	12:12:00	158.051	158.073	158.015	158.039	830	0	21
2026.01.21	12:24:00	158.038	158.075	158.01	158.059	529	0	21
2026.01.21	12:36:00	158.059	158.073	157.986	158.005	866	0	21
2026.01.21	12:48:00	158.006	158.025	157.987	158.011	716	0	21
2026.01.21	13:00:00	158.011	158.057	157.981	158.048	684	0	21
2026.01.21	13:12:00	158.048	158.065	158.0	158.003	762	0	21
2026.01.21	13:24:00	158.002	158.004	157.927	157.95	661	0	21
2026.01.21	13:36:00	157.95	157.958	157.904	157.94	808	0	21
2026.01.21	13:48:00	157.941	157.95	157.904	157.904	752	0	21
2026.01.21	14:00:00	157.9	157.917	157.837	157.858	942	0	21
2026.01.21	14:12:00	157.856	157.898	157.819	157.898	681	0	21
2026.01.21	14:24:00	157.898	157.929	157.829	157.842	830	0	21
2026.01.21	14:36:00	157.843	157.848	157.735	157.743	881	0	21
2026.01.21	14:48:00	157.743	157.801	157.742	157.784	694	0	21
2026.01.21	15:00:00	157.782	157.823	157.749	157.798	737	0	21
2026.01.21	15:12:00	157.798	157.917	157.797	157.916	735	0	21
2026.01.21	15:24:00	157.916	157.93	157.867	157.904	969	0	21
2026.01.21	15:36:00	157.904	157.913	157.841	157.866	1173	0	21
2026.01.21	15:48:00	157.867	157.902	157.808	157.875	1658	0	21
2026.01.21	16:00:00	157.877	158.08	157.863	158.034	2922	0	21
2026.01.21	16:12:00	158.032	158.056	157.949	158.056	2836	0	21
2026.01.21	16:24:00	158.059	158.086	157.977	157.992	2303	0	21
2026.01.21	16:36:00	157.993	158.114	157.977	158.075	1683	0	21
2026.01.21	16:48:00	158.073	158.138	158.049	158.1	1942	0	21
2026.01.21	17:00:00	158.099	158.131	158.05	158.085	2211	0	21
2026.01.21	17:12:00	158.087	158.284	158.084	158.266	1658	0	21
2026.01.21	17:24:00	158.264	158.299	158.213	158.236	1523	0	21
2026.01.21	17:36:00	158.238	158.279	158.203	158.209	1403	0	21
2026.01.21	17:48:00	158.211	158.227	158.145	158.204	1687	0	21
2026.01.21	18:00:00	158.206	158.248	158.166	158.175	1482	0	21
2026.01.21	18:12:00	158.176	158.203	158.128	158.189	1428	0	21
2026.01.21	18:24:00	158.189	158.198	158.102	158.11	948	0	21
2026.01.21	18:36:00	158.111	158.138	158.098	158.128	1108	0	21
2026.01.21	18:48:00	158.128	158.202	158.058	158.157	1602	0	21
2026.01.21	19:00:00	158.157	158.194	158.111	158.115	1360	0	21
2026.01.21	19:12:00	158.116	158.139	158.027	158.053	1296	0	21
2026.01.21	19:24:00	158.054	158.203	158.034	158.19	891	0	21
2026.01.21	19:36:00	158.19	158.201	158.131	158.177	796	0	21
2026.01.21	19:48:00	158.176	158.177	158.125	158.131	692	0	21
2026.01.21	20:00:00	158.131	158.18	158.104	158.167	677	0	21
2026.01.21	20:12:00	158.168	158.196	158.141	158.175	745	0	21
2026.01.21	20:24:00	158.175	158.191	158.164	158.187	682	0	21
2026.01.21	20:36:00	158.188	158.233	158.186	158.19	684	0	21
2026.01.21	20:48:00	158.189	158.213	158.18	158.206	483	0	21
2026.01.21	21:00:00	158.207	158.234	158.192	158.224	625	0	21
2026.01.21	21:12:00	158.222	158.228	158.142	158.144	470	0	21
2026.01.21	21:24:00	158.145	158.486	158.129	158.461	2759	0	21
2026.01.21	21:36:00	158.462	158.521	158.437	158.46	1567	0	21
2026.01.21	21:48:00	158.459	158.474	158.369	158.371	1094	0	21
2026.01.21	22:00:00	158.37	158.45	158.37	158.412	831	0	21
2026.01.21	22:12:00	158.412	158.488	158.397	158.476	895	0	21
2026.01.21	22:24:00	158.478	158.487	158.408	158.411	729	0	21
2026.01.21	22:36:00	158.41	158.432	158.353	158.359	575	0	21
2026.01.21	22:48:00	158.36	158.37	158.318	158.363	786	0	21
2026.01.21	23:00:00	158.364	158.411	158.339	158.353	349	0	21
2026.01.21	23:12:00	158.352	158.364	158.334	158.343	272	0	21
2026.01.21	23:24:00	158.342	158.348	158.274	158.275	370	0	21
2026.01.21	23:36:00	158.275	158.283	158.258	158.262	312	0	21
2026.01.21	23:48:00	158.265	158.323	158.247	158.249	641	0	23
2026.01.22	00:00:00	158.241	158.272	158.191	158.265	27	0	70
2026.01.22	00:12:00	158.265	158.289	158.26	158.269	24	0	65
2026.01.22	00:24:00	158.277	158.29	158.258	158.287	150	0	50
2026.01.22	00:36:00	158.287	158.287	158.255	158.262	335	0	49
2026.01.22	00:48:00	158.262	158.291	158.248	158.285	406	0	65
2026.01.22	01:00:00	158.276	158.305	158.249	158.286	374	0	22
2026.01.22	01:12:00	158.283	158.338	158.269	158.321	322	0	21
2026.01.22	01:24:00	158.321	158.375	158.319	158.348	462	0	21
2026.01.22	01:36:00	158.348	158.389	158.344	158.358	572	0	22
2026.01.22	01:48:00	158.36	158.475	158.358	158.447	470	0	21
2026.01.22	02:00:00	158.449	158.479	158.37	158.423	778	0	21
2026.01.22	02:12:00	158.423	158.449	158.231	158.251	780	0	21
2026.01.22	02:24:00	158.251	158.366	158.226	158.336	1080	0	21
2026.01.22	02:36:00	158.336	158.346	158.262	158.289	978	0	21
2026.01.22	02:48:00	158.29	158.292	158.168	158.229	1627	0	21
2026.01.22	03:00:00	158.229	158.32	158.226	158.282	856	0	21
2026.01.22	03:12:00	158.283	158.33	158.263	158.29	580	0	21
2026.01.22	03:24:00	158.294	158.295	158.206	158.24	698	0	21
2026.01.22	03:36:00	158.24	158.32	158.24	158.306	744	0	21
2026.01.22	03:48:00	158.306	158.356	158.291	158.338	723	0	21
2026.01.22	04:00:00	158.339	158.404	158.329	158.359	655	0	21
2026.01.22	04:12:00	158.358	158.451	158.349	158.443	592	0	21
2026.01.22	04:24:00	158.444	158.468	158.38	158.39	623	0	21
2026.01.22	04:36:00	158.389	158.435	158.369	158.425	495	0	21
2026.01.22	04:48:00	158.424	158.466	158.413	158.454	479	0	22
2026.01.22	05:00:00	158.453	158.478	158.436	158.444	373	0	21
2026.01.22	05:12:00	158.443	158.454	158.42	158.432	420	0	21
2026.01.22	05:24:00	158.436	158.445	158.397	158.402	600	0	21
2026.01.22	05:36:00	158.403	158.48	158.392	158.471	640	0	21
2026.01.22	05:48:00	158.471	158.578	158.471	158.546	876	0	21
2026.01.22	06:00:00	158.548	158.643	158.542	158.615	801	0	21
2026.01.22	06:12:00	158.616	158.643	158.602	158.618	670	0	21
2026.01.22	06:24:00	158.618	158.643	158.602	158.631	612	0	21
2026.01.22	06:36:00	158.632	158.68	158.632	158.665	527	0	21
2026.01.22	06:48:00	158.666	158.691	158.627	158.635	527	0	21
2026.01.22	07:00:00	158.64	158.7	158.64	158.699	444	0	21
2026.01.22	07:12:00	158.699	158.723	158.619	158.666	656	0	21
2026.01.22	07:24:00	158.667	158.693	158.639	158.643	536	0	21
2026.01.22	07:36:00	158.639	158.696	158.628	158.681	452	0	21
2026.01.22	07:48:00	158.681	158.72	158.655	158.703	802	0	21
2026.01.22	08:00:00	158.705	158.781	158.693	158.781	922	0	21
2026.01.22	08:12:00	158.78	158.837	158.749	158.793	936	0	21
2026.01.22	08:24:00	158.793	158.811	158.776	158.795	649	0	21
2026.01.22	08:36:00	158.796	158.796	158.718	158.729	693	0	21
2026.01.22	08:48:00	158.731	158.794	158.729	158.769	483	0	21
2026.01.22	09:00:00	158.769	158.862	158.76	158.845	895	0	21
2026.01.22	09:12:00	158.847	158.882	158.816	158.824	865	0	21
2026.01.22	09:24:00	158.823	158.85	158.804	158.82	726	0	21
2026.01.22	09:36:00	158.821	158.845	158.747	158.835	912	0	21
2026.01.22	09:48:00	158.834	158.854	158.751	158.769	1211	0	21
2026.01.22	10:00:00	158.769	158.845	158.72	158.81	1470	0	21
2026.01.22	10:12:00	158.81	158.826	158.768	158.772	1023	0	21
2026.01.22	10:24:00	158.773	158.785	158.722	158.774	1155	0	21
2026.01.22	10:36:00	158.775	158.81	158.756	158.778	991	0	21
2026.01.22	10:48:00	158.779	158.782	158.747	158.759	836	0	21
2026.01.22	11:00:00	158.757	158.767	158.686	158.686	1056	0	21
2026.01.22	11:12:00	158.686	158.737	158.654	158.661	983	0	21
2026.01.22	11:24:00	158.663	158.669	158.608	158.629	1143	0	21
2026.01.22	11:36:00	158.628	158.662	158.598	158.614	660	0	21
2026.01.22	11:48:00	158.613	158.692	158.602	158.684	654	0	21
2026.01.22	12:00:00	158.685	158.726	158.656	158.717	638	0	21
2026.01.22	12:12:00	158.717	158.753	158.711	158.751	720	0	21
2026.01.22	12:24:00	158.751	158.751	158.674	158.677	600	0	21
2026.01.22	12:36:00	158.678	158.726	158.669	158.726	505	0	21
2026.01.22	12:48:00	158.725	158.725	158.615	158.622	784	0	21
2026.01.22	13:00:00	158.621	158.633	158.608	158.613	527	0	21
2026.01.22	13:12:00	158.614	158.691	158.602	158.683	1160	0	21
2026.01.22	13:24:00	158.683	158.691	158.62	158.64	1094	0	21
2026.01.22	13:36:00	158.639	158.659	158.574	158.574	1180	0	21
2026.01.22	13:48:00	158.575	158.585	158.524	158.583	861	0	21
2026.01.22	14:00:00	158.583	158.591	158.53	158.55	768	0	21
2026.01.22	14:12:00	158.55	158.585	158.538	158.575	630	0	21
2026.01.22	14:24:00	158.575	158.641	158.565	158.638	738	0	21
2026.01.22	14:36:00	158.637	158.715	158.616	158.705	1047	0	21
2026.01.22	14:48:00	158.706	158.817	158.704	158.81	1243	0	21
2026.01.22	15:00:00	158.811	158.847	158.744	158.744	990	0	21
2026.01.22	15:12:00	158.747	158.748	158.663	158.668	981	0	21
2026.01.22	15:24:00	158.669	158.822	158.645	158.674	1390	0	21
2026.01.22	15:36:00	158.673	158.72	158.611	158.7	1436	0	21
2026.01.22	15:48:00	158.701	158.72	158.643	158.688	1332	0	21
2026.01.22	16:00:00	158.689	158.75	158.654	158.734	1093	0	21
2026.01.22	16:12:00	158.733	158.739	158.644	158.647	870	0	21
2026.01.22	16:24:00	158.647	158.651	158.588	158.601	1024	0	21
2026.01.22	16:36:00	158.602	158.612	158.523	158.579	1018	0	21
2026.01.22	16:48:00	158.58	158.617	158.547	158.597	1234	0	21
2026.01.22	17:00:00	158.595	158.638	158.433	158.451	1548	0	21
2026.01.22	17:12:00	158.45	158.486	158.389	158.389	1022	0	21
2026.01.22	17:24:00	158.39	158.408	158.353	158.387	1362	0	21
2026.01.22	17:36:00	158.391	158.441	158.364	158.389	950	0	21
2026.01.22	17:48:00	158.388	158.463	158.339	158.383	1451	0	21
2026.01.22	18:00:00	158.383	158.416	158.333	158.338	1245	0	21
2026.01.22	18:12:00	158.339	158.339	158.254	158.255	925	0	21
2026.01.22	18:24:00	158.256	158.352	158.252	158.316	1183	0	21
2026.01.22	18:36:00	158.315	158.326	158.246	158.27	821	0	21
2026.01.22	18:48:00	158.271	158.35	158.258	158.35	864	0	21
2026.01.22	19:00:00	158.351	158.496	158.289	158.335	1593	0	21
2026.01.22	19:12:00	158.334	158.349	158.226	158.247	1368	0	21
2026.01.22	19:24:00	158.248	158.337	158.243	158.286	787	0	21
2026.01.22	19:36:00	158.287	158.31	158.234	158.262	627	0	21
2026.01.22	19:48:00	158.26	158.31	158.258	158.297	864	0	21
2026.01.22	20:00:00	158.298	158.325	158.276	158.31	756	0	21
2026.01.22	20:12:00	158.309	158.311	158.267	158.3	484	0	21
2026.01.22	20:24:00	158.303	158.322	158.286	158.286	477	0	21
2026.01.22	20:36:00	158.287	158.31	158.27	158.273	396	0	21
2026.01.22	20:48:00	158.273	158.313	158.273	158.298	543	0	21
2026.01.22	21:00:00	158.299	158.331	158.286	158.325	587	0	21
2026.01.22	21:12:00	158.327	158.414	158.314	158.41	497	0	21
2026.01.22	21:24:00	158.411	158.438	158.398	158.437	703	0	21
2026.01.22	21:36:00	158.436	158.442	158.41	158.428	643	0	21
2026.01.22	21:48:00	158.427	158.46	158.395	158.397	634	0	21
2026.01.22	22:00:00	158.395	158.426	158.382	158.409	436	0	21
2026.01.22	22:12:00	158.409	158.416	158.375	158.392	401	0	21
2026.01.22	22:24:00	158.392	158.392	158.366	158.373	352	0	21
2026.01.22	22:36:00	158.375	158.376	158.326	158.358	606	0	21
2026.01.22	22:48:00	158.359	158.431	158.354	158.429	437	0	21
2026.01.22	23:00:00	158.428	158.461	158.397	158.398	381	0	21
2026.01.22	23:12:00	158.398	158.413	158.386	158.387	130	0	21
2026.01.22	23:24:00	158.386	158.401	158.368	158.391	233	0	21
2026.01.22	23:36:00	158.391	158.406	158.385	158.402	442	0	21
2026.01.22	23:48:00	158.401	158.419	158.356	158.356	281	0	25
2026.01.23	00:00:00	158.356	158.356	158.325	158.325	22	0	110
2026.01.23	00:12:00	158.325	158.354	158.325	158.341	48	0	95
2026.01.23	00:24:00	158.34	158.34	158.32	158.327	25	0	83
2026.01.23	00:36:00	158.327	158.364	158.325	158.343	108	0	53
2026.01.23	00:48:00	158.343	158.37	158.331	158.355	137	0	62
2026.01.23	01:00:00	158.354	158.402	158.344	158.382	280	0	21
2026.01.23	01:12:00	158.382	158.409	158.381	158.407	434	0	23
2026.01.23	01:24:00	158.406	158.427	158.391	158.419	802	0	21
2026.01.23	01:36:00	158.418	158.477	158.392	158.446	555	0	21
2026.01.23	01:48:00	158.445	158.521	158.374	158.473	896	0	21
2026.01.23	02:00:00	158.478	158.546	158.447	158.544	798	0	21
2026.01.23	02:12:00	158.543	158.545	158.449	158.46	813	0	21
2026.01.23	02:24:00	158.459	158.509	158.426	158.496	750	0	21
2026.01.23	02:36:00	158.495	158.549	158.486	158.507	589	0	21
2026.01.23	02:48:00	158.506	158.571	158.449	158.513	1109	0	21
2026.01.23	03:00:00	158.512	158.579	158.497	158.548	691	0	21
2026.01.23	03:12:00	158.546	158.56	158.47	158.523	955	0	21
2026.01.23	03:24:00	158.522	158.591	158.522	158.566	732	0	21
2026.01.23	03:36:00	158.567	158.619	158.542	158.605	602	0	21
2026.01.23	03:48:00	158.605	158.652	158.593	158.629	671	0	21
2026.01.23	04:00:00	158.628	158.671	158.627	158.655	783	0	21
2026.01.23	04:12:00	158.656	158.66	158.615	158.626	525	0	21
2026.01.23	04:24:00	158.627	158.629	158.553	158.579	569	0	21
2026.01.23	04:36:00	158.58	158.59	158.513	158.527	627	0	21
2026.01.23	04:48:00	158.528	158.602	158.492	158.586	834	0	21
2026.01.23	05:00:00	158.579	158.73	158.489	158.635	962	0	21
2026.01.23	05:12:00	158.634	158.7	158.596	158.668	594	0	21
2026.01.23	05:24:00	158.666	158.723	158.642	158.642	622	0	21
2026.01.23	05:36:00	158.643	158.646	158.527	158.569	650	0	21
2026.01.23	05:48:00	158.569	158.619	158.554	158.619	403	0	21
2026.01.23	06:00:00	158.619	158.646	158.58	158.613	505	0	21
2026.01.23	06:12:00	158.614	158.625	158.575	158.621	341	0	21
2026.01.23	06:24:00	158.62	158.653	158.609	158.645	289	0	21
2026.01.23	06:36:00	158.645	158.647	158.576	158.584	416	0	22
2026.01.23	06:48:00	158.586	158.598	158.526	158.536	479	0	21
2026.01.23	07:00:00	158.535	158.565	158.51	158.545	370	0	21
2026.01.23	07:12:00	158.544	158.55	158.46	158.496	442	0	21
2026.01.23	07:24:00	158.498	158.55	158.496	158.535	508	0	22
2026.01.23	07:36:00	158.535	158.595	158.532	158.585	533	0	21
2026.01.23	07:48:00	158.585	158.627	158.573	158.614	513	0	21
2026.01.23	08:00:00	158.614	158.629	158.568	158.587	718	0	21
2026.01.23	08:12:00	158.587	158.601	158.575	158.597	528	0	22
2026.01.23	08:24:00	158.597	158.672	158.555	158.577	773	0	21
2026.01.23	08:36:00	158.577	158.848	158.532	158.842	1742	0	21
2026.01.23	08:48:00	158.842	158.941	158.776	158.859	1491	0	21
2026.01.23	09:00:00	158.864	158.927	158.841	158.917	1265	0	21
2026.01.23	09:12:00	158.917	159.127	158.897	159.101	1226	0	21
2026.01.23	09:24:00	159.103	159.212	159.086	159.191	1635	0	21
2026.01.23	09:36:00	159.192	159.206	157.289	158.224	3104	0	21
2026.01.23	09:48:00	158.228	158.434	157.892	158.377	3152	0	21
2026.01.23	10:00:00	158.378	158.406	158.138	158.346	2647	0	21
2026.01.23	10:12:00	158.346	158.388	158.177	158.328	2043	0	21
2026.01.23	10:24:00	158.329	158.48	158.287	158.421	1967	0	21
2026.01.23	10:36:00	158.422	158.464	158.215	158.248	1549	0	21
2026.01.23	10:48:00	158.247	158.25	158.092	158.123	1367	0	21
2026.01.23	11:00:00	158.124	158.132	157.853	157.949	2243	0	21
2026.01.23	11:12:00	157.948	158.069	157.932	157.962	1639	0	21
2026.01.23	11:24:00	157.962	158.048	157.86	158.027	1563	0	21
2026.01.23	11:36:00	158.026	158.061	157.9	157.983	1384	0	21
2026.01.23	11:48:00	157.982	158.059	157.958	157.994	1271	0	21
2026.01.23	12:00:00	157.992	158.122	157.982	158.101	1133	0	21
2026.01.23	12:12:00	158.099	158.188	158.067	158.09	1301	0	21
2026.01.23	12:24:00	158.091	158.167	158.068	158.162	1055	0	21
2026.01.23	12:36:00	158.162	158.235	158.162	158.193	602	0	21
2026.01.23	12:48:00	158.194	158.218	158.128	158.182	942	0	21
2026.01.23	13:00:00	158.184	158.283	158.145	158.192	1633	0	21
2026.01.23	13:12:00	158.193	158.281	158.191	158.281	1053	0	21
2026.01.23	13:24:00	158.281	158.306	158.263	158.266	775	0	21
2026.01.23	13:36:00	158.266	158.285	158.172	158.206	917	0	21
2026.01.23	13:48:00	158.206	158.225	158.123	158.125	1125	0	21
2026.01.23	14:00:00	158.125	158.171	158.082	158.161	834	0	21
2026.01.23	14:12:00	158.16	158.188	158.132	158.175	440	0	21
2026.01.23	14:24:00	158.175	158.204	158.157	158.162	539	0	21
2026.01.23	14:36:00	158.162	158.253	158.16	158.205	506	0	21
2026.01.23	14:48:00	158.205	158.215	158.145	158.145	716	0	21
2026.01.23	15:00:00	158.146	158.192	158.127	158.16	641	0	21
2026.01.23	15:12:00	158.158	158.173	158.105	158.13	821	0	21
2026.01.23	15:24:00	158.13	158.147	158.082	158.134	694	0	21
2026.01.23	15:36:00	158.134	158.193	158.131	158.185	573	0	21
2026.01.23	15:48:00	158.184	158.266	158.176	158.256	753	0	21
2026.01.23	16:00:00	158.255	158.327	158.255	158.28	915	0	21
2026.01.23	16:12:00	158.281	158.293	158.193	158.205	790	0	21
2026.01.23	16:24:00	158.206	158.295	158.205	158.284	842	0	21
2026.01.23	16:36:00	158.275	158.322	158.256	158.269	1115	0	21
2026.01.23	16:48:00	158.271	158.291	158.239	158.241	1226	0	21
2026.01.23	17:00:00	158.242	158.296	158.199	158.2	1131	0	21
2026.01.23	17:12:00	158.205	158.207	158.147	158.185	1094	0	21
2026.01.23	17:24:00	158.186	158.275	158.174	158.261	778	0	21
2026.01.23	17:36:00	158.262	158.262	158.172	158.19	1132	0	21
2026.01.23	17:48:00	158.19	158.2	158.088	158.102	1085	0	21
2026.01.23	18:00:00	158.103	158.166	158.082	158.15	915	0	21
2026.01.23	18:12:00	158.151	158.214	157.847	157.973	1533	0	21
2026.01.23	18:24:00	157.971	158.038	157.555	157.6	2149	0	21
2026.01.23	18:36:00	157.601	157.643	157.53	157.545	1394	0	21
2026.01.23	18:48:00	157.544	157.644	157.358	157.553	1894	0	21
2026.01.23	19:00:00	157.553	157.605	157.2	157.28	1443	0	21
2026.01.23	19:12:00	157.289	157.311	156.704	156.759	3302	0	21
2026.01.23	19:24:00	156.758	156.887	156.11	156.658	3610	0	21
2026.01.23	19:36:00	156.659	156.728	156.36	156.481	2863	0	21
2026.01.23	19:48:00	156.482	156.534	156.245	156.351	2682	0	21
2026.01.23	20:00:00	156.351	156.549	156.315	156.542	2333	0	21
2026.01.23	20:12:00	156.541	156.62	156.093	156.099	2095	0	21
2026.01.23	20:24:00	156.105	156.236	156.006	156.165	2196	0	21
2026.01.23	20:36:00	156.163	156.208	156.067	156.171	1245	0	21
2026.01.23	20:48:00	156.171	156.209	156.107	156.154	1116	0	21
2026.01.23	21:00:00	156.154	156.193	155.996	156.008	1130	0	21
2026.01.23	21:12:00	156.009	156.174	155.884	156.173	905	0	21
2026.01.23	21:24:00	156.171	156.249	156.089	156.09	1135	0	21
2026.01.23	21:36:00	156.089	156.129	155.944	155.948	951	0	21
2026.01.23	21:48:00	155.943	155.986	155.672	155.879	2127	0	21
2026.01.23	22:00:00	155.88	155.95	155.817	155.841	1561	0	21
2026.01.23	22:12:00	155.841	155.858	155.766	155.791	1175	0	21
2026.01.23	22:24:00	155.791	155.908	155.722	155.901	763	0	21
2026.01.23	22:36:00	155.902	155.905	155.733	155.843	1010	0	21
2026.01.23	22:48:00	155.841	155.859	155.749	155.803	1006	0	21
2026.01.23	23:00:00	155.807	155.857	155.688	155.768	543	0	21
2026.01.23	23:12:00	155.768	155.768	155.603	155.714	436	0	21
2026.01.23	23:24:00	155.715	155.773	155.647	155.773	434	0	21
2026.01.23	23:36:00	155.773	155.8	155.676	155.75	302	0	21
2026.01.23	23:48:00	155.755	155.807	155.701	155.719	504	0	25
2026.01.26	00:00:00	154.633	155.061	154.613	155.022	201	0	41
2026.01.26	00:12:00	155.016	155.177	155.014	155.082	192	0	40
2026.01.26	00:24:00	155.082	155.13	154.996	154.996	333	0	35
2026.01.26	00:36:00	154.995	155.002	154.319	154.319	468	0	25
2026.01.26	00:48:00	154.32	154.523	154.172	154.498	348	0	38
2026.01.26	01:00:00	154.498	154.784	154.481	154.644	1334	0	21
2026.01.26	01:12:00	154.647	154.922	154.555	154.918	830	0	23
2026.01.26	01:24:00	154.913	155.154	154.895	155.008	1669	0	21
2026.01.26	01:36:00	155.009	155.175	154.866	155.125	1562	0	21
2026.01.26	01:48:00	155.124	155.262	155.088	155.136	1750	0	21
2026.01.26	02:00:00	155.139	155.333	154.926	155.12	2922	0	21
2026.01.26	02:12:00	155.122	155.2	155.054	155.12	2007	0	21
2026.01.26	02:24:00	155.12	155.131	154.938	154.954	1651	0	21
2026.01.26	02:36:00	154.956	155.07	154.75	154.856	2059	0	21
2026.01.26	02:48:00	154.855	154.888	154.652	154.832	2019	0	21
2026.01.26	03:00:00	154.831	154.835	154.596	154.759	2010	0	21
2026.01.26	03:12:00	154.764	154.918	154.696	154.783	1848	0	21
2026.01.26	03:24:00	154.783	154.824	154.509	154.51	1606	0	21
2026.01.26	03:36:00	154.511	154.548	154.346	154.348	2274	0	21
2026.01.26	03:48:00	154.348	154.471	154.291	154.411	1946	0	21
2026.01.26	04:00:00	154.412	154.47	154.066	154.097	1724	0	21
2026.01.26	04:12:00	154.098	154.244	153.96	154.15	2245	0	21
2026.01.26	04:24:00	154.149	154.163	153.897	153.995	1985	0	21
2026.01.26	04:36:00	153.995	154.043	153.875	153.957	1829	0	21
2026.01.26	04:48:00	153.958	154.081	153.921	153.981	1579	0	21
2026.01.26	05:00:00	153.979	154.224	153.937	154.212	1722	0	21
2026.01.26	05:12:00	154.211	154.329	154.189	154.213	1400	0	21
2026.01.26	05:24:00	154.212	154.239	154.114	154.194	1149	0	21
2026.01.26	05:36:00	154.195	154.241	154.168	154.185	973	0	21
2026.01.26	05:48:00	154.186	154.238	154.167	154.2	757	0	21
2026.01.26	06:00:00	154.199	154.265	154.079	154.094	1053	0	21
2026.01.26	06:12:00	154.093	154.102	153.797	153.959	1774	0	21
2026.01.26	06:24:00	153.96	154.032	153.91	153.981	1160	0	21
2026.01.26	06:36:00	153.984	154.039	153.878	153.892	1123	0	21
2026.01.26	06:48:00	153.892	154.031	153.892	154.02	876	0	21
2026.01.26	07:00:00	154.02	154.081	153.965	154.033	1081	0	21
2026.01.26	07:12:00	154.033	154.087	153.926	153.94	1023	0	21
2026.01.26	07:24:00	153.94	154.024	153.912	154.007	1040	0	21
2026.01.26	07:36:00	154.009	154.049	153.99	154.036	895	0	21
2026.01.26	07:48:00	154.036	154.104	153.997	154.097	967	0	21
2026.01.26	08:00:00	154.097	154.343	154.08	154.33	1503	0	21
2026.01.26	08:12:00	154.331	154.408	154.23	154.292	1404	0	21
2026.01.26	08:24:00	154.293	154.296	154.141	154.202	1119	0	21
2026.01.26	08:36:00	154.202	154.221	154.018	154.101	1079	0	21
2026.01.26	08:48:00	154.102	154.236	154.062	154.233	1277	0	21
2026.01.26	09:00:00	154.233	154.306	154.047	154.083	1770	0	21
2026.01.26	09:12:00	154.084	154.162	154.027	154.053	1234	0	21
2026.01.26	09:24:00	154.052	154.072	153.929	153.936	1721	0	21
2026.01.26	09:36:00	153.936	154.132	153.9	153.978	1676	0	21
2026.01.26	09:48:00	153.977	154.312	153.898	154.237	1993	0	21
2026.01.26	10:00:00	154.241	154.334	154.051	154.091	2124	0	21
2026.01.26	10:12:00	154.093	154.104	153.923	154.037	1920	0	21
2026.01.26	10:24:00	154.036	154.117	153.408	153.408	2646	0	21
2026.01.26	10:36:00	153.398	153.885	153.387	153.835	2981	0	21
2026.01.26	10:48:00	153.824	153.942	153.754	153.908	1833	0	21
2026.01.26	11:00:00	153.907	154.127	153.835	153.938	2623	0	21
2026.01.26	11:12:00	153.939	153.969	153.639	153.683	2030	0	21
2026.01.26	11:24:00	153.682	153.733	153.526	153.567	2064	0	21
2026.01.26	11:36:00	153.578	153.664	153.52	153.551	1844	0	21
2026.01.26	11:48:00	153.551	153.72	153.538	153.659	2162	0	21
2026.01.26	12:00:00	153.658	153.86	153.607	153.84	1570	0	21
2026.01.26	12:12:00	153.839	153.874	153.684	153.735	1248	0	21
2026.01.26	12:24:00	153.736	153.764	153.59	153.764	1661	0	21
2026.01.26	12:36:00	153.765	153.795	153.585	153.609	1680	0	21
2026.01.26	12:48:00	153.608	153.623	153.516	153.546	1474	0	21
2026.01.26	13:00:00	153.546	153.581	153.293	153.487	1912	0	21
2026.01.26	13:12:00	153.487	153.719	153.482	153.715	1708	0	21
2026.01.26	13:24:00	153.716	153.817	153.704	153.762	1454	0	21
2026.01.26	13:36:00	153.762	153.773	153.659	153.697	1625	0	21
2026.01.26	13:48:00	153.696	153.751	153.654	153.725	1601	0	21
2026.01.26	14:00:00	153.72	153.881	153.72	153.876	973	0	21
2026.01.26	14:12:00	153.881	153.966	153.853	153.914	1422	0	21
2026.01.26	14:24:00	153.915	154.015	153.899	153.923	1200	0	21
2026.01.26	14:36:00	153.922	154.09	153.887	154.077	1134	0	21
2026.01.26	14:48:00	154.076	154.178	154.056	154.12	1314	0	21
2026.01.26	15:00:00	154.12	154.333	154.11	154.166	1311	0	21
2026.01.26	15:12:00	154.165	154.262	154.133	154.153	1159	0	21
2026.01.26	15:24:00	154.154	154.247	154.102	154.227	1296	0	21
2026.01.26	15:36:00	154.226	154.233	154.114	154.118	1390	0	21
2026.01.26	15:48:00	154.119	154.157	154.033	154.048	1280	0	21
2026.01.26	16:00:00	154.048	154.121	153.97	154.003	1197	0	21
2026.01.26	16:12:00	154.003	154.036	153.867	153.871	1230	0	21
2026.01.26	16:24:00	153.871	153.926	153.807	153.826	1273	0	21
2026.01.26	16:36:00	153.826	153.909	153.716	153.768	1356	0	21
2026.01.26	16:48:00	153.773	153.849	153.684	153.731	1407	0	21
2026.01.26	17:00:00	153.731	153.784	153.66	153.732	1644	0	21
2026.01.26	17:12:00	153.73	153.873	153.724	153.802	1338	0	21
2026.01.26	17:24:00	153.801	153.871	153.762	153.813	1199	0	21
2026.01.26	17:36:00	153.812	153.817	153.606	153.623	1385	0	21
2026.01.26	17:48:00	153.623	153.803	153.618	153.803	1583	0	21
2026.01.26	18:00:00	153.806	153.938	153.705	153.909	1829	0	21
2026.01.26	18:12:00	153.908	154.015	153.908	153.985	1604	0	21
2026.01.26	18:24:00	153.983	154.019	153.934	153.939	1316	0	21
2026.01.26	18:36:00	153.937	153.94	153.787	153.817	1191	0	21
2026.01.26	18:48:00	153.815	153.892	153.815	153.876	1049	0	21
2026.01.26	19:00:00	153.875	153.931	153.856	153.906	697	0	21
2026.01.26	19:12:00	153.906	153.985	153.853	153.975	968	0	21
2026.01.26	19:24:00	153.969	154.102	153.951	153.992	1097	0	21
2026.01.26	19:36:00	153.993	154.045	153.959	154.034	801	0	21
2026.01.26	19:48:00	154.035	154.039	153.949	153.961	691	0	21
2026.01.26	20:00:00	153.959	153.988	153.889	153.889	861	0	21
2026.01.26	20:12:00	153.887	153.991	153.886	153.975	904	0	21
2026.01.26	20:24:00	153.974	154.032	153.968	154.014	621	0	21
2026.01.26	20:36:00	154.013	154.119	153.994	154.095	775	0	21
2026.01.26	20:48:00	154.095	154.183	154.092	154.151	949	0	21
2026.01.26	21:00:00	154.149	154.245	154.145	154.219	1191	0	21
2026.01.26	21:12:00	154.219	154.264	154.209	154.232	858	0	21
2026.01.26	21:24:00	154.232	154.252	154.164	154.203	860	0	21
2026.01.26	21:36:00	154.202	154.248	154.14	154.153	944	0	21
2026.01.26	21:48:00	154.151	154.208	154.016	154.028	1247	0	21
2026.01.26	22:00:00	154.029	154.137	153.847	154.004	1659	0	21
2026.01.26	22:12:00	154.003	154.015	153.874	153.931	917	0	21
2026.01.26	22:24:00	153.93	154.065	153.93	154.016	650	0	21
2026.01.26	22:36:00	154.016	154.104	154.0	154.071	801	0	21
2026.01.26	22:48:00	154.072	154.098	154.035	154.075	566	0	21
2026.01.26	23:00:00	154.077	154.147	154.051	154.147	581	0	21
2026.01.26	23:12:00	154.154	154.215	154.119	154.211	425	0	21
2026.01.26	23:24:00	154.211	154.232	154.163	154.204	490	0	21
2026.01.26	23:36:00	154.204	154.249	154.203	154.238	325	0	21
2026.01.26	23:48:00	154.238	154.249	154.129	154.129	722	0	24
2026.01.27	00:00:00	154.129	154.148	154.044	154.148	36	0	74
2026.01.27	00:12:00	154.149	154.243	154.119	154.132	76	0	57
2026.01.27	00:24:00	154.132	154.158	154.127	154.131	25	0	75
2026.01.27	00:36:00	154.131	154.147	154.128	154.139	44	0	98
2026.01.27	00:48:00	154.14	154.151	154.055	154.104	52	0	74
2026.01.27	01:00:00	154.111	154.215	154.091	154.165	247	0	21
2026.01.27	01:12:00	154.17	154.228	154.147	154.191	209	0	22
2026.01.27	01:24:00	154.19	154.204	154.161	154.182	341	0	24
2026.01.27	01:36:00	154.179	154.306	154.165	154.285	588	0	21
2026.01.27	01:48:00	154.288	154.416	154.271	154.375	867	0	21
2026.01.27	02:00:00	154.374	154.439	154.176	154.215	1382	0	21
2026.01.27	02:12:00	154.216	154.216	154.111	154.169	825	0	21
2026.01.27	02:24:00	154.169	154.232	154.114	154.128	657	0	21
2026.01.27	02:36:00	154.128	154.26	154.124	154.249	822	0	21
2026.01.27	02:48:00	154.25	154.306	154.137	154.276	1463	0	21
2026.01.27	03:00:00	154.277	154.378	154.241	154.301	1203	0	21
2026.01.27	03:12:00	154.301	154.364	154.231	154.264	1094	0	21
2026.01.27	03:24:00	154.263	154.396	154.241	154.347	714	0	21
2026.01.27	03:36:00	154.347	154.371	154.259	154.297	1002	0	21
2026.01.27	03:48:00	154.296	154.342	154.252	154.336	741	0	21
2026.01.27	04:00:00	154.337	154.349	154.286	154.315	919	0	21
2026.01.27	04:12:00	154.316	154.35	154.298	154.304	717	0	21
2026.01.27	04:24:00	154.303	154.303	154.185	154.212	765	0	21
2026.01.27	04:36:00	154.213	154.214	154.074	154.134	933	0	21
2026.01.27	04:48:00	154.137	154.25	154.107	154.25	684	0	21
2026.01.27	05:00:00	154.251	154.304	154.227	154.284	735	0	21
2026.01.27	05:12:00	154.284	154.332	154.274	154.331	608	0	21
2026.01.27	05:24:00	154.33	154.333	154.275	154.286	603	0	21
2026.01.27	05:36:00	154.286	154.457	154.275	154.392	816	0	21
2026.01.27	05:48:00	154.392	154.43	154.365	154.404	899	0	21
2026.01.27	06:00:00	154.404	154.524	154.402	154.475	870	0	21
2026.01.27	06:12:00	154.475	154.545	154.438	154.478	937	0	21
2026.01.27	06:24:00	154.477	154.517	154.452	154.501	772	0	21
2026.01.27	06:36:00	154.501	154.586	154.486	154.574	715	0	21
2026.01.27	06:48:00	154.575	154.613	154.569	154.582	681	0	21
2026.01.27	07:00:00	154.581	154.631	154.542	154.575	763	0	21
2026.01.27	07:12:00	154.576	154.621	154.538	154.539	607	0	21
2026.01.27	07:24:00	154.539	154.555	154.46	154.464	662	0	22
2026.01.27	07:36:00	154.465	154.517	154.453	154.456	691	0	21
2026.01.27	07:48:00	154.457	154.494	154.421	154.49	692	0	21
2026.01.27	08:00:00	154.49	154.531	154.455	154.503	639	0	21
2026.01.27	08:12:00	154.504	154.565	154.502	154.526	670	0	21
2026.01.27	08:24:00	154.525	154.601	154.514	154.573	687	0	21
2026.01.27	08:36:00	154.572	154.573	154.359	154.384	806	0	21
2026.01.27	08:48:00	154.385	154.536	154.381	154.522	667	0	21
2026.01.27	09:00:00	154.523	154.54	154.459	154.5	1185	0	21
2026.01.27	09:12:00	154.5	154.544	154.487	154.536	884	0	21
2026.01.27	09:24:00	154.535	154.657	154.534	154.619	961	0	21
2026.01.27	09:36:00	154.62	154.622	154.532	154.545	952	0	21
2026.01.27	09:48:00	154.543	154.753	154.53	154.72	1504	0	21
2026.01.27	10:00:00	154.719	154.777	154.632	154.77	1368	0	21
2026.01.27	10:12:00	154.771	154.774	154.674	154.741	1115	0	21
2026.01.27	10:24:00	154.742	154.844	154.692	154.794	1229	0	21
2026.01.27	10:36:00	154.794	154.866	154.749	154.755	954	0	21
2026.01.27	10:48:00	154.754	154.776	154.69	154.693	1042	0	21
2026.01.27	11:00:00	154.691	154.722	154.661	154.661	804	0	21
2026.01.27	11:12:00	154.662	154.67	154.604	154.62	855	0	21
2026.01.27	11:24:00	154.621	154.629	154.535	154.535	794	0	21
2026.01.27	11:36:00	154.534	154.537	154.453	154.532	903	0	21
2026.01.27	11:48:00	154.533	154.536	153.165	153.728	3457	0	21
2026.01.27	12:00:00	153.736	154.179	153.724	154.092	3017	0	21
2026.01.27	12:12:00	154.098	154.103	153.85	153.972	2390	0	21
2026.01.27	12:24:00	153.973	154.03	153.902	153.926	1647	0	21
2026.01.27	12:36:00	153.927	153.939	153.547	153.779	2247	0	21
2026.01.27	12:48:00	153.783	153.813	153.663	153.732	1508	0	21
2026.01.27	13:00:00	153.732	153.737	153.561	153.621	1795	0	21
2026.01.27	13:12:00	153.621	153.753	153.596	153.648	1212	0	21
2026.01.27	13:24:00	153.649	153.688	153.555	153.633	1218	0	21
2026.01.27	13:36:00	153.632	153.738	153.612	153.708	1306	0	21
2026.01.27	13:48:00	153.709	153.754	153.605	153.717	1331	0	21
2026.01.27	14:00:00	153.718	153.783	153.586	153.611	1331	0	21
2026.01.27	14:12:00	153.61	153.61	153.442	153.467	2121	0	21
2026.01.27	14:24:00	153.47	153.472	153.259	153.457	2533	0	21
2026.01.27	14:36:00	153.457	153.52	153.244	153.294	1747	0	21
2026.01.27	14:48:00	153.294	153.377	153.249	153.293	1908	0	21
2026.01.27	15:00:00	153.289	153.372	153.166	153.329	2738	0	21
2026.01.27	15:12:00	153.33	153.355	153.254	153.272	1895	0	21
2026.01.27	15:24:00	153.269	153.412	153.245	153.292	1530	0	21
2026.01.27	15:36:00	153.291	153.352	152.984	153.045	2929	0	21
2026.01.27	15:48:00	153.046	153.306	153.005	153.238	2653	0	21
2026.01.27	16:00:00	153.233	153.334	153.186	153.217	1861	0	21
2026.01.27	16:12:00	153.218	153.276	153.149	153.178	1900	0	21
2026.01.27	16:24:00	153.18	153.22	152.916	152.975	2620	0	21
2026.01.27	16:36:00	152.975	153.25	152.948	153.231	2974	0	21
2026.01.27	16:48:00	153.232	153.364	153.212	153.212	1941	0	21
2026.01.27	17:00:00	153.207	153.207	152.949	153.018	2454	0	21
2026.01.27	17:12:00	153.021	153.037	152.865	152.988	2030	0	21
2026.01.27	17:24:00	152.986	153.21	152.937	153.203	2109	0	21
2026.01.27	17:36:00	153.202	153.314	153.15	153.211	1731	0	21
2026.01.27	17:48:00	153.215	153.329	153.184	153.23	1883	0	21
2026.01.27	18:00:00	153.231	153.256	153.059	153.07	2028	0	21
2026.01.27	18:12:00	153.069	153.133	152.969	153.062	1222	0	21
2026.01.27	18:24:00	153.061	153.096	152.969	152.989	1352	0	21
2026.01.27	18:36:00	152.989	153.035	152.935	152.988	1450	0	21
2026.01.27	18:48:00	152.987	153.117	152.987	153.029	1143	0	21
2026.01.27	19:00:00	153.029	153.096	153.021	153.069	1179	0	21
2026.01.27	19:12:00	153.069	153.137	153.014	153.066	1045	0	21
2026.01.27	19:24:00	153.064	153.084	153.028	153.049	680	0	21
2026.01.27	19:36:00	153.048	153.05	152.594	152.682	1700	0	21
2026.01.27	19:48:00	152.683	152.791	152.611	152.755	1375	0	21
2026.01.27	20:00:00	152.754	152.778	152.56	152.747	1603	0	21
2026.01.27	20:12:00	152.745	152.87	152.741	152.768	1144	0	21
2026.01.27	20:24:00	152.765	152.792	152.712	152.734	1011	0	21
2026.01.27	20:36:00	152.734	152.741	152.693	152.704	749	0	21
2026.01.27	20:48:00	152.706	152.76	152.644	152.751	650	0	21
2026.01.27	21:00:00	152.75	152.82	152.738	152.744	628	0	21
2026.01.27	21:12:00	152.745	152.813	152.731	152.756	640	0	21
2026.01.27	21:24:00	152.757	152.805	152.742	152.751	693	0	21
2026.01.27	21:36:00	152.751	152.799	152.728	152.79	729	0	21
2026.01.27	21:48:00	152.789	152.824	152.694	152.702	904	0	21
2026.01.27	22:00:00	152.702	152.74	152.617	152.626	810	0	21
2026.01.27	22:12:00	152.626	152.682	152.515	152.582	864	0	21
2026.01.27	22:24:00	152.582	152.605	152.492	152.604	786	0	21
2026.01.27	22:36:00	152.605	152.829	152.137	152.156	2283	0	21
2026.01.27	22:48:00	152.15	152.37	152.08	152.37	3894	0	21
2026.01.27	23:00:00	152.37	152.466	152.168	152.173	1804	0	21
2026.01.27	23:12:00	152.173	152.336	152.164	152.334	1109	0	21
2026.01.27	23:24:00	152.333	152.436	152.225	152.418	963	0	22
2026.01.27	23:36:00	152.419	152.421	152.192	152.288	775	0	21
2026.01.27	23:48:00	152.289	152.325	152.099	152.111	965	0	24
2026.01.28	00:00:00	152.111	152.204	152.087	152.158	96	0	93
2026.01.28	00:12:00	152.158	152.239	152.152	152.239	52	0	58
2026.01.28	00:24:00	152.239	152.239	152.187	152.219	104	0	44
2026.01.28	00:36:00	152.219	152.328	152.208	152.269	456	0	63
2026.01.28	00:48:00	152.269	152.289	152.257	152.269	155	0	55
2026.01.28	01:00:00	152.269	152.383	152.236	152.378	542	0	21
2026.01.28	01:12:00	152.377	152.456	152.354	152.447	888	0	22
2026.01.28	01:24:00	152.448	152.61	152.427	152.519	1184	0	21
2026.01.28	01:36:00	152.517	152.555	152.418	152.449	880	0	21
2026.01.28	01:48:00	152.448	152.524	152.373	152.482	802	0	21
2026.01.28	02:00:00	152.482	152.7	152.427	152.682	1908	0	21
2026.01.28	02:12:00	152.684	152.7	152.45	152.525	1241	0	21
2026.01.28	02:24:00	152.523	152.666	152.472	152.489	1398	0	21
2026.01.28	02:36:00	152.488	152.629	152.488	152.594	1653	0	21
2026.01.28	02:48:00	152.594	152.672	152.429	152.624	1958	0	21
2026.01.28	03:00:00	152.625	152.762	152.587	152.743	1635	0	21
2026.01.28	03:12:00	152.745	152.837	152.734	152.811	1606	0	21
2026.01.28	03:24:00	152.811	152.969	152.779	152.95	1291	0	21
2026.01.28	03:36:00	152.95	152.976	152.828	152.888	1314	0	21
2026.01.28	03:48:00	152.887	152.983	152.869	152.977	995	0	21
2026.01.28	04:00:00	152.978	153.037	152.893	152.969	1256	0	21
2026.01.28	04:12:00	152.97	153.056	152.899	152.911	1324	0	21
2026.01.28	04:24:00	152.912	152.957	152.87	152.908	796	0	21
2026.01.28	04:36:00	152.909	152.922	152.841	152.843	665	0	21
2026.01.28	04:48:00	152.844	152.867	152.801	152.829	762	0	21
2026.01.28	05:00:00	152.827	152.827	152.759	152.769	726	0	21
2026.01.28	05:12:00	152.769	152.778	152.661	152.684	673	0	21
2026.01.28	05:24:00	152.683	152.767	152.637	152.711	737	0	21
2026.01.28	05:36:00	152.709	152.804	152.656	152.672	831	0	21
2026.01.28	05:48:00	152.672	152.743	152.642	152.71	678	0	21
2026.01.28	06:00:00	152.709	152.794	152.65	152.782	694	0	21
2026.01.28	06:12:00	152.782	152.826	152.727	152.739	666	0	21
2026.01.28	06:24:00	152.738	152.79	152.721	152.751	600	0	21
2026.01.28	06:36:00	152.752	152.766	152.682	152.686	469	0	22
2026.01.28	06:48:00	152.686	152.687	152.515	152.549	949	0	21
2026.01.28	07:00:00	152.547	152.676	152.517	152.642	1735	0	21
2026.01.28	07:12:00	152.641	152.655	152.532	152.582	829	0	21
2026.01.28	07:24:00	152.582	152.594	152.463	152.511	992	0	21
2026.01.28	07:36:00	152.511	152.677	152.508	152.642	898	0	21
2026.01.28	07:48:00	152.641	152.722	152.604	152.617	730	0	21
2026.01.28	08:00:00	152.624	152.714	152.623	152.639	1450	0	21
2026.01.28	08:12:00	152.64	152.64	152.546	152.631	774	0	21
2026.01.28	08:24:00	152.637	152.712	152.559	152.571	1416	0	21
2026.01.28	08:36:00	152.572	152.691	152.571	152.679	1017	0	21
2026.01.28	08:48:00	152.68	152.716	152.623	152.64	977	0	21
2026.01.28	09:00:00	152.639	152.639	152.534	152.552	1332	0	21
2026.01.28	09:12:00	152.551	152.552	152.265	152.412	2185	0	21
2026.01.28	09:24:00	152.412	152.605	152.364	152.595	1418	0	21
2026.01.28	09:36:00	152.596	152.721	152.594	152.662	1498	0	21
2026.01.28	09:48:00	152.663	152.711	152.62	152.636	1408	0	21
2026.01.28	10:00:00	152.631	152.731	152.507	152.574	1964	0	21
2026.01.28	10:12:00	152.575	152.689	152.505	152.548	1571	0	21
2026.01.28	10:24:00	152.55	152.554	152.398	152.48	1881	0	21
2026.01.28	10:36:00	152.479	152.695	152.427	152.678	1654	0	21
2026.01.28	10:48:00	152.679	152.794	152.602	152.626	2123	0	21
2026.01.28	11:00:00	152.625	152.736	152.592	152.734	1496	0	21
2026.01.28	11:12:00	152.733	152.754	152.603	152.637	1462	0	21
2026.01.28	11:24:00	152.638	152.722	152.584	152.595	1462	0	21
2026.01.28	11:36:00	152.595	152.717	152.553	152.682	1273	0	21
2026.01.28	11:48:00	152.679	152.71	152.595	152.703	1107	0	21
2026.01.28	12:00:00	152.703	152.715	152.626	152.638	1283	0	21
2026.01.28	12:12:00	152.639	152.697	152.616	152.672	1044	0	21
2026.01.28	12:24:00	152.674	152.708	152.632	152.65	1108	0	21
2026.01.28	12:36:00	152.649	152.675	152.536	152.568	1302	0	21
2026.01.28	12:48:00	152.568	152.571	152.334	152.558	1676	0	21
2026.01.28	13:00:00	152.559	152.705	152.549	152.692	1156	0	21
2026.01.28	13:12:00	152.693	152.712	152.641	152.665	1020	0	21
2026.01.28	13:24:00	152.666	152.666	152.576	152.659	987	0	20
2026.01.28	13:36:00	152.661	152.691	152.603	152.607	911	0	20
2026.01.28	13:48:00	152.607	152.612	152.538	152.596	927	0	20
2026.01.28	14:00:00	152.596	152.622	152.52	152.561	893	0	20
2026.01.28	14:12:00	152.562	152.564	152.426	152.458	1405	0	20
2026.01.28	14:24:00	152.458	152.5	152.382	152.416	1320	0	20
2026.01.28	14:36:00	152.416	152.608	152.39	152.601	1167	0	20
2026.01.28	14:48:00	152.602	152.631	152.536	152.559	1196	0	20
2026.01.28	15:00:00	152.555	152.615	152.535	152.606	1190	0	20
2026.01.28	15:12:00	152.606	152.714	152.556	152.688	1205	0	20
2026.01.28	15:24:00	152.687	152.705	152.62	152.662	1111	0	20
2026.01.28	15:36:00	152.66	152.736	152.627	152.702	932	0	20
2026.01.28	15:48:00	152.702	152.905	152.692	152.838	1344	0	20
2026.01.28	16:00:00	152.837	152.986	152.765	152.801	1898	0	20
2026.01.28	16:12:00	152.803	152.89	152.773	152.774	1320	0	20
2026.01.28	16:24:00	152.774	152.792	152.676	152.684	1460	0	20
2026.01.28	16:36:00	152.682	152.721	152.641	152.694	1319	0	20
2026.01.28	16:48:00	152.693	152.843	152.687	152.818	2010	0	20
2026.01.28	17:00:00	152.819	153.676	152.759	153.572	3595	0	20
2026.01.28	17:12:00	153.57	153.721	153.467	153.702	3993	0	20
2026.01.28	17:24:00	153.698	153.698	153.325	153.358	2537	0	20
2026.01.28	17:36:00	153.351	153.428	153.221	153.427	2998	0	20
2026.01.28	17:48:00	153.428	153.566	153.412	153.456	2712	0	20
2026.01.28	18:00:00	153.454	153.651	153.404	153.637	2240	0	20
2026.01.28	18:12:00	153.637	153.752	153.607	153.691	1987	0	20
2026.01.28	18:24:00	153.691	153.776	153.668	153.7	1782	0	20
2026.01.28	18:36:00	153.7	153.716	153.565	153.577	1576	0	20
2026.01.28	18:48:00	153.576	153.717	153.576	153.592	1609	0	20
2026.01.28	19:00:00	153.593	153.669	153.548	153.659	1497	0	20
2026.01.28	19:12:00	153.659	153.748	153.634	153.647	1120	0	20
2026.01.28	19:24:00	153.648	153.663	153.537	153.58	1371	0	20
2026.01.28	19:36:00	153.579	153.657	153.57	153.586	1121	0	20
2026.01.28	19:48:00	153.584	153.601	153.515	153.518	1021	0	20
2026.01.28	20:00:00	153.519	153.629	153.515	153.605	869	0	20
2026.01.28	20:12:00	153.605	153.678	153.6	153.625	890	0	20
2026.01.28	20:24:00	153.624	153.807	153.621	153.788	1090	0	20
2026.01.28	20:36:00	153.788	153.938	153.775	153.926	1388	0	20
2026.01.28	20:48:00	153.925	153.935	153.784	153.831	1296	0	20
2026.01.28	21:00:00	153.831	154.035	153.741	153.847	3268	0	20
2026.01.28	21:12:00	153.846	153.872	153.702	153.867	2018	0	20
2026.01.28	21:24:00	153.868	153.958	153.704	153.719	1927	0	20
2026.01.28	21:36:00	153.717	153.757	153.553	153.668	2592	0	20
2026.01.28	21:48:00	153.667	153.672	153.451	153.482	2159	0	20
2026.01.28	22:00:00	153.481	153.532	153.339	153.496	1911	0	20
2026.01.28	22:12:00	153.496	153.563	153.461	153.474	1286	0	20
2026.01.28	22:24:00	153.476	153.499	153.324	153.371	1319	0	20
2026.01.28	22:36:00	153.371	153.436	153.294	153.366	1304	0	20
2026.01.28	22:48:00	153.366	153.379	153.302	153.372	1143	0	20
2026.01.28	23:00:00	153.372	153.393	153.29	153.295	810	0	20
2026.01.28	23:12:00	153.295	153.387	153.288	153.384	536	0	20
2026.01.28	23:24:00	153.384	153.455	153.377	153.404	557	0	20
2026.01.28	23:36:00	153.402	153.434	153.36	153.432	433	0	20
2026.01.28	23:48:00	153.436	153.437	153.38	153.389	682	0	24
2026.01.29	00:00:00	153.388	153.388	153.31	153.326	28	0	44
2026.01.29	00:12:00	153.326	153.385	153.326	153.348	43	0	81
2026.01.29	00:24:00	153.348	153.399	153.333	153.391	210	0	50
2026.01.29	00:36:00	153.391	153.405	153.384	153.402	186	0	38
2026.01.29	00:48:00	153.401	153.404	153.387	153.4	207	0	42
2026.01.29	01:00:00	153.4	153.406	153.325	153.398	388	0	21
2026.01.29	01:12:00	153.398	153.41	153.22	153.245	560	0	21
2026.01.29	01:24:00	153.244	153.249	153.106	153.19	930	0	20
2026.01.29	01:36:00	153.19	153.19	153.021	153.075	1552	0	20
2026.01.29	01:48:00	153.075	153.259	153.028	153.071	1335	0	20
2026.01.29	02:00:00	153.072	153.204	153.01	153.105	2329	0	20
2026.01.29	02:12:00	153.105	153.122	152.927	153.016	1481	0	20
2026.01.29	02:24:00	153.016	153.017	152.755	152.82	1700	0	20
2026.01.29	02:36:00	152.82	152.974	152.812	152.916	1688	0	20
2026.01.29	02:48:00	152.917	153.1	152.896	153.082	2094	0	20
2026.01.29	03:00:00	153.083	153.258	153.062	153.21	2041	0	20
2026.01.29	03:12:00	153.209	153.345	153.199	153.272	1367	0	20
2026.01.29	03:24:00	153.273	153.297	153.18	153.24	1477	0	20
2026.01.29	03:36:00	153.242	153.257	153.125	153.215	1424	0	20
2026.01.29	03:48:00	153.216	153.25	153.134	153.249	1449	0	20
2026.01.29	04:00:00	153.254	153.381	153.254	153.288	1416	0	20
2026.01.29	04:12:00	153.282	153.301	153.162	153.165	1053	0	20
2026.01.29	04:24:00	153.164	153.164	153.023	153.045	1378	0	20
2026.01.29	04:36:00	153.046	153.127	153.021	153.086	990	0	20
2026.01.29	04:48:00	153.086	153.127	153.05	153.103	906	0	20
2026.01.29	05:00:00	153.104	153.171	153.05	153.084	859	0	20
2026.01.29	05:12:00	153.084	153.095	153.039	153.046	846	0	20
2026.01.29	05:24:00	153.045	153.085	152.969	153.02	934	0	20
2026.01.29	05:36:00	153.019	153.057	152.939	152.963	749	0	20
2026.01.29	05:48:00	152.962	152.977	152.893	152.915	564	0	20
2026.01.29	06:00:00	152.912	152.969	152.89	152.968	752	0	20
2026.01.29	06:12:00	152.968	153.218	152.968	153.061	1172	0	20
2026.01.29	06:24:00	153.055	153.097	153.018	153.039	785	0	20
2026.01.29	06:36:00	153.04	153.083	153.009	153.01	850	0	20
2026.01.29	06:48:00	153.01	153.01	152.947	152.966	732	0	20
2026.01.29	07:00:00	152.966	152.968	152.896	152.917	709	0	20
2026.01.29	07:12:00	152.918	153.081	152.916	153.071	928	0	20
2026.01.29	07:24:00	153.069	153.071	153.008	153.047	646	0	20
2026.01.29	07:36:00	153.047	153.052	152.978	153.019	702	0	20
2026.01.29	07:48:00	153.02	153.053	152.997	153.008	764	0	20
2026.01.29	08:00:00	153.008	153.145	153.008	153.092	1118	0	20
2026.01.29	08:12:00	153.091	153.141	152.921	152.942	1070	0	20
2026.01.29	08:24:00	152.942	153.009	152.909	153.009	1000	0	20
2026.01.29	08:36:00	153.008	153.074	152.982	153.07	623	0	20
2026.01.29	08:48:00	153.069	153.092	153.028	153.043	886	0	20
2026.01.29	09:00:00	153.044	153.057	152.978	153.037	1081	0	20
2026.01.29	09:12:00	153.038	153.223	153.036	153.211	1035	0	20
2026.01.29	09:24:00	153.212	153.373	153.194	153.349	1350	0	20
2026.01.29	09:36:00	153.349	153.41	153.288	153.363	1292	0	20
2026.01.29	09:48:00	153.361	153.376	153.298	153.299	1105	0	20
2026.01.29	10:00:00	153.301	153.317	153.161	153.167	1593	0	20
2026.01.29	10:12:00	153.163	153.245	153.149	153.171	1464	0	20
2026.01.29	10:24:00	153.169	153.387	153.159	153.387	1355	0	20
2026.01.29	10:36:00	153.387	153.448	153.362	153.426	1615	0	20
2026.01.29	10:48:00	153.426	153.43	153.302	153.311	1666	0	20
2026.01.29	11:00:00	153.312	153.347	153.252	153.253	1181	0	20
2026.01.29	11:12:00	153.252	153.341	153.22	153.305	1040	0	20
2026.01.29	11:24:00	153.308	153.373	153.174	153.178	1514	0	20
2026.01.29	11:36:00	153.178	153.281	153.129	153.281	1297	0	20
2026.01.29	11:48:00	153.281	153.35	153.271	153.305	1043	0	20
2026.01.29	12:00:00	153.304	153.347	153.269	153.299	1220	0	20
2026.01.29	12:12:00	153.3	153.346	153.27	153.29	1280	0	20
2026.01.29	12:24:00	153.29	153.391	153.277	153.371	1060	0	20
2026.01.29	12:36:00	153.372	153.402	153.346	153.348	1084	0	20
2026.01.29	12:48:00	153.348	153.441	153.314	153.427	1198	0	20
2026.01.29	13:00:00	153.426	153.479	153.393	153.476	1348	0	20
2026.01.29	13:12:00	153.476	153.526	153.414	153.42	1007	0	20
2026.01.29	13:24:00	153.421	153.488	153.405	153.468	1165	0	20
2026.01.29	13:36:00	153.469	153.51	153.452	153.495	951	0	20
2026.01.29	13:48:00	153.494	153.495	153.366	153.453	1132	0	20
2026.01.29	14:00:00	153.452	153.466	153.369	153.37	1044	0	20
2026.01.29	14:12:00	153.37	153.421	153.354	153.406	543	0	20
2026.01.29	14:24:00	153.405	153.411	153.355	153.382	712	0	20
2026.01.29	14:36:00	153.381	153.396	153.348	153.363	828	0	20
2026.01.29	14:48:00	153.361	153.361	153.215	153.215	1409	0	20
2026.01.29	15:00:00	153.214	153.303	153.211	153.293	1171	0	20
2026.01.29	15:12:00	153.294	153.326	153.223	153.254	1140	0	20
2026.01.29	15:24:00	153.254	153.301	153.167	153.276	1254	0	20
2026.01.29	15:36:00	153.277	153.391	153.181	153.359	1562	0	20
2026.01.29	15:48:00	153.358	153.396	153.276	153.323	2131	0	20
2026.01.29	16:00:00	153.322	153.383	153.238	153.244	1481	0	20
2026.01.29	16:12:00	153.244	153.263	153.177	153.253	1291	0	20
2026.01.29	16:24:00	153.249	153.266	153.15	153.262	1603	0	20
2026.01.29	16:36:00	153.261	153.266	153.082	153.123	2239	0	20
2026.01.29	16:48:00	153.122	153.148	152.997	153.062	2282	0	20
2026.01.29	17:00:00	153.06	153.292	153.033	153.29	3149	0	20
2026.01.29	17:12:00	153.292	153.412	153.253	153.321	3849	0	20
2026.01.29	17:24:00	153.321	153.503	153.293	153.304	3997	0	20
2026.01.29	17:36:00	153.305	153.337	152.67	152.907	4198	0	20
2026.01.29	17:48:00	152.906	152.967	152.678	152.798	3415	0	20
2026.01.29	18:00:00	152.799	152.856	152.708	152.84	2352	0	20
2026.01.29	18:12:00	152.84	153.035	152.837	152.97	2550	0	20
2026.01.29	18:24:00	152.967	152.979	152.865	152.956	2434	0	22
2026.01.29	18:36:00	152.956	152.967	152.804	152.863	2043	0	22
2026.01.29	18:48:00	152.863	152.901	152.791	152.873	2082	0	22
2026.01.29	19:00:00	152.873	152.89	152.79	152.816	1852	0	22
2026.01.29	19:12:00	152.816	152.949	152.815	152.84	2383	0	22
2026.01.29	19:24:00	152.841	152.935	152.828	152.883	2084	0	22
2026.01.29	19:36:00	152.884	152.947	152.835	152.89	2252	0	22
2026.01.29	19:48:00	152.891	152.957	152.851	152.89	1795	0	22
2026.01.29	20:00:00	152.891	152.986	152.889	152.963	2066	0	22
2026.01.29	20:12:00	152.965	153.076	152.954	153.059	1828	0	22
2026.01.29	20:24:00	153.06	153.132	152.994	153.013	2016	0	22
2026.01.29	20:36:00	153.013	153.084	152.985	153.051	1500	0	22
2026.01.29	20:48:00	153.051	153.052	152.969	153.003	1066	0	22
2026.01.29	21:00:00	153.002	153.105	152.998	153.098	1102	0	20
2026.01.29	21:12:00	153.099	153.159	153.038	153.04	914	0	20
2026.01.29	21:24:00	153.04	153.122	153.026	153.109	1029	0	20
2026.01.29	21:36:00	153.109	153.112	153.064	153.078	718	0	20
2026.01.29	21:48:00	153.079	153.111	153.051	153.065	959	0	20
2026.01.29	22:00:00	153.065	153.202	153.065	153.146	934	0	20
2026.01.29	22:12:00	153.147	153.153	153.061	153.107	777	0	20
2026.01.29	22:24:00	153.107	153.138	153.027	153.04	861	0	20
2026.01.29	22:36:00	153.04	153.067	153.008	153.064	685	0	20
2026.01.29	22:48:00	153.063	153.118	153.018	153.104	935	0	20
2026.01.29	23:00:00	153.106	153.16	153.102	153.139	441	0	20
2026.01.29	23:12:00	153.139	153.163	153.102	153.161	349	0	20
2026.01.29	23:24:00	153.162	153.163	153.104	153.108	974	0	20
2026.01.29	23:36:00	153.109	153.129	153.046	153.106	564	0	20
2026.01.29	23:48:00	153.106	153.116	153.054	153.062	781	0	23
2026.01.30	00:00:00	153.058	153.058	152.946	152.997	33	0	109
2026.01.30	00:12:00	153.082	153.085	152.968	153.084	42	0	96
2026.01.30	00:24:00	153.085	153.1	153.085	153.091	69	0	75
2026.01.30	00:36:00	153.092	153.095	152.929	152.966	1151	0	67
2026.01.30	00:48:00	152.965	153.012	152.952	152.966	261	0	46
2026.01.30	01:00:00	152.966	153.023	152.904	152.94	448	0	20
2026.01.30	01:12:00	152.939	152.958	152.908	152.932	421	0	22
2026.01.30	01:24:00	152.932	152.991	152.854	152.919	984	0	20
2026.01.30	01:36:00	152.918	153.075	152.917	153.066	542	0	20
2026.01.30	01:48:00	153.066	153.177	153.066	153.128	921	0	20
2026.01.30	02:00:00	153.129	153.167	153.069	153.106	1327	0	20
2026.01.30	02:12:00	153.106	153.358	153.1	153.331	1723	0	20
2026.01.30	02:24:00	153.334	153.47	153.334	153.437	1516	0	20
2026.01.30	02:36:00	153.436	153.555	153.435	153.531	1759	0	20
2026.01.30	02:48:00	153.53	153.639	153.458	153.491	2513	0	20
2026.01.30	03:00:00	153.49	153.769	153.49	153.708	2207	0	20
2026.01.30	03:12:00	153.707	153.731	153.566	153.637	2412	0	20
2026.01.30	03:24:00	153.638	153.658	153.549	153.595	1862	0	20
2026.01.30	03:36:00	153.598	153.6	153.449	153.495	1691	0	20
2026.01.30	03:48:00	153.496	153.782	153.481	153.746	2129	0	20
2026.01.30	04:00:00	153.746	153.941	153.741	153.875	2347	0	20
2026.01.30	04:12:00	153.876	153.923	153.642	153.881	3169	0	20
2026.01.30	04:24:00	153.878	153.923	153.693	153.92	2555	0	20
2026.01.30	04:36:00	153.919	153.968	153.847	153.88	1889	0	20
2026.01.30	04:48:00	153.881	153.915	153.79	153.796	1689	0	20
2026.01.30	05:00:00	153.794	153.887	153.786	153.798	1342	0	20
2026.01.30	05:12:00	153.797	153.827	153.757	153.82	1306	0	20
2026.01.30	05:24:00	153.817	153.884	153.769	153.872	1257	0	20
2026.01.30	05:36:00	153.873	153.959	153.867	153.897	1435	0	20
2026.01.30	05:48:00	153.896	153.96	153.886	153.944	1013	0	20
2026.01.30	06:00:00	153.945	153.96	153.867	153.936	1200	0	20
2026.01.30	06:12:00	153.936	153.945	153.842	153.9	1032	0	20
2026.01.30	06:24:00	153.901	153.932	153.845	153.859	821	0	20
2026.01.30	06:36:00	153.86	153.908	153.831	153.873	676	0	20
2026.01.30	06:48:00	153.874	153.932	153.874	153.914	712	0	20
2026.01.30	07:00:00	153.914	153.978	153.91	153.941	907	0	20
2026.01.30	07:12:00	153.942	153.942	153.761	153.852	1079	0	20
2026.01.30	07:24:00	153.852	153.958	153.852	153.899	1088	0	20
2026.01.30	07:36:00	153.898	154.129	153.887	154.015	1730	0	20
2026.01.30	07:48:00	154.017	154.039	153.908	153.909	1137	0	20
2026.01.30	08:00:00	153.908	153.913	153.794	153.809	1435	0	20
2026.01.30	08:12:00	153.809	153.872	153.743	153.773	1106	0	20
2026.01.30	08:24:00	153.772	153.891	153.753	153.843	1278	0	20
2026.01.30	08:36:00	153.843	153.964	153.826	153.952	1195	0	20
2026.01.30	08:48:00	153.953	153.976	153.889	153.895	1474	0	20
2026.01.30	09:00:00	153.895	154.021	153.801	153.921	2035	0	20
2026.01.30	09:12:00	153.922	154.046	153.865	153.967	1689	0	20
2026.01.30	09:24:00	153.966	153.972	153.847	153.945	2043	0	20
2026.01.30	09:36:00	153.944	153.958	153.73	153.745	1825	0	20
2026.01.30	09:48:00	153.744	153.852	153.704	153.795	1872	0	20
2026.01.30	10:00:00	153.796	153.867	153.738	153.766	2176	0	20
2026.01.30	10:12:00	153.766	153.808	153.699	153.793	1696	0	20
2026.01.30	10:24:00	153.793	153.908	153.781	153.805	1989	0	20
2026.01.30	10:36:00	153.806	153.893	153.742	153.853	2194	0	20
2026.01.30	10:48:00	153.852	153.946	153.821	153.931	1320	0	20
2026.01.30	11:00:00	153.933	154.017	153.921	153.963	2258	0	20
2026.01.30	11:12:00	153.963	154.15	153.961	154.147	1856	0	20
2026.01.30	11:24:00	154.148	154.189	154.086	154.136	1608	0	20
2026.01.30	11:36:00	154.141	154.145	154.014	154.078	2324	0	20
2026.01.30	11:48:00	154.078	154.276	154.077	154.268	2153	0	20
2026.01.30	12:00:00	154.269	154.376	154.137	154.175	2429	0	20
2026.01.30	12:12:00	154.176	154.21	154.075	154.143	1958	0	20
2026.01.30	12:24:00	154.142	154.18	154.085	154.162	1485	0	20
2026.01.30	12:36:00	154.162	154.235	154.113	154.141	1433	0	20
2026.01.30	12:48:00	154.141	154.194	154.117	154.153	1390	0	20
2026.01.30	13:00:00	154.154	154.162	153.99	154.002	1501	0	20
2026.01.30	13:12:00	154.001	154.126	153.959	154.03	1406	0	20
2026.01.30	13:24:00	154.033	154.038	153.98	154.0	1290	0	20
2026.01.30	13:36:00	154.0	154.037	153.924	153.974	1239	0	20
2026.01.30	13:48:00	153.976	154.052	153.845	153.849	2085	0	20
2026.01.30	14:00:00	153.85	153.909	153.785	153.875	1711	0	20
2026.01.30	14:12:00	153.875	153.876	153.808	153.859	1615	0	20
2026.01.30	14:24:00	153.859	153.912	153.808	153.912	1360	0	20
2026.01.30	14:36:00	153.913	154.054	153.904	154.047	1569	0	20
2026.01.30	14:48:00	154.047	154.063	153.978	154.024	1531	0	20
2026.01.30	15:00:00	154.025	154.074	153.968	154.069	2365	0	20
2026.01.30	15:12:00	154.069	154.09	154.017	154.086	1373	0	20
2026.01.30	15:24:00	154.086	154.218	154.022	154.191	2105	0	20
2026.01.30	15:36:00	154.192	154.264	154.135	154.224	2371	0	20
2026.01.30	15:48:00	154.224	154.361	154.211	154.354	2123	0	20
2026.01.30	16:00:00	154.353	154.378	154.235	154.263	2554	0	20
2026.01.30	16:12:00	154.262	154.365	154.234	154.365	1835	0	20
2026.01.30	16:24:00	154.365	154.428	154.309	154.394	2188	0	20
2026.01.30	16:36:00	154.394	154.411	154.308	154.395	1561	0	20
2026.01.30	16:48:00	154.396	154.511	154.395	154.454	2157	0	20
2026.01.30	17:00:00	154.456	154.689	154.443	154.601	3142	0	20
2026.01.30	17:12:00	154.603	154.705	154.583	154.631	2508	0	20
2026.01.30	17:24:00	154.63	154.751	154.573	154.696	2249	0	20
2026.01.30	17:36:00	154.699	154.716	154.459	154.47	2884	0	20
2026.01.30	17:48:00	154.469	154.547	154.209	154.212	3528	0	20
2026.01.30	18:00:00	154.212	154.278	154.154	154.187	2397	0	20
2026.01.30	18:12:00	154.187	154.267	154.167	154.262	2086	0	20
2026.01.30	18:24:00	154.261	154.371	154.21	154.319	1966	0	20
2026.01.30	18:36:00	154.319	154.381	154.3	154.328	1783	0	20
2026.01.30	18:48:00	154.328	154.383	154.311	154.324	1495	0	20
2026.01.30	19:00:00	154.323	154.418	154.305	154.418	1831	0	20
2026.01.30	19:12:00	154.417	154.519	154.391	154.457	2124	0	20
2026.01.30	19:24:00	154.458	154.485	154.409	154.423	1837	0	20
2026.01.30	19:36:00	154.424	154.517	154.395	154.497	2166	0	20
2026.01.30	19:48:00	154.499	154.52	154.416	154.433	2059	0	20
2026.01.30	20:00:00	154.434	154.573	154.416	154.573	1671	0	20
2026.01.30	20:12:00	154.572	154.61	154.486	154.515	2408	0	20
2026.01.30	20:24:00	154.514	154.63	154.51	154.533	2268	0	20
2026.01.30	20:36:00	154.532	154.616	154.486	154.511	2572	0	20
2026.01.30	20:48:00	154.512	154.518	154.278	154.388	2219	0	20
2026.01.30	21:00:00	154.389	154.441	154.354	154.42	2167	0	20
2026.01.30	21:12:00	154.419	154.555	154.415	154.537	1521	0	20
2026.01.30	21:24:00	154.537	154.586	154.507	154.509	1719	0	20
2026.01.30	21:36:00	154.508	154.522	154.459	154.475	1717	0	20
2026.01.30	21:48:00	154.474	154.677	154.467	154.523	1629	0	20
2026.01.30	22:00:00	154.522	154.67	154.519	154.667	1261	0	20
2026.01.30	22:12:00	154.667	154.693	154.583	154.596	1490	0	20
2026.01.30	22:24:00	154.597	154.7	154.589	154.647	1039	0	20
2026.01.30	22:36:00	154.647	154.652	154.591	154.631	994	0	20
2026.01.30	22:48:00	154.628	154.765	154.621	154.75	1653	0	20
2026.01.30	23:00:00	154.751	154.769	154.718	154.726	976	0	20
2026.01.30	23:12:00	154.726	154.743	154.703	154.739	439	0	22
2026.01.30	23:24:00	154.739	154.783	154.726	154.726	469	0	22
2026.01.30	23:36:00	154.726	154.781	154.702	154.703	689	0	22
2026.01.30	23:48:00	154.703	154.779	154.698	154.755	776	0	25
