<DATE>	<TIME>	<OPEN>	<HIGH>	<LOW>	<CLOSE>	<TICKVOL>	<VOL>	<SPREAD>
2025.10.01	00:00:00	147.747	147.762	147.728	147.754	83	0	187
2025.10.01	00:20:00	147.756	147.837	147.753	147.836	169	0	88
2025.10.01	00:40:00	147.836	147.838	147.819	147.828	87	0	73
2025.10.01	01:00:00	147.831	147.885	147.806	147.868	428	0	25
2025.10.01	01:20:00	147.869	147.913	147.861	147.894	534	0	24
2025.10.01	01:40:00	147.894	147.912	147.884	147.897	351	0	22
2025.10.01	02:00:00	147.895	147.923	147.802	147.847	658	0	20
2025.10.01	02:20:00	147.847	147.914	147.844	147.888	457	0	20
2025.10.01	02:40:00	147.888	148.019	147.888	148.016	814	0	20
2025.10.01	03:00:00	148.016	148.143	148.016	148.05	1916	0	20
2025.10.01	03:20:00	148.049	148.156	148.016	148.152	1514	0	20
2025.10.01	03:40:00	148.153	148.215	148.085	148.098	1623	0	20
2025.10.01	04:00:00	148.096	148.157	148.043	148.043	1283	0	20
2025.10.01	04:20:00	148.043	148.06	147.953	147.966	1656	0	20
2025.10.01	04:40:00	147.967	147.992	147.93	147.943	1812	0	20
2025.10.01	05:00:00	147.942	147.965	147.875	147.889	1167	0	20
2025.10.01	05:20:00	147.89	148.0	147.877	147.968	951	0	20
2025.10.01	05:40:00	147.968	147.998	147.899	147.903	798	0	20
2025.10.01	06:00:00	147.904	147.917	147.858	147.892	798	0	20
2025.10.01	06:20:00	147.893	147.989	147.892	147.979	558	0	21
2025.10.01	06:40:00	147.979	147.98	147.891	147.916	717	0	20
2025.10.01	07:00:00	147.912	147.947	147.874	147.881	901	0	20
2025.10.01	07:20:00	147.881	147.9	147.755	147.796	1113	0	20
2025.10.01	07:40:00	147.796	147.797	147.542	147.543	1201	0	20
2025.10.01	08:00:00	147.543	147.633	147.45	147.509	2149	0	20
2025.10.01	08:20:00	147.51	147.544	147.46	147.521	1257	0	20
2025.10.01	08:40:00	147.524	147.568	147.489	147.516	1179	0	20
2025.10.01	09:00:00	147.517	147.517	147.321	147.38	2202	0	20
2025.10.01	09:20:00	147.38	147.413	147.257	147.277	1588	0	20
2025.10.01	09:40:00	147.279	147.283	147.157	147.219	2529	0	20
2025.10.01	10:00:00	147.22	147.22	147.01	147.036	2453	0	20
2025.10.01	10:20:00	147.035	147.311	147.024	147.128	2082	0	20
2025.10.01	10:40:00	147.136	147.248	147.088	147.114	2513	0	20
2025.10.01	11:00:00	147.113	147.115	146.991	146.998	2330	0	20
2025.10.01	11:20:00	147.007	147.056	146.891	146.925	1627	0	20
2025.10.01	11:40:00	146.926	147.142	146.918	147.14	1827	0	20
2025.10.01	12:00:00	147.139	147.153	147.071	147.15	1441	0	20
2025.10.01	12:20:00	147.149	147.166	147.059	147.072	1595	0	20
2025.10.01	12:40:00	147.075	147.215	147.07	147.198	1741	0	20
2025.10.01	13:00:00	147.199	147.234	147.112	147.158	1811	0	20
2025.10.01	13:20:00	147.159	147.255	147.113	147.121	1608	0	20
2025.10.01	13:40:00	147.123	147.13	147.05	147.066	1516	0	20
2025.10.01	14:00:00	147.066	147.099	147.017	147.049	1308	0	20
2025.10.01	14:20:00	147.05	147.093	147.012	147.037	1330	0	20
2025.10.01	14:40:00	147.038	147.048	146.984	146.993	1276	0	20
2025.10.01	15:00:00	146.991	147.108	146.578	146.672	3311	0	20
2025.10.01	15:20:00	146.664	146.913	146.631	146.836	5138	0	20
2025.10.01	15:40:00	146.841	146.904	146.727	146.788	4306	0	20
2025.10.01	16:00:00	146.785	146.863	146.696	146.794	3034	0	20
2025.10.01	16:20:00	146.792	146.818	146.617	146.719	3221	0	20
2025.10.01	16:40:00	146.718	146.735	146.61	146.697	2655	0	20
2025.10.01	17:00:00	146.688	147.037	146.678	146.963	3862	0	20
2025.10.01	17:20:00	146.969	147.025	146.757	146.78	2612	0	20
2025.10.01	17:40:00	146.778	147.026	146.704	146.85	5063	0	20
2025.10.01	18:00:00	146.857	147.202	146.832	147.155	3310	0	20
2025.10.01	18:20:00	147.157	147.196	147.099	147.156	3068	0	20
2025.10.01	18:40:00	147.155	147.155	147.072	147.139	1913	0	20
2025.10.01	19:00:00	147.142	147.213	147.082	147.184	1962	0	20
2025.10.01	19:20:00	147.185	147.232	147.142	147.224	1398	0	20
2025.10.01	19:40:00	147.224	147.243	147.139	147.15	1211	0	20
2025.10.01	20:00:00	147.15	147.182	147.117	147.124	926	0	20
2025.10.01	20:20:00	147.123	147.156	147.102	147.136	726	0	20
2025.10.01	20:40:00	147.134	147.168	147.109	147.157	849	0	20
2025.10.01	21:00:00	147.156	147.219	147.065	147.069	1857	0	20
2025.10.01	21:20:00	147.075	147.091	147.011	147.028	1167	0	20
2025.10.01	21:40:00	147.029	147.081	147.028	147.079	1236	0	20
2025.10.01	22:00:00	147.08	147.089	147.044	147.078	893	0	20
2025.10.01	22:20:00	147.077	147.149	147.072	147.122	962	0	20
2025.10.01	22:40:00	147.122	147.129	147.068	147.086	1298	0	20
2025.10.01	23:00:00	147.086	147.136	147.065	147.117	839	0	20
2025.10.01	23:20:00	147.117	147.155	147.102	147.11	499	0	20
2025.10.01	23:40:00	147.109	147.115	147.053	147.061	1062	0	22
2025.10.02	00:00:00	147.02	147.03	147.02	147.03	20	0	85
2025.10.02	00:20:00	147.03	147.035	147.02	147.023	35	0	69
2025.10.02	00:40:00	147.024	147.027	147.018	147.02	93	0	51
2025.10.02	01:00:00	147.023	147.056	147.003	147.035	342	0	21
2025.10.02	01:20:00	147.035	147.036	147.009	147.024	348	0	21
2025.10.02	01:40:00	147.014	147.017	146.988	146.998	391	0	22
2025.10.02	02:00:00	146.997	147.05	146.988	147.037	341	0	20
2025.10.02	02:20:00	147.038	147.06	147.024	147.058	335	0	20
2025.10.02	02:40:00	147.057	147.103	147.031	147.099	763	0	20
2025.10.02	03:00:00	147.099	147.309	147.097	147.201	1742	0	20
2025.10.02	03:20:00	147.203	147.313	147.197	147.303	1514	0	20
2025.10.02	03:40:00	147.304	147.31	147.112	147.182	1776	0	20
2025.10.02	04:00:00	147.181	147.216	147.085	147.102	1412	0	20
2025.10.02	04:20:00	147.102	147.132	146.96	146.963	1446	0	20
2025.10.02	04:40:00	146.962	147.066	146.946	146.975	1231	0	20
2025.10.02	05:00:00	146.974	147.028	146.931	147.001	980	0	20
2025.10.02	05:20:00	147.001	147.137	147.0	147.124	636	0	20
2025.10.02	05:40:00	147.125	147.176	147.109	147.154	445	0	20
2025.10.02	06:00:00	147.155	147.185	147.125	147.145	457	0	20
2025.10.02	06:20:00	147.145	147.156	147.092	147.094	624	0	20
2025.10.02	06:40:00	147.095	147.131	147.04	147.074	630	0	20
2025.10.02	07:00:00	147.075	147.157	147.063	147.133	709	0	20
2025.10.02	07:20:00	147.133	147.188	147.124	147.139	698	0	20
2025.10.02	07:40:00	147.14	147.19	147.137	147.165	750	0	20
2025.10.02	08:00:00	147.165	147.257	147.107	147.173	1512	0	20
2025.10.02	08:20:00	147.172	147.211	147.143	147.203	815	0	20
2025.10.02	08:40:00	147.203	147.205	147.119	147.152	757	0	20
2025.10.02	09:00:00	147.149	147.153	147.064	147.112	1584	0	20
2025.10.02	09:20:00	147.112	147.191	146.882	147.08	2059	0	20
2025.10.02	09:40:00	147.08	147.368	147.08	147.144	2458	0	20
2025.10.02	10:00:00	147.144	147.185	147.043	147.101	2318	0	20
2025.10.02	10:20:00	147.1	147.205	147.078	147.121	1818	0	20
2025.10.02	10:40:00	147.122	147.127	147.001	147.071	2092	0	20
2025.10.02	11:00:00	147.071	147.072	146.91	146.947	2160	0	20
2025.10.02	11:20:00	146.948	146.984	146.88	146.902	1559	0	20
2025.10.02	11:40:00	146.904	146.957	146.714	146.786	1682	0	20
2025.10.02	12:00:00	146.788	146.798	146.68	146.701	1868	0	20
2025.10.02	12:20:00	146.7	146.743	146.601	146.632	1544	0	20
2025.10.02	12:40:00	146.633	146.656	146.588	146.611	1805	0	20
2025.10.02	13:00:00	146.61	146.707	146.609	146.695	1770	0	20
2025.10.02	13:20:00	146.697	146.719	146.643	146.713	924	0	20
2025.10.02	13:40:00	146.713	146.757	146.611	146.632	992	0	20
2025.10.02	14:00:00	146.632	146.703	146.615	146.668	1121	0	20
2025.10.02	14:20:00	146.668	146.724	146.636	146.723	1010	0	20
2025.10.02	14:40:00	146.722	146.849	146.72	146.786	1446	0	20
2025.10.02	15:00:00	146.785	146.861	146.735	146.853	1746	0	20
2025.10.02	15:20:00	146.852	146.997	146.836	146.977	1672	0	20
2025.10.02	15:40:00	146.976	147.189	146.976	147.152	2315	0	20
2025.10.02	16:00:00	147.152	147.161	147.059	147.086	2541	0	20
2025.10.02	16:20:00	147.085	147.154	147.048	147.149	2377	0	20
2025.10.02	16:40:00	147.151	147.261	147.15	147.214	2502	0	20
2025.10.02	17:00:00	147.213	147.318	147.191	147.227	2136	0	20
2025.10.02	17:20:00	147.228	147.273	147.141	147.208	2424	0	20
2025.10.02	17:40:00	147.207	147.333	147.183	147.32	2464	0	20
2025.10.02	18:00:00	147.322	147.451	147.32	147.415	2104	0	20
2025.10.02	18:20:00	147.415	147.504	147.331	147.503	1810	0	20
2025.10.02	18:40:00	147.504	147.505	147.328	147.34	1786	0	20
2025.10.02	19:00:00	147.342	147.356	147.198	147.226	1097	0	20
2025.10.02	19:20:00	147.226	147.269	147.205	147.225	1318	0	20
2025.10.02	19:40:00	147.226	147.255	147.153	147.154	873	0	20
2025.10.02	20:00:00	147.157	147.182	147.13	147.147	744	0	20
2025.10.02	20:20:00	147.147	147.226	147.14	147.18	605	0	20
2025.10.02	20:40:00	147.18	147.194	147.15	147.174	466	0	20
2025.10.02	21:00:00	147.175	147.194	147.152	147.167	564	0	20
2025.10.02	21:20:00	147.166	147.191	147.158	147.162	425	0	20
2025.10.02	21:40:00	147.163	147.209	147.156	147.202	476	0	20
2025.10.02	22:00:00	147.201	147.206	147.119	147.149	546	0	20
2025.10.02	22:20:00	147.151	147.175	147.121	147.173	446	0	20
2025.10.02	22:40:00	147.174	147.242	147.157	147.227	548	0	20
2025.10.02	23:00:00	147.23	147.253	147.178	147.227	395	0	20
2025.10.02	23:20:00	147.226	147.237	147.199	147.211	291	0	20
2025.10.02	23:40:00	147.211	147.282	147.206	147.244	428	0	20
2025.10.03	00:00:00	147.175	147.237	147.175	147.213	47	0	48
2025.10.03	00:20:00	147.213	147.22	147.197	147.208	143	0	56
2025.10.03	00:40:00	147.209	147.209	147.181	147.196	184	0	55
2025.10.03	01:00:00	147.193	147.214	147.163	147.18	276	0	21
2025.10.03	01:20:00	147.18	147.198	147.154	147.188	292	0	20
2025.10.03	01:40:00	147.187	147.199	147.154	147.185	344	0	20
2025.10.03	02:00:00	147.182	147.196	147.098	147.103	570	0	20
2025.10.03	02:20:00	147.104	147.133	147.082	147.101	525	0	20
2025.10.03	02:40:00	147.1	147.158	147.097	147.145	675	0	20
2025.10.03	03:00:00	147.147	147.35	147.146	147.342	1193	0	20
2025.10.03	03:20:00	147.341	147.371	147.324	147.326	901	0	20
2025.10.03	03:40:00	147.326	147.345	147.238	147.342	1703	0	20
2025.10.03	04:00:00	147.346	147.6	147.171	147.509	2696	0	20
2025.10.03	04:20:00	147.508	147.673	147.474	147.65	1391	0	20
2025.10.03	04:40:00	147.651	147.654	147.474	147.5	1379	0	20
2025.10.03	05:00:00	147.501	147.645	147.489	147.57	1109	0	20
2025.10.03	05:20:00	147.572	147.676	147.571	147.66	938	0	20
2025.10.03	05:40:00	147.66	147.661	147.593	147.639	658	0	20
2025.10.03	06:00:00	147.643	147.757	147.627	147.725	899	0	20
2025.10.03	06:20:00	147.725	147.746	147.669	147.693	883	0	20
2025.10.03	06:40:00	147.694	147.694	147.604	147.618	494	0	20
2025.10.03	07:00:00	147.619	147.662	147.583	147.653	577	0	20
2025.10.03	07:20:00	147.653	147.725	147.648	147.716	461	0	20
2025.10.03	07:40:00	147.715	147.732	147.691	147.714	467	0	20
2025.10.03	08:00:00	147.713	147.764	147.577	147.594	1436	0	20
2025.10.03	08:20:00	147.595	147.694	147.562	147.619	1120	0	20
2025.10.03	08:40:00	147.627	147.806	147.605	147.773	985	0	20
2025.10.03	09:00:00	147.773	147.793	147.542	147.566	1686	0	20
2025.10.03	09:20:00	147.566	147.612	147.501	147.526	1139	0	20
2025.10.03	09:40:00	147.527	147.648	147.49	147.594	1243	0	20
2025.10.03	10:00:00	147.593	147.672	147.541	147.641	1135	0	20
2025.10.03	10:20:00	147.64	147.643	147.416	147.428	1943	0	20
2025.10.03	10:40:00	147.431	147.502	147.398	147.404	1276	0	20
2025.10.03	11:00:00	147.403	147.416	147.346	147.373	1501	0	20
2025.10.03	11:20:00	147.374	147.429	147.363	147.382	1208	0	20
2025.10.03	11:40:00	147.384	147.39	147.267	147.319	1508	0	20
2025.10.03	12:00:00	147.319	147.424	147.3	147.393	975	0	20
2025.10.03	12:20:00	147.394	147.395	147.314	147.327	1260	0	20
2025.10.03	12:40:00	147.326	147.396	147.305	147.359	975	0	20
2025.10.03	13:00:00	147.359	147.36	147.316	147.348	909	0	20
2025.10.03	13:20:00	147.346	147.38	147.317	147.328	555	0	20
2025.10.03	13:40:00	147.328	147.338	147.3	147.313	796	0	20
2025.10.03	14:00:00	147.312	147.411	147.297	147.368	964	0	20
2025.10.03	14:20:00	147.367	147.393	147.239	147.243	1216	0	20
2025.10.03	14:40:00	147.244	147.277	147.209	147.267	1268	0	20
2025.10.03	15:00:00	147.266	147.356	147.238	147.326	1176	0	20
2025.10.03	15:20:00	147.324	147.401	147.257	147.315	1980	0	20
2025.10.03	15:40:00	147.315	147.365	147.22	147.254	2338	0	20
2025.10.03	16:00:00	147.253	147.344	147.232	147.273	2112	0	20
2025.10.03	16:20:00	147.269	147.276	147.209	147.239	1794	0	20
2025.10.03	16:40:00	147.238	147.373	147.206	147.349	2112	0	20
2025.10.03	17:00:00	147.32	147.508	147.057	147.382	4826	0	20
2025.10.03	17:20:00	147.381	147.455	147.34	147.424	3497	0	20
2025.10.03	17:40:00	147.425	147.498	147.413	147.436	2610	0	20
2025.10.03	18:00:00	147.435	147.481	147.397	147.419	1732	0	20
2025.10.03	18:20:00	147.419	147.435	147.34	147.357	1690	0	20
2025.10.03	18:40:00	147.357	147.383	147.296	147.327	1506	0	20
2025.10.03	19:00:00	147.326	147.47	147.318	147.47	1076	0	20
2025.10.03	19:20:00	147.471	147.494	147.452	147.48	992	0	20
2025.10.03	19:40:00	147.481	147.526	147.469	147.494	1149	0	20
2025.10.03	20:00:00	147.495	147.504	147.422	147.428	1296	0	20
2025.10.03	20:20:00	147.428	147.448	147.397	147.413	720	0	20
2025.10.03	20:40:00	147.414	147.503	147.403	147.495	1258	0	20
2025.10.03	21:00:00	147.496	147.534	147.479	147.523	1548	0	20
2025.10.03	21:20:00	147.522	147.531	147.495	147.499	668	0	20
2025.10.03	21:40:00	147.498	147.501	147.457	147.489	701	0	20
2025.10.03	22:00:00	147.488	147.514	147.466	147.469	1054	0	20
2025.10.03	22:20:00	147.469	147.491	147.459	147.48	388	0	20
2025.10.03	22:40:00	147.48	147.485	147.446	147.448	619	0	20
2025.10.03	23:00:00	147.448	147.448	147.372	147.438	643	0	20
2025.10.03	23:20:00	147.437	147.48	147.421	147.479	241	0	20
2025.10.03	23:40:00	147.479	147.504	147.422	147.469	936	0	23
2025.10.06	00:00:00	149.477	149.483	149.275	149.296	418	0	32
2025.10.06	00:20:00	149.299	149.362	149.275	149.291	256	0	43
2025.10.06	00:40:00	149.29	149.313	149.09	149.102	706	0	28
2025.10.06	01:00:00	149.102	149.315	149.028	149.298	2799	0	20
2025.10.06	01:20:00	149.3	149.329	149.138	149.285	2006	0	20
2025.10.06	01:40:00	149.285	149.385	149.234	149.316	999	0	20
2025.10.06	02:00:00	149.31	149.333	149.225	149.284	2406	0	20
2025.10.06	02:20:00	149.286	149.494	149.278	149.45	2806	0	20
2025.10.06	02:40:00	149.45	149.648	149.446	149.572	2673	0	20
2025.10.06	03:00:00	149.566	149.702	149.437	149.701	4226	0	20
2025.10.06	03:20:00	149.702	149.833	149.649	149.83	2271	0	20
2025.10.06	03:40:00	149.842	149.854	149.576	149.695	2931	0	20
2025.10.06	04:00:00	149.697	149.764	149.575	149.696	1839	0	20
2025.10.06	04:20:00	149.705	149.796	149.608	149.749	2205	0	20
2025.10.06	04:40:00	149.75	149.821	149.732	149.761	1652	0	20
2025.10.06	05:00:00	149.762	149.849	149.706	149.817	1365	0	20
2025.10.06	05:20:00	149.818	149.894	149.812	149.884	989	0	20
2025.10.06	05:40:00	149.885	149.908	149.828	149.861	774	0	20
2025.10.06	06:00:00	149.86	149.941	149.811	149.938	966	0	20
2025.10.06	06:20:00	149.938	149.961	149.9	149.95	878	0	20
2025.10.06	06:40:00	149.952	150.091	149.945	150.05	1601	0	20
2025.10.06	07:00:00	150.051	150.154	149.837	150.144	1604	0	20
2025.10.06	07:20:00	150.145	150.244	150.097	150.239	1746	0	20
2025.10.06	07:40:00	150.24	150.333	150.207	150.303	1966	0	20
2025.10.06	08:00:00	150.306	150.338	150.255	150.298	1537	0	20
2025.10.06	08:20:00	150.296	150.425	150.241	150.392	1181	0	20
2025.10.06	08:40:00	150.392	150.405	150.215	150.247	1221	0	20
2025.10.06	09:00:00	150.244	150.339	150.093	150.275	1952	0	20
2025.10.06	09:20:00	150.275	150.279	150.063	150.113	2348	0	20
2025.10.06	09:40:00	150.114	150.182	149.999	150.021	2782	0	20
2025.10.06	10:00:00	150.022	150.125	149.94	150.068	2509	0	20
2025.10.06	10:20:00	150.078	150.149	149.977	150.125	2108	0	20
2025.10.06	10:40:00	150.125	150.208	149.974	150.019	4826	0	20
2025.10.06	11:00:00	150.016	150.263	149.985	150.206	3320	0	20
2025.10.06	11:20:00	150.206	150.308	150.205	150.307	2249	0	20
2025.10.06	11:40:00	150.308	150.387	150.294	150.357	1424	0	20
2025.10.06	12:00:00	150.358	150.422	150.289	150.343	1773	0	20
2025.10.06	12:20:00	150.343	150.397	150.294	150.371	1626	0	20
2025.10.06	12:40:00	150.373	150.467	150.341	150.365	1309	0	20
2025.10.06	13:00:00	150.366	150.424	150.313	150.332	1342	0	20
2025.10.06	13:20:00	150.336	150.418	150.308	150.377	1525	0	20
2025.10.06	13:40:00	150.377	150.379	150.268	150.272	1483	0	20
2025.10.06	14:00:00	150.272	150.396	150.265	150.367	1603	0	20
2025.10.06	14:20:00	150.368	150.372	150.209	150.233	2136	0	20
2025.10.06	14:40:00	150.234	150.377	150.228	150.361	1934	0	20
2025.10.06	15:00:00	150.363	150.379	149.837	149.897	4365	0	20
2025.10.06	15:20:00	149.914	149.978	149.819	149.877	3568	0	20
2025.10.06	15:40:00	149.878	149.928	149.742	149.773	3059	0	20
2025.10.06	16:00:00	149.771	149.926	149.744	149.911	2571	0	20
2025.10.06	16:20:00	149.912	150.071	149.892	149.902	2419	0	20
2025.10.06	16:40:00	149.903	149.93	149.829	149.923	3124	0	20
2025.10.06	17:00:00	149.924	149.983	149.79	149.977	2552	0	20
2025.10.06	17:20:00	149.978	150.104	149.955	150.011	2572	0	20
2025.10.06	17:40:00	150.012	150.029	149.899	149.951	2953	0	20
2025.10.06	18:00:00	149.952	150.004	149.911	150.001	2469	0	20
2025.10.06	18:20:00	150.001	150.102	149.98	150.078	1628	0	20
2025.10.06	18:40:00	150.077	150.087	150.011	150.015	1164	0	20
2025.10.06	19:00:00	150.015	150.095	149.945	150.091	1318	0	20
2025.10.06	19:20:00	150.091	150.138	150.074	150.115	750	0	20
2025.10.06	19:40:00	150.114	150.163	150.112	150.151	744	0	20
2025.10.06	20:00:00	150.149	150.158	150.071	150.11	893	0	20
2025.10.06	20:20:00	150.111	150.176	150.111	150.139	814	0	20
2025.10.06	20:40:00	150.14	150.228	150.137	150.196	712	0	20
2025.10.06	21:00:00	150.195	150.23	150.176	150.2	543	0	20
2025.10.06	21:20:00	150.199	150.23	150.151	150.222	541	0	20
2025.10.06	21:40:00	150.222	150.311	150.209	150.288	884	0	20
2025.10.06	22:00:00	150.287	150.31	150.234	150.242	731	0	20
2025.10.06	22:20:00	150.242	150.254	150.214	150.216	480	0	20
2025.10.06	22:40:00	150.217	150.326	150.217	150.313	556	0	20
2025.10.06	23:00:00	150.312	150.335	150.275	150.311	532	0	20
2025.10.06	23:20:00	150.31	150.352	150.292	150.351	256	0	20
2025.10.06	23:40:00	150.352	150.386	150.336	150.338	495	0	22
2025.10.07	00:00:00	150.238	150.296	150.206	150.219	78	0	76
2025.10.07	00:20:00	150.218	150.222	150.19	150.218	136	0	86
2025.10.07	00:40:00	150.219	150.233	150.213	150.229	183	0	75
2025.10.07	01:00:00	150.241	150.314	150.239	150.295	822	0	25
2025.10.07	01:20:00	150.296	150.353	150.276	150.35	1376	0	21
2025.10.07	01:40:00	150.351	150.376	150.308	150.309	638	0	20
2025.10.07	02:00:00	150.305	150.372	150.254	150.353	753	0	20
2025.10.07	02:20:00	150.354	150.381	150.34	150.36	508	0	21
2025.10.07	02:40:00	150.369	150.384	150.273	150.352	1270	0	20
2025.10.07	03:00:00	150.35	150.608	150.348	150.559	2101	0	20
2025.10.07	03:20:00	150.555	150.586	150.474	150.556	1757	0	20
2025.10.07	03:40:00	150.555	150.561	150.412	150.48	1781	0	20
2025.10.07	04:00:00	150.48	150.603	150.452	150.481	1158	0	20
2025.10.07	04:20:00	150.48	150.488	150.356	150.422	934	0	20
2025.10.07	04:40:00	150.426	150.513	150.423	150.496	690	0	20
2025.10.07	05:00:00	150.496	150.501	150.328	150.433	1059	0	20
2025.10.07	05:20:00	150.436	150.467	150.404	150.433	433	0	20
2025.10.07	05:40:00	150.435	150.524	150.433	150.52	473	0	20
2025.10.07	06:00:00	150.521	150.523	150.352	150.38	543	0	20
2025.10.07	06:20:00	150.381	150.443	150.354	150.411	485	0	20
2025.10.07	06:40:00	150.409	150.416	150.35	150.351	445	0	20
2025.10.07	07:00:00	150.35	150.364	150.299	150.332	459	0	21
2025.10.07	07:20:00	150.334	150.353	150.237	150.35	675	0	20
2025.10.07	07:40:00	150.35	150.433	150.333	150.405	493	0	20
2025.10.07	08:00:00	150.406	150.496	150.391	150.476	579	0	20
2025.10.07	08:20:00	150.475	150.514	150.428	150.473	595	0	20
2025.10.07	08:40:00	150.474	150.532	150.441	150.486	748	0	20
2025.10.07	09:00:00	150.487	150.667	150.486	150.613	2279	0	20
2025.10.07	09:20:00	150.614	150.69	150.597	150.637	1340	0	20
2025.10.07	09:40:00	150.638	150.65	150.57	150.614	2001	0	20
2025.10.07	10:00:00	150.614	150.701	150.551	150.552	1793	0	20
2025.10.07	10:20:00	150.551	150.589	150.526	150.546	1917	0	20
2025.10.07	10:40:00	150.548	150.641	150.546	150.612	1405	0	20
2025.10.07	11:00:00	150.612	150.642	150.513	150.632	1123	0	20
2025.10.07	11:20:00	150.633	150.733	150.616	150.731	1272	0	20
2025.10.07	11:40:00	150.732	150.821	150.717	150.783	1393	0	20
2025.10.07	12:00:00	150.782	150.82	150.737	150.803	1438	0	20
2025.10.07	12:20:00	150.802	150.815	150.747	150.782	1240	0	20
2025.10.07	12:40:00	150.785	150.803	150.716	150.744	1241	0	20
2025.10.07	13:00:00	150.744	150.776	150.709	150.748	775	0	20
2025.10.07	13:20:00	150.75	150.761	150.707	150.73	718	0	20
2025.10.07	13:40:00	150.73	150.787	150.696	150.762	1056	0	20
2025.10.07	14:00:00	150.764	150.845	150.753	150.824	818	0	20
2025.10.07	14:20:00	150.823	150.872	150.822	150.855	999	0	20
2025.10.07	14:40:00	150.855	150.94	150.832	150.886	1320	0	20
2025.10.07	15:00:00	150.887	150.973	150.844	150.968	1518	0	20
2025.10.07	15:20:00	150.968	151.017	150.828	150.895	1953	0	20
2025.10.07	15:40:00	150.897	150.904	150.793	150.821	1704	0	20
2025.10.07	16:00:00	150.822	150.873	150.722	150.803	2043	0	20
2025.10.07	16:20:00	150.804	150.859	150.741	150.859	1803	0	20
2025.10.07	16:40:00	150.86	150.931	150.806	150.924	1689	0	20
2025.10.07	17:00:00	150.926	151.106	150.9	150.951	2493	0	20
2025.10.07	17:20:00	150.95	151.165	150.946	151.143	2233	0	20
2025.10.07	17:40:00	151.145	151.195	151.116	151.167	1865	0	20
2025.10.07	18:00:00	151.166	151.195	150.97	151.028	2200	0	20
2025.10.07	18:20:00	151.03	151.18	151.02	151.167	2112	0	20
2025.10.07	18:40:00	151.174	151.175	151.042	151.165	2082	0	20
2025.10.07	19:00:00	151.167	151.181	151.089	151.154	1623	0	20
2025.10.07	19:20:00	151.154	151.277	151.154	151.27	1257	0	20
2025.10.07	19:40:00	151.271	151.399	151.268	151.316	1643	0	20
2025.10.07	20:00:00	151.315	151.417	151.24	151.393	1438	0	20
2025.10.07	20:20:00	151.393	151.524	151.391	151.475	1735	0	20
2025.10.07	20:40:00	151.484	151.516	151.448	151.508	1036	0	20
2025.10.07	21:00:00	151.508	151.624	151.485	151.612	1332	0	20
2025.10.07	21:20:00	151.613	151.91	151.61	151.909	1681	0	20
2025.10.07	21:40:00	151.91	151.925	151.791	151.813	1476	0	20
2025.10.07	22:00:00	151.814	151.825	151.733	151.805	1059	0	20
2025.10.07	22:20:00	151.811	151.912	151.811	151.898	935	0	20
2025.10.07	22:40:00	151.897	151.943	151.884	151.895	852	0	20
2025.10.07	23:00:00	151.897	152.033	151.897	152.0	838	0	20
2025.10.07	23:20:00	152.0	152.025	151.94	151.942	375	0	20
2025.10.07	23:40:00	151.943	151.959	151.868	151.88	621	0	21
2025.10.08	00:00:00	151.877	151.905	151.867	151.885	67	0	35
2025.10.08	00:20:00	151.885	151.885	151.865	151.881	224	0	38
2025.10.08	00:40:00	151.881	151.881	151.825	151.837	184	0	31
2025.10.08	01:00:00	151.861	151.875	151.725	151.829	613	0	23
2025.10.08	01:20:00	151.829	151.881	151.805	151.806	443	0	20
2025.10.08	01:40:00	151.806	151.841	151.804	151.805	366	0	20
2025.10.08	02:00:00	151.806	151.98	151.785	151.98	930	0	20
2025.10.08	02:20:00	151.98	152.084	151.909	151.995	1229	0	20
2025.10.08	02:40:00	151.997	152.061	151.948	152.045	1465	0	20
2025.10.08	03:00:00	152.046	152.311	152.044	152.276	2608	0	20
2025.10.08	03:20:00	152.276	152.366	152.205	152.208	2266	0	20
2025.10.08	03:40:00	152.207	152.359	152.125	152.297	2098	0	20
2025.10.08	04:00:00	152.296	152.44	152.261	152.387	2559	0	20
2025.10.08	04:20:00	152.388	152.52	152.344	152.448	1892	0	20
2025.10.08	04:40:00	152.45	152.593	152.38	152.591	1435	0	20
2025.10.08	05:00:00	152.591	152.637	152.516	152.533	1769	0	20
2025.10.08	05:20:00	152.537	152.565	152.435	152.47	1186	0	20
2025.10.08	05:40:00	152.467	152.474	152.294	152.473	965	0	20
2025.10.08	06:00:00	152.474	152.554	152.473	152.547	541	0	20
2025.10.08	06:20:00	152.546	152.547	152.468	152.471	471	0	20
2025.10.08	06:40:00	152.47	152.48	152.392	152.401	704	0	20
2025.10.08	07:00:00	152.401	152.482	152.364	152.457	693	0	20
2025.10.08	07:20:00	152.46	152.48	152.346	152.352	534	0	20
2025.10.08	07:40:00	152.352	152.402	152.297	152.354	749	0	20
2025.10.08	08:00:00	152.355	152.4	152.319	152.342	940	0	20
2025.10.08	08:20:00	152.341	152.368	152.275	152.321	829	0	20
2025.10.08	08:40:00	152.321	152.43	152.318	152.391	1139	0	20
2025.10.08	09:00:00	152.391	152.512	152.241	152.423	2619	0	20
2025.10.08	09:20:00	152.431	152.501	152.343	152.48	3031	0	20
2025.10.08	09:40:00	152.48	152.503	152.319	152.333	1840	0	20
2025.10.08	10:00:00	152.333	152.517	152.319	152.493	1883	0	20
2025.10.08	10:20:00	152.494	152.511	152.381	152.412	2192	0	20
2025.10.08	10:40:00	152.414	152.543	152.341	152.532	2533	0	20
2025.10.08	11:00:00	152.533	152.556	152.366	152.435	1892	0	20
2025.10.08	11:20:00	152.433	152.52	152.366	152.518	2166	0	20
2025.10.08	11:40:00	152.519	152.775	152.511	152.734	2200	0	20
2025.10.08	12:00:00	152.734	152.879	152.708	152.775	1986	0	20
2025.10.08	12:20:00	152.775	152.943	152.737	152.899	1435	0	20
2025.10.08	12:40:00	152.896	152.988	152.845	152.961	1729	0	20
2025.10.08	13:00:00	152.962	152.987	152.828	152.845	1278	0	20
2025.10.08	13:20:00	152.844	152.881	152.752	152.876	860	0	20
2025.10.08	13:40:00	152.878	152.924	152.641	152.718	1230	0	20
2025.10.08	14:00:00	152.697	152.838	152.662	152.731	1570	0	20
2025.10.08	14:20:00	152.731	152.753	152.633	152.682	1195	0	20
2025.10.08	14:40:00	152.681	152.733	152.648	152.683	1063	0	20
2025.10.08	15:00:00	152.682	152.737	152.599	152.622	2002	0	20
2025.10.08	15:20:00	152.629	152.688	152.537	152.681	1966	0	20
2025.10.08	15:40:00	152.684	152.686	152.427	152.497	1957	0	20
2025.10.08	16:00:00	152.496	152.517	152.363	152.41	2148	0	20
2025.10.08	16:20:00	152.409	152.565	152.404	152.563	2420	0	20
2025.10.08	16:40:00	152.561	152.654	152.468	152.58	3000	0	20
2025.10.08	17:00:00	152.58	152.661	152.512	152.616	2320	0	20
2025.10.08	17:20:00	152.62	152.637	152.439	152.451	1894	0	20
2025.10.08	17:40:00	152.452	152.512	152.422	152.505	1731	0	20
2025.10.08	18:00:00	152.505	152.688	152.501	152.675	1247	0	20
2025.10.08	18:20:00	152.681	152.712	152.614	152.709	1563	0	20
2025.10.08	18:40:00	152.71	152.778	152.673	152.711	1450	0	20
2025.10.08	19:00:00	152.71	152.778	152.681	152.723	1171	0	20
2025.10.08	19:20:00	152.722	152.787	152.713	152.781	1151	0	20
2025.10.08	19:40:00	152.78	152.785	152.74	152.747	891	0	20
2025.10.08	20:00:00	152.745	152.804	152.735	152.774	853	0	20
2025.10.08	20:20:00	152.775	152.804	152.752	152.779	807	0	20
2025.10.08	20:40:00	152.779	152.875	152.766	152.858	918	0	20
2025.10.08	21:00:00	152.857	152.935	152.799	152.85	1910	0	20
2025.10.08	21:20:00	152.85	152.891	152.652	152.659	1346	0	20
2025.10.08	21:40:00	152.659	152.717	152.636	152.71	780	0	20
2025.10.08	22:00:00	152.708	152.743	152.63	152.736	1246	0	20
2025.10.08	22:20:00	152.736	152.736	152.66	152.712	814	0	20
2025.10.08	22:40:00	152.714	152.734	152.685	152.699	669	0	20
2025.10.08	23:00:00	152.698	152.724	152.674	152.685	478	0	20
2025.10.08	23:20:00	152.685	152.715	152.657	152.658	462	0	20
2025.10.08	23:40:00	152.659	152.695	152.64	152.681	705	0	21
2025.10.09	00:00:00	152.598	152.629	152.525	152.61	40	0	134
2025.10.09	00:20:00	152.61	152.63	152.503	152.541	89	0	90
2025.10.09	00:40:00	152.541	152.636	152.541	152.624	68	0	76
2025.10.09	01:00:00	152.624	152.66	152.571	152.596	662	0	20
2025.10.09	01:20:00	152.596	152.622	152.57	152.573	525	0	20
2025.10.09	01:40:00	152.574	152.575	152.48	152.518	728	0	20
2025.10.09	02:00:00	152.517	152.612	152.452	152.601	1043	0	20
2025.10.09	02:20:00	152.6	152.711	152.595	152.605	1096	0	20
2025.10.09	02:40:00	152.604	152.7	152.533	152.698	1780	0	20
2025.10.09	03:00:00	152.697	152.729	152.482	152.55	2335	0	20
2025.10.09	03:20:00	152.55	152.566	152.444	152.508	1974	0	20
2025.10.09	03:40:00	152.509	152.694	152.471	152.694	2340	0	20
2025.10.09	04:00:00	152.694	152.755	152.474	152.503	2977	0	20
2025.10.09	04:20:00	152.503	152.53	152.41	152.445	1858	0	20
2025.10.09	04:40:00	152.444	152.599	152.397	152.51	1265	0	20
2025.10.09	05:00:00	152.51	152.595	152.499	152.581	757	0	20
2025.10.09	05:20:00	152.581	152.585	152.495	152.5	657	0	20
2025.10.09	05:40:00	152.5	152.517	152.4	152.452	753	0	20
2025.10.09	06:00:00	152.454	152.569	152.444	152.555	693	0	20
2025.10.09	06:20:00	152.554	152.558	152.476	152.477	714	0	20
2025.10.09	06:40:00	152.478	152.522	152.475	152.501	504	0	20
2025.10.09	07:00:00	152.501	152.587	152.499	152.558	403	0	20
2025.10.09	07:20:00	152.555	152.584	152.537	152.567	321	0	20
2025.10.09	07:40:00	152.567	152.574	152.44	152.459	548	0	20
2025.10.09	08:00:00	152.461	152.518	152.456	152.501	574	0	20
2025.10.09	08:20:00	152.502	152.559	152.495	152.545	591	0	20
2025.10.09	08:40:00	152.545	152.644	152.497	152.624	758	0	20
2025.10.09	09:00:00	152.626	152.967	152.624	152.964	1981	0	20
2025.10.09	09:20:00	152.965	153.068	152.906	153.034	3169	0	20
2025.10.09	09:40:00	153.035	153.125	152.957	152.968	2740	0	20
2025.10.09	10:00:00	152.964	153.046	152.839	152.94	2505	0	20
2025.10.09	10:20:00	152.941	153.109	152.934	153.098	1686	0	20
2025.10.09	10:40:00	153.098	153.209	153.016	153.057	2328	0	20
2025.10.09	11:00:00	153.056	153.128	153.004	153.064	2308	0	20
2025.10.09	11:20:00	153.063	153.091	152.992	152.992	1796	0	20
2025.10.09	11:40:00	152.993	152.993	152.747	152.791	1889	0	20
2025.10.09	12:00:00	152.79	152.845	152.465	152.766	3272	0	20
2025.10.09	12:20:00	152.765	152.766	152.618	152.649	2009	0	20
2025.10.09	12:40:00	152.649	152.66	152.506	152.545	1709	0	20
2025.10.09	13:00:00	152.544	152.643	152.485	152.618	1093	0	20
2025.10.09	13:20:00	152.618	152.683	152.585	152.668	1079	0	20
2025.10.09	13:40:00	152.668	152.738	152.639	152.649	1148	0	20
2025.10.09	14:00:00	152.648	152.814	152.643	152.721	1407	0	20
2025.10.09	14:20:00	152.723	152.764	152.684	152.73	867	0	20
2025.10.09	14:40:00	152.729	152.83	152.649	152.784	1341	0	20
2025.10.09	15:00:00	152.784	152.821	152.713	152.765	2623	0	20
2025.10.09	15:20:00	152.769	152.783	152.644	152.69	1369	0	20
2025.10.09	15:40:00	152.69	152.834	152.69	152.737	2505	0	20
2025.10.09	16:00:00	152.735	152.858	152.099	152.634	4865	0	20
2025.10.09	16:20:00	152.633	152.826	152.544	152.802	3647	0	20
2025.10.09	16:40:00	152.803	152.945	152.782	152.855	3196	0	20
2025.10.09	17:00:00	152.855	152.98	152.852	152.946	2545	0	20
2025.10.09	17:20:00	152.947	153.174	152.926	153.007	3295	0	20
2025.10.09	17:40:00	153.009	153.043	152.911	153.032	2089	0	20
2025.10.09	18:00:00	153.032	153.14	153.011	153.033	1929	0	20
2025.10.09	18:20:00	153.032	153.221	153.029	153.17	2333	0	20
2025.10.09	18:40:00	153.17	153.194	152.935	153.041	2742	0	20
2025.10.09	19:00:00	153.041	153.092	152.982	153.055	1851	0	20
2025.10.09	19:20:00	153.056	153.137	153.018	153.112	1868	0	20
2025.10.09	19:40:00	153.11	153.114	152.983	152.992	2478	0	20
2025.10.09	20:00:00	152.993	153.067	152.901	152.98	2573	0	20
2025.10.09	20:20:00	152.979	153.01	152.898	152.977	1884	0	20
2025.10.09	20:40:00	152.976	153.088	152.97	153.042	1661	0	20
2025.10.09	21:00:00	153.041	153.07	152.994	152.995	1197	0	20
2025.10.09	21:20:00	152.997	153.133	152.989	153.092	1017	0	20
2025.10.09	21:40:00	153.091	153.203	153.087	153.169	1442	0	20
2025.10.09	22:00:00	153.168	153.17	153.085	153.155	1312	0	20
2025.10.09	22:20:00	153.155	153.165	153.102	153.104	1240	0	20
2025.10.09	22:40:00	153.104	153.142	153.038	153.056	1447	0	20
2025.10.09	23:00:00	153.062	153.087	153.035	153.061	656	0	20
2025.10.09	23:20:00	153.061	153.081	152.995	153.045	483	0	20
2025.10.09	23:40:00	153.046	153.088	153.029	153.059	916	0	21
2025.10.10	00:00:00	152.951	153.006	152.9	152.998	77	0	134
2025.10.10	00:20:00	153.0	153.052	152.992	153.05	66	0	62
2025.10.10	00:40:00	153.042	153.051	153.036	153.042	105	0	41
2025.10.10	01:00:00	153.042	153.072	152.96	153.024	675	0	20
2025.10.10	01:20:00	153.025	153.061	153.009	153.041	274	0	20
2025.10.10	01:40:00	153.042	153.059	153.019	153.019	250	0	22
2025.10.10	02:00:00	153.019	153.262	153.019	153.148	1425	0	20
2025.10.10	02:20:00	153.156	153.16	153.036	153.078	1412	0	20
2025.10.10	02:40:00	153.077	153.082	152.953	153.014	1793	0	20
2025.10.10	03:00:00	153.014	153.154	152.95	153.148	2370	0	20
2025.10.10	03:20:00	153.149	153.153	153.015	153.054	1357	0	20
2025.10.10	03:40:00	153.055	153.123	152.935	152.946	2114	0	20
2025.10.10	04:00:00	152.945	152.993	152.829	152.872	1964	0	20
2025.10.10	04:20:00	152.874	152.966	152.864	152.954	1372	0	20
2025.10.10	04:40:00	152.955	153.04	152.92	153.01	1050	0	20
2025.10.10	05:00:00	153.01	153.024	152.856	152.907	1375	0	20
2025.10.10	05:20:00	152.908	152.945	152.855	152.931	694	0	20
2025.10.10	05:40:00	152.934	152.953	152.889	152.903	746	0	20
2025.10.10	06:00:00	152.907	152.925	152.821	152.828	888	0	20
2025.10.10	06:20:00	152.827	152.829	152.71	152.741	740	0	20
2025.10.10	06:40:00	152.74	152.773	152.635	152.655	1042	0	20
2025.10.10	07:00:00	152.654	152.754	152.628	152.736	765	0	20
2025.10.10	07:20:00	152.737	152.788	152.658	152.772	620	0	20
2025.10.10	07:40:00	152.772	152.82	152.738	152.742	705	0	20
2025.10.10	08:00:00	152.742	152.769	152.676	152.734	923	0	20
2025.10.10	08:20:00	152.734	152.825	152.71	152.781	713	0	20
2025.10.10	08:40:00	152.784	152.839	152.741	152.821	1264	0	20
2025.10.10	09:00:00	152.817	152.906	152.81	152.902	1293	0	20
2025.10.10	09:20:00	152.901	152.905	152.366	152.651	2806	0	20
2025.10.10	09:40:00	152.655	152.8	152.487	152.521	3515	0	20
2025.10.10	10:00:00	152.521	152.754	152.475	152.74	4483	0	20
2025.10.10	10:20:00	152.741	152.939	152.738	152.853	2934	0	20
2025.10.10	10:40:00	152.853	152.896	152.795	152.836	2145	0	20
2025.10.10	11:00:00	152.837	152.926	152.657	152.68	2708	0	20
2025.10.10	11:20:00	152.681	152.725	152.583	152.671	1884	0	20
2025.10.10	11:40:00	152.671	152.749	152.634	152.635	1840	0	20
2025.10.10	12:00:00	152.635	152.716	152.601	152.699	1749	0	20
2025.10.10	12:20:00	152.698	152.835	152.662	152.822	1479	0	20
2025.10.10	12:40:00	152.82	152.836	152.747	152.783	1743	0	20
2025.10.10	13:00:00	152.78	152.803	152.666	152.669	1390	0	20
2025.10.10	13:20:00	152.669	152.734	152.621	152.728	1204	0	20
2025.10.10	13:40:00	152.728	152.738	152.66	152.71	1006	0	20
2025.10.10	14:00:00	152.71	152.749	152.669	152.707	1121	0	20
2025.10.10	14:20:00	152.709	152.731	152.598	152.614	1533	0	20
2025.10.10	14:40:00	152.613	152.633	152.534	152.624	1508	0	20
2025.10.10	15:00:00	152.623	152.64	152.507	152.525	1650	0	20
2025.10.10	15:20:00	152.533	152.603	152.507	152.532	1514	0	20
2025.10.10	15:40:00	152.532	152.58	152.507	152.546	1163	0	20
2025.10.10	16:00:00	152.547	152.68	152.519	152.531	2133	0	20
2025.10.10	16:20:00	152.531	152.681	152.525	152.67	2549	0	20
2025.10.10	16:40:00	152.669	152.669	152.585	152.645	2061	0	20
2025.10.10	17:00:00	152.647	152.701	152.543	152.565	2703	0	20
2025.10.10	17:20:00	152.566	152.652	152.562	152.6	2282	0	20
2025.10.10	17:40:00	152.597	152.637	152.408	152.45	2414	0	20
2025.10.10	18:00:00	152.448	152.448	151.819	151.839	6464	0	20
2025.10.10	18:20:00	151.839	151.859	151.494	151.668	6242	0	20
2025.10.10	18:40:00	151.67	151.957	151.611	151.933	5971	0	20
2025.10.10	19:00:00	151.933	152.098	151.832	152.086	4387	0	20
2025.10.10	19:20:00	152.084	152.176	151.976	152.043	3565	0	20
2025.10.10	19:40:00	152.044	152.044	151.858	151.878	2909	0	20
2025.10.10	20:00:00	151.877	151.937	151.737	151.749	3020	0	20
2025.10.10	20:20:00	151.746	151.905	151.71	151.883	2892	0	20
2025.10.10	20:40:00	151.884	151.933	151.824	151.857	1796	0	20
2025.10.10	21:00:00	151.857	151.889	151.75	151.831	1892	0	20
2025.10.10	21:20:00	151.832	151.851	151.72	151.744	1648	0	20
2025.10.10	21:40:00	151.745	151.753	151.622	151.707	2196	0	20
2025.10.10	22:00:00	151.706	151.795	151.682	151.716	1771	0	20
2025.10.10	22:20:00	151.717	151.733	151.52	151.548	1490	0	20
2025.10.10	22:40:00	151.548	151.678	151.538	151.579	1968	0	20
2025.10.10	23:00:00	151.579	151.668	151.564	151.584	980	0	20
2025.10.10	23:20:00	151.585	151.681	151.582	151.661	601	0	20
2025.10.10	23:40:00	151.661	151.712	151.154	151.162	2018	0	20
2025.10.13	00:00:00	151.847	151.859	151.773	151.837	106	0	60
2025.10.13	00:20:00	151.888	151.888	151.792	151.855	105	0	39
2025.10.13	00:40:00	151.855	151.892	151.783	151.783	186	0	47
2025.10.13	01:00:00	151.784	152.146	151.782	152.131	2085	0	20
2025.10.13	01:20:00	152.13	152.267	151.933	151.948	1603	0	20
2025.10.13	01:40:00	151.953	151.985	151.855	151.925	1277	0	20
2025.10.13	02:00:00	151.918	151.945	151.729	151.876	2118	0	20
2025.10.13	02:20:00	151.876	151.932	151.815	151.918	1748	0	20
2025.10.13	02:40:00	151.92	152.077	151.903	152.058	2485	0	20
2025.10.13	03:00:00	152.057	152.067	151.928	151.973	3470	0	20
2025.10.13	03:20:00	151.973	152.005	151.903	151.948	2421	0	20
2025.10.13	03:40:00	151.947	151.949	151.791	151.834	2636	0	20
2025.10.13	04:00:00	151.835	151.968	151.798	151.918	2678	0	20
2025.10.13	04:20:00	151.917	151.963	151.867	151.945	1865	0	20
2025.10.13	04:40:00	151.945	151.965	151.904	151.946	1798	0	20
2025.10.13	05:00:00	151.946	151.964	151.84	151.856	1457	0	21
2025.10.13	05:20:00	151.856	151.974	151.856	151.97	887	0	20
2025.10.13	05:40:00	151.965	151.975	151.922	151.926	1003	0	20
2025.10.13	06:00:00	151.926	151.96	151.891	151.946	801	0	20
2025.10.13	06:20:00	151.947	152.003	151.943	151.97	803	0	20
2025.10.13	06:40:00	151.971	151.973	151.905	151.92	970	0	20
2025.10.13	07:00:00	151.92	151.957	151.798	151.852	684	0	20
2025.10.13	07:20:00	151.854	151.876	151.831	151.856	446	0	20
2025.10.13	07:40:00	151.857	151.945	151.855	151.901	534	0	20
2025.10.13	08:00:00	151.896	151.902	151.76	151.785	913	0	20
2025.10.13	08:20:00	151.783	151.833	151.755	151.799	786	0	20
2025.10.13	08:40:00	151.8	151.89	151.786	151.866	968	0	20
2025.10.13	09:00:00	151.863	151.916	151.712	151.728	2351	0	20
2025.10.13	09:20:00	151.728	151.851	151.712	151.847	1945	0	20
2025.10.13	09:40:00	151.846	152.014	151.79	151.932	2108	0	20
2025.10.13	10:00:00	151.933	152.257	151.901	152.226	2939	0	20
2025.10.13	10:20:00	152.228	152.364	152.164	152.27	2413	0	20
2025.10.13	10:40:00	152.269	152.327	152.212	152.289	1804	0	20
2025.10.13	11:00:00	152.293	152.319	152.24	152.291	1652	0	20
2025.10.13	11:20:00	152.293	152.438	152.272	152.37	1436	0	20
2025.10.13	11:40:00	152.37	152.37	152.266	152.33	1565	0	20
2025.10.13	12:00:00	152.331	152.359	152.204	152.235	1172	0	20
2025.10.13	12:20:00	152.235	152.239	152.17	152.175	799	0	20
2025.10.13	12:40:00	152.172	152.239	152.15	152.161	1478	0	20
2025.10.13	13:00:00	152.16	152.191	152.125	152.145	1307	0	20
2025.10.13	13:20:00	152.145	152.221	152.134	152.152	1253	0	20
2025.10.13	13:40:00	152.152	152.171	152.117	152.159	814	0	20
2025.10.13	14:00:00	152.16	152.162	151.968	152.024	2939	0	20
2025.10.13	14:20:00	152.024	152.071	151.975	152.07	1501	0	20
2025.10.13	14:40:00	152.071	152.128	152.023	152.097	1684	0	20
2025.10.13	15:00:00	152.094	152.132	152.041	152.073	1833	0	20
2025.10.13	15:20:00	152.074	152.169	152.072	152.167	1732	0	20
2025.10.13	15:40:00	152.167	152.258	152.15	152.204	1855	0	20
2025.10.13	16:00:00	152.204	152.253	152.166	152.225	2099	0	20
2025.10.13	16:20:00	152.226	152.242	152.105	152.108	1593	0	20
2025.10.13	16:40:00	152.108	152.21	152.094	152.178	2258	0	20
2025.10.13	17:00:00	152.18	152.399	152.171	152.348	2134	0	20
2025.10.13	17:20:00	152.349	152.438	152.336	152.411	2780	0	20
2025.10.13	17:40:00	152.41	152.432	152.301	152.363	2100	0	20
2025.10.13	18:00:00	152.363	152.382	152.265	152.287	1988	0	20
2025.10.13	18:20:00	152.288	152.31	152.251	152.28	1807	0	20
2025.10.13	18:40:00	152.281	152.295	152.232	152.249	1589	0	20
2025.10.13	19:00:00	152.249	152.249	152.188	152.224	1345	0	20
2025.10.13	19:20:00	152.226	152.281	152.217	152.277	875	0	20
2025.10.13	19:40:00	152.277	152.29	152.242	152.269	728	0	21
2025.10.13	20:00:00	152.27	152.337	152.255	152.279	626	0	21
2025.10.13	20:20:00	152.28	152.287	152.229	152.261	748	0	20
2025.10.13	20:40:00	152.265	152.275	152.221	152.253	1065	0	20
2025.10.13	21:00:00	152.255	152.256	152.216	152.22	560	0	21
2025.10.13	21:20:00	152.221	152.255	152.208	152.252	599	0	20
2025.10.13	21:40:00	152.252	152.325	152.252	152.275	794	0	20
2025.10.13	22:00:00	152.274	152.278	152.249	152.254	671	0	20
2025.10.13	22:20:00	152.255	152.288	152.243	152.279	566	0	20
2025.10.13	22:40:00	152.279	152.315	152.27	152.314	596	0	21
2025.10.13	23:00:00	152.313	152.324	152.29	152.31	483	0	20
2025.10.13	23:20:00	152.31	152.34	152.297	152.328	545	0	21
2025.10.13	23:40:00	152.327	152.328	152.261	152.28	991	0	20
2025.10.14	00:00:00	152.144	152.145	152.124	152.137	62	0	150
2025.10.14	00:20:00	152.137	152.179	152.137	152.149	168	0	116
2025.10.14	00:40:00	152.149	152.226	152.105	152.181	593	0	61
2025.10.14	01:00:00	152.181	152.247	152.179	152.189	329	0	20
2025.10.14	01:20:00	152.188	152.283	152.188	152.262	275	0	20
2025.10.14	01:40:00	152.261	152.335	152.259	152.332	350	0	20
2025.10.14	02:00:00	152.331	152.368	152.306	152.319	661	0	20
2025.10.14	02:20:00	152.32	152.343	152.269	152.287	465	0	20
2025.10.14	02:40:00	152.287	152.45	152.282	152.446	1476	0	20
2025.10.14	03:00:00	152.445	152.526	152.417	152.504	2808	0	20
2025.10.14	03:20:00	152.506	152.603	152.49	152.55	1456	0	20
2025.10.14	03:40:00	152.551	152.558	152.427	152.456	1678	0	20
2025.10.14	04:00:00	152.455	152.459	152.343	152.428	2141	0	20
2025.10.14	04:20:00	152.427	152.489	152.406	152.449	1711	0	20
2025.10.14	04:40:00	152.448	152.477	152.37	152.447	1355	0	20
2025.10.14	05:00:00	152.448	152.462	152.385	152.459	948	0	20
2025.10.14	05:20:00	152.458	152.475	152.43	152.447	990	0	20
2025.10.14	05:40:00	152.446	152.466	152.349	152.37	1147	0	20
2025.10.14	06:00:00	152.37	152.383	152.285	152.315	1125	0	20
2025.10.14	06:20:00	152.315	152.316	152.165	152.205	1014	0	20
2025.10.14	06:40:00	152.209	152.209	152.038	152.138	1091	0	20
2025.10.14	07:00:00	152.137	152.139	151.776	151.793	2551	0	20
2025.10.14	07:20:00	151.794	151.91	151.771	151.895	2715	0	20
2025.10.14	07:40:00	151.896	151.917	151.771	151.849	1848	0	20
2025.10.14	08:00:00	151.849	151.918	151.799	151.917	1625	0	20
2025.10.14	08:20:00	151.918	151.935	151.662	151.693	1921	0	20
2025.10.14	08:40:00	151.695	151.784	151.661	151.703	2811	0	20
2025.10.14	09:00:00	151.703	151.884	151.606	151.785	3247	0	20
2025.10.14	09:20:00	151.787	151.875	151.693	151.818	2710	0	20
2025.10.14	09:40:00	151.814	151.965	151.78	151.885	2381	0	20
2025.10.14	10:00:00	151.886	151.925	151.663	151.9	3207	0	20
2025.10.14	10:20:00	151.901	152.063	151.805	151.926	3393	0	20
2025.10.14	10:40:00	151.927	151.991	151.832	151.951	3807	0	20
2025.10.14	11:00:00	151.954	152.114	151.924	152.041	2897	0	20
2025.10.14	11:20:00	152.042	152.088	151.97	152.005	2266	0	20
2025.10.14	11:40:00	152.007	152.036	151.921	151.966	1623	0	20
2025.10.14	12:00:00	151.965	152.143	151.964	152.082	1605	0	20
2025.10.14	12:20:00	152.082	152.082	151.974	151.988	1532	0	20
2025.10.14	12:40:00	151.987	152.107	151.963	152.1	1831	0	20
2025.10.14	13:00:00	152.101	152.114	151.954	152.015	2289	0	20
2025.10.14	13:20:00	152.015	152.071	151.955	151.98	1517	0	20
2025.10.14	13:40:00	151.98	152.001	151.903	151.937	1682	0	20
2025.10.14	14:00:00	151.936	152.069	151.93	152.041	1630	0	20
2025.10.14	14:20:00	152.04	152.081	152.001	152.075	1566	0	20
2025.10.14	14:40:00	152.075	152.117	152.043	152.083	1674	0	20
2025.10.14	15:00:00	152.084	152.117	151.965	151.987	2016	0	20
2025.10.14	15:20:00	151.985	152.0	151.851	151.967	1743	0	20
2025.10.14	15:40:00	151.965	152.091	151.919	152.036	2237	0	20
2025.10.14	16:00:00	152.035	152.152	151.964	151.99	2450	0	20
2025.10.14	16:20:00	151.99	152.047	151.861	151.873	4032	0	20
2025.10.14	16:40:00	151.876	151.992	151.81	151.987	3458	0	20
2025.10.14	17:00:00	151.987	152.078	151.91	151.978	3352	0	20
2025.10.14	17:20:00	151.979	152.093	151.925	152.004	3261	0	20
2025.10.14	17:40:00	152.005	152.026	151.82	151.821	2796	0	20
2025.10.14	18:00:00	151.82	151.927	151.785	151.801	2386	0	20
2025.10.14	18:20:00	151.806	151.88	151.762	151.82	2193	0	20
2025.10.14	18:40:00	151.816	151.869	151.73	151.771	3718	0	20
2025.10.14	19:00:00	151.77	151.821	151.672	151.682	2582	0	20
2025.10.14	19:20:00	151.684	151.907	151.671	151.733	2652	0	20
2025.10.14	19:40:00	151.735	151.741	151.657	151.724	1496	0	20
2025.10.14	20:00:00	151.725	151.85	151.663	151.849	1643	0	20
2025.10.14	20:20:00	151.849	151.858	151.765	151.802	1111	0	20
2025.10.14	20:40:00	151.799	151.805	151.697	151.719	1238	0	20
2025.10.14	21:00:00	151.72	151.775	151.688	151.767	1480	0	20
2025.10.14	21:20:00	151.767	151.78	151.725	151.743	1385	0	20
2025.10.14	21:40:00	151.744	151.791	151.728	151.752	1542	0	20
2025.10.14	22:00:00	151.751	151.765	151.698	151.749	1209	0	20
2025.10.14	22:20:00	151.748	151.749	151.594	151.665	2103	0	20
2025.10.14	22:40:00	151.666	151.711	151.593	151.676	2309	0	20
2025.10.14	23:00:00	151.677	151.752	151.677	151.751	863	0	20
2025.10.14	23:20:00	151.749	151.812	151.738	151.799	377	0	20
2025.10.14	23:40:00	151.8	151.818	151.78	151.818	555	0	20
2025.10.15	00:00:00	151.714	151.728	151.647	151.668	39	0	117
2025.10.15	00:20:00	151.682	151.741	151.658	151.725	118	0	92
2025.10.15	00:40:00	151.726	151.728	151.671	151.688	81	0	89
2025.10.15	01:00:00	151.688	151.861	151.684	151.759	573	0	20
2025.10.15	01:20:00	151.76	151.79	151.732	151.748	781	0	20
2025.10.15	01:40:00	151.747	151.82	151.735	151.796	690	0	23
2025.10.15	02:00:00	151.795	151.84	151.731	151.781	668	0	20
2025.10.15	02:20:00	151.782	151.789	151.734	151.765	632	0	20
2025.10.15	02:40:00	151.765	151.773	151.683	151.692	1019	0	20
2025.10.15	03:00:00	151.698	151.825	151.621	151.745	2264	0	20
2025.10.15	03:20:00	151.744	151.745	151.594	151.636	1628	0	20
2025.10.15	03:40:00	151.636	151.636	151.485	151.553	2652	0	20
2025.10.15	04:00:00	151.544	151.594	151.317	151.334	2292	0	20
2025.10.15	04:20:00	151.334	151.422	151.311	151.42	1478	0	20
2025.10.15	04:40:00	151.419	151.443	151.289	151.292	1339	0	20
2025.10.15	05:00:00	151.292	151.304	151.094	151.176	1773	0	20
2025.10.15	05:20:00	151.177	151.228	151.039	151.05	1709	0	20
2025.10.15	05:40:00	151.049	151.083	151.022	151.047	1276	0	20
2025.10.15	06:00:00	151.046	151.099	150.993	151.079	949	0	20
2025.10.15	06:20:00	151.08	151.136	151.047	151.129	856	0	20
2025.10.15	06:40:00	151.128	151.156	151.085	151.127	598	0	20
2025.10.15	07:00:00	151.127	151.149	151.079	151.146	616	0	20
2025.10.15	07:20:00	151.148	151.236	151.142	151.224	727	0	20
2025.10.15	07:40:00	151.229	151.24	151.175	151.236	519	0	20
2025.10.15	08:00:00	151.243	151.26	151.222	151.228	718	0	20
2025.10.15	08:20:00	151.232	151.232	151.1	151.171	875	0	20
2025.10.15	08:40:00	151.171	151.238	151.133	151.192	1149	0	20
2025.10.15	09:00:00	151.192	151.195	150.888	150.952	2296	0	20
2025.10.15	09:20:00	150.954	151.07	150.951	151.047	1589	0	20
2025.10.15	09:40:00	151.045	151.092	150.959	151.026	1667	0	20
2025.10.15	10:00:00	151.028	151.211	150.973	151.198	2250	0	20
2025.10.15	10:20:00	151.2	151.285	151.17	151.213	1524	0	20
2025.10.15	10:40:00	151.213	151.239	151.085	151.234	1721	0	20
2025.10.15	11:00:00	151.235	151.363	151.175	151.333	2455	0	20
2025.10.15	11:20:00	151.334	151.387	151.141	151.177	1970	0	20
2025.10.15	11:40:00	151.176	151.234	151.114	151.208	1944	0	20
2025.10.15	12:00:00	151.208	151.353	151.208	151.34	1896	0	20
2025.10.15	12:20:00	151.34	151.398	151.327	151.374	2319	0	20
2025.10.15	12:40:00	151.373	151.423	151.317	151.334	1859	0	20
2025.10.15	13:00:00	151.335	151.484	151.328	151.43	1936	0	20
2025.10.15	13:20:00	151.43	151.473	151.404	151.416	1248	0	20
2025.10.15	13:40:00	151.413	151.416	151.335	151.355	985	0	20
2025.10.15	14:00:00	151.355	151.392	151.309	151.344	1091	0	20
2025.10.15	14:20:00	151.342	151.418	151.328	151.372	1095	0	20
2025.10.15	14:40:00	151.372	151.5	151.372	151.486	1631	0	20
2025.10.15	15:00:00	151.486	151.676	151.445	151.634	2290	0	20
2025.10.15	15:20:00	151.641	151.665	151.514	151.591	3395	0	20
2025.10.15	15:40:00	151.591	151.656	151.512	151.625	3127	0	20
2025.10.15	16:00:00	151.626	151.727	151.6	151.668	2573	0	20
2025.10.15	16:20:00	151.667	151.694	151.509	151.538	3299	0	20
2025.10.15	16:40:00	151.538	151.56	151.387	151.393	3532	0	20
2025.10.15	17:00:00	151.391	151.5	151.34	151.396	2456	0	20
2025.10.15	17:20:00	151.396	151.431	151.305	151.42	1569	0	20
2025.10.15	17:40:00	151.421	151.444	151.311	151.39	1626	0	20
2025.10.15	18:00:00	151.391	151.45	151.216	151.216	2042	0	20
2025.10.15	18:20:00	151.215	151.243	151.124	151.128	2212	0	20
2025.10.15	18:40:00	151.129	151.26	151.028	151.21	2811	0	20
2025.10.15	19:00:00	151.208	151.311	151.181	151.185	2525	0	20
2025.10.15	19:20:00	151.186	151.266	151.181	151.226	1891	0	20
2025.10.15	19:40:00	151.227	151.248	151.165	151.181	1501	0	20
2025.10.15	20:00:00	151.182	151.225	151.055	151.194	2662	0	20
2025.10.15	20:20:00	151.193	151.309	151.159	151.298	2040	0	20
2025.10.15	20:40:00	151.297	151.332	151.262	151.322	1324	0	20
2025.10.15	21:00:00	151.321	151.38	151.275	151.304	1720	0	20
2025.10.15	21:20:00	151.304	151.331	151.207	151.283	2009	0	20
2025.10.15	21:40:00	151.282	151.351	151.28	151.323	1401	0	20
2025.10.15	22:00:00	151.323	151.333	151.235	151.253	922	0	20
2025.10.15	22:20:00	151.254	151.276	151.227	151.241	767	0	20
2025.10.15	22:40:00	151.241	151.269	151.222	151.246	1093	0	20
2025.10.15	23:00:00	151.244	151.264	151.177	151.245	827	0	20
2025.10.15	23:20:00	151.243	151.243	151.102	151.103	727	0	20
2025.10.15	23:40:00	151.102	151.16	151.03	151.038	1141	0	20
2025.10.16	00:00:00	151.02	151.111	151.008	151.111	107	0	44
2025.10.16	00:20:00	151.095	151.122	151.02	151.056	57	0	51
2025.10.16	00:40:00	151.056	151.059	150.999	151.029	119	0	52
2025.10.16	01:00:00	151.078	151.078	151.0	151.044	444	0	20
2025.10.16	01:20:00	151.045	151.076	150.924	150.936	650	0	20
2025.10.16	01:40:00	150.936	150.946	150.74	150.905	1100	0	20
2025.10.16	02:00:00	150.905	150.985	150.87	150.954	774	0	20
2025.10.16	02:20:00	150.941	151.027	150.938	150.995	663	0	22
2025.10.16	02:40:00	150.994	151.009	150.899	150.978	1435	0	20
2025.10.16	03:00:00	150.977	151.081	150.693	150.716	2811	0	20
2025.10.16	03:20:00	150.717	150.717	150.501	150.539	2707	0	20
2025.10.16	03:40:00	150.541	150.705	150.534	150.696	2542	0	20
2025.10.16	04:00:00	150.698	150.756	150.632	150.711	2105	0	20
2025.10.16	04:20:00	150.711	150.716	150.554	150.556	2280	0	20
2025.10.16	04:40:00	150.558	150.657	150.502	150.587	1591	0	20
2025.10.16	05:00:00	150.586	150.686	150.557	150.65	1321	0	20
2025.10.16	05:20:00	150.649	150.735	150.644	150.696	1219	0	20
2025.10.16	05:40:00	150.695	150.768	150.685	150.763	1192	0	20
2025.10.16	06:00:00	150.764	150.834	150.718	150.73	1230	0	20
2025.10.16	06:20:00	150.729	150.875	150.726	150.87	1164	0	20
2025.10.16	06:40:00	150.871	150.876	150.819	150.86	934	0	20
2025.10.16	07:00:00	150.861	150.932	150.853	150.907	553	0	20
2025.10.16	07:20:00	150.906	150.957	150.889	150.956	386	0	20
2025.10.16	07:40:00	150.956	151.102	150.93	151.029	905	0	20
2025.10.16	08:00:00	151.029	151.141	151.007	151.105	1363	0	20
2025.10.16	08:20:00	151.105	151.181	151.077	151.122	2010	0	20
2025.10.16	08:40:00	151.122	151.145	151.029	151.046	1652	0	20
2025.10.16	09:00:00	151.047	151.111	150.994	150.998	2701	0	20
2025.10.16	09:20:00	151.005	151.213	150.951	151.166	2448	0	20
2025.10.16	09:40:00	151.168	151.26	151.163	151.19	1787	0	20
2025.10.16	10:00:00	151.192	151.22	151.04	151.05	2507	0	20
2025.10.16	10:20:00	151.054	151.117	151.017	151.034	1541	0	20
2025.10.16	10:40:00	151.034	151.372	150.931	151.232	2478	0	20
2025.10.16	11:00:00	151.233	151.277	151.084	151.153	2014	0	20
2025.10.16	11:20:00	151.153	151.168	151.049	151.158	1619	0	20
2025.10.16	11:40:00	151.167	151.245	151.124	151.232	1083	0	20
2025.10.16	12:00:00	151.231	151.32	151.231	151.305	1143	0	20
2025.10.16	12:20:00	151.305	151.388	151.279	151.302	1398	0	20
2025.10.16	12:40:00	151.301	151.309	151.234	151.28	1589	0	20
2025.10.16	13:00:00	151.28	151.29	151.223	151.231	1162	0	20
2025.10.16	13:20:00	151.226	151.24	151.17	151.22	1445	0	20
2025.10.16	13:40:00	151.221	151.236	151.152	151.168	1459	0	20
2025.10.16	14:00:00	151.167	151.26	151.15	151.252	1645	0	20
2025.10.16	14:20:00	151.253	151.364	151.238	151.295	1544	0	20
2025.10.16	14:40:00	151.294	151.297	151.202	151.231	2027	0	20
2025.10.16	15:00:00	151.23	151.272	151.122	151.182	1738	0	20
2025.10.16	15:20:00	151.182	151.194	151.022	151.107	2218	0	20
2025.10.16	15:40:00	151.108	151.21	151.056	151.088	2698	0	20
2025.10.16	16:00:00	151.086	151.276	151.055	151.119	3277	0	20
2025.10.16	16:20:00	151.118	151.231	151.099	151.112	3257	0	20
2025.10.16	16:40:00	151.113	151.132	151.007	151.09	2483	0	20
2025.10.16	17:00:00	151.089	151.112	150.863	150.899	3118	0	20
2025.10.16	17:20:00	150.899	150.946	150.818	150.861	2883	0	20
2025.10.16	17:40:00	150.86	150.89	150.744	150.763	2783	0	20
2025.10.16	18:00:00	150.765	150.857	150.758	150.83	2348	0	20
2025.10.16	18:20:00	150.83	150.853	150.727	150.795	1740	0	20
2025.10.16	18:40:00	150.796	150.801	150.712	150.744	2084	0	20
2025.10.16	19:00:00	150.743	150.783	150.647	150.648	1886	0	20
2025.10.16	19:20:00	150.648	150.668	150.313	150.391	3562	0	20
2025.10.16	19:40:00	150.395	150.459	150.224	150.388	5077	0	20
2025.10.16	20:00:00	150.389	150.461	150.264	150.428	4344	0	20
2025.10.16	20:20:00	150.428	150.428	150.301	150.355	3477	0	20
2025.10.16	20:40:00	150.355	150.373	150.243	150.323	3407	0	20
2025.10.16	21:00:00	150.324	150.364	150.21	150.253	3547	0	20
2025.10.16	21:20:00	150.254	150.412	150.249	150.348	3065	0	20
2025.10.16	21:40:00	150.349	150.411	150.282	150.325	2309	0	20
2025.10.16	22:00:00	150.325	150.391	150.289	150.306	1929	0	20
2025.10.16	22:20:00	150.306	150.357	150.202	150.328	1862	0	20
2025.10.16	22:40:00	150.332	150.418	150.321	150.386	1842	0	20
2025.10.16	23:00:00	150.387	150.425	150.334	150.371	743	0	20
2025.10.16	23:20:00	150.371	150.419	150.338	150.403	475	0	20
2025.10.16	23:40:00	150.403	150.439	150.382	150.408	798	0	20
2025.10.17	00:00:00	150.344	150.376	150.318	150.374	42	0	87
2025.10.17	00:20:00	150.374	150.374	150.356	150.365	63	0	80
2025.10.17	00:40:00	150.365	150.422	150.331	150.355	153	0	53
2025.10.17	01:00:00	150.354	150.421	150.246	150.248	865	0	20
2025.10.17	01:20:00	150.249	150.336	150.248	150.305	1240	0	20
2025.10.17	01:40:00	150.304	150.313	150.232	150.249	1154	0	20
2025.10.17	02:00:00	150.247	150.281	150.175	150.176	1135	0	20
2025.10.17	02:20:00	150.176	150.185	150.059	150.065	990	0	20
2025.10.17	02:40:00	150.065	150.145	150.042	150.138	1588	0	20
2025.10.17	03:00:00	150.137	150.218	150.034	150.08	2763	0	20
2025.10.17	03:20:00	150.081	150.202	150.057	150.105	2212	0	20
2025.10.17	03:40:00	150.107	150.221	150.037	150.219	2139	0	20
2025.10.17	04:00:00	150.219	150.324	150.163	150.314	2524	0	20
2025.10.17	04:20:00	150.314	150.351	150.228	150.3	1843	0	20
2025.10.17	04:40:00	150.301	150.351	150.274	150.304	2482	0	20
2025.10.17	05:00:00	150.304	150.379	150.22	150.238	2000	0	20
2025.10.17	05:20:00	150.237	150.243	150.049	150.071	1405	0	20
2025.10.17	05:40:00	150.071	150.22	150.069	150.172	1016	0	20
2025.10.17	06:00:00	150.171	150.171	150.057	150.093	815	0	20
2025.10.17	06:20:00	150.092	150.124	149.99	149.998	1189	0	20
2025.10.17	06:40:00	149.999	150.022	149.883	150.002	1954	0	20
2025.10.17	07:00:00	150.004	150.125	149.969	150.071	1173	0	20
2025.10.17	07:20:00	150.072	150.129	150.06	150.077	912	0	20
2025.10.17	07:40:00	150.076	150.094	149.929	149.953	1079	0	20
2025.10.17	08:00:00	149.953	149.962	149.849	149.851	1479	0	20
2025.10.17	08:20:00	149.851	149.932	149.81	149.814	1167	0	20
2025.10.17	08:40:00	149.816	149.843	149.726	149.739	1523	0	20
2025.10.17	09:00:00	149.735	149.898	149.702	149.782	2064	0	20
2025.10.17	09:20:00	149.786	149.967	149.744	149.9	2808	0	20
2025.10.17	09:40:00	149.901	149.913	149.616	149.62	2823	0	20
2025.10.17	10:00:00	149.621	149.685	149.417	149.425	4301	0	20
2025.10.17	10:20:00	149.426	149.722	149.367	149.634	5232	0	20
2025.10.17	10:40:00	149.635	149.773	149.6	149.691	4007	0	20
2025.10.17	11:00:00	149.692	149.77	149.573	149.657	3595	0	20
2025.10.17	11:20:00	149.657	149.905	149.649	149.811	2599	0	20
2025.10.17	11:40:00	149.813	149.843	149.66	149.77	2395	0	20
2025.10.17	12:00:00	149.765	149.826	149.71	149.719	2008	0	20
2025.10.17	12:20:00	149.718	149.893	149.704	149.817	2149	0	20
2025.10.17	12:40:00	149.818	149.828	149.594	149.661	2073	0	20
2025.10.17	13:00:00	149.661	149.813	149.659	149.724	3397	0	20
2025.10.17	13:20:00	149.723	149.832	149.661	149.819	2542	0	20
2025.10.17	13:40:00	149.823	149.951	149.761	149.919	2349	0	20
2025.10.17	14:00:00	149.92	150.287	149.86	150.138	4659	0	20
2025.10.17	14:20:00	150.135	150.321	150.129	150.211	3223	0	20
2025.10.17	14:40:00	150.209	150.27	150.112	150.224	2976	0	20
2025.10.17	15:00:00	150.225	150.506	150.218	150.487	4302	0	20
2025.10.17	15:20:00	150.484	150.532	150.383	150.496	4116	0	20
2025.10.17	15:40:00	150.496	150.512	150.364	150.374	3022	0	20
2025.10.17	16:00:00	150.374	150.437	150.276	150.279	3039	0	20
2025.10.17	16:20:00	150.281	150.395	150.182	150.304	4151	0	20
2025.10.17	16:40:00	150.3	150.431	150.15	150.349	4491	0	20
2025.10.17	17:00:00	150.347	150.577	150.337	150.508	5257	0	20
2025.10.17	17:20:00	150.508	150.581	150.451	150.453	3668	0	20
2025.10.17	17:40:00	150.451	150.549	150.389	150.415	4180	0	20
2025.10.17	18:00:00	150.415	150.443	150.288	150.304	2717	0	20
2025.10.17	18:20:00	150.304	150.334	150.195	150.254	2397	0	20
2025.10.17	18:40:00	150.253	150.365	150.24	150.329	2172	0	20
2025.10.17	19:00:00	150.329	150.491	150.329	150.352	1916	0	20
2025.10.17	19:20:00	150.351	150.438	150.34	150.36	1961	0	20
2025.10.17	19:40:00	150.358	150.433	150.328	150.398	2571	0	20
2025.10.17	20:00:00	150.398	150.444	150.36	150.367	1692	0	20
2025.10.17	20:20:00	150.368	150.415	150.355	150.396	1457	0	20
2025.10.17	20:40:00	150.395	150.48	150.356	150.476	1914	0	20
2025.10.17	21:00:00	150.475	150.512	150.436	150.437	1548	0	20
2025.10.17	21:20:00	150.437	150.481	150.398	150.455	1389	0	20
2025.10.17	21:40:00	150.455	150.524	150.444	150.488	1429	0	20
2025.10.17	22:00:00	150.488	150.489	150.443	150.476	1136	0	20
2025.10.17	22:20:00	150.476	150.489	150.456	150.479	1089	0	20
2025.10.17	22:40:00	150.479	150.51	150.46	150.47	891	0	20
2025.10.17	23:00:00	150.472	150.549	150.463	150.545	816	0	20
2025.10.17	23:20:00	150.544	150.586	150.531	150.58	501	0	20
2025.10.17	23:40:00	150.582	150.627	150.518	150.615	1205	0	21
2025.10.20	00:00:00	150.364	150.463	150.357	150.37	44	0	50
2025.10.20	00:20:00	150.37	150.418	150.318	150.341	97	0	95
2025.10.20	00:40:00	150.344	150.425	150.317	150.384	260	0	103
2025.10.20	01:00:00	150.386	150.835	150.376	150.813	1231	0	20
2025.10.20	01:20:00	150.815	150.896	150.729	150.729	1189	0	20
2025.10.20	01:40:00	150.728	150.834	150.725	150.813	573	0	20
2025.10.20	02:00:00	150.828	150.955	150.809	150.933	1369	0	20
2025.10.20	02:20:00	150.933	150.935	150.817	150.838	791	0	20
2025.10.20	02:40:00	150.839	150.928	150.805	150.908	963	0	20
2025.10.20	03:00:00	150.907	150.964	150.805	150.871	2490	0	20
2025.10.20	03:20:00	150.87	150.89	150.754	150.841	1703	0	20
2025.10.20	03:40:00	150.84	150.968	150.76	150.899	2159	0	20
2025.10.20	04:00:00	150.898	151.124	150.855	151.123	2065	0	20
2025.10.20	04:20:00	151.124	151.19	151.03	151.084	1580	0	20
2025.10.20	04:40:00	151.085	151.085	150.89	150.959	1164	0	20
2025.10.20	05:00:00	150.954	150.987	150.825	150.848	1131	0	20
2025.10.20	05:20:00	150.847	150.856	150.799	150.828	1093	0	20
2025.10.20	05:40:00	150.827	150.883	150.825	150.854	1063	0	20
2025.10.20	06:00:00	150.853	150.876	150.814	150.814	735	0	20
2025.10.20	06:20:00	150.814	150.838	150.776	150.779	667	0	20
2025.10.20	06:40:00	150.778	150.837	150.642	150.713	1331	0	20
2025.10.20	07:00:00	150.712	150.759	150.645	150.666	1013	0	20
2025.10.20	07:20:00	150.664	150.676	150.524	150.537	767	0	20
2025.10.20	07:40:00	150.538	150.641	150.503	150.588	1069	0	20
2025.10.20	08:00:00	150.588	150.618	150.544	150.589	1277	0	20
2025.10.20	08:20:00	150.589	150.605	150.487	150.576	1512	0	20
2025.10.20	08:40:00	150.575	150.678	150.56	150.638	1471	0	20
2025.10.20	09:00:00	150.637	150.704	150.577	150.701	1593	0	20
2025.10.20	09:20:00	150.703	150.733	150.541	150.576	2244	0	20
2025.10.20	09:40:00	150.577	150.73	150.538	150.675	1816	0	20
2025.10.20	10:00:00	150.677	150.818	150.641	150.797	2665	0	20
2025.10.20	10:20:00	150.797	150.82	150.708	150.759	1921	0	20
2025.10.20	10:40:00	150.758	150.807	150.721	150.734	1888	0	20
2025.10.20	11:00:00	150.733	150.78	150.658	150.755	2109	0	20
2025.10.20	11:20:00	150.754	150.785	150.724	150.763	1806	0	20
2025.10.20	11:40:00	150.763	150.783	150.564	150.573	2454	0	20
2025.10.20	12:00:00	150.57	150.571	150.263	150.466	2790	0	20
2025.10.20	12:20:00	150.463	150.539	150.436	150.515	1773	0	20
2025.10.20	12:40:00	150.516	150.76	150.513	150.722	1562	0	20
2025.10.20	13:00:00	150.724	150.825	150.718	150.755	2112	0	20
2025.10.20	13:20:00	150.756	150.794	150.723	150.757	1309	0	20
2025.10.20	13:40:00	150.757	150.764	150.665	150.704	1168	0	20
2025.10.20	14:00:00	150.703	150.775	150.664	150.731	922	0	20
2025.10.20	14:20:00	150.734	150.822	150.715	150.744	866	0	20
2025.10.20	14:40:00	150.744	150.846	150.689	150.691	1006	0	20
2025.10.20	15:00:00	150.693	150.765	150.638	150.685	1881	0	20
2025.10.20	15:20:00	150.684	150.695	150.596	150.657	1618	0	20
2025.10.20	15:40:00	150.657	150.679	150.61	150.663	1916	0	20
2025.10.20	16:00:00	150.663	150.682	150.603	150.663	1512	0	20
2025.10.20	16:20:00	150.664	150.841	150.64	150.781	2064	0	20
2025.10.20	16:40:00	150.786	150.817	150.743	150.756	2190	0	20
2025.10.20	17:00:00	150.757	150.801	150.568	150.585	2127	0	20
2025.10.20	17:20:00	150.584	150.595	150.399	150.449	1919	0	20
2025.10.20	17:40:00	150.445	150.615	150.415	150.583	2242	0	20
2025.10.20	18:00:00	150.582	150.614	150.474	150.486	1580	0	20
2025.10.20	18:20:00	150.482	150.571	150.482	150.559	1168	0	20
2025.10.20	18:40:00	150.56	150.594	150.498	150.579	1564	0	20
2025.10.20	19:00:00	150.58	150.611	150.518	150.573	1233	0	20
2025.10.20	19:20:00	150.574	150.637	150.555	150.605	1058	0	20
2025.10.20	19:40:00	150.604	150.683	150.603	150.664	707	0	20
2025.10.20	20:00:00	150.67	150.74	150.657	150.729	774	0	20
2025.10.20	20:20:00	150.729	150.785	150.712	150.76	588	0	20
2025.10.20	20:40:00	150.761	150.784	150.753	150.769	690	0	20
2025.10.20	21:00:00	150.768	150.816	150.744	150.794	887	0	20
2025.10.20	21:20:00	150.794	150.798	150.718	150.73	561	0	20
2025.10.20	21:40:00	150.729	150.752	150.654	150.68	646	0	20
2025.10.20	22:00:00	150.681	150.682	150.617	150.665	789	0	20
2025.10.20	22:20:00	150.666	150.711	150.664	150.703	479	0	20
2025.10.20	22:40:00	150.703	150.72	150.681	150.686	615	0	20
2025.10.20	23:00:00	150.685	150.753	150.673	150.747	395	0	21
2025.10.20	23:20:00	150.747	150.747	150.679	150.706	270	0	20
2025.10.20	23:40:00	150.707	150.746	150.703	150.727	675	0	21
2025.10.21	00:00:00	150.61	150.637	150.588	150.627	53	0	148
2025.10.21	00:20:00	150.627	150.678	150.626	150.676	130	0	54
2025.10.21	00:40:00	150.678	150.678	150.637	150.638	76	0	54
2025.10.21	01:00:00	150.638	150.723	150.638	150.722	398	0	20
2025.10.21	01:20:00	150.722	150.751	150.691	150.72	625	0	21
2025.10.21	01:40:00	150.719	150.753	150.7	150.719	486	0	22
2025.10.21	02:00:00	150.718	150.781	150.707	150.71	801	0	20
2025.10.21	02:20:00	150.709	150.787	150.706	150.769	700	0	20
2025.10.21	02:40:00	150.768	150.812	150.721	150.811	746	0	20
2025.10.21	03:00:00	150.811	150.84	150.493	150.59	2445	0	20
2025.10.21	03:20:00	150.594	150.706	150.583	150.626	1938	0	20
2025.10.21	03:40:00	150.628	150.65	150.459	150.645	2050	0	20
2025.10.21	04:00:00	150.644	150.688	150.516	150.605	1878	0	20
2025.10.21	04:20:00	150.602	150.786	150.593	150.779	1499	0	20
2025.10.21	04:40:00	150.777	150.985	150.755	150.969	2031	0	20
2025.10.21	05:00:00	150.97	151.103	150.952	151.03	1446	0	20
2025.10.21	05:20:00	151.031	151.089	150.966	151.056	1272	0	20
2025.10.21	05:40:00	151.055	151.135	151.035	151.112	1336	0	20
2025.10.21	06:00:00	151.112	151.121	151.067	151.091	731	0	20
2025.10.21	06:20:00	151.089	151.139	151.065	151.065	925	0	20
2025.10.21	06:40:00	151.066	151.085	150.993	151.036	916	0	20
2025.10.21	07:00:00	151.036	151.067	151.018	151.043	907	0	20
2025.10.21	07:20:00	151.043	151.226	151.028	151.098	1010	0	20
2025.10.21	07:40:00	151.098	151.228	150.873	151.064	3343	0	20
2025.10.21	08:00:00	151.065	151.431	150.85	151.374	4080	0	20
2025.10.21	08:20:00	151.373	151.488	151.295	151.471	2065	0	20
2025.10.21	08:40:00	151.469	151.511	151.378	151.503	2773	0	20
2025.10.21	09:00:00	151.503	151.594	151.478	151.585	2315	0	20
2025.10.21	09:20:00	151.586	151.596	151.32	151.347	2197	0	20
2025.10.21	09:40:00	151.348	151.389	151.213	151.249	1995	0	20
2025.10.21	10:00:00	151.252	151.252	151.113	151.147	2701	0	20
2025.10.21	10:20:00	151.149	151.191	151.06	151.133	1901	0	20
2025.10.21	10:40:00	151.133	151.162	151.054	151.142	2270	0	20
2025.10.21	11:00:00	151.148	151.26	151.052	151.204	3451	0	20
2025.10.21	11:20:00	151.204	151.465	151.153	151.463	2321	0	20
2025.10.21	11:40:00	151.462	151.668	151.459	151.599	2566	0	20
2025.10.21	12:00:00	151.597	151.753	151.585	151.715	1937	0	20
2025.10.21	12:20:00	151.714	151.77	151.61	151.749	2037	0	20
2025.10.21	12:40:00	151.748	151.792	151.708	151.785	1732	0	20
2025.10.21	13:00:00	151.787	151.934	151.728	151.917	1816	0	20
2025.10.21	13:20:00	151.918	151.961	151.861	151.941	1544	0	20
2025.10.21	13:40:00	151.942	152.038	151.873	151.914	2078	0	20
2025.10.21	14:00:00	151.915	151.917	151.799	151.916	1720	0	20
2025.10.21	14:20:00	151.922	151.937	151.824	151.898	1365	0	20
2025.10.21	14:40:00	151.898	151.998	151.867	151.939	1279	0	20
2025.10.21	15:00:00	151.938	152.051	151.881	152.031	2775	0	20
2025.10.21	15:20:00	152.031	152.139	151.986	152.11	2203	0	20
2025.10.21	15:40:00	152.11	152.166	152.013	152.018	2263	0	20
2025.10.21	16:00:00	152.019	152.079	151.657	151.822	4313	0	20
2025.10.21	16:20:00	151.822	151.885	151.675	151.719	3402	0	20
2025.10.21	16:40:00	151.718	151.843	151.584	151.587	3389	0	20
2025.10.21	17:00:00	151.587	151.654	151.446	151.653	2566	0	20
2025.10.21	17:20:00	151.652	151.748	151.562	151.733	2620	0	20
2025.10.21	17:40:00	151.733	151.873	151.721	151.859	2864	0	20
2025.10.21	18:00:00	151.86	151.867	151.698	151.725	2131	0	20
2025.10.21	18:20:00	151.725	151.803	151.672	151.775	1618	0	20
2025.10.21	18:40:00	151.776	151.818	151.714	151.717	1138	0	20
2025.10.21	19:00:00	151.717	151.849	151.645	151.806	1885	0	20
2025.10.21	19:20:00	151.807	151.902	151.791	151.899	1189	0	20
2025.10.21	19:40:00	151.899	151.942	151.823	151.845	1534	0	20
2025.10.21	20:00:00	151.845	151.932	151.806	151.892	1499	0	20
2025.10.21	20:20:00	151.894	151.962	151.882	151.916	1092	0	20
2025.10.21	20:40:00	151.916	151.937	151.896	151.914	804	0	20
2025.10.21	21:00:00	151.912	151.915	151.866	151.907	841	0	20
2025.10.21	21:20:00	151.909	151.916	151.869	151.883	740	0	20
2025.10.21	21:40:00	151.882	151.917	151.873	151.903	625	0	20
2025.10.21	22:00:00	151.903	151.939	151.881	151.926	790	0	20
2025.10.21	22:20:00	151.925	151.961	151.904	151.904	604	0	20
2025.10.21	22:40:00	151.903	151.937	151.893	151.906	612	0	20
2025.10.21	23:00:00	151.906	151.937	151.866	151.88	377	0	20
2025.10.21	23:20:00	151.887	151.918	151.859	151.865	265	0	21
2025.10.21	23:40:00	151.866	151.92	151.863	151.915	496	0	23
2025.10.22	00:00:00	151.853	151.887	151.852	151.852	36	0	31
2025.10.22	00:20:00	151.852	151.886	151.852	151.865	55	0	53
2025.10.22	00:40:00	151.865	151.87	151.857	151.864	33	0	61
2025.10.22	01:00:00	151.861	151.887	151.849	151.861	466	0	22
2025.10.22	01:20:00	151.862	151.874	151.854	151.869	475	0	26
2025.10.22	01:40:00	151.87	151.933	151.866	151.922	367	0	20
2025.10.22	02:00:00	151.923	151.945	151.898	151.935	482	0	20
2025.10.22	02:20:00	151.934	151.949	151.913	151.923	302	0	20
2025.10.22	02:40:00	151.924	151.936	151.85	151.866	740	0	20
2025.10.22	03:00:00	151.866	151.867	151.637	151.653	2684	0	20
2025.10.22	03:20:00	151.655	151.693	151.593	151.652	1856	0	20
2025.10.22	03:40:00	151.652	151.696	151.618	151.618	1804	0	20
2025.10.22	04:00:00	151.61	151.646	151.478	151.618	1979	0	20
2025.10.22	04:20:00	151.617	151.713	151.617	151.674	1486	0	20
2025.10.22	04:40:00	151.677	151.74	151.662	151.733	1084	0	20
2025.10.22	05:00:00	151.732	151.748	151.686	151.699	693	0	20
2025.10.22	05:20:00	151.696	151.697	151.582	151.609	893	0	20
2025.10.22	05:40:00	151.609	151.648	151.601	151.621	512	0	20
2025.10.22	06:00:00	151.621	151.703	151.617	151.691	508	0	20
2025.10.22	06:20:00	151.691	151.751	151.69	151.701	587	0	20
2025.10.22	06:40:00	151.702	151.809	151.69	151.785	600	0	20
2025.10.22	07:00:00	151.784	151.864	151.767	151.829	954	0	20
2025.10.22	07:20:00	151.83	151.853	151.759	151.796	592	0	20
2025.10.22	07:40:00	151.793	151.814	151.745	151.749	552	0	20
2025.10.22	08:00:00	151.748	151.777	151.716	151.719	699	0	20
2025.10.22	08:20:00	151.719	151.773	151.719	151.756	595	0	20
2025.10.22	08:40:00	151.757	151.862	151.751	151.85	623	0	20
2025.10.22	09:00:00	151.848	151.941	151.839	151.895	1919	0	20
2025.10.22	09:20:00	151.896	151.911	151.693	151.762	2516	0	20
2025.10.22	09:40:00	151.764	151.79	151.685	151.726	1838	0	20
2025.10.22	10:00:00	151.726	151.839	151.609	151.83	2782	0	20
2025.10.22	10:20:00	151.83	151.847	151.747	151.748	2321	0	20
2025.10.22	10:40:00	151.747	151.822	151.708	151.816	1383	0	20
2025.10.22	11:00:00	151.818	151.899	151.713	151.78	2787	0	20
2025.10.22	11:20:00	151.781	151.79	151.653	151.736	2269	0	20
2025.10.22	11:40:00	151.736	151.749	151.619	151.678	2071	0	20
2025.10.22	12:00:00	151.679	151.726	151.642	151.715	1769	0	20
2025.10.22	12:20:00	151.715	151.77	151.711	151.752	1641	0	20
2025.10.22	12:40:00	151.752	151.816	151.726	151.805	1241	0	20
2025.10.22	13:00:00	151.809	151.811	151.706	151.789	1163	0	20
2025.10.22	13:20:00	151.789	151.823	151.736	151.754	1775	0	20
2025.10.22	13:40:00	151.755	151.813	151.746	151.807	1702	0	20
2025.10.22	14:00:00	151.806	151.836	151.733	151.758	1552	0	20
2025.10.22	14:20:00	151.758	151.882	151.729	151.746	1749	0	20
2025.10.22	14:40:00	151.746	151.782	151.715	151.776	1806	0	20
2025.10.22	15:00:00	151.777	151.835	151.745	151.777	2867	0	20
2025.10.22	15:20:00	151.775	151.856	151.763	151.855	2436	0	20
2025.10.22	15:40:00	151.855	151.958	151.839	151.917	2329	0	20
2025.10.22	16:00:00	151.918	152.005	151.866	151.924	2369	0	20
2025.10.22	16:20:00	151.924	152.035	151.864	151.885	2308	0	20
2025.10.22	16:40:00	151.886	151.989	151.859	151.959	2523	0	20
2025.10.22	17:00:00	151.96	151.977	151.853	151.924	2212	0	20
2025.10.22	17:20:00	151.92	151.959	151.851	151.951	2356	0	20
2025.10.22	17:40:00	151.951	152.0	151.859	151.875	2711	0	20
2025.10.22	18:00:00	151.876	151.901	151.775	151.802	2303	0	20
2025.10.22	18:20:00	151.802	151.815	151.741	151.766	2014	0	20
2025.10.22	18:40:00	151.767	151.861	151.755	151.78	1730	0	20
2025.10.22	19:00:00	151.778	151.834	151.742	151.805	1109	0	20
2025.10.22	19:20:00	151.804	151.806	151.494	151.698	3056	0	20
2025.10.22	19:40:00	151.697	151.776	151.671	151.753	2892	0	20
2025.10.22	20:00:00	151.752	151.801	151.649	151.652	2394	0	20
2025.10.22	20:20:00	151.653	151.687	151.599	151.606	1390	0	20
2025.10.22	20:40:00	151.606	151.683	151.594	151.635	1146	0	20
2025.10.22	21:00:00	151.634	151.721	151.633	151.709	1006	0	20
2025.10.22	21:20:00	151.709	151.815	151.709	151.8	1108	0	20
2025.10.22	21:40:00	151.801	151.881	151.798	151.869	1102	0	20
2025.10.22	22:00:00	151.87	151.906	151.842	151.903	1101	0	20
2025.10.22	22:20:00	151.903	151.973	151.896	151.961	779	0	20
2025.10.22	22:40:00	151.961	151.996	151.949	151.97	989	0	20
2025.10.22	23:00:00	151.969	152.001	151.925	151.94	564	0	20
2025.10.22	23:20:00	151.939	151.965	151.912	151.914	496	0	21
2025.10.22	23:40:00	151.914	151.961	151.902	151.94	564	0	21
2025.10.23	00:00:00	151.893	151.924	151.863	151.902	46	0	57
2025.10.23	00:20:00	151.901	151.904	151.886	151.887	42	0	63
2025.10.23	00:40:00	151.886	151.892	151.876	151.88	64	0	47
2025.10.23	01:00:00	151.88	151.901	151.815	151.818	780	0	22
2025.10.23	01:20:00	151.819	151.883	151.809	151.881	688	0	20
2025.10.23	01:40:00	151.881	151.916	151.869	151.892	555	0	20
2025.10.23	02:00:00	151.892	151.951	151.888	151.925	696	0	20
2025.10.23	02:20:00	151.924	151.954	151.907	151.922	879	0	20
2025.10.23	02:40:00	151.921	151.985	151.918	151.975	1270	0	20
2025.10.23	03:00:00	151.974	152.231	151.961	152.212	2245	0	20
2025.10.23	03:20:00	152.212	152.251	152.18	152.221	1798	0	20
2025.10.23	03:40:00	152.221	152.224	152.141	152.141	1495	0	20
2025.10.23	04:00:00	152.141	152.376	152.105	152.363	1567	0	20
2025.10.23	04:20:00	152.363	152.443	152.335	152.427	1527	0	20
2025.10.23	04:40:00	152.425	152.426	152.327	152.405	1139	0	20
2025.10.23	05:00:00	152.405	152.441	152.379	152.398	1093	0	20
2025.10.23	05:20:00	152.399	152.451	152.373	152.45	773	0	20
2025.10.23	05:40:00	152.45	152.493	152.435	152.45	517	0	20
2025.10.23	06:00:00	152.45	152.467	152.426	152.438	595	0	20
2025.10.23	06:20:00	152.439	152.449	152.384	152.427	460	0	20
2025.10.23	06:40:00	152.426	152.474	152.384	152.462	886	0	20
2025.10.23	07:00:00	152.461	152.561	152.451	152.473	795	0	20
2025.10.23	07:20:00	152.473	152.496	152.424	152.453	560	0	20
2025.10.23	07:40:00	152.453	152.464	152.392	152.401	609	0	20
2025.10.23	08:00:00	152.402	152.418	152.36	152.374	985	0	20
2025.10.23	08:20:00	152.373	152.393	152.321	152.358	621	0	20
2025.10.23	08:40:00	152.359	152.372	152.31	152.361	584	0	20
2025.10.23	09:00:00	152.365	152.393	152.318	152.341	1305	0	20
2025.10.23	09:20:00	152.343	152.523	152.336	152.512	777	0	20
2025.10.23	09:40:00	152.512	152.637	152.498	152.63	1671	0	20
2025.10.23	10:00:00	152.633	152.635	152.428	152.439	1920	0	20
2025.10.23	10:20:00	152.441	152.53	152.367	152.475	1712	0	20
2025.10.23	10:40:00	152.468	152.489	152.382	152.487	1660	0	20
2025.10.23	11:00:00	152.486	152.535	152.444	152.526	1976	0	20
2025.10.23	11:20:00	152.527	152.575	152.464	152.565	1055	0	20
2025.10.23	11:40:00	152.566	152.64	152.562	152.6	1008	0	20
2025.10.23	12:00:00	152.598	152.655	152.543	152.545	1279	0	20
2025.10.23	12:20:00	152.548	152.59	152.501	152.589	755	0	20
2025.10.23	12:40:00	152.588	152.614	152.558	152.56	824	0	20
2025.10.23	13:00:00	152.562	152.616	152.558	152.593	700	0	20
2025.10.23	13:20:00	152.602	152.639	152.593	152.604	843	0	20
2025.10.23	13:40:00	152.603	152.764	152.601	152.76	980	0	20
2025.10.23	14:00:00	152.76	152.782	152.71	152.769	1358	0	20
2025.10.23	14:20:00	152.771	152.771	152.698	152.733	1111	0	20
2025.10.23	14:40:00	152.734	152.736	152.654	152.661	1306	0	20
2025.10.23	15:00:00	152.66	152.709	152.601	152.699	1188	0	20
2025.10.23	15:20:00	152.699	152.704	152.512	152.54	1558	0	20
2025.10.23	15:40:00	152.538	152.575	152.446	152.525	1662	0	20
2025.10.23	16:00:00	152.526	152.607	152.466	152.607	1496	0	20
2025.10.23	16:20:00	152.608	152.618	152.49	152.561	2563	0	20
2025.10.23	16:40:00	152.56	152.722	152.556	152.672	2548	0	20
2025.10.23	17:00:00	152.673	152.695	152.568	152.642	2266	0	20
2025.10.23	17:20:00	152.642	152.699	152.605	152.638	1990	0	20
2025.10.23	17:40:00	152.637	152.673	152.576	152.604	1801	0	20
2025.10.23	18:00:00	152.605	152.713	152.571	152.71	1762	0	20
2025.10.23	18:20:00	152.711	152.753	152.673	152.743	1285	0	20
2025.10.23	18:40:00	152.744	152.751	152.696	152.716	1476	0	20
2025.10.23	19:00:00	152.713	152.78	152.682	152.771	978	0	20
2025.10.23	19:20:00	152.77	152.787	152.662	152.688	1082	0	20
2025.10.23	19:40:00	152.689	152.732	152.669	152.708	633	0	20
2025.10.23	20:00:00	152.709	152.724	152.641	152.691	892	0	20
2025.10.23	20:20:00	152.693	152.757	152.681	152.721	813	0	20
2025.10.23	20:40:00	152.722	152.722	152.603	152.604	621	0	20
2025.10.23	21:00:00	152.605	152.639	152.595	152.631	536	0	20
2025.10.23	21:20:00	152.632	152.635	152.559	152.565	652	0	20
2025.10.23	21:40:00	152.565	152.565	152.509	152.523	698	0	20
2025.10.23	22:00:00	152.523	152.534	152.484	152.533	823	0	20
2025.10.23	22:20:00	152.533	152.553	152.517	152.547	594	0	21
2025.10.23	22:40:00	152.548	152.557	152.5	152.551	599	0	20
2025.10.23	23:00:00	152.546	152.6	152.546	152.586	509	0	20
2025.10.23	23:20:00	152.584	152.585	152.548	152.569	448	0	20
2025.10.23	23:40:00	152.569	152.59	152.542	152.57	558	0	22
2025.10.24	00:00:00	152.476	152.54	152.476	152.54	102	0	82
2025.10.24	00:20:00	152.54	152.566	152.54	152.561	74	0	62
2025.10.24	00:40:00	152.558	152.578	152.516	152.52	129	0	40
2025.10.24	01:00:00	152.52	152.558	152.506	152.549	475	0	20
2025.10.24	01:20:00	152.549	152.554	152.494	152.537	505	0	20
2025.10.24	01:40:00	152.538	152.583	152.532	152.574	619	0	22
2025.10.24	02:00:00	152.573	152.618	152.554	152.6	573	0	22
2025.10.24	02:20:00	152.6	152.663	152.591	152.618	477	0	20
2025.10.24	02:40:00	152.616	152.627	152.563	152.597	805	0	20
2025.10.24	03:00:00	152.597	152.602	152.493	152.578	1455	0	20
2025.10.24	03:20:00	152.579	152.589	152.464	152.495	1112	0	20
2025.10.24	03:40:00	152.496	152.652	152.496	152.639	1654	0	20
2025.10.24	04:00:00	152.638	152.743	152.629	152.742	1498	0	20
2025.10.24	04:20:00	152.743	152.884	152.742	152.833	1346	0	20
2025.10.24	04:40:00	152.834	152.891	152.815	152.887	945	0	20
2025.10.24	05:00:00	152.887	152.904	152.824	152.874	518	0	20
2025.10.24	05:20:00	152.87	152.9	152.857	152.888	569	0	20
2025.10.24	05:40:00	152.888	152.901	152.76	152.878	1049	0	20
2025.10.24	06:00:00	152.88	152.901	152.851	152.898	488	0	20
2025.10.24	06:20:00	152.896	152.903	152.796	152.805	563	0	20
2025.10.24	06:40:00	152.806	152.809	152.702	152.76	548	0	20
2025.10.24	07:00:00	152.76	152.87	152.76	152.851	677	0	20
2025.10.24	07:20:00	152.851	152.881	152.849	152.878	645	0	20
2025.10.24	07:40:00	152.878	152.901	152.854	152.878	482	0	20
2025.10.24	08:00:00	152.879	153.001	152.879	152.932	1109	0	20
2025.10.24	08:20:00	152.933	153.026	152.87	152.947	922	0	20
2025.10.24	08:40:00	152.948	152.981	152.883	152.947	623	0	20
2025.10.24	09:00:00	152.947	153.052	152.911	153.016	1305	0	20
2025.10.24	09:20:00	153.015	153.016	152.919	152.94	1309	0	20
2025.10.24	09:40:00	152.941	152.991	152.906	152.908	1023	0	20
2025.10.24	10:00:00	152.912	152.941	152.802	152.831	1628	0	20
2025.10.24	10:20:00	152.832	152.872	152.742	152.813	1738	0	20
2025.10.24	10:40:00	152.815	152.88	152.805	152.822	1476	0	20
2025.10.24	11:00:00	152.821	152.926	152.801	152.885	1449	0	20
2025.10.24	11:20:00	152.885	153.009	152.884	152.923	1193	0	20
2025.10.24	11:40:00	152.923	152.982	152.903	152.94	1157	0	20
2025.10.24	12:00:00	152.94	152.985	152.897	152.944	1319	0	20
2025.10.24	12:20:00	152.946	152.976	152.912	152.935	1032	0	20
2025.10.24	12:40:00	152.934	152.95	152.89	152.948	922	0	20
2025.10.24	13:00:00	152.948	152.971	152.895	152.926	548	0	20
2025.10.24	13:20:00	152.926	152.958	152.909	152.936	362	0	20
2025.10.24	13:40:00	152.936	152.972	152.923	152.968	511	0	20
2025.10.24	14:00:00	152.968	152.982	152.914	152.917	1330	0	20
2025.10.24	14:20:00	152.917	152.951	152.897	152.941	777	0	20
2025.10.24	14:40:00	152.941	152.974	152.925	152.925	904	0	20
2025.10.24	15:00:00	152.924	152.93	152.832	152.904	1177	0	20
2025.10.24	15:20:00	152.915	152.951	152.218	152.498	4199	0	20
2025.10.24	15:40:00	152.499	152.681	152.392	152.663	3732	0	20
2025.10.24	16:00:00	152.664	152.779	152.586	152.76	3079	0	20
2025.10.24	16:20:00	152.759	152.855	152.727	152.745	2761	0	20
2025.10.24	16:40:00	152.75	153.009	152.689	152.813	3088	0	20
2025.10.24	17:00:00	152.804	152.892	152.69	152.755	2755	0	20
2025.10.24	17:20:00	152.758	152.834	152.687	152.798	2195	0	20
2025.10.24	17:40:00	152.797	152.861	152.739	152.758	2126	0	20
2025.10.24	18:00:00	152.761	152.79	152.695	152.75	1459	0	20
2025.10.24	18:20:00	152.751	152.864	152.738	152.839	1359	0	20
2025.10.24	18:40:00	152.838	152.869	152.79	152.81	1878	0	20
2025.10.24	19:00:00	152.809	152.827	152.777	152.8	736	0	20
2025.10.24	19:20:00	152.795	152.85	152.784	152.845	683	0	20
2025.10.24	19:40:00	152.845	152.866	152.801	152.829	812	0	20
2025.10.24	20:00:00	152.829	152.829	152.739	152.791	575	0	20
2025.10.24	20:20:00	152.791	152.814	152.767	152.792	457	0	20
2025.10.24	20:40:00	152.79	152.811	152.771	152.797	813	0	20
2025.10.24	21:00:00	152.798	152.847	152.787	152.833	513	0	21
2025.10.24	21:20:00	152.834	152.862	152.822	152.844	533	0	20
2025.10.24	21:40:00	152.845	152.88	152.834	152.854	660	0	20
2025.10.24	22:00:00	152.854	152.854	152.806	152.818	638	0	20
2025.10.24	22:20:00	152.817	152.886	152.806	152.854	348	0	20
2025.10.24	22:40:00	152.853	152.856	152.791	152.817	774	0	21
2025.10.24	23:00:00	152.816	152.822	152.745	152.752	475	0	20
2025.10.24	23:20:00	152.752	152.868	152.745	152.865	237	0	20
2025.10.24	23:40:00	152.866	152.882	152.827	152.868	904	0	23
2025.10.26	23:00:00	152.744	152.864	152.744	152.812	165	0	67
2025.10.26	23:20:00	152.812	152.825	152.803	152.814	98	0	76
2025.10.26	23:40:00	152.817	153.044	152.802	153.012	368	0	29
2025.10.27	00:00:00	153.01	153.132	152.936	153.081	1207	0	20
2025.10.27	00:20:00	153.08	153.114	153.05	153.094	1084	0	20
2025.10.27	00:40:00	153.094	153.094	152.984	153.063	846	0	20
2025.10.27	01:00:00	153.061	153.167	153.042	153.159	831	0	20
2025.10.27	01:20:00	153.159	153.159	153.019	153.026	725	0	20
2025.10.27	01:40:00	153.027	153.086	153.005	153.06	837	0	20
2025.10.27	02:00:00	153.06	153.142	152.912	153.057	2098	0	20
2025.10.27	02:20:00	153.056	153.084	152.953	152.991	1092	0	20
2025.10.27	02:40:00	152.99	152.993	152.82	152.88	1875	0	20
2025.10.27	03:00:00	152.877	152.983	152.645	152.681	2008	0	20
2025.10.27	03:20:00	152.68	152.786	152.674	152.773	1284	0	20
2025.10.27	03:40:00	152.772	152.828	152.736	152.824	1039	0	20
2025.10.27	04:00:00	152.825	152.976	152.813	152.975	873	0	20
2025.10.27	04:20:00	152.974	153.004	152.938	152.954	685	0	20
2025.10.27	04:40:00	152.953	152.986	152.94	152.971	577	0	20
2025.10.27	05:00:00	152.969	152.992	152.945	152.952	562	0	20
2025.10.27	05:20:00	152.955	152.987	152.94	152.987	498	0	20
2025.10.27	05:40:00	152.988	153.04	152.976	153.035	411	0	20
2025.10.27	06:00:00	153.036	153.116	153.036	153.063	870	0	20
2025.10.27	06:20:00	153.062	153.153	153.024	153.118	776	0	20
2025.10.27	06:40:00	153.117	153.152	153.092	153.128	703	0	20
2025.10.27	07:00:00	153.127	153.247	153.118	153.233	985	0	20
2025.10.27	07:20:00	153.233	153.237	153.141	153.154	779	0	20
2025.10.27	07:40:00	153.159	153.194	153.1	153.118	674	0	21
2025.10.27	08:00:00	153.113	153.126	153.02	153.041	1384	0	20
2025.10.27	08:20:00	153.042	153.071	152.822	152.866	1612	0	20
2025.10.27	08:40:00	152.867	153.037	152.844	152.967	862	0	20
2025.10.27	09:00:00	152.971	152.985	152.858	152.886	1876	0	20
2025.10.27	09:20:00	152.887	153.018	152.851	152.881	1161	0	20
2025.10.27	09:40:00	152.882	153.016	152.882	153.004	1267	0	20
2025.10.27	10:00:00	153.006	153.067	152.876	152.909	1662	0	20
2025.10.27	10:20:00	152.908	152.935	152.732	152.763	1924	0	20
2025.10.27	10:40:00	152.761	152.834	152.734	152.808	1646	0	20
2025.10.27	11:00:00	152.808	152.811	152.749	152.779	1338	0	20
2025.10.27	11:20:00	152.779	152.796	152.72	152.733	1248	0	20
2025.10.27	11:40:00	152.734	152.762	152.689	152.739	1028	0	20
2025.10.27	12:00:00	152.742	152.777	152.724	152.726	979	0	20
2025.10.27	12:20:00	152.726	152.838	152.711	152.77	990	0	20
2025.10.27	12:40:00	152.772	152.804	152.727	152.76	1142	0	20
2025.10.27	13:00:00	152.759	152.76	152.694	152.725	1075	0	20
2025.10.27	13:20:00	152.727	152.795	152.584	152.795	1625	0	20
2025.10.27	13:40:00	152.795	152.796	152.596	152.626	1666	0	20
2025.10.27	14:00:00	152.627	152.696	152.554	152.669	1531	0	20
2025.10.27	14:20:00	152.666	152.821	152.629	152.807	1483	0	20
2025.10.27	14:40:00	152.808	152.887	152.781	152.83	1792	0	20
2025.10.27	15:00:00	152.832	152.884	152.797	152.852	1341	0	20
2025.10.27	15:20:00	152.852	153.054	152.847	153.051	1841	0	20
2025.10.27	15:40:00	153.058	153.186	153.054	153.099	3075	0	20
2025.10.27	16:00:00	153.099	153.18	153.025	153.048	1638	0	20
2025.10.27	16:20:00	153.048	153.086	153.002	153.059	1620	0	20
2025.10.27	16:40:00	153.057	153.085	152.99	152.992	1892	0	20
2025.10.27	17:00:00	152.99	153.102	152.975	153.039	1948	0	20
2025.10.27	17:20:00	153.039	153.098	153.031	153.097	1304	0	20
2025.10.27	17:40:00	153.098	153.109	153.041	153.077	1453	0	20
2025.10.27	18:00:00	153.077	153.081	153.017	153.062	787	0	20
2025.10.27	18:20:00	153.059	153.059	152.999	153.014	1070	0	20
2025.10.27	18:40:00	153.015	153.039	152.967	152.985	778	0	20
2025.10.27	19:00:00	152.985	153.039	152.931	153.039	778	0	20
2025.10.27	19:20:00	153.029	153.075	153.015	153.068	609	0	20
2025.10.27	19:40:00	153.07	153.081	153.038	153.05	424	0	21
2025.10.27	20:00:00	153.046	153.062	153.015	153.022	427	0	21
2025.10.27	20:20:00	153.022	153.051	152.998	153.002	640	0	20
2025.10.27	20:40:00	153.002	153.002	152.749	152.809	1091	0	20
2025.10.27	21:00:00	152.809	152.872	152.807	152.835	817	0	20
2025.10.27	21:20:00	152.834	152.923	152.828	152.903	781	0	20
2025.10.27	21:40:00	152.902	152.943	152.861	152.897	652	0	20
2025.10.27	22:00:00	152.896	152.896	152.842	152.879	334	0	20
2025.10.27	22:20:00	152.879	152.879	152.839	152.867	218	0	21
2025.10.27	22:40:00	152.867	152.9	152.85	152.857	531	0	20
2025.10.27	23:00:00	152.857	152.857	152.826	152.828	28	0	39
2025.10.27	23:20:00	152.828	152.859	152.827	152.83	56	0	41
2025.10.27	23:40:00	152.83	152.847	152.752	152.754	79	0	37
2025.10.28	00:00:00	152.758	152.799	152.736	152.795	271	0	29
2025.10.28	00:20:00	152.792	152.805	152.753	152.781	437	0	22
2025.10.28	00:40:00	152.78	152.796	152.726	152.734	299	0	22
2025.10.28	01:00:00	152.734	152.763	152.718	152.743	603	0	25
2025.10.28	01:20:00	152.742	152.757	152.688	152.7	333	0	22
2025.10.28	01:40:00	152.7	152.709	152.617	152.684	884	0	23
2025.10.28	02:00:00	152.684	152.722	152.537	152.556	1543	0	22
2025.10.28	02:20:00	152.557	152.569	152.389	152.468	1376	0	22
2025.10.28	02:40:00	152.469	152.549	152.381	152.486	1924	0	20
2025.10.28	03:00:00	152.485	152.502	152.254	152.373	2003	0	20
2025.10.28	03:20:00	152.374	152.476	152.342	152.352	1792	0	20
2025.10.28	03:40:00	152.351	152.415	152.314	152.388	1244	0	20
2025.10.28	04:00:00	152.39	152.392	152.287	152.354	1285	0	20
2025.10.28	04:20:00	152.353	152.458	152.341	152.436	970	0	20
2025.10.28	04:40:00	152.435	152.461	152.398	152.448	886	0	20
2025.10.28	05:00:00	152.449	152.457	152.382	152.445	662	0	20
2025.10.28	05:20:00	152.445	152.451	152.384	152.45	771	0	20
2025.10.28	05:40:00	152.456	152.462	152.152	152.267	1522	0	20
2025.10.28	06:00:00	152.267	152.295	152.121	152.129	1496	0	20
2025.10.28	06:20:00	152.13	152.214	152.052	152.077	1985	0	20
2025.10.28	06:40:00	152.077	152.082	151.841	151.865	2231	0	20
2025.10.28	07:00:00	151.866	151.925	151.803	151.856	1873	0	20
2025.10.28	07:20:00	151.857	151.883	151.748	151.83	1678	0	20
2025.10.28	07:40:00	151.831	151.959	151.831	151.902	1437	0	20
2025.10.28	08:00:00	151.901	151.984	151.801	151.815	1675	0	20
2025.10.28	08:20:00	151.818	152.049	151.801	151.966	1498	0	20
2025.10.28	08:40:00	151.965	152.031	151.924	152.009	1468	0	20
2025.10.28	09:00:00	152.009	152.342	152.009	152.161	3015	0	20
2025.10.28	09:20:00	152.162	152.223	152.111	152.13	2174	0	20
2025.10.28	09:40:00	152.131	152.193	152.021	152.134	1933	0	20
2025.10.28	10:00:00	152.133	152.152	151.978	151.979	2800	0	20
2025.10.28	10:20:00	151.979	152.04	151.877	151.898	2365	0	20
2025.10.28	10:40:00	151.897	151.98	151.834	151.941	2228	0	20
2025.10.28	11:00:00	151.941	152.013	151.889	151.974	1775	0	20
2025.10.28	11:20:00	151.967	152.068	151.91	151.916	1515	0	20
2025.10.28	11:40:00	151.914	151.965	151.862	151.904	1409	0	20
2025.10.28	12:00:00	151.905	151.976	151.851	151.876	1242	0	20
2025.10.28	12:20:00	151.877	151.917	151.845	151.886	1375	0	20
2025.10.28	12:40:00	151.885	151.885	151.815	151.853	1379	0	20
2025.10.28	13:00:00	151.852	151.985	151.848	151.955	1221	0	20
2025.10.28	13:20:00	151.956	152.047	151.943	152.041	1175	0	20
2025.10.28	13:40:00	152.047	152.07	152.014	152.024	1185	0	20
2025.10.28	14:00:00	152.024	152.163	152.008	152.09	1840	0	20
2025.10.28	14:20:00	152.093	152.173	152.012	152.131	2132	0	20
2025.10.28	14:40:00	152.131	152.209	152.121	152.121	1961	0	20
2025.10.28	15:00:00	152.124	152.347	152.118	152.322	2338	0	20
2025.10.28	15:20:00	152.32	152.36	152.213	152.256	2135	0	20
2025.10.28	15:40:00	152.255	152.326	152.172	152.182	1757	0	20
2025.10.28	16:00:00	152.181	152.252	152.084	152.14	1937	0	20
2025.10.28	16:20:00	152.14	152.145	152.03	152.039	1876	0	20
2025.10.28	16:40:00	152.039	152.042	151.966	151.975	1429	0	20
2025.10.28	17:00:00	151.975	152.063	151.885	152.063	1381	0	20
2025.10.28	17:20:00	152.063	152.063	151.889	151.89	1124	0	20
2025.10.28	17:40:00	151.89	152.168	151.842	152.133	2404	0	20
2025.10.28	18:00:00	152.133	152.197	152.108	152.155	2242	0	20
2025.10.28	18:20:00	152.157	152.292	152.133	152.246	2006	0	20
2025.10.28	18:40:00	152.246	152.246	152.1	152.1	1518	0	20
2025.10.28	19:00:00	152.1	152.186	152.093	152.139	1653	0	20
2025.10.28	19:20:00	152.14	152.154	152.084	152.103	1007	0	20
2025.10.28	19:40:00	152.102	152.18	152.102	152.164	544	0	20
2025.10.28	20:00:00	152.164	152.195	152.135	152.155	917	0	20
2025.10.28	20:20:00	152.156	152.234	152.15	152.181	936	0	20
2025.10.28	20:40:00	152.18	152.194	152.079	152.093	979	0	20
2025.10.28	21:00:00	152.093	152.093	151.992	152.011	1169	0	20
2025.10.28	21:20:00	152.012	152.017	151.949	151.951	578	0	20
2025.10.28	21:40:00	151.951	152.049	151.935	152.047	526	0	20
2025.10.28	22:00:00	152.045	152.078	152.037	152.055	354	0	20
2025.10.28	22:20:00	152.055	152.119	152.051	152.112	340	0	20
2025.10.28	22:40:00	152.11	152.11	152.064	152.091	613	0	21
2025.10.28	23:00:00	152.088	152.088	151.999	152.026	59	0	41
2025.10.28	23:20:00	152.024	152.034	151.978	152.025	42	0	91
2025.10.28	23:40:00	152.025	152.083	152.009	152.009	114	0	63
2025.10.29	00:00:00	151.994	152.148	151.979	152.143	426	0	25
2025.10.29	00:20:00	152.141	152.15	152.112	152.141	424	0	20
2025.10.29	00:40:00	152.141	152.169	152.139	152.157	488	0	22
2025.10.29	01:00:00	152.158	152.169	152.081	152.112	391	0	23
2025.10.29	01:20:00	152.111	152.182	152.111	152.136	418	0	21
2025.10.29	01:40:00	152.135	152.183	151.713	151.724	1502	0	20
2025.10.29	02:00:00	151.725	151.839	151.527	151.798	2640	0	20
2025.10.29	02:20:00	151.796	151.88	151.727	151.835	2901	0	20
2025.10.29	02:40:00	151.835	151.854	151.539	151.622	3353	0	20
2025.10.29	03:00:00	151.623	151.712	151.541	151.676	2051	0	20
2025.10.29	03:20:00	151.683	151.837	151.593	151.792	1973	0	20
2025.10.29	03:40:00	151.792	151.905	151.776	151.881	2051	0	20
2025.10.29	04:00:00	151.882	151.976	151.88	151.961	1157	0	20
2025.10.29	04:20:00	151.962	152.132	151.96	152.057	1225	0	20
2025.10.29	04:40:00	152.056	152.082	151.963	151.969	771	0	20
2025.10.29	05:00:00	151.97	151.993	151.912	151.963	671	0	20
2025.10.29	05:20:00	151.963	151.996	151.906	151.967	764	0	20
2025.10.29	05:40:00	151.967	152.047	151.966	152.042	885	0	20
2025.10.29	06:00:00	152.043	152.08	151.949	151.983	896	0	20
2025.10.29	06:20:00	151.983	152.091	151.983	152.059	776	0	20
2025.10.29	06:40:00	152.059	152.104	152.032	152.064	645	0	20
2025.10.29	07:00:00	152.066	152.298	152.052	152.285	1189	0	20
2025.10.29	07:20:00	152.286	152.495	152.271	152.485	1414	0	20
2025.10.29	07:40:00	152.485	152.534	152.319	152.353	1420	0	20
2025.10.29	08:00:00	152.352	152.441	152.339	152.376	1315	0	20
2025.10.29	08:20:00	152.376	152.377	152.204	152.243	1345	0	20
2025.10.29	08:40:00	152.243	152.265	152.119	152.134	1217	0	20
2025.10.29	09:00:00	152.146	152.17	152.047	152.088	1267	0	20
2025.10.29	09:20:00	152.087	152.115	151.992	152.072	1536	0	20
2025.10.29	09:40:00	152.074	152.131	152.002	152.05	1243	0	20
2025.10.29	10:00:00	152.052	152.259	152.038	152.236	1596	0	20
2025.10.29	10:20:00	152.237	152.323	152.192	152.279	1590	0	20
2025.10.29	10:40:00	152.278	152.323	152.247	152.323	1516	0	20
2025.10.29	11:00:00	152.331	152.457	152.319	152.414	1686	0	20
2025.10.29	11:20:00	152.414	152.42	152.275	152.288	1205	0	20
2025.10.29	11:40:00	152.288	152.307	152.187	152.222	1248	0	20
2025.10.29	12:00:00	152.221	152.333	152.195	152.294	822	0	20
2025.10.29	12:20:00	152.292	152.302	152.204	152.235	743	0	20
2025.10.29	12:40:00	152.233	152.283	152.213	152.232	842	0	20
2025.10.29	13:00:00	152.234	152.278	152.195	152.267	1184	0	20
2025.10.29	13:20:00	152.266	152.398	152.216	152.243	1186	0	20
2025.10.29	13:40:00	152.25	152.272	152.125	152.232	1013	0	20
2025.10.29	14:00:00	152.232	152.267	152.149	152.245	1006	0	20
2025.10.29	14:20:00	152.246	152.288	152.204	152.264	1336	0	20
2025.10.29	14:40:00	152.266	152.271	152.186	152.23	1227	0	20
2025.10.29	15:00:00	152.232	152.233	151.894	151.916	1278	0	20
2025.10.29	15:20:00	151.916	151.975	151.854	151.906	1975	0	20
2025.10.29	15:40:00	151.902	152.062	151.865	151.989	1704	0	20
2025.10.29	16:00:00	151.99	152.062	151.978	152.025	1670	0	20
2025.10.29	16:20:00	152.024	152.158	151.973	152.119	1643	0	20
2025.10.29	16:40:00	152.12	152.149	152.014	152.027	1538	0	20
2025.10.29	17:00:00	152.026	152.039	151.933	152.023	1404	0	20
2025.10.29	17:20:00	152.023	152.051	151.99	152.016	904	0	20
2025.10.29	17:40:00	152.016	152.04	151.895	151.901	1967	0	20
2025.10.29	18:00:00	151.901	152.155	151.886	152.061	2588	0	20
2025.10.29	18:20:00	152.064	152.123	152.011	152.091	1064	0	20
2025.10.29	18:40:00	152.089	152.168	152.089	152.139	857	0	20
2025.10.29	19:00:00	152.14	152.146	152.079	152.115	797	0	20
2025.10.29	19:20:00	152.116	152.306	152.109	152.28	1109	0	20
2025.10.29	19:40:00	152.279	152.304	152.215	152.248	1322	0	20
2025.10.29	20:00:00	152.248	152.466	152.174	152.399	4220	0	20
2025.10.29	20:20:00	152.4	153.007	152.246	152.996	5139	0	20
2025.10.29	20:40:00	153.003	153.041	152.727	152.812	6297	0	20
2025.10.29	21:00:00	152.814	152.956	152.765	152.825	4649	0	20
2025.10.29	21:20:00	152.824	153.05	152.824	152.903	2895	0	20
2025.10.29	21:40:00	152.904	152.918	152.741	152.806	1746	0	20
2025.10.29	22:00:00	152.805	152.866	152.763	152.808	1890	0	20
2025.10.29	22:20:00	152.808	152.843	152.587	152.587	1242	0	20
2025.10.29	22:40:00	152.581	152.736	152.576	152.71	1113	0	20
2025.10.29	23:00:00	152.703	152.703	152.605	152.605	55	0	49
2025.10.29	23:20:00	152.606	152.713	152.559	152.631	226	0	45
2025.10.29	23:40:00	152.631	152.649	152.61	152.63	93	0	50
2025.10.30	00:00:00	152.629	152.671	152.613	152.658	378	0	27
2025.10.30	00:20:00	152.657	152.725	152.657	152.704	493	0	21
2025.10.30	00:40:00	152.704	152.712	152.657	152.682	676	0	21
2025.10.30	01:00:00	152.682	152.716	152.639	152.679	671	0	20
2025.10.30	01:20:00	152.68	152.702	152.578	152.582	728	0	20
2025.10.30	01:40:00	152.583	152.746	152.574	152.714	951	0	20
2025.10.30	02:00:00	152.714	152.936	152.622	152.659	2306	0	20
2025.10.30	02:20:00	152.659	152.709	152.494	152.681	1619	0	20
2025.10.30	02:40:00	152.676	152.734	152.512	152.623	2226	0	20
2025.10.30	03:00:00	152.622	152.67	152.457	152.628	2342	0	20
2025.10.30	03:20:00	152.629	152.655	152.447	152.463	1633	0	20
2025.10.30	03:40:00	152.464	152.537	152.439	152.532	891	0	20
2025.10.30	04:00:00	152.533	152.549	152.38	152.466	1256	0	20
2025.10.30	04:20:00	152.465	152.484	152.434	152.456	598	0	20
2025.10.30	04:40:00	152.459	152.478	152.304	152.327	1228	0	20
2025.10.30	05:00:00	152.326	152.928	152.148	152.921	2511	0	20
2025.10.30	05:20:00	152.92	153.125	152.788	152.981	3198	0	20
2025.10.30	05:40:00	152.98	153.091	152.929	152.949	1512	0	20
2025.10.30	06:00:00	152.948	153.011	152.607	152.743	2551	0	20
2025.10.30	06:20:00	152.743	152.946	152.55	152.868	4104	0	20
2025.10.30	06:40:00	152.868	152.897	152.699	152.756	2493	0	20
2025.10.30	07:00:00	152.756	152.858	152.662	152.816	1839	0	20
2025.10.30	07:20:00	152.817	152.974	152.815	152.952	1340	0	20
2025.10.30	07:40:00	152.953	153.031	152.882	153.027	1445	0	20
2025.10.30	08:00:00	153.028	153.074	152.923	153.004	1812	0	20
2025.10.30	08:20:00	153.002	153.077	152.958	153.055	2413	0	20
2025.10.30	08:40:00	153.057	153.508	153.057	153.329	3296	0	20
2025.10.30	09:00:00	153.33	153.537	153.268	153.425	3611	0	20
2025.10.30	09:20:00	153.428	153.477	153.269	153.299	2805	0	20
2025.10.30	09:40:00	153.301	153.471	153.292	153.393	1936	0	20
2025.10.30	10:00:00	153.392	153.798	153.392	153.77	2454	0	20
2025.10.30	10:20:00	153.77	153.88	153.741	153.794	2064	0	20
2025.10.30	10:40:00	153.795	153.806	153.673	153.735	1055	0	20
2025.10.30	11:00:00	153.738	153.79	153.709	153.745	1585	0	20
2025.10.30	11:20:00	153.744	153.767	153.613	153.68	1570	0	20
2025.10.30	11:40:00	153.679	153.788	153.651	153.77	1408	0	20
2025.10.30	12:00:00	153.767	153.883	153.764	153.824	1242	0	20
2025.10.30	12:20:00	153.826	153.925	153.824	153.923	1228	0	20
2025.10.30	12:40:00	153.922	153.949	153.889	153.946	981	0	20
2025.10.30	13:00:00	153.947	153.994	153.853	153.922	1539	0	20
2025.10.30	13:20:00	153.923	153.969	153.862	153.959	1490	0	20
2025.10.30	13:40:00	153.959	154.162	153.951	154.106	1650	0	20
2025.10.30	14:00:00	154.105	154.19	154.067	154.19	1484	0	20
2025.10.30	14:20:00	154.19	154.275	154.149	154.193	2048	0	20
2025.10.30	14:40:00	154.194	154.28	154.157	154.278	2580	0	20
2025.10.30	15:00:00	154.291	154.433	154.248	154.317	2370	0	20
2025.10.30	15:20:00	154.32	154.345	154.15	154.216	2546	0	20
2025.10.30	15:40:00	154.216	154.3	154.133	154.188	2925	0	20
2025.10.30	16:00:00	154.186	154.226	154.043	154.089	3268	0	20
2025.10.30	16:20:00	154.089	154.204	154.065	154.134	2516	0	20
2025.10.30	16:40:00	154.133	154.311	154.133	154.278	2153	0	20
2025.10.30	17:00:00	154.279	154.33	154.133	154.133	2705	0	20
2025.10.30	17:20:00	154.133	154.217	154.107	154.193	1374	0	20
2025.10.30	17:40:00	154.192	154.193	154.034	154.161	2223	0	20
2025.10.30	18:00:00	154.163	154.219	154.124	154.175	1599	0	20
2025.10.30	18:20:00	154.173	154.18	154.078	154.125	1372	0	20
2025.10.30	18:40:00	154.125	154.132	154.058	154.088	1105	0	20
2025.10.30	19:00:00	154.087	154.113	154.038	154.074	1038	0	20
2025.10.30	19:20:00	154.075	154.159	154.053	154.152	924	0	20
2025.10.30	19:40:00	154.153	154.153	154.081	154.09	824	0	20
2025.10.30	20:00:00	154.089	154.138	154.075	154.117	833	0	20
2025.10.30	20:20:00	154.117	154.139	154.06	154.064	623	0	20
2025.10.30	20:40:00	154.064	154.113	154.04	154.073	808	0	20
2025.10.30	21:00:00	154.073	154.073	154.013	154.045	1036	0	20
2025.10.30	21:20:00	154.045	154.081	154.037	154.052	614	0	20
2025.10.30	21:40:00	154.052	154.067	154.008	154.066	696	0	20
2025.10.30	22:00:00	154.059	154.073	154.028	154.035	547	0	20
2025.10.30	22:20:00	154.034	154.086	154.033	154.07	446	0	20
2025.10.30	22:40:00	154.07	154.148	154.068	154.109	769	0	23
2025.10.30	23:00:00	154.106	154.106	154.01	154.064	38	0	51
2025.10.30	23:20:00	154.064	154.1	154.064	154.093	28	0	56
2025.10.30	23:40:00	154.093	154.093	154.038	154.045	59	0	57
2025.10.31	00:00:00	154.034	154.089	154.026	154.037	536	0	24
2025.10.31	00:20:00	154.035	154.076	154.02	154.076	332	0	20
2025.10.31	00:40:00	154.085	154.127	154.074	154.096	553	0	20
2025.10.31	01:00:00	154.095	154.117	154.059	154.09	515	0	20
2025.10.31	01:20:00	154.092	154.155	153.979	153.979	843	0	20
2025.10.31	01:40:00	153.979	153.98	153.829	153.896	1148	0	20
2025.10.31	02:00:00	153.895	153.962	153.81	153.949	1535	0	20
2025.10.31	02:20:00	153.948	153.959	153.879	153.91	893	0	20
2025.10.31	02:40:00	153.911	154.025	153.842	153.885	1869	0	20
2025.10.31	03:00:00	153.88	153.91	153.652	153.661	2248	0	20
2025.10.31	03:20:00	153.66	153.771	153.644	153.683	1170	0	20
2025.10.31	03:40:00	153.682	153.834	153.642	153.821	1075	0	20
2025.10.31	04:00:00	153.82	153.869	153.756	153.767	893	0	20
2025.10.31	04:20:00	153.768	153.791	153.731	153.788	737	0	20
2025.10.31	04:40:00	153.788	153.874	153.781	153.874	865	0	20
2025.10.31	05:00:00	153.875	153.93	153.841	153.915	721	0	20
2025.10.31	05:20:00	153.914	153.969	153.896	153.947	737	0	20
2025.10.31	05:40:00	153.949	154.057	153.937	154.028	568	0	20
2025.10.31	06:00:00	154.027	154.046	153.897	154.0	786	0	20
2025.10.31	06:20:00	153.998	154.016	153.915	153.945	594	0	20
2025.10.31	06:40:00	153.945	153.959	153.898	153.925	615	0	20
2025.10.31	07:00:00	153.925	154.005	153.905	153.985	652	0	20
2025.10.31	07:20:00	153.986	154.045	153.886	153.904	894	0	20
2025.10.31	07:40:00	153.903	153.937	153.822	153.903	1452	0	20
2025.10.31	08:00:00	153.899	154.027	153.874	153.937	1495	0	20
2025.10.31	08:20:00	153.941	154.085	153.941	154.055	1039	0	20
2025.10.31	08:40:00	154.055	154.226	154.054	154.214	1110	0	20
2025.10.31	09:00:00	154.218	154.385	154.188	154.275	2190	0	20
2025.10.31	09:20:00	154.273	154.297	154.163	154.288	1663	0	20
2025.10.31	09:40:00	154.288	154.365	154.228	154.297	1910	0	20
2025.10.31	10:00:00	154.3	154.401	154.22	154.338	1709	0	20
2025.10.31	10:20:00	154.336	154.362	154.256	154.311	1914	0	20
2025.10.31	10:40:00	154.311	154.321	154.221	154.235	1297	0	20
2025.10.31	11:00:00	154.234	154.28	154.159	154.225	1093	0	20
2025.10.31	11:20:00	154.225	154.27	154.156	154.156	1289	0	20
2025.10.31	11:40:00	154.157	154.189	154.102	154.13	1048	0	20
2025.10.31	12:00:00	154.13	154.15	154.081	154.149	835	0	20
2025.10.31	12:20:00	154.149	154.173	154.121	154.139	698	0	20
2025.10.31	12:40:00	154.14	154.158	154.096	154.12	792	0	20
2025.10.31	13:00:00	154.121	154.126	154.041	154.081	848	0	20
2025.10.31	13:20:00	154.08	154.154	154.047	154.11	883	0	20
2025.10.31	13:40:00	154.108	154.173	154.064	154.093	938	0	20
2025.10.31	14:00:00	154.091	154.193	154.087	154.192	1171	0	20
2025.10.31	14:20:00	154.193	154.243	153.883	153.965	1679	0	20
2025.10.31	14:40:00	153.966	154.141	153.951	154.125	1880	0	20
2025.10.31	15:00:00	154.125	154.193	154.121	154.157	2329	0	20
2025.10.31	15:20:00	154.156	154.167	154.061	154.132	1738	0	20
2025.10.31	15:40:00	154.131	154.222	154.036	154.067	2120	0	20
2025.10.31	16:00:00	154.068	154.075	153.915	154.011	2175	0	20
2025.10.31	16:20:00	154.01	154.085	153.956	153.96	2126	0	20
2025.10.31	16:40:00	153.961	154.004	153.881	153.936	1469	0	20
2025.10.31	17:00:00	153.935	153.999	153.904	153.971	1907	0	20
2025.10.31	17:20:00	153.973	154.037	153.921	153.976	1271	0	20
2025.10.31	17:40:00	153.975	154.085	153.919	154.031	2677	0	20
2025.10.31	18:00:00	154.032	154.144	153.957	154.124	2637	0	20
2025.10.31	18:20:00	154.124	154.163	154.035	154.046	1047	0	20
2025.10.31	18:40:00	154.053	154.113	154.034	154.104	919	0	20
2025.10.31	19:00:00	154.102	154.167	154.09	154.15	1065	0	20
2025.10.31	19:20:00	154.149	154.157	154.069	154.084	1088	0	20
2025.10.31	19:40:00	154.085	154.131	154.07	154.084	978	0	20
2025.10.31	20:00:00	154.086	154.098	154.036	154.071	823	0	20
2025.10.31	20:20:00	154.072	154.123	154.055	154.108	696	0	20
2025.10.31	20:40:00	154.107	154.11	154.025	154.076	723	0	20
2025.10.31	21:00:00	154.076	154.114	154.052	154.086	668	0	20
2025.10.31	21:20:00	154.084	154.091	154.051	154.081	633	0	20
2025.10.31	21:40:00	154.084	154.124	154.074	154.095	1087	0	20
2025.10.31	22:00:00	154.098	154.109	154.063	154.099	552	0	20
2025.10.31	22:20:00	154.096	154.096	154.021	154.057	373	0	21
2025.10.31	22:40:00	154.057	154.083	153.956	153.99	847	0	21
2025.11.03	00:00:00	153.948	154.011	153.933	154.011	28	0	69
2025.11.03	00:20:00	154.011	154.059	154.011	154.054	113	0	31
2025.11.03	00:40:00	154.046	154.069	154.038	154.041	81	0	44
2025.11.03	01:00:00	154.041	154.156	154.002	154.135	748	0	20
2025.11.03	01:20:00	154.133	154.237	154.121	154.212	1394	0	20
2025.11.03	01:40:00	154.213	154.238	154.142	154.188	1435	0	20
2025.11.03	02:00:00	154.188	154.198	154.156	154.195	1053	0	20
2025.11.03	02:20:00	154.195	154.202	154.108	154.162	692	0	20
2025.11.03	02:40:00	154.162	154.187	154.132	154.164	923	0	20
2025.11.03	03:00:00	154.163	154.177	154.11	154.114	900	0	20
2025.11.03	03:20:00	154.115	154.115	154.067	154.093	568	0	20
2025.11.03	03:40:00	154.093	154.122	154.09	154.105	333	0	21
2025.11.03	04:00:00	154.106	154.115	154.03	154.056	683	0	20
2025.11.03	04:20:00	154.056	154.063	154.025	154.056	552	0	20
2025.11.03	04:40:00	154.056	154.091	154.05	154.074	347	0	20
2025.11.03	05:00:00	154.075	154.085	154.038	154.042	352	0	20
2025.11.03	05:20:00	154.04	154.056	154.03	154.052	384	0	20
2025.11.03	05:40:00	154.053	154.066	154.038	154.055	495	0	20
2025.11.03	06:00:00	154.056	154.06	153.979	154.003	738	0	20
2025.11.03	06:20:00	154.001	154.057	153.992	154.047	318	0	20
2025.11.03	06:40:00	154.046	154.076	154.027	154.063	243	0	20
2025.11.03	07:00:00	154.073	154.124	154.065	154.086	397	0	20
2025.11.03	07:20:00	154.087	154.114	154.062	154.075	459	0	20
2025.11.03	07:40:00	154.076	154.118	154.048	154.112	613	0	20
2025.11.03	08:00:00	154.112	154.205	154.093	154.192	591	0	20
2025.11.03	08:20:00	154.198	154.233	154.156	154.175	761	0	20
2025.11.03	08:40:00	154.18	154.201	154.14	154.178	426	0	20
2025.11.03	09:00:00	154.177	154.252	154.154	154.202	1084	0	20
2025.11.03	09:20:00	154.201	154.275	154.129	154.134	1249	0	20
2025.11.03	09:40:00	154.134	154.181	154.097	154.1	949	0	20
2025.11.03	10:00:00	154.1	154.196	154.094	154.133	1524	0	20
2025.11.03	10:20:00	154.132	154.178	154.073	154.09	1412	0	20
2025.11.03	10:40:00	154.088	154.151	154.04	154.098	951	0	20
2025.11.03	11:00:00	154.099	154.15	154.075	154.139	1161	0	20
2025.11.03	11:20:00	154.138	154.144	154.094	154.109	1052	0	20
2025.11.03	11:40:00	154.109	154.159	154.095	154.155	673	0	20
2025.11.03	12:00:00	154.155	154.18	154.135	154.163	1127	0	20
2025.11.03	12:20:00	154.162	154.163	154.12	154.139	774	0	20
2025.11.03	12:40:00	154.139	154.172	154.133	154.159	669	0	20
2025.11.03	13:00:00	154.158	154.175	154.134	154.154	564	0	20
2025.11.03	13:20:00	154.155	154.158	154.086	154.117	708	0	20
2025.11.03	13:40:00	154.12	154.155	154.111	154.141	621	0	20
2025.11.03	14:00:00	154.14	154.171	154.134	154.154	539	0	21
2025.11.03	14:20:00	154.154	154.165	154.131	154.138	583	0	20
2025.11.03	14:40:00	154.14	154.178	154.131	154.171	640	0	20
2025.11.03	15:00:00	154.173	154.234	154.165	154.224	1639	0	20
2025.11.03	15:20:00	154.228	154.271	154.218	154.257	1051	0	20
2025.11.03	15:40:00	154.258	154.286	154.226	154.238	1073	0	20
2025.11.03	16:00:00	154.239	154.261	154.203	154.26	920	0	20
2025.11.03	16:20:00	154.261	154.261	154.182	154.204	1196	0	20
2025.11.03	16:40:00	154.204	154.212	154.064	154.085	1426	0	20
2025.11.03	17:00:00	154.001	154.082	153.903	153.995	2924	0	20
2025.11.03	17:20:00	153.994	154.136	153.971	154.135	2182	0	20
2025.11.03	17:40:00	154.136	154.149	154.083	154.088	2020	0	20
2025.11.03	18:00:00	154.087	154.148	154.071	154.134	1589	0	20
2025.11.03	18:20:00	154.134	154.154	154.105	154.107	1401	0	20
2025.11.03	18:40:00	154.106	154.143	154.057	154.121	649	0	20
2025.11.03	19:00:00	154.12	154.136	154.049	154.086	992	0	20
2025.11.03	19:20:00	154.084	154.129	154.059	154.129	1090	0	20
2025.11.03	19:40:00	154.125	154.164	154.109	154.143	722	0	20
2025.11.03	20:00:00	154.144	154.177	154.106	154.167	526	0	20
2025.11.03	20:20:00	154.168	154.228	154.166	154.191	609	0	20
2025.11.03	20:40:00	154.191	154.194	154.148	154.157	643	0	20
2025.11.03	21:00:00	154.158	154.21	154.128	154.201	856	0	20
2025.11.03	21:20:00	154.202	154.242	154.2	154.216	444	0	20
2025.11.03	21:40:00	154.216	154.217	154.159	154.181	908	0	20
2025.11.03	22:00:00	154.18	154.195	154.164	154.18	770	0	20
2025.11.03	22:20:00	154.179	154.208	154.165	154.189	629	0	20
2025.11.03	22:40:00	154.189	154.194	154.165	154.184	724	0	20
2025.11.03	23:00:00	154.185	154.207	154.179	154.181	383	0	22
2025.11.03	23:20:00	154.178	154.199	154.169	154.183	178	0	21
2025.11.03	23:40:00	154.184	154.204	154.183	154.197	635	0	23
2025.11.04	00:00:00	154.198	154.231	154.187	154.192	99	0	34
2025.11.04	00:20:00	154.192	154.219	154.19	154.199	108	0	46
2025.11.04	00:40:00	154.2	154.205	154.18	154.195	252	0	40
2025.11.04	01:00:00	154.195	154.214	154.16	154.171	149	0	23
2025.11.04	01:20:00	154.17	154.211	154.16	154.208	206	0	22
2025.11.04	01:40:00	154.207	154.207	154.171	154.199	499	0	20
2025.11.04	02:00:00	154.2	154.39	154.188	154.32	1883	0	20
2025.11.04	02:20:00	154.319	154.33	154.221	154.275	1189	0	20
2025.11.04	02:40:00	154.276	154.352	154.26	154.327	1605	0	20
2025.11.04	03:00:00	154.33	154.402	154.301	154.351	1710	0	20
2025.11.04	03:20:00	154.351	154.472	154.347	154.365	1586	0	20
2025.11.04	03:40:00	154.364	154.364	154.29	154.319	1045	0	20
2025.11.04	04:00:00	154.32	154.347	154.254	154.285	1098	0	20
2025.11.04	04:20:00	154.285	154.308	154.146	154.195	872	0	20
2025.11.04	04:40:00	154.191	154.221	154.095	154.098	796	0	20
2025.11.04	05:00:00	154.097	154.138	154.063	154.109	652	0	20
2025.11.04	05:20:00	154.108	154.147	154.045	154.058	830	0	20
2025.11.04	05:40:00	154.057	154.102	154.043	154.074	784	0	20
2025.11.04	06:00:00	154.075	154.091	154.058	154.067	483	0	20
2025.11.04	06:20:00	154.067	154.077	153.842	153.86	1087	0	20
2025.11.04	06:40:00	153.861	154.055	153.798	154.051	1136	0	20
2025.11.04	07:00:00	154.052	154.073	153.881	153.903	1037	0	20
2025.11.04	07:20:00	153.901	153.936	153.726	153.773	1083	0	20
2025.11.04	07:40:00	153.773	153.779	153.677	153.721	1391	0	20
2025.11.04	08:00:00	153.721	153.78	153.59	153.652	1510	0	20
2025.11.04	08:20:00	153.652	153.658	153.483	153.554	1779	0	20
2025.11.04	08:40:00	153.552	153.664	153.527	153.614	1173	0	20
2025.11.04	09:00:00	153.615	153.622	153.447	153.451	1427	0	20
2025.11.04	09:20:00	153.451	153.484	153.321	153.362	1507	0	20
2025.11.04	09:40:00	153.358	153.594	153.338	153.569	1105	0	20
2025.11.04	10:00:00	153.577	153.591	153.375	153.405	2381	0	20
2025.11.04	10:20:00	153.395	153.684	153.385	153.678	1921	0	20
2025.11.04	10:40:00	153.677	153.687	153.609	153.638	1427	0	20
2025.11.04	11:00:00	153.639	153.709	153.612	153.696	1075	0	20
2025.11.04	11:20:00	153.697	153.745	153.471	153.495	1829	0	20
2025.11.04	11:40:00	153.495	153.572	153.393	153.473	1436	0	20
2025.11.04	12:00:00	153.473	153.475	153.305	153.45	1682	0	20
2025.11.04	12:20:00	153.452	153.533	153.437	153.516	1061	0	20
2025.11.04	12:40:00	153.517	153.59	153.482	153.567	889	0	20
2025.11.04	13:00:00	153.566	153.581	153.435	153.468	962	0	20
2025.11.04	13:20:00	153.467	153.486	153.361	153.472	845	0	20
2025.11.04	13:40:00	153.473	153.574	153.444	153.561	931	0	20
2025.11.04	14:00:00	153.559	153.583	153.498	153.534	854	0	20
2025.11.04	14:20:00	153.526	153.616	153.494	153.58	963	0	20
2025.11.04	14:40:00	153.58	153.58	153.506	153.518	903	0	20
2025.11.04	15:00:00	153.516	153.531	153.415	153.438	1228	0	20
2025.11.04	15:20:00	153.439	153.481	153.361	153.363	1062	0	20
2025.11.04	15:40:00	153.364	153.427	153.307	153.377	955	0	20
2025.11.04	16:00:00	153.376	153.536	153.359	153.512	1626	0	20
2025.11.04	16:20:00	153.509	153.515	153.432	153.457	1636	0	20
2025.11.04	16:40:00	153.454	153.514	153.38	153.467	1660	0	20
2025.11.04	17:00:00	153.466	153.586	153.424	153.494	1943	0	20
2025.11.04	17:20:00	153.495	153.496	153.358	153.378	1538	0	20
2025.11.04	17:40:00	153.378	153.435	153.329	153.373	1578	0	20
2025.11.04	18:00:00	153.372	153.424	153.328	153.348	1708	0	20
2025.11.04	18:20:00	153.35	153.49	153.348	153.489	1278	0	20
2025.11.04	18:40:00	153.489	153.542	153.473	153.54	933	0	20
2025.11.04	19:00:00	153.54	153.567	153.519	153.537	1063	0	20
2025.11.04	19:20:00	153.53	153.567	153.512	153.557	1090	0	20
2025.11.04	19:40:00	153.558	153.631	153.54	153.58	788	0	20
2025.11.04	20:00:00	153.58	153.631	153.563	153.574	542	0	20
2025.11.04	20:20:00	153.574	153.65	153.548	153.589	562	0	20
2025.11.04	20:40:00	153.59	153.592	153.537	153.553	878	0	20
2025.11.04	21:00:00	153.554	153.603	153.552	153.595	1010	0	20
2025.11.04	21:20:00	153.595	153.632	153.571	153.587	827	0	20
2025.11.04	21:40:00	153.582	153.626	153.562	153.623	1002	0	20
2025.11.04	22:00:00	153.622	153.676	153.621	153.641	609	0	20
2025.11.04	22:20:00	153.642	153.681	153.63	153.652	795	0	20
2025.11.04	22:40:00	153.651	153.669	153.611	153.618	723	0	20
2025.11.04	23:00:00	153.617	153.656	153.609	153.633	522	0	20
2025.11.04	23:20:00	153.634	153.65	153.589	153.602	388	0	20
2025.11.04	23:40:00	153.601	153.67	153.596	153.65	998	0	20
2025.11.05	00:00:00	153.649	153.649	153.621	153.628	67	0	38
2025.11.05	00:20:00	153.626	153.63	153.611	153.617	56	0	49
2025.11.05	00:40:00	153.617	153.65	153.614	153.635	103	0	30
2025.11.05	01:00:00	153.628	153.682	153.618	153.667	376	0	23
2025.11.05	01:20:00	153.666	153.667	153.624	153.627	348	0	22
2025.11.05	01:40:00	153.63	153.643	153.496	153.54	986	0	20
2025.11.05	02:00:00	153.54	153.74	153.488	153.561	2352	0	20
2025.11.05	02:20:00	153.561	153.606	153.409	153.454	1667	0	20
2025.11.05	02:40:00	153.454	153.464	153.219	153.227	2781	0	20
2025.11.05	03:00:00	153.228	153.284	153.014	153.057	2825	0	20
2025.11.05	03:20:00	153.056	153.173	152.994	153.031	2352	0	20
2025.11.05	03:40:00	153.03	153.171	152.948	153.153	2375	0	20
2025.11.05	04:00:00	153.15	153.222	153.054	153.186	1863	0	20
2025.11.05	04:20:00	153.191	153.231	153.089	153.194	1465	0	20
2025.11.05	04:40:00	153.193	153.314	153.189	153.308	1141	0	20
2025.11.05	05:00:00	153.309	153.357	153.29	153.342	1076	0	20
2025.11.05	05:20:00	153.341	153.433	153.301	153.349	1391	0	20
2025.11.05	05:40:00	153.351	153.557	153.343	153.502	2315	0	20
2025.11.05	06:00:00	153.501	153.518	153.382	153.384	1655	0	20
2025.11.05	06:20:00	153.383	153.469	153.38	153.451	977	0	20
2025.11.05	06:40:00	153.451	153.485	153.425	153.474	937	0	20
2025.11.05	07:00:00	153.471	153.541	153.464	153.538	947	0	20
2025.11.05	07:20:00	153.538	153.556	153.489	153.523	922	0	20
2025.11.05	07:40:00	153.53	153.543	153.397	153.51	1215	0	20
2025.11.05	08:00:00	153.51	153.599	153.442	153.594	1242	0	20
2025.11.05	08:20:00	153.594	153.679	153.585	153.66	1391	0	20
2025.11.05	08:40:00	153.66	153.732	153.65	153.656	767	0	20
2025.11.05	09:00:00	153.657	153.679	153.473	153.627	1627	0	20
2025.11.05	09:20:00	153.628	153.673	153.438	153.464	1362	0	20
2025.11.05	09:40:00	153.464	153.587	153.462	153.55	1026	0	20
2025.11.05	10:00:00	153.549	153.653	153.502	153.595	1995	0	20
2025.11.05	10:20:00	153.596	153.598	153.484	153.509	1149	0	20
2025.11.05	10:40:00	153.509	153.528	153.406	153.487	1156	0	20
2025.11.05	11:00:00	153.488	153.565	153.476	153.514	1216	0	20
2025.11.05	11:20:00	153.517	153.578	153.498	153.56	797	0	20
2025.11.05	11:40:00	153.56	153.696	153.547	153.677	968	0	20
2025.11.05	12:00:00	153.678	153.832	153.677	153.731	1612	0	20
2025.11.05	12:20:00	153.73	153.749	153.673	153.684	855	0	20
2025.11.05	12:40:00	153.684	153.707	153.609	153.616	689	0	20
2025.11.05	13:00:00	153.615	153.699	153.596	153.646	588	0	20
2025.11.05	13:20:00	153.645	153.661	153.601	153.617	686	0	20
2025.11.05	13:40:00	153.616	153.643	153.563	153.606	526	0	20
2025.11.05	14:00:00	153.606	153.663	153.553	153.655	748	0	20
2025.11.05	14:20:00	153.654	153.713	153.636	153.702	726	0	20
2025.11.05	14:40:00	153.7	153.738	153.664	153.699	779	0	20
2025.11.05	15:00:00	153.698	153.87	153.679	153.82	1496	0	20
2025.11.05	15:20:00	153.821	153.935	153.758	153.909	1791	0	20
2025.11.05	15:40:00	153.91	153.98	153.91	153.97	1288	0	20
2025.11.05	16:00:00	153.97	154.024	153.936	153.978	1452	0	20
2025.11.05	16:20:00	153.978	153.99	153.904	153.944	1517	0	20
2025.11.05	16:40:00	153.943	153.976	153.886	153.922	1580	0	20
2025.11.05	17:00:00	153.957	154.302	153.957	154.214	4091	0	20
2025.11.05	17:20:00	154.214	154.231	154.13	154.214	2377	0	20
2025.11.05	17:40:00	154.218	154.296	154.218	154.295	2115	0	20
2025.11.05	18:00:00	154.297	154.345	154.204	154.207	1855	0	20
2025.11.05	18:20:00	154.206	154.286	154.194	154.237	1106	0	20
2025.11.05	18:40:00	154.238	154.273	154.095	154.111	1256	0	20
2025.11.05	19:00:00	154.111	154.111	154.051	154.082	1005	0	20
2025.11.05	19:20:00	154.085	154.103	154.05	154.099	460	0	20
2025.11.05	19:40:00	154.098	154.127	154.045	154.066	642	0	20
2025.11.05	20:00:00	154.066	154.066	153.996	154.005	614	0	20
2025.11.05	20:20:00	154.004	154.09	153.996	154.085	556	0	20
2025.11.05	20:40:00	154.087	154.132	154.054	154.116	540	0	20
2025.11.05	21:00:00	154.116	154.119	154.048	154.11	575	0	20
2025.11.05	21:20:00	154.111	154.116	154.082	154.085	522	0	20
2025.11.05	21:40:00	154.085	154.112	154.078	154.098	665	0	20
2025.11.05	22:00:00	154.099	154.124	154.075	154.089	465	0	20
2025.11.05	22:20:00	154.088	154.124	154.081	154.099	534	0	20
2025.11.05	22:40:00	154.099	154.125	154.072	154.112	504	0	20
2025.11.05	23:00:00	154.112	154.133	154.09	154.109	492	0	20
2025.11.05	23:20:00	154.11	154.113	154.08	154.08	342	0	21
2025.11.05	23:40:00	154.081	154.109	154.08	154.102	708	0	20
2025.11.06	00:00:00	154.105	154.105	154.076	154.089	52	0	36
2025.11.06	00:20:00	154.088	154.092	154.015	154.057	213	0	33
2025.11.06	00:40:00	154.056	154.065	154.051	154.056	177	0	40
2025.11.06	01:00:00	154.056	154.059	153.991	153.995	447	0	21
2025.11.06	01:20:00	153.995	154.035	153.969	154.03	401	0	22
2025.11.06	01:40:00	154.027	154.082	154.024	154.078	582	0	21
2025.11.06	02:00:00	154.079	154.131	153.901	153.921	1502	0	20
2025.11.06	02:20:00	153.924	153.964	153.84	153.922	1401	0	20
2025.11.06	02:40:00	153.923	153.965	153.864	153.879	1539	0	20
2025.11.06	03:00:00	153.879	153.879	153.792	153.831	1576	0	20
2025.11.06	03:20:00	153.83	153.931	153.822	153.89	1001	0	20
2025.11.06	03:40:00	153.891	153.932	153.851	153.861	702	0	20
2025.11.06	04:00:00	153.861	153.877	153.783	153.877	645	0	20
2025.11.06	04:20:00	153.878	153.946	153.842	153.941	671	0	20
2025.11.06	04:40:00	153.942	153.991	153.923	153.937	615	0	20
2025.11.06	05:00:00	153.937	153.983	153.872	153.888	476	0	20
2025.11.06	05:20:00	153.888	153.922	153.823	153.85	578	0	20
2025.11.06	05:40:00	153.851	153.889	153.85	153.859	485	0	20
2025.11.06	06:00:00	153.858	153.907	153.85	153.903	453	0	20
2025.11.06	06:20:00	153.904	153.989	153.898	153.972	424	0	20
2025.11.06	06:40:00	153.971	154.016	153.929	153.942	670	0	20
2025.11.06	07:00:00	153.945	153.996	153.862	153.873	754	0	20
2025.11.06	07:20:00	153.874	153.883	153.824	153.837	574	0	20
2025.11.06	07:40:00	153.84	153.874	153.82	153.874	782	0	20
2025.11.06	08:00:00	153.875	153.893	153.798	153.863	946	0	20
2025.11.06	08:20:00	153.864	153.949	153.844	153.933	642	0	20
2025.11.06	08:40:00	153.932	153.996	153.925	153.972	571	0	20
2025.11.06	09:00:00	153.972	153.983	153.912	153.923	766	0	20
2025.11.06	09:20:00	153.923	153.932	153.802	153.805	824	0	20
2025.11.06	09:40:00	153.804	153.87	153.764	153.856	1312	0	20
2025.11.06	10:00:00	153.857	153.86	153.691	153.724	1882	0	20
2025.11.06	10:20:00	153.724	153.731	153.655	153.727	1130	0	20
2025.11.06	10:40:00	153.726	153.752	153.521	153.55	1310	0	20
2025.11.06	11:00:00	153.552	153.725	153.547	153.72	1391	0	20
2025.11.06	11:20:00	153.719	153.741	153.659	153.706	667	0	20
2025.11.06	11:40:00	153.706	153.762	153.66	153.709	665	0	20
2025.11.06	12:00:00	153.709	153.761	153.706	153.723	696	0	20
2025.11.06	12:20:00	153.721	153.752	153.691	153.74	944	0	20
2025.11.06	12:40:00	153.74	153.763	153.729	153.736	543	0	20
2025.11.06	13:00:00	153.734	153.754	153.7	153.709	658	0	20
2025.11.06	13:20:00	153.709	153.716	153.6	153.607	704	0	20
2025.11.06	13:40:00	153.609	153.671	153.579	153.636	516	0	20
2025.11.06	14:00:00	153.637	153.676	153.579	153.644	1368	0	20
2025.11.06	14:20:00	153.645	153.731	153.636	153.653	1327	0	20
2025.11.06	14:40:00	153.652	153.661	153.591	153.597	928	0	20
2025.11.06	15:00:00	153.597	153.626	153.547	153.58	1073	0	20
2025.11.06	15:20:00	153.582	153.607	153.395	153.452	1253	0	20
2025.11.06	15:40:00	153.452	153.522	153.403	153.492	1406	0	20
2025.11.06	16:00:00	153.493	153.55	153.444	153.51	1512	0	20
2025.11.06	16:20:00	153.51	153.559	153.485	153.554	1644	0	20
2025.11.06	16:40:00	153.553	153.577	153.375	153.4	1926	0	20
2025.11.06	17:00:00	153.4	153.4	153.261	153.28	1903	0	20
2025.11.06	17:20:00	153.284	153.379	153.218	153.247	1911	0	20
2025.11.06	17:40:00	153.248	153.273	153.032	153.034	2355	0	20
2025.11.06	18:00:00	153.033	153.158	153.025	153.075	2105	0	20
2025.11.06	18:20:00	153.076	153.124	153.006	153.017	1950	0	20
2025.11.06	18:40:00	153.018	153.076	152.965	152.971	1554	0	20
2025.11.06	19:00:00	152.971	153.05	152.84	152.842	2063	0	20
2025.11.06	19:20:00	152.842	152.936	152.82	152.843	1208	0	20
2025.11.06	19:40:00	152.842	153.053	152.834	153.003	834	0	20
2025.11.06	20:00:00	153.003	153.078	152.908	152.972	1121	0	20
2025.11.06	20:20:00	152.974	153.052	152.944	153.037	1025	0	20
2025.11.06	20:40:00	153.035	153.076	153.004	153.041	1529	0	20
2025.11.06	21:00:00	153.04	153.085	153.018	153.082	1212	0	20
2025.11.06	21:20:00	153.082	153.137	153.055	153.136	890	0	20
2025.11.06	21:40:00	153.134	153.148	153.065	153.134	1012	0	20
2025.11.06	22:00:00	153.132	153.133	153.082	153.083	1065	0	20
2025.11.06	22:20:00	153.085	153.134	153.082	153.13	606	0	20
2025.11.06	22:40:00	153.13	153.132	152.989	153.021	1046	0	20
2025.11.06	23:00:00	153.021	153.068	152.999	153.013	399	0	20
2025.11.06	23:20:00	153.013	153.062	152.989	153.051	249	0	20
2025.11.06	23:40:00	153.052	153.091	153.034	153.052	565	0	21
2025.11.07	00:00:00	153.049	153.049	152.936	153.03	1643	0	38
2025.11.07	00:20:00	153.032	153.062	153.017	153.06	203	0	53
2025.11.07	00:40:00	153.06	153.075	153.017	153.045	623	0	44
2025.11.07	01:00:00	153.045	153.053	152.911	152.914	488	0	21
2025.11.07	01:20:00	152.915	152.963	152.853	152.894	637	0	20
2025.11.07	01:40:00	152.891	152.98	152.809	152.943	887	0	20
2025.11.07	02:00:00	152.942	153.07	152.847	152.97	2622	0	20
2025.11.07	02:20:00	152.972	153.184	152.942	153.176	1604	0	20
2025.11.07	02:40:00	153.175	153.24	153.145	153.175	2135	0	20
2025.11.07	03:00:00	153.174	153.297	153.134	153.212	2100	0	20
2025.11.07	03:20:00	153.209	153.28	153.041	153.156	1799	0	20
2025.11.07	03:40:00	153.157	153.191	153.097	153.119	1349	0	20
2025.11.07	04:00:00	153.118	153.126	153.012	153.024	822	0	20
2025.11.07	04:20:00	153.024	153.083	152.953	153.06	1011	0	20
2025.11.07	04:40:00	153.06	153.165	153.047	153.137	678	0	20
2025.11.07	05:00:00	153.136	153.179	153.09	153.095	867	0	20
2025.11.07	05:20:00	153.094	153.116	153.051	153.054	854	0	20
2025.11.07	05:40:00	153.055	153.072	153.008	153.05	896	0	20
2025.11.07	06:00:00	153.052	153.139	153.005	153.132	1205	0	20
2025.11.07	06:20:00	153.131	153.17	153.043	153.059	888	0	20
2025.11.07	06:40:00	153.059	153.125	153.055	153.104	722	0	20
2025.11.07	07:00:00	153.105	153.231	153.102	153.208	1082	0	20
2025.11.07	07:20:00	153.207	153.253	153.162	153.253	823	0	20
2025.11.07	07:40:00	153.252	153.357	153.231	153.341	832	0	20
2025.11.07	08:00:00	153.341	153.437	153.341	153.408	1127	0	20
2025.11.07	08:20:00	153.408	153.5	153.406	153.48	1008	0	20
2025.11.07	08:40:00	153.48	153.515	153.445	153.499	849	0	20
2025.11.07	09:00:00	153.498	153.53	153.394	153.411	1052	0	20
2025.11.07	09:20:00	153.412	153.471	153.371	153.464	836	0	20
2025.11.07	09:40:00	153.465	153.495	153.378	153.378	1140	0	20
2025.11.07	10:00:00	153.378	153.479	153.352	153.395	1698	0	20
2025.11.07	10:20:00	153.394	153.459	153.338	153.362	1154	0	20
2025.11.07	10:40:00	153.362	153.503	153.354	153.498	1519	0	20
2025.11.07	11:00:00	153.5	153.511	153.431	153.473	1314	0	20
2025.11.07	11:20:00	153.472	153.494	153.432	153.454	849	0	20
2025.11.07	11:40:00	153.452	153.487	153.435	153.482	1176	0	20
2025.11.07	12:00:00	153.482	153.486	153.425	153.434	805	0	20
2025.11.07	12:20:00	153.434	153.438	153.312	153.36	773	0	20
2025.11.07	12:40:00	153.361	153.362	153.314	153.341	791	0	20
2025.11.07	13:00:00	153.342	153.351	153.121	153.167	1299	0	20
2025.11.07	13:20:00	153.167	153.172	153.0	153.027	1242	0	20
2025.11.07	13:40:00	153.026	153.148	153.023	153.12	1035	0	20
2025.11.07	14:00:00	153.119	153.165	153.061	153.061	1190	0	20
2025.11.07	14:20:00	153.061	153.157	153.04	153.143	1126	0	20
2025.11.07	14:40:00	153.143	153.145	153.029	153.087	1095	0	20
2025.11.07	15:00:00	153.086	153.115	152.998	153.046	2046	0	20
2025.11.07	15:20:00	153.046	153.235	153.041	153.221	2042	0	20
2025.11.07	15:40:00	153.222	153.366	153.165	153.348	2022	0	20
2025.11.07	16:00:00	153.348	153.421	153.302	153.363	1927	0	20
2025.11.07	16:20:00	153.362	153.467	153.13	153.144	3001	0	20
2025.11.07	16:40:00	153.144	153.322	153.127	153.322	3747	0	20
2025.11.07	17:00:00	153.321	153.321	153.013	153.176	3862	0	20
2025.11.07	17:20:00	153.176	153.179	153.02	153.035	3114	0	20
2025.11.07	17:40:00	153.034	153.185	153.034	153.128	2354	0	20
2025.11.07	18:00:00	153.127	153.167	153.022	153.099	2300	0	20
2025.11.07	18:20:00	153.097	153.151	153.007	153.023	2218	0	20
2025.11.07	18:40:00	153.022	153.082	153.004	153.053	1644	0	20
2025.11.07	19:00:00	153.053	153.187	153.031	153.164	1843	0	20
2025.11.07	19:20:00	153.165	153.214	153.126	153.129	1386	0	20
2025.11.07	19:40:00	153.13	153.13	153.042	153.086	1490	0	20
2025.11.07	20:00:00	153.085	153.129	153.025	153.129	1169	0	20
2025.11.07	20:20:00	153.128	153.2	153.113	153.176	1066	0	20
2025.11.07	20:40:00	153.175	153.257	153.128	153.247	1004	0	20
2025.11.07	21:00:00	153.248	153.29	153.211	153.224	1270	0	20
2025.11.07	21:20:00	153.227	153.443	153.223	153.44	1321	0	20
2025.11.07	21:40:00	153.443	153.573	153.443	153.548	2107	0	20
2025.11.07	22:00:00	153.549	153.585	153.382	153.431	1915	0	20
2025.11.07	22:20:00	153.431	153.47	153.402	153.424	1556	0	20
2025.11.07	22:40:00	153.424	153.428	153.35	153.421	1390	0	20
2025.11.07	23:00:00	153.42	153.47	153.395	153.414	585	0	20
2025.11.07	23:20:00	153.414	153.472	153.404	153.453	292	0	20
2025.11.07	23:40:00	153.452	153.465	153.401	153.428	854	0	22
2025.11.10	00:00:00	153.631	153.73	153.631	153.692	159	0	47
2025.11.10	00:20:00	153.692	153.697	153.49	153.607	361	0	43
2025.11.10	00:40:00	153.607	153.719	153.606	153.682	359	0	30
2025.11.10	01:00:00	153.68	153.829	153.676	153.819	1234	0	20
2025.11.10	01:20:00	153.819	153.838	153.761	153.781	868	0	20
2025.11.10	01:40:00	153.785	153.853	153.748	153.816	1416	0	20
2025.11.10	02:00:00	153.816	153.887	153.387	153.875	2760	0	20
2025.11.10	02:20:00	153.875	153.906	153.737	153.809	2522	0	20
2025.11.10	02:40:00	153.808	153.87	153.731	153.846	2529	0	20
2025.11.10	03:00:00	153.846	153.94	153.804	153.823	2298	0	20
2025.11.10	03:20:00	153.824	153.846	153.786	153.798	1424	0	20
2025.11.10	03:40:00	153.798	153.834	153.766	153.822	982	0	20
2025.11.10	04:00:00	153.822	153.873	153.791	153.851	1023	0	20
2025.11.10	04:20:00	153.853	153.886	153.792	153.86	889	0	20
2025.11.10	04:40:00	153.861	153.89	153.827	153.881	615	0	20
2025.11.10	05:00:00	153.882	153.98	153.879	153.974	1014	0	20
2025.11.10	05:20:00	153.976	154.016	153.934	153.935	1020	0	20
2025.11.10	05:40:00	153.936	153.986	153.921	153.924	957	0	20
2025.11.10	06:00:00	153.924	153.944	153.876	153.913	1295	0	20
2025.11.10	06:20:00	153.913	153.913	153.777	153.821	1035	0	20
2025.11.10	06:40:00	153.82	153.871	153.811	153.87	1086	0	20
2025.11.10	07:00:00	153.871	154.06	153.858	153.998	1238	0	20
2025.11.10	07:20:00	153.999	154.004	153.91	153.937	1096	0	20
2025.11.10	07:40:00	153.938	153.944	153.878	153.932	1145	0	20
2025.11.10	08:00:00	153.931	153.99	153.892	153.975	1320	0	20
2025.11.10	08:20:00	153.976	154.025	153.941	153.965	1084	0	20
2025.11.10	08:40:00	153.97	154.073	153.944	154.017	1673	0	20
2025.11.10	09:00:00	154.018	154.115	153.973	154.101	1836	0	20
2025.11.10	09:20:00	154.102	154.14	153.948	153.966	1264	0	20
2025.11.10	09:40:00	153.966	154.052	153.941	154.035	1481	0	20
2025.11.10	10:00:00	154.035	154.092	153.939	153.974	2194	0	20
2025.11.10	10:20:00	153.972	154.052	153.953	154.008	1367	0	20
2025.11.10	10:40:00	154.007	154.17	154.007	154.161	1420	0	20
2025.11.10	11:00:00	154.16	154.221	154.137	154.183	1429	0	20
2025.11.10	11:20:00	154.183	154.218	154.146	154.188	1156	0	20
2025.11.10	11:40:00	154.188	154.196	154.136	154.148	1228	0	20
2025.11.10	12:00:00	154.149	154.164	154.052	154.082	891	0	20
2025.11.10	12:20:00	154.082	154.167	154.069	154.116	721	0	20
2025.11.10	12:40:00	154.116	154.169	154.102	154.149	827	0	20
2025.11.10	13:00:00	154.15	154.239	154.15	154.18	888	0	20
2025.11.10	13:20:00	154.18	154.19	154.157	154.176	694	0	20
2025.11.10	13:40:00	154.176	154.19	154.105	154.122	688	0	20
2025.11.10	14:00:00	154.121	154.157	154.072	154.073	725	0	20
2025.11.10	14:20:00	154.074	154.08	154.031	154.072	806	0	20
2025.11.10	14:40:00	154.071	154.152	154.067	154.107	1008	0	20
2025.11.10	15:00:00	154.107	154.128	154.053	154.061	1045	0	20
2025.11.10	15:20:00	154.062	154.093	154.026	154.051	1169	0	20
2025.11.10	15:40:00	154.052	154.072	153.974	154.049	1334	0	20
2025.11.10	16:00:00	154.05	154.069	154.013	154.042	1075	0	20
2025.11.10	16:20:00	154.043	154.134	153.994	154.03	1821	0	20
2025.11.10	16:40:00	154.029	154.155	153.998	154.071	1852	0	20
2025.11.10	17:00:00	154.072	154.109	154.0	154.015	1662	0	20
2025.11.10	17:20:00	154.016	154.105	154.006	154.08	1296	0	20
2025.11.10	17:40:00	154.08	154.133	154.017	154.018	1681	0	20
2025.11.10	18:00:00	154.018	154.057	153.929	153.952	1619	0	20
2025.11.10	18:20:00	153.952	154.001	153.881	153.915	1520	0	20
2025.11.10	18:40:00	153.918	154.0	153.911	153.986	1326	0	20
2025.11.10	19:00:00	153.985	154.033	153.939	153.986	1588	0	20
2025.11.10	19:20:00	153.988	154.01	153.913	153.94	917	0	20
2025.11.10	19:40:00	153.94	153.976	153.939	153.945	1068	0	20
2025.11.10	20:00:00	153.946	153.952	153.914	153.932	1015	0	20
2025.11.10	20:20:00	153.933	154.0	153.926	153.995	881	0	20
2025.11.10	20:40:00	153.994	154.01	153.974	153.982	552	0	20
2025.11.10	21:00:00	153.982	153.998	153.944	153.961	465	0	20
2025.11.10	21:20:00	153.961	153.998	153.95	153.998	460	0	20
2025.11.10	21:40:00	153.999	154.064	153.963	154.042	986	0	20
2025.11.10	22:00:00	154.041	154.073	153.988	154.001	880	0	20
2025.11.10	22:20:00	154.001	154.047	154.001	154.043	839	0	20
2025.11.10	22:40:00	154.042	154.047	154.004	154.02	973	0	20
2025.11.10	23:00:00	154.02	154.067	154.013	154.066	400	0	21
2025.11.10	23:20:00	154.066	154.113	154.055	154.078	466	0	21
2025.11.10	23:40:00	154.078	154.16	154.078	154.131	559	0	22
2025.11.11	00:00:00	154.131	154.131	153.913	154.058	68	0	39
2025.11.11	00:20:00	154.057	154.063	154.05	154.058	235	0	41
2025.11.11	00:40:00	154.06	154.064	154.04	154.044	276	0	40
2025.11.11	01:00:00	154.04	154.104	154.037	154.086	495	0	20
2025.11.11	01:20:00	154.085	154.097	154.04	154.067	496	0	22
2025.11.11	01:40:00	154.067	154.146	154.064	154.14	956	0	20
2025.11.11	02:00:00	154.138	154.191	154.092	154.115	1588	0	20
2025.11.11	02:20:00	154.114	154.266	154.108	154.262	1337	0	20
2025.11.11	02:40:00	154.262	154.302	154.209	154.301	1815	0	20
2025.11.11	03:00:00	154.302	154.423	154.302	154.387	1880	0	20
2025.11.11	03:20:00	154.387	154.486	154.344	154.385	1446	0	20
2025.11.11	03:40:00	154.385	154.406	154.313	154.313	1161	0	20
2025.11.11	04:00:00	154.313	154.38	154.248	154.318	1100	0	20
2025.11.11	04:20:00	154.321	154.353	154.294	154.346	726	0	20
2025.11.11	04:40:00	154.346	154.382	154.339	154.357	1192	0	20
2025.11.11	05:00:00	154.356	154.356	154.254	154.286	815	0	20
2025.11.11	05:20:00	154.285	154.285	154.21	154.231	1079	0	20
2025.11.11	05:40:00	154.232	154.269	154.217	154.256	720	0	20
2025.11.11	06:00:00	154.256	154.335	154.216	154.29	809	0	20
2025.11.11	06:20:00	154.291	154.342	154.29	154.324	658	0	20
2025.11.11	06:40:00	154.325	154.325	154.286	154.291	594	0	20
2025.11.11	07:00:00	154.292	154.299	154.188	154.194	1091	0	20
2025.11.11	07:20:00	154.196	154.221	154.156	154.172	1146	0	20
2025.11.11	07:40:00	154.172	154.201	154.079	154.118	1009	0	20
2025.11.11	08:00:00	154.118	154.197	154.079	154.193	879	0	20
2025.11.11	08:20:00	154.193	154.247	154.179	154.234	659	0	20
2025.11.11	08:40:00	154.233	154.258	154.178	154.188	881	0	20
2025.11.11	09:00:00	154.188	154.241	154.175	154.196	1120	0	20
2025.11.11	09:20:00	154.195	154.212	154.141	154.182	1018	0	20
2025.11.11	09:40:00	154.182	154.241	154.164	154.181	1604	0	20
2025.11.11	10:00:00	154.181	154.302	154.157	154.291	1597	0	20
2025.11.11	10:20:00	154.29	154.349	154.261	154.329	1540	0	20
2025.11.11	10:40:00	154.33	154.379	154.299	154.369	1095	0	20
2025.11.11	11:00:00	154.369	154.433	154.35	154.395	1432	0	20
2025.11.11	11:20:00	154.399	154.407	154.276	154.278	1008	0	20
2025.11.11	11:40:00	154.277	154.333	154.275	154.32	765	0	20
2025.11.11	12:00:00	154.321	154.352	154.289	154.293	899	0	20
2025.11.11	12:20:00	154.292	154.304	154.242	154.254	762	0	20
2025.11.11	12:40:00	154.254	154.254	154.201	154.235	836	0	20
2025.11.11	13:00:00	154.234	154.256	154.208	154.242	785	0	20
2025.11.11	13:20:00	154.243	154.251	154.205	154.216	719	0	20
2025.11.11	13:40:00	154.216	154.247	154.206	154.244	494	0	20
2025.11.11	14:00:00	154.243	154.257	154.17	154.198	679	0	20
2025.11.11	14:20:00	154.198	154.22	154.165	154.195	638	0	20
2025.11.11	14:40:00	154.196	154.21	154.159	154.184	720	0	20
2025.11.11	15:00:00	154.185	154.187	154.043	154.06	1101	0	20
2025.11.11	15:20:00	154.061	154.066	153.715	153.772	3673	0	20
2025.11.11	15:40:00	153.766	153.808	153.655	153.766	2324	0	20
2025.11.11	16:00:00	153.765	153.874	153.692	153.844	1699	0	20
2025.11.11	16:20:00	153.844	153.864	153.782	153.855	2055	0	20
2025.11.11	16:40:00	153.857	153.997	153.821	153.99	1938	0	20
2025.11.11	17:00:00	153.989	154.123	153.985	154.006	2608	0	20
2025.11.11	17:20:00	154.005	154.033	153.932	153.99	2290	0	20
2025.11.11	17:40:00	153.988	154.008	153.91	153.962	1799	0	20
2025.11.11	18:00:00	153.957	154.005	153.935	154.004	1326	0	20
2025.11.11	18:20:00	154.003	154.012	153.937	153.971	1239	0	20
2025.11.11	18:40:00	153.972	154.007	153.955	153.992	938	0	20
2025.11.11	19:00:00	153.991	154.053	153.991	154.028	1119	0	20
2025.11.11	19:20:00	154.027	154.114	154.025	154.075	945	0	20
2025.11.11	19:40:00	154.076	154.077	154.015	154.065	851	0	20
2025.11.11	20:00:00	154.064	154.092	154.048	154.051	577	0	20
2025.11.11	20:20:00	154.052	154.124	154.04	154.116	615	0	21
2025.11.11	20:40:00	154.117	154.135	154.085	154.098	744	0	20
2025.11.11	21:00:00	154.098	154.136	154.097	154.114	690	0	20
2025.11.11	21:20:00	154.115	154.124	154.063	154.064	695	0	20
2025.11.11	21:40:00	154.064	154.123	154.051	154.11	909	0	20
2025.11.11	22:00:00	154.111	154.118	154.072	154.074	833	0	20
2025.11.11	22:20:00	154.076	154.126	154.07	154.084	713	0	20
2025.11.11	22:40:00	154.085	154.134	154.084	154.111	936	0	20
2025.11.11	23:00:00	154.11	154.131	154.105	154.11	587	0	21
2025.11.11	23:20:00	154.111	154.138	154.107	154.133	317	0	23
2025.11.11	23:40:00	154.133	154.164	154.125	154.133	466	0	22
2025.11.12	00:00:00	154.131	154.131	154.093	154.1	31	0	42
2025.11.12	00:20:00	154.1	154.117	154.068	154.084	1004	0	45
2025.11.12	00:40:00	154.085	154.093	154.03	154.037	1619	0	31
2025.11.12	01:00:00	154.042	154.134	154.039	154.134	566	0	20
2025.11.12	01:20:00	154.134	154.146	154.103	154.12	389	0	20
2025.11.12	01:40:00	154.122	154.123	154.066	154.071	551	0	20
2025.11.12	02:00:00	154.074	154.153	154.037	154.083	2054	0	20
2025.11.12	02:20:00	154.083	154.247	154.071	154.234	1569	0	20
2025.11.12	02:40:00	154.234	154.294	154.187	154.288	1974	0	20
2025.11.12	03:00:00	154.289	154.341	154.251	154.31	1799	0	20
2025.11.12	03:20:00	154.309	154.33	154.262	154.329	1191	0	20
2025.11.12	03:40:00	154.328	154.335	154.282	154.312	900	0	20
2025.11.12	04:00:00	154.318	154.39	154.303	154.357	953	0	20
2025.11.12	04:20:00	154.356	154.402	154.331	154.377	881	0	20
2025.11.12	04:40:00	154.368	154.383	154.32	154.339	685	0	20
2025.11.12	05:00:00	154.34	154.369	154.251	154.254	672	0	20
2025.11.12	05:20:00	154.254	154.312	154.228	154.299	812	0	20
2025.11.12	05:40:00	154.298	154.338	154.292	154.335	457	0	20
2025.11.12	06:00:00	154.336	154.438	154.33	154.428	783	0	20
2025.11.12	06:20:00	154.429	154.646	154.427	154.645	1825	0	20
2025.11.12	06:40:00	154.645	154.734	154.609	154.727	1345	0	20
2025.11.12	07:00:00	154.728	154.781	154.604	154.669	1453	0	20
2025.11.12	07:20:00	154.669	154.672	154.555	154.582	2196	0	20
2025.11.12	07:40:00	154.583	154.679	154.578	154.632	997	0	20
2025.11.12	08:00:00	154.641	154.745	154.626	154.723	859	0	20
2025.11.12	08:20:00	154.724	154.724	154.621	154.633	756	0	20
2025.11.12	08:40:00	154.633	154.682	154.573	154.601	647	0	20
2025.11.12	09:00:00	154.602	154.618	154.481	154.487	1279	0	20
2025.11.12	09:20:00	154.488	154.643	154.488	154.627	1087	0	20
2025.11.12	09:40:00	154.63	154.66	154.583	154.609	936	0	20
2025.11.12	10:00:00	154.608	154.743	154.606	154.741	1776	0	20
2025.11.12	10:20:00	154.739	154.751	154.62	154.672	1757	0	20
2025.11.12	10:40:00	154.674	154.765	154.654	154.748	1744	0	20
2025.11.12	11:00:00	154.747	154.811	154.693	154.78	1730	0	20
2025.11.12	11:20:00	154.779	154.897	154.775	154.876	1376	0	20
2025.11.12	11:40:00	154.876	154.894	154.818	154.833	1489	0	20
2025.11.12	12:00:00	154.833	154.86	154.747	154.86	1427	0	20
2025.11.12	12:20:00	154.86	154.889	154.804	154.807	1141	0	20
2025.11.12	12:40:00	154.806	154.858	154.793	154.856	697	0	20
2025.11.12	13:00:00	154.854	154.878	154.843	154.859	571	0	20
2025.11.12	13:20:00	154.858	154.875	154.8	154.839	811	0	20
2025.11.12	13:40:00	154.84	154.862	154.793	154.794	920	0	20
2025.11.12	14:00:00	154.794	154.821	154.741	154.762	1202	0	20
2025.11.12	14:20:00	154.763	154.766	154.694	154.75	999	0	20
2025.11.12	14:40:00	154.75	154.825	154.732	154.798	1066	0	20
2025.11.12	15:00:00	154.797	154.878	154.754	154.873	1491	0	20
2025.11.12	15:20:00	154.871	154.983	154.849	154.971	1714	0	20
2025.11.12	15:40:00	154.973	154.975	154.914	154.931	1307	0	20
2025.11.12	16:00:00	154.931	154.986	154.872	154.946	1661	0	20
2025.11.12	16:20:00	154.947	155.035	154.902	154.981	2575	0	20
2025.11.12	16:40:00	154.98	154.991	154.849	154.859	2398	0	20
2025.11.12	17:00:00	154.858	154.913	154.8	154.813	2116	0	20
2025.11.12	17:20:00	154.814	154.852	154.778	154.826	1551	0	20
2025.11.12	17:40:00	154.827	154.838	154.721	154.729	2441	0	20
2025.11.12	18:00:00	154.73	154.759	154.661	154.721	1664	0	20
2025.11.12	18:20:00	154.722	154.765	154.7	154.721	1161	0	20
2025.11.12	18:40:00	154.721	154.722	154.636	154.637	1297	0	20
2025.11.12	19:00:00	154.637	154.637	154.486	154.519	1552	0	20
2025.11.12	19:20:00	154.519	154.618	154.513	154.591	1083	0	20
2025.11.12	19:40:00	154.589	154.625	154.581	154.586	771	0	20
2025.11.12	20:00:00	154.587	154.652	154.57	154.647	815	0	20
2025.11.12	20:20:00	154.648	154.65	154.601	154.616	768	0	20
2025.11.12	20:40:00	154.62	154.678	154.611	154.675	577	0	20
2025.11.12	21:00:00	154.675	154.687	154.659	154.667	978	0	20
2025.11.12	21:20:00	154.667	154.668	154.598	154.622	841	0	20
2025.11.12	21:40:00	154.622	154.72	154.614	154.708	959	0	20
2025.11.12	22:00:00	154.708	154.725	154.682	154.713	518	0	20
2025.11.12	22:20:00	154.716	154.735	154.704	154.731	519	0	20
2025.11.12	22:40:00	154.731	154.757	154.712	154.748	463	0	20
2025.11.12	23:00:00	154.749	154.833	154.749	154.795	613	0	20
2025.11.12	23:20:00	154.795	154.857	154.784	154.785	449	0	20
2025.11.12	23:40:00	154.786	154.824	154.763	154.77	990	0	21
2025.11.13	00:00:00	154.767	154.794	154.721	154.764	100	0	29
2025.11.13	00:20:00	154.763	154.77	154.725	154.735	269	0	37
2025.11.13	00:40:00	154.731	154.742	154.688	154.694	608	0	43
2025.11.13	01:00:00	154.695	154.747	154.683	154.719	666	0	20
2025.11.13	01:20:00	154.72	154.732	154.689	154.726	368	0	20
2025.11.13	01:40:00	154.726	154.744	154.679	154.696	567	0	20
2025.11.13	02:00:00	154.697	154.868	154.684	154.8	1885	0	20
2025.11.13	02:20:00	154.8	154.841	154.721	154.767	1722	0	20
2025.11.13	02:40:00	154.767	154.948	154.761	154.932	1904	0	20
2025.11.13	03:00:00	154.933	155.007	154.889	154.935	2079	0	20
2025.11.13	03:20:00	154.934	154.955	154.873	154.91	1570	0	20
2025.11.13	03:40:00	154.911	154.915	154.695	154.723	1344	0	20
2025.11.13	04:00:00	154.722	154.741	154.613	154.725	1688	0	20
2025.11.13	04:20:00	154.726	154.781	154.696	154.757	946	0	20
2025.11.13	04:40:00	154.752	154.752	154.634	154.648	719	0	20
2025.11.13	05:00:00	154.648	154.699	154.613	154.696	634	0	20
2025.11.13	05:20:00	154.696	154.736	154.664	154.716	652	0	20
2025.11.13	05:40:00	154.717	154.751	154.713	154.726	776	0	20
2025.11.13	06:00:00	154.726	154.752	154.634	154.748	1008	0	20
2025.11.13	06:20:00	154.749	154.839	154.746	154.834	714	0	20
2025.11.13	06:40:00	154.833	154.844	154.808	154.809	744	0	20
2025.11.13	07:00:00	154.81	154.887	154.801	154.85	841	0	20
2025.11.13	07:20:00	154.851	154.921	154.851	154.899	546	0	20
2025.11.13	07:40:00	154.899	154.991	154.895	154.943	1004	0	20
2025.11.13	08:00:00	154.946	154.946	154.887	154.899	1421	0	20
2025.11.13	08:20:00	154.9	154.997	154.853	154.964	993	0	20
2025.11.13	08:40:00	154.963	154.964	154.873	154.879	742	0	20
2025.11.13	09:00:00	154.881	154.943	154.881	154.914	1069	0	20
2025.11.13	09:20:00	154.913	154.915	154.742	154.742	1402	0	20
2025.11.13	09:40:00	154.741	154.844	154.692	154.705	1439	0	20
2025.11.13	10:00:00	154.706	154.764	154.663	154.71	1576	0	20
2025.11.13	10:20:00	154.706	154.739	154.559	154.642	1697	0	20
2025.11.13	10:40:00	154.644	154.678	154.502	154.509	1763	0	20
2025.11.13	11:00:00	154.513	154.577	154.354	154.442	2679	0	20
2025.11.13	11:20:00	154.44	154.476	154.313	154.453	1640	0	20
2025.11.13	11:40:00	154.454	154.53	154.452	154.518	1065	0	20
2025.11.13	12:00:00	154.519	154.554	154.473	154.532	1309	0	20
2025.11.13	12:20:00	154.531	154.614	154.508	154.607	1119	0	20
2025.11.13	12:40:00	154.607	154.667	154.589	154.647	1000	0	20
2025.11.13	13:00:00	154.646	154.734	154.631	154.727	903	0	20
2025.11.13	13:20:00	154.726	154.733	154.659	154.683	818	0	20
2025.11.13	13:40:00	154.683	154.754	154.671	154.731	1130	0	20
2025.11.13	14:00:00	154.73	154.744	154.696	154.716	855	0	20
2025.11.13	14:20:00	154.717	154.717	154.597	154.635	1151	0	20
2025.11.13	14:40:00	154.637	154.675	154.58	154.597	1001	0	20
2025.11.13	15:00:00	154.595	154.61	154.529	154.605	1595	0	20
2025.11.13	15:20:00	154.606	154.723	154.606	154.709	1777	0	20
2025.11.13	15:40:00	154.708	154.729	154.629	154.637	1556	0	20
2025.11.13	16:00:00	154.637	154.666	154.589	154.611	1673	0	20
2025.11.13	16:20:00	154.61	154.665	154.424	154.452	2387	0	20
2025.11.13	16:40:00	154.451	154.486	154.379	154.385	3170	0	20
2025.11.13	17:00:00	154.387	154.521	154.352	154.507	2500	0	20
2025.11.13	17:20:00	154.508	154.529	154.263	154.275	2621	0	20
2025.11.13	17:40:00	154.273	154.285	154.117	154.191	2702	0	20
2025.11.13	18:00:00	154.191	154.344	154.149	154.332	3004	0	20
2025.11.13	18:20:00	154.331	154.38	154.284	154.294	2473	0	20
2025.11.13	18:40:00	154.295	154.425	154.245	154.388	2334	0	20
2025.11.13	19:00:00	154.387	154.461	154.316	154.319	2411	0	20
2025.11.13	19:20:00	154.321	154.34	154.236	154.294	1986	0	20
2025.11.13	19:40:00	154.296	154.368	154.226	154.307	2282	0	20
2025.11.13	20:00:00	154.306	154.395	154.27	154.305	1691	0	20
2025.11.13	20:20:00	154.305	154.358	154.264	154.336	1534	0	20
2025.11.13	20:40:00	154.336	154.432	154.319	154.411	1861	0	20
2025.11.13	21:00:00	154.412	154.435	154.342	154.369	1234	0	20
2025.11.13	21:20:00	154.369	154.474	154.363	154.434	1671	0	20
2025.11.13	21:40:00	154.433	154.471	154.386	154.46	1290	0	20
2025.11.13	22:00:00	154.461	154.516	154.449	154.504	1833	0	20
2025.11.13	22:20:00	154.503	154.515	154.469	154.499	1647	0	20
2025.11.13	22:40:00	154.501	154.531	154.474	154.531	1253	0	20
2025.11.13	23:00:00	154.53	154.576	154.53	154.553	471	0	20
2025.11.13	23:20:00	154.552	154.558	154.48	154.503	443	0	20
2025.11.13	23:40:00	154.502	154.538	154.467	154.533	924	0	20
2025.11.14	00:00:00	154.531	154.576	154.364	154.492	174	0	32
2025.11.14	00:20:00	154.493	154.509	154.442	154.507	366	0	43
2025.11.14	00:40:00	154.507	154.511	154.45	154.502	656	0	39
2025.11.14	01:00:00	154.496	154.603	154.496	154.591	642	0	20
2025.11.14	01:20:00	154.589	154.674	154.588	154.614	752	0	20
2025.11.14	01:40:00	154.613	154.666	154.6	154.62	1017	0	20
2025.11.14	02:00:00	154.625	154.734	154.589	154.601	1787	0	20
2025.11.14	02:20:00	154.6	154.656	154.56	154.634	1310	0	20
2025.11.14	02:40:00	154.634	154.712	154.555	154.595	2363	0	20
2025.11.14	03:00:00	154.596	154.674	154.518	154.538	1532	0	20
2025.11.14	03:20:00	154.539	154.573	154.445	154.492	2014	0	20
2025.11.14	03:40:00	154.485	154.504	154.43	154.495	1305	0	20
2025.11.14	04:00:00	154.494	154.565	154.481	154.528	1238	0	20
2025.11.14	04:20:00	154.527	154.566	154.514	154.534	1025	0	20
2025.11.14	04:40:00	154.536	154.553	154.427	154.436	744	0	20
2025.11.14	05:00:00	154.436	154.442	154.386	154.403	801	0	20
2025.11.14	05:20:00	154.402	154.439	154.3	154.363	1104	0	20
2025.11.14	05:40:00	154.363	154.565	154.325	154.531	1938	0	20
2025.11.14	06:00:00	154.53	154.544	154.45	154.518	1069	0	20
2025.11.14	06:20:00	154.518	154.565	154.47	154.518	657	0	20
2025.11.14	06:40:00	154.515	154.522	154.411	154.412	606	0	20
2025.11.14	07:00:00	154.411	154.44	154.358	154.39	1282	0	20
2025.11.14	07:20:00	154.401	154.472	154.401	154.435	755	0	20
2025.11.14	07:40:00	154.435	154.494	154.431	154.471	1022	0	20
2025.11.14	08:00:00	154.472	154.506	154.42	154.499	1236	0	20
2025.11.14	08:20:00	154.5	154.558	154.429	154.468	1125	0	20
2025.11.14	08:40:00	154.469	154.65	154.467	154.586	1505	0	20
2025.11.14	09:00:00	154.591	154.593	154.443	154.493	1341	0	20
2025.11.14	09:20:00	154.493	154.603	154.461	154.567	2147	0	20
2025.11.14	09:40:00	154.567	154.674	154.545	154.668	1747	0	20
2025.11.14	10:00:00	154.669	154.725	154.573	154.584	2499	0	20
2025.11.14	10:20:00	154.584	154.629	154.529	154.621	1781	0	20
2025.11.14	10:40:00	154.623	154.627	154.442	154.543	2884	0	20
2025.11.14	11:00:00	154.544	154.684	154.543	154.665	2077	0	20
2025.11.14	11:20:00	154.667	154.673	154.583	154.595	1313	0	20
2025.11.14	11:40:00	154.596	154.692	154.581	154.68	1210	0	20
2025.11.14	12:00:00	154.683	154.705	154.653	154.69	970	0	20
2025.11.14	12:20:00	154.689	154.753	154.678	154.704	1042	0	20
2025.11.14	12:40:00	154.705	154.74	154.659	154.736	1045	0	20
2025.11.14	13:00:00	154.736	154.737	154.65	154.65	1325	0	20
2025.11.14	13:20:00	154.651	154.672	154.623	154.657	1448	0	20
2025.11.14	13:40:00	154.657	154.704	154.621	154.647	1508	0	20
2025.11.14	14:00:00	154.646	154.652	154.399	154.405	2010	0	20
2025.11.14	14:20:00	154.404	154.404	154.095	154.099	3317	0	20
2025.11.14	14:40:00	154.102	154.141	153.797	153.798	3594	0	20
2025.11.14	15:00:00	153.798	153.964	153.722	153.742	3683	0	20
2025.11.14	15:20:00	153.742	153.842	153.606	153.707	3430	0	20
2025.11.14	15:40:00	153.703	154.134	153.686	154.075	3997	0	20
2025.11.14	16:00:00	154.075	154.234	154.054	154.103	3164	0	20
2025.11.14	16:20:00	154.1	154.197	153.972	154.106	4094	0	20
2025.11.14	16:40:00	154.1	154.337	154.075	154.333	4638	0	20
2025.11.14	17:00:00	154.333	154.405	154.226	154.334	3952	0	20
2025.11.14	17:20:00	154.329	154.441	154.3	154.406	2935	0	20
2025.11.14	17:40:00	154.405	154.486	154.394	154.417	3069	0	20
2025.11.14	18:00:00	154.418	154.468	154.342	154.458	2231	0	20
2025.11.14	18:20:00	154.456	154.582	154.43	154.566	1977	0	20
2025.11.14	18:40:00	154.567	154.655	154.514	154.631	1808	0	20
2025.11.14	19:00:00	154.631	154.735	154.606	154.704	1884	0	20
2025.11.14	19:20:00	154.705	154.731	154.641	154.693	1512	0	20
2025.11.14	19:40:00	154.695	154.716	154.623	154.631	1545	0	20
2025.11.14	20:00:00	154.63	154.652	154.547	154.629	1304	0	20
2025.11.14	20:20:00	154.63	154.637	154.581	154.59	1030	0	20
2025.11.14	20:40:00	154.591	154.596	154.546	154.569	1414	0	20
2025.11.14	21:00:00	154.568	154.574	154.516	154.54	1171	0	20
2025.11.14	21:20:00	154.537	154.56	154.516	154.544	1039	0	20
2025.11.14	21:40:00	154.545	154.554	154.525	154.549	873	0	20
2025.11.14	22:00:00	154.55	154.56	154.495	154.515	785	0	20
2025.11.14	22:20:00	154.515	154.551	154.503	154.528	727	0	20
2025.11.14	22:40:00	154.526	154.53	154.49	154.521	689	0	20
2025.11.14	23:00:00	154.519	154.556	154.505	154.544	304	0	20
2025.11.14	23:20:00	154.544	154.588	154.534	154.568	375	0	20
2025.11.14	23:40:00	154.568	154.568	154.491	154.524	1010	0	20
2025.11.17	00:00:00	154.5	154.52	154.47	154.52	72	0	134
2025.11.17	00:20:00	154.521	154.544	154.51	154.539	328	0	52
2025.11.17	00:40:00	154.537	154.544	154.485	154.512	333	0	43
2025.11.17	01:00:00	154.499	154.525	154.432	154.511	1176	0	20
2025.11.17	01:20:00	154.512	154.594	154.512	154.583	1051	0	20
2025.11.17	01:40:00	154.584	154.625	154.531	154.581	897	0	20
2025.11.17	02:00:00	154.58	154.633	154.465	154.48	2202	0	20
2025.11.17	02:20:00	154.48	154.612	154.405	154.572	1850	0	20
2025.11.17	02:40:00	154.572	154.649	154.541	154.627	2004	0	20
2025.11.17	03:00:00	154.628	154.644	154.537	154.594	1903	0	20
2025.11.17	03:20:00	154.605	154.624	154.536	154.536	1110	0	20
2025.11.17	03:40:00	154.535	154.589	154.5	154.565	868	0	20
2025.11.17	04:00:00	154.565	154.643	154.561	154.629	1113	0	20
2025.11.17	04:20:00	154.629	154.658	154.588	154.633	834	0	20
2025.11.17	04:40:00	154.632	154.7	154.627	154.681	884	0	20
2025.11.17	05:00:00	154.692	154.778	154.691	154.751	1081	0	20
2025.11.17	05:20:00	154.75	154.758	154.677	154.688	745	0	20
2025.11.17	05:40:00	154.688	154.75	154.688	154.704	624	0	20
2025.11.17	06:00:00	154.706	154.721	154.653	154.653	535	0	20
2025.11.17	06:20:00	154.654	154.658	154.599	154.625	636	0	20
2025.11.17	06:40:00	154.626	154.662	154.62	154.62	463	0	20
2025.11.17	07:00:00	154.619	154.647	154.596	154.616	691	0	20
2025.11.17	07:20:00	154.615	154.633	154.581	154.598	550	0	20
2025.11.17	07:40:00	154.6	154.707	154.586	154.678	605	0	20
2025.11.17	08:00:00	154.678	154.802	154.673	154.776	1263	0	20
2025.11.17	08:20:00	154.776	154.791	154.656	154.686	1176	0	20
2025.11.17	08:40:00	154.687	154.702	154.629	154.668	694	0	20
2025.11.17	09:00:00	154.669	154.745	154.635	154.729	893	0	20
2025.11.17	09:20:00	154.728	154.782	154.665	154.689	1345	0	20
2025.11.17	09:40:00	154.692	154.723	154.64	154.68	1049	0	20
2025.11.17	10:00:00	154.681	154.73	154.615	154.705	2029	0	20
2025.11.17	10:20:00	154.704	154.821	154.685	154.759	1764	0	20
2025.11.17	10:40:00	154.757	154.781	154.653	154.702	1294	0	20
2025.11.17	11:00:00	154.701	154.732	154.687	154.715	1304	0	20
2025.11.17	11:20:00	154.714	154.73	154.645	154.693	1143	0	20
2025.11.17	11:40:00	154.693	154.777	154.685	154.743	1007	0	20
2025.11.17	12:00:00	154.744	154.759	154.701	154.712	715	0	20
2025.11.17	12:20:00	154.711	154.769	154.684	154.735	953	0	20
2025.11.17	12:40:00	154.736	154.833	154.733	154.832	1013	0	20
2025.11.17	13:00:00	154.826	154.861	154.803	154.835	766	0	20
2025.11.17	13:20:00	154.835	154.839	154.801	154.818	481	0	20
2025.11.17	13:40:00	154.817	154.819	154.758	154.784	731	0	20
2025.11.17	14:00:00	154.785	154.81	154.753	154.775	672	0	20
2025.11.17	14:20:00	154.776	154.784	154.727	154.777	549	0	20
2025.11.17	14:40:00	154.777	154.862	154.747	154.837	841	0	20
2025.11.17	15:00:00	154.836	154.907	154.828	154.855	1133	0	20
2025.11.17	15:20:00	154.853	154.892	154.833	154.868	1085	0	20
2025.11.17	15:40:00	154.869	154.886	154.828	154.88	922	0	20
2025.11.17	16:00:00	154.878	154.903	154.855	154.902	875	0	20
2025.11.17	16:20:00	154.902	154.972	154.89	154.963	1306	0	20
2025.11.17	16:40:00	154.963	155.023	154.878	155.023	2196	0	20
2025.11.17	17:00:00	155.023	155.288	154.994	155.188	3085	0	20
2025.11.17	17:20:00	155.19	155.285	155.136	155.226	1865	0	20
2025.11.17	17:40:00	155.225	155.294	155.176	155.187	2146	0	20
2025.11.17	18:00:00	155.186	155.192	155.059	155.06	1430	0	20
2025.11.17	18:20:00	155.059	155.181	155.048	155.175	1285	0	20
2025.11.17	18:40:00	155.176	155.195	155.156	155.192	954	0	20
2025.11.17	19:00:00	155.192	155.219	155.144	155.148	733	0	20
2025.11.17	19:20:00	155.15	155.211	155.132	155.194	1086	0	20
2025.11.17	19:40:00	155.194	155.202	155.139	155.148	1162	0	20
2025.11.17	20:00:00	155.148	155.191	155.126	155.168	1040	0	20
2025.11.17	20:20:00	155.169	155.197	155.165	155.179	597	0	20
2025.11.17	20:40:00	155.179	155.185	155.117	155.131	831	0	20
2025.11.17	21:00:00	155.132	155.136	155.095	155.119	572	0	20
2025.11.17	21:20:00	155.119	155.171	155.06	155.155	1107	0	20
2025.11.17	21:40:00	155.151	155.244	155.117	155.236	1812	0	20
2025.11.17	22:00:00	155.237	155.25	155.156	155.184	1119	0	20
2025.11.17	22:20:00	155.185	155.225	155.165	155.185	871	0	20
2025.11.17	22:40:00	155.186	155.241	155.177	155.214	1142	0	20
2025.11.17	23:00:00	155.219	155.238	155.208	155.224	688	0	20
2025.11.17	23:20:00	155.225	155.232	155.206	155.224	337	0	20
2025.11.17	23:40:00	155.224	155.245	155.206	155.217	461	0	20
2025.11.18	00:00:00	155.216	155.227	155.136	155.217	54	0	40
2025.11.18	00:20:00	155.216	155.216	155.198	155.206	122	0	40
2025.11.18	00:40:00	155.207	155.207	155.171	155.176	318	0	22
2025.11.18	01:00:00	155.186	155.266	155.167	155.189	536	0	20
2025.11.18	01:20:00	155.19	155.227	155.183	155.224	390	0	22
2025.11.18	01:40:00	155.225	155.278	155.223	155.269	867	0	20
2025.11.18	02:00:00	155.269	155.368	155.168	155.214	2014	0	20
2025.11.18	02:20:00	155.214	155.254	155.174	155.202	1095	0	20
2025.11.18	02:40:00	155.202	155.318	155.185	155.249	2259	0	20
2025.11.18	03:00:00	155.25	155.352	155.204	155.317	1977	0	20
2025.11.18	03:20:00	155.316	155.317	155.135	155.155	1578	0	20
2025.11.18	03:40:00	155.153	155.207	155.141	155.19	1059	0	20
2025.11.18	04:00:00	155.191	155.275	155.182	155.199	983	0	20
2025.11.18	04:20:00	155.198	155.211	155.16	155.176	1290	0	20
2025.11.18	04:40:00	155.176	155.255	155.17	155.177	1112	0	20
2025.11.18	05:00:00	155.177	155.178	155.101	155.164	1325	0	20
2025.11.18	05:20:00	155.165	155.187	155.141	155.177	1211	0	20
2025.11.18	05:40:00	155.177	155.19	155.147	155.166	1093	0	20
2025.11.18	06:00:00	155.166	155.181	154.968	154.984	1806	0	20
2025.11.18	06:20:00	154.986	155.001	154.805	154.93	3126	0	20
2025.11.18	06:40:00	154.93	155.096	154.916	155.042	2065	0	20
2025.11.18	07:00:00	155.041	155.086	154.984	155.063	1403	0	20
2025.11.18	07:20:00	155.07	155.091	155.017	155.021	1051	0	20
2025.11.18	07:40:00	155.021	155.093	155.0	155.073	1255	0	20
2025.11.18	08:00:00	155.075	155.181	155.075	155.131	1268	0	20
2025.11.18	08:20:00	155.131	155.131	154.859	154.944	2007	0	20
2025.11.18	08:40:00	154.944	155.207	154.943	155.167	2135	0	20
2025.11.18	09:00:00	155.169	155.205	154.873	154.876	3560	0	20
2025.11.18	09:20:00	154.875	155.08	154.862	155.004	3077	0	20
2025.11.18	09:40:00	155.005	155.06	154.94	154.987	2418	0	20
2025.11.18	10:00:00	154.988	155.07	154.9	154.955	3011	0	20
2025.11.18	10:20:00	154.956	155.19	154.934	155.171	2149	0	20
2025.11.18	10:40:00	155.17	155.209	155.073	155.12	1647	0	20
2025.11.18	11:00:00	155.125	155.242	155.073	155.209	2105	0	20
2025.11.18	11:20:00	155.209	155.234	155.159	155.186	1430	0	20
2025.11.18	11:40:00	155.185	155.256	155.161	155.223	1375	0	20
2025.11.18	12:00:00	155.224	155.256	155.195	155.239	1405	0	20
2025.11.18	12:20:00	155.236	155.309	155.222	155.295	1354	0	20
2025.11.18	12:40:00	155.296	155.414	155.295	155.412	1387	0	20
2025.11.18	13:00:00	155.413	155.413	155.351	155.387	1162	0	20
2025.11.18	13:20:00	155.387	155.416	155.35	155.374	933	0	20
2025.11.18	13:40:00	155.376	155.431	155.376	155.416	1449	0	20
2025.11.18	14:00:00	155.415	155.429	155.288	155.355	1875	0	20
2025.11.18	14:20:00	155.356	155.364	155.287	155.292	1397	0	20
2025.11.18	14:40:00	155.294	155.304	155.165	155.17	1957	0	20
2025.11.18	15:00:00	155.17	155.253	155.138	155.188	2293	0	20
2025.11.18	15:20:00	155.188	155.221	155.052	155.083	3115	0	20
2025.11.18	15:40:00	155.082	155.19	155.066	155.16	2238	0	20
2025.11.18	16:00:00	155.159	155.283	155.131	155.251	1853	0	20
2025.11.18	16:20:00	155.251	155.372	155.219	155.313	3202	0	20
2025.11.18	16:40:00	155.31	155.351	155.22	155.22	3417	0	20
2025.11.18	17:00:00	155.219	155.242	155.041	155.123	4193	0	20
2025.11.18	17:20:00	155.12	155.234	155.063	155.088	4299	0	20
2025.11.18	17:40:00	155.087	155.274	155.06	155.264	3319	0	20
2025.11.18	18:00:00	155.263	155.422	155.248	155.382	3134	0	20
2025.11.18	18:20:00	155.381	155.489	155.372	155.472	2852	0	20
2025.11.18	18:40:00	155.472	155.496	155.404	155.433	2725	0	20
2025.11.18	19:00:00	155.433	155.573	155.418	155.566	2127	0	20
2025.11.18	19:20:00	155.567	155.594	155.508	155.57	2240	0	20
2025.11.18	19:40:00	155.569	155.685	155.569	155.682	1921	0	20
2025.11.18	20:00:00	155.682	155.723	155.632	155.664	2181	0	20
2025.11.18	20:20:00	155.664	155.666	155.596	155.622	2187	0	20
2025.11.18	20:40:00	155.622	155.656	155.55	155.587	1733	0	20
2025.11.18	21:00:00	155.586	155.627	155.521	155.547	1415	0	20
2025.11.18	21:20:00	155.546	155.563	155.505	155.559	1424	0	20
2025.11.18	21:40:00	155.56	155.573	155.488	155.513	1835	0	20
2025.11.18	22:00:00	155.513	155.525	155.468	155.509	1124	0	20
2025.11.18	22:20:00	155.509	155.542	155.491	155.521	972	0	20
2025.11.18	22:40:00	155.521	155.551	155.505	155.518	750	0	20
2025.11.18	23:00:00	155.517	155.528	155.486	155.5	639	0	20
2025.11.18	23:20:00	155.501	155.517	155.483	155.513	759	0	20
2025.11.18	23:40:00	155.513	155.539	155.476	155.478	889	0	20
2025.11.19	00:00:00	155.481	155.49	155.424	155.451	91	0	38
2025.11.19	00:20:00	155.451	155.485	155.41	155.465	182	0	39
2025.11.19	00:40:00	155.465	155.532	155.459	155.503	284	0	28
2025.11.19	01:00:00	155.494	155.533	155.483	155.529	596	0	20
2025.11.19	01:20:00	155.53	155.536	155.504	155.524	536	0	21
2025.11.19	01:40:00	155.522	155.581	155.518	155.522	924	0	20
2025.11.19	02:00:00	155.521	155.57	155.404	155.429	2270	0	20
2025.11.19	02:20:00	155.429	155.463	155.385	155.448	1844	0	20
2025.11.19	02:40:00	155.447	155.477	155.363	155.463	2434	0	20
2025.11.19	03:00:00	155.463	155.505	155.421	155.437	2635	0	20
2025.11.19	03:20:00	155.437	155.529	155.422	155.451	1905	0	20
2025.11.19	03:40:00	155.452	155.501	155.436	155.487	1702	0	20
2025.11.19	04:00:00	155.486	155.544	155.371	155.377	2095	0	20
2025.11.19	04:20:00	155.377	155.425	155.35	155.365	1611	0	20
2025.11.19	04:40:00	155.366	155.375	155.315	155.343	1128	0	20
2025.11.19	05:00:00	155.342	155.342	155.242	155.255	1479	0	20
2025.11.19	05:20:00	155.256	155.37	155.252	155.303	1845	0	20
2025.11.19	05:40:00	155.302	155.307	155.203	155.284	1572	0	20
2025.11.19	06:00:00	155.283	155.449	155.283	155.41	1563	0	20
2025.11.19	06:20:00	155.409	155.457	155.402	155.414	1539	0	20
2025.11.19	06:40:00	155.413	155.415	155.305	155.311	1476	0	20
2025.11.19	07:00:00	155.311	155.348	155.276	155.327	1493	0	20
2025.11.19	07:20:00	155.328	155.372	155.315	155.326	1264	0	20
2025.11.19	07:40:00	155.326	155.362	155.251	155.358	2038	0	20
2025.11.19	08:00:00	155.358	155.413	155.327	155.38	1325	0	20
2025.11.19	08:20:00	155.38	155.382	155.315	155.334	1099	0	20
2025.11.19	08:40:00	155.333	155.449	155.329	155.438	1319	0	20
2025.11.19	09:00:00	155.439	155.517	155.439	155.473	1486	0	20
2025.11.19	09:20:00	155.472	155.507	155.397	155.435	1371	0	20
2025.11.19	09:40:00	155.434	155.521	155.408	155.507	1735	0	20
2025.11.19	10:00:00	155.508	155.549	155.47	155.548	1629	0	20
2025.11.19	10:20:00	155.549	155.668	155.549	155.615	1749	0	20
2025.11.19	10:40:00	155.615	155.643	155.55	155.626	1654	0	20
2025.11.19	11:00:00	155.627	155.653	155.545	155.602	1336	0	20
2025.11.19	11:20:00	155.602	155.826	155.546	155.784	1865	0	20
2025.11.19	11:40:00	155.783	155.956	155.754	155.943	2709	0	20
2025.11.19	12:00:00	155.942	155.984	155.925	155.977	1783	0	20
2025.11.19	12:20:00	155.976	156.096	155.94	156.096	1700	0	20
2025.11.19	12:40:00	156.1	156.241	156.093	156.232	2147	0	21
2025.11.19	13:00:00	156.232	156.285	156.14	156.158	1928	0	21
2025.11.19	13:20:00	156.158	156.222	156.129	156.164	1432	0	21
2025.11.19	13:40:00	156.166	156.167	156.072	156.095	1274	0	21
2025.11.19	14:00:00	156.089	156.142	156.054	156.139	1536	0	21
2025.11.19	14:20:00	156.139	156.235	156.133	156.221	1299	0	21
2025.11.19	14:40:00	156.221	156.252	156.199	156.237	939	0	21
2025.11.19	15:00:00	156.236	156.245	156.029	156.073	1564	0	21
2025.11.19	15:20:00	156.073	156.212	156.051	156.193	1381	0	21
2025.11.19	15:40:00	156.192	156.281	156.138	156.273	1983	0	21
2025.11.19	16:00:00	156.272	156.392	156.253	156.379	2425	0	21
2025.11.19	16:20:00	156.38	156.438	156.301	156.43	2603	0	21
2025.11.19	16:40:00	156.43	156.615	156.409	156.613	2853	0	21
2025.11.19	17:00:00	156.613	156.71	156.567	156.582	3070	0	21
2025.11.19	17:20:00	156.582	156.654	156.532	156.561	2525	0	21
2025.11.19	17:40:00	156.565	156.67	156.486	156.498	2744	0	21
2025.11.19	18:00:00	156.494	156.578	156.453	156.575	2448	0	21
2025.11.19	18:20:00	156.575	156.697	156.565	156.664	2214	0	21
2025.11.19	18:40:00	156.662	156.663	156.581	156.626	2127	0	21
2025.11.19	19:00:00	156.626	156.683	156.609	156.67	2311	0	21
2025.11.19	19:20:00	156.671	156.804	156.669	156.794	2488	0	21
2025.11.19	19:40:00	156.792	156.855	156.736	156.743	1577	0	21
2025.11.19	20:00:00	156.74	156.822	156.735	156.793	1305	0	21
2025.11.19	20:20:00	156.793	156.838	156.783	156.815	1457	0	21
2025.11.19	20:40:00	156.815	156.817	156.68	156.786	1645	0	21
2025.11.19	21:00:00	156.785	156.916	156.76	156.876	2084	0	21
2025.11.19	21:20:00	156.875	156.947	156.839	156.944	1421	0	21
2025.11.19	21:40:00	156.945	157.028	156.919	157.019	1678	0	21
2025.11.19	22:00:00	157.018	157.036	156.95	156.964	1495	0	21
2025.11.19	22:20:00	156.964	156.997	156.959	156.964	1153	0	21
2025.11.19	22:40:00	156.963	156.985	156.927	156.95	769	0	21
2025.11.19	23:00:00	156.949	157.054	156.949	157.031	773	0	21
2025.11.19	23:20:00	157.033	157.137	157.008	157.115	1319	0	21
2025.11.19	23:40:00	157.114	157.172	157.11	157.124	1328	0	21
2025.11.20	00:00:00	157.123	157.129	157.022	157.063	140	0	29
2025.11.20	00:20:00	157.063	157.088	157.057	157.065	109	0	54
2025.11.20	00:40:00	157.064	157.07	157.04	157.061	413	0	37
2025.11.20	01:00:00	157.061	157.144	156.965	157.011	837	0	21
2025.11.20	01:20:00	157.012	157.065	156.989	157.063	1295	0	21
2025.11.20	01:40:00	157.063	157.073	156.972	156.984	998	0	21
2025.11.20	02:00:00	156.984	157.026	156.867	156.945	2311	0	21
2025.11.20	02:20:00	156.945	157.168	156.93	157.103	2299	0	21
2025.11.20	02:40:00	157.103	157.199	157.057	157.065	2967	0	21
2025.11.20	03:00:00	157.064	157.11	157.025	157.084	1678	0	21
2025.11.20	03:20:00	157.085	157.217	157.023	157.127	2287	0	21
2025.11.20	03:40:00	157.127	157.425	157.127	157.412	2374	0	21
2025.11.20	04:00:00	157.412	157.461	157.317	157.425	2122	0	21
2025.11.20	04:20:00	157.431	157.463	157.278	157.312	1553	0	21
2025.11.20	04:40:00	157.311	157.34	157.292	157.305	1044	0	21
2025.11.20	05:00:00	157.309	157.421	157.271	157.38	1485	0	21
2025.11.20	05:20:00	157.38	157.388	157.269	157.324	875	0	21
2025.11.20	05:40:00	157.323	157.405	157.31	157.405	1239	0	21
2025.11.20	06:00:00	157.405	157.409	157.268	157.298	1096	0	21
2025.11.20	06:20:00	157.299	157.345	157.251	157.253	1024	0	21
2025.11.20	06:40:00	157.255	157.407	157.254	157.387	946	0	21
2025.11.20	07:00:00	157.386	157.53	157.385	157.52	1397	0	21
2025.11.20	07:20:00	157.519	157.53	157.418	157.495	857	0	21
2025.11.20	07:40:00	157.495	157.561	157.418	157.547	1464	0	21
2025.11.20	08:00:00	157.548	157.601	157.477	157.587	1824	0	21
2025.11.20	08:20:00	157.588	157.617	157.518	157.611	1500	0	21
2025.11.20	08:40:00	157.61	157.727	157.61	157.724	1330	0	21
2025.11.20	09:00:00	157.724	157.768	157.568	157.589	2267	0	21
2025.11.20	09:20:00	157.59	157.657	157.523	157.529	1655	0	21
2025.11.20	09:40:00	157.53	157.548	157.365	157.446	2245	0	21
2025.11.20	10:00:00	157.445	157.485	157.265	157.349	2527	0	21
2025.11.20	10:20:00	157.349	157.361	157.199	157.2	1979	0	21
2025.11.20	10:40:00	157.2	157.212	157.097	157.141	1887	0	21
2025.11.20	11:00:00	157.152	157.261	157.15	157.219	1772	0	21
2025.11.20	11:20:00	157.22	157.228	157.131	157.188	1625	0	21
2025.11.20	11:40:00	157.189	157.21	157.113	157.169	1443	0	21
2025.11.20	12:00:00	157.168	157.28	157.14	157.28	1259	0	21
2025.11.20	12:20:00	157.28	157.314	157.261	157.301	925	0	21
2025.11.20	12:40:00	157.302	157.401	157.293	157.371	893	0	21
2025.11.20	13:00:00	157.371	157.417	157.344	157.374	959	0	21
2025.11.20	13:20:00	157.374	157.464	157.351	157.424	895	0	21
2025.11.20	13:40:00	157.43	157.528	157.427	157.499	917	0	21
2025.11.20	14:00:00	157.498	157.668	157.495	157.62	1277	0	21
2025.11.20	14:20:00	157.62	157.676	157.617	157.659	1135	0	21
2025.11.20	14:40:00	157.658	157.728	157.658	157.689	1156	0	21
2025.11.20	15:00:00	157.69	157.697	157.568	157.623	1815	0	21
2025.11.20	15:20:00	157.622	157.869	157.214	157.356	5006	0	21
2025.11.20	15:40:00	157.353	157.733	157.283	157.561	5056	0	21
2025.11.20	16:00:00	157.561	157.819	157.483	157.641	4348	0	21
2025.11.20	16:20:00	157.644	157.744	157.493	157.594	3958	0	21
2025.11.20	16:40:00	157.595	157.681	157.551	157.616	3281	0	21
2025.11.20	17:00:00	157.615	157.77	157.615	157.754	2735	0	21
2025.11.20	17:20:00	157.761	157.874	157.748	157.85	2176	0	21
2025.11.20	17:40:00	157.849	157.882	157.668	157.669	2788	0	21
2025.11.20	18:00:00	157.669	157.673	157.275	157.375	3857	0	21
2025.11.20	18:20:00	157.373	157.556	157.342	157.539	4408	0	21
2025.11.20	18:40:00	157.542	157.635	157.401	157.41	3853	0	21
2025.11.20	19:00:00	157.407	157.527	157.252	157.325	5494	0	21
2025.11.20	19:20:00	157.324	157.49	157.282	157.465	4924	0	21
2025.11.20	19:40:00	157.463	157.519	157.368	157.506	4112	0	21
2025.11.20	20:00:00	157.507	157.685	157.494	157.545	2838	0	21
2025.11.20	20:20:00	157.544	157.61	157.519	157.535	3352	0	21
2025.11.20	20:40:00	157.532	157.543	157.416	157.449	1663	0	21
2025.11.20	21:00:00	157.45	157.524	157.441	157.51	1705	0	21
2025.11.20	21:20:00	157.511	157.553	157.442	157.482	2455	0	21
2025.11.20	21:40:00	157.482	157.54	157.451	157.528	1888	0	21
2025.11.20	22:00:00	157.529	157.601	157.506	157.564	1359	0	21
2025.11.20	22:20:00	157.564	157.634	157.564	157.609	1053	0	21
2025.11.20	22:40:00	157.609	157.637	157.539	157.565	1483	0	21
2025.11.20	23:00:00	157.565	157.58	157.468	157.545	1169	0	21
2025.11.20	23:20:00	157.545	157.557	157.517	157.53	436	0	22
2025.11.20	23:40:00	157.531	157.534	157.428	157.447	1148	0	21
2025.11.21	00:00:00	157.448	157.51	157.408	157.446	117	0	49
2025.11.21	00:20:00	157.458	157.485	157.454	157.466	216	0	35
2025.11.21	00:40:00	157.465	157.467	157.405	157.437	660	0	25
2025.11.21	01:00:00	157.434	157.457	157.323	157.402	853	0	21
2025.11.21	01:20:00	157.402	157.462	157.321	157.353	850	0	21
2025.11.21	01:40:00	157.354	157.387	157.18	157.377	2660	0	21
2025.11.21	02:00:00	157.377	157.531	157.357	157.427	2782	0	21
2025.11.21	02:20:00	157.428	157.521	157.38	157.393	1844	0	21
2025.11.21	02:40:00	157.393	157.404	157.21	157.304	2689	0	21
2025.11.21	03:00:00	157.305	157.371	157.196	157.335	2195	0	21
2025.11.21	03:20:00	157.334	157.44	157.299	157.393	1510	0	21
2025.11.21	03:40:00	157.394	157.486	157.339	157.476	1311	0	21
2025.11.21	04:00:00	157.476	157.479	157.359	157.426	1965	0	21
2025.11.21	04:20:00	157.428	157.449	157.285	157.371	2087	0	21
2025.11.21	04:40:00	157.371	157.433	157.334	157.338	918	0	21
2025.11.21	05:00:00	157.338	157.418	157.331	157.387	1000	0	21
2025.11.21	05:20:00	157.385	157.39	157.352	157.369	1033	0	21
2025.11.21	05:40:00	157.368	157.405	157.284	157.291	1159	0	21
2025.11.21	06:00:00	157.29	157.293	157.073	157.183	2193	0	21
2025.11.21	06:20:00	157.186	157.207	157.121	157.163	1372	0	21
2025.11.21	06:40:00	157.163	157.283	157.146	157.259	1330	0	21
2025.11.21	07:00:00	157.259	157.269	157.163	157.198	1069	0	21
2025.11.21	07:20:00	157.202	157.293	157.154	157.217	1318	0	21
2025.11.21	07:40:00	157.217	157.279	157.159	157.215	1739	0	21
2025.11.21	08:00:00	157.216	157.246	157.04	157.061	2471	0	21
2025.11.21	08:20:00	157.064	157.154	157.048	157.143	1517	0	21
2025.11.21	08:40:00	157.144	157.195	157.129	157.156	1053	0	21
2025.11.21	09:00:00	157.159	157.182	157.067	157.107	1532	0	21
2025.11.21	09:20:00	157.109	157.109	156.825	156.925	2607	0	21
2025.11.21	09:40:00	156.925	156.926	156.6	156.723	3012	0	21
2025.11.21	10:00:00	156.722	156.831	156.577	156.617	3186	0	21
2025.11.21	10:20:00	156.617	156.777	156.554	156.775	2476	0	21
2025.11.21	10:40:00	156.776	156.941	156.73	156.9	2341	0	21
2025.11.21	11:00:00	156.901	156.941	156.828	156.854	2122	0	21
2025.11.21	11:20:00	156.855	156.855	156.728	156.75	2080	0	21
2025.11.21	11:40:00	156.751	156.788	156.662	156.75	2056	0	21
2025.11.21	12:00:00	156.75	156.756	156.544	156.61	3151	0	21
2025.11.21	12:20:00	156.608	156.738	156.587	156.687	2293	0	21
2025.11.21	12:40:00	156.688	156.808	156.664	156.771	2058	0	21
2025.11.21	13:00:00	156.771	156.884	156.739	156.856	2063	0	21
2025.11.21	13:20:00	156.854	156.866	156.759	156.821	1239	0	21
2025.11.21	13:40:00	156.823	156.87	156.751	156.842	1819	0	21
2025.11.21	14:00:00	156.843	156.874	156.739	156.87	2023	0	21
2025.11.21	14:20:00	156.868	156.884	156.597	156.701	4471	0	21
2025.11.21	14:40:00	156.7	156.858	156.616	156.738	3959	0	21
2025.11.21	15:00:00	156.74	156.838	156.668	156.814	3149	0	21
2025.11.21	15:20:00	156.817	156.854	156.717	156.819	2432	0	21
2025.11.21	15:40:00	156.818	156.85	156.729	156.803	1992	0	21
2025.11.21	16:00:00	156.803	156.857	156.746	156.819	3075	0	21
2025.11.21	16:20:00	156.82	156.955	156.778	156.882	3269	0	21
2025.11.21	16:40:00	156.881	156.931	156.643	156.689	3924	0	21
2025.11.21	17:00:00	156.699	156.705	156.188	156.373	5723	0	21
2025.11.21	17:20:00	156.374	156.505	156.231	156.244	5069	0	21
2025.11.21	17:40:00	156.245	156.545	156.213	156.525	5517	0	21
2025.11.21	18:00:00	156.525	156.744	156.477	156.635	4233	0	21
2025.11.21	18:20:00	156.63	156.744	156.453	156.607	3449	0	21
2025.11.21	18:40:00	156.606	156.688	156.485	156.561	2910	0	21
2025.11.21	19:00:00	156.561	156.627	156.488	156.626	2464	0	21
2025.11.21	19:20:00	156.626	156.72	156.509	156.512	2023	0	21
2025.11.21	19:40:00	156.512	156.575	156.494	156.53	1515	0	21
2025.11.21	20:00:00	156.531	156.575	156.482	156.494	1359	0	21
2025.11.21	20:20:00	156.495	156.542	156.449	156.525	1598	0	21
2025.11.21	20:40:00	156.526	156.632	156.481	156.563	1938	0	21
2025.11.21	21:00:00	156.56	156.572	156.427	156.502	1529	0	21
2025.11.21	21:20:00	156.502	156.516	156.362	156.365	1101	0	21
2025.11.21	21:40:00	156.364	156.366	156.251	156.318	1565	0	21
2025.11.21	22:00:00	156.318	156.393	156.308	156.379	831	0	21
2025.11.21	22:20:00	156.379	156.429	156.351	156.405	1239	0	21
2025.11.21	22:40:00	156.4	156.439	156.309	156.378	1113	0	21
2025.11.21	23:00:00	156.379	156.446	156.352	156.379	635	0	21
2025.11.21	23:20:00	156.38	156.491	156.351	156.412	648	0	21
2025.11.21	23:40:00	156.411	156.454	156.315	156.392	1059	0	25
2025.11.24	00:00:00	156.269	156.444	156.269	156.431	198	0	53
2025.11.24	00:20:00	156.431	156.537	156.359	156.492	346	0	42
2025.11.24	00:40:00	156.498	156.56	156.415	156.465	444	0	54
2025.11.24	01:00:00	156.463	156.609	156.455	156.548	918	0	22
2025.11.24	01:20:00	156.548	156.665	156.546	156.629	1041	0	21
2025.11.24	01:40:00	156.638	156.701	156.629	156.675	1110	0	21
2025.11.24	02:00:00	156.676	156.734	156.65	156.728	1563	0	21
2025.11.24	02:20:00	156.731	156.784	156.685	156.769	1555	0	21
2025.11.24	02:40:00	156.768	156.786	156.723	156.725	1564	0	21
2025.11.24	03:00:00	156.725	156.73	156.651	156.703	1543	0	21
2025.11.24	03:20:00	156.704	156.739	156.627	156.649	1979	0	21
2025.11.24	03:40:00	156.648	156.741	156.634	156.711	779	0	21
2025.11.24	04:00:00	156.708	156.725	156.639	156.674	914	0	21
2025.11.24	04:20:00	156.674	156.714	156.64	156.648	899	0	21
2025.11.24	04:40:00	156.647	156.679	156.596	156.676	921	0	21
2025.11.24	05:00:00	156.676	156.68	156.6	156.65	797	0	21
2025.11.24	05:20:00	156.65	156.665	156.578	156.603	724	0	21
2025.11.24	05:40:00	156.602	156.633	156.594	156.633	472	0	21
2025.11.24	06:00:00	156.631	156.651	156.587	156.6	593	0	21
2025.11.24	06:20:00	156.6	156.616	156.559	156.564	524	0	21
2025.11.24	06:40:00	156.567	156.585	156.499	156.542	773	0	21
2025.11.24	07:00:00	156.542	156.577	156.487	156.528	1020	0	21
2025.11.24	07:20:00	156.529	156.554	156.515	156.531	777	0	21
2025.11.24	07:40:00	156.531	156.581	156.503	156.57	748	0	21
2025.11.24	08:00:00	156.571	156.652	156.533	156.644	737	0	21
2025.11.24	08:20:00	156.644	156.651	156.584	156.639	768	0	21
2025.11.24	08:40:00	156.64	156.727	156.629	156.715	863	0	21
2025.11.24	09:00:00	156.715	156.747	156.665	156.745	1221	0	21
2025.11.24	09:20:00	156.745	156.766	156.698	156.739	951	0	21
2025.11.24	09:40:00	156.738	156.876	156.734	156.83	1385	0	21
2025.11.24	10:00:00	156.825	156.825	156.653	156.749	1862	0	21
2025.11.24	10:20:00	156.749	156.794	156.636	156.748	1710	0	21
2025.11.24	10:40:00	156.747	156.924	156.745	156.891	1469	0	21
2025.11.24	11:00:00	156.891	156.924	156.823	156.866	1440	0	21
2025.11.24	11:20:00	156.865	156.866	156.669	156.702	2222	0	21
2025.11.24	11:40:00	156.702	156.771	156.691	156.736	1440	0	21
2025.11.24	12:00:00	156.737	156.75	156.688	156.747	1383	0	21
2025.11.24	12:20:00	156.746	156.771	156.688	156.712	1277	0	21
2025.11.24	12:40:00	156.711	156.75	156.699	156.701	931	0	21
2025.11.24	13:00:00	156.701	156.74	156.689	156.738	622	0	21
2025.11.24	13:20:00	156.737	156.754	156.701	156.723	862	0	21
2025.11.24	13:40:00	156.724	156.855	156.724	156.825	1238	0	21
2025.11.24	14:00:00	156.824	156.858	156.815	156.83	1205	0	21
2025.11.24	14:20:00	156.831	156.835	156.779	156.81	766	0	21
2025.11.24	14:40:00	156.811	156.862	156.736	156.841	1183	0	21
2025.11.24	15:00:00	156.84	156.975	156.839	156.91	1636	0	21
2025.11.24	15:20:00	156.91	156.944	156.854	156.905	1075	0	21
2025.11.24	15:40:00	156.904	156.942	156.862	156.904	1196	0	21
2025.11.24	16:00:00	156.905	157.021	156.875	156.997	1270	0	21
2025.11.24	16:20:00	156.997	157.153	156.978	157.03	2107	0	21
2025.11.24	16:40:00	157.033	157.076	156.976	157.039	2623	0	21
2025.11.24	17:00:00	157.04	157.176	157.039	157.102	2139	0	21
2025.11.24	17:20:00	157.103	157.13	156.908	156.908	1878	0	21
2025.11.24	17:40:00	156.909	157.006	156.729	156.781	3655	0	21
2025.11.24	18:00:00	156.785	156.865	156.757	156.798	1914	0	21
2025.11.24	18:20:00	156.799	156.886	156.799	156.872	959	0	21
2025.11.24	18:40:00	156.871	156.935	156.859	156.929	895	0	21
2025.11.24	19:00:00	156.93	156.972	156.851	156.967	1350	0	21
2025.11.24	19:20:00	156.968	156.969	156.9	156.911	1109	0	21
2025.11.24	19:40:00	156.927	156.935	156.846	156.874	1366	0	21
2025.11.24	20:00:00	156.874	156.884	156.831	156.869	801	0	21
2025.11.24	20:20:00	156.87	156.881	156.819	156.82	898	0	21
2025.11.24	20:40:00	156.821	156.845	156.776	156.778	1041	0	21
2025.11.24	21:00:00	156.779	156.866	156.778	156.866	855	0	21
2025.11.24	21:20:00	156.867	156.868	156.783	156.787	816	0	21
2025.11.24	21:40:00	156.787	156.836	156.701	156.727	983	0	21
2025.11.24	22:00:00	156.728	156.819	156.721	156.79	967	0	21
2025.11.24	22:20:00	156.791	156.835	156.784	156.795	773	0	21
2025.11.24	22:40:00	156.794	156.822	156.771	156.82	1158	0	21
2025.11.24	23:00:00	156.819	156.857	156.809	156.842	473	0	21
2025.11.24	23:20:00	156.842	156.897	156.836	156.879	203	0	23
2025.11.24	23:40:00	156.88	156.911	156.863	156.866	986	0	22
2025.11.25	00:00:00	156.824	156.886	156.801	156.869	117	0	42
2025.11.25	00:20:00	156.863	156.867	156.835	156.854	157	0	37
2025.11.25	00:40:00	156.855	156.859	156.795	156.854	292	0	21
2025.11.25	01:00:00	156.854	156.912	156.839	156.898	498	0	21
2025.11.25	01:20:00	156.899	156.94	156.898	156.938	393	0	21
2025.11.25	01:40:00	156.937	156.945	156.882	156.896	714	0	21
2025.11.25	02:00:00	156.896	156.896	156.807	156.878	1320	0	21
2025.11.25	02:20:00	156.877	156.971	156.873	156.919	1330	0	21
2025.11.25	02:40:00	156.918	156.953	156.663	156.676	2513	0	21
2025.11.25	03:00:00	156.675	156.735	156.574	156.581	2354	0	21
2025.11.25	03:20:00	156.581	156.688	156.543	156.577	1536	0	21
2025.11.25	03:40:00	156.572	156.683	156.564	156.641	1297	0	21
2025.11.25	04:00:00	156.641	156.679	156.598	156.614	1269	0	21
2025.11.25	04:20:00	156.608	156.719	156.596	156.711	996	0	21
2025.11.25	04:40:00	156.71	156.718	156.635	156.663	801	0	21
2025.11.25	05:00:00	156.663	156.667	156.6	156.663	747	0	21
2025.11.25	05:20:00	156.663	156.701	156.648	156.69	1023	0	21
2025.11.25	05:40:00	156.69	156.771	156.665	156.765	1207	0	21
2025.11.25	06:00:00	156.765	156.838	156.764	156.81	510	0	21
2025.11.25	06:20:00	156.811	156.82	156.748	156.778	359	0	21
2025.11.25	06:40:00	156.777	156.809	156.769	156.792	268	0	21
2025.11.25	07:00:00	156.79	156.833	156.781	156.815	378	0	21
2025.11.25	07:20:00	156.816	156.819	156.707	156.736	438	0	21
2025.11.25	07:40:00	156.737	156.745	156.684	156.722	734	0	21
2025.11.25	08:00:00	156.723	156.787	156.683	156.745	1127	0	21
2025.11.25	08:20:00	156.745	156.759	156.695	156.732	1029	0	21
2025.11.25	08:40:00	156.733	156.737	156.658	156.669	890	0	21
2025.11.25	09:00:00	156.674	156.687	156.551	156.58	1362	0	21
2025.11.25	09:20:00	156.583	156.622	156.512	156.551	1120	0	21
2025.11.25	09:40:00	156.551	156.664	156.514	156.605	1990	0	21
2025.11.25	10:00:00	156.61	156.692	156.554	156.603	1840	0	21
2025.11.25	10:20:00	156.604	156.679	156.519	156.541	1291	0	21
2025.11.25	10:40:00	156.541	156.558	156.427	156.483	1822	0	21
2025.11.25	11:00:00	156.483	156.484	156.289	156.29	1690	0	21
2025.11.25	11:20:00	156.288	156.314	156.153	156.167	1679	0	21
2025.11.25	11:40:00	156.168	156.293	156.132	156.289	1714	0	21
2025.11.25	12:00:00	156.29	156.32	156.19	156.25	1447	0	21
2025.11.25	12:20:00	156.253	156.361	156.211	156.361	1174	0	21
2025.11.25	12:40:00	156.362	156.388	156.321	156.337	953	0	21
2025.11.25	13:00:00	156.338	156.479	156.338	156.461	1103	0	21
2025.11.25	13:20:00	156.462	156.507	156.443	156.5	854	0	21
2025.11.25	13:40:00	156.499	156.509	156.416	156.431	810	0	21
2025.11.25	14:00:00	156.432	156.465	156.385	156.432	1166	0	21
2025.11.25	14:20:00	156.431	156.442	156.348	156.385	1095	0	21
2025.11.25	14:40:00	156.384	156.501	156.285	156.288	2906	0	21
2025.11.25	15:00:00	156.285	156.3	156.017	156.092	2746	0	21
2025.11.25	15:20:00	156.093	156.332	156.019	156.284	2937	0	21
2025.11.25	15:40:00	156.284	156.285	156.114	156.135	2269	0	21
2025.11.25	16:00:00	156.133	156.249	156.025	156.246	2028	0	21
2025.11.25	16:20:00	156.248	156.265	156.155	156.201	2892	0	21
2025.11.25	16:40:00	156.199	156.216	155.887	156.051	3692	0	21
2025.11.25	17:00:00	156.048	156.08	155.882	156.058	3485	0	21
2025.11.25	17:20:00	156.057	156.072	155.895	155.967	3224	0	21
2025.11.25	17:40:00	155.967	156.162	155.93	156.135	3286	0	21
2025.11.25	18:00:00	156.136	156.156	156.051	156.083	2095	0	21
2025.11.25	18:20:00	156.082	156.189	156.075	156.172	1477	0	21
2025.11.25	18:40:00	156.174	156.302	156.165	156.295	1373	0	21
2025.11.25	19:00:00	156.296	156.324	155.93	155.932	3864	0	21
2025.11.25	19:20:00	155.928	155.96	155.791	155.937	2394	0	21
2025.11.25	19:40:00	155.937	155.986	155.856	155.888	1567	0	21
2025.11.25	20:00:00	155.887	155.964	155.824	155.896	2268	0	21
2025.11.25	20:20:00	155.895	155.928	155.864	155.894	1397	0	21
2025.11.25	20:40:00	155.894	155.927	155.873	155.902	1033	0	21
2025.11.25	21:00:00	155.903	155.94	155.887	155.933	906	0	21
2025.11.25	21:20:00	155.932	155.948	155.899	155.907	758	0	21
2025.11.25	21:40:00	155.906	155.91	155.796	155.817	933	0	21
2025.11.25	22:00:00	155.816	155.993	155.808	155.992	1168	0	21
2025.11.25	22:20:00	155.992	156.124	155.971	156.098	1361	0	21
2025.11.25	22:40:00	156.099	156.176	156.088	156.089	1136	0	21
2025.11.25	23:00:00	156.088	156.104	156.049	156.063	649	0	21
2025.11.25	23:20:00	156.062	156.083	156.03	156.045	410	0	21
2025.11.25	23:40:00	156.043	156.074	156.016	156.027	762	0	22
2025.11.26	00:00:00	155.901	155.992	155.897	155.941	87	0	86
2025.11.26	00:20:00	155.944	156.097	155.936	155.968	198	0	58
2025.11.26	00:40:00	155.969	156.021	155.96	156.015	174	0	49
2025.11.26	01:00:00	156.013	156.144	155.999	156.127	810	0	21
2025.11.26	01:20:00	156.127	156.141	156.087	156.136	536	0	21
2025.11.26	01:40:00	156.137	156.221	156.126	156.187	961	0	21
2025.11.26	02:00:00	156.187	156.249	156.094	156.204	1717	0	21
2025.11.26	02:20:00	156.204	156.209	156.083	156.157	1408	0	21
2025.11.26	02:40:00	156.156	156.338	156.15	156.244	2341	0	21
2025.11.26	03:00:00	156.244	156.35	156.169	156.333	1927	0	21
2025.11.26	03:20:00	156.333	156.362	155.872	155.873	2921	0	21
2025.11.26	03:40:00	155.869	156.073	155.801	155.933	3000	0	21
2025.11.26	04:00:00	155.935	156.01	155.726	155.727	2654	0	21
2025.11.26	04:20:00	155.728	155.799	155.641	155.758	2484	0	21
2025.11.26	04:40:00	155.758	155.844	155.703	155.837	2233	0	21
2025.11.26	05:00:00	155.837	155.863	155.736	155.857	1617	0	21
2025.11.26	05:20:00	155.857	155.897	155.75	155.798	1428	0	21
2025.11.26	05:40:00	155.798	155.895	155.791	155.869	1323	0	21
2025.11.26	06:00:00	155.87	156.017	155.865	156.016	1202	0	21
2025.11.26	06:20:00	156.016	156.115	156.002	156.064	1073	0	21
2025.11.26	06:40:00	156.065	156.082	156.017	156.027	1160	0	21
2025.11.26	07:00:00	156.025	156.173	156.016	156.161	1285	0	21
2025.11.26	07:20:00	156.16	156.16	156.041	156.059	1287	0	21
2025.11.26	07:40:00	156.059	156.149	156.046	156.102	1898	0	21
2025.11.26	08:00:00	156.103	156.186	156.103	156.16	1705	0	21
2025.11.26	08:20:00	156.16	156.162	156.038	156.135	1575	0	21
2025.11.26	08:40:00	156.136	156.275	156.095	156.197	1537	0	21
2025.11.26	09:00:00	156.197	156.265	156.137	156.251	1784	0	21
2025.11.26	09:20:00	156.252	156.452	156.25	156.366	2258	0	21
2025.11.26	09:40:00	156.368	156.443	156.353	156.374	2328	0	21
2025.11.26	10:00:00	156.373	156.438	156.315	156.337	2159	0	21
2025.11.26	10:20:00	156.336	156.428	156.307	156.333	2323	0	21
2025.11.26	10:40:00	156.333	156.482	156.319	156.432	1619	0	21
2025.11.26	11:00:00	156.433	156.472	156.326	156.378	1616	0	21
2025.11.26	11:20:00	156.378	156.472	156.325	156.394	1034	0	21
2025.11.26	11:40:00	156.394	156.491	156.334	156.442	1445	0	21
2025.11.26	12:00:00	156.441	156.445	156.316	156.384	1531	0	21
2025.11.26	12:20:00	156.384	156.446	156.364	156.379	1403	0	21
2025.11.26	12:40:00	156.379	156.5	156.379	156.466	1304	0	21
2025.11.26	13:00:00	156.467	156.566	156.42	156.542	1251	0	21
2025.11.26	13:20:00	156.543	156.563	156.492	156.501	1300	0	21
2025.11.26	13:40:00	156.503	156.504	156.367	156.463	2811	0	21
2025.11.26	14:00:00	156.465	156.577	156.448	156.504	3175	0	21
2025.11.26	14:20:00	156.504	156.564	156.436	156.551	1572	0	21
2025.11.26	14:40:00	156.553	156.574	156.43	156.468	1976	0	21
2025.11.26	15:00:00	156.467	156.507	156.33	156.347	1906	0	21
2025.11.26	15:20:00	156.347	156.666	156.319	156.563	2920	0	21
2025.11.26	15:40:00	156.561	156.677	156.481	156.651	3750	0	21
2025.11.26	16:00:00	156.652	156.666	156.592	156.615	2180	0	21
2025.11.26	16:20:00	156.616	156.726	156.6	156.63	2094	0	21
2025.11.26	16:40:00	156.63	156.658	156.488	156.597	2418	0	21
2025.11.26	17:00:00	156.603	156.631	156.426	156.432	2576	0	21
2025.11.26	17:20:00	156.433	156.581	156.419	156.519	2199	0	21
2025.11.26	17:40:00	156.52	156.542	156.405	156.405	2309	0	21
2025.11.26	18:00:00	156.404	156.455	156.315	156.321	1863	0	21
2025.11.26	18:20:00	156.322	156.387	156.276	156.334	1404	0	21
2025.11.26	18:40:00	156.333	156.435	156.31	156.373	1192	0	21
2025.11.26	19:00:00	156.372	156.43	156.33	156.407	1016	0	21
2025.11.26	19:20:00	156.407	156.452	156.39	156.444	1011	0	21
2025.11.26	19:40:00	156.445	156.446	156.381	156.395	907	0	21
2025.11.26	20:00:00	156.395	156.412	156.335	156.396	979	0	21
2025.11.26	20:20:00	156.395	156.498	156.382	156.479	873	0	21
2025.11.26	20:40:00	156.48	156.483	156.443	156.453	1058	0	21
2025.11.26	21:00:00	156.451	156.494	156.443	156.468	669	0	21
2025.11.26	21:20:00	156.465	156.482	156.424	156.43	684	0	21
2025.11.26	21:40:00	156.43	156.456	156.418	156.446	754	0	21
2025.11.26	22:00:00	156.447	156.483	156.412	156.418	1114	0	21
2025.11.26	22:20:00	156.418	156.446	156.41	156.417	796	0	21
2025.11.26	22:40:00	156.416	156.442	156.396	156.439	1057	0	21
2025.11.26	23:00:00	156.437	156.468	156.434	156.457	554	0	21
2025.11.26	23:20:00	156.456	156.459	156.407	156.407	291	0	23
2025.11.26	23:40:00	156.407	156.457	156.396	156.442	542	0	24
2025.11.27	00:00:00	156.442	156.454	156.371	156.415	440	0	67
2025.11.27	00:20:00	156.41	156.436	156.391	156.41	441	0	37
2025.11.27	00:40:00	156.41	156.41	156.38	156.399	147	0	36
2025.11.27	01:00:00	156.398	156.402	156.312	156.33	400	0	23
2025.11.27	01:20:00	156.33	156.335	156.251	156.319	464	0	21
2025.11.27	01:40:00	156.317	156.332	156.206	156.208	804	0	21
2025.11.27	02:00:00	156.207	156.223	156.065	156.149	1254	0	21
2025.11.27	02:20:00	156.152	156.159	156.035	156.102	833	0	21
2025.11.27	02:40:00	156.103	156.104	155.855	156.026	1932	0	21
2025.11.27	03:00:00	156.027	156.028	155.866	155.917	2012	0	21
2025.11.27	03:20:00	155.915	155.994	155.71	155.993	2138	0	21
2025.11.27	03:40:00	155.994	156.167	155.978	156.041	2037	0	21
2025.11.27	04:00:00	156.034	156.109	155.918	156.102	1436	0	21
2025.11.27	04:20:00	156.101	156.173	156.074	156.088	1057	0	21
2025.11.27	04:40:00	156.093	156.146	156.043	156.108	1034	0	21
2025.11.27	05:00:00	156.108	156.144	156.072	156.077	826	0	21
2025.11.27	05:20:00	156.078	156.107	156.03	156.046	606	0	21
2025.11.27	05:40:00	156.05	156.085	156.019	156.069	667	0	21
2025.11.27	06:00:00	156.07	156.09	156.009	156.025	671	0	21
2025.11.27	06:20:00	156.024	156.077	155.928	155.957	736	0	21
2025.11.27	06:40:00	155.958	156.041	155.951	155.996	728	0	21
2025.11.27	07:00:00	155.996	156.002	155.81	155.817	1144	0	21
2025.11.27	07:20:00	155.817	155.907	155.804	155.88	1174	0	21
2025.11.27	07:40:00	155.881	155.983	155.855	155.98	1586	0	21
2025.11.27	08:00:00	155.979	156.064	155.902	156.047	1413	0	21
2025.11.27	08:20:00	156.047	156.152	156.039	156.145	1003	0	21
2025.11.27	08:40:00	156.147	156.195	156.124	156.125	1195	0	21
2025.11.27	09:00:00	156.126	156.225	156.12	156.219	945	0	21
2025.11.27	09:20:00	156.219	156.245	156.183	156.223	799	0	21
2025.11.27	09:40:00	156.223	156.289	156.097	156.098	923	0	21
2025.11.27	10:00:00	156.097	156.221	156.069	156.217	1286	0	21
2025.11.27	10:20:00	156.217	156.293	156.13	156.208	1289	0	21
2025.11.27	10:40:00	156.208	156.354	156.203	156.309	1494	0	21
2025.11.27	11:00:00	156.31	156.38	156.306	156.354	1456	0	21
2025.11.27	11:20:00	156.354	156.393	156.312	156.321	844	0	21
2025.11.27	11:40:00	156.32	156.38	156.3	156.346	769	0	21
2025.11.27	12:00:00	156.345	156.349	156.309	156.313	758	0	21
2025.11.27	12:20:00	156.315	156.321	156.247	156.292	581	0	21
2025.11.27	12:40:00	156.293	156.307	156.259	156.273	555	0	21
2025.11.27	13:00:00	156.274	156.299	156.24	156.271	673	0	21
2025.11.27	13:20:00	156.272	156.283	156.252	156.276	600	0	21
2025.11.27	13:40:00	156.276	156.339	156.269	156.3	582	0	21
2025.11.27	14:00:00	156.301	156.332	156.255	156.256	792	0	21
2025.11.27	14:20:00	156.257	156.319	156.257	156.31	532	0	21
2025.11.27	14:40:00	156.309	156.378	156.309	156.365	1096	0	21
2025.11.27	15:00:00	156.366	156.371	156.277	156.28	826	0	21
2025.11.27	15:20:00	156.279	156.31	156.254	156.284	764	0	21
2025.11.27	15:40:00	156.285	156.322	156.234	156.254	906	0	21
2025.11.27	16:00:00	156.253	156.292	156.222	156.28	1018	0	21
2025.11.27	16:20:00	156.279	156.351	156.278	156.343	877	0	21
2025.11.27	16:40:00	156.344	156.351	156.304	156.316	700	0	21
2025.11.27	17:00:00	156.317	156.333	156.271	156.281	680	0	21
2025.11.27	17:20:00	156.282	156.293	156.253	156.279	654	0	21
2025.11.27	17:40:00	156.28	156.307	156.24	156.295	1020	0	21
2025.11.27	18:00:00	156.295	156.347	156.288	156.29	1408	0	21
2025.11.27	18:20:00	156.289	156.3	156.248	156.281	721	0	21
2025.11.27	18:40:00	156.281	156.295	156.254	156.267	341	0	22
2025.11.27	19:00:00	156.266	156.309	156.259	156.309	518	0	21
2025.11.27	19:20:00	156.308	156.351	156.308	156.338	569	0	21
2025.11.27	19:40:00	156.337	156.356	156.317	156.318	296	0	21
2025.11.27	20:00:00	156.318	156.35	156.313	156.338	237	0	24
2025.11.27	20:20:00	156.339	156.357	156.338	156.352	243	0	23
2025.11.27	20:40:00	156.352	156.354	156.338	156.349	229	0	22
2025.11.27	21:00:00	156.349	156.351	156.335	156.337	169	0	22
2025.11.27	21:20:00	156.337	156.343	156.336	156.339	147	0	21
2025.11.27	21:40:00	156.339	156.341	156.311	156.324	487	0	22
2025.11.27	22:00:00	156.324	156.326	156.302	156.309	399	0	22
2025.11.27	22:20:00	156.31	156.314	156.255	156.276	489	0	22
2025.11.27	22:40:00	156.277	156.311	156.273	156.304	668	0	23
2025.11.27	23:00:00	156.299	156.303	156.276	156.28	281	0	23
2025.11.27	23:20:00	156.276	156.284	156.252	156.277	211	0	24
2025.11.27	23:40:00	156.277	156.291	156.254	156.254	239	0	28
2025.11.28	00:00:00	156.252	156.298	156.224	156.297	92	0	63
2025.11.28	00:20:00	156.296	156.303	156.25	156.272	323	0	39
2025.11.28	00:40:00	156.27	156.277	156.248	156.257	247	0	48
2025.11.28	01:00:00	156.257	156.27	156.203	156.215	445	0	21
2025.11.28	01:20:00	156.215	156.299	156.191	156.252	494	0	22
2025.11.28	01:40:00	156.254	156.296	156.252	156.277	361	0	23
2025.11.28	02:00:00	156.277	156.313	156.163	156.229	1158	0	21
2025.11.28	02:20:00	156.229	156.347	156.227	156.312	1635	0	21
2025.11.28	02:40:00	156.311	156.57	156.303	156.434	3354	0	21
2025.11.28	03:00:00	156.433	156.435	156.309	156.352	1962	0	21
2025.11.28	03:20:00	156.35	156.447	156.334	156.402	1331	0	21
2025.11.28	03:40:00	156.403	156.412	156.365	156.367	793	0	21
2025.11.28	04:00:00	156.366	156.371	156.311	156.321	917	0	21
2025.11.28	04:20:00	156.32	156.323	156.079	156.257	2907	0	21
2025.11.28	04:40:00	156.258	156.333	156.214	156.267	5971	0	21
2025.11.28	05:00:00	156.267	156.296	156.096	156.264	6102	0	24
2025.11.28	05:20:00	156.263	156.294	156.214	156.232	7148	0	21
2025.11.28	05:40:00	156.23	156.27	156.171	156.254	5757	0	25
2025.11.28	06:00:00	156.255	156.274	156.176	156.203	6598	0	24
2025.11.28	06:20:00	156.201	156.234	156.174	156.22	5218	0	24
2025.11.28	06:40:00	156.223	156.237	156.175	156.208	5652	0	23
2025.11.28	07:00:00	156.207	156.386	156.197	156.303	6608	0	21
2025.11.28	07:20:00	156.303	156.368	156.262	156.297	7312	0	21
2025.11.28	07:40:00	156.296	156.391	156.293	156.332	6198	0	21
2025.11.28	08:00:00	156.332	156.426	156.32	156.393	6191	0	21
2025.11.28	08:20:00	156.395	156.4	156.335	156.337	4994	0	21
2025.11.28	08:40:00	156.338	156.421	156.335	156.367	5421	0	21
2025.11.28	09:00:00	156.367	156.385	156.334	156.368	5280	0	22
2025.11.28	09:20:00	156.367	156.39	156.335	156.374	5166	0	21
2025.11.28	09:40:00	156.374	156.387	156.269	156.29	6342	0	21
2025.11.28	10:00:00	156.285	156.372	156.27	156.352	6163	0	21
2025.11.28	10:20:00	156.351	156.362	156.278	156.343	7009	0	22
2025.11.28	10:40:00	156.343	156.359	156.266	156.341	7393	0	21
2025.11.28	11:00:00	156.341	156.362	156.24	156.305	6983	0	21
2025.11.28	11:20:00	156.311	156.339	156.242	156.284	7191	0	21
2025.11.28	11:40:00	156.286	156.352	156.206	156.305	6413	0	26
2025.11.28	12:00:00	156.305	156.368	156.253	156.3	5217	0	21
2025.11.28	12:20:00	156.301	156.347	156.244	156.313	5817	0	21
2025.11.28	12:40:00	156.313	156.32	156.237	156.253	4993	0	21
2025.11.28	13:00:00	156.252	156.287	156.229	156.242	4810	0	21
2025.11.28	13:20:00	156.242	156.258	156.178	156.218	4681	0	23
2025.11.28	13:40:00	156.218	156.264	156.141	156.192	4416	0	21
2025.11.28	14:00:00	156.193	156.248	156.154	156.154	3457	0	21
2025.11.28	14:20:00	156.154	156.17	156.081	156.086	1908	0	21
2025.11.28	14:40:00	156.087	156.146	156.083	156.104	4329	0	21
2025.11.28	15:00:00	156.103	156.138	156.097	156.123	3991	0	21
2025.11.28	15:20:00	156.126	156.141	156.092	156.113	4133	0	21
2025.11.28	15:40:00	156.113	156.146	155.993	156.009	2632	0	21
2025.11.28	16:00:00	156.009	156.132	155.97	156.132	2203	0	21
2025.11.28	16:20:00	156.132	156.379	156.116	156.271	1818	0	21
2025.11.28	16:40:00	156.27	156.377	156.215	156.232	1975	0	21
2025.11.28	17:00:00	156.232	156.299	156.137	156.293	1130	0	21
2025.11.28	17:20:00	156.292	156.295	156.219	156.22	3028	0	21
2025.11.28	17:40:00	156.22	156.329	155.986	156.023	3509	0	21
2025.11.28	18:00:00	156.022	156.179	155.983	156.141	2971	0	21
2025.11.28	18:20:00	156.141	156.184	156.106	156.149	1624	0	21
2025.11.28	18:40:00	156.148	156.191	156.116	156.165	1026	0	21
2025.11.28	19:00:00	156.164	156.252	156.146	156.2	1395	0	21
2025.11.28	19:20:00	156.201	156.256	156.122	156.141	1543	0	21
2025.11.28	19:40:00	156.141	156.208	156.119	156.198	1342	0	21
2025.11.28	20:00:00	156.202	156.226	156.141	156.142	1134	0	21
2025.11.28	20:20:00	156.143	156.157	156.072	156.148	1624	0	22
2025.11.28	20:40:00	156.146	156.18	156.114	156.124	900	0	22
2025.11.28	21:00:00	156.123	156.159	156.113	156.123	1530	0	21
2025.11.28	21:20:00	156.124	156.125	156.063	156.092	775	0	21
2025.11.28	21:40:00	156.091	156.111	156.058	156.109	1030	0	21
2025.11.28	22:00:00	156.108	156.111	156.051	156.083	1168	0	21
2025.11.28	22:20:00	156.083	156.102	156.067	156.086	1106	0	21
2025.11.28	22:40:00	156.087	156.139	156.072	156.133	734	0	21
2025.11.28	23:00:00	156.135	156.154	156.11	156.118	1055	0	21
2025.11.28	23:20:00	156.119	156.127	156.112	156.119	875	0	21
2025.11.28	23:40:00	156.118	156.165	156.085	156.158	595	0	21
2025.12.01	00:00:00	156.043	156.11	156.043	156.099	105	0	51
2025.12.01	00:20:00	156.097	156.11	156.039	156.072	438	0	37
2025.12.01	00:40:00	156.073	156.084	156.048	156.068	455	0	56
2025.12.01	01:00:00	156.06	156.107	156.007	156.071	1095	0	21
2025.12.01	01:20:00	156.07	156.139	156.012	156.111	1524	0	21
2025.12.01	01:40:00	156.112	156.112	155.892	155.896	1225	0	21
2025.12.01	02:00:00	155.897	155.899	155.753	155.801	2463	0	21
2025.12.01	02:20:00	155.8	155.802	155.693	155.717	1871	0	21
2025.12.01	02:40:00	155.716	155.849	155.663	155.796	2304	0	21
2025.12.01	03:00:00	155.794	155.981	155.471	155.637	4115	0	21
2025.12.01	03:20:00	155.637	155.815	155.529	155.678	2907	0	21
2025.12.01	03:40:00	155.677	155.769	155.524	155.63	1742	0	21
2025.12.01	04:00:00	155.63	155.643	155.514	155.522	1872	0	21
2025.12.01	04:20:00	155.526	155.608	155.465	155.478	1547	0	21
2025.12.01	04:40:00	155.477	155.496	155.418	155.491	1394	0	21
2025.12.01	05:00:00	155.49	155.586	155.434	155.463	995	0	21
2025.12.01	05:20:00	155.462	155.5	155.448	155.487	566	0	21
2025.12.01	05:40:00	155.487	155.497	155.402	155.451	751	0	21
2025.12.01	06:00:00	155.452	155.485	155.416	155.477	735	0	21
2025.12.01	06:20:00	155.476	155.477	155.385	155.415	568	0	21
2025.12.01	06:40:00	155.416	155.592	155.416	155.537	1089	0	21
2025.12.01	07:00:00	155.536	155.574	155.431	155.452	1319	0	21
2025.12.01	07:20:00	155.451	155.58	155.399	155.534	1227	0	21
2025.12.01	07:40:00	155.535	155.607	155.527	155.58	1146	0	21
2025.12.01	08:00:00	155.582	155.677	155.58	155.619	1259	0	21
2025.12.01	08:20:00	155.612	155.681	155.549	155.555	1112	0	21
2025.12.01	08:40:00	155.555	155.655	155.547	155.552	1158	0	21
2025.12.01	09:00:00	155.543	155.616	155.497	155.507	1473	0	21
2025.12.01	09:20:00	155.507	155.507	155.36	155.363	1422	0	21
2025.12.01	09:40:00	155.364	155.38	155.295	155.349	2154	0	21
2025.12.01	10:00:00	155.349	155.426	155.288	155.318	2591	0	21
2025.12.01	10:20:00	155.317	155.482	155.248	155.468	2136	0	21
2025.12.01	10:40:00	155.466	155.549	155.452	155.473	2800	0	21
2025.12.01	11:00:00	155.473	155.522	155.38	155.482	2137	0	21
2025.12.01	11:20:00	155.482	155.488	155.321	155.348	1362	0	21
2025.12.01	11:40:00	155.348	155.354	155.25	155.276	2011	0	21
2025.12.01	12:00:00	155.276	155.295	155.22	155.241	1222	0	21
2025.12.01	12:20:00	155.241	155.245	155.15	155.21	1174	0	21
2025.12.01	12:40:00	155.21	155.298	155.196	155.243	1634	0	21
2025.12.01	13:00:00	155.244	155.331	155.231	155.326	1523	0	21
2025.12.01	13:20:00	155.327	155.328	155.151	155.179	1442	0	21
2025.12.01	13:40:00	155.177	155.177	155.091	155.096	1162	0	21
2025.12.01	14:00:00	155.096	155.14	155.032	155.055	1475	0	21
2025.12.01	14:20:00	155.056	155.063	154.928	154.942	1601	0	21
2025.12.01	14:40:00	154.941	154.974	154.752	154.78	1876	0	21
2025.12.01	15:00:00	154.779	154.84	154.688	154.78	2806	0	21
2025.12.01	15:20:00	154.779	154.866	154.746	154.77	2377	0	21
2025.12.01	15:40:00	154.769	154.886	154.654	154.832	2452	0	21
2025.12.01	16:00:00	154.833	155.001	154.825	154.882	2514	0	21
2025.12.01	16:20:00	154.882	155.002	154.882	154.917	2937	0	21
2025.12.01	16:40:00	154.917	155.052	154.894	154.984	2896	0	21
2025.12.01	17:00:00	154.982	155.133	154.85	155.085	2940	0	21
2025.12.01	17:20:00	155.084	155.17	155.031	155.161	2727	0	21
2025.12.01	17:40:00	155.16	155.187	155.032	155.087	2663	0	21
2025.12.01	18:00:00	155.087	155.227	155.085	155.222	2624	0	21
2025.12.01	18:20:00	155.222	155.293	155.2	155.279	2016	0	21
2025.12.01	18:40:00	155.279	155.303	155.242	155.274	1696	0	21
2025.12.01	19:00:00	155.275	155.345	155.25	155.334	1504	0	21
2025.12.01	19:20:00	155.334	155.355	155.273	155.274	1234	0	21
2025.12.01	19:40:00	155.273	155.373	155.273	155.34	1444	0	21
2025.12.01	20:00:00	155.338	155.39	155.329	155.38	1076	0	21
2025.12.01	20:20:00	155.38	155.455	155.378	155.445	864	0	21
2025.12.01	20:40:00	155.445	155.488	155.437	155.482	920	0	21
2025.12.01	21:00:00	155.483	155.512	155.474	155.497	1076	0	21
2025.12.01	21:20:00	155.497	155.507	155.448	155.458	691	0	21
2025.12.01	21:40:00	155.468	155.5	155.438	155.47	898	0	21
2025.12.01	22:00:00	155.469	155.472	155.433	155.463	899	0	21
2025.12.01	22:20:00	155.462	155.501	155.454	155.482	560	0	21
2025.12.01	22:40:00	155.481	155.508	155.425	155.435	717	0	21
2025.12.01	23:00:00	155.434	155.451	155.427	155.432	539	0	21
2025.12.01	23:20:00	155.43	155.471	155.427	155.469	313	0	21
2025.12.01	23:40:00	155.469	155.5	155.417	155.418	843	0	21
2025.12.02	00:00:00	155.417	155.437	155.393	155.435	59	0	75
2025.12.02	00:20:00	155.436	155.452	155.427	155.447	138	0	42
2025.12.02	00:40:00	155.448	155.45	155.403	155.417	319	0	34
2025.12.02	01:00:00	155.418	155.455	155.418	155.441	378	0	21
2025.12.02	01:20:00	155.44	155.486	155.439	155.479	421	0	21
2025.12.02	01:40:00	155.478	155.563	155.478	155.551	580	0	21
2025.12.02	02:00:00	155.55	155.603	155.448	155.6	1550	0	21
2025.12.02	02:20:00	155.6	155.641	155.549	155.579	1229	0	21
2025.12.02	02:40:00	155.579	155.669	155.568	155.625	1757	0	21
2025.12.02	03:00:00	155.624	155.763	155.624	155.707	2050	0	21
2025.12.02	03:20:00	155.707	155.72	155.601	155.615	1046	0	21
2025.12.02	03:40:00	155.616	155.635	155.582	155.62	878	0	21
2025.12.02	04:00:00	155.62	155.624	155.579	155.599	631	0	21
2025.12.02	04:20:00	155.603	155.666	155.587	155.656	595	0	21
2025.12.02	04:40:00	155.658	155.696	155.646	155.649	678	0	21
2025.12.02	05:00:00	155.648	155.709	155.644	155.649	621	0	21
2025.12.02	05:20:00	155.649	155.664	155.585	155.606	836	0	21
2025.12.02	05:40:00	155.606	155.625	155.548	155.621	1046	0	21
2025.12.02	06:00:00	155.621	155.626	155.54	155.59	555	0	21
2025.12.02	06:20:00	155.59	155.655	155.574	155.615	585	0	21
2025.12.02	06:40:00	155.616	155.643	155.601	155.628	610	0	21
2025.12.02	07:00:00	155.631	155.723	155.621	155.697	955	0	21
2025.12.02	07:20:00	155.698	155.703	155.642	155.649	810	0	21
2025.12.02	07:40:00	155.649	155.68	155.621	155.643	794	0	21
2025.12.02	08:00:00	155.642	155.751	155.628	155.714	1153	0	21
2025.12.02	08:20:00	155.714	155.798	155.714	155.736	1264	0	21
2025.12.02	08:40:00	155.737	155.807	155.735	155.75	1002	0	21
2025.12.02	09:00:00	155.749	155.795	155.728	155.773	1405	0	21
2025.12.02	09:20:00	155.773	155.826	155.759	155.805	1087	0	21
2025.12.02	09:40:00	155.806	155.807	155.704	155.756	1509	0	21
2025.12.02	10:00:00	155.757	155.856	155.755	155.854	1605	0	21
2025.12.02	10:20:00	155.853	155.954	155.845	155.888	1738	0	21
2025.12.02	10:40:00	155.889	155.994	155.889	155.983	1426	0	21
2025.12.02	11:00:00	155.984	156.015	155.92	155.987	1631	0	21
2025.12.02	11:20:00	155.987	156.074	155.983	156.018	1411	0	21
2025.12.02	11:40:00	156.02	156.041	155.928	155.952	1652	0	21
2025.12.02	12:00:00	155.953	156.015	155.925	156.013	1121	0	21
2025.12.02	12:20:00	156.012	156.056	156.005	156.006	1141	0	21
2025.12.02	12:40:00	156.007	156.037	155.992	156.024	984	0	21
2025.12.02	13:00:00	156.025	156.039	155.968	155.985	829	0	21
2025.12.02	13:20:00	155.985	155.991	155.883	155.945	871	0	21
2025.12.02	13:40:00	155.945	155.978	155.904	155.914	999	0	21
2025.12.02	14:00:00	155.913	156.003	155.899	156.002	1030	0	21
2025.12.02	14:20:00	156.003	156.007	155.946	155.98	1254	0	21
2025.12.02	14:40:00	155.979	156.019	155.925	155.999	1074	0	21
2025.12.02	15:00:00	155.998	156.062	155.994	156.005	1486	0	21
2025.12.02	15:20:00	156.004	156.047	155.997	156.009	1405	0	21
2025.12.02	15:40:00	156.009	156.051	155.954	155.964	1566	0	21
2025.12.02	16:00:00	155.963	156.073	155.945	156.065	1952	0	21
2025.12.02	16:20:00	156.066	156.076	155.985	156.035	1676	0	21
2025.12.02	16:40:00	156.033	156.04	155.92	155.94	2349	0	21
2025.12.02	17:00:00	155.94	156.169	155.936	156.127	2782	0	21
2025.12.02	17:20:00	156.126	156.136	155.809	155.885	2711	0	21
2025.12.02	17:40:00	155.884	155.949	155.843	155.861	2574	0	21
2025.12.02	18:00:00	155.861	155.917	155.769	155.832	2422	0	21
2025.12.02	18:20:00	155.832	155.871	155.742	155.856	2152	0	21
2025.12.02	18:40:00	155.856	155.975	155.852	155.909	1916	0	21
2025.12.02	19:00:00	155.908	156.076	155.905	156.068	1704	0	21
2025.12.02	19:20:00	156.069	156.07	155.958	155.979	1722	0	21
2025.12.02	19:40:00	155.98	155.98	155.916	155.933	1680	0	21
2025.12.02	20:00:00	155.933	155.935	155.9	155.923	1674	0	21
2025.12.02	20:20:00	155.924	155.986	155.91	155.973	1481	0	21
2025.12.02	20:40:00	155.973	156.008	155.964	155.981	1370	0	21
2025.12.02	21:00:00	155.981	155.987	155.918	155.923	1059	0	21
2025.12.02	21:20:00	155.923	155.928	155.882	155.913	944	0	21
2025.12.02	21:40:00	155.914	155.929	155.833	155.885	1517	0	21
2025.12.02	22:00:00	155.884	155.885	155.816	155.86	1332	0	21
2025.12.02	22:20:00	155.861	155.89	155.849	155.85	1251	0	21
2025.12.02	22:40:00	155.849	155.85	155.793	155.819	1126	0	21
2025.12.02	23:00:00	155.817	155.879	155.816	155.854	594	0	21
2025.12.02	23:20:00	155.855	155.89	155.828	155.866	447	0	21
2025.12.02	23:40:00	155.866	155.891	155.789	155.789	721	0	21
2025.12.03	00:00:00	155.788	155.788	155.743	155.778	82	0	164
2025.12.03	00:20:00	155.779	155.855	155.755	155.845	186	0	51
2025.12.03	00:40:00	155.845	155.864	155.813	155.842	301	0	44
2025.12.03	01:00:00	155.843	155.892	155.813	155.838	237	0	21
2025.12.03	01:20:00	155.838	155.86	155.788	155.811	644	0	21
2025.12.03	01:40:00	155.811	155.824	155.751	155.751	439	0	21
2025.12.03	02:00:00	155.752	155.773	155.657	155.704	1400	0	21
2025.12.03	02:20:00	155.705	155.747	155.648	155.742	887	0	21
2025.12.03	02:40:00	155.742	155.805	155.719	155.769	1456	0	21
2025.12.03	03:00:00	155.77	155.781	155.637	155.655	1236	0	21
2025.12.03	03:20:00	155.656	155.669	155.595	155.652	1154	0	21
2025.12.03	03:40:00	155.649	155.663	155.599	155.645	931	0	21
2025.12.03	04:00:00	155.646	155.776	155.64	155.775	804	0	21
2025.12.03	04:20:00	155.776	155.794	155.729	155.75	803	0	21
2025.12.03	04:40:00	155.751	155.77	155.693	155.7	611	0	21
2025.12.03	05:00:00	155.699	155.717	155.678	155.688	531	0	21
2025.12.03	05:20:00	155.688	155.71	155.665	155.678	583	0	21
2025.12.03	05:40:00	155.679	155.689	155.617	155.645	774	0	21
2025.12.03	06:00:00	155.644	155.742	155.643	155.723	599	0	21
2025.12.03	06:20:00	155.722	155.731	155.675	155.7	541	0	21
2025.12.03	06:40:00	155.7	155.7	155.642	155.65	652	0	21
2025.12.03	07:00:00	155.65	155.667	155.617	155.654	585	0	21
2025.12.03	07:20:00	155.655	155.695	155.65	155.664	691	0	21
2025.12.03	07:40:00	155.664	155.694	155.644	155.681	632	0	21
2025.12.03	08:00:00	155.681	155.681	155.614	155.633	826	0	21
2025.12.03	08:20:00	155.632	155.636	155.499	155.542	1392	0	21
2025.12.03	08:40:00	155.542	155.622	155.535	155.598	1007	0	21
2025.12.03	09:00:00	155.598	155.598	155.503	155.525	1132	0	21
2025.12.03	09:20:00	155.525	155.669	155.523	155.637	894	0	21
2025.12.03	09:40:00	155.637	155.698	155.627	155.675	1376	0	21
2025.12.03	10:00:00	155.674	155.745	155.66	155.735	1348	0	21
2025.12.03	10:20:00	155.735	155.743	155.664	155.714	1303	0	21
2025.12.03	10:40:00	155.716	155.741	155.652	155.664	1116	0	21
2025.12.03	11:00:00	155.663	155.669	155.605	155.629	1337	0	21
2025.12.03	11:20:00	155.63	155.67	155.569	155.579	1004	0	21
2025.12.03	11:40:00	155.58	155.611	155.517	155.611	1255	0	21
2025.12.03	12:00:00	155.61	155.632	155.556	155.567	1490	0	21
2025.12.03	12:20:00	155.568	155.572	155.492	155.511	1561	0	21
2025.12.03	12:40:00	155.51	155.561	155.496	155.516	1282	0	21
2025.12.03	13:00:00	155.515	155.516	155.435	155.45	1226	0	21
2025.12.03	13:20:00	155.451	155.465	155.412	155.453	831	0	21
2025.12.03	13:40:00	155.454	155.456	155.4	155.407	830	0	21
2025.12.03	14:00:00	155.406	155.406	155.349	155.385	1218	0	21
2025.12.03	14:20:00	155.384	155.421	155.368	155.369	872	0	21
2025.12.03	14:40:00	155.369	155.412	155.351	155.404	887	0	21
2025.12.03	15:00:00	155.404	155.435	155.192	155.305	2098	0	21
2025.12.03	15:20:00	155.304	155.514	155.284	155.403	2912	0	21
2025.12.03	15:40:00	155.404	155.491	155.352	155.478	1951	0	21
2025.12.03	16:00:00	155.478	155.497	155.268	155.398	3330	0	21
2025.12.03	16:20:00	155.399	155.51	155.344	155.37	3016	0	21
2025.12.03	16:40:00	155.369	155.443	155.339	155.375	2996	0	21
2025.12.03	17:00:00	155.335	155.588	155.288	155.319	4192	0	21
2025.12.03	17:20:00	155.319	155.43	155.207	155.379	3810	0	21
2025.12.03	17:40:00	155.379	155.402	155.2	155.207	3005	0	21
2025.12.03	18:00:00	155.206	155.236	155.064	155.065	2140	0	21
2025.12.03	18:20:00	155.065	155.12	155.001	155.032	1949	0	21
2025.12.03	18:40:00	155.032	155.169	155.03	155.158	1676	0	21
2025.12.03	19:00:00	155.157	155.202	155.076	155.089	1539	0	21
2025.12.03	19:20:00	155.09	155.179	155.088	155.146	1235	0	21
2025.12.03	19:40:00	155.146	155.164	155.089	155.115	1350	0	21
2025.12.03	20:00:00	155.114	155.132	155.063	155.131	1163	0	21
2025.12.03	20:20:00	155.13	155.14	155.088	155.126	1189	0	21
2025.12.03	20:40:00	155.125	155.166	155.08	155.113	1113	0	21
2025.12.03	21:00:00	155.113	155.135	155.068	155.069	1077	0	21
2025.12.03	21:20:00	155.069	155.144	155.068	155.127	1048	0	21
2025.12.03	21:40:00	155.126	155.153	155.1	155.138	1078	0	21
2025.12.03	22:00:00	155.138	155.164	155.114	155.157	804	0	21
2025.12.03	22:20:00	155.156	155.206	155.152	155.183	603	0	21
2025.12.03	22:40:00	155.182	155.238	155.176	155.227	626	0	21
2025.12.03	23:00:00	155.225	155.306	155.222	155.263	323	0	21
2025.12.03	23:20:00	155.263	155.273	155.218	155.221	372	0	21
2025.12.03	23:40:00	155.22	155.232	155.195	155.199	575	0	23
2025.12.04	00:00:00	155.211	155.216	155.092	155.146	102	0	68
2025.12.04	00:20:00	155.146	155.175	155.145	155.159	53	0	50
2025.12.04	00:40:00	155.159	155.186	155.102	155.112	616	0	42
2025.12.04	01:00:00	155.112	155.231	155.112	155.22	270	0	22
2025.12.04	01:20:00	155.217	155.222	155.098	155.115	671	0	21
2025.12.04	01:40:00	155.116	155.125	155.073	155.101	840	0	21
2025.12.04	02:00:00	155.102	155.197	155.009	155.162	1488	0	21
2025.12.04	02:20:00	155.163	155.227	155.108	155.175	1445	0	21
2025.12.04	02:40:00	155.176	155.238	155.107	155.108	1856	0	21
2025.12.04	03:00:00	155.107	155.196	155.089	155.16	1673	0	21
2025.12.04	03:20:00	155.16	155.398	155.16	155.319	1819	0	21
2025.12.04	03:40:00	155.32	155.323	155.229	155.25	1233	0	21
2025.12.04	04:00:00	155.249	155.366	155.244	155.352	1208	0	21
2025.12.04	04:20:00	155.353	155.418	155.34	155.392	1130	0	21
2025.12.04	04:40:00	155.391	155.413	155.327	155.401	1005	0	21
2025.12.04	05:00:00	155.402	155.483	155.402	155.464	885	0	21
2025.12.04	05:20:00	155.464	155.53	155.463	155.497	1314	0	21
2025.12.04	05:40:00	155.498	155.499	155.374	155.379	988	0	21
2025.12.04	06:00:00	155.379	155.381	155.333	155.344	717	0	21
2025.12.04	06:20:00	155.344	155.385	155.314	155.381	744	0	21
2025.12.04	06:40:00	155.381	155.456	155.381	155.451	784	0	21
2025.12.04	07:00:00	155.452	155.494	155.421	155.478	793	0	21
2025.12.04	07:20:00	155.478	155.486	155.276	155.351	1605	0	21
2025.12.04	07:40:00	155.352	155.374	155.172	155.211	2451	0	21
2025.12.04	08:00:00	155.21	155.391	155.202	155.338	1449	0	21
2025.12.04	08:20:00	155.339	155.439	155.335	155.379	953	0	21
2025.12.04	08:40:00	155.376	155.39	155.234	155.284	1347	0	21
2025.12.04	09:00:00	155.283	155.342	155.242	155.284	2036	0	21
2025.12.04	09:20:00	155.29	155.318	155.267	155.286	1196	0	21
2025.12.04	09:40:00	155.285	155.296	155.195	155.232	1730	0	21
2025.12.04	10:00:00	155.233	155.241	154.867	154.914	2967	0	21
2025.12.04	10:20:00	154.914	154.915	154.761	154.822	2711	0	21
2025.12.04	10:40:00	154.823	154.982	154.817	154.976	1720	0	21
2025.12.04	11:00:00	154.978	155.045	154.895	154.919	1728	0	21
2025.12.04	11:20:00	154.92	154.924	154.829	154.876	1499	0	21
2025.12.04	11:40:00	154.876	154.938	154.785	154.802	1634	0	21
2025.12.04	12:00:00	154.805	154.84	154.731	154.775	2018	0	21
2025.12.04	12:20:00	154.776	154.862	154.775	154.857	1110	0	21
2025.12.04	12:40:00	154.856	154.88	154.729	154.741	1075	0	21
2025.12.04	13:00:00	154.74	154.781	154.53	154.581	1896	0	21
2025.12.04	13:20:00	154.581	154.619	154.541	154.561	1301	0	21
2025.12.04	13:40:00	154.56	154.629	154.512	154.518	1062	0	21
2025.12.04	14:00:00	154.517	154.604	154.497	154.543	1281	0	21
2025.12.04	14:20:00	154.542	154.656	154.523	154.642	1412	0	21
2025.12.04	14:40:00	154.64	154.769	154.614	154.658	1679	0	21
2025.12.04	15:00:00	154.659	154.819	154.65	154.804	1655	0	21
2025.12.04	15:20:00	154.803	155.043	154.783	154.862	2956	0	21
2025.12.04	15:40:00	154.863	154.893	154.765	154.791	2876	0	21
2025.12.04	16:00:00	154.792	154.792	154.603	154.61	2627	0	21
2025.12.04	16:20:00	154.611	154.683	154.551	154.649	3150	0	21
2025.12.04	16:40:00	154.649	154.846	154.648	154.749	2886	0	21
2025.12.04	17:00:00	154.753	154.885	154.712	154.761	2860	0	21
2025.12.04	17:20:00	154.76	154.78	154.589	154.63	2466	0	21
2025.12.04	17:40:00	154.63	154.66	154.546	154.625	2259	0	21
2025.12.04	18:00:00	154.623	154.747	154.622	154.683	2123	0	21
2025.12.04	18:20:00	154.684	154.858	154.675	154.852	1641	0	21
2025.12.04	18:40:00	154.851	154.907	154.843	154.895	1746	0	21
2025.12.04	19:00:00	154.895	154.954	154.882	154.921	1497	0	21
2025.12.04	19:20:00	154.918	154.945	154.878	154.923	1143	0	21
2025.12.04	19:40:00	154.923	154.95	154.883	154.924	1268	0	21
2025.12.04	20:00:00	154.925	154.978	154.918	154.922	1488	0	21
2025.12.04	20:20:00	154.923	154.947	154.884	154.913	1272	0	21
2025.12.04	20:40:00	154.914	154.981	154.895	154.975	1526	0	21
2025.12.04	21:00:00	154.975	155.01	154.956	154.982	1342	0	21
2025.12.04	21:20:00	154.98	154.989	154.944	154.982	1280	0	21
2025.12.04	21:40:00	154.982	155.029	154.972	155.007	1430	0	21
2025.12.04	22:00:00	155.008	155.043	154.985	155.009	1530	0	21
2025.12.04	22:20:00	155.007	155.066	154.992	155.061	1758	0	21
2025.12.04	22:40:00	155.061	155.12	155.046	155.093	970	0	21
2025.12.04	23:00:00	155.093	155.107	155.065	155.106	710	0	21
2025.12.04	23:20:00	155.105	155.125	155.102	155.114	263	0	21
2025.12.04	23:40:00	155.115	155.13	155.064	155.064	643	0	23
2025.12.05	00:00:00	155.064	155.064	155.004	155.045	92	0	59
2025.12.05	00:20:00	155.047	155.047	154.964	155.035	307	0	41
2025.12.05	00:40:00	155.035	155.042	155.023	155.026	132	0	39
2025.12.05	01:00:00	155.029	155.149	155.029	155.139	514	0	21
2025.12.05	01:20:00	155.14	155.148	155.083	155.085	776	0	22
2025.12.05	01:40:00	155.084	155.151	155.083	155.121	821	0	21
2025.12.05	02:00:00	155.121	155.22	155.09	155.188	1634	0	21
2025.12.05	02:20:00	155.189	155.19	155.089	155.124	1079	0	21
2025.12.05	02:40:00	155.126	155.148	154.94	154.957	1776	0	21
2025.12.05	03:00:00	154.957	154.991	154.904	154.945	1494	0	21
2025.12.05	03:20:00	154.946	155.089	154.946	155.062	1162	0	21
2025.12.05	03:40:00	155.062	155.066	154.953	155.005	1063	0	21
2025.12.05	04:00:00	155.004	155.063	154.995	155.062	967	0	21
2025.12.05	04:20:00	155.063	155.087	155.03	155.03	883	0	21
2025.12.05	04:40:00	155.029	155.064	155.011	155.04	701	0	21
2025.12.05	05:00:00	155.041	155.07	155.028	155.063	485	0	21
2025.12.05	05:20:00	155.062	155.147	155.05	155.101	608	0	21
2025.12.05	05:40:00	155.101	155.128	155.095	155.109	493	0	21
2025.12.05	06:00:00	155.108	155.113	155.026	155.04	914	0	21
2025.12.05	06:20:00	155.039	155.039	154.784	154.981	2065	0	21
2025.12.05	06:40:00	154.98	154.982	154.871	154.909	996	0	21
2025.12.05	07:00:00	154.91	154.91	154.813	154.818	1158	0	21
2025.12.05	07:20:00	154.819	154.82	154.548	154.549	1323	0	21
2025.12.05	07:40:00	154.549	154.638	154.533	154.589	1697	0	21
2025.12.05	08:00:00	154.588	154.687	154.574	154.612	1124	0	21
2025.12.05	08:20:00	154.611	154.663	154.447	154.464	1669	0	21
2025.12.05	08:40:00	154.464	154.594	154.449	154.557	1677	0	21
2025.12.05	09:00:00	154.555	154.638	154.478	154.573	2145	0	21
2025.12.05	09:20:00	154.574	154.576	154.332	154.405	2311	0	21
2025.12.05	09:40:00	154.406	154.639	154.383	154.618	2339	0	21
2025.12.05	10:00:00	154.619	154.826	154.595	154.738	2589	0	21
2025.12.05	10:20:00	154.737	154.824	154.704	154.765	2195	0	21
2025.12.05	10:40:00	154.772	154.882	154.746	154.845	1430	0	21
2025.12.05	11:00:00	154.844	154.935	154.821	154.884	1183	0	21
2025.12.05	11:20:00	154.884	154.943	154.856	154.929	1038	0	21
2025.12.05	11:40:00	154.929	154.954	154.89	154.904	1126	0	21
2025.12.05	12:00:00	154.905	155.085	154.878	155.085	1692	0	21
2025.12.05	12:20:00	155.084	155.129	155.047	155.079	1438	0	21
2025.12.05	12:40:00	155.079	155.162	155.042	155.124	1405	0	21
2025.12.05	13:00:00	155.124	155.167	155.11	155.13	1272	0	21
2025.12.05	13:20:00	155.131	155.212	155.104	155.194	1464	0	21
2025.12.05	13:40:00	155.193	155.198	155.117	155.132	1319	0	21
2025.12.05	14:00:00	155.134	155.161	155.072	155.161	1306	0	21
2025.12.05	14:20:00	155.161	155.251	155.139	155.141	1946	0	21
2025.12.05	14:40:00	155.14	155.207	155.12	155.16	2010	0	21
2025.12.05	15:00:00	155.164	155.233	155.136	155.219	1908	0	21
2025.12.05	15:20:00	155.22	155.248	155.124	155.169	1864	0	21
2025.12.05	15:40:00	155.168	155.187	155.094	155.185	2188	0	21
2025.12.05	16:00:00	155.184	155.185	155.103	155.132	2133	0	21
2025.12.05	16:20:00	155.131	155.271	155.107	155.194	2455	0	21
2025.12.05	16:40:00	155.193	155.22	155.12	155.208	2468	0	21
2025.12.05	17:00:00	155.207	155.345	155.147	155.182	3146	0	21
2025.12.05	17:20:00	155.181	155.209	155.105	155.12	2304	0	21
2025.12.05	17:40:00	155.121	155.306	155.11	155.242	2695	0	21
2025.12.05	18:00:00	155.243	155.461	155.196	155.454	2432	0	21
2025.12.05	18:20:00	155.455	155.482	155.332	155.352	2228	0	21
2025.12.05	18:40:00	155.351	155.356	155.245	155.288	2188	0	21
2025.12.05	19:00:00	155.289	155.307	155.248	155.268	1515	0	21
2025.12.05	19:20:00	155.267	155.332	155.257	155.327	1144	0	21
2025.12.05	19:40:00	155.32	155.335	155.255	155.275	1082	0	21
2025.12.05	20:00:00	155.275	155.289	155.229	155.256	952	0	21
2025.12.05	20:20:00	155.256	155.309	155.256	155.267	851	0	21
2025.12.05	20:40:00	155.267	155.291	155.254	155.271	818	0	21
2025.12.05	21:00:00	155.27	155.312	155.254	155.297	940	0	21
2025.12.05	21:20:00	155.296	155.305	155.252	155.269	972	0	21
2025.12.05	21:40:00	155.269	155.311	155.258	155.281	798	0	21
2025.12.05	22:00:00	155.28	155.306	155.258	155.279	650	0	21
2025.12.05	22:20:00	155.279	155.314	155.275	155.302	486	0	21
2025.12.05	22:40:00	155.303	155.313	155.278	155.291	897	0	21
2025.12.05	23:00:00	155.294	155.304	155.279	155.302	474	0	21
2025.12.05	23:20:00	155.303	155.331	155.282	155.327	461	0	21
2025.12.05	23:40:00	155.326	155.356	155.299	155.341	487	0	23
2025.12.08	00:00:00	155.146	155.198	155.139	155.196	145	0	60
2025.12.08	00:20:00	155.196	155.203	155.196	155.202	30	0	56
2025.12.08	00:40:00	155.202	155.213	155.192	155.202	112	0	49
2025.12.08	01:00:00	155.198	155.281	155.194	155.26	1024	0	21
2025.12.08	01:20:00	155.26	155.279	155.228	155.275	1439	0	21
2025.12.08	01:40:00	155.274	155.37	155.273	155.3	674	0	22
2025.12.08	02:00:00	155.3	155.313	155.129	155.242	1790	0	21
2025.12.08	02:20:00	155.243	155.249	155.086	155.107	1106	0	21
2025.12.08	02:40:00	155.107	155.18	155.05	155.06	1499	0	21
2025.12.08	03:00:00	155.059	155.137	154.982	155.023	1686	0	21
2025.12.08	03:20:00	155.023	155.042	154.93	154.947	1620	0	21
2025.12.08	03:40:00	154.947	154.979	154.9	154.907	1340	0	21
2025.12.08	04:00:00	154.904	155.028	154.888	155.004	1063	0	21
2025.12.08	04:20:00	155.004	155.057	154.948	155.035	1085	0	21
2025.12.08	04:40:00	155.035	155.036	154.969	154.994	1027	0	21
2025.12.08	05:00:00	154.994	155.026	154.963	155.001	719	0	21
2025.12.08	05:20:00	155.0	155.048	154.988	155.038	835	0	21
2025.12.08	05:40:00	155.039	155.105	155.039	155.091	770	0	21
2025.12.08	06:00:00	155.093	155.111	155.046	155.071	838	0	21
2025.12.08	06:20:00	155.07	155.09	155.048	155.077	747	0	22
2025.12.08	06:40:00	155.079	155.094	155.048	155.064	733	0	22
2025.12.08	07:00:00	155.063	155.16	155.057	155.159	771	0	21
2025.12.08	07:20:00	155.158	155.212	155.144	155.18	883	0	21
2025.12.08	07:40:00	155.18	155.257	155.169	155.189	1115	0	21
2025.12.08	08:00:00	155.19	155.193	155.093	155.192	1647	0	21
2025.12.08	08:20:00	155.192	155.277	155.166	155.176	965	0	21
2025.12.08	08:40:00	155.175	155.257	155.17	155.218	933	0	21
2025.12.08	09:00:00	155.218	155.263	155.156	155.217	1360	0	21
2025.12.08	09:20:00	155.222	155.3	155.207	155.219	1435	0	21
2025.12.08	09:40:00	155.22	155.342	155.205	155.341	1166	0	21
2025.12.08	10:00:00	155.343	155.376	155.25	155.348	1921	0	21
2025.12.08	10:20:00	155.348	155.452	155.33	155.441	1990	0	21
2025.12.08	10:40:00	155.44	155.444	155.361	155.38	1145	0	21
2025.12.08	11:00:00	155.38	155.523	155.38	155.521	1863	0	21
2025.12.08	11:20:00	155.52	155.532	155.409	155.425	1612	0	21
2025.12.08	11:40:00	155.425	155.482	155.399	155.465	1514	0	21
2025.12.08	12:00:00	155.464	155.511	155.398	155.425	1745	0	21
2025.12.08	12:20:00	155.423	155.456	155.399	155.425	1217	0	21
2025.12.08	12:40:00	155.425	155.519	155.408	155.501	1096	0	21
2025.12.08	13:00:00	155.502	155.564	155.462	155.506	977	0	21
2025.12.08	13:20:00	155.507	155.533	155.487	155.493	1419	0	21
2025.12.08	13:40:00	155.493	155.579	155.488	155.575	1417	0	21
2025.12.08	14:00:00	155.576	155.643	155.532	155.627	1718	0	21
2025.12.08	14:20:00	155.627	155.646	155.594	155.614	1021	0	21
2025.12.08	14:40:00	155.614	155.641	155.532	155.549	1426	0	21
2025.12.08	15:00:00	155.547	155.583	155.463	155.479	1902	0	21
2025.12.08	15:20:00	155.477	155.611	155.477	155.605	2002	0	21
2025.12.08	15:40:00	155.606	155.65	155.562	155.616	1949	0	21
2025.12.08	16:00:00	155.616	155.63	155.51	155.522	1951	0	21
2025.12.08	16:20:00	155.521	155.727	155.381	155.699	3316	0	21
2025.12.08	16:40:00	155.695	155.867	155.67	155.814	3591	0	21
2025.12.08	17:00:00	155.814	155.906	155.809	155.863	2774	0	21
2025.12.08	17:20:00	155.863	155.948	155.744	155.942	2446	0	21
2025.12.08	17:40:00	155.941	155.973	155.844	155.847	2420	0	21
2025.12.08	18:00:00	155.846	155.878	155.817	155.833	1706	0	21
2025.12.08	18:20:00	155.832	155.945	155.832	155.913	1915	0	21
2025.12.08	18:40:00	155.914	155.916	155.853	155.886	1312	0	21
2025.12.08	19:00:00	155.885	155.914	155.82	155.822	1094	0	21
2025.12.08	19:20:00	155.822	155.841	155.775	155.807	1424	0	21
2025.12.08	19:40:00	155.808	155.818	155.715	155.739	1448	0	21
2025.12.08	20:00:00	155.738	155.765	155.711	155.738	931	0	21
2025.12.08	20:20:00	155.737	155.773	155.719	155.735	709	0	21
2025.12.08	20:40:00	155.731	155.747	155.693	155.738	804	0	21
2025.12.08	21:00:00	155.739	155.766	155.725	155.729	658	0	21
2025.12.08	21:20:00	155.728	155.836	155.723	155.799	642	0	21
2025.12.08	21:40:00	155.8	155.905	155.783	155.899	1403	0	21
2025.12.08	22:00:00	155.899	155.924	155.84	155.914	918	0	21
2025.12.08	22:20:00	155.914	155.92	155.862	155.876	558	0	21
2025.12.08	22:40:00	155.875	155.924	155.865	155.921	732	0	21
2025.12.08	23:00:00	155.922	155.938	155.914	155.925	495	0	21
2025.12.08	23:20:00	155.925	155.949	155.914	155.929	664	0	21
2025.12.08	23:40:00	155.929	155.934	155.896	155.905	623	0	21
2025.12.09	00:00:00	155.901	155.901	155.799	155.852	59	0	31
2025.12.09	00:20:00	155.852	155.861	155.846	155.858	109	0	59
2025.12.09	00:40:00	155.858	155.919	155.858	155.898	133	0	28
2025.12.09	01:00:00	155.899	155.965	155.875	155.947	376	0	22
2025.12.09	01:20:00	155.943	155.958	155.88	155.896	479	0	21
2025.12.09	01:40:00	155.896	155.926	155.827	155.834	597	0	21
2025.12.09	02:00:00	155.837	155.854	155.758	155.839	1250	0	21
2025.12.09	02:20:00	155.838	155.891	155.821	155.886	767	0	21
2025.12.09	02:40:00	155.886	156.01	155.85	155.999	1714	0	21
2025.12.09	03:00:00	155.999	156.025	155.89	155.903	1797	0	21
2025.12.09	03:20:00	155.903	155.906	155.818	155.866	1036	0	21
2025.12.09	03:40:00	155.866	155.889	155.756	155.785	831	0	21
2025.12.09	04:00:00	155.786	155.881	155.732	155.88	751	0	21
2025.12.09	04:20:00	155.881	155.881	155.816	155.862	560	0	21
2025.12.09	04:40:00	155.861	155.894	155.845	155.858	713	0	21
2025.12.09	05:00:00	155.857	155.878	155.844	155.865	557	0	21
2025.12.09	05:20:00	155.866	155.867	155.8	155.807	699	0	21
2025.12.09	05:40:00	155.808	155.847	155.791	155.812	392	0	21
2025.12.09	06:00:00	155.812	155.881	155.799	155.876	573	0	21
2025.12.09	06:20:00	155.875	155.93	155.849	155.911	613	0	21
2025.12.09	06:40:00	155.911	155.974	155.909	155.924	527	0	21
2025.12.09	07:00:00	155.923	156.099	155.919	155.982	1171	0	21
2025.12.09	07:20:00	155.984	155.984	155.849	155.895	718	0	21
2025.12.09	07:40:00	155.896	156.006	155.867	155.998	2049	0	21
2025.12.09	08:00:00	155.997	156.115	155.972	156.083	1649	0	21
2025.12.09	08:20:00	156.082	156.105	155.999	156.047	1332	0	21
2025.12.09	08:40:00	156.045	156.048	155.95	155.995	1261	0	21
2025.12.09	09:00:00	155.995	156.152	155.973	156.127	1301	0	21
2025.12.09	09:20:00	156.127	156.135	156.024	156.048	1321	0	21
2025.12.09	09:40:00	156.047	156.186	156.047	156.181	1553	0	21
2025.12.09	10:00:00	156.181	156.304	156.172	156.299	2350	0	21
2025.12.09	10:20:00	156.304	156.417	156.271	156.413	2012	0	21
2025.12.09	10:40:00	156.414	156.42	156.297	156.323	1533	0	21
2025.12.09	11:00:00	156.323	156.329	156.054	156.054	2611	0	21
2025.12.09	11:20:00	156.054	156.096	155.965	156.055	2201	0	21
2025.12.09	11:40:00	156.056	156.109	156.015	156.074	1638	0	21
2025.12.09	12:00:00	156.075	156.192	156.074	156.164	1761	0	21
2025.12.09	12:20:00	156.165	156.191	156.072	156.072	1980	0	21
2025.12.09	12:40:00	156.07	156.123	156.034	156.063	1724	0	21
2025.12.09	13:00:00	156.063	156.125	156.057	156.11	1418	0	21
2025.12.09	13:20:00	156.109	156.138	156.061	156.089	1609	0	21
2025.12.09	13:40:00	156.089	156.187	156.088	156.177	1232	0	21
2025.12.09	14:00:00	156.177	156.283	156.176	156.268	1657	0	21
2025.12.09	14:20:00	156.267	156.281	156.24	156.268	1065	0	21
2025.12.09	14:40:00	156.267	156.346	156.245	156.344	2030	0	21
2025.12.09	15:00:00	156.345	156.395	156.298	156.343	1778	0	21
2025.12.09	15:20:00	156.339	156.503	156.338	156.381	2059	0	21
2025.12.09	15:40:00	156.382	156.425	156.274	156.332	2373	0	21
2025.12.09	16:00:00	156.331	156.432	156.302	156.431	2286	0	21
2025.12.09	16:20:00	156.432	156.522	156.374	156.438	3238	0	21
2025.12.09	16:40:00	156.443	156.498	156.389	156.394	2460	0	21
2025.12.09	17:00:00	156.391	156.847	156.385	156.727	4218	0	21
2025.12.09	17:20:00	156.73	156.755	156.559	156.748	2982	0	21
2025.12.09	17:40:00	156.748	156.905	156.734	156.856	2586	0	21
2025.12.09	18:00:00	156.855	156.909	156.798	156.841	1940	0	21
2025.12.09	18:20:00	156.841	156.906	156.812	156.902	2068	0	21
2025.12.09	18:40:00	156.901	156.902	156.832	156.847	1651	0	21
2025.12.09	19:00:00	156.846	156.906	156.819	156.888	1159	0	21
2025.12.09	19:20:00	156.889	156.909	156.84	156.874	1290	0	21
2025.12.09	19:40:00	156.875	156.914	156.864	156.906	967	0	21
2025.12.09	20:00:00	156.908	156.914	156.868	156.894	878	0	21
2025.12.09	20:20:00	156.894	156.915	156.867	156.907	619	0	21
2025.12.09	20:40:00	156.907	156.915	156.883	156.885	589	0	21
2025.12.09	21:00:00	156.885	156.943	156.876	156.906	809	0	21
2025.12.09	21:20:00	156.905	156.916	156.834	156.835	783	0	21
2025.12.09	21:40:00	156.834	156.868	156.797	156.824	902	0	21
2025.12.09	22:00:00	156.824	156.849	156.809	156.847	705	0	21
2025.12.09	22:20:00	156.848	156.902	156.848	156.892	333	0	21
2025.12.09	22:40:00	156.892	156.912	156.857	156.888	568	0	21
2025.12.09	23:00:00	156.891	156.925	156.884	156.906	296	0	21
2025.12.09	23:20:00	156.907	156.93	156.895	156.916	334	0	21
2025.12.09	23:40:00	156.915	156.917	156.84	156.84	874	0	23
2025.12.10	00:00:00	156.842	156.842	156.657	156.806	141	0	61
2025.12.10	00:20:00	156.802	156.9	156.787	156.864	276	0	48
2025.12.10	00:40:00	156.864	156.866	156.804	156.823	297	0	39
2025.12.10	01:00:00	156.818	156.9	156.787	156.841	424	0	22
2025.12.10	01:20:00	156.841	156.851	156.826	156.832	380	0	25
2025.12.10	01:40:00	156.833	156.865	156.793	156.793	473	0	21
2025.12.10	02:00:00	156.792	156.891	156.763	156.843	1160	0	21
2025.12.10	02:20:00	156.842	156.924	156.841	156.842	1034	0	21
2025.12.10	02:40:00	156.842	156.884	156.691	156.704	1657	0	21
2025.12.10	03:00:00	156.704	156.737	156.659	156.681	1475	0	21
2025.12.10	03:20:00	156.681	156.759	156.681	156.725	1095	0	21
2025.12.10	03:40:00	156.732	156.746	156.662	156.696	1241	0	21
2025.12.10	04:00:00	156.697	156.698	156.624	156.644	780	0	21
2025.12.10	04:20:00	156.643	156.677	156.62	156.648	508	0	21
2025.12.10	04:40:00	156.649	156.713	156.638	156.644	609	0	21
2025.12.10	05:00:00	156.644	156.671	156.592	156.595	695	0	21
2025.12.10	05:20:00	156.596	156.62	156.557	156.57	649	0	21
2025.12.10	05:40:00	156.57	156.586	156.547	156.579	612	0	21
2025.12.10	06:00:00	156.579	156.613	156.576	156.609	402	0	21
2025.12.10	06:20:00	156.61	156.652	156.606	156.607	288	0	21
2025.12.10	06:40:00	156.606	156.62	156.57	156.614	394	0	21
2025.12.10	07:00:00	156.615	156.62	156.585	156.586	479	0	21
2025.12.10	07:20:00	156.584	156.657	156.584	156.636	780	0	21
2025.12.10	07:40:00	156.637	156.709	156.632	156.694	736	0	21
2025.12.10	08:00:00	156.694	156.728	156.681	156.709	666	0	21
2025.12.10	08:20:00	156.709	156.748	156.685	156.744	572	0	21
2025.12.10	08:40:00	156.745	156.754	156.649	156.66	717	0	21
2025.12.10	09:00:00	156.66	156.687	156.634	156.648	875	0	21
2025.12.10	09:20:00	156.647	156.741	156.647	156.717	614	0	21
2025.12.10	09:40:00	156.718	156.724	156.625	156.642	1612	0	21
2025.12.10	10:00:00	156.642	156.696	156.568	156.647	1405	0	21
2025.12.10	10:20:00	156.646	156.648	156.588	156.634	1186	0	21
2025.12.10	10:40:00	156.634	156.682	156.603	156.662	1296	0	21
2025.12.10	11:00:00	156.663	156.774	156.663	156.755	1297	0	21
2025.12.10	11:20:00	156.76	156.845	156.758	156.812	857	0	21
2025.12.10	11:40:00	156.813	156.877	156.794	156.807	1392	0	21
2025.12.10	12:00:00	156.808	156.847	156.738	156.758	1315	0	21
2025.12.10	12:20:00	156.759	156.817	156.729	156.763	1134	0	21
2025.12.10	12:40:00	156.762	156.773	156.727	156.758	1580	0	21
2025.12.10	13:00:00	156.758	156.76	156.678	156.734	1313	0	21
2025.12.10	13:20:00	156.733	156.739	156.684	156.734	840	0	21
2025.12.10	13:40:00	156.733	156.766	156.698	156.699	670	0	21
2025.12.10	14:00:00	156.699	156.731	156.662	156.711	682	0	21
2025.12.10	14:20:00	156.711	156.745	156.68	156.691	725	0	21
2025.12.10	14:40:00	156.691	156.711	156.673	156.704	750	0	21
2025.12.10	15:00:00	156.705	156.705	156.639	156.686	1346	0	21
2025.12.10	15:20:00	156.684	156.707	156.571	156.6	1644	0	21
2025.12.10	15:40:00	156.6	156.629	156.54	156.541	1477	0	21
2025.12.10	16:00:00	156.54	156.582	156.49	156.565	1605	0	21
2025.12.10	16:20:00	156.564	156.617	156.54	156.591	1742	0	21
2025.12.10	16:40:00	156.592	156.592	156.428	156.488	2273	0	21
2025.12.10	17:00:00	156.487	156.487	156.341	156.456	1842	0	21
2025.12.10	17:20:00	156.456	156.472	156.372	156.464	1540	0	21
2025.12.10	17:40:00	156.465	156.522	156.427	156.467	1488	0	21
2025.12.10	18:00:00	156.47	156.478	156.398	156.4	1627	0	21
2025.12.10	18:20:00	156.401	156.402	156.314	156.316	1401	0	21
2025.12.10	18:40:00	156.316	156.392	156.315	156.325	1324	0	21
2025.12.10	19:00:00	156.325	156.386	156.264	156.269	1188	0	21
2025.12.10	19:20:00	156.268	156.307	156.249	156.27	767	0	21
2025.12.10	19:40:00	156.27	156.313	156.234	156.294	977	0	21
2025.12.10	20:00:00	156.296	156.373	156.285	156.372	666	0	21
2025.12.10	20:20:00	156.372	156.451	156.33	156.449	871	0	21
2025.12.10	20:40:00	156.448	156.467	156.382	156.406	1183	0	21
2025.12.10	21:00:00	156.391	156.432	156.089	156.282	4626	0	21
2025.12.10	21:20:00	156.283	156.543	156.13	156.361	4339	0	21
2025.12.10	21:40:00	156.362	156.665	156.194	156.248	5243	0	21
2025.12.10	22:00:00	156.249	156.297	155.783	155.874	4281	0	21
2025.12.10	22:20:00	155.883	156.021	155.844	155.921	3129	0	21
2025.12.10	22:40:00	155.924	155.988	155.88	155.921	1878	0	21
2025.12.10	23:00:00	155.92	156.003	155.917	155.956	751	0	21
2025.12.10	23:20:00	155.956	156.079	155.956	156.066	742	0	21
2025.12.10	23:40:00	156.066	156.086	155.972	155.992	904	0	24
2025.12.11	00:00:00	155.851	155.99	155.832	155.965	133	0	52
2025.12.11	00:20:00	155.965	155.965	155.879	155.94	106	0	49
2025.12.11	00:40:00	155.939	156.013	155.939	156.002	1211	0	38
2025.12.11	01:00:00	155.993	156.014	155.869	155.871	392	0	21
2025.12.11	01:20:00	155.871	155.875	155.653	155.661	977	0	21
2025.12.11	01:40:00	155.66	155.791	155.617	155.739	1005	0	21
2025.12.11	02:00:00	155.74	155.766	155.559	155.569	2087	0	21
2025.12.11	02:20:00	155.568	155.673	155.568	155.65	1303	0	21
2025.12.11	02:40:00	155.646	155.874	155.638	155.794	1945	0	21
2025.12.11	03:00:00	155.795	155.812	155.655	155.677	1922	0	21
2025.12.11	03:20:00	155.678	155.689	155.559	155.682	1420	0	21
2025.12.11	03:40:00	155.681	155.731	155.641	155.708	1311	0	21
2025.12.11	04:00:00	155.707	155.711	155.568	155.609	1294	0	21
2025.12.11	04:20:00	155.61	155.639	155.477	155.615	1836	0	21
2025.12.11	04:40:00	155.614	155.765	155.597	155.761	1219	0	21
2025.12.11	05:00:00	155.762	155.765	155.626	155.691	1786	0	21
2025.12.11	05:20:00	155.693	155.776	155.64	155.641	1321	0	21
2025.12.11	05:40:00	155.642	155.691	155.631	155.685	1128	0	21
2025.12.11	06:00:00	155.686	155.756	155.607	155.756	992	0	21
2025.12.11	06:20:00	155.756	155.775	155.722	155.76	737	0	21
2025.12.11	06:40:00	155.76	155.847	155.751	155.834	947	0	21
2025.12.11	07:00:00	155.833	155.92	155.824	155.906	955	0	21
2025.12.11	07:20:00	155.908	155.944	155.879	155.907	765	0	21
2025.12.11	07:40:00	155.907	156.062	155.906	156.053	1010	0	21
2025.12.11	08:00:00	156.05	156.1	156.017	156.086	1136	0	21
2025.12.11	08:20:00	156.088	156.152	156.025	156.066	1112	0	21
2025.12.11	08:40:00	156.067	156.081	155.93	155.952	1136	0	21
2025.12.11	09:00:00	155.953	156.042	155.892	155.946	1869	0	21
2025.12.11	09:20:00	155.947	155.952	155.857	155.879	1289	0	21
2025.12.11	09:40:00	155.88	156.032	155.877	156.021	1346	0	21
2025.12.11	10:00:00	156.021	156.058	155.915	155.97	2221	0	21
2025.12.11	10:20:00	155.97	155.975	155.784	155.784	1970	0	21
2025.12.11	10:40:00	155.784	155.876	155.773	155.874	1474	0	21
2025.12.11	11:00:00	155.873	156.02	155.843	155.994	2099	0	21
2025.12.11	11:20:00	155.993	156.014	155.835	155.851	1716	0	21
2025.12.11	11:40:00	155.852	155.914	155.835	155.853	1629	0	21
2025.12.11	12:00:00	155.853	155.885	155.789	155.875	1574	0	21
2025.12.11	12:20:00	155.875	155.875	155.808	155.846	1550	0	21
2025.12.11	12:40:00	155.845	155.937	155.838	155.855	1637	0	21
2025.12.11	13:00:00	155.854	155.87	155.751	155.787	1645	0	21
2025.12.11	13:20:00	155.788	155.821	155.746	155.813	1234	0	21
2025.12.11	13:40:00	155.812	155.818	155.752	155.754	1705	0	21
2025.12.11	14:00:00	155.753	155.808	155.601	155.63	1942	0	21
2025.12.11	14:20:00	155.631	155.677	155.598	155.668	952	0	21
2025.12.11	14:40:00	155.667	155.669	155.509	155.575	1836	0	21
2025.12.11	15:00:00	155.574	155.613	155.492	155.506	2615	0	21
2025.12.11	15:20:00	155.505	155.552	155.337	155.349	3119	0	21
2025.12.11	15:40:00	155.351	155.379	155.216	155.271	2712	0	21
2025.12.11	16:00:00	155.271	155.283	155.114	155.129	2349	0	21
2025.12.11	16:20:00	155.13	155.137	155.004	155.027	2177	0	21
2025.12.11	16:40:00	155.027	155.13	154.936	154.971	2869	0	21
2025.12.11	17:00:00	154.97	155.161	154.969	155.13	2750	0	21
2025.12.11	17:20:00	155.129	155.13	155.043	155.102	2191	0	21
2025.12.11	17:40:00	155.101	155.169	154.943	155.16	3013	0	21
2025.12.11	18:00:00	155.16	155.2	155.097	155.16	2030	0	21
2025.12.11	18:20:00	155.16	155.277	155.145	155.27	2427	0	21
2025.12.11	18:40:00	155.271	155.278	155.129	155.139	2051	0	21
2025.12.11	19:00:00	155.139	155.159	155.059	155.109	1597	0	21
2025.12.11	19:20:00	155.109	155.271	155.104	155.248	1176	0	21
2025.12.11	19:40:00	155.249	155.28	155.206	155.227	1156	0	21
2025.12.11	20:00:00	155.227	155.276	155.201	155.255	1370	0	21
2025.12.11	20:20:00	155.255	155.392	155.254	155.386	1582	0	21
2025.12.11	20:40:00	155.385	155.402	155.325	155.35	1077	0	21
2025.12.11	21:00:00	155.351	155.485	155.351	155.477	1088	0	21
2025.12.11	21:20:00	155.477	155.493	155.433	155.484	934	0	21
2025.12.11	21:40:00	155.486	155.589	155.479	155.582	1252	0	21
2025.12.11	22:00:00	155.582	155.661	155.582	155.614	1525	0	21
2025.12.11	22:20:00	155.614	155.632	155.498	155.538	1279	0	21
2025.12.11	22:40:00	155.538	155.581	155.496	155.581	1184	0	21
2025.12.11	23:00:00	155.581	155.613	155.546	155.569	596	0	21
2025.12.11	23:20:00	155.57	155.591	155.551	155.566	303	0	21
2025.12.11	23:40:00	155.568	155.581	155.537	155.551	767	0	23
2025.12.12	00:00:00	155.551	155.569	155.507	155.521	287	0	37
2025.12.12	00:20:00	155.521	155.554	155.518	155.52	106	0	42
2025.12.12	00:40:00	155.52	155.532	155.495	155.519	196	0	36
2025.12.12	01:00:00	155.515	155.556	155.435	155.536	405	0	21
2025.12.12	01:20:00	155.534	155.606	155.498	155.595	704	0	21
2025.12.12	01:40:00	155.592	155.602	155.489	155.492	489	0	23
2025.12.12	02:00:00	155.493	155.634	155.446	155.623	1698	0	21
2025.12.12	02:20:00	155.625	155.715	155.613	155.652	1560	0	21
2025.12.12	02:40:00	155.651	155.71	155.592	155.685	1874	0	21
2025.12.12	03:00:00	155.686	155.76	155.61	155.611	1812	0	21
2025.12.12	03:20:00	155.611	155.616	155.535	155.596	1248	0	21
2025.12.12	03:40:00	155.596	155.699	155.563	155.657	1109	0	21
2025.12.12	04:00:00	155.657	155.715	155.642	155.708	921	0	21
2025.12.12	04:20:00	155.707	155.735	155.652	155.652	874	0	21
2025.12.12	04:40:00	155.653	155.72	155.649	155.665	796	0	21
2025.12.12	05:00:00	155.664	155.699	155.664	155.682	458	0	21
2025.12.12	05:20:00	155.681	155.689	155.621	155.668	490	0	23
2025.12.12	05:40:00	155.667	155.714	155.667	155.7	307	0	21
2025.12.12	06:00:00	155.699	155.753	155.697	155.748	598	0	22
2025.12.12	06:20:00	155.747	155.747	155.679	155.69	503	0	21
2025.12.12	06:40:00	155.69	155.742	155.688	155.733	417	0	22
2025.12.12	07:00:00	155.735	155.753	155.707	155.74	389	0	21
2025.12.12	07:20:00	155.741	155.759	155.674	155.683	339	0	21
2025.12.12	07:40:00	155.682	155.732	155.663	155.73	447	0	21
2025.12.12	08:00:00	155.731	155.751	155.668	155.735	636	0	21
2025.12.12	08:20:00	155.735	155.815	155.734	155.782	723	0	21
2025.12.12	08:40:00	155.782	155.79	155.643	155.644	856	0	21
2025.12.12	09:00:00	155.643	155.687	155.554	155.633	1098	0	21
2025.12.12	09:20:00	155.631	155.715	155.541	155.578	1069	0	21
2025.12.12	09:40:00	155.578	155.644	155.529	155.636	1082	0	21
2025.12.12	10:00:00	155.637	155.781	155.608	155.733	2310	0	21
2025.12.12	10:20:00	155.734	155.765	155.654	155.675	1544	0	21
2025.12.12	10:40:00	155.675	155.833	155.645	155.827	1840	0	21
2025.12.12	11:00:00	155.829	155.848	155.745	155.837	1715	0	21
2025.12.12	11:20:00	155.835	155.888	155.821	155.881	1388	0	21
2025.12.12	11:40:00	155.881	155.9	155.845	155.876	1377	0	21
2025.12.12	12:00:00	155.877	155.923	155.838	155.898	1040	0	21
2025.12.12	12:20:00	155.899	155.954	155.898	155.919	1073	0	21
2025.12.12	12:40:00	155.918	155.93	155.885	155.905	652	0	21
2025.12.12	13:00:00	155.905	155.94	155.905	155.93	609	0	21
2025.12.12	13:20:00	155.932	155.984	155.924	155.948	720	0	21
2025.12.12	13:40:00	155.949	155.954	155.897	155.902	827	0	21
2025.12.12	14:00:00	155.902	155.978	155.761	155.932	1621	0	21
2025.12.12	14:20:00	155.933	155.991	155.91	155.981	1082	0	21
2025.12.12	14:40:00	155.982	156.116	155.962	156.025	1689	0	21
2025.12.12	15:00:00	156.025	156.037	155.915	155.948	1694	0	21
2025.12.12	15:20:00	155.949	155.988	155.89	155.902	1252	0	21
2025.12.12	15:40:00	155.904	156.043	155.9	156.036	1370	0	21
2025.12.12	16:00:00	156.036	156.09	155.98	156.058	1959	0	21
2025.12.12	16:20:00	156.058	156.062	155.903	155.957	2009	0	21
2025.12.12	16:40:00	155.959	155.986	155.837	155.894	2641	0	21
2025.12.12	17:00:00	155.896	155.962	155.799	155.937	2777	0	21
2025.12.12	17:20:00	155.943	155.96	155.816	155.89	2733	0	21
2025.12.12	17:40:00	155.889	156.051	155.859	155.874	2907	0	21
2025.12.12	18:00:00	155.875	155.875	155.706	155.707	2980	0	21
2025.12.12	18:20:00	155.707	155.788	155.663	155.771	1949	0	21
2025.12.12	18:40:00	155.771	155.871	155.75	155.804	1991	0	21
2025.12.12	19:00:00	155.803	155.892	155.793	155.854	1309	0	21
2025.12.12	19:20:00	155.853	155.869	155.74	155.816	1314	0	21
2025.12.12	19:40:00	155.817	155.823	155.742	155.774	1051	0	21
2025.12.12	20:00:00	155.773	155.804	155.746	155.77	1493	0	21
2025.12.12	20:20:00	155.769	155.782	155.706	155.721	800	0	21
2025.12.12	20:40:00	155.722	155.783	155.715	155.772	787	0	21
2025.12.12	21:00:00	155.771	155.861	155.771	155.861	621	0	21
2025.12.12	21:20:00	155.863	155.92	155.859	155.913	693	0	21
2025.12.12	21:40:00	155.914	155.928	155.877	155.888	902	0	21
2025.12.12	22:00:00	155.889	155.898	155.763	155.783	866	0	21
2025.12.12	22:20:00	155.782	155.82	155.771	155.813	668	0	21
2025.12.12	22:40:00	155.814	155.893	155.813	155.867	1289	0	21
2025.12.12	23:00:00	155.868	155.88	155.791	155.813	451	0	21
2025.12.12	23:20:00	155.811	155.851	155.789	155.801	348	0	21
2025.12.12	23:40:00	155.801	155.847	155.78	155.799	946	0	23
2025.12.15	00:00:00	155.743	155.889	155.743	155.883	63	0	63
2025.12.15	00:20:00	155.883	155.903	155.777	155.789	111	0	23
2025.12.15	00:40:00	155.779	155.796	155.734	155.795	90	0	43
2025.12.15	01:00:00	155.795	155.815	155.75	155.767	513	0	21
2025.12.15	01:20:00	155.768	155.805	155.763	155.801	220	0	21
2025.12.15	01:40:00	155.801	155.886	155.762	155.855	620	0	21
2025.12.15	02:00:00	155.855	155.968	155.853	155.928	1040	0	21
2025.12.15	02:20:00	155.928	155.965	155.894	155.921	872	0	21
2025.12.15	02:40:00	155.921	155.975	155.862	155.883	1518	0	21
2025.12.15	03:00:00	155.884	155.885	155.821	155.845	968	0	21
2025.12.15	03:20:00	155.84	155.856	155.77	155.792	1082	0	21
2025.12.15	03:40:00	155.793	155.793	155.593	155.6	1187	0	21
2025.12.15	04:00:00	155.599	155.638	155.538	155.57	1238	0	21
2025.12.15	04:20:00	155.574	155.579	155.421	155.421	1590	0	21
2025.12.15	04:40:00	155.423	155.448	155.347	155.419	1581	0	21
2025.12.15	05:00:00	155.419	155.42	155.292	155.357	906	0	21
2025.12.15	05:20:00	155.357	155.416	155.337	155.364	900	0	21
2025.12.15	05:40:00	155.365	155.464	155.344	155.411	968	0	21
2025.12.15	06:00:00	155.41	155.411	155.31	155.326	930	0	21
2025.12.15	06:20:00	155.325	155.339	155.198	155.218	928	0	21
2025.12.15	06:40:00	155.219	155.247	155.173	155.244	757	0	21
2025.12.15	07:00:00	155.244	155.244	155.181	155.208	652	0	21
2025.12.15	07:20:00	155.209	155.209	155.065	155.078	1141	0	21
2025.12.15	07:40:00	155.078	155.101	155.022	155.023	899	0	21
2025.12.15	08:00:00	155.024	155.113	155.012	155.067	1185	0	21
2025.12.15	08:20:00	155.066	155.085	154.939	155.018	1300	0	21
2025.12.15	08:40:00	155.019	155.147	155.012	155.079	1250	0	21
2025.12.15	09:00:00	155.082	155.2	155.061	155.137	1620	0	21
2025.12.15	09:20:00	155.136	155.217	155.111	155.154	1358	0	21
2025.12.15	09:40:00	155.166	155.283	155.166	155.251	1324	0	21
2025.12.15	10:00:00	155.254	155.275	155.105	155.162	1953	0	21
2025.12.15	10:20:00	155.161	155.207	155.092	155.142	1229	0	21
2025.12.15	10:40:00	155.143	155.176	155.103	155.174	1494	0	21
2025.12.15	11:00:00	155.175	155.19	154.954	154.986	1778	0	21
2025.12.15	11:20:00	154.987	155.039	154.929	155.01	1712	0	21
2025.12.15	11:40:00	155.011	155.015	154.941	154.955	1168	0	21
2025.12.15	12:00:00	154.956	155.08	154.949	155.04	1008	0	21
2025.12.15	12:20:00	155.039	155.141	155.038	155.104	1180	0	21
2025.12.15	12:40:00	155.103	155.136	155.056	155.071	920	0	21
2025.12.15	13:00:00	155.07	155.09	154.992	155.008	731	0	21
2025.12.15	13:20:00	155.007	155.02	154.951	154.975	818	0	21
2025.12.15	13:40:00	154.974	154.989	154.842	154.912	1145	0	21
2025.12.15	14:00:00	154.912	155.012	154.88	154.971	1339	0	21
2025.12.15	14:20:00	154.97	155.035	154.965	155.033	900	0	21
2025.12.15	14:40:00	155.033	155.083	154.956	155.066	1305	0	21
2025.12.15	15:00:00	155.067	155.125	155.034	155.044	1110	0	21
2025.12.15	15:20:00	155.045	155.089	154.955	155.037	1388	0	21
2025.12.15	15:40:00	155.036	155.147	155.034	155.147	1643	0	21
2025.12.15	16:00:00	155.156	155.214	155.099	155.155	1928	0	21
2025.12.15	16:20:00	155.155	155.177	154.92	154.962	2252	0	21
2025.12.15	16:40:00	154.961	154.977	154.842	154.902	2827	0	21
2025.12.15	17:00:00	154.902	155.062	154.841	155.052	2593	0	21
2025.12.15	17:20:00	155.057	155.075	154.826	154.944	3203	0	21
2025.12.15	17:40:00	154.943	155.148	154.862	155.146	2576	0	21
2025.12.15	18:00:00	155.146	155.231	155.139	155.195	1920	0	21
2025.12.15	18:20:00	155.195	155.319	155.188	155.289	1651	0	21
2025.12.15	18:40:00	155.291	155.305	155.233	155.279	1126	0	21
2025.12.15	19:00:00	155.278	155.322	155.247	155.29	817	0	21
2025.12.15	19:20:00	155.288	155.356	155.263	155.328	816	0	21
2025.12.15	19:40:00	155.329	155.351	155.28	155.296	765	0	21
2025.12.15	20:00:00	155.296	155.317	155.269	155.316	632	0	21
2025.12.15	20:20:00	155.315	155.376	155.311	155.374	756	0	21
2025.12.15	20:40:00	155.374	155.374	155.324	155.345	774	0	21
2025.12.15	21:00:00	155.344	155.384	155.335	155.38	591	0	21
2025.12.15	21:20:00	155.379	155.388	155.317	155.323	524	0	21
2025.12.15	21:40:00	155.322	155.324	155.208	155.234	853	0	21
2025.12.15	22:00:00	155.234	155.257	155.218	155.219	713	0	21
2025.12.15	22:20:00	155.218	155.248	155.218	155.23	678	0	21
2025.12.15	22:40:00	155.231	155.25	155.208	155.24	655	0	21
2025.12.15	23:00:00	155.241	155.249	155.185	155.188	427	0	21
2025.12.15	23:20:00	155.187	155.211	155.18	155.211	400	0	21
2025.12.15	23:40:00	155.211	155.226	155.165	155.182	543	0	21
2025.12.16	00:00:00	155.186	155.286	155.098	155.147	540	0	57
2025.12.16	00:20:00	155.148	155.21	155.148	155.206	380	0	49
2025.12.16	00:40:00	155.207	155.219	155.178	155.209	495	0	38
2025.12.16	01:00:00	155.207	155.215	155.06	155.111	483	0	21
2025.12.16	01:20:00	155.113	155.125	155.029	155.058	474	0	21
2025.12.16	01:40:00	155.057	155.072	154.969	155.021	465	0	21
2025.12.16	02:00:00	155.022	155.024	154.723	154.839	2525	0	21
2025.12.16	02:20:00	154.839	154.977	154.815	154.976	1998	0	21
2025.12.16	02:40:00	154.976	155.092	154.953	154.997	2623	0	21
2025.12.16	03:00:00	154.998	155.067	154.892	155.059	1864	0	21
2025.12.16	03:20:00	155.06	155.109	154.839	154.875	1957	0	21
2025.12.16	03:40:00	154.876	155.01	154.842	154.851	2630	0	21
2025.12.16	04:00:00	154.851	154.911	154.818	154.883	2091	0	21
2025.12.16	04:20:00	154.884	154.903	154.8	154.812	1339	0	21
2025.12.16	04:40:00	154.812	154.838	154.752	154.77	1085	0	21
2025.12.16	05:00:00	154.77	154.779	154.692	154.765	1435	0	21
2025.12.16	05:20:00	154.767	154.883	154.762	154.822	1236	0	21
2025.12.16	05:40:00	154.822	154.897	154.818	154.879	1004	0	21
2025.12.16	06:00:00	154.879	154.907	154.83	154.889	546	0	21
2025.12.16	06:20:00	154.889	154.891	154.787	154.8	591	0	21
2025.12.16	06:40:00	154.801	154.839	154.758	154.807	850	0	21
2025.12.16	07:00:00	154.808	154.808	154.681	154.719	1069	0	21
2025.12.16	07:20:00	154.719	154.748	154.673	154.738	1063	0	21
2025.12.16	07:40:00	154.737	154.845	154.716	154.83	976	0	21
2025.12.16	08:00:00	154.831	154.9	154.808	154.886	1118	0	21
2025.12.16	08:20:00	154.885	154.933	154.879	154.924	925	0	21
2025.12.16	08:40:00	154.924	154.936	154.81	154.843	734	0	21
2025.12.16	09:00:00	154.844	154.967	154.825	154.92	958	0	21
2025.12.16	09:20:00	154.921	154.958	154.859	154.921	1275	0	21
2025.12.16	09:40:00	154.92	154.934	154.831	154.874	1495	0	21
2025.12.16	10:00:00	154.873	154.932	154.819	154.834	1847	0	21
2025.12.16	10:20:00	154.83	154.922	154.785	154.895	1809	0	21
2025.12.16	10:40:00	154.896	154.897	154.822	154.852	1888	0	21
2025.12.16	11:00:00	154.851	154.884	154.802	154.862	1481	0	21
2025.12.16	11:20:00	154.861	154.873	154.788	154.795	1574	0	21
2025.12.16	11:40:00	154.794	154.872	154.76	154.825	1584	0	21
2025.12.16	12:00:00	154.824	154.848	154.766	154.825	1259	0	21
2025.12.16	12:20:00	154.824	154.894	154.8	154.883	1298	0	21
2025.12.16	12:40:00	154.884	154.891	154.822	154.86	990	0	21
2025.12.16	13:00:00	154.86	154.89	154.847	154.885	788	0	21
2025.12.16	13:20:00	154.885	154.89	154.823	154.839	603	0	21
2025.12.16	13:40:00	154.84	154.843	154.779	154.806	750	0	21
2025.12.16	14:00:00	154.802	154.844	154.765	154.775	806	0	21
2025.12.16	14:20:00	154.775	154.79	154.709	154.731	1112	0	21
2025.12.16	14:40:00	154.731	154.747	154.592	154.598	1299	0	21
2025.12.16	15:00:00	154.594	154.676	154.551	154.643	2079	0	21
2025.12.16	15:20:00	154.644	154.784	154.381	154.669	4745	0	21
2025.12.16	15:40:00	154.67	154.86	154.631	154.703	5772	0	21
2025.12.16	16:00:00	154.702	154.987	154.638	154.943	3717	0	21
2025.12.16	16:20:00	154.942	154.95	154.696	154.744	3478	0	21
2025.12.16	16:40:00	154.742	154.763	154.585	154.588	3514	0	21
2025.12.16	17:00:00	154.588	154.718	154.461	154.573	4033	0	21
2025.12.16	17:20:00	154.573	154.632	154.451	154.5	3611	0	21
2025.12.16	17:40:00	154.5	154.771	154.467	154.765	3656	0	21
2025.12.16	18:00:00	154.765	154.895	154.763	154.818	3269	0	21
2025.12.16	18:20:00	154.817	154.872	154.739	154.798	2400	0	21
2025.12.16	18:40:00	154.799	154.87	154.793	154.797	2050	0	21
2025.12.16	19:00:00	154.796	154.828	154.709	154.734	1626	0	21
2025.12.16	19:20:00	154.734	154.734	154.557	154.594	1364	0	21
2025.12.16	19:40:00	154.594	154.725	154.592	154.67	1342	0	21
2025.12.16	20:00:00	154.669	154.736	154.662	154.736	1585	0	21
2025.12.16	20:20:00	154.737	154.795	154.698	154.745	1204	0	21
2025.12.16	20:40:00	154.744	154.746	154.697	154.736	778	0	21
2025.12.16	21:00:00	154.736	154.782	154.684	154.691	983	0	21
2025.12.16	21:20:00	154.69	154.908	154.655	154.677	2196	0	21
2025.12.16	21:40:00	154.676	154.685	154.594	154.655	1706	0	21
2025.12.16	22:00:00	154.655	154.665	154.558	154.649	1205	0	21
2025.12.16	22:20:00	154.646	154.696	154.635	154.652	1122	0	21
2025.12.16	22:40:00	154.652	154.787	154.651	154.787	1217	0	21
2025.12.16	23:00:00	154.789	154.825	154.716	154.734	702	0	21
2025.12.16	23:20:00	154.733	154.747	154.693	154.72	469	0	21
2025.12.16	23:40:00	154.721	154.755	154.684	154.687	1093	0	23
2025.12.17	00:00:00	154.687	154.715	154.672	154.715	58	0	43
2025.12.17	00:20:00	154.715	154.763	154.702	154.715	337	0	38
2025.12.17	00:40:00	154.715	154.751	154.668	154.71	679	0	41
2025.12.17	01:00:00	154.71	154.751	154.682	154.731	248	0	23
2025.12.17	01:20:00	154.727	154.767	154.719	154.742	618	0	23
2025.12.17	01:40:00	154.741	154.8	154.736	154.761	715	0	21
2025.12.17	02:00:00	154.76	154.857	154.698	154.835	1773	0	21
2025.12.17	02:20:00	154.834	154.862	154.733	154.777	1340	0	21
2025.12.17	02:40:00	154.778	154.78	154.555	154.572	2255	0	21
2025.12.17	03:00:00	154.572	154.644	154.504	154.523	2102	0	21
2025.12.17	03:20:00	154.523	154.658	154.497	154.618	1576	0	21
2025.12.17	03:40:00	154.617	154.693	154.611	154.662	1513	0	21
2025.12.17	04:00:00	154.662	154.875	154.662	154.843	1859	0	21
2025.12.17	04:20:00	154.842	154.936	154.834	154.918	1541	0	21
2025.12.17	04:40:00	154.916	155.014	154.907	154.998	1562	0	21
2025.12.17	05:00:00	154.998	155.015	154.892	154.895	1265	0	21
2025.12.17	05:20:00	154.896	154.943	154.875	154.884	955	0	21
2025.12.17	05:40:00	154.884	154.904	154.853	154.877	709	0	21
2025.12.17	06:00:00	154.878	154.996	154.864	154.984	694	0	21
2025.12.17	06:20:00	154.984	155.108	154.963	155.068	1304	0	21
2025.12.17	06:40:00	155.067	155.138	155.065	155.124	1125	0	21
2025.12.17	07:00:00	155.125	155.128	155.058	155.091	858	0	21
2025.12.17	07:20:00	155.092	155.124	155.068	155.077	1310	0	21
2025.12.17	07:40:00	155.078	155.159	155.067	155.14	1012	0	21
2025.12.17	08:00:00	155.14	155.28	155.115	155.231	1276	0	21
2025.12.17	08:20:00	155.231	155.385	155.224	155.374	1316	0	21
2025.12.17	08:40:00	155.375	155.434	155.326	155.358	1287	0	21
2025.12.17	09:00:00	155.358	155.475	155.345	155.474	2325	0	21
2025.12.17	09:20:00	155.475	155.496	155.362	155.374	1684	0	21
2025.12.17	09:40:00	155.375	155.557	155.375	155.491	1984	0	21
2025.12.17	10:00:00	155.493	155.586	155.44	155.55	2075	0	21
2025.12.17	10:20:00	155.549	155.558	155.417	155.482	1864	0	21
2025.12.17	10:40:00	155.482	155.506	155.429	155.505	1239	0	21
2025.12.17	11:00:00	155.504	155.546	155.447	155.519	1724	0	21
2025.12.17	11:20:00	155.518	155.537	155.46	155.504	1403	0	21
2025.12.17	11:40:00	155.504	155.53	155.466	155.52	1203	0	21
2025.12.17	12:00:00	155.521	155.536	155.489	155.511	1083	0	21
2025.12.17	12:20:00	155.511	155.514	155.474	155.479	934	0	21
2025.12.17	12:40:00	155.478	155.496	155.43	155.452	1021	0	21
2025.12.17	13:00:00	155.451	155.517	155.443	155.511	1095	0	21
2025.12.17	13:20:00	155.512	155.549	155.489	155.547	1341	0	21
2025.12.17	13:40:00	155.548	155.585	155.517	155.534	1097	0	21
2025.12.17	14:00:00	155.534	155.565	155.509	155.533	1212	0	21
2025.12.17	14:20:00	155.534	155.535	155.442	155.457	1172	0	21
2025.12.17	14:40:00	155.458	155.534	155.457	155.476	993	0	21
2025.12.17	15:00:00	155.476	155.626	155.407	155.439	2681	0	21
2025.12.17	15:20:00	155.437	155.559	155.374	155.524	2468	0	21
2025.12.17	15:40:00	155.524	155.54	155.39	155.426	1689	0	21
2025.12.17	16:00:00	155.427	155.56	155.341	155.548	2148	0	21
2025.12.17	16:20:00	155.547	155.62	155.518	155.564	2128	0	21
2025.12.17	16:40:00	155.563	155.571	155.429	155.476	2560	0	21
2025.12.17	17:00:00	155.476	155.524	155.421	155.461	2363	0	21
2025.12.17	17:20:00	155.462	155.533	155.347	155.348	1976	0	21
2025.12.17	17:40:00	155.348	155.497	155.342	155.392	2989	0	21
2025.12.17	18:00:00	155.392	155.506	155.373	155.398	2549	0	21
2025.12.17	18:20:00	155.398	155.549	155.379	155.504	1976	0	21
2025.12.17	18:40:00	155.504	155.588	155.477	155.585	2149	0	21
2025.12.17	19:00:00	155.587	155.589	155.524	155.549	1512	0	21
2025.12.17	19:20:00	155.547	155.586	155.537	155.585	1102	0	21
2025.12.17	19:40:00	155.584	155.6	155.516	155.521	1330	0	21
2025.12.17	20:00:00	155.524	155.562	155.484	155.561	915	0	21
2025.12.17	20:20:00	155.561	155.648	155.561	155.583	918	0	21
2025.12.17	20:40:00	155.582	155.664	155.555	155.632	1296	0	21
2025.12.17	21:00:00	155.633	155.633	155.579	155.622	746	0	21
2025.12.17	21:20:00	155.623	155.647	155.598	155.647	573	0	21
2025.12.17	21:40:00	155.647	155.679	155.616	155.632	922	0	21
2025.12.17	22:00:00	155.632	155.681	155.609	155.681	549	0	21
2025.12.17	22:20:00	155.682	155.697	155.672	155.692	620	0	21
2025.12.17	22:40:00	155.692	155.738	155.66	155.689	752	0	21
2025.12.17	23:00:00	155.69	155.727	155.683	155.708	453	0	21
2025.12.17	23:20:00	155.707	155.734	155.666	155.666	404	0	22
2025.12.17	23:40:00	155.666	155.697	155.652	155.652	960	0	22
2025.12.18	00:00:00	155.645	155.645	155.514	155.613	274	0	45
2025.12.18	00:20:00	155.614	155.615	155.574	155.604	235	0	40
2025.12.18	00:40:00	155.604	155.604	155.559	155.583	419	0	43
2025.12.18	01:00:00	155.583	155.632	155.58	155.601	267	0	25
2025.12.18	01:20:00	155.602	155.605	155.502	155.521	647	0	21
2025.12.18	01:40:00	155.522	155.542	155.461	155.477	667	0	21
2025.12.18	02:00:00	155.477	155.554	155.425	155.534	1696	0	21
2025.12.18	02:20:00	155.535	155.541	155.412	155.455	1199	0	21
2025.12.18	02:40:00	155.455	155.572	155.444	155.469	2080	0	21
2025.12.18	03:00:00	155.47	155.592	155.448	155.59	1306	0	21
2025.12.18	03:20:00	155.589	155.676	155.52	155.675	1764	0	21
2025.12.18	03:40:00	155.674	155.761	155.669	155.759	1426	0	21
2025.12.18	04:00:00	155.759	155.775	155.649	155.732	1720	0	21
2025.12.18	04:20:00	155.726	155.775	155.674	155.774	954	0	21
2025.12.18	04:40:00	155.776	155.797	155.733	155.771	871	0	21
2025.12.18	05:00:00	155.772	155.784	155.696	155.753	714	0	21
2025.12.18	05:20:00	155.754	155.773	155.736	155.75	589	0	21
2025.12.18	05:40:00	155.75	155.769	155.717	155.751	567	0	21
2025.12.18	06:00:00	155.753	155.771	155.696	155.717	732	0	21
2025.12.18	06:20:00	155.717	155.741	155.69	155.739	444	0	21
2025.12.18	06:40:00	155.74	155.751	155.722	155.724	682	0	21
2025.12.18	07:00:00	155.723	155.742	155.698	155.724	643	0	21
2025.12.18	07:20:00	155.725	155.829	155.719	155.814	970	0	21
2025.12.18	07:40:00	155.812	155.875	155.792	155.799	1234	0	21
2025.12.18	08:00:00	155.798	155.894	155.756	155.879	1153	0	21
2025.12.18	08:20:00	155.88	155.896	155.834	155.88	775	0	21
2025.12.18	08:40:00	155.881	155.895	155.846	155.894	834	0	21
2025.12.18	09:00:00	155.896	155.927	155.844	155.92	1034	0	21
2025.12.18	09:20:00	155.919	155.935	155.884	155.924	983	0	21
2025.12.18	09:40:00	155.925	155.944	155.802	155.913	1748	0	21
2025.12.18	10:00:00	155.915	155.934	155.823	155.832	1555	0	21
2025.12.18	10:20:00	155.832	155.848	155.789	155.834	1243	0	21
2025.12.18	10:40:00	155.835	155.864	155.796	155.842	1085	0	21
2025.12.18	11:00:00	155.843	155.902	155.793	155.842	1551	0	21
2025.12.18	11:20:00	155.843	155.916	155.831	155.91	1411	0	21
2025.12.18	11:40:00	155.911	155.94	155.885	155.923	1379	0	21
2025.12.18	12:00:00	155.919	155.947	155.897	155.933	1378	0	21
2025.12.18	12:20:00	155.934	155.963	155.917	155.925	735	0	21
2025.12.18	12:40:00	155.925	155.926	155.838	155.849	735	0	21
2025.12.18	13:00:00	155.848	155.861	155.81	155.832	858	0	21
2025.12.18	13:20:00	155.831	155.848	155.806	155.815	529	0	21
2025.12.18	13:40:00	155.816	155.822	155.71	155.779	877	0	21
2025.12.18	14:00:00	155.784	155.797	155.733	155.782	1571	0	21
2025.12.18	14:20:00	155.781	155.841	155.728	155.837	1449	0	21
2025.12.18	14:40:00	155.838	155.853	155.776	155.809	1594	0	21
2025.12.18	15:00:00	155.808	155.825	155.671	155.726	2046	0	21
2025.12.18	15:20:00	155.728	155.774	155.295	155.6	4284	0	21
2025.12.18	15:40:00	155.598	155.614	155.41	155.584	4998	0	21
2025.12.18	16:00:00	155.581	155.595	155.336	155.416	3953	0	21
2025.12.18	16:20:00	155.415	155.448	155.341	155.342	3130	0	21
2025.12.18	16:40:00	155.342	155.481	155.271	155.481	3076	0	21
2025.12.18	17:00:00	155.481	155.56	155.432	155.537	2708	0	21
2025.12.18	17:20:00	155.54	155.682	155.53	155.587	2321	0	21
2025.12.18	17:40:00	155.588	155.632	155.5	155.512	2514	0	21
2025.12.18	18:00:00	155.513	155.54	155.351	155.431	2055	0	21
2025.12.18	18:20:00	155.431	155.492	155.406	155.446	1703	0	21
2025.12.18	18:40:00	155.446	155.565	155.438	155.517	1553	0	21
2025.12.18	19:00:00	155.519	155.677	155.515	155.633	2312	0	21
2025.12.18	19:20:00	155.633	155.645	155.594	155.596	1392	0	21
2025.12.18	19:40:00	155.597	155.67	155.571	155.631	1048	0	21
2025.12.18	20:00:00	155.63	155.685	155.566	155.633	1314	0	21
2025.12.18	20:20:00	155.639	155.675	155.629	155.645	752	0	21
2025.12.18	20:40:00	155.645	155.702	155.617	155.621	962	0	21
2025.12.18	21:00:00	155.621	155.653	155.576	155.605	1068	0	21
2025.12.18	21:20:00	155.606	155.62	155.513	155.546	936	0	21
2025.12.18	21:40:00	155.549	155.568	155.483	155.504	1296	0	21
2025.12.18	22:00:00	155.504	155.56	155.49	155.54	637	0	21
2025.12.18	22:20:00	155.539	155.584	155.536	155.567	756	0	21
2025.12.18	22:40:00	155.568	155.62	155.566	155.6	885	0	21
2025.12.18	23:00:00	155.601	155.622	155.567	155.592	486	0	21
2025.12.18	23:20:00	155.592	155.602	155.551	155.563	342	0	21
2025.12.18	23:40:00	155.563	155.565	155.524	155.527	460	0	21
2025.12.19	00:00:00	155.521	155.568	155.418	155.476	423	0	34
2025.12.19	00:20:00	155.476	155.537	155.476	155.53	241	0	45
2025.12.19	00:40:00	155.533	155.539	155.524	155.528	150	0	43
2025.12.19	01:00:00	155.529	155.603	155.519	155.54	435	0	22
2025.12.19	01:20:00	155.542	155.57	155.504	155.52	360	0	23
2025.12.19	01:40:00	155.52	155.632	155.519	155.564	610	0	21
2025.12.19	02:00:00	155.566	155.695	155.549	155.666	1505	0	21
2025.12.19	02:20:00	155.665	155.724	155.629	155.715	758	0	21
2025.12.19	02:40:00	155.716	155.758	155.682	155.74	1830	0	21
2025.12.19	03:00:00	155.739	155.778	155.68	155.724	924	0	21
2025.12.19	03:20:00	155.723	155.781	155.707	155.713	946	0	21
2025.12.19	03:40:00	155.716	155.745	155.689	155.73	731	0	21
2025.12.19	04:00:00	155.729	155.729	155.672	155.684	681	0	21
2025.12.19	04:20:00	155.685	155.753	155.685	155.744	570	0	21
2025.12.19	04:40:00	155.743	155.844	155.74	155.821	1027	0	21
2025.12.19	05:00:00	155.819	155.868	155.569	155.668	1118	0	21
2025.12.19	05:20:00	155.668	156.155	155.666	156.067	3480	0	21
2025.12.19	05:40:00	156.067	156.102	155.863	155.863	2027	0	21
2025.12.19	06:00:00	155.863	155.946	155.721	155.914	1933	0	21
2025.12.19	06:20:00	155.914	156.003	155.901	155.976	1674	0	21
2025.12.19	06:40:00	155.976	156.076	155.951	156.055	1433	0	21
2025.12.19	07:00:00	156.056	156.058	155.945	155.962	1366	0	21
2025.12.19	07:20:00	155.963	155.973	155.872	155.912	1190	0	21
2025.12.19	07:40:00	155.912	155.983	155.877	155.983	1186	0	21
2025.12.19	08:00:00	155.983	156.016	155.944	155.966	1074	0	21
2025.12.19	08:20:00	155.967	156.131	155.839	156.114	1903	0	21
2025.12.19	08:40:00	156.113	156.431	155.992	156.0	4087	0	21
2025.12.19	09:00:00	155.999	156.387	155.959	156.339	2975	0	21
2025.12.19	09:20:00	156.34	156.361	156.199	156.319	2799	0	21
2025.12.19	09:40:00	156.318	156.73	156.318	156.722	3200	0	21
2025.12.19	10:00:00	156.721	156.879	156.71	156.733	2683	0	21
2025.12.19	10:20:00	156.733	156.866	156.729	156.81	2083	0	21
2025.12.19	10:40:00	156.811	156.927	156.769	156.919	1799	0	21
2025.12.19	11:00:00	156.925	156.975	156.849	156.965	1492	0	21
2025.12.19	11:20:00	156.965	157.115	156.924	157.087	2134	0	21
2025.12.19	11:40:00	157.088	157.201	156.989	157.188	2418	0	21
2025.12.19	12:00:00	157.191	157.245	157.12	157.194	2013	0	21
2025.12.19	12:20:00	157.193	157.387	157.162	157.355	1890	0	21
2025.12.19	12:40:00	157.355	157.388	157.288	157.314	1771	0	21
2025.12.19	13:00:00	157.308	157.369	157.223	157.307	1515	0	21
2025.12.19	13:20:00	157.308	157.33	157.256	157.293	1164	0	21
2025.12.19	13:40:00	157.291	157.329	157.229	157.306	1181	0	21
2025.12.19	14:00:00	157.307	157.341	157.241	157.293	1149	0	21
2025.12.19	14:20:00	157.293	157.316	157.249	157.28	1209	0	21
2025.12.19	14:40:00	157.281	157.281	157.173	157.231	1167	0	21
2025.12.19	15:00:00	157.229	157.311	157.196	157.308	1767	0	21
2025.12.19	15:20:00	157.309	157.366	157.222	157.294	2261	0	21
2025.12.19	15:40:00	157.296	157.37	157.265	157.312	2154	0	21
2025.12.19	16:00:00	157.311	157.317	156.92	157.118	3672	0	21
2025.12.19	16:20:00	157.117	157.315	157.082	157.301	3469	0	21
2025.12.19	16:40:00	157.301	157.413	157.266	157.404	3110	0	21
2025.12.19	17:00:00	157.407	157.466	157.343	157.404	2863	0	21
2025.12.19	17:20:00	157.404	157.48	157.368	157.467	2177	0	21
2025.12.19	17:40:00	157.466	157.477	157.4	157.461	2560	0	21
2025.12.19	18:00:00	157.461	157.475	157.431	157.445	1858	0	21
2025.12.19	18:20:00	157.445	157.477	157.439	157.444	1472	0	21
2025.12.19	18:40:00	157.445	157.449	157.393	157.417	1308	0	21
2025.12.19	19:00:00	157.418	157.657	157.403	157.492	1916	0	21
2025.12.19	19:20:00	157.49	157.563	157.483	157.526	1273	0	21
2025.12.19	19:40:00	157.526	157.528	157.412	157.426	886	0	21
2025.12.19	20:00:00	157.427	157.479	157.399	157.402	1027	0	21
2025.12.19	20:20:00	157.402	157.475	157.389	157.442	879	0	21
2025.12.19	20:40:00	157.441	157.52	157.439	157.51	994	0	21
2025.12.19	21:00:00	157.509	157.55	157.49	157.532	1171	0	21
2025.12.19	21:20:00	157.531	157.577	157.515	157.568	1087	0	21
2025.12.19	21:40:00	157.569	157.57	157.505	157.519	1222	0	21
2025.12.19	22:00:00	157.519	157.543	157.466	157.541	1373	0	21
2025.12.19	22:20:00	157.541	157.592	157.535	157.587	746	0	21
2025.12.19	22:40:00	157.587	157.688	157.536	157.68	1274	0	21
2025.12.19	23:00:00	157.68	157.704	157.629	157.678	812	0	21
2025.12.19	23:20:00	157.678	157.747	157.671	157.738	469	0	21
2025.12.19	23:40:00	157.736	157.767	157.71	157.714	1503	0	21
2025.12.22	00:00:00	157.664	157.668	157.374	157.562	359	0	53
2025.12.22	00:20:00	157.562	157.595	157.454	157.488	201	0	41
2025.12.22	00:40:00	157.489	157.516	157.348	157.449	1603	0	37
2025.12.22	01:00:00	157.433	157.575	157.423	157.556	788	0	21
2025.12.22	01:20:00	157.557	157.619	157.553	157.593	1181	0	23
2025.12.22	01:40:00	157.593	157.691	157.593	157.614	1250	0	23
2025.12.22	02:00:00	157.61	157.638	157.496	157.559	2498	0	21
2025.12.22	02:20:00	157.559	157.65	157.509	157.624	2491	0	21
2025.12.22	02:40:00	157.622	157.627	157.519	157.544	2599	0	21
2025.12.22	03:00:00	157.542	157.562	157.377	157.459	1642	0	21
2025.12.22	03:20:00	157.459	157.462	157.36	157.381	1340	0	21
2025.12.22	03:40:00	157.38	157.399	157.242	157.282	1537	0	21
2025.12.22	04:00:00	157.281	157.296	157.218	157.234	1016	0	21
2025.12.22	04:20:00	157.235	157.343	157.233	157.333	773	0	21
2025.12.22	04:40:00	157.333	157.411	157.333	157.409	960	0	21
2025.12.22	05:00:00	157.409	157.444	157.386	157.406	896	0	21
2025.12.22	05:20:00	157.413	157.458	157.397	157.435	1149	0	21
2025.12.22	05:40:00	157.439	157.445	157.263	157.322	1301	0	21
2025.12.22	06:00:00	157.323	157.352	157.269	157.284	1066	0	21
2025.12.22	06:20:00	157.285	157.334	157.283	157.294	698	0	21
2025.12.22	06:40:00	157.29	157.324	157.25	157.3	988	0	21
2025.12.22	07:00:00	157.301	157.38	157.253	157.274	1009	0	21
2025.12.22	07:20:00	157.274	157.342	157.259	157.316	892	0	21
2025.12.22	07:40:00	157.317	157.359	157.289	157.352	992	0	21
2025.12.22	08:00:00	157.351	157.386	157.261	157.296	1024	0	21
2025.12.22	08:20:00	157.293	157.382	157.273	157.37	1135	0	21
2025.12.22	08:40:00	157.371	157.423	157.31	157.332	930	0	21
2025.12.22	09:00:00	157.333	157.431	157.299	157.402	1125	0	21
2025.12.22	09:20:00	157.402	157.453	157.36	157.362	1051	0	21
2025.12.22	09:40:00	157.362	157.553	157.335	157.478	1453	0	21
2025.12.22	10:00:00	157.479	157.486	157.389	157.398	2014	0	21
2025.12.22	10:20:00	157.398	157.512	157.361	157.498	1086	0	21
2025.12.22	10:40:00	157.497	157.539	157.42	157.536	1358	0	21
2025.12.22	11:00:00	157.535	157.559	157.434	157.494	1000	0	21
2025.12.22	11:20:00	157.495	157.51	157.41	157.411	1246	0	21
2025.12.22	11:40:00	157.41	157.457	157.41	157.446	1049	0	21
2025.12.22	12:00:00	157.446	157.452	157.34	157.363	1218	0	21
2025.12.22	12:20:00	157.363	157.393	157.348	157.363	1061	0	21
2025.12.22	12:40:00	157.362	157.407	157.359	157.386	841	0	21
2025.12.22	13:00:00	157.386	157.396	157.326	157.361	810	0	21
2025.12.22	13:20:00	157.36	157.415	157.335	157.392	822	0	21
2025.12.22	13:40:00	157.392	157.415	157.347	157.401	658	0	21
2025.12.22	14:00:00	157.402	157.413	157.346	157.386	1272	0	21
2025.12.22	14:20:00	157.386	157.419	157.384	157.401	986	0	21
2025.12.22	14:40:00	157.4	157.41	157.362	157.386	964	0	21
2025.12.22	15:00:00	157.386	157.386	156.854	157.229	2706	0	21
2025.12.22	15:20:00	157.229	157.293	157.012	157.073	2498	0	21
2025.12.22	15:40:00	157.074	157.181	156.984	157.176	2313	0	21
2025.12.22	16:00:00	157.173	157.21	157.045	157.045	1880	0	21
2025.12.22	16:20:00	157.044	157.065	156.911	156.981	2839	0	21
2025.12.22	16:40:00	156.981	157.042	156.896	157.009	2831	0	21
2025.12.22	17:00:00	157.009	157.108	156.958	157.022	2618	0	21
2025.12.22	17:20:00	157.022	157.08	156.94	156.953	1659	0	21
2025.12.22	17:40:00	156.954	157.016	156.902	156.964	2060	0	21
2025.12.22	18:00:00	156.964	157.033	156.846	156.87	1275	0	21
2025.12.22	18:20:00	156.87	156.982	156.852	156.967	1842	0	21
2025.12.22	18:40:00	156.968	156.979	156.881	156.925	1278	0	21
2025.12.22	19:00:00	156.926	156.929	156.828	156.873	1220	0	21
2025.12.22	19:20:00	156.874	156.874	156.711	156.714	1099	0	21
2025.12.22	19:40:00	156.714	156.855	156.695	156.835	991	0	21
2025.12.22	20:00:00	156.835	156.922	156.835	156.894	1027	0	21
2025.12.22	20:20:00	156.894	157.011	156.883	156.973	1091	0	21
2025.12.22	20:40:00	156.974	157.001	156.914	156.935	756	0	21
2025.12.22	21:00:00	156.935	157.021	156.933	157.008	641	0	21
2025.12.22	21:20:00	157.007	157.02	156.943	156.956	817	0	21
2025.12.22	21:40:00	156.956	156.973	156.875	156.888	1353	0	21
2025.12.22	22:00:00	156.889	156.985	156.889	156.925	941	0	21
2025.12.22	22:20:00	156.924	156.941	156.899	156.924	675	0	21
2025.12.22	22:40:00	156.924	156.995	156.916	156.978	919	0	21
2025.12.22	23:00:00	156.98	157.014	156.974	157.008	456	0	21
2025.12.22	23:20:00	157.007	157.026	156.967	157.025	430	0	21
2025.12.22	23:40:00	157.024	157.044	157.005	157.031	700	0	21
2025.12.23	00:00:00	157.031	157.046	156.726	157.002	379	0	24
2025.12.23	00:20:00	157.013	157.028	156.919	156.989	786	0	44
2025.12.23	00:40:00	156.986	157.014	156.986	157.013	96	0	40
2025.12.23	01:00:00	157.011	157.011	156.907	156.925	730	0	21
2025.12.23	01:20:00	156.925	156.925	156.849	156.874	594	0	22
2025.12.23	01:40:00	156.876	156.909	156.808	156.906	797	0	21
2025.12.23	02:00:00	156.909	156.915	156.744	156.791	1747	0	21
2025.12.23	02:20:00	156.792	156.823	156.702	156.737	1340	0	21
2025.12.23	02:40:00	156.735	156.757	156.592	156.604	1988	0	21
2025.12.23	03:00:00	156.602	156.643	156.507	156.54	1676	0	21
2025.12.23	03:20:00	156.539	156.593	156.522	156.522	1109	0	21
2025.12.23	03:40:00	156.522	156.524	156.41	156.449	1416	0	21
2025.12.23	04:00:00	156.449	156.469	156.325	156.423	1557	0	21
2025.12.23	04:20:00	156.422	156.425	156.298	156.326	1117	0	21
2025.12.23	04:40:00	156.325	156.374	156.264	156.341	1345	0	21
2025.12.23	05:00:00	156.342	156.342	156.222	156.286	1379	0	21
2025.12.23	05:20:00	156.288	156.33	156.266	156.266	1130	0	21
2025.12.23	05:40:00	156.266	156.308	156.176	156.177	1096	0	21
2025.12.23	06:00:00	156.177	156.177	155.949	156.028	2070	0	21
2025.12.23	06:20:00	156.029	156.086	155.985	156.039	1197	0	21
2025.12.23	06:40:00	156.036	156.08	155.976	155.982	1334	0	21
2025.12.23	07:00:00	155.981	156.037	155.902	155.924	1662	0	21
2025.12.23	07:20:00	155.923	156.016	155.9	155.987	995	0	21
2025.12.23	07:40:00	155.988	156.065	155.98	156.0	1502	0	21
2025.12.23	08:00:00	155.998	156.084	155.985	156.032	1460	0	21
2025.12.23	08:20:00	156.032	156.177	156.007	156.125	1397	0	21
2025.12.23	08:40:00	156.124	156.126	156.029	156.102	1324	0	21
2025.12.23	09:00:00	156.106	156.159	156.048	156.115	1512	0	21
2025.12.23	09:20:00	156.113	156.125	155.958	155.959	1466	0	21
2025.12.23	09:40:00	155.96	156.109	155.938	156.064	2471	0	21
2025.12.23	10:00:00	156.063	156.103	155.94	156.052	2348	0	21
2025.12.23	10:20:00	156.052	156.099	155.957	156.044	1612	0	21
2025.12.23	10:40:00	156.043	156.055	155.947	155.948	1500	0	21
2025.12.23	11:00:00	155.948	155.948	155.641	155.844	2987	0	21
2025.12.23	11:20:00	155.845	155.977	155.82	155.896	1975	0	21
2025.12.23	11:40:00	155.89	156.011	155.857	155.956	2251	0	21
2025.12.23	12:00:00	155.955	155.997	155.908	155.92	1786	0	21
2025.12.23	12:20:00	155.92	156.035	155.91	155.994	1571	0	21
2025.12.23	12:40:00	155.995	156.019	155.855	155.911	1787	0	21
2025.12.23	13:00:00	155.912	155.956	155.861	155.925	1363	0	21
2025.12.23	13:20:00	155.924	155.961	155.878	155.927	723	0	21
2025.12.23	13:40:00	155.926	156.026	155.922	155.961	1216	0	21
2025.12.23	14:00:00	155.962	155.973	155.914	155.936	1051	0	21
2025.12.23	14:20:00	155.936	155.957	155.86	155.895	1019	0	21
2025.12.23	14:40:00	155.894	156.021	155.879	156.01	1485	0	21
2025.12.23	15:00:00	156.015	156.09	155.95	155.984	1661	0	21
2025.12.23	15:20:00	155.979	156.264	155.939	156.133	2815	0	21
2025.12.23	15:40:00	156.129	156.353	156.081	156.326	3520	0	21
2025.12.23	16:00:00	156.325	156.497	156.325	156.448	2841	0	21
2025.12.23	16:20:00	156.448	156.532	156.399	156.432	2961	0	21
2025.12.23	16:40:00	156.43	156.479	156.359	156.39	2266	0	21
2025.12.23	17:00:00	156.383	156.422	156.224	156.286	3159	0	21
2025.12.23	17:20:00	156.287	156.342	156.195	156.332	2778	0	21
2025.12.23	17:40:00	156.332	156.437	156.252	156.377	2582	0	21
2025.12.23	18:00:00	156.378	156.425	156.317	156.344	1812	0	21
2025.12.23	18:20:00	156.345	156.406	156.331	156.35	1370	0	21
2025.12.23	18:40:00	156.35	156.353	156.29	156.324	1251	0	21
2025.12.23	19:00:00	156.323	156.339	156.271	156.311	1183	0	21
2025.12.23	19:20:00	156.31	156.315	156.25	156.252	721	0	21
2025.12.23	19:40:00	156.253	156.324	156.239	156.285	774	0	21
2025.12.23	20:00:00	156.283	156.331	156.254	156.262	1011	0	21
2025.12.23	20:20:00	156.262	156.284	156.235	156.274	858	0	21
2025.12.23	20:40:00	156.274	156.301	156.214	156.217	844	0	22
2025.12.23	21:00:00	156.216	156.224	156.168	156.21	1079	0	21
2025.12.23	21:20:00	156.21	156.231	156.191	156.228	654	0	21
2025.12.23	21:40:00	156.228	156.24	156.178	156.184	517	0	21
2025.12.23	22:00:00	156.186	156.253	156.167	156.216	889	0	21
2025.12.23	22:20:00	156.217	156.244	156.217	156.234	602	0	21
2025.12.23	22:40:00	156.235	156.298	156.228	156.289	655	0	21
2025.12.23	23:00:00	156.29	156.305	156.262	156.291	400	0	21
2025.12.23	23:20:00	156.287	156.305	156.211	156.238	568	0	21
2025.12.23	23:40:00	156.238	156.253	156.176	156.194	1093	0	21
2025.12.24	00:00:00	156.147	156.206	156.131	156.172	927	0	25
2025.12.24	00:20:00	156.173	156.181	156.16	156.17	78	0	36
2025.12.24	00:40:00	156.169	156.177	156.149	156.163	153	0	37
2025.12.24	01:00:00	156.176	156.178	156.079	156.118	680	0	23
2025.12.24	01:20:00	156.118	156.213	156.118	156.198	777	0	23
2025.12.24	01:40:00	156.198	156.269	156.142	156.158	1577	0	21
2025.12.24	02:00:00	156.158	156.195	155.963	156.143	2272	0	21
2025.12.24	02:20:00	156.144	156.267	156.144	156.192	2075	0	21
2025.12.24	02:40:00	156.193	156.196	155.971	155.979	2414	0	21
2025.12.24	03:00:00	155.978	156.14	155.961	155.969	1908	0	21
2025.12.24	03:20:00	155.97	155.979	155.724	155.742	2342	0	21
2025.12.24	03:40:00	155.749	155.755	155.587	155.643	2215	0	21
2025.12.24	04:00:00	155.641	155.683	155.544	155.656	1869	0	21
2025.12.24	04:20:00	155.657	155.697	155.593	155.678	1576	0	21
2025.12.24	04:40:00	155.68	155.732	155.653	155.73	1258	0	21
2025.12.24	05:00:00	155.729	155.823	155.728	155.794	1512	0	21
2025.12.24	05:20:00	155.794	155.903	155.783	155.903	1011	0	21
2025.12.24	05:40:00	155.902	155.98	155.891	155.971	1141	0	21
2025.12.24	06:00:00	155.971	156.053	155.935	155.974	1215	0	21
2025.12.24	06:20:00	155.975	155.996	155.835	155.84	996	0	21
2025.12.24	06:40:00	155.845	155.853	155.789	155.825	1216	0	21
2025.12.24	07:00:00	155.826	155.836	155.734	155.781	1030	0	21
2025.12.24	07:20:00	155.78	155.83	155.769	155.796	619	0	21
2025.12.24	07:40:00	155.797	155.825	155.767	155.786	979	0	21
2025.12.24	08:00:00	155.786	155.786	155.651	155.673	1468	0	21
2025.12.24	08:20:00	155.672	155.757	155.67	155.71	1004	0	21
2025.12.24	08:40:00	155.709	155.785	155.658	155.721	1131	0	21
2025.12.24	09:00:00	155.722	155.807	155.692	155.781	1581	0	21
2025.12.24	09:20:00	155.781	155.842	155.722	155.817	1888	0	21
2025.12.24	09:40:00	155.817	155.862	155.771	155.818	1721	0	21
2025.12.24	10:00:00	155.819	155.96	155.737	155.937	2797	0	21
2025.12.24	10:20:00	155.936	155.954	155.808	155.916	1962	0	21
2025.12.24	10:40:00	155.917	155.917	155.74	155.744	1851	0	21
2025.12.24	11:00:00	155.744	155.785	155.676	155.782	1600	0	21
2025.12.24	11:20:00	155.782	155.87	155.758	155.812	1307	0	21
2025.12.24	11:40:00	155.811	155.827	155.767	155.822	1478	0	21
2025.12.24	12:00:00	155.825	155.895	155.809	155.888	1266	0	21
2025.12.24	12:20:00	155.882	155.921	155.838	155.903	1384	0	21
2025.12.24	12:40:00	155.904	155.96	155.883	155.924	1421	0	21
2025.12.24	13:00:00	155.924	155.948	155.856	155.893	1191	0	21
2025.12.24	13:20:00	155.897	155.964	155.869	155.934	1389	0	21
2025.12.24	13:40:00	155.933	155.949	155.891	155.915	1375	0	21
2025.12.24	14:00:00	155.914	155.928	155.864	155.903	1628	0	21
2025.12.24	14:20:00	155.904	155.936	155.899	155.926	1246	0	21
2025.12.24	14:40:00	155.927	156.033	155.918	156.032	1498	0	21
2025.12.24	15:00:00	156.031	156.059	155.959	156.031	1815	0	21
2025.12.24	15:20:00	156.029	156.05	155.981	155.996	2544	0	21
2025.12.24	15:40:00	155.997	156.024	155.972	156.0	1601	0	21
2025.12.24	16:00:00	155.999	156.024	155.989	156.002	1167	0	21
2025.12.24	16:20:00	156.002	156.013	155.868	155.883	2322	0	21
2025.12.24	16:40:00	155.883	155.897	155.667	155.738	2466	0	21
2025.12.24	17:00:00	155.738	155.766	155.712	155.749	1875	0	21
2025.12.24	17:20:00	155.749	155.849	155.748	155.833	1520	0	21
2025.12.24	17:40:00	155.832	155.89	155.776	155.805	2254	0	21
2025.12.24	18:00:00	155.804	155.876	155.742	155.851	1619	0	21
2025.12.24	18:20:00	155.852	155.909	155.792	155.794	1519	0	21
2025.12.24	18:40:00	155.795	155.865	155.779	155.823	1696	0	21
2025.12.24	19:00:00	155.824	155.916	155.813	155.907	1432	0	21
2025.12.24	19:20:00	155.906	155.931	155.892	155.925	978	0	21
2025.12.24	19:40:00	155.924	156.012	155.923	155.958	1641	0	21
2025.12.26	08:00:00	156.19	156.218	156.074	156.216	979	0	21
2025.12.26	08:20:00	156.216	156.268	156.191	156.226	730	0	21
2025.12.26	08:40:00	156.226	156.303	156.224	156.267	1007	0	21
2025.12.26	09:00:00	156.271	156.3	156.226	156.264	965	0	21
2025.12.26	09:20:00	156.261	156.358	156.201	156.349	1044	0	22
2025.12.26	09:40:00	156.349	156.431	156.322	156.362	1692	0	21
2025.12.26	10:00:00	156.361	156.43	156.328	156.353	1057	0	21
2025.12.26	10:20:00	156.353	156.357	156.287	156.315	918	0	22
2025.12.26	10:40:00	156.316	156.379	156.3	156.311	869	0	21
2025.12.26	11:00:00	156.32	156.428	156.301	156.413	1201	0	22
2025.12.26	11:20:00	156.409	156.451	156.399	156.414	632	0	22
2025.12.26	11:40:00	156.417	156.457	156.408	156.448	848	0	21
2025.12.26	12:00:00	156.452	156.456	156.35	156.355	540	0	23
2025.12.26	12:20:00	156.354	156.411	156.353	156.394	968	0	21
2025.12.26	12:40:00	156.402	156.404	156.362	156.389	730	0	23
2025.12.26	13:00:00	156.387	156.409	156.363	156.389	743	0	22
2025.12.26	13:20:00	156.389	156.391	156.313	156.35	1076	0	21
2025.12.26	13:40:00	156.349	156.394	156.326	156.39	967	0	21
2025.12.26	14:00:00	156.389	156.451	156.382	156.449	1212	0	21
2025.12.26	14:20:00	156.45	156.475	156.403	156.404	902	0	21
2025.12.26	14:40:00	156.405	156.44	156.384	156.408	1028	0	21
2025.12.26	15:00:00	156.407	156.432	156.265	156.328	1767	0	21
2025.12.26	15:20:00	156.329	156.358	156.249	156.275	1519	0	21
2025.12.26	15:40:00	156.275	156.335	156.215	156.313	1642	0	21
2025.12.26	16:00:00	156.31	156.33	156.265	156.308	1316	0	21
2025.12.26	16:20:00	156.308	156.369	156.303	156.355	1195	0	21
2025.12.26	16:40:00	156.355	156.472	156.339	156.44	1962	0	21
2025.12.26	17:00:00	156.439	156.443	156.299	156.347	1314	0	21
2025.12.26	17:20:00	156.346	156.41	156.321	156.393	1275	0	21
2025.12.26	17:40:00	156.394	156.522	156.391	156.414	2159	0	23
2025.12.26	18:00:00	156.412	156.578	156.357	156.529	2607	0	21
2025.12.26	18:20:00	156.529	156.638	156.511	156.612	1572	0	21
2025.12.26	18:40:00	156.612	156.639	156.598	156.62	1360	0	22
2025.12.26	19:00:00	156.62	156.635	156.598	156.621	1713	0	23
2025.12.26	19:20:00	156.621	156.72	156.597	156.623	1943	0	21
2025.12.26	19:40:00	156.623	156.632	156.542	156.557	1546	0	24
2025.12.26	20:00:00	156.558	156.574	156.501	156.572	1357	0	22
2025.12.26	20:20:00	156.571	156.572	156.464	156.475	1630	0	21
2025.12.26	20:40:00	156.474	156.533	156.423	156.53	1316	0	21
2025.12.26	21:00:00	156.53	156.583	156.522	156.538	1390	0	22
2025.12.26	21:20:00	156.538	156.566	156.524	156.556	802	0	21
2025.12.26	21:40:00	156.555	156.561	156.493	156.493	1127	0	21
2025.12.26	22:00:00	156.49	156.499	156.433	156.494	958	0	21
2025.12.26	22:20:00	156.492	156.513	156.479	156.483	299	0	22
2025.12.26	22:40:00	156.482	156.519	156.463	156.482	1268	0	21
2025.12.26	23:00:00	156.482	156.529	156.482	156.523	472	0	23
2025.12.26	23:20:00	156.52	156.565	156.517	156.545	687	0	24
2025.12.26	23:40:00	156.545	156.59	156.502	156.551	1507	0	27
2025.12.29	00:00:00	156.442	156.442	156.385	156.429	120	0	172
2025.12.29	00:20:00	156.426	156.528	156.425	156.463	827	0	56
2025.12.29	00:40:00	156.463	156.472	156.404	156.441	591	0	63
2025.12.29	01:00:00	156.441	156.53	156.406	156.421	486	0	21
2025.12.29	01:20:00	156.421	156.507	156.401	156.507	324	0	21
2025.12.29	01:40:00	156.508	156.514	156.394	156.472	768	0	21
2025.12.29	02:00:00	156.471	156.472	156.045	156.164	2739	0	21
2025.12.29	02:20:00	156.164	156.239	156.067	156.126	2841	0	21
2025.12.29	02:40:00	156.126	156.319	156.088	156.267	2845	0	21
2025.12.29	03:00:00	156.267	156.363	156.209	156.209	2224	0	21
2025.12.29	03:20:00	156.208	156.288	156.177	156.287	1429	0	21
2025.12.29	03:40:00	156.287	156.323	156.249	156.3	1172	0	21
2025.12.29	04:00:00	156.301	156.501	156.289	156.473	1658	0	21
2025.12.29	04:20:00	156.474	156.497	156.416	156.422	1038	0	21
2025.12.29	04:40:00	156.421	156.444	156.362	156.419	1118	0	21
2025.12.29	05:00:00	156.419	156.433	156.355	156.381	785	0	21
2025.12.29	05:20:00	156.378	156.401	156.331	156.342	1675	0	21
2025.12.29	05:40:00	156.345	156.389	156.308	156.367	818	0	21
2025.12.29	06:00:00	156.367	156.461	156.366	156.408	817	0	21
2025.12.29	06:20:00	156.408	156.439	156.236	156.3	935	0	21
2025.12.29	06:40:00	156.3	156.361	156.276	156.359	775	0	21
2025.12.29	07:00:00	156.36	156.369	156.301	156.309	975	0	21
2025.12.29	07:20:00	156.31	156.386	156.296	156.323	839	0	21
2025.12.29	07:40:00	156.324	156.335	156.23	156.294	822	0	21
2025.12.29	08:00:00	156.3	156.311	156.228	156.249	965	0	21
2025.12.29	08:20:00	156.251	156.276	156.162	156.266	795	0	21
2025.12.29	08:40:00	156.267	156.289	156.16	156.172	1222	0	21
2025.12.29	09:00:00	156.173	156.231	156.136	156.185	1907	0	21
2025.12.29	09:20:00	156.186	156.198	156.092	156.161	1764	0	21
2025.12.29	09:40:00	156.161	156.163	156.04	156.07	1655	0	21
2025.12.29	10:00:00	156.07	156.249	156.065	156.246	1834	0	21
2025.12.29	10:20:00	156.247	156.29	156.194	156.229	1186	0	21
2025.12.29	10:40:00	156.229	156.298	156.183	156.265	1456	0	21
2025.12.29	11:00:00	156.266	156.389	156.252	156.28	2154	0	21
2025.12.29	11:20:00	156.273	156.283	156.134	156.136	1399	0	21
2025.12.29	11:40:00	156.135	156.32	156.095	156.316	1344	0	21
2025.12.29	12:00:00	156.317	156.335	156.251	156.254	1303	0	21
2025.12.29	12:20:00	156.255	156.29	156.193	156.215	1521	0	21
2025.12.29	12:40:00	156.214	156.319	156.208	156.315	956	0	21
2025.12.29	13:00:00	156.315	156.343	156.288	156.316	1259	0	21
2025.12.29	13:20:00	156.315	156.318	156.275	156.278	923	0	21
2025.12.29	13:40:00	156.28	156.402	156.276	156.388	1421	0	21
2025.12.29	14:00:00	156.388	156.411	156.308	156.325	1386	0	21
2025.12.29	14:20:00	156.326	156.371	156.298	156.337	1367	0	21
2025.12.29	14:40:00	156.337	156.396	156.298	156.321	1408	0	21
2025.12.29	15:00:00	156.321	156.323	156.24	156.304	1925	0	21
2025.12.29	15:20:00	156.303	156.355	156.243	156.253	1885	0	21
2025.12.29	15:40:00	156.253	156.291	156.183	156.219	2144	0	21
2025.12.29	16:00:00	156.219	156.228	156.107	156.179	1767	0	21
2025.12.29	16:20:00	156.18	156.18	156.033	156.045	2076	0	21
2025.12.29	16:40:00	156.044	156.146	156.0	156.133	2152	0	21
2025.12.29	17:00:00	156.133	156.232	156.073	156.121	2418	0	21
2025.12.29	17:20:00	156.12	156.279	156.116	156.207	2055	0	21
2025.12.29	17:40:00	156.207	156.219	155.905	155.926	2963	0	21
2025.12.29	18:00:00	155.925	156.026	155.919	156.008	1632	0	21
2025.12.29	18:20:00	156.007	156.09	155.998	156.034	1412	0	21
2025.12.29	18:40:00	156.036	156.106	155.998	156.094	1282	0	21
2025.12.29	19:00:00	156.095	156.119	156.055	156.095	1556	0	21
2025.12.29	19:20:00	156.097	156.141	156.08	156.13	775	0	21
2025.12.29	19:40:00	156.131	156.204	156.117	156.174	700	0	21
2025.12.29	20:00:00	156.173	156.203	156.125	156.149	769	0	21
2025.12.29	20:20:00	156.151	156.21	156.111	156.185	732	0	21
2025.12.29	20:40:00	156.186	156.211	156.162	156.209	600	0	21
2025.12.29	21:00:00	156.209	156.237	156.182	156.184	584	0	21
2025.12.29	21:20:00	156.184	156.188	156.125	156.125	455	0	21
2025.12.29	21:40:00	156.126	156.127	155.997	156.024	801	0	21
2025.12.29	22:00:00	156.024	156.039	155.975	155.989	919	0	21
2025.12.29	22:20:00	155.99	156.061	155.99	156.059	519	0	21
2025.12.29	22:40:00	156.058	156.072	156.039	156.058	823	0	21
2025.12.29	23:00:00	156.055	156.074	156.023	156.024	394	0	21
2025.12.29	23:20:00	156.015	156.037	155.99	156.035	273	0	21
2025.12.29	23:40:00	156.036	156.051	156.0	156.022	621	0	21
2025.12.30	00:00:00	156.023	156.067	155.965	156.052	201	0	50
2025.12.30	00:20:00	156.054	156.063	155.939	156.044	125	0	48
2025.12.30	00:40:00	156.044	156.044	155.954	156.017	326	0	52
2025.12.30	01:00:00	156.018	156.046	155.948	156.02	597	0	21
2025.12.30	01:20:00	156.02	156.126	156.018	156.068	507	0	21
2025.12.30	01:40:00	156.067	156.081	155.977	155.979	866	0	21
2025.12.30	02:00:00	155.982	156.106	155.915	156.032	1810	0	21
2025.12.30	02:20:00	156.033	156.108	155.981	156.071	1310	0	21
2025.12.30	02:40:00	156.078	156.315	156.068	156.248	2473	0	21
2025.12.30	03:00:00	156.247	156.314	156.222	156.249	1191	0	21
2025.12.30	03:20:00	156.25	156.298	156.242	156.277	1380	0	21
2025.12.30	03:40:00	156.278	156.281	156.2	156.209	1207	0	21
2025.12.30	04:00:00	156.209	156.292	156.143	156.283	1299	0	21
2025.12.30	04:20:00	156.283	156.327	156.234	156.262	1086	0	21
2025.12.30	04:40:00	156.262	156.313	156.255	156.294	1054	0	21
2025.12.30	05:00:00	156.294	156.322	156.271	156.294	522	0	21
2025.12.30	05:20:00	156.295	156.309	156.225	156.249	589	0	21
2025.12.30	05:40:00	156.251	156.263	156.203	156.256	552	0	21
2025.12.30	06:00:00	156.259	156.275	156.231	156.233	765	0	21
2025.12.30	06:20:00	156.234	156.235	156.153	156.157	565	0	21
2025.12.30	06:40:00	156.158	156.164	156.039	156.071	900	0	21
2025.12.30	07:00:00	156.071	156.085	156.001	156.068	979	0	21
2025.12.30	07:20:00	156.068	156.089	156.01	156.024	1015	0	21
2025.12.30	07:40:00	156.027	156.092	156.015	156.03	1175	0	21
2025.12.30	08:00:00	156.032	156.053	155.927	155.958	1240	0	21
2025.12.30	08:20:00	155.957	156.086	155.941	156.024	1136	0	21
2025.12.30	08:40:00	156.025	156.058	155.957	156.027	1077	0	21
2025.12.30	09:00:00	156.024	156.041	155.974	156.001	1365	0	21
2025.12.30	09:20:00	156.0	156.096	155.962	155.969	1103	0	21
2025.12.30	09:40:00	155.968	156.001	155.907	155.97	1119	0	21
2025.12.30	10:00:00	155.965	156.014	155.87	155.926	1769	0	21
2025.12.30	10:20:00	155.925	155.95	155.844	155.916	1427	0	21
2025.12.30	10:40:00	155.915	155.971	155.876	155.97	1047	0	21
2025.12.30	11:00:00	155.971	155.998	155.857	155.904	1427	0	21
2025.12.30	11:20:00	155.905	155.963	155.874	155.952	1282	0	21
2025.12.30	11:40:00	155.952	155.963	155.878	155.912	1230	0	21
2025.12.30	12:00:00	155.916	155.919	155.815	155.843	1241	0	21
2025.12.30	12:20:00	155.842	155.855	155.755	155.76	1108	0	21
2025.12.30	12:40:00	155.76	155.843	155.732	155.84	1114	0	21
2025.12.30	13:00:00	155.841	155.859	155.813	155.835	866	0	21
2025.12.30	13:20:00	155.835	155.878	155.823	155.867	893	0	21
2025.12.30	13:40:00	155.868	155.936	155.86	155.88	1363	0	21
2025.12.30	14:00:00	155.879	155.951	155.873	155.941	1249	0	21
2025.12.30	14:20:00	155.946	156.001	155.939	155.949	1104	0	21
2025.12.30	14:40:00	155.953	155.985	155.933	155.939	1093	0	21
2025.12.30	15:00:00	155.942	156.131	155.934	156.099	1350	0	21
2025.12.30	15:20:00	156.099	156.139	156.073	156.092	1769	0	21
2025.12.30	15:40:00	156.091	156.2	156.088	156.184	1646	0	21
2025.12.30	16:00:00	156.184	156.21	156.111	156.17	1270	0	21
2025.12.30	16:20:00	156.168	156.299	156.163	156.256	1034	0	21
2025.12.30	16:40:00	156.259	156.308	156.221	156.26	1698	0	21
2025.12.30	17:00:00	156.26	156.425	156.26	156.406	2446	0	21
2025.12.30	17:20:00	156.406	156.49	156.404	156.463	1445	0	21
2025.12.30	17:40:00	156.462	156.554	156.311	156.317	2405	0	21
2025.12.30	18:00:00	156.314	156.361	156.229	156.257	1551	0	21
2025.12.30	18:20:00	156.255	156.276	156.213	156.257	1165	0	21
2025.12.30	18:40:00	156.256	156.27	156.229	156.249	713	0	21
2025.12.30	19:00:00	156.25	156.388	156.234	156.386	635	0	21
2025.12.30	19:20:00	156.386	156.395	156.34	156.355	721	0	21
2025.12.30	19:40:00	156.354	156.363	156.316	156.323	894	0	21
2025.12.30	20:00:00	156.323	156.34	156.297	156.324	998	0	21
2025.12.30	20:20:00	156.325	156.378	156.324	156.374	729	0	21
2025.12.30	20:40:00	156.374	156.419	156.365	156.385	597	0	21
2025.12.30	21:00:00	156.384	156.46	156.378	156.384	910	0	21
2025.12.30	21:20:00	156.383	156.427	156.364	156.414	688	0	21
2025.12.30	21:40:00	156.414	156.513	156.389	156.487	1068	0	21
2025.12.30	22:00:00	156.485	156.485	156.423	156.441	934	0	21
2025.12.30	22:20:00	156.441	156.453	156.417	156.441	666	0	21
2025.12.30	22:40:00	156.441	156.489	156.424	156.454	670	0	21
2025.12.30	23:00:00	156.453	156.456	156.391	156.418	493	0	21
2025.12.30	23:20:00	156.417	156.436	156.403	156.424	223	0	21
2025.12.30	23:40:00	156.426	156.426	156.372	156.372	744	0	24
2025.12.31	00:00:00	156.372	156.372	156.258	156.334	64	0	65
2025.12.31	00:20:00	156.333	156.346	156.329	156.346	83	0	69
2025.12.31	00:40:00	156.347	156.368	156.343	156.344	365	0	48
2025.12.31	01:00:00	156.346	156.366	156.317	156.363	197	0	25
2025.12.31	01:20:00	156.366	156.422	156.362	156.412	236	0	25
2025.12.31	01:40:00	156.411	156.452	156.387	156.387	436	0	22
2025.12.31	02:00:00	156.386	156.421	156.318	156.405	806	0	21
2025.12.31	02:20:00	156.406	156.449	156.387	156.439	777	0	21
2025.12.31	02:40:00	156.437	156.454	156.338	156.38	876	0	21
2025.12.31	03:00:00	156.38	156.441	156.345	156.378	982	0	21
2025.12.31	03:20:00	156.378	156.403	156.342	156.369	593	0	21
2025.12.31	03:40:00	156.369	156.427	156.354	156.42	1049	0	21
2025.12.31	04:00:00	156.421	156.475	156.414	156.438	820	0	21
2025.12.31	04:20:00	156.437	156.454	156.412	156.439	636	0	22
2025.12.31	04:40:00	156.44	156.481	156.414	156.472	992	0	21
2025.12.31	05:00:00	156.47	156.474	156.436	156.463	537	0	21
2025.12.31	05:20:00	156.464	156.473	156.451	156.462	711	0	21
2025.12.31	05:40:00	156.463	156.484	156.458	156.482	478	0	21
2025.12.31	06:00:00	156.481	156.547	156.481	156.545	781	0	21
2025.12.31	06:20:00	156.547	156.563	156.519	156.538	645	0	21
2025.12.31	06:40:00	156.538	156.626	156.537	156.599	804	0	21
2025.12.31	07:00:00	156.599	156.619	156.57	156.604	495	0	22
2025.12.31	07:20:00	156.604	156.609	156.574	156.58	380	0	23
2025.12.31	07:40:00	156.58	156.591	156.537	156.58	552	0	21
2025.12.31	08:00:00	156.58	156.641	156.578	156.621	833	0	21
2025.12.31	08:20:00	156.622	156.625	156.57	156.576	634	0	21
2025.12.31	08:40:00	156.576	156.606	156.575	156.601	613	0	21
2025.12.31	09:00:00	156.601	156.634	156.573	156.613	1211	0	21
2025.12.31	09:20:00	156.612	156.629	156.573	156.592	875	0	21
2025.12.31	09:40:00	156.592	156.601	156.555	156.556	868	0	21
2025.12.31	10:00:00	156.555	156.58	156.507	156.527	993	0	21
2025.12.31	10:20:00	156.526	156.575	156.495	156.52	1083	0	21
2025.12.31	10:40:00	156.52	156.597	156.513	156.583	983	0	21
2025.12.31	11:00:00	156.584	156.618	156.572	156.608	1108	0	21
2025.12.31	11:20:00	156.607	156.607	156.545	156.575	891	0	21
2025.12.31	11:40:00	156.574	156.639	156.567	156.619	1115	0	21
2025.12.31	12:00:00	156.618	156.662	156.597	156.66	1174	0	21
2025.12.31	12:20:00	156.66	156.66	156.584	156.601	675	0	21
2025.12.31	12:40:00	156.6	156.649	156.598	156.644	819	0	21
2025.12.31	13:00:00	156.645	156.664	156.62	156.645	837	0	21
2025.12.31	13:20:00	156.644	156.65	156.62	156.639	780	0	21
2025.12.31	13:40:00	156.638	156.65	156.595	156.599	745	0	21
2025.12.31	14:00:00	156.598	156.604	156.541	156.598	1145	0	21
2025.12.31	14:20:00	156.598	156.625	156.578	156.599	1116	0	21
2025.12.31	14:40:00	156.6	156.632	156.581	156.589	1637	0	21
2025.12.31	15:00:00	156.59	156.659	156.576	156.611	1696	0	21
2025.12.31	15:20:00	156.61	156.79	156.605	156.768	2020	0	21
2025.12.31	15:40:00	156.768	156.822	156.745	156.801	1920	0	21
2025.12.31	16:00:00	156.802	156.931	156.789	156.893	1861	0	21
2025.12.31	16:20:00	156.892	156.935	156.838	156.916	2042	0	21
2025.12.31	16:40:00	156.915	156.935	156.831	156.914	2125	0	21
2025.12.31	17:00:00	156.915	156.983	156.91	156.929	1922	0	21
2025.12.31	17:20:00	156.929	156.94	156.848	156.879	2398	0	21
2025.12.31	17:40:00	156.881	156.933	156.704	156.732	3012	0	21
2025.12.31	18:00:00	156.731	156.755	156.633	156.699	2347	0	21
2025.12.31	18:20:00	156.698	156.822	156.695	156.784	1548	0	21
2025.12.31	18:40:00	156.785	156.834	156.783	156.801	1335	0	21
2025.12.31	19:00:00	156.798	156.831	156.752	156.789	1535	0	21
2025.12.31	19:20:00	156.79	156.828	156.757	156.811	1140	0	21
2025.12.31	19:40:00	156.811	156.845	156.76	156.814	1493	0	21
2026.01.02	08:00:00	156.901	156.956	156.899	156.918	760	0	21
2026.01.02	08:20:00	156.921	156.982	156.918	156.975	611	0	21
2026.01.02	08:40:00	156.976	156.983	156.943	156.945	768	0	21
2026.01.02	09:00:00	156.946	156.982	156.885	156.897	1435	0	21
2026.01.02	09:20:00	156.899	156.912	156.824	156.825	1406	0	21
2026.01.02	09:40:00	156.824	156.884	156.819	156.848	1203	0	21
2026.01.02	10:00:00	156.849	156.984	156.808	156.978	1643	0	21
2026.01.02	10:20:00	156.978	156.986	156.901	156.916	1402	0	21
2026.01.02	10:40:00	156.917	156.937	156.861	156.867	1183	0	21
2026.01.02	11:00:00	156.866	156.9	156.787	156.79	2000	0	21
2026.01.02	11:20:00	156.789	156.843	156.756	156.842	1120	0	21
2026.01.02	11:40:00	156.842	156.905	156.79	156.902	808	0	21
2026.01.02	12:00:00	156.901	156.914	156.86	156.875	1249	0	21
2026.01.02	12:20:00	156.875	156.875	156.79	156.854	918	0	21
2026.01.02	12:40:00	156.855	156.866	156.804	156.83	670	0	21
2026.01.02	13:00:00	156.83	156.885	156.812	156.877	655	0	21
2026.01.02	13:20:00	156.877	156.914	156.851	156.912	664	0	21
2026.01.02	13:40:00	156.915	156.936	156.886	156.909	745	0	21
2026.01.02	14:00:00	156.909	156.93	156.86	156.928	708	0	21
2026.01.02	14:20:00	156.927	156.97	156.885	156.963	798	0	21
2026.01.02	14:40:00	156.963	156.989	156.928	156.928	726	0	21
2026.01.02	15:00:00	156.929	156.948	156.819	156.82	1378	0	21
2026.01.02	15:20:00	156.821	156.936	156.821	156.908	1571	0	21
2026.01.02	15:40:00	156.908	156.931	156.836	156.895	1067	0	21
2026.01.02	16:00:00	156.895	156.908	156.848	156.877	1079	0	21
2026.01.02	16:20:00	156.876	156.881	156.81	156.858	1723	0	21
2026.01.02	16:40:00	156.859	156.874	156.796	156.84	1739	0	21
2026.01.02	17:00:00	156.841	156.881	156.649	156.713	2330	0	21
2026.01.02	17:20:00	156.713	156.731	156.635	156.683	2281	0	21
2026.01.02	17:40:00	156.682	156.706	156.55	156.579	2302	0	21
2026.01.02	18:00:00	156.579	156.667	156.551	156.619	2200	0	21
2026.01.02	18:20:00	156.619	156.689	156.594	156.669	1476	0	21
2026.01.02	18:40:00	156.67	156.758	156.666	156.713	1188	0	21
2026.01.02	19:00:00	156.712	156.762	156.71	156.735	1000	0	21
2026.01.02	19:20:00	156.734	156.764	156.696	156.728	841	0	21
2026.01.02	19:40:00	156.728	156.771	156.723	156.759	890	0	21
2026.01.02	20:00:00	156.758	156.857	156.752	156.848	771	0	21
2026.01.02	20:20:00	156.848	156.927	156.845	156.909	937	0	21
2026.01.02	20:40:00	156.91	156.937	156.876	156.881	1101	0	21
2026.01.02	21:00:00	156.879	156.936	156.877	156.912	905	0	21
2026.01.02	21:20:00	156.912	156.945	156.905	156.914	831	0	21
2026.01.02	21:40:00	156.912	156.92	156.834	156.845	885	0	21
2026.01.02	22:00:00	156.845	156.899	156.834	156.858	1047	0	21
2026.01.02	22:20:00	156.858	156.887	156.838	156.846	1197	0	21
2026.01.02	22:40:00	156.845	156.878	156.836	156.865	1037	0	21
2026.01.02	23:00:00	156.865	156.878	156.804	156.818	477	0	21
2026.01.02	23:20:00	156.819	156.836	156.799	156.832	286	0	22
2026.01.02	23:40:00	156.83	156.858	156.82	156.854	919	0	24
2026.01.05	00:00:00	156.688	156.768	156.688	156.733	99	0	65
2026.01.05	00:20:00	156.736	156.77	156.727	156.735	460	0	49
2026.01.05	00:40:00	156.736	156.739	156.681	156.718	584	0	43
2026.01.05	01:00:00	156.719	156.843	156.705	156.743	722	0	21
2026.01.05	01:20:00	156.743	156.931	156.743	156.902	657	0	21
2026.01.05	01:40:00	156.902	157.001	156.899	156.987	1416	0	21
2026.01.05	02:00:00	156.988	157.153	156.908	157.132	2627	0	21
2026.01.05	02:20:00	157.132	157.191	157.057	157.181	1851	0	21
2026.01.05	02:40:00	157.182	157.24	157.109	157.138	2065	0	21
2026.01.05	03:00:00	157.139	157.171	157.024	157.038	2218	0	21
2026.01.05	03:20:00	157.039	157.166	157.015	157.095	1878	0	21
2026.01.05	03:40:00	157.095	157.109	156.928	157.004	2177	0	21
2026.01.05	04:00:00	157.003	157.065	156.94	157.039	1790	0	21
2026.01.05	04:20:00	157.04	157.188	157.037	157.181	1186	0	21
2026.01.05	04:40:00	157.18	157.194	157.103	157.135	1009	0	21
2026.01.05	05:00:00	157.137	157.193	157.117	157.118	1106	0	21
2026.01.05	05:20:00	157.119	157.225	157.118	157.169	1095	0	21
2026.01.05	05:40:00	157.168	157.22	157.154	157.219	648	0	21
2026.01.05	06:00:00	157.22	157.284	157.22	157.239	1091	0	21
2026.01.05	06:20:00	157.237	157.285	157.21	157.23	540	0	21
2026.01.05	06:40:00	157.229	157.271	157.214	157.269	528	0	21
2026.01.05	07:00:00	157.269	157.281	157.192	157.199	919	0	21
2026.01.05	07:20:00	157.198	157.214	157.112	157.144	720	0	21
2026.01.05	07:40:00	157.144	157.185	157.103	157.171	908	0	21
2026.01.05	08:00:00	157.174	157.222	157.133	157.169	996	0	21
2026.01.05	08:20:00	157.17	157.171	157.008	157.035	1252	0	21
2026.01.05	08:40:00	157.035	157.08	157.004	157.019	1007	0	21
2026.01.05	09:00:00	157.019	157.034	156.963	156.999	1453	0	21
2026.01.05	09:20:00	156.998	157.056	156.964	156.991	940	0	21
2026.01.05	09:40:00	156.99	157.07	156.967	156.979	1169	0	21
2026.01.05	10:00:00	156.979	157.029	156.803	156.809	2182	0	21
2026.01.05	10:20:00	156.81	156.851	156.676	156.829	2314	0	21
2026.01.05	10:40:00	156.828	156.871	156.788	156.821	1682	0	21
2026.01.05	11:00:00	156.818	156.867	156.771	156.832	1739	0	21
2026.01.05	11:20:00	156.832	156.896	156.782	156.881	1578	0	21
2026.01.05	11:40:00	156.882	156.988	156.88	156.915	1723	0	21
2026.01.05	12:00:00	156.914	156.927	156.77	156.77	1620	0	21
2026.01.05	12:20:00	156.771	156.786	156.685	156.722	1503	0	21
2026.01.05	12:40:00	156.722	156.736	156.561	156.591	1806	0	21
2026.01.05	13:00:00	156.591	156.597	156.52	156.547	1879	0	21
2026.01.05	13:20:00	156.547	156.617	156.534	156.601	1444	0	21
2026.01.05	13:40:00	156.602	156.649	156.575	156.61	1204	0	21
2026.01.05	14:00:00	156.612	156.612	156.542	156.592	1088	0	21
2026.01.05	14:20:00	156.593	156.605	156.455	156.541	1482	0	21
2026.01.05	14:40:00	156.541	156.674	156.528	156.636	1900	0	21
2026.01.05	15:00:00	156.635	156.873	156.631	156.814	2924	0	21
2026.01.05	15:20:00	156.814	156.957	156.809	156.955	2298	0	21
2026.01.05	15:40:00	156.955	156.965	156.799	156.815	1953	0	21
2026.01.05	16:00:00	156.814	156.843	156.695	156.721	1662	0	21
2026.01.05	16:20:00	156.721	156.839	156.69	156.715	2735	0	21
2026.01.05	16:40:00	156.719	156.802	156.697	156.736	2870	0	21
2026.01.05	17:00:00	156.713	156.737	156.579	156.671	2950	0	21
2026.01.05	17:20:00	156.67	156.67	156.444	156.482	2759	0	21
2026.01.05	17:40:00	156.48	156.665	156.469	156.567	2346	0	21
2026.01.05	18:00:00	156.567	156.576	156.436	156.49	2307	0	21
2026.01.05	18:20:00	156.489	156.497	156.332	156.358	1973	0	21
2026.01.05	18:40:00	156.358	156.365	156.294	156.312	1780	0	21
2026.01.05	19:00:00	156.313	156.371	156.289	156.321	1571	0	21
2026.01.05	19:20:00	156.321	156.323	156.255	156.297	1063	0	21
2026.01.05	19:40:00	156.305	156.337	156.285	156.318	766	0	21
2026.01.05	20:00:00	156.318	156.346	156.26	156.262	734	0	21
2026.01.05	20:20:00	156.261	156.342	156.255	156.259	684	0	21
2026.01.05	20:40:00	156.258	156.258	156.169	156.175	827	0	21
2026.01.05	21:00:00	156.174	156.174	156.104	156.143	1079	0	21
2026.01.05	21:20:00	156.144	156.167	156.112	156.128	1069	0	21
2026.01.05	21:40:00	156.129	156.233	156.127	156.221	1158	0	21
2026.01.05	22:00:00	156.221	156.231	156.171	156.211	777	0	21
2026.01.05	22:20:00	156.212	156.246	156.203	156.236	688	0	21
2026.01.05	22:40:00	156.237	156.328	156.237	156.326	1161	0	21
2026.01.05	23:00:00	156.325	156.371	156.31	156.349	591	0	21
2026.01.05	23:20:00	156.35	156.4	156.346	156.381	215	0	21
2026.01.05	23:40:00	156.381	156.407	156.333	156.333	697	0	22
2026.01.06	00:00:00	156.333	156.361	156.212	156.361	106	0	57
2026.01.06	00:20:00	156.361	156.405	156.36	156.402	117	0	42
2026.01.06	00:40:00	156.401	156.497	156.401	156.491	182	0	33
2026.01.06	01:00:00	156.492	156.559	156.469	156.505	596	0	21
2026.01.06	01:20:00	156.504	156.54	156.496	156.53	411	0	21
2026.01.06	01:40:00	156.527	156.632	156.525	156.603	739	0	22
2026.01.06	02:00:00	156.604	156.745	156.562	156.704	1988	0	21
2026.01.06	02:20:00	156.704	156.771	156.696	156.733	1160	0	21
2026.01.06	02:40:00	156.732	156.785	156.517	156.525	2380	0	21
2026.01.06	03:00:00	156.524	156.661	156.512	156.65	1962	0	21
2026.01.06	03:20:00	156.649	156.696	156.542	156.568	1295	0	21
2026.01.06	03:40:00	156.567	156.578	156.439	156.441	1378	0	21
2026.01.06	04:00:00	156.441	156.488	156.395	156.401	1391	0	21
2026.01.06	04:20:00	156.4	156.469	156.395	156.413	751	0	21
2026.01.06	04:40:00	156.413	156.422	156.259	156.298	798	0	21
2026.01.06	05:00:00	156.299	156.424	156.284	156.354	856	0	21
2026.01.06	05:20:00	156.354	156.426	156.318	156.319	636	0	21
2026.01.06	05:40:00	156.319	156.36	156.303	156.35	968	0	21
2026.01.06	06:00:00	156.351	156.359	156.23	156.242	815	0	21
2026.01.06	06:20:00	156.242	156.336	156.241	156.334	711	0	21
2026.01.06	06:40:00	156.335	156.428	156.335	156.369	926	0	21
2026.01.06	07:00:00	156.37	156.384	156.311	156.329	746	0	21
2026.01.06	07:20:00	156.33	156.345	156.276	156.308	826	0	21
2026.01.06	07:40:00	156.309	156.435	156.309	156.417	1430	0	21
2026.01.06	08:00:00	156.417	156.466	156.392	156.427	1177	0	21
2026.01.06	08:20:00	156.427	156.445	156.371	156.419	1252	0	21
2026.01.06	08:40:00	156.42	156.425	156.319	156.357	1295	0	21
2026.01.06	09:00:00	156.358	156.359	156.22	156.312	1496	0	21
2026.01.06	09:20:00	156.322	156.36	156.239	156.265	1183	0	21
2026.01.06	09:40:00	156.264	156.353	156.243	156.323	1389	0	21
2026.01.06	10:00:00	156.323	156.378	156.152	156.235	2363	0	21
2026.01.06	10:20:00	156.234	156.376	156.226	156.342	2117	0	21
2026.01.06	10:40:00	156.341	156.365	156.297	156.31	1408	0	21
2026.01.06	11:00:00	156.309	156.345	156.22	156.269	2246	0	21
2026.01.06	11:20:00	156.268	156.471	156.258	156.459	1623	0	21
2026.01.06	11:40:00	156.456	156.456	156.313	156.366	1487	0	21
2026.01.06	12:00:00	156.365	156.379	156.269	156.331	1785	0	21
2026.01.06	12:20:00	156.332	156.376	156.317	156.346	1195	0	21
2026.01.06	12:40:00	156.346	156.452	156.343	156.435	1449	0	21
2026.01.06	13:00:00	156.435	156.528	156.428	156.505	1061	0	21
2026.01.06	13:20:00	156.504	156.519	156.395	156.406	1267	0	21
2026.01.06	13:40:00	156.405	156.464	156.405	156.439	1222	0	21
2026.01.06	14:00:00	156.439	156.439	156.285	156.362	1324	0	21
2026.01.06	14:20:00	156.363	156.411	156.321	156.356	1428	0	21
2026.01.06	14:40:00	156.355	156.505	156.354	156.485	1522	0	21
2026.01.06	15:00:00	156.484	156.569	156.374	156.376	2842	0	21
2026.01.06	15:20:00	156.377	156.443	156.34	156.354	1981	0	21
2026.01.06	15:40:00	156.355	156.447	156.343	156.358	2333	0	21
2026.01.06	16:00:00	156.358	156.399	156.29	156.374	1959	0	21
2026.01.06	16:20:00	156.373	156.446	156.351	156.433	2199	0	21
2026.01.06	16:40:00	156.433	156.467	156.331	156.395	2231	0	21
2026.01.06	17:00:00	156.397	156.623	156.393	156.583	2621	0	21
2026.01.06	17:20:00	156.584	156.679	156.561	156.61	2752	0	21
2026.01.06	17:40:00	156.611	156.671	156.558	156.566	2622	0	21
2026.01.06	18:00:00	156.566	156.718	156.559	156.658	1637	0	21
2026.01.06	18:20:00	156.657	156.704	156.636	156.657	1308	0	21
2026.01.06	18:40:00	156.658	156.725	156.639	156.694	1202	0	21
2026.01.06	19:00:00	156.694	156.729	156.661	156.682	1268	0	21
2026.01.06	19:20:00	156.682	156.729	156.66	156.714	1260	0	21
2026.01.06	19:40:00	156.714	156.728	156.679	156.679	847	0	21
2026.01.06	20:00:00	156.679	156.715	156.652	156.669	795	0	21
2026.01.06	20:20:00	156.667	156.736	156.667	156.732	541	0	21
2026.01.06	20:40:00	156.732	156.737	156.714	156.726	597	0	21
2026.01.06	21:00:00	156.726	156.734	156.694	156.696	779	0	21
2026.01.06	21:20:00	156.697	156.7	156.665	156.684	564	0	21
2026.01.06	21:40:00	156.684	156.692	156.598	156.62	653	0	21
2026.01.06	22:00:00	156.62	156.62	156.569	156.595	593	0	21
2026.01.06	22:20:00	156.596	156.61	156.572	156.574	647	0	21
2026.01.06	22:40:00	156.575	156.642	156.559	156.639	943	0	21
2026.01.06	23:00:00	156.639	156.664	156.621	156.626	600	0	21
2026.01.06	23:20:00	156.621	156.667	156.609	156.643	463	0	21
2026.01.06	23:40:00	156.643	156.671	156.606	156.606	382	0	25
2026.01.07	00:00:00	156.582	156.634	156.569	156.598	59	0	54
2026.01.07	00:20:00	156.598	156.627	156.583	156.61	180	0	45
2026.01.07	00:40:00	156.61	156.636	156.591	156.593	265	0	36
2026.01.07	01:00:00	156.597	156.665	156.597	156.653	215	0	23
2026.01.07	01:20:00	156.653	156.686	156.623	156.672	442	0	21
2026.01.07	01:40:00	156.671	156.693	156.616	156.653	732	0	21
2026.01.07	02:00:00	156.652	156.797	156.592	156.675	1730	0	21
2026.01.07	02:20:00	156.674	156.737	156.533	156.535	1580	0	21
2026.01.07	02:40:00	156.535	156.651	156.529	156.624	2183	0	21
2026.01.07	03:00:00	156.623	156.681	156.548	156.681	1688	0	21
2026.01.07	03:20:00	156.681	156.734	156.659	156.663	1074	0	21
2026.01.07	03:40:00	156.662	156.728	156.662	156.707	1135	0	21
2026.01.07	04:00:00	156.706	156.708	156.643	156.655	841	0	21
2026.01.07	04:20:00	156.656	156.717	156.655	156.699	861	0	21
2026.01.07	04:40:00	156.699	156.712	156.631	156.635	625	0	21
2026.01.07	05:00:00	156.634	156.642	156.577	156.605	863	0	21
2026.01.07	05:20:00	156.605	156.611	156.496	156.502	898	0	21
2026.01.07	05:40:00	156.502	156.557	156.502	156.55	503	0	21
2026.01.07	06:00:00	156.549	156.559	156.503	156.549	923	0	21
2026.01.07	06:20:00	156.548	156.573	156.522	156.562	770	0	21
2026.01.07	06:40:00	156.562	156.562	156.501	156.527	723	0	21
2026.01.07	07:00:00	156.526	156.528	156.398	156.476	998	0	21
2026.01.07	07:20:00	156.477	156.477	156.382	156.443	851	0	21
2026.01.07	07:40:00	156.443	156.445	156.354	156.374	874	0	21
2026.01.07	08:00:00	156.373	156.383	156.31	156.364	1222	0	21
2026.01.07	08:20:00	156.363	156.37	156.294	156.321	878	0	21
2026.01.07	08:40:00	156.322	156.367	156.304	156.333	1080	0	21
2026.01.07	09:00:00	156.333	156.395	156.284	156.369	1315	0	21
2026.01.07	09:20:00	156.368	156.466	156.366	156.451	1327	0	21
2026.01.07	09:40:00	156.452	156.501	156.374	156.474	1612	0	21
2026.01.07	10:00:00	156.474	156.522	156.446	156.472	1692	0	21
2026.01.07	10:20:00	156.473	156.57	156.455	156.546	1227	0	21
2026.01.07	10:40:00	156.546	156.573	156.491	156.515	1170	0	21
2026.01.07	11:00:00	156.516	156.565	156.497	156.549	1119	0	21
2026.01.07	11:20:00	156.549	156.549	156.42	156.476	1069	0	21
2026.01.07	11:40:00	156.477	156.489	156.447	156.452	1081	0	21
2026.01.07	12:00:00	156.452	156.491	156.43	156.481	935	0	21
2026.01.07	12:20:00	156.481	156.497	156.449	156.449	1006	0	21
2026.01.07	12:40:00	156.449	156.524	156.444	156.516	1008	0	21
2026.01.07	13:00:00	156.517	156.558	156.497	156.505	708	0	21
2026.01.07	13:20:00	156.506	156.571	156.505	156.559	842	0	21
2026.01.07	13:40:00	156.559	156.571	156.503	156.503	1006	0	21
2026.01.07	14:00:00	156.503	156.525	156.463	156.52	1010	0	21
2026.01.07	14:20:00	156.52	156.555	156.488	156.514	1128	0	21
2026.01.07	14:40:00	156.514	156.549	156.491	156.501	1013	0	21
2026.01.07	15:00:00	156.5	156.569	156.399	156.452	1586	0	21
2026.01.07	15:20:00	156.451	156.515	156.373	156.425	2190	0	21
2026.01.07	15:40:00	156.424	156.426	156.351	156.405	1786	0	21
2026.01.07	16:00:00	156.412	156.493	156.382	156.475	1638	0	21
2026.01.07	16:20:00	156.476	156.509	156.45	156.499	1975	0	21
2026.01.07	16:40:00	156.502	156.544	156.385	156.394	2664	0	21
2026.01.07	17:00:00	156.395	156.664	156.393	156.64	4630	0	21
2026.01.07	17:20:00	156.639	156.677	156.524	156.562	2801	0	21
2026.01.07	17:40:00	156.562	156.713	156.497	156.67	2640	0	21
2026.01.07	18:00:00	156.67	156.789	156.631	156.767	1875	0	21
2026.01.07	18:20:00	156.766	156.768	156.669	156.688	1742	0	21
2026.01.07	18:40:00	156.688	156.749	156.646	156.724	936	0	21
2026.01.07	19:00:00	156.723	156.723	156.614	156.65	937	0	21
2026.01.07	19:20:00	156.651	156.655	156.564	156.609	861	0	21
2026.01.07	19:40:00	156.608	156.647	156.599	156.608	835	0	21
2026.01.07	20:00:00	156.607	156.655	156.585	156.628	1176	0	21
2026.01.07	20:20:00	156.627	156.676	156.625	156.66	658	0	21
2026.01.07	20:40:00	156.66	156.693	156.638	156.686	904	0	21
2026.01.07	21:00:00	156.686	156.733	156.672	156.709	890	0	21
2026.01.07	21:20:00	156.708	156.75	156.706	156.719	591	0	21
2026.01.07	21:40:00	156.719	156.743	156.71	156.73	711	0	21
2026.01.07	22:00:00	156.731	156.76	156.712	156.744	865	0	21
2026.01.07	22:20:00	156.744	156.776	156.742	156.754	700	0	21
2026.01.07	22:40:00	156.755	156.779	156.744	156.763	701	0	21
2026.01.07	23:00:00	156.764	156.787	156.763	156.784	318	0	21
2026.01.07	23:20:00	156.783	156.789	156.767	156.767	264	0	21
2026.01.07	23:40:00	156.767	156.773	156.73	156.732	477	0	22
2026.01.08	00:00:00	156.731	156.731	156.685	156.729	41	0	51
2026.01.08	00:20:00	156.729	156.729	156.602	156.643	47	0	40
2026.01.08	00:40:00	156.645	156.706	156.645	156.654	43	0	42
2026.01.08	01:00:00	156.659	156.677	156.646	156.662	292	0	25
2026.01.08	01:20:00	156.662	156.743	156.661	156.718	482	0	21
2026.01.08	01:40:00	156.716	156.739	156.684	156.687	574	0	21
2026.01.08	02:00:00	156.688	156.79	156.664	156.781	1341	0	21
2026.01.08	02:20:00	156.78	156.783	156.721	156.774	1066	0	21
2026.01.08	02:40:00	156.775	156.784	156.731	156.774	1351	0	21
2026.01.08	03:00:00	156.776	156.783	156.705	156.75	1068	0	21
2026.01.08	03:20:00	156.75	156.911	156.723	156.887	1312	0	21
2026.01.08	03:40:00	156.886	156.931	156.861	156.9	1094	0	21
2026.01.08	04:00:00	156.899	156.941	156.868	156.931	801	0	21
2026.01.08	04:20:00	156.933	156.942	156.854	156.879	608	0	21
2026.01.08	04:40:00	156.879	156.881	156.812	156.826	715	0	21
2026.01.08	05:00:00	156.828	156.828	156.641	156.662	1019	0	21
2026.01.08	05:20:00	156.662	156.697	156.619	156.697	1105	0	21
2026.01.08	05:40:00	156.697	156.731	156.665	156.706	642	0	21
2026.01.08	06:00:00	156.706	156.72	156.654	156.69	762	0	21
2026.01.08	06:20:00	156.69	156.711	156.654	156.67	448	0	21
2026.01.08	06:40:00	156.669	156.719	156.667	156.68	443	0	21
2026.01.08	07:00:00	156.681	156.712	156.644	156.678	791	0	21
2026.01.08	07:20:00	156.678	156.722	156.675	156.691	579	0	21
2026.01.08	07:40:00	156.69	156.711	156.631	156.66	1205	0	21
2026.01.08	08:00:00	156.658	156.678	156.494	156.522	1522	0	21
2026.01.08	08:20:00	156.523	156.585	156.489	156.558	1318	0	21
2026.01.08	08:40:00	156.559	156.594	156.524	156.569	1100	0	21
2026.01.08	09:00:00	156.569	156.639	156.532	156.599	1058	0	21
2026.01.08	09:20:00	156.599	156.684	156.532	156.568	1490	0	21
2026.01.08	09:40:00	156.569	156.606	156.457	156.457	1559	0	21
2026.01.08	10:00:00	156.456	156.567	156.448	156.566	2104	0	21
2026.01.08	10:20:00	156.567	156.673	156.544	156.673	1466	0	21
2026.01.08	10:40:00	156.672	156.705	156.64	156.694	1377	0	21
2026.01.08	11:00:00	156.695	156.702	156.619	156.661	1151	0	21
2026.01.08	11:20:00	156.664	156.71	156.644	156.699	1185	0	21
2026.01.08	11:40:00	156.698	156.771	156.686	156.732	1199	0	21
2026.01.08	12:00:00	156.735	156.769	156.724	156.749	1220	0	21
2026.01.08	12:20:00	156.75	156.763	156.67	156.681	1040	0	21
2026.01.08	12:40:00	156.68	156.695	156.666	156.671	691	0	21
2026.01.08	13:00:00	156.67	156.746	156.654	156.746	886	0	21
2026.01.08	13:20:00	156.746	156.77	156.716	156.757	968	0	21
2026.01.08	13:40:00	156.756	156.76	156.717	156.749	662	0	21
2026.01.08	14:00:00	156.75	156.77	156.738	156.745	809	0	21
2026.01.08	14:20:00	156.744	156.748	156.678	156.695	806	0	21
2026.01.08	14:40:00	156.696	156.744	156.69	156.71	596	0	21
2026.01.08	15:00:00	156.71	156.716	156.675	156.69	797	0	21
2026.01.08	15:20:00	156.681	156.791	156.652	156.779	1520	0	21
2026.01.08	15:40:00	156.781	156.951	156.778	156.951	1728	0	21
2026.01.08	16:00:00	156.952	157.06	156.927	157.042	2189	0	21
2026.01.08	16:20:00	157.041	157.059	156.956	157.032	2326	0	21
2026.01.08	16:40:00	157.034	157.056	156.946	156.963	1989	0	21
2026.01.08	17:00:00	156.961	157.045	156.948	156.957	2353	0	21
2026.01.08	17:20:00	156.956	156.992	156.912	156.935	1800	0	21
2026.01.08	17:40:00	156.935	156.961	156.84	156.853	1835	0	21
2026.01.08	18:00:00	156.854	156.929	156.836	156.899	1180	0	21
2026.01.08	18:20:00	156.899	156.974	156.87	156.875	1662	0	21
2026.01.08	18:40:00	156.874	156.892	156.846	156.889	877	0	21
2026.01.08	19:00:00	156.89	156.894	156.763	156.763	1157	0	21
2026.01.08	19:20:00	156.763	156.884	156.763	156.87	1042	0	21
2026.01.08	19:40:00	156.869	156.881	156.795	156.797	754	0	21
2026.01.08	20:00:00	156.796	156.846	156.784	156.82	893	0	21
2026.01.08	20:20:00	156.821	156.86	156.815	156.858	599	0	21
2026.01.08	20:40:00	156.859	156.882	156.828	156.881	660	0	21
2026.01.08	21:00:00	156.882	156.912	156.88	156.907	446	0	21
2026.01.08	21:20:00	156.907	156.95	156.904	156.938	613	0	21
2026.01.08	21:40:00	156.938	156.973	156.935	156.955	612	0	21
2026.01.08	22:00:00	156.953	156.981	156.94	156.967	550	0	21
2026.01.08	22:20:00	156.966	156.97	156.906	156.957	825	0	21
2026.01.08	22:40:00	156.958	156.972	156.938	156.942	753	0	21
2026.01.08	23:00:00	156.944	156.979	156.937	156.955	484	0	21
2026.01.08	23:20:00	156.954	156.954	156.86	156.868	428	0	21
2026.01.08	23:40:00	156.867	156.868	156.806	156.839	1106	0	21
2026.01.09	00:00:00	156.839	156.843	156.644	156.837	101	0	43
2026.01.09	00:20:00	156.837	156.838	156.701	156.762	62	0	42
2026.01.09	00:40:00	156.762	156.818	156.757	156.812	106	0	43
2026.01.09	01:00:00	156.811	156.906	156.811	156.876	523	0	21
2026.01.09	01:20:00	156.874	156.896	156.856	156.893	580	0	21
2026.01.09	01:40:00	156.892	156.92	156.851	156.857	371	0	23
2026.01.09	02:00:00	156.859	156.946	156.856	156.945	1247	0	21
2026.01.09	02:20:00	156.945	156.982	156.893	156.981	912	0	21
2026.01.09	02:40:00	156.986	157.048	156.94	156.996	1760	0	21
2026.01.09	03:00:00	156.997	157.081	156.981	157.069	1239	0	21
2026.01.09	03:20:00	157.07	157.12	157.052	157.064	1183	0	21
2026.01.09	03:40:00	157.064	157.156	157.035	157.149	1519	0	21
2026.01.09	04:00:00	157.148	157.23	157.126	157.192	1229	0	21
2026.01.09	04:20:00	157.192	157.213	157.111	157.21	1093	0	21
2026.01.09	04:40:00	157.21	157.249	157.169	157.17	853	0	21
2026.01.09	05:00:00	157.169	157.207	157.145	157.167	803	0	21
2026.01.09	05:20:00	157.168	157.213	157.16	157.18	487	0	21
2026.01.09	05:40:00	157.181	157.23	157.178	157.224	501	0	21
2026.01.09	06:00:00	157.227	157.28	157.217	157.244	811	0	21
2026.01.09	06:20:00	157.244	157.285	157.232	157.234	746	0	21
2026.01.09	06:40:00	157.234	157.249	157.181	157.2	824	0	21
2026.01.09	07:00:00	157.201	157.299	157.201	157.279	948	0	21
2026.01.09	07:20:00	157.28	157.38	157.26	157.336	1073	0	21
2026.01.09	07:40:00	157.335	157.37	157.321	157.363	967	0	21
2026.01.09	08:00:00	157.363	157.425	157.355	157.403	1141	0	21
2026.01.09	08:20:00	157.403	157.415	157.331	157.388	968	0	21
2026.01.09	08:40:00	157.388	157.404	157.351	157.39	1001	0	21
2026.01.09	09:00:00	157.391	157.466	157.376	157.455	1404	0	21
2026.01.09	09:20:00	157.454	157.528	157.44	157.525	1375	0	21
2026.01.09	09:40:00	157.525	157.56	157.465	157.468	1292	0	21
2026.01.09	10:00:00	157.467	157.603	157.446	157.564	1705	0	21
2026.01.09	10:20:00	157.565	157.592	157.507	157.572	1497	0	21
2026.01.09	10:40:00	157.573	157.657	157.573	157.634	1575	0	21
2026.01.09	11:00:00	157.633	157.649	157.562	157.622	1491	0	21
2026.01.09	11:20:00	157.623	157.664	157.622	157.646	1186	0	21
2026.01.09	11:40:00	157.646	157.724	157.634	157.697	983	0	21
2026.01.09	12:00:00	157.699	157.712	157.661	157.686	960	0	21
2026.01.09	12:20:00	157.685	157.693	157.627	157.65	1063	0	21
2026.01.09	12:40:00	157.65	157.676	157.628	157.64	652	0	21
2026.01.09	13:00:00	157.639	157.671	157.603	157.613	989	0	21
2026.01.09	13:20:00	157.614	157.622	157.575	157.598	832	0	21
2026.01.09	13:40:00	157.598	157.601	157.555	157.565	947	0	21
2026.01.09	14:00:00	157.565	157.636	157.549	157.626	890	0	21
2026.01.09	14:20:00	157.626	157.698	157.626	157.68	1016	0	21
2026.01.09	14:40:00	157.681	157.684	157.631	157.638	1279	0	21
2026.01.09	15:00:00	157.636	157.636	157.549	157.559	1461	0	21
2026.01.09	15:20:00	157.559	157.808	157.396	157.574	4563	0	21
2026.01.09	15:40:00	157.573	157.575	157.358	157.478	4785	0	21
2026.01.09	16:00:00	157.478	157.951	157.359	157.86	5667	0	21
2026.01.09	16:20:00	157.867	157.976	157.776	157.938	4462	0	21
2026.01.09	16:40:00	157.937	158.041	157.904	157.909	3584	0	21
2026.01.09	17:00:00	157.917	158.173	157.806	158.143	4513	0	21
2026.01.09	17:20:00	158.144	158.174	157.952	158.01	3317	0	21
2026.01.09	17:40:00	158.006	158.009	157.833	157.858	3262	0	21
2026.01.09	18:00:00	157.859	157.981	157.819	157.955	1968	0	21
2026.01.09	18:20:00	157.954	158.119	157.953	158.074	1757	0	21
2026.01.09	18:40:00	158.075	158.097	158.039	158.066	1570	0	21
2026.01.09	19:00:00	158.065	158.094	157.995	158.04	1721	0	21
2026.01.09	19:20:00	158.045	158.059	157.978	158.033	1533	0	21
2026.01.09	19:40:00	158.034	158.057	157.985	158.041	1133	0	21
2026.01.09	20:00:00	158.042	158.056	157.965	157.965	1091	0	21
2026.01.09	20:20:00	157.965	157.969	157.86	157.871	1150	0	21
2026.01.09	20:40:00	157.87	157.914	157.851	157.904	1104	0	21
2026.01.09	21:00:00	157.904	157.912	157.854	157.855	1157	0	21
2026.01.09	21:20:00	157.857	157.892	157.821	157.888	843	0	21
2026.01.09	21:40:00	157.888	157.894	157.857	157.875	823	0	21
2026.01.09	22:00:00	157.874	157.899	157.866	157.874	553	0	21
2026.01.09	22:20:00	157.874	157.886	157.858	157.88	511	0	21
2026.01.09	22:40:00	157.88	157.892	157.846	157.873	676	0	21
2026.01.09	23:00:00	157.873	157.895	157.861	157.863	530	0	21
2026.01.09	23:20:00	157.863	157.922	157.845	157.921	322	0	21
2026.01.09	23:40:00	157.922	157.942	157.888	157.922	487	0	22
2026.01.12	00:00:00	158.072	158.092	157.985	157.996	95	0	55
2026.01.12	00:20:00	157.995	158.035	157.994	158.032	64	0	51
2026.01.12	00:40:00	158.031	158.039	158.022	158.039	60	0	42
2026.01.12	01:00:00	158.039	158.099	157.973	158.096	394	0	21
2026.01.12	01:20:00	158.097	158.172	158.09	158.104	506	0	21
2026.01.12	01:40:00	158.104	158.165	158.102	158.126	631	0	22
2026.01.12	02:00:00	158.125	158.194	157.897	157.933	2065	0	21
2026.01.12	02:20:00	157.933	157.94	157.652	157.668	2263	0	21
2026.01.12	02:40:00	157.669	157.68	157.544	157.565	2378	0	21
2026.01.12	03:00:00	157.564	157.66	157.505	157.613	2810	0	21
2026.01.12	03:20:00	157.612	157.737	157.525	157.713	2452	0	21
2026.01.12	03:40:00	157.713	157.743	157.67	157.737	1228	0	21
2026.01.12	04:00:00	157.736	157.785	157.656	157.785	1063	0	21
2026.01.12	04:20:00	157.784	157.909	157.774	157.861	1224	0	21
2026.01.12	04:40:00	157.86	158.064	157.846	158.039	1050	0	21
2026.01.12	05:00:00	158.037	158.037	157.931	157.982	822	0	21
2026.01.12	05:20:00	157.982	158.046	157.979	158.04	638	0	21
2026.01.12	05:40:00	158.041	158.109	158.015	158.108	705	0	21
2026.01.12	06:00:00	158.109	158.171	158.106	158.124	621	0	21
2026.01.12	06:20:00	158.123	158.155	158.106	158.139	425	0	21
2026.01.12	06:40:00	158.139	158.139	158.11	158.11	389	0	21
2026.01.12	07:00:00	158.109	158.139	158.053	158.068	698	0	21
2026.01.12	07:20:00	158.069	158.094	158.046	158.062	773	0	21
2026.01.12	07:40:00	158.063	158.068	157.985	157.992	796	0	21
2026.01.12	08:00:00	157.993	158.058	157.974	158.043	606	0	21
2026.01.12	08:20:00	158.043	158.044	157.95	158.012	874	0	21
2026.01.12	08:40:00	158.013	158.021	157.972	158.002	984	0	21
2026.01.12	09:00:00	158.003	158.021	157.817	157.893	1769	0	21
2026.01.12	09:20:00	157.894	157.913	157.79	157.807	1420	0	21
2026.01.12	09:40:00	157.807	157.863	157.796	157.836	1314	0	21
2026.01.12	10:00:00	157.834	157.84	157.708	157.798	1862	0	21
2026.01.12	10:20:00	157.798	157.85	157.684	157.706	1643	0	21
2026.01.12	10:40:00	157.705	157.775	157.663	157.766	1543	0	21
2026.01.12	11:00:00	157.765	157.821	157.716	157.729	1485	0	21
2026.01.12	11:20:00	157.729	157.863	157.71	157.863	1015	0	21
2026.01.12	11:40:00	157.863	157.89	157.818	157.883	916	0	21
2026.01.12	12:00:00	157.883	157.936	157.848	157.936	708	0	21
2026.01.12	12:20:00	157.935	157.951	157.889	157.916	1046	0	21
2026.01.12	12:40:00	157.916	157.924	157.821	157.839	925	0	21
2026.01.12	13:00:00	157.84	157.867	157.774	157.824	905	0	21
2026.01.12	13:20:00	157.824	157.916	157.813	157.911	592	0	21
2026.01.12	13:40:00	157.911	157.913	157.831	157.884	1067	0	21
2026.01.12	14:00:00	157.888	157.946	157.803	157.85	1085	0	21
2026.01.12	14:20:00	157.855	157.859	157.801	157.801	985	0	21
2026.01.12	14:40:00	157.803	157.89	157.8	157.845	1228	0	21
2026.01.12	15:00:00	157.844	157.886	157.714	157.77	1601	0	21
2026.01.12	15:20:00	157.769	157.816	157.738	157.788	1453	0	21
2026.01.12	15:40:00	157.789	157.839	157.696	157.831	1931	0	21
2026.01.12	16:00:00	157.832	157.933	157.822	157.925	2126	0	21
2026.01.12	16:20:00	157.928	158.036	157.902	157.961	2402	0	21
2026.01.12	16:40:00	157.961	157.997	157.915	157.929	2432	0	21
2026.01.12	17:00:00	157.929	157.965	157.89	157.897	1549	0	21
2026.01.12	17:20:00	157.898	157.927	157.842	157.868	1605	0	21
2026.01.12	17:40:00	157.868	157.965	157.858	157.962	1736	0	21
2026.01.12	18:00:00	157.963	158.073	157.934	158.033	1660	0	21
2026.01.12	18:20:00	158.035	158.132	158.033	158.079	1260	0	21
2026.01.12	18:40:00	158.079	158.144	158.04	158.143	945	0	21
2026.01.12	19:00:00	158.145	158.16	158.075	158.129	1271	0	21
2026.01.12	19:20:00	158.13	158.143	158.074	158.092	1027	0	21
2026.01.12	19:40:00	158.092	158.094	158.054	158.075	959	0	21
2026.01.12	20:00:00	158.074	158.121	158.041	158.08	948	0	21
2026.01.12	20:20:00	158.079	158.102	158.059	158.092	519	0	21
2026.01.12	20:40:00	158.093	158.134	158.079	158.121	424	0	21
2026.01.12	21:00:00	158.122	158.138	158.106	158.129	392	0	21
2026.01.12	21:20:00	158.129	158.129	158.082	158.097	712	0	21
2026.01.12	21:40:00	158.096	158.136	158.095	158.129	585	0	21
2026.01.12	22:00:00	158.129	158.137	158.103	158.121	463	0	21
2026.01.12	22:20:00	158.12	158.165	158.116	158.162	419	0	21
2026.01.12	22:40:00	158.163	158.189	158.149	158.174	878	0	21
2026.01.12	23:00:00	158.174	158.183	158.125	158.126	508	0	21
2026.01.12	23:20:00	158.126	158.158	158.112	158.114	299	0	21
2026.01.12	23:40:00	158.116	158.15	158.091	158.091	433	0	24
2026.01.13	00:00:00	158.093	158.102	157.995	158.058	57	0	69
2026.01.13	00:20:00	158.067	158.074	158.044	158.066	460	0	55
2026.01.13	00:40:00	158.066	158.096	158.045	158.059	1101	0	53
2026.01.13	01:00:00	158.049	158.164	158.049	158.135	448	0	22
2026.01.13	01:20:00	158.135	158.137	157.882	158.02	1311	0	21
2026.01.13	01:40:00	158.019	158.034	157.911	157.963	1136	0	21
2026.01.13	02:00:00	157.964	158.128	157.954	158.113	1352	0	21
2026.01.13	02:20:00	158.112	158.127	158.049	158.125	1013	0	21
2026.01.13	02:40:00	158.124	158.274	158.101	158.15	1868	0	21
2026.01.13	03:00:00	158.149	158.325	158.148	158.281	1539	0	21
2026.01.13	03:20:00	158.282	158.47	158.282	158.438	1430	0	21
2026.01.13	03:40:00	158.437	158.492	158.403	158.472	1070	0	21
2026.01.13	04:00:00	158.472	158.492	158.325	158.423	1212	0	21
2026.01.13	04:20:00	158.424	158.592	158.399	158.588	1199	0	21
2026.01.13	04:40:00	158.594	158.678	158.569	158.66	1154	0	21
2026.01.13	05:00:00	158.66	158.751	158.645	158.648	886	0	21
2026.01.13	05:20:00	158.647	158.735	158.632	158.724	681	0	21
2026.01.13	05:40:00	158.724	158.814	158.719	158.801	850	0	21
2026.01.13	06:00:00	158.802	158.899	158.78	158.82	1308	0	21
2026.01.13	06:20:00	158.821	158.821	158.621	158.737	2735	0	21
2026.01.13	06:40:00	158.736	158.831	158.69	158.709	1404	0	21
2026.01.13	07:00:00	158.708	158.817	158.694	158.741	1432	0	21
2026.01.13	07:20:00	158.74	158.762	158.704	158.749	859	0	21
2026.01.13	07:40:00	158.749	158.813	158.748	158.772	1086	0	21
2026.01.13	08:00:00	158.772	158.911	158.771	158.882	1524	0	21
2026.01.13	08:20:00	158.883	158.959	158.857	158.93	1184	0	21
2026.01.13	08:40:00	158.929	158.937	158.732	158.748	1183	0	21
2026.01.13	09:00:00	158.75	158.907	158.721	158.905	1650	0	21
2026.01.13	09:20:00	158.905	158.943	158.753	158.755	1342	0	21
2026.01.13	09:40:00	158.755	158.941	158.751	158.929	1686	0	21
2026.01.13	10:00:00	158.929	158.975	158.859	158.884	2132	0	21
2026.01.13	10:20:00	158.886	158.983	158.882	158.974	1801	0	21
2026.01.13	10:40:00	158.975	159.037	158.912	158.918	1337	0	21
2026.01.13	11:00:00	158.921	159.007	158.886	158.9	1148	0	21
2026.01.13	11:20:00	158.899	158.94	158.804	158.825	1218	0	21
2026.01.13	11:40:00	158.825	158.887	158.823	158.879	1164	0	21
2026.01.13	12:00:00	158.88	158.935	158.865	158.881	1538	0	21
2026.01.13	12:20:00	158.881	158.908	158.829	158.88	1438	0	21
2026.01.13	12:40:00	158.88	158.916	158.79	158.793	1022	0	21
2026.01.13	13:00:00	158.794	158.931	158.792	158.928	1123	0	21
2026.01.13	13:20:00	158.928	158.933	158.835	158.852	933	0	21
2026.01.13	13:40:00	158.853	158.885	158.829	158.845	881	0	21
2026.01.13	14:00:00	158.845	158.885	158.829	158.869	738	0	21
2026.01.13	14:20:00	158.87	158.916	158.859	158.916	806	0	21
2026.01.13	14:40:00	158.916	158.926	158.856	158.881	1251	0	21
2026.01.13	15:00:00	158.881	158.888	158.8	158.851	1345	0	21
2026.01.13	15:20:00	158.847	158.918	158.568	158.827	4212	0	21
2026.01.13	15:40:00	158.828	158.945	158.735	158.87	3774	0	21
2026.01.13	16:00:00	158.869	158.93	158.801	158.863	2497	0	21
2026.01.13	16:20:00	158.864	158.937	158.791	158.928	2575	0	21
2026.01.13	16:40:00	158.931	158.986	158.876	158.897	2734	0	21
2026.01.13	17:00:00	158.9	159.053	158.847	158.97	2973	0	21
2026.01.13	17:20:00	158.969	159.077	158.919	158.995	2379	0	21
2026.01.13	17:40:00	158.994	159.036	158.863	158.916	2731	0	21
2026.01.13	18:00:00	158.917	159.179	158.893	159.15	2845	0	21
2026.01.13	18:20:00	159.15	159.173	159.086	159.114	2008	0	21
2026.01.13	18:40:00	159.116	159.145	159.042	159.057	1538	0	21
2026.01.13	19:00:00	159.058	159.13	159.044	159.1	1187	0	21
2026.01.13	19:20:00	159.097	159.109	159.009	159.012	1031	0	21
2026.01.13	19:40:00	159.011	159.042	158.965	159.016	1146	0	21
2026.01.13	20:00:00	159.014	159.069	158.989	159.016	1085	0	21
2026.01.13	20:20:00	159.016	159.083	159.016	159.058	680	0	21
2026.01.13	20:40:00	159.058	159.059	159.015	159.031	813	0	21
2026.01.13	21:00:00	159.031	159.087	159.027	159.069	1061	0	21
2026.01.13	21:20:00	159.069	159.134	159.069	159.122	855	0	21
2026.01.13	21:40:00	159.121	159.131	159.098	159.104	689	0	21
2026.01.13	22:00:00	159.105	159.118	159.078	159.095	628	0	21
2026.01.13	22:20:00	159.096	159.148	159.089	159.13	659	0	21
2026.01.13	22:40:00	159.13	159.141	159.094	159.107	649	0	21
2026.01.13	23:00:00	159.108	159.146	159.1	159.129	387	0	21
2026.01.13	23:20:00	159.128	159.135	159.118	159.129	191	0	22
2026.01.13	23:40:00	159.13	159.162	159.093	159.093	352	0	21
2026.01.14	00:00:00	159.094	159.164	158.998	159.096	58	0	36
2026.01.14	00:20:00	159.096	159.101	159.016	159.087	288	0	58
2026.01.14	00:40:00	159.083	159.141	159.026	159.079	670	0	44
2026.01.14	01:00:00	159.075	159.171	159.075	159.126	385	0	21
2026.01.14	01:20:00	159.127	159.185	159.124	159.182	362	0	24
2026.01.14	01:40:00	159.182	159.191	159.138	159.186	623	0	21
2026.01.14	02:00:00	159.188	159.274	159.16	159.16	1230	0	21
2026.01.14	02:20:00	159.161	159.17	159.083	159.123	1409	0	21
2026.01.14	02:40:00	159.123	159.213	159.112	159.184	1885	0	21
2026.01.14	03:00:00	159.184	159.415	159.183	159.407	1835	0	21
2026.01.14	03:20:00	159.406	159.442	159.35	159.358	950	0	21
2026.01.14	03:40:00	159.356	159.369	159.276	159.327	982	0	21
2026.01.14	04:00:00	159.326	159.381	159.28	159.316	1279	0	21
2026.01.14	04:20:00	159.315	159.336	159.203	159.256	1177	0	21
2026.01.14	04:40:00	159.257	159.304	159.17	159.195	1036	0	21
2026.01.14	05:00:00	159.194	159.195	159.078	159.15	885	0	21
2026.01.14	05:20:00	159.15	159.191	159.098	159.104	607	0	21
2026.01.14	05:40:00	159.103	159.157	159.071	159.15	932	0	21
2026.01.14	06:00:00	159.152	159.194	159.115	159.18	615	0	21
2026.01.14	06:20:00	159.18	159.221	159.169	159.189	706	0	21
2026.01.14	06:40:00	159.188	159.232	159.176	159.193	616	0	21
2026.01.14	07:00:00	159.193	159.258	159.153	159.255	593	0	21
2026.01.14	07:20:00	159.256	159.315	159.245	159.287	693	0	21
2026.01.14	07:40:00	159.288	159.329	159.265	159.325	758	0	21
2026.01.14	08:00:00	159.323	159.339	159.219	159.27	910	0	21
2026.01.14	08:20:00	159.27	159.328	159.259	159.289	932	0	21
2026.01.14	08:40:00	159.289	159.289	159.123	159.131	1349	0	21
2026.01.14	09:00:00	159.132	159.185	159.101	159.129	1271	0	21
2026.01.14	09:20:00	159.13	159.173	159.103	159.152	1237	0	21
2026.01.14	09:40:00	159.152	159.176	159.095	159.165	922	0	21
2026.01.14	10:00:00	159.164	159.181	159.002	159.134	2325	0	21
2026.01.14	10:20:00	159.133	159.143	158.853	159.028	2807	0	21
2026.01.14	10:40:00	159.03	159.075	158.891	158.918	3180	0	21
2026.01.14	11:00:00	158.917	158.936	158.743	158.753	2334	0	21
2026.01.14	11:20:00	158.752	158.855	158.661	158.855	2204	0	21
2026.01.14	11:40:00	158.854	158.877	158.714	158.749	1821	0	21
2026.01.14	12:00:00	158.751	158.803	158.679	158.726	1706	0	21
2026.01.14	12:20:00	158.726	158.778	158.624	158.638	1770	0	21
2026.01.14	12:40:00	158.637	158.681	158.571	158.673	2123	0	21
2026.01.14	13:00:00	158.674	158.76	158.635	158.737	1516	0	21
2026.01.14	13:20:00	158.736	158.764	158.722	158.733	954	0	21
2026.01.14	13:40:00	158.732	158.811	158.56	158.702	1138	0	21
2026.01.14	14:00:00	158.701	158.702	158.139	158.635	3898	0	21
2026.01.14	14:20:00	158.635	158.707	158.517	158.609	1752	0	21
2026.01.14	14:40:00	158.608	158.638	158.52	158.547	2121	0	21
2026.01.14	15:00:00	158.548	158.637	158.492	158.595	2168	0	21
2026.01.14	15:20:00	158.595	158.73	158.528	158.586	2319	0	21
2026.01.14	15:40:00	158.586	158.636	158.51	158.586	2083	0	21
2026.01.14	16:00:00	158.586	158.661	158.229	158.286	3146	0	21
2026.01.14	16:20:00	158.287	158.343	158.191	158.264	4001	0	21
2026.01.14	16:40:00	158.264	158.268	158.146	158.203	4027	0	21
2026.01.14	17:00:00	158.196	158.403	158.196	158.299	4449	0	21
2026.01.14	17:20:00	158.298	158.379	158.21	158.226	2495	0	21
2026.01.14	17:40:00	158.225	158.267	158.094	158.113	2142	0	21
2026.01.14	18:00:00	158.113	158.188	158.091	158.169	1437	0	21
2026.01.14	18:20:00	158.172	158.274	158.154	158.189	1776	0	21
2026.01.14	18:40:00	158.188	158.19	158.11	158.125	1804	0	21
2026.01.14	19:00:00	158.124	158.242	158.111	158.22	1300	0	21
2026.01.14	19:20:00	158.221	158.3	158.214	158.29	1158	0	21
2026.01.14	19:40:00	158.29	158.331	158.275	158.29	866	0	21
2026.01.14	20:00:00	158.29	158.397	158.29	158.388	758	0	21
2026.01.14	20:20:00	158.388	158.403	158.299	158.326	1100	0	21
2026.01.14	20:40:00	158.325	158.453	158.31	158.453	931	0	21
2026.01.14	21:00:00	158.456	158.466	158.411	158.452	1054	0	21
2026.01.14	21:20:00	158.455	158.482	158.436	158.462	813	0	21
2026.01.14	21:40:00	158.463	158.508	158.446	158.493	922	0	21
2026.01.14	22:00:00	158.492	158.559	158.448	158.53	1848	0	21
2026.01.14	22:20:00	158.529	158.546	158.486	158.512	1018	0	21
2026.01.14	22:40:00	158.513	158.586	158.506	158.579	1292	0	21
2026.01.14	23:00:00	158.578	158.587	158.52	158.535	560	0	21
2026.01.14	23:20:00	158.536	158.548	158.501	158.502	381	0	21
2026.01.14	23:40:00	158.501	158.508	158.38	158.38	831	0	21
2026.01.15	00:00:00	158.365	158.383	158.324	158.351	72	0	70
2026.01.15	00:20:00	158.351	158.384	158.188	158.197	412	0	44
2026.01.15	00:40:00	158.199	158.266	158.181	158.247	432	0	62
2026.01.15	01:00:00	158.246	158.287	158.236	158.282	349	0	22
2026.01.15	01:20:00	158.285	158.394	158.268	158.393	469	0	23
2026.01.15	01:40:00	158.392	158.419	158.346	158.408	1029	0	21
2026.01.15	02:00:00	158.41	158.546	158.41	158.467	1464	0	21
2026.01.15	02:20:00	158.467	158.555	158.429	158.53	1262	0	21
2026.01.15	02:40:00	158.531	158.564	158.37	158.398	2378	0	21
2026.01.15	03:00:00	158.4	158.421	158.301	158.361	2085	0	21
2026.01.15	03:20:00	158.363	158.425	158.3	158.301	1722	0	21
2026.01.15	03:40:00	158.301	158.343	158.217	158.342	1887	0	21
2026.01.15	04:00:00	158.343	158.383	158.299	158.349	1362	0	21
2026.01.15	04:20:00	158.349	158.481	158.338	158.47	1042	0	21
2026.01.15	04:40:00	158.47	158.533	158.456	158.509	1420	0	21
2026.01.15	05:00:00	158.509	158.631	158.483	158.592	1006	0	21
2026.01.15	05:20:00	158.592	158.6	158.525	158.556	1023	0	21
2026.01.15	05:40:00	158.555	158.563	158.497	158.502	1044	0	21
2026.01.15	06:00:00	158.502	158.531	158.466	158.528	527	0	21
2026.01.15	06:20:00	158.528	158.621	158.521	158.541	638	0	21
2026.01.15	06:40:00	158.541	158.635	158.536	158.581	746	0	21
2026.01.15	07:00:00	158.582	158.604	158.48	158.494	1181	0	21
2026.01.15	07:20:00	158.493	158.519	158.474	158.494	721	0	21
2026.01.15	07:40:00	158.495	158.531	158.369	158.421	985	0	21
2026.01.15	08:00:00	158.417	158.535	158.387	158.535	1492	0	21
2026.01.15	08:20:00	158.536	158.586	158.496	158.573	1238	0	21
2026.01.15	08:40:00	158.573	158.64	158.558	158.601	1155	0	21
2026.01.15	09:00:00	158.602	158.683	158.539	158.646	1788	0	21
2026.01.15	09:20:00	158.647	158.72	158.494	158.524	1799	0	21
2026.01.15	09:40:00	158.525	158.571	158.441	158.569	1504	0	21
2026.01.15	10:00:00	158.57	158.691	158.528	158.667	2009	0	21
2026.01.15	10:20:00	158.668	158.693	158.563	158.605	1658	0	21
2026.01.15	10:40:00	158.604	158.702	158.6	158.678	1712	0	21
2026.01.15	11:00:00	158.679	158.689	158.315	158.469	2421	0	21
2026.01.15	11:20:00	158.469	158.533	158.329	158.392	2180	0	21
2026.01.15	11:40:00	158.392	158.428	158.29	158.387	1380	0	21
2026.01.15	12:00:00	158.385	158.424	158.334	158.408	1268	0	21
2026.01.15	12:20:00	158.407	158.46	158.395	158.423	1172	0	21
2026.01.15	12:40:00	158.424	158.46	158.406	158.454	1175	0	21
2026.01.15	13:00:00	158.454	158.489	158.423	158.48	939	0	21
2026.01.15	13:20:00	158.48	158.5	158.451	158.479	838	0	21
2026.01.15	13:40:00	158.478	158.555	158.478	158.555	798	0	21
2026.01.15	14:00:00	158.558	158.584	158.529	158.537	868	0	21
2026.01.15	14:20:00	158.539	158.55	158.478	158.546	717	0	21
2026.01.15	14:40:00	158.546	158.593	158.514	158.585	1458	0	21
2026.01.15	15:00:00	158.586	158.622	158.542	158.578	1571	0	21
2026.01.15	15:20:00	158.577	158.766	158.542	158.76	2555	0	21
2026.01.15	15:40:00	158.761	158.843	158.715	158.817	2316	0	21
2026.01.15	16:00:00	158.815	158.867	158.683	158.688	1980	0	21
2026.01.15	16:20:00	158.689	158.77	158.635	158.767	2198	0	21
2026.01.15	16:40:00	158.766	158.84	158.688	158.728	2263	0	21
2026.01.15	17:00:00	158.728	158.731	158.615	158.629	1762	0	21
2026.01.15	17:20:00	158.629	158.653	158.5	158.555	2252	0	21
2026.01.15	17:40:00	158.555	158.576	158.463	158.526	1992	0	21
2026.01.15	18:00:00	158.525	158.558	158.466	158.492	1577	0	21
2026.01.15	18:20:00	158.491	158.495	158.402	158.46	1237	0	21
2026.01.15	18:40:00	158.461	158.532	158.454	158.488	1236	0	21
2026.01.15	19:00:00	158.489	158.511	158.435	158.448	990	0	21
2026.01.15	19:20:00	158.449	158.49	158.446	158.458	1018	0	21
2026.01.15	19:40:00	158.457	158.527	158.456	158.497	911	0	21
2026.01.15	20:00:00	158.497	158.511	158.464	158.495	1055	0	21
2026.01.15	20:20:00	158.494	158.505	158.466	158.481	923	0	21
2026.01.15	20:40:00	158.48	158.494	158.469	158.481	616	0	21
2026.01.15	21:00:00	158.48	158.525	158.468	158.476	1006	0	21
2026.01.15	21:20:00	158.477	158.528	158.452	158.527	883	0	21
2026.01.15	21:40:00	158.528	158.549	158.514	158.516	900	0	21
2026.01.15	22:00:00	158.515	158.552	158.502	158.551	724	0	21
2026.01.15	22:20:00	158.552	158.61	158.544	158.605	1003	0	21
2026.01.15	22:40:00	158.601	158.635	158.578	158.63	750	0	21
2026.01.15	23:00:00	158.63	158.663	158.617	158.653	398	0	21
2026.01.15	23:20:00	158.652	158.652	158.594	158.62	512	0	21
2026.01.15	23:40:00	158.619	158.642	158.567	158.567	603	0	21
2026.01.16	00:00:00	158.558	158.576	158.544	158.566	45	0	105
2026.01.16	00:20:00	158.566	158.581	158.546	158.579	81	0	67
2026.01.16	00:40:00	158.578	158.604	158.554	158.601	472	0	58
2026.01.16	01:00:00	158.601	158.66	158.557	158.627	337	0	21
2026.01.16	01:20:00	158.627	158.657	158.614	158.629	522	0	23
2026.01.16	01:40:00	158.634	158.64	158.552	158.579	534	0	21
2026.01.16	02:00:00	158.579	158.587	158.507	158.569	1067	0	21
2026.01.16	02:20:00	158.569	158.598	158.528	158.53	751	0	21
2026.01.16	02:40:00	158.53	158.695	158.528	158.643	1721	0	21
2026.01.16	03:00:00	158.642	158.671	158.493	158.5	1352	0	21
2026.01.16	03:20:00	158.501	158.528	158.461	158.496	1026	0	21
2026.01.16	03:40:00	158.496	158.599	158.495	158.586	964	0	21
2026.01.16	04:00:00	158.587	158.62	158.408	158.461	1188	0	21
2026.01.16	04:20:00	158.462	158.468	158.177	158.192	2060	0	21
2026.01.16	04:40:00	158.193	158.331	157.951	158.293	2675	0	21
2026.01.16	05:00:00	158.29	158.299	158.125	158.192	1509	0	21
2026.01.16	05:20:00	158.193	158.255	158.145	158.145	825	0	21
2026.01.16	05:40:00	158.144	158.184	158.097	158.097	890	0	21
2026.01.16	06:00:00	158.095	158.242	158.088	158.24	942	0	21
2026.01.16	06:20:00	158.24	158.241	158.15	158.22	610	0	21
2026.01.16	06:40:00	158.219	158.28	158.205	158.265	614	0	21
2026.01.16	07:00:00	158.266	158.295	158.236	158.281	545	0	21
2026.01.16	07:20:00	158.282	158.283	158.214	158.253	633	0	21
2026.01.16	07:40:00	158.253	158.369	158.237	158.366	708	0	21
2026.01.16	08:00:00	158.367	158.398	158.325	158.389	802	0	21
2026.01.16	08:20:00	158.385	158.425	158.366	158.41	820	0	21
2026.01.16	08:40:00	158.411	158.439	158.335	158.375	728	0	21
2026.01.16	09:00:00	158.376	158.392	158.264	158.289	1183	0	21
2026.01.16	09:20:00	158.289	158.29	158.149	158.217	2005	0	21
2026.01.16	09:40:00	158.217	158.223	158.087	158.155	2380	0	21
2026.01.16	10:00:00	158.156	158.243	158.107	158.167	2030	0	21
2026.01.16	10:20:00	158.168	158.202	158.0	158.059	2124	0	21
2026.01.16	10:40:00	158.058	158.219	158.049	158.199	1424	0	21
2026.01.16	11:00:00	158.198	158.202	158.068	158.132	1212	0	21
2026.01.16	11:20:00	158.132	158.155	158.063	158.131	1452	0	21
2026.01.16	11:40:00	158.132	158.191	158.073	158.183	1356	0	21
2026.01.16	12:00:00	158.184	158.208	158.122	158.132	1467	0	21
2026.01.16	12:20:00	158.131	158.145	158.066	158.094	1308	0	21
2026.01.16	12:40:00	158.095	158.136	158.08	158.113	889	0	21
2026.01.16	13:00:00	158.113	158.142	158.049	158.092	1235	0	21
2026.01.16	13:20:00	158.092	158.115	158.053	158.053	1043	0	21
2026.01.16	13:40:00	158.055	158.086	158.039	158.083	942	0	21
2026.01.16	14:00:00	158.082	158.16	158.064	158.135	1372	0	21
2026.01.16	14:20:00	158.135	158.214	158.123	158.149	1259	0	21
2026.01.16	14:40:00	158.149	158.185	158.125	158.14	1246	0	21
2026.01.16	15:00:00	158.141	158.142	158.052	158.055	1480	0	21
2026.01.16	15:20:00	158.055	158.123	158.025	158.029	1629	0	21
2026.01.16	15:40:00	158.03	158.049	157.932	158.009	1215	0	21
2026.01.16	16:00:00	158.009	158.093	157.987	158.052	1122	0	21
2026.01.16	16:20:00	158.052	158.107	157.986	158.008	1537	0	21
2026.01.16	16:40:00	158.008	158.043	157.831	157.897	1752	0	21
2026.01.16	17:00:00	157.896	157.999	157.81	157.973	2286	0	21
2026.01.16	17:20:00	157.967	158.115	157.874	158.114	4039	0	21
2026.01.16	17:40:00	158.113	158.255	157.994	158.052	3332	0	21
2026.01.16	18:00:00	158.053	158.086	157.924	158.03	2580	0	21
2026.01.16	18:20:00	158.03	158.09	157.991	158.055	1795	0	21
2026.01.16	18:40:00	158.055	158.055	157.96	158.011	1461	0	21
2026.01.16	19:00:00	158.012	158.086	158.009	158.086	1286	0	21
2026.01.16	19:20:00	158.084	158.114	158.068	158.081	679	0	21
2026.01.16	19:40:00	158.08	158.149	158.079	158.13	853	0	21
2026.01.16	20:00:00	158.131	158.214	158.127	158.212	788	0	21
2026.01.16	20:20:00	158.212	158.231	158.163	158.163	799	0	21
2026.01.16	20:40:00	158.164	158.168	158.116	158.168	659	0	21
2026.01.16	21:00:00	158.168	158.2	158.16	158.191	730	0	21
2026.01.16	21:20:00	158.19	158.191	158.135	158.145	492	0	21
2026.01.16	21:40:00	158.146	158.151	158.09	158.111	542	0	21
2026.01.16	22:00:00	158.11	158.111	158.054	158.065	557	0	21
2026.01.16	22:20:00	158.064	158.077	158.028	158.055	621	0	21
2026.01.16	22:40:00	158.055	158.083	158.031	158.066	500	0	21
2026.01.16	23:00:00	158.067	158.105	158.052	158.095	407	0	21
2026.01.16	23:20:00	158.095	158.097	158.057	158.097	213	0	21
2026.01.16	23:40:00	158.095	158.126	158.065	158.085	1011	0	24
2026.01.19	00:00:00	157.883	157.935	157.769	157.935	146	0	37
2026.01.19	00:20:00	157.935	157.954	157.836	157.857	733	0	37
2026.01.19	00:40:00	157.864	157.875	157.789	157.833	579	0	39
2026.01.19	01:00:00	157.833	157.834	157.628	157.673	2443	0	21
2026.01.19	01:20:00	157.671	157.709	157.574	157.607	2324	0	21
2026.01.19	01:40:00	157.608	157.611	157.488	157.539	2211	0	21
2026.01.19	02:00:00	157.54	157.867	157.505	157.696	2873	0	21
2026.01.19	02:20:00	157.695	157.717	157.539	157.584	2848	0	21
2026.01.19	02:40:00	157.583	157.594	157.434	157.463	2586	0	21
2026.01.19	03:00:00	157.462	157.609	157.425	157.444	2568	0	21
2026.01.19	03:20:00	157.445	157.55	157.413	157.535	2105	0	21
2026.01.19	03:40:00	157.535	157.687	157.531	157.673	1363	0	21
2026.01.19	04:00:00	157.674	157.816	157.672	157.799	1566	0	21
2026.01.19	04:20:00	157.799	157.877	157.751	157.84	928	0	21
2026.01.19	04:40:00	157.841	157.917	157.84	157.853	927	0	21
2026.01.19	05:00:00	157.855	157.935	157.823	157.869	1067	0	21
2026.01.19	05:20:00	157.868	157.903	157.8	157.903	1522	0	21
2026.01.19	05:40:00	157.902	157.915	157.851	157.869	1003	0	21
2026.01.19	06:00:00	157.87	157.906	157.812	157.88	760	0	21
2026.01.19	06:20:00	157.88	157.884	157.827	157.857	661	0	21
2026.01.19	06:40:00	157.855	157.868	157.811	157.816	1021	0	21
2026.01.19	07:00:00	157.813	157.82	157.743	157.79	879	0	21
2026.01.19	07:20:00	157.789	157.883	157.749	157.882	712	0	21
2026.01.19	07:40:00	157.881	157.938	157.88	157.889	1033	0	21
2026.01.19	08:00:00	157.888	157.926	157.824	157.838	711	0	21
2026.01.19	08:20:00	157.839	157.911	157.837	157.87	1095	0	21
2026.01.19	08:40:00	157.869	157.881	157.779	157.802	855	0	21
2026.01.19	09:00:00	157.801	157.842	157.733	157.789	1752	0	21
2026.01.19	09:20:00	157.79	157.971	157.79	157.969	1510	0	21
2026.01.19	09:40:00	157.968	158.111	157.968	158.066	1566	0	21
2026.01.19	10:00:00	158.067	158.139	157.998	158.062	2019	0	21
2026.01.19	10:20:00	158.062	158.117	157.994	158.041	1560	0	21
2026.01.19	10:40:00	158.038	158.046	157.987	158.014	1260	0	21
2026.01.19	11:00:00	158.014	158.145	157.931	158.014	2605	0	21
2026.01.19	11:20:00	158.019	158.154	158.017	158.067	2712	0	21
2026.01.19	11:40:00	158.071	158.087	157.848	157.913	2295	0	21
2026.01.19	12:00:00	157.914	157.981	157.883	157.923	1503	0	21
2026.01.19	12:20:00	157.924	157.935	157.852	157.866	1055	0	21
2026.01.19	12:40:00	157.866	157.885	157.815	157.873	938	0	21
2026.01.19	13:00:00	157.873	158.019	157.871	158.016	1034	0	21
2026.01.19	13:20:00	158.017	158.066	157.955	158.057	1040	0	21
2026.01.19	13:40:00	158.057	158.095	158.018	158.029	984	0	21
2026.01.19	14:00:00	158.028	158.05	157.92	157.945	1207	0	21
2026.01.19	14:20:00	157.946	157.968	157.907	157.942	921	0	21
2026.01.19	14:40:00	157.942	158.014	157.932	158.009	835	0	21
2026.01.19	15:00:00	158.008	158.018	157.92	157.921	972	0	21
2026.01.19	15:20:00	157.921	157.94	157.867	157.895	761	0	21
2026.01.19	15:40:00	157.895	157.935	157.866	157.908	720	0	21
2026.01.19	16:00:00	157.912	157.937	157.871	157.871	1072	0	21
2026.01.19	16:20:00	157.871	157.921	157.864	157.896	656	0	21
2026.01.19	16:40:00	157.894	157.936	157.853	157.89	1102	0	21
2026.01.19	17:00:00	157.893	157.909	157.85	157.893	1197	0	21
2026.01.19	17:20:00	157.894	158.014	157.889	158.005	1332	0	21
2026.01.19	17:40:00	158.006	158.068	157.994	158.05	2000	0	21
2026.01.19	18:00:00	158.05	158.126	158.027	158.103	1568	0	21
2026.01.19	18:20:00	158.104	158.117	158.07	158.101	795	0	21
2026.01.19	18:40:00	158.102	158.125	158.053	158.064	564	0	21
2026.01.19	19:00:00	158.058	158.095	158.051	158.075	400	0	21
2026.01.19	19:20:00	158.076	158.08	158.028	158.033	626	0	21
2026.01.19	19:40:00	158.034	158.047	157.999	158.021	439	0	21
2026.01.19	20:00:00	158.019	158.021	157.994	158.013	412	0	21
2026.01.19	20:20:00	158.012	158.047	157.998	158.041	242	0	21
2026.01.19	20:40:00	158.041	158.063	158.039	158.062	207	0	21
2026.01.19	21:00:00	158.063	158.093	158.063	158.09	195	0	21
2026.01.19	21:20:00	158.093	158.102	158.066	158.068	122	0	21
2026.01.19	21:40:00	158.067	158.083	158.067	158.07	178	0	22
2026.01.19	22:00:00	158.07	158.132	158.068	158.13	260	0	22
2026.01.19	22:20:00	158.13	158.143	158.108	158.113	153	0	21
2026.01.19	22:40:00	158.113	158.121	158.107	158.114	99	0	23
2026.01.19	23:00:00	158.115	158.129	158.112	158.129	119	0	24
2026.01.19	23:20:00	158.128	158.128	158.092	158.106	153	0	23
2026.01.19	23:40:00	158.106	158.125	158.056	158.056	140	0	25
2026.01.20	00:00:00	158.059	158.09	157.982	158.056	58	0	71
2026.01.20	00:20:00	158.056	158.082	158.025	158.08	112	0	52
2026.01.20	00:40:00	158.078	158.09	158.073	158.076	128	0	48
2026.01.20	01:00:00	158.075	158.178	158.073	158.169	367	0	21
2026.01.20	01:20:00	158.167	158.213	158.154	158.198	285	0	21
2026.01.20	01:40:00	158.198	158.212	158.152	158.153	418	0	21
2026.01.20	02:00:00	158.153	158.27	158.131	158.168	1445	0	21
2026.01.20	02:20:00	158.168	158.232	158.095	158.213	1477	0	21
2026.01.20	02:40:00	158.214	158.249	157.89	157.928	2529	0	21
2026.01.20	03:00:00	157.926	158.01	157.838	158.01	2720	0	21
2026.01.20	03:20:00	158.01	158.142	158.009	158.118	1787	0	21
2026.01.20	03:40:00	158.118	158.181	157.919	157.938	1586	0	21
2026.01.20	04:00:00	157.937	158.067	157.931	157.97	1137	0	21
2026.01.20	04:20:00	157.969	158.047	157.937	158.006	944	0	21
2026.01.20	04:40:00	158.008	158.05	157.975	158.021	989	0	21
2026.01.20	05:00:00	158.02	158.021	157.939	157.962	768	0	21
2026.01.20	05:20:00	157.963	157.964	157.894	157.934	817	0	21
2026.01.20	05:40:00	157.935	157.991	157.9	157.961	794	0	21
2026.01.20	06:00:00	157.957	157.984	157.901	157.945	637	0	21
2026.01.20	06:20:00	157.945	158.024	157.884	158.011	1244	0	21
2026.01.20	06:40:00	158.01	158.092	157.986	158.02	1205	0	21
2026.01.20	07:00:00	158.019	158.061	157.94	157.99	1294	0	21
2026.01.20	07:20:00	157.991	158.087	157.991	158.07	909	0	21
2026.01.20	07:40:00	158.069	158.113	158.041	158.091	1111	0	21
2026.01.20	08:00:00	158.088	158.234	158.087	158.215	1441	0	21
2026.01.20	08:20:00	158.216	158.456	158.216	158.4	2310	0	21
2026.01.20	08:40:00	158.398	158.455	158.374	158.404	1457	0	21
2026.01.20	09:00:00	158.412	158.59	158.411	158.46	2395	0	21
2026.01.20	09:20:00	158.459	158.516	158.294	158.298	2623	0	21
2026.01.20	09:40:00	158.299	158.41	158.296	158.36	3144	0	21
2026.01.20	10:00:00	158.359	158.384	158.112	158.195	3340	0	21
2026.01.20	10:20:00	158.195	158.201	157.809	157.86	3439	0	21
2026.01.20	10:40:00	157.861	157.885	157.735	157.804	3967	0	21
2026.01.20	11:00:00	157.804	157.805	157.57	157.757	3950	0	21
2026.01.20	11:20:00	157.758	157.771	157.545	157.591	3114	0	21
2026.01.20	11:40:00	157.59	157.761	157.554	157.72	2443	0	21
2026.01.20	12:00:00	157.72	157.892	157.685	157.86	2926	0	21
2026.01.20	12:20:00	157.861	157.929	157.838	157.895	2105	0	21
2026.01.20	12:40:00	157.895	157.905	157.789	157.798	1725	0	21
2026.01.20	13:00:00	157.797	157.903	157.779	157.868	1862	0	21
2026.01.20	13:20:00	157.867	157.89	157.805	157.825	1960	0	21
2026.01.20	13:40:00	157.83	157.851	157.675	157.738	2004	0	21
2026.01.20	14:00:00	157.738	157.79	157.674	157.691	1876	0	21
2026.01.20	14:20:00	157.692	157.824	157.644	157.804	1901	0	21
2026.01.20	14:40:00	157.805	157.883	157.793	157.851	2124	0	21
2026.01.20	15:00:00	157.852	157.892	157.773	157.774	1997	0	21
2026.01.20	15:20:00	157.773	157.959	157.456	157.808	4291	0	21
2026.01.20	15:40:00	157.806	157.881	157.736	157.831	4363	0	21
2026.01.20	16:00:00	157.83	158.026	157.726	157.818	4895	0	21
2026.01.20	16:20:00	157.817	158.032	157.76	157.948	4256	0	21
2026.01.20	16:40:00	157.947	158.069	157.901	158.026	3514	0	21
2026.01.20	17:00:00	158.025	158.098	157.937	158.007	3087	0	21
2026.01.20	17:20:00	158.008	158.046	157.948	157.959	2308	0	21
2026.01.20	17:40:00	157.958	157.98	157.839	157.914	2397	0	21
2026.01.20	18:00:00	157.915	157.95	157.849	157.875	1585	0	21
2026.01.20	18:20:00	157.874	158.064	157.844	158.036	1428	0	21
2026.01.20	18:40:00	158.035	158.037	157.876	157.882	1312	0	21
2026.01.20	19:00:00	157.883	157.921	157.845	157.897	1400	0	21
2026.01.20	19:20:00	157.898	157.977	157.885	157.911	1072	0	21
2026.01.20	19:40:00	157.911	157.961	157.883	157.944	985	0	21
2026.01.20	20:00:00	157.944	157.993	157.939	157.964	1013	0	21
2026.01.20	20:20:00	157.964	158.046	157.96	158.007	875	0	21
2026.01.20	20:40:00	158.008	158.045	157.96	158.04	932	0	21
2026.01.20	21:00:00	158.04	158.139	158.033	158.096	1129	0	21
2026.01.20	21:20:00	158.097	158.139	158.074	158.131	883	0	21
2026.01.20	21:40:00	158.131	158.288	158.131	158.277	1403	0	21
2026.01.20	22:00:00	158.278	158.279	158.189	158.253	1388	0	21
2026.01.20	22:20:00	158.252	158.266	158.176	158.217	1387	0	21
2026.01.20	22:40:00	158.218	158.232	158.185	158.196	1308	0	21
2026.01.20	23:00:00	158.197	158.22	158.175	158.183	809	0	23
2026.01.20	23:20:00	158.183	158.193	158.14	158.164	462	0	23
2026.01.20	23:40:00	158.163	158.176	158.123	158.123	791	0	25
2026.01.21	00:00:00	158.118	158.118	158.093	158.107	76	0	50
2026.01.21	00:20:00	158.106	158.119	158.096	158.11	70	0	52
2026.01.21	00:40:00	158.131	158.142	158.099	158.129	156	0	53
2026.01.21	01:00:00	158.129	158.195	158.095	158.183	668	0	21
2026.01.21	01:20:00	158.179	158.192	158.124	158.143	483	0	21
2026.01.21	01:40:00	158.146	158.171	158.028	158.141	981	0	21
2026.01.21	02:00:00	158.143	158.268	158.126	158.239	1888	0	21
2026.01.21	02:20:00	158.243	158.243	158.14	158.184	1167	0	21
2026.01.21	02:40:00	158.185	158.255	158.101	158.102	2093	0	21
2026.01.21	03:00:00	158.101	158.162	158.019	158.107	2384	0	21
2026.01.21	03:20:00	158.107	158.107	157.848	157.873	1943	0	21
2026.01.21	03:40:00	157.873	157.96	157.846	157.948	1565	0	21
2026.01.21	04:00:00	157.949	158.066	157.948	157.981	1251	0	21
2026.01.21	04:20:00	157.98	158.018	157.892	157.904	1056	0	21
2026.01.21	04:40:00	157.905	157.944	157.877	157.905	924	0	21
2026.01.21	05:00:00	157.905	158.069	157.879	158.053	1224	0	21
2026.01.21	05:20:00	158.054	158.14	158.038	158.08	1253	0	21
2026.01.21	05:40:00	158.079	158.095	158.05	158.076	768	0	21
2026.01.21	06:00:00	158.077	158.082	157.984	158.015	1143	0	21
2026.01.21	06:20:00	158.017	158.07	157.989	158.054	640	0	21
2026.01.21	06:40:00	158.054	158.119	158.014	158.026	813	0	21
2026.01.21	07:00:00	158.025	158.134	158.024	158.119	1228	0	21
2026.01.21	07:20:00	158.118	158.205	158.118	158.175	1268	0	21
2026.01.21	07:40:00	158.168	158.228	158.143	158.195	849	0	21
2026.01.21	08:00:00	158.194	158.246	158.149	158.151	1146	0	21
2026.01.21	08:20:00	158.152	158.175	158.085	158.09	1153	0	21
2026.01.21	08:40:00	158.09	158.159	158.074	158.132	1073	0	21
2026.01.21	09:00:00	158.133	158.155	158.027	158.03	1415	0	21
2026.01.21	09:20:00	158.031	158.047	157.97	158.04	1409	0	21
2026.01.21	09:40:00	158.04	158.041	157.864	157.915	1478	0	21
2026.01.21	10:00:00	157.915	157.977	157.819	157.823	1896	0	21
2026.01.21	10:20:00	157.822	157.94	157.809	157.892	1464	0	21
2026.01.21	10:40:00	157.892	157.909	157.832	157.86	1296	0	21
2026.01.21	11:00:00	157.861	157.944	157.821	157.916	1222	0	21
2026.01.21	11:20:00	157.915	157.946	157.858	157.935	1141	0	21
2026.01.21	11:40:00	157.935	158.027	157.93	157.993	1241	0	21
2026.01.21	12:00:00	157.994	158.073	157.978	158.036	1528	0	21
2026.01.21	12:20:00	158.035	158.075	158.01	158.062	1041	0	21
2026.01.21	12:40:00	158.061	158.07	157.986	158.011	1323	0	21
2026.01.21	13:00:00	158.011	158.065	157.981	158.034	1159	0	21
2026.01.21	13:20:00	158.034	158.034	157.912	157.913	1186	0	21
2026.01.21	13:40:00	157.912	157.955	157.904	157.904	1322	0	21
2026.01.21	14:00:00	157.9	157.917	157.819	157.879	1386	0	21
2026.01.21	14:20:00	157.878	157.929	157.797	157.797	1300	0	21
2026.01.21	14:40:00	157.791	157.801	157.735	157.784	1342	0	21
2026.01.21	15:00:00	157.782	157.859	157.749	157.856	1177	0	21
2026.01.21	15:20:00	157.858	157.93	157.847	157.891	1625	0	21
2026.01.21	15:40:00	157.891	157.913	157.808	157.875	2470	0	21
2026.01.21	16:00:00	157.877	158.08	157.863	158.01	4845	0	21
2026.01.21	16:20:00	158.01	158.086	157.955	158.04	3800	0	21
2026.01.21	16:40:00	158.048	158.138	158.043	158.1	3041	0	21
2026.01.21	17:00:00	158.099	158.205	158.05	158.196	3109	0	21
2026.01.21	17:20:00	158.196	158.299	158.196	158.251	2726	0	21
2026.01.21	17:40:00	158.25	158.279	158.145	158.204	2647	0	21
2026.01.21	18:00:00	158.206	158.248	158.128	158.176	2462	0	21
2026.01.21	18:20:00	158.177	158.203	158.098	158.1	1743	0	21
2026.01.21	18:40:00	158.101	158.202	158.058	158.157	2363	0	21
2026.01.21	19:00:00	158.157	158.194	158.063	158.088	2235	0	21
2026.01.21	19:20:00	158.088	158.203	158.027	158.153	1574	0	21
2026.01.21	19:40:00	158.152	158.19	158.125	158.131	1226	0	21
2026.01.21	20:00:00	158.131	158.192	158.104	158.192	1134	0	21
2026.01.21	20:20:00	158.191	158.219	158.164	158.214	1257	0	21
2026.01.21	20:40:00	158.215	158.233	158.18	158.206	880	0	21
2026.01.21	21:00:00	158.207	158.234	158.18	158.187	938	0	21
2026.01.21	21:20:00	158.186	158.486	158.129	158.475	3616	0	21
2026.01.21	21:40:00	158.475	158.521	158.369	158.371	1961	0	21
2026.01.21	22:00:00	158.37	158.45	158.37	158.426	1355	0	21
2026.01.21	22:20:00	158.426	158.488	158.408	158.426	1226	0	21
2026.01.21	22:40:00	158.426	158.427	158.318	158.363	1235	0	21
2026.01.21	23:00:00	158.364	158.411	158.337	158.337	521	0	21
2026.01.21	23:20:00	158.337	158.348	158.264	158.265	620	0	21
2026.01.21	23:40:00	158.266	158.323	158.247	158.249	803	0	21
2026.01.22	00:00:00	158.241	158.289	158.191	158.269	47	0	65
2026.01.22	00:20:00	158.269	158.29	158.258	158.275	278	0	50
2026.01.22	00:40:00	158.275	158.291	158.248	158.285	617	0	49
2026.01.22	01:00:00	158.276	158.305	158.249	158.283	627	0	21
2026.01.22	01:20:00	158.283	158.375	158.282	158.359	635	0	21
2026.01.22	01:40:00	158.358	158.475	158.347	158.447	938	0	21
2026.01.22	02:00:00	158.449	158.479	158.342	158.343	1265	0	21
2026.01.22	02:20:00	158.344	158.366	158.226	158.28	1822	0	21
2026.01.22	02:40:00	158.278	158.324	158.168	158.229	2156	0	21
2026.01.22	03:00:00	158.229	158.33	158.226	158.286	1252	0	21
2026.01.22	03:20:00	158.287	158.309	158.206	158.278	1113	0	21
2026.01.22	03:40:00	158.276	158.356	158.272	158.338	1236	0	21
2026.01.22	04:00:00	158.339	158.404	158.329	158.38	968	0	21
2026.01.22	04:20:00	158.379	158.468	158.369	158.404	1051	0	21
2026.01.22	04:40:00	158.405	158.466	158.393	158.454	825	0	21
2026.01.22	05:00:00	158.453	158.478	158.42	158.444	630	0	21
2026.01.22	05:20:00	158.444	158.454	158.392	158.398	951	0	21
2026.01.22	05:40:00	158.399	158.578	158.399	158.546	1328	0	21
2026.01.22	06:00:00	158.548	158.643	158.542	158.621	1230	0	21
2026.01.22	06:20:00	158.621	158.68	158.602	158.671	1133	0	21
2026.01.22	06:40:00	158.67	158.691	158.627	158.635	774	0	21
2026.01.22	07:00:00	158.64	158.723	158.619	158.63	934	0	21
2026.01.22	07:20:00	158.631	158.693	158.619	158.666	851	0	21
2026.01.22	07:40:00	158.667	158.72	158.655	158.703	1105	0	21
2026.01.22	08:00:00	158.705	158.825	158.693	158.806	1589	0	21
2026.01.22	08:20:00	158.806	158.837	158.732	158.732	1259	0	21
2026.01.22	08:40:00	158.733	158.794	158.718	158.769	835	0	21
2026.01.22	09:00:00	158.769	158.882	158.76	158.858	1532	0	21
2026.01.22	09:20:00	158.857	158.86	158.76	158.76	1261	0	21
2026.01.22	09:40:00	158.762	158.854	158.747	158.769	1816	0	21
2026.01.22	10:00:00	158.769	158.845	158.72	158.786	2110	0	21
2026.01.22	10:20:00	158.786	158.804	158.722	158.788	1895	0	21
2026.01.22	10:40:00	158.788	158.81	158.747	158.759	1470	0	21
2026.01.22	11:00:00	158.757	158.767	158.685	158.713	1697	0	21
2026.01.22	11:20:00	158.714	158.72	158.608	158.637	1708	0	21
2026.01.22	11:40:00	158.636	158.692	158.598	158.684	1091	0	21
2026.01.22	12:00:00	158.685	158.743	158.656	158.714	1105	0	21
2026.01.22	12:20:00	158.715	158.753	158.669	158.69	1034	0	21
2026.01.22	12:40:00	158.691	158.726	158.615	158.622	1108	0	21
2026.01.22	13:00:00	158.621	158.691	158.602	158.667	1410	0	21
2026.01.22	13:20:00	158.667	158.691	158.613	158.614	1753	0	21
2026.01.22	13:40:00	158.615	158.652	158.524	158.583	1659	0	21
2026.01.22	14:00:00	158.583	158.591	158.53	158.568	1130	0	21
2026.01.22	14:20:00	158.569	158.671	158.538	158.657	1425	0	21
2026.01.22	14:40:00	158.654	158.817	158.653	158.81	1871	0	21
2026.01.22	15:00:00	158.811	158.847	158.679	158.682	1627	0	21
2026.01.22	15:20:00	158.68	158.822	158.611	158.622	2263	0	21
2026.01.22	15:40:00	158.623	158.72	158.619	158.688	2239	0	21
2026.01.22	16:00:00	158.689	158.75	158.654	158.695	1677	0	21
2026.01.22	16:20:00	158.696	158.699	158.534	158.537	1738	0	21
2026.01.22	16:40:00	158.539	158.617	158.523	158.597	1824	0	21
2026.01.22	17:00:00	158.595	158.638	158.398	158.412	2289	0	21
2026.01.22	17:20:00	158.413	158.441	158.353	158.386	2008	0	21
2026.01.22	17:40:00	158.381	158.463	158.339	158.383	2036	0	21
2026.01.22	18:00:00	158.383	158.416	158.262	158.272	1863	0	21
2026.01.22	18:20:00	158.271	158.352	158.252	158.32	1782	0	21
2026.01.22	18:40:00	158.321	158.35	158.246	158.35	1393	0	21
2026.01.22	19:00:00	158.351	158.496	158.228	158.265	2552	0	21
2026.01.22	19:20:00	158.264	158.337	158.226	158.294	1420	0	21
2026.01.22	19:40:00	158.293	158.31	158.234	158.297	1267	0	21
2026.01.22	20:00:00	158.298	158.325	158.271	158.274	1072	0	21
2026.01.22	20:20:00	158.274	158.322	158.267	158.283	775	0	21
2026.01.22	20:40:00	158.283	158.313	158.27	158.298	809	0	21
2026.01.22	21:00:00	158.299	158.391	158.286	158.39	948	0	21
2026.01.22	21:20:00	158.391	158.442	158.388	158.425	1065	0	21
2026.01.22	21:40:00	158.426	158.46	158.395	158.397	1051	0	21
2026.01.22	22:00:00	158.395	158.426	158.382	158.399	722	0	21
2026.01.22	22:20:00	158.399	158.402	158.36	158.372	672	0	21
2026.01.22	22:40:00	158.371	158.431	158.326	158.429	838	0	21
2026.01.22	23:00:00	158.428	158.461	158.393	158.399	479	0	21
2026.01.22	23:20:00	158.401	158.403	158.368	158.396	351	0	21
2026.01.22	23:40:00	158.396	158.419	158.356	158.356	637	0	21
2026.01.23	00:00:00	158.356	158.356	158.325	158.346	54	0	100
2026.01.23	00:20:00	158.346	158.347	158.32	158.326	46	0	83
2026.01.23	00:40:00	158.326	158.37	158.325	158.355	240	0	53
2026.01.23	01:00:00	158.354	158.402	158.344	158.395	499	0	21
2026.01.23	01:20:00	158.395	158.427	158.386	158.397	1148	0	21
2026.01.23	01:40:00	158.401	158.521	158.374	158.473	1320	0	21
2026.01.23	02:00:00	158.478	158.546	158.447	158.479	1259	0	21
2026.01.23	02:20:00	158.478	158.519	158.426	158.518	1280	0	21
2026.01.23	02:40:00	158.518	158.571	158.449	158.513	1520	0	21
2026.01.23	03:00:00	158.512	158.579	158.47	158.52	1351	0	21
2026.01.23	03:20:00	158.517	158.591	158.513	158.569	1259	0	21
2026.01.23	03:40:00	158.57	158.652	158.568	158.629	1041	0	21
2026.01.23	04:00:00	158.628	158.671	158.627	158.641	1139	0	21
2026.01.23	04:20:00	158.642	158.643	158.553	158.58	953	0	21
2026.01.23	04:40:00	158.579	158.602	158.492	158.586	1246	0	21
2026.01.23	05:00:00	158.579	158.73	158.489	158.657	1449	0	21
2026.01.23	05:20:00	158.657	158.723	158.583	158.6	979	0	21
2026.01.23	05:40:00	158.599	158.619	158.527	158.619	803	0	21
2026.01.23	06:00:00	158.619	158.646	158.575	158.61	751	0	21
2026.01.23	06:20:00	158.61	158.653	158.6	158.62	524	0	21
2026.01.23	06:40:00	158.619	158.626	158.526	158.536	755	0	21
2026.01.23	07:00:00	158.535	158.565	158.46	158.487	644	0	21
2026.01.23	07:20:00	158.486	158.595	158.465	158.593	821	0	21
2026.01.23	07:40:00	158.592	158.627	158.555	158.614	901	0	21
2026.01.23	08:00:00	158.614	158.629	158.568	158.586	1138	0	21
2026.01.23	08:20:00	158.587	158.688	158.532	158.68	1477	0	21
2026.01.23	08:40:00	158.682	158.941	158.678	158.859	2637	0	21
2026.01.23	09:00:00	158.864	158.998	158.841	158.998	1908	0	21
2026.01.23	09:20:00	158.999	159.212	158.998	159.137	2625	0	21
2026.01.23	09:40:00	159.138	159.156	157.289	158.377	5849	0	21
2026.01.23	10:00:00	158.378	158.406	158.138	158.313	3984	0	21
2026.01.23	10:20:00	158.329	158.48	158.177	158.37	3188	0	21
2026.01.23	10:40:00	158.371	158.409	158.092	158.123	2401	0	21
2026.01.23	11:00:00	158.124	158.132	157.853	158.059	3328	0	21
2026.01.23	11:20:00	158.061	158.062	157.86	158.026	2505	0	21
2026.01.23	11:40:00	158.025	158.061	157.9	157.994	2267	0	21
2026.01.23	12:00:00	157.992	158.188	157.982	158.154	1834	0	21
2026.01.23	12:20:00	158.153	158.192	158.068	158.181	1852	0	21
2026.01.23	12:40:00	158.182	158.235	158.128	158.182	1347	0	21
2026.01.23	13:00:00	158.184	158.283	158.145	158.262	2308	0	21
2026.01.23	13:20:00	158.263	158.306	158.232	158.246	1401	0	21
2026.01.23	13:40:00	158.246	158.285	158.123	158.125	1794	0	21
2026.01.23	14:00:00	158.125	158.183	158.082	158.176	1115	0	21
2026.01.23	14:20:00	158.175	158.204	158.157	158.183	828	0	21
2026.01.23	14:40:00	158.184	158.253	158.145	158.145	1092	0	21
2026.01.23	15:00:00	158.146	158.192	158.123	158.123	1131	0	21
2026.01.23	15:20:00	158.121	158.189	158.082	158.174	1234	0	21
2026.01.23	15:40:00	158.175	158.266	158.156	158.256	1117	0	21
2026.01.23	16:00:00	158.255	158.327	158.24	158.263	1437	0	21
2026.01.23	16:20:00	158.265	158.314	158.193	158.307	1443	0	21
2026.01.23	16:40:00	158.309	158.322	158.239	158.241	2008	0	21
2026.01.23	17:00:00	158.242	158.296	158.147	158.186	2034	0	21
2026.01.23	17:20:00	158.186	158.275	158.165	158.225	1397	0	21
2026.01.23	17:40:00	158.224	158.234	158.088	158.102	1789	0	21
2026.01.23	18:00:00	158.103	158.214	157.99	157.993	1685	0	21
2026.01.23	18:20:00	157.993	158.066	157.53	157.564	3440	0	21
2026.01.23	18:40:00	157.564	157.644	157.358	157.553	2760	0	21
2026.01.23	19:00:00	157.553	157.605	156.737	156.869	3692	0	21
2026.01.23	19:20:00	156.87	156.908	156.11	156.627	5498	0	21
2026.01.23	19:40:00	156.626	156.664	156.245	156.351	4710	0	21
2026.01.23	20:00:00	156.351	156.62	156.315	156.393	3575	0	21
2026.01.23	20:20:00	156.393	156.399	156.006	156.124	3494	0	21
2026.01.23	20:40:00	156.124	156.209	156.067	156.154	1916	0	21
2026.01.23	21:00:00	156.154	156.193	155.884	155.925	1697	0	21
2026.01.23	21:20:00	155.926	156.249	155.925	156.068	1704	0	21
2026.01.23	21:40:00	156.067	156.096	155.672	155.879	2847	0	21
2026.01.23	22:00:00	155.88	155.95	155.767	155.768	2338	0	21
2026.01.23	22:20:00	155.77	155.908	155.722	155.764	1533	0	21
2026.01.23	22:40:00	155.762	155.859	155.733	155.803	1644	0	21
2026.01.23	23:00:00	155.807	155.857	155.603	155.704	850	0	21
2026.01.23	23:20:00	155.705	155.8	155.647	155.78	648	0	21
2026.01.23	23:40:00	155.78	155.807	155.676	155.719	721	0	23
2026.01.26	00:00:00	154.633	155.115	154.613	155.055	330	0	40
2026.01.26	00:20:00	155.055	155.177	154.687	154.69	569	0	32
2026.01.26	00:40:00	154.69	154.69	154.172	154.498	643	0	25
2026.01.26	01:00:00	154.498	154.784	154.481	154.747	1892	0	21
2026.01.26	01:20:00	154.744	155.154	154.719	154.947	2481	0	21
2026.01.26	01:40:00	154.942	155.262	154.866	155.136	2772	0	21
2026.01.26	02:00:00	155.139	155.333	154.926	155.128	4267	0	21
2026.01.26	02:20:00	155.126	155.188	154.888	154.917	2944	0	21
2026.01.26	02:40:00	154.918	154.944	154.652	154.832	3447	0	21
2026.01.26	03:00:00	154.831	154.918	154.596	154.768	3214	0	21
2026.01.26	03:20:00	154.767	154.863	154.397	154.484	3101	0	21
2026.01.26	03:40:00	154.483	154.548	154.291	154.411	3369	0	21
2026.01.26	04:00:00	154.412	154.47	153.96	154.147	3367	0	21
2026.01.26	04:20:00	154.147	154.244	153.897	153.983	3192	0	21
2026.01.26	04:40:00	153.983	154.081	153.875	153.981	2803	0	21
2026.01.26	05:00:00	153.979	154.329	153.937	154.262	2680	0	21
2026.01.26	05:20:00	154.261	154.294	154.114	154.209	1916	0	21
2026.01.26	05:40:00	154.209	154.238	154.167	154.2	1405	0	21
2026.01.26	06:00:00	154.199	154.265	153.797	153.868	2265	0	21
2026.01.26	06:20:00	153.874	154.039	153.874	154.019	2084	0	21
2026.01.26	06:40:00	154.018	154.031	153.878	154.02	1637	0	21
2026.01.26	07:00:00	154.02	154.087	153.965	154.043	1687	0	21
2026.01.26	07:20:00	154.042	154.054	153.912	154.0	1822	0	21
2026.01.26	07:40:00	153.999	154.104	153.994	154.097	1497	0	21
2026.01.26	08:00:00	154.097	154.408	154.08	154.27	2524	0	21
2026.01.26	08:20:00	154.27	154.296	154.141	154.153	1867	0	21
2026.01.26	08:40:00	154.161	154.236	154.018	154.233	1991	0	21
2026.01.26	09:00:00	154.233	154.306	154.047	154.08	2601	0	21
2026.01.26	09:20:00	154.081	154.094	153.9	154.053	2663	0	21
2026.01.26	09:40:00	154.052	154.312	153.898	154.237	3130	0	21
2026.01.26	10:00:00	154.241	154.334	153.923	154.001	3473	0	21
2026.01.26	10:20:00	154.0	154.117	153.387	153.728	4403	0	21
2026.01.26	10:40:00	153.73	153.942	153.701	153.908	3628	0	21
2026.01.26	11:00:00	153.907	154.127	153.8	153.825	3961	0	21
2026.01.26	11:20:00	153.825	153.825	153.526	153.615	3360	0	21
2026.01.26	11:40:00	153.615	153.72	153.52	153.659	3402	0	21
2026.01.26	12:00:00	153.658	153.874	153.607	153.74	2419	0	21
2026.01.26	12:20:00	153.738	153.795	153.59	153.7	2637	0	21
2026.01.26	12:40:00	153.701	153.701	153.516	153.546	2577	0	21
2026.01.26	13:00:00	153.546	153.649	153.293	153.644	3073	0	21
2026.01.26	13:20:00	153.644	153.817	153.643	153.755	2573	0	21
2026.01.26	13:40:00	153.755	153.767	153.654	153.725	2654	0	21
2026.01.26	14:00:00	153.72	153.966	153.72	153.873	1944	0	21
2026.01.26	14:20:00	153.877	154.039	153.87	154.033	2096	0	21
2026.01.26	14:40:00	154.033	154.178	154.007	154.12	2003	0	21
2026.01.26	15:00:00	154.12	154.333	154.11	154.234	2002	0	21
2026.01.26	15:20:00	154.233	154.247	154.102	154.225	2256	0	21
2026.01.26	15:40:00	154.223	154.227	154.033	154.048	2178	0	21
2026.01.26	16:00:00	154.048	154.121	153.905	153.913	2009	0	21
2026.01.26	16:20:00	153.911	153.926	153.807	153.838	2151	0	21
2026.01.26	16:40:00	153.839	153.874	153.684	153.731	2303	0	21
2026.01.26	17:00:00	153.731	153.838	153.66	153.824	2479	0	21
2026.01.26	17:20:00	153.824	153.873	153.669	153.669	2148	0	21
2026.01.26	17:40:00	153.666	153.803	153.606	153.803	2522	0	21
2026.01.26	18:00:00	153.806	154.015	153.705	153.995	2968	0	21
2026.01.26	18:20:00	153.995	154.019	153.891	153.914	2216	0	21
2026.01.26	18:40:00	153.915	153.915	153.787	153.876	1805	0	21
2026.01.26	19:00:00	153.875	153.931	153.853	153.883	1298	0	21
2026.01.26	19:20:00	153.882	154.102	153.882	153.978	1729	0	21
2026.01.26	19:40:00	153.978	154.045	153.949	153.961	1227	0	21
2026.01.26	20:00:00	153.959	153.988	153.886	153.94	1480	0	21
2026.01.26	20:20:00	153.939	154.032	153.939	154.008	1076	0	21
2026.01.26	20:40:00	154.006	154.183	154.004	154.151	1554	0	21
2026.01.26	21:00:00	154.149	154.26	154.145	154.259	1747	0	21
2026.01.26	21:20:00	154.258	154.264	154.164	154.216	1452	0	21
2026.01.26	21:40:00	154.217	154.248	154.016	154.028	1901	0	21
2026.01.26	22:00:00	154.029	154.137	153.847	153.943	2360	0	21
2026.01.26	22:20:00	153.943	154.081	153.926	154.054	1134	0	21
2026.01.26	22:40:00	154.056	154.104	154.035	154.075	1099	0	21
2026.01.26	23:00:00	154.077	154.165	154.051	154.15	853	0	21
2026.01.26	23:20:00	154.149	154.235	154.141	154.226	735	0	21
2026.01.26	23:40:00	154.227	154.249	154.129	154.129	955	0	21
2026.01.27	00:00:00	154.129	154.243	154.044	154.13	102	0	57
2026.01.27	00:20:00	154.13	154.158	154.127	154.132	44	0	75
2026.01.27	00:40:00	154.132	154.151	154.055	154.104	87	0	74
2026.01.27	01:00:00	154.111	154.228	154.091	154.189	371	0	21
2026.01.27	01:20:00	154.192	154.218	154.161	154.218	538	0	24
2026.01.27	01:40:00	154.219	154.416	154.195	154.375	1343	0	21
2026.01.27	02:00:00	154.374	154.439	154.111	154.195	1959	0	21
2026.01.27	02:20:00	154.195	154.232	154.114	154.146	1202	0	21
2026.01.27	02:40:00	154.145	154.306	154.137	154.276	1988	0	21
2026.01.27	03:00:00	154.277	154.378	154.241	154.29	2009	0	21
2026.01.27	03:20:00	154.29	154.396	154.231	154.327	1379	0	21
2026.01.27	03:40:00	154.328	154.342	154.252	154.336	1366	0	21
2026.01.27	04:00:00	154.337	154.35	154.286	154.308	1415	0	21
2026.01.27	04:20:00	154.31	154.324	154.122	154.159	1380	0	21
2026.01.27	04:40:00	154.158	154.25	154.074	154.25	1223	0	21
2026.01.27	05:00:00	154.251	154.33	154.227	154.288	1177	0	21
2026.01.27	05:20:00	154.288	154.333	154.275	154.306	976	0	21
2026.01.27	05:40:00	154.307	154.457	154.275	154.404	1508	0	21
2026.01.27	06:00:00	154.404	154.545	154.402	154.478	1544	0	21
2026.01.27	06:20:00	154.477	154.534	154.438	154.492	1188	0	21
2026.01.27	06:40:00	154.493	154.613	154.491	154.582	1243	0	21
2026.01.27	07:00:00	154.581	154.631	154.542	154.586	1196	0	21
2026.01.27	07:20:00	154.587	154.596	154.454	154.462	1096	0	21
2026.01.27	07:40:00	154.462	154.517	154.421	154.49	1123	0	21
2026.01.27	08:00:00	154.49	154.542	154.455	154.535	1127	0	21
2026.01.27	08:20:00	154.536	154.601	154.488	154.489	1139	0	21
2026.01.27	08:40:00	154.488	154.536	154.359	154.522	1203	0	21
2026.01.27	09:00:00	154.523	154.544	154.459	154.523	1785	0	21
2026.01.27	09:20:00	154.525	154.657	154.493	154.584	1562	0	21
2026.01.27	09:40:00	154.583	154.753	154.53	154.72	2139	0	21
2026.01.27	10:00:00	154.719	154.777	154.632	154.716	2131	0	21
2026.01.27	10:20:00	154.717	154.859	154.692	154.848	1841	0	21
2026.01.27	10:40:00	154.847	154.866	154.69	154.693	1736	0	21
2026.01.27	11:00:00	154.691	154.722	154.604	154.616	1330	0	21
2026.01.27	11:20:00	154.615	154.64	154.495	154.498	1459	0	21
2026.01.27	11:40:00	154.497	154.537	153.165	153.728	4024	0	21
2026.01.27	12:00:00	153.736	154.179	153.724	153.956	4773	0	21
2026.01.27	12:20:00	153.957	154.044	153.84	153.854	2891	0	21
2026.01.27	12:40:00	153.854	153.864	153.547	153.732	3145	0	21
2026.01.27	13:00:00	153.732	153.753	153.561	153.728	2552	0	21
2026.01.27	13:20:00	153.728	153.734	153.555	153.72	2123	0	21
2026.01.27	13:40:00	153.718	153.754	153.605	153.717	2187	0	21
2026.01.27	14:00:00	153.718	153.783	153.442	153.486	2737	0	21
2026.01.27	14:20:00	153.489	153.53	153.259	153.462	3735	0	21
2026.01.27	14:40:00	153.462	153.508	153.244	153.293	3168	0	21
2026.01.27	15:00:00	153.289	153.372	153.166	153.306	4075	0	21
2026.01.27	15:20:00	153.306	153.412	153.196	153.228	2602	0	21
2026.01.27	15:40:00	153.228	153.352	152.984	153.238	5068	0	21
2026.01.27	16:00:00	153.233	153.334	153.186	153.256	3102	0	21
2026.01.27	16:20:00	153.26	153.265	152.916	153.03	4248	0	21
2026.01.27	16:40:00	153.027	153.364	152.982	153.212	3946	0	21
2026.01.27	17:00:00	153.207	153.207	152.885	152.93	3841	0	21
2026.01.27	17:20:00	152.927	153.295	152.865	153.283	3427	0	21
2026.01.27	17:40:00	153.284	153.329	153.184	153.23	2939	0	21
2026.01.27	18:00:00	153.231	153.256	152.986	153.001	2927	0	21
2026.01.27	18:20:00	153.0	153.096	152.935	152.964	2186	0	21
2026.01.27	18:40:00	152.965	153.117	152.958	153.029	2082	0	21
2026.01.27	19:00:00	153.029	153.137	153.014	153.093	1964	0	21
2026.01.27	19:20:00	153.093	153.094	153.0	153.004	1131	0	21
2026.01.27	19:40:00	153.004	153.004	152.594	152.755	2884	0	21
2026.01.27	20:00:00	152.754	152.87	152.56	152.825	2396	0	21
2026.01.27	20:20:00	152.824	152.86	152.709	152.72	1547	0	21
2026.01.27	20:40:00	152.721	152.76	152.644	152.751	1214	0	21
2026.01.27	21:00:00	152.75	152.82	152.731	152.789	1026	0	21
2026.01.27	21:20:00	152.788	152.805	152.737	152.751	1104	0	21
2026.01.27	21:40:00	152.752	152.824	152.694	152.702	1464	0	21
2026.01.27	22:00:00	152.702	152.74	152.616	152.631	1245	0	21
2026.01.27	22:20:00	152.631	152.693	152.492	152.693	1478	0	21
2026.01.27	22:40:00	152.693	152.829	152.08	152.37	5914	0	21
2026.01.27	23:00:00	152.37	152.466	152.164	152.261	2576	0	21
2026.01.27	23:20:00	152.258	152.436	152.225	152.301	1560	0	21
2026.01.27	23:40:00	152.301	152.325	152.099	152.111	1480	0	21
2026.01.28	00:00:00	152.111	152.205	152.087	152.198	135	0	58
2026.01.28	00:20:00	152.197	152.268	152.187	152.217	190	0	44
2026.01.28	00:40:00	152.227	152.328	152.217	152.269	538	0	55
2026.01.28	01:00:00	152.269	152.429	152.236	152.427	1139	0	21
2026.01.28	01:20:00	152.428	152.61	152.4	152.479	1802	0	21
2026.01.28	01:40:00	152.478	152.538	152.373	152.482	1355	0	21
2026.01.28	02:00:00	152.482	152.7	152.427	152.512	2722	0	21
2026.01.28	02:20:00	152.513	152.666	152.45	152.57	2483	0	21
2026.01.28	02:40:00	152.571	152.672	152.429	152.624	2953	0	21
2026.01.28	03:00:00	152.625	152.805	152.587	152.744	2763	0	21
2026.01.28	03:20:00	152.745	152.976	152.734	152.949	2207	0	21
2026.01.28	03:40:00	152.949	152.983	152.828	152.977	1871	0	21
2026.01.28	04:00:00	152.978	153.056	152.893	152.92	2180	0	21
2026.01.28	04:20:00	152.92	152.957	152.859	152.886	1513	0	21
2026.01.28	04:40:00	152.887	152.887	152.801	152.829	1110	0	21
2026.01.28	05:00:00	152.827	152.827	152.718	152.719	1164	0	21
2026.01.28	05:20:00	152.718	152.804	152.637	152.788	1247	0	21
2026.01.28	05:40:00	152.788	152.791	152.642	152.71	1234	0	21
2026.01.28	06:00:00	152.709	152.826	152.65	152.756	1133	0	21
2026.01.28	06:20:00	152.763	152.79	152.72	152.72	985	0	21
2026.01.28	06:40:00	152.721	152.764	152.515	152.549	1260	0	21
2026.01.28	07:00:00	152.547	152.676	152.517	152.569	2292	0	21
2026.01.28	07:20:00	152.57	152.607	152.463	152.594	1539	0	21
2026.01.28	07:40:00	152.595	152.722	152.526	152.617	1353	0	21
2026.01.28	08:00:00	152.624	152.714	152.548	152.574	1941	0	21
2026.01.28	08:20:00	152.574	152.712	152.546	152.609	2070	0	21
2026.01.28	08:40:00	152.608	152.716	152.596	152.64	1623	0	21
2026.01.28	09:00:00	152.639	152.639	152.265	152.344	2994	0	21
2026.01.28	09:20:00	152.343	152.705	152.34	152.636	2475	0	21
2026.01.28	09:40:00	152.637	152.721	152.62	152.636	2372	0	21
2026.01.28	10:00:00	152.631	152.731	152.507	152.536	2969	0	21
2026.01.28	10:20:00	152.536	152.565	152.398	152.455	2843	0	21
2026.01.28	10:40:00	152.467	152.794	152.427	152.626	3381	0	21
2026.01.28	11:00:00	152.625	152.754	152.592	152.687	2565	0	21
2026.01.28	11:20:00	152.686	152.722	152.553	152.597	2300	0	21
2026.01.28	11:40:00	152.597	152.717	152.589	152.703	1935	0	21
2026.01.28	12:00:00	152.703	152.715	152.616	152.682	1902	0	21
2026.01.28	12:20:00	152.682	152.708	152.615	152.616	1877	0	21
2026.01.28	12:40:00	152.615	152.63	152.334	152.558	2634	0	21
2026.01.28	13:00:00	152.559	152.711	152.549	152.706	1844	0	21
2026.01.28	13:20:00	152.707	152.712	152.576	152.671	1676	0	20
2026.01.28	13:40:00	152.668	152.669	152.538	152.596	1481	0	20
2026.01.28	14:00:00	152.596	152.622	152.471	152.48	1870	0	20
2026.01.28	14:20:00	152.479	152.5	152.382	152.402	2212	0	20
2026.01.28	14:40:00	152.401	152.631	152.399	152.559	1899	0	20
2026.01.28	15:00:00	152.555	152.656	152.535	152.656	1894	0	20
2026.01.28	15:20:00	152.654	152.714	152.62	152.685	1950	0	20
2026.01.28	15:40:00	152.686	152.905	152.67	152.838	1938	0	20
2026.01.28	16:00:00	152.837	152.986	152.765	152.839	2805	0	20
2026.01.28	16:20:00	152.84	152.863	152.674	152.699	2394	0	20
2026.01.28	16:40:00	152.698	152.843	152.641	152.818	2808	0	20
2026.01.28	17:00:00	152.819	153.721	152.759	153.607	6761	0	20
2026.01.28	17:20:00	153.606	153.714	153.303	153.332	4227	0	20
2026.01.28	17:40:00	153.331	153.566	153.221	153.456	4847	0	20
2026.01.28	18:00:00	153.454	153.682	153.404	153.658	3527	0	20
2026.01.28	18:20:00	153.659	153.776	153.598	153.623	3041	0	20
2026.01.28	18:40:00	153.623	153.717	153.565	153.592	2626	0	20
2026.01.28	19:00:00	153.593	153.748	153.548	153.739	2145	0	20
2026.01.28	19:20:00	153.738	153.74	153.537	153.6	2287	0	20
2026.01.28	19:40:00	153.601	153.657	153.515	153.518	1698	0	20
2026.01.28	20:00:00	153.519	153.678	153.515	153.64	1444	0	20
2026.01.28	20:20:00	153.642	153.892	153.6	153.885	1852	0	20
2026.01.28	20:40:00	153.886	153.938	153.784	153.831	2237	0	20
2026.01.28	21:00:00	153.831	154.035	153.702	153.723	4746	0	20
2026.01.28	21:20:00	153.724	153.958	153.615	153.635	3244	0	20
2026.01.28	21:40:00	153.636	153.744	153.451	153.482	3974	0	20
2026.01.28	22:00:00	153.481	153.563	153.339	153.529	2779	0	20
2026.01.28	22:20:00	153.53	153.543	153.324	153.366	2177	0	20
2026.01.28	22:40:00	153.367	153.391	153.294	153.372	2007	0	20
2026.01.28	23:00:00	153.372	153.393	153.288	153.356	1189	0	20
2026.01.28	23:20:00	153.366	153.455	153.347	153.381	849	0	20
2026.01.28	23:40:00	153.381	153.437	153.38	153.389	980	0	23
2026.01.29	00:00:00	153.388	153.388	153.31	153.335	55	0	44
2026.01.29	00:20:00	153.341	153.399	153.333	153.389	286	0	41
2026.01.29	00:40:00	153.392	153.405	153.384	153.4	333	0	38
2026.01.29	01:00:00	153.4	153.41	153.314	153.314	741	0	21
2026.01.29	01:20:00	153.314	153.316	153.106	153.116	1751	0	20
2026.01.29	01:40:00	153.116	153.259	153.021	153.071	2273	0	20
2026.01.29	02:00:00	153.072	153.204	152.938	152.972	3274	0	20
2026.01.29	02:20:00	152.972	153.032	152.755	152.883	2862	0	20
2026.01.29	02:40:00	152.883	153.1	152.87	153.082	3156	0	20
2026.01.29	03:00:00	153.083	153.345	153.062	153.296	2933	0	20
2026.01.29	03:20:00	153.296	153.339	153.154	153.206	2405	0	20
2026.01.29	03:40:00	153.205	153.25	153.125	153.249	2420	0	20
2026.01.29	04:00:00	153.254	153.381	153.206	153.217	2088	0	20
2026.01.29	04:20:00	153.219	153.224	153.021	153.105	2090	0	20
2026.01.29	04:40:00	153.106	153.127	153.05	153.103	1565	0	20
2026.01.29	05:00:00	153.104	153.171	153.039	153.054	1387	0	20
2026.01.29	05:20:00	153.056	153.09	152.969	153.011	1499	0	20
2026.01.29	05:40:00	153.01	153.012	152.893	152.915	1066	0	20
2026.01.29	06:00:00	152.912	153.073	152.89	153.048	1173	0	20
2026.01.29	06:20:00	153.049	153.218	153.009	153.047	1798	0	20
2026.01.29	06:40:00	153.048	153.083	152.947	152.966	1320	0	20
2026.01.29	07:00:00	152.966	153.002	152.896	152.991	1267	0	20
2026.01.29	07:20:00	152.992	153.081	152.986	152.991	1225	0	20
2026.01.29	07:40:00	152.989	153.053	152.978	153.008	1257	0	20
2026.01.29	08:00:00	153.008	153.145	152.973	152.979	1855	0	20
2026.01.29	08:20:00	152.978	153.018	152.909	152.992	1537	0	20
2026.01.29	08:40:00	152.99	153.092	152.982	153.043	1305	0	20
2026.01.29	09:00:00	153.044	153.144	152.978	153.141	1707	0	20
2026.01.29	09:20:00	153.141	153.373	153.14	153.336	2231	0	20
2026.01.29	09:40:00	153.337	153.41	153.298	153.299	1925	0	20
2026.01.29	10:00:00	153.301	153.317	153.149	153.229	2597	0	20
2026.01.29	10:20:00	153.229	153.437	153.15	153.395	2343	0	20
2026.01.29	10:40:00	153.394	153.448	153.302	153.311	2753	0	20
2026.01.29	11:00:00	153.312	153.347	153.22	153.244	1797	0	20
2026.01.29	11:20:00	153.244	153.373	153.174	153.191	2359	0	20
2026.01.29	11:40:00	153.19	153.35	153.129	153.305	1919	0	20
2026.01.29	12:00:00	153.304	153.347	153.269	153.337	2137	0	20
2026.01.29	12:20:00	153.336	153.391	153.277	153.374	1817	0	20
2026.01.29	12:40:00	153.374	153.441	153.314	153.427	1888	0	20
2026.01.29	13:00:00	153.426	153.526	153.393	153.485	1982	0	20
2026.01.29	13:20:00	153.487	153.502	153.405	153.491	1885	0	20
2026.01.29	13:40:00	153.493	153.51	153.366	153.453	1736	0	20
2026.01.29	14:00:00	153.452	153.466	153.354	153.391	1433	0	20
2026.01.29	14:20:00	153.391	153.421	153.355	153.367	1106	0	20
2026.01.29	14:40:00	153.367	153.396	153.215	153.215	1997	0	20
2026.01.29	15:00:00	153.214	153.326	153.211	153.241	1959	0	20
2026.01.29	15:20:00	153.244	153.301	153.167	153.268	1962	0	20
2026.01.29	15:40:00	153.266	153.396	153.181	153.323	3337	0	20
2026.01.29	16:00:00	153.322	153.383	153.177	153.224	2400	0	20
2026.01.29	16:20:00	153.223	153.266	153.112	153.127	2656	0	20
2026.01.29	16:40:00	153.128	153.221	152.997	153.062	3840	0	20
2026.01.29	17:00:00	153.06	153.412	153.033	153.346	5612	0	20
2026.01.29	17:20:00	153.343	153.503	153.126	153.153	6727	0	20
2026.01.29	17:40:00	153.156	153.16	152.67	152.798	6269	0	20
2026.01.29	18:00:00	152.799	152.996	152.708	152.992	3927	0	20
2026.01.29	18:20:00	152.993	153.035	152.865	152.946	3986	0	22
2026.01.29	18:40:00	152.946	152.958	152.791	152.873	3548	0	22
2026.01.29	19:00:00	152.873	152.949	152.79	152.91	3441	0	22
2026.01.29	19:20:00	152.909	152.947	152.825	152.944	3731	0	22
2026.01.29	19:40:00	152.944	152.957	152.835	152.89	3194	0	22
2026.01.29	20:00:00	152.891	153.05	152.889	153.047	3254	0	22
2026.01.29	20:20:00	153.047	153.132	152.985	153.004	3163	0	22
2026.01.29	20:40:00	153.005	153.084	152.969	153.003	2059	0	22
2026.01.29	21:00:00	153.002	153.159	152.998	153.089	1676	0	20
2026.01.29	21:20:00	153.089	153.122	153.026	153.105	1576	0	20
2026.01.29	21:40:00	153.102	153.111	153.051	153.065	1470	0	20
2026.01.29	22:00:00	153.065	153.202	153.061	153.075	1491	0	20
2026.01.29	22:20:00	153.077	153.138	153.008	153.018	1389	0	20
2026.01.29	22:40:00	153.019	153.118	153.008	153.104	1312	0	20
2026.01.29	23:00:00	153.106	153.163	153.102	153.138	679	0	20
2026.01.29	23:20:00	153.139	153.163	153.104	153.114	1237	0	20
2026.01.29	23:40:00	153.115	153.129	153.046	153.062	1193	0	20
2026.01.30	00:00:00	153.058	153.082	152.946	152.976	66	0	103
2026.01.30	00:20:00	152.975	153.1	152.929	153.018	131	0	69
2026.01.30	00:40:00	153.018	153.028	152.952	152.966	1359	0	46
2026.01.30	01:00:00	152.966	153.023	152.904	152.92	730	0	20
2026.01.30	01:20:00	152.92	152.991	152.854	152.958	1297	0	20
2026.01.30	01:40:00	152.956	153.177	152.955	153.128	1289	0	20
2026.01.30	02:00:00	153.129	153.293	153.069	153.293	2190	0	20
2026.01.30	02:20:00	153.293	153.501	153.264	153.483	2854	0	20
2026.01.30	02:40:00	153.481	153.639	153.458	153.491	3794	0	20
2026.01.30	03:00:00	153.49	153.769	153.49	153.586	3858	0	20
2026.01.30	03:20:00	153.587	153.729	153.526	153.531	3111	0	20
2026.01.30	03:40:00	153.529	153.782	153.449	153.746	3332	0	20
2026.01.30	04:00:00	153.746	153.941	153.642	153.812	4630	0	20
2026.01.30	04:20:00	153.808	153.968	153.693	153.935	4113	0	20
2026.01.30	04:40:00	153.935	153.954	153.79	153.796	2906	0	20
2026.01.30	05:00:00	153.794	153.887	153.757	153.788	2236	0	20
2026.01.30	05:20:00	153.788	153.935	153.769	153.93	2192	0	20
2026.01.30	05:40:00	153.931	153.96	153.878	153.944	1925	0	20
2026.01.30	06:00:00	153.945	153.96	153.842	153.86	1910	0	20
2026.01.30	06:20:00	153.863	153.932	153.831	153.859	1368	0	20
2026.01.30	06:40:00	153.866	153.932	153.845	153.914	1163	0	20
2026.01.30	07:00:00	153.914	153.978	153.761	153.841	1681	0	20
2026.01.30	07:20:00	153.839	154.046	153.836	154.017	1914	0	20
2026.01.30	07:40:00	154.017	154.129	153.908	153.909	2346	0	20
2026.01.30	08:00:00	153.908	153.913	153.743	153.797	2247	0	20
2026.01.30	08:20:00	153.8	153.911	153.746	153.903	1982	0	20
2026.01.30	08:40:00	153.906	153.976	153.889	153.895	2259	0	20
2026.01.30	09:00:00	153.895	154.046	153.801	153.874	3228	0	20
2026.01.30	09:20:00	153.873	153.977	153.847	153.908	3194	0	20
2026.01.30	09:40:00	153.908	153.91	153.704	153.795	3042	0	20
2026.01.30	10:00:00	153.796	153.867	153.699	153.736	3396	0	20
2026.01.30	10:20:00	153.737	153.908	153.727	153.779	3228	0	20
2026.01.30	10:40:00	153.78	153.946	153.777	153.931	2751	0	20
2026.01.30	11:00:00	153.933	154.092	153.921	154.092	3598	0	20
2026.01.30	11:20:00	154.091	154.189	154.027	154.05	2832	0	20
2026.01.30	11:40:00	154.05	154.276	154.014	154.268	3769	0	20
2026.01.30	12:00:00	154.269	154.376	154.1	154.101	3825	0	20
2026.01.30	12:20:00	154.101	154.18	154.075	154.132	2498	0	20
2026.01.30	12:40:00	154.132	154.235	154.117	154.153	2372	0	20
2026.01.30	13:00:00	154.154	154.162	153.959	154.04	2292	0	20
2026.01.30	13:20:00	154.041	154.126	153.97	154.029	2367	0	20
2026.01.30	13:40:00	154.027	154.052	153.845	153.849	2862	0	20
2026.01.30	14:00:00	153.85	153.909	153.785	153.848	2724	0	20
2026.01.30	14:20:00	153.847	153.984	153.808	153.983	2438	0	20
2026.01.30	14:40:00	153.984	154.063	153.953	154.024	2624	0	20
2026.01.30	15:00:00	154.025	154.085	153.968	154.06	3308	0	20
2026.01.30	15:20:00	154.059	154.264	154.022	154.245	3384	0	20
2026.01.30	15:40:00	154.243	154.361	154.164	154.354	3645	0	20
2026.01.30	16:00:00	154.353	154.378	154.234	154.267	3805	0	20
2026.01.30	16:20:00	154.267	154.428	154.241	154.38	3315	0	20
2026.01.30	16:40:00	154.38	154.511	154.328	154.454	3175	0	20
2026.01.30	17:00:00	154.456	154.705	154.443	154.642	4757	0	20
2026.01.30	17:20:00	154.643	154.751	154.56	154.644	4137	0	20
2026.01.30	17:40:00	154.642	154.644	154.209	154.212	5417	0	20
2026.01.30	18:00:00	154.212	154.278	154.154	154.19	3852	0	20
2026.01.30	18:20:00	154.19	154.371	154.19	154.317	3194	0	20
2026.01.30	18:40:00	154.318	154.383	154.308	154.324	2681	0	20
2026.01.30	19:00:00	154.323	154.511	154.305	154.502	3258	0	20
2026.01.30	19:20:00	154.502	154.519	154.395	154.426	3153	0	20
2026.01.30	19:40:00	154.427	154.52	154.401	154.433	3606	0	20
2026.01.30	20:00:00	154.434	154.61	154.416	154.531	3268	0	20
2026.01.30	20:20:00	154.533	154.63	154.486	154.592	3842	0	20
2026.01.30	20:40:00	154.593	154.616	154.278	154.388	4028	0	20
2026.01.30	21:00:00	154.389	154.551	154.354	154.54	3014	0	20
2026.01.30	21:20:00	154.54	154.586	154.469	154.473	3034	0	20
2026.01.30	21:40:00	154.473	154.677	154.459	154.523	2705	0	20
2026.01.30	22:00:00	154.522	154.693	154.519	154.651	2193	0	20
2026.01.30	22:20:00	154.651	154.7	154.583	154.628	2011	0	20
2026.01.30	22:40:00	154.628	154.765	154.591	154.75	2233	0	20
2026.01.30	23:00:00	154.751	154.769	154.703	154.737	1284	0	20
2026.01.30	23:20:00	154.737	154.783	154.714	154.78	892	0	22
2026.01.30	23:40:00	154.779	154.781	154.698	154.755	1173	0	23
