<DATE>	<TIME>	<OPEN>	<HIGH>	<LOW>	<CLOSE>	<TICKVOL>	<VOL>	<SPREAD>
2025.10.01	00:00:00	147.747	147.773	147.728	147.761	114	0	178
2025.10.01	00:30:00	147.771	147.838	147.763	147.828	225	0	73
2025.10.01	01:00:00	147.831	147.895	147.806	147.895	711	0	25
2025.10.01	01:30:00	147.897	147.913	147.884	147.897	602	0	22
2025.10.01	02:00:00	147.895	147.923	147.802	147.891	926	0	20
2025.10.01	02:30:00	147.891	148.019	147.872	148.016	1003	0	20
2025.10.01	03:00:00	148.016	148.143	148.016	148.054	2630	0	20
2025.10.01	03:30:00	148.054	148.215	148.054	148.098	2423	0	20
2025.10.01	04:00:00	148.096	148.157	147.992	148.023	2151	0	20
2025.10.01	04:30:00	148.023	148.034	147.93	147.943	2600	0	20
2025.10.01	05:00:00	147.942	147.965	147.875	147.944	1593	0	20
2025.10.01	05:30:00	147.944	148.0	147.899	147.903	1323	0	20
2025.10.01	06:00:00	147.904	147.951	147.858	147.934	1048	0	20
2025.10.01	06:30:00	147.934	147.989	147.891	147.916	1025	0	20
2025.10.01	07:00:00	147.912	147.947	147.847	147.868	1381	0	20
2025.10.01	07:30:00	147.868	147.868	147.542	147.543	1834	0	20
2025.10.01	08:00:00	147.543	147.633	147.45	147.485	2900	0	20
2025.10.01	08:30:00	147.486	147.568	147.473	147.516	1685	0	20
2025.10.01	09:00:00	147.517	147.517	147.317	147.331	3050	0	20
2025.10.01	09:30:00	147.331	147.354	147.157	147.219	3269	0	20
2025.10.01	10:00:00	147.22	147.22	147.01	147.178	3368	0	20
2025.10.01	10:30:00	147.178	147.311	147.088	147.114	3680	0	20
2025.10.01	11:00:00	147.113	147.115	146.983	147.031	3145	0	20
2025.10.01	11:30:00	147.032	147.142	146.891	147.14	2639	0	20
2025.10.01	12:00:00	147.139	147.166	147.071	147.128	2196	0	20
2025.10.01	12:30:00	147.129	147.215	147.059	147.198	2581	0	20
2025.10.01	13:00:00	147.199	147.234	147.112	147.221	2497	0	20
2025.10.01	13:30:00	147.222	147.255	147.05	147.066	2438	0	20
2025.10.01	14:00:00	147.066	147.099	147.012	147.035	1899	0	20
2025.10.01	14:30:00	147.034	147.093	146.984	146.993	2015	0	20
2025.10.01	15:00:00	146.991	147.108	146.578	146.89	6020	0	20
2025.10.01	15:30:00	146.89	146.904	146.695	146.788	6735	0	20
2025.10.01	16:00:00	146.785	146.863	146.688	146.698	4442	0	20
2025.10.01	16:30:00	146.7	146.754	146.61	146.697	4468	0	20
2025.10.01	17:00:00	146.688	147.037	146.678	146.888	5359	0	20
2025.10.01	17:30:00	146.888	147.026	146.704	146.85	6178	0	20
2025.10.01	18:00:00	146.857	147.202	146.832	147.166	5014	0	20
2025.10.01	18:30:00	147.165	147.178	147.072	147.139	3277	0	20
2025.10.01	19:00:00	147.142	147.213	147.082	147.159	2710	0	20
2025.10.01	19:30:00	147.158	147.243	147.139	147.15	1861	0	20
2025.10.01	20:00:00	147.15	147.182	147.102	147.143	1329	0	20
2025.10.01	20:30:00	147.143	147.168	147.109	147.157	1172	0	20
2025.10.01	21:00:00	147.156	147.219	147.029	147.031	2471	0	20
2025.10.01	21:30:00	147.031	147.081	147.011	147.079	1789	0	20
2025.10.01	22:00:00	147.08	147.149	147.044	147.124	1352	0	20
2025.10.01	22:30:00	147.125	147.137	147.068	147.086	1801	0	20
2025.10.01	23:00:00	147.086	147.155	147.065	147.144	1115	0	20
2025.10.01	23:30:00	147.146	147.154	147.053	147.061	1285	0	22
2025.10.02	00:00:00	147.02	147.035	147.02	147.031	40	0	69
2025.10.02	00:30:00	147.031	147.031	147.018	147.02	108	0	51
2025.10.02	01:00:00	147.023	147.056	147.003	147.023	523	0	21
2025.10.02	01:30:00	147.025	147.035	146.988	146.998	558	0	22
2025.10.02	02:00:00	146.997	147.058	146.988	147.047	519	0	20
2025.10.02	02:30:00	147.046	147.103	147.024	147.099	920	0	20
2025.10.02	03:00:00	147.099	147.309	147.097	147.258	2520	0	20
2025.10.02	03:30:00	147.255	147.313	147.112	147.182	2512	0	20
2025.10.02	04:00:00	147.181	147.216	147.037	147.112	2179	0	20
2025.10.02	04:30:00	147.112	147.113	146.946	146.975	1910	0	20
2025.10.02	05:00:00	146.974	147.048	146.931	147.04	1270	0	20
2025.10.02	05:30:00	147.039	147.176	147.031	147.154	791	0	20
2025.10.02	06:00:00	147.155	147.185	147.092	147.123	749	0	20
2025.10.02	06:30:00	147.123	147.156	147.04	147.074	962	0	20
2025.10.02	07:00:00	147.075	147.169	147.063	147.164	1055	0	20
2025.10.02	07:30:00	147.165	147.19	147.127	147.165	1102	0	20
2025.10.02	08:00:00	147.165	147.257	147.107	147.174	2004	0	20
2025.10.02	08:30:00	147.174	147.209	147.119	147.152	1080	0	20
2025.10.02	09:00:00	147.149	147.157	147.064	147.153	1993	0	20
2025.10.02	09:30:00	147.154	147.368	146.882	147.144	4108	0	20
2025.10.02	10:00:00	147.144	147.201	147.043	147.193	3103	0	20
2025.10.02	10:30:00	147.194	147.205	147.001	147.071	3125	0	20
2025.10.02	11:00:00	147.071	147.072	146.896	146.924	2791	0	20
2025.10.02	11:30:00	146.924	146.957	146.714	146.786	2610	0	20
2025.10.02	12:00:00	146.788	146.798	146.642	146.66	2603	0	20
2025.10.02	12:30:00	146.659	146.672	146.588	146.611	2614	0	20
2025.10.02	13:00:00	146.61	146.707	146.609	146.667	2265	0	20
2025.10.02	13:30:00	146.668	146.757	146.611	146.632	1421	0	20
2025.10.02	14:00:00	146.632	146.703	146.615	146.668	1537	0	20
2025.10.02	14:30:00	146.669	146.849	146.666	146.786	2040	0	20
2025.10.02	15:00:00	146.785	146.946	146.735	146.931	2606	0	20
2025.10.02	15:30:00	146.934	147.189	146.929	147.152	3127	0	20
2025.10.02	16:00:00	147.152	147.161	147.059	147.072	3661	0	20
2025.10.02	16:30:00	147.081	147.261	147.048	147.214	3759	0	20
2025.10.02	17:00:00	147.213	147.318	147.141	147.15	3216	0	20
2025.10.02	17:30:00	147.15	147.333	147.144	147.32	3808	0	20
2025.10.02	18:00:00	147.322	147.451	147.32	147.372	2907	0	20
2025.10.02	18:30:00	147.38	147.505	147.328	147.34	2793	0	20
2025.10.02	19:00:00	147.342	147.356	147.198	147.23	1678	0	20
2025.10.02	19:30:00	147.232	147.255	147.153	147.154	1610	0	20
2025.10.02	20:00:00	147.157	147.182	147.13	147.171	1033	0	20
2025.10.02	20:30:00	147.171	147.226	147.15	147.174	782	0	20
2025.10.02	21:00:00	147.175	147.194	147.152	147.161	804	0	20
2025.10.02	21:30:00	147.163	147.209	147.156	147.202	661	0	20
2025.10.02	22:00:00	147.201	147.206	147.119	147.15	786	0	20
2025.10.02	22:30:00	147.149	147.242	147.139	147.227	754	0	20
2025.10.02	23:00:00	147.23	147.253	147.178	147.224	554	0	20
2025.10.02	23:30:00	147.225	147.282	147.199	147.244	560	0	20
2025.10.03	00:00:00	147.175	147.237	147.175	147.208	107	0	48
2025.10.03	00:30:00	147.198	147.21	147.181	147.196	267	0	55
2025.10.03	01:00:00	147.193	147.214	147.158	147.186	414	0	21
2025.10.03	01:30:00	147.186	147.199	147.154	147.185	498	0	20
2025.10.03	02:00:00	147.182	147.196	147.082	147.106	827	0	20
2025.10.03	02:30:00	147.106	147.158	147.089	147.145	943	0	20
2025.10.03	03:00:00	147.147	147.371	147.146	147.335	1635	0	20
2025.10.03	03:30:00	147.334	147.365	147.238	147.342	2162	0	20
2025.10.03	04:00:00	147.346	147.625	147.171	147.607	3482	0	20
2025.10.03	04:30:00	147.605	147.673	147.474	147.5	1984	0	20
2025.10.03	05:00:00	147.501	147.645	147.489	147.614	1561	0	20
2025.10.03	05:30:00	147.615	147.676	147.592	147.639	1144	0	20
2025.10.03	06:00:00	147.643	147.757	147.627	147.729	1276	0	20
2025.10.03	06:30:00	147.73	147.746	147.604	147.618	1000	0	20
2025.10.03	07:00:00	147.619	147.672	147.583	147.649	724	0	20
2025.10.03	07:30:00	147.651	147.732	147.65	147.714	781	0	20
2025.10.03	08:00:00	147.713	147.764	147.562	147.625	2080	0	20
2025.10.03	08:30:00	147.625	147.806	147.6	147.773	1461	0	20
2025.10.03	09:00:00	147.773	147.793	147.52	147.578	2205	0	20
2025.10.03	09:30:00	147.578	147.648	147.49	147.594	1863	0	20
2025.10.03	10:00:00	147.593	147.672	147.482	147.518	2098	0	20
2025.10.03	10:30:00	147.521	147.521	147.398	147.404	2256	0	20
2025.10.03	11:00:00	147.403	147.416	147.346	147.396	2096	0	20
2025.10.03	11:30:00	147.399	147.429	147.267	147.319	2121	0	20
2025.10.03	12:00:00	147.319	147.424	147.3	147.388	1617	0	20
2025.10.03	12:30:00	147.388	147.396	147.305	147.359	1593	0	20
2025.10.03	13:00:00	147.359	147.372	147.316	147.359	1097	0	20
2025.10.03	13:30:00	147.359	147.38	147.3	147.313	1163	0	20
2025.10.03	14:00:00	147.312	147.411	147.297	147.331	1528	0	20
2025.10.03	14:30:00	147.331	147.335	147.209	147.267	1920	0	20
2025.10.03	15:00:00	147.266	147.356	147.238	147.3	1829	0	20
2025.10.03	15:30:00	147.292	147.401	147.22	147.254	3665	0	20
2025.10.03	16:00:00	147.253	147.344	147.209	147.212	2916	0	20
2025.10.03	16:30:00	147.214	147.373	147.206	147.349	3102	0	20
2025.10.03	17:00:00	147.32	147.508	147.057	147.425	6706	0	20
2025.10.03	17:30:00	147.425	147.498	147.369	147.436	4227	0	20
2025.10.03	18:00:00	147.435	147.481	147.353	147.396	2595	0	20
2025.10.03	18:30:00	147.396	147.409	147.296	147.327	2333	0	20
2025.10.03	19:00:00	147.326	147.493	147.318	147.47	1552	0	20
2025.10.03	19:30:00	147.471	147.526	147.455	147.494	1665	0	20
2025.10.03	20:00:00	147.495	147.504	147.397	147.428	1634	0	20
2025.10.03	20:30:00	147.428	147.503	147.403	147.495	1640	0	20
2025.10.03	21:00:00	147.496	147.534	147.479	147.518	1984	0	20
2025.10.03	21:30:00	147.519	147.52	147.457	147.489	933	0	20
2025.10.03	22:00:00	147.488	147.514	147.459	147.47	1235	0	20
2025.10.03	22:30:00	147.469	147.491	147.446	147.448	826	0	20
2025.10.03	23:00:00	147.448	147.458	147.372	147.422	765	0	20
2025.10.03	23:30:00	147.422	147.504	147.421	147.469	1055	0	22
2025.10.06	00:00:00	149.477	149.483	149.275	149.309	542	0	32
2025.10.06	00:30:00	149.309	149.314	149.09	149.102	838	0	28
2025.10.06	01:00:00	149.102	149.321	149.028	149.196	3784	0	20
2025.10.06	01:30:00	149.192	149.385	149.178	149.316	2020	0	20
2025.10.06	02:00:00	149.31	149.403	149.225	149.387	3589	0	20
2025.10.06	02:30:00	149.388	149.648	149.387	149.572	4296	0	20
2025.10.06	03:00:00	149.566	149.761	149.437	149.721	5486	0	20
2025.10.06	03:30:00	149.722	149.854	149.576	149.695	3942	0	20
2025.10.06	04:00:00	149.697	149.796	149.575	149.764	2817	0	20
2025.10.06	04:30:00	149.766	149.821	149.608	149.761	2879	0	20
2025.10.06	05:00:00	149.762	149.849	149.706	149.832	1846	0	20
2025.10.06	05:30:00	149.832	149.908	149.828	149.861	1282	0	20
2025.10.06	06:00:00	149.86	149.96	149.811	149.951	1500	0	20
2025.10.06	06:30:00	149.951	150.091	149.9	150.05	1945	0	20
2025.10.06	07:00:00	150.051	150.165	149.837	150.13	2514	0	20
2025.10.06	07:30:00	150.13	150.333	150.127	150.303	2802	0	20
2025.10.06	08:00:00	150.306	150.352	150.241	150.335	2059	0	20
2025.10.06	08:30:00	150.334	150.425	150.215	150.247	1880	0	20
2025.10.06	09:00:00	150.244	150.339	150.093	150.122	2863	0	20
2025.10.06	09:30:00	150.123	150.266	149.999	150.021	4219	0	20
2025.10.06	10:00:00	150.022	150.125	149.94	150.012	3593	0	20
2025.10.06	10:30:00	150.018	150.208	149.974	150.019	5850	0	20
2025.10.06	11:00:00	150.016	150.299	149.985	150.23	4393	0	20
2025.10.06	11:30:00	150.229	150.387	150.226	150.357	2600	0	20
2025.10.06	12:00:00	150.358	150.422	150.289	150.362	2542	0	20
2025.10.06	12:30:00	150.367	150.467	150.341	150.365	2166	0	20
2025.10.06	13:00:00	150.366	150.424	150.308	150.38	2090	0	20
2025.10.06	13:30:00	150.381	150.418	150.268	150.272	2260	0	20
2025.10.06	14:00:00	150.272	150.396	150.265	150.288	2732	0	20
2025.10.06	14:30:00	150.287	150.377	150.209	150.361	2941	0	20
2025.10.06	15:00:00	150.363	150.379	149.819	149.936	6034	0	20
2025.10.06	15:30:00	149.936	149.969	149.742	149.773	4958	0	20
2025.10.06	16:00:00	149.771	149.973	149.744	149.957	3407	0	20
2025.10.06	16:30:00	149.957	150.071	149.829	149.923	4707	0	20
2025.10.06	17:00:00	149.924	150.047	149.79	150.006	3950	0	20
2025.10.06	17:30:00	150.001	150.104	149.899	149.951	4127	0	20
2025.10.06	18:00:00	149.952	150.081	149.911	150.059	3231	0	20
2025.10.06	18:30:00	150.06	150.102	150.011	150.015	2030	0	20
2025.10.06	19:00:00	150.015	150.124	149.945	150.121	1714	0	20
2025.10.06	19:30:00	150.124	150.163	150.111	150.151	1098	0	20
2025.10.06	20:00:00	150.149	150.158	150.071	150.147	1297	0	20
2025.10.06	20:30:00	150.15	150.228	150.136	150.196	1122	0	20
2025.10.06	21:00:00	150.195	150.23	150.151	150.165	836	0	20
2025.10.06	21:30:00	150.166	150.311	150.165	150.288	1132	0	20
2025.10.06	22:00:00	150.287	150.31	150.219	150.229	930	0	20
2025.10.06	22:30:00	150.228	150.326	150.214	150.313	837	0	20
2025.10.06	23:00:00	150.312	150.335	150.275	150.304	683	0	20
2025.10.06	23:30:00	150.305	150.386	150.305	150.338	600	0	22
2025.10.07	00:00:00	150.238	150.296	150.19	150.222	176	0	76
2025.10.07	00:30:00	150.222	150.233	150.206	150.229	221	0	75
2025.10.07	01:00:00	150.241	150.314	150.239	150.304	1555	0	25
2025.10.07	01:30:00	150.303	150.376	150.289	150.309	1281	0	20
2025.10.07	02:00:00	150.305	150.381	150.254	150.365	994	0	20
2025.10.07	02:30:00	150.37	150.384	150.273	150.352	1537	0	20
2025.10.07	03:00:00	150.35	150.608	150.348	150.504	3308	0	20
2025.10.07	03:30:00	150.504	150.586	150.412	150.48	2331	0	20
2025.10.07	04:00:00	150.48	150.603	150.356	150.399	1723	0	20
2025.10.07	04:30:00	150.399	150.513	150.387	150.496	1059	0	20
2025.10.07	05:00:00	150.496	150.501	150.328	150.425	1264	0	20
2025.10.07	05:30:00	150.424	150.524	150.404	150.52	701	0	20
2025.10.07	06:00:00	150.521	150.523	150.352	150.374	775	0	20
2025.10.07	06:30:00	150.374	150.443	150.35	150.351	698	0	20
2025.10.07	07:00:00	150.35	150.364	150.276	150.297	668	0	21
2025.10.07	07:30:00	150.298	150.433	150.237	150.405	959	0	20
2025.10.07	08:00:00	150.406	150.514	150.391	150.477	836	0	20
2025.10.07	08:30:00	150.479	150.532	150.428	150.486	1086	0	20
2025.10.07	09:00:00	150.487	150.69	150.486	150.673	2962	0	20
2025.10.07	09:30:00	150.676	150.681	150.57	150.614	2658	0	20
2025.10.07	10:00:00	150.614	150.701	150.526	150.549	2865	0	20
2025.10.07	10:30:00	150.551	150.641	150.546	150.612	2250	0	20
2025.10.07	11:00:00	150.612	150.662	150.513	150.655	1727	0	20
2025.10.07	11:30:00	150.656	150.821	150.64	150.783	2061	0	20
2025.10.07	12:00:00	150.782	150.82	150.737	150.77	2066	0	20
2025.10.07	12:30:00	150.771	150.803	150.716	150.744	1853	0	20
2025.10.07	13:00:00	150.744	150.776	150.709	150.747	1122	0	20
2025.10.07	13:30:00	150.748	150.787	150.696	150.762	1427	0	20
2025.10.07	14:00:00	150.764	150.868	150.753	150.865	1339	0	20
2025.10.07	14:30:00	150.867	150.94	150.832	150.886	1798	0	20
2025.10.07	15:00:00	150.887	151.017	150.828	150.903	2533	0	20
2025.10.07	15:30:00	150.903	150.946	150.793	150.821	2642	0	20
2025.10.07	16:00:00	150.822	150.873	150.722	150.781	2778	0	20
2025.10.07	16:30:00	150.782	150.931	150.769	150.924	2757	0	20
2025.10.07	17:00:00	150.926	151.106	150.9	151.038	3491	0	20
2025.10.07	17:30:00	151.04	151.195	151.028	151.167	3100	0	20
2025.10.07	18:00:00	151.166	151.195	150.97	151.122	3248	0	20
2025.10.07	18:30:00	151.121	151.18	151.042	151.165	3146	0	20
2025.10.07	19:00:00	151.167	151.225	151.089	151.18	2150	0	20
2025.10.07	19:30:00	151.181	151.399	151.181	151.316	2373	0	20
2025.10.07	20:00:00	151.315	151.435	151.24	151.432	2114	0	20
2025.10.07	20:30:00	151.431	151.524	151.429	151.508	2095	0	20
2025.10.07	21:00:00	151.508	151.771	151.485	151.739	2308	0	20
2025.10.07	21:30:00	151.738	151.925	151.738	151.813	2181	0	20
2025.10.07	22:00:00	151.814	151.872	151.733	151.839	1624	0	20
2025.10.07	22:30:00	151.84	151.943	151.831	151.895	1222	0	20
2025.10.07	23:00:00	151.897	152.033	151.897	151.944	1072	0	20
2025.10.07	23:30:00	151.947	151.964	151.868	151.88	762	0	21
2025.10.08	00:00:00	151.877	151.905	151.865	151.873	197	0	35
2025.10.08	00:30:00	151.873	151.881	151.825	151.837	278	0	31
2025.10.08	01:00:00	151.861	151.875	151.725	151.822	792	0	22
2025.10.08	01:30:00	151.823	151.881	151.804	151.805	630	0	20
2025.10.08	02:00:00	151.806	152.084	151.785	151.945	1673	0	20
2025.10.08	02:30:00	151.945	152.061	151.919	152.045	1951	0	20
2025.10.08	03:00:00	152.046	152.328	152.044	152.295	3683	0	20
2025.10.08	03:30:00	152.296	152.366	152.125	152.297	3289	0	20
2025.10.08	04:00:00	152.296	152.509	152.261	152.454	3475	0	20
2025.10.08	04:30:00	152.448	152.593	152.38	152.591	2411	0	20
2025.10.08	05:00:00	152.591	152.637	152.493	152.508	2550	0	20
2025.10.08	05:30:00	152.509	152.513	152.294	152.473	1370	0	20
2025.10.08	06:00:00	152.474	152.554	152.47	152.493	706	0	20
2025.10.08	06:30:00	152.497	152.531	152.392	152.401	1010	0	20
2025.10.08	07:00:00	152.401	152.482	152.364	152.451	890	0	20
2025.10.08	07:30:00	152.451	152.475	152.297	152.354	1086	0	20
2025.10.08	08:00:00	152.355	152.4	152.292	152.314	1390	0	20
2025.10.08	08:30:00	152.315	152.43	152.275	152.391	1518	0	20
2025.10.08	09:00:00	152.391	152.512	152.241	152.458	4058	0	20
2025.10.08	09:30:00	152.452	152.503	152.319	152.333	3432	0	20
2025.10.08	10:00:00	152.333	152.517	152.319	152.464	3108	0	20
2025.10.08	10:30:00	152.465	152.543	152.341	152.532	3500	0	20
2025.10.08	11:00:00	152.533	152.556	152.366	152.395	3132	0	20
2025.10.08	11:30:00	152.395	152.775	152.382	152.734	3126	0	20
2025.10.08	12:00:00	152.734	152.89	152.708	152.863	2756	0	20
2025.10.08	12:30:00	152.864	152.988	152.845	152.961	2394	0	20
2025.10.08	13:00:00	152.962	152.987	152.752	152.78	1803	0	20
2025.10.08	13:30:00	152.781	152.924	152.641	152.718	1565	0	20
2025.10.08	14:00:00	152.697	152.838	152.645	152.669	2224	0	20
2025.10.08	14:30:00	152.668	152.75	152.633	152.683	1604	0	20
2025.10.08	15:00:00	152.682	152.737	152.597	152.612	3023	0	20
2025.10.08	15:30:00	152.613	152.688	152.427	152.497	2902	0	20
2025.10.08	16:00:00	152.496	152.564	152.363	152.541	3104	0	20
2025.10.08	16:30:00	152.54	152.654	152.468	152.58	4464	0	20
2025.10.08	17:00:00	152.58	152.661	152.512	152.557	3188	0	20
2025.10.08	17:30:00	152.558	152.571	152.422	152.505	2757	0	20
2025.10.08	18:00:00	152.505	152.698	152.501	152.628	1964	0	20
2025.10.08	18:30:00	152.627	152.778	152.626	152.711	2296	0	20
2025.10.08	19:00:00	152.71	152.778	152.681	152.733	1739	0	20
2025.10.08	19:30:00	152.732	152.787	152.726	152.747	1474	0	20
2025.10.08	20:00:00	152.745	152.804	152.735	152.782	1329	0	20
2025.10.08	20:30:00	152.783	152.875	152.766	152.858	1249	0	20
2025.10.08	21:00:00	152.857	152.935	152.783	152.789	2663	0	20
2025.10.08	21:30:00	152.789	152.794	152.636	152.71	1373	0	20
2025.10.08	22:00:00	152.708	152.743	152.63	152.699	1670	0	20
2025.10.08	22:30:00	152.702	152.734	152.66	152.699	1059	0	20
2025.10.08	23:00:00	152.698	152.724	152.665	152.698	748	0	20
2025.10.08	23:30:00	152.699	152.713	152.64	152.681	897	0	21
2025.10.09	00:00:00	152.598	152.63	152.525	152.626	80	0	92
2025.10.09	00:30:00	152.628	152.636	152.503	152.624	117	0	76
2025.10.09	01:00:00	152.624	152.66	152.571	152.601	855	0	20
2025.10.09	01:30:00	152.599	152.614	152.48	152.518	1060	0	20
2025.10.09	02:00:00	152.517	152.711	152.452	152.665	1673	0	20
2025.10.09	02:30:00	152.663	152.7	152.533	152.698	2246	0	20
2025.10.09	03:00:00	152.697	152.729	152.468	152.542	3464	0	20
2025.10.09	03:30:00	152.541	152.694	152.444	152.694	3185	0	20
2025.10.09	04:00:00	152.694	152.755	152.454	152.454	3955	0	20
2025.10.09	04:30:00	152.454	152.599	152.397	152.51	2145	0	20
2025.10.09	05:00:00	152.51	152.595	152.499	152.545	1123	0	20
2025.10.09	05:30:00	152.545	152.585	152.4	152.452	1044	0	20
2025.10.09	06:00:00	152.454	152.569	152.444	152.511	1115	0	20
2025.10.09	06:30:00	152.509	152.528	152.475	152.501	796	0	20
2025.10.09	07:00:00	152.501	152.587	152.499	152.581	551	0	20
2025.10.09	07:30:00	152.582	152.584	152.44	152.459	721	0	20
2025.10.09	08:00:00	152.461	152.533	152.456	152.531	831	0	20
2025.10.09	08:30:00	152.531	152.644	152.497	152.624	1092	0	20
2025.10.09	09:00:00	152.626	153.018	152.624	152.98	3414	0	20
2025.10.09	09:30:00	152.984	153.125	152.934	152.968	4476	0	20
2025.10.09	10:00:00	152.964	153.046	152.839	153.015	3259	0	20
2025.10.09	10:30:00	153.015	153.209	152.956	153.057	3260	0	20
2025.10.09	11:00:00	153.056	153.128	153.004	153.015	3294	0	20
2025.10.09	11:30:00	153.016	153.091	152.747	152.791	2699	0	20
2025.10.09	12:00:00	152.79	152.845	152.465	152.699	4467	0	20
2025.10.09	12:30:00	152.7	152.727	152.506	152.545	2523	0	20
2025.10.09	13:00:00	152.544	152.652	152.485	152.626	1592	0	20
2025.10.09	13:30:00	152.626	152.738	152.625	152.649	1728	0	20
2025.10.09	14:00:00	152.648	152.814	152.643	152.711	1844	0	20
2025.10.09	14:30:00	152.713	152.83	152.649	152.784	1771	0	20
2025.10.09	15:00:00	152.784	152.821	152.709	152.731	3231	0	20
2025.10.09	15:30:00	152.729	152.834	152.644	152.737	3266	0	20
2025.10.09	16:00:00	152.735	152.858	152.099	152.623	6736	0	20
2025.10.09	16:30:00	152.622	152.945	152.614	152.855	4972	0	20
2025.10.09	17:00:00	152.855	153.174	152.852	153.142	4465	0	20
2025.10.09	17:30:00	153.142	153.167	152.911	153.032	3464	0	20
2025.10.09	18:00:00	153.032	153.166	153.011	153.15	2746	0	20
2025.10.09	18:30:00	153.151	153.221	152.935	153.041	4258	0	20
2025.10.09	19:00:00	153.041	153.092	152.982	153.027	2829	0	20
2025.10.09	19:30:00	153.03	153.137	152.983	152.992	3368	0	20
2025.10.09	20:00:00	152.993	153.067	152.901	152.903	3686	0	20
2025.10.09	20:30:00	152.899	153.088	152.898	153.042	2432	0	20
2025.10.09	21:00:00	153.041	153.07	152.989	153.065	1674	0	20
2025.10.09	21:30:00	153.067	153.203	153.05	153.169	1982	0	20
2025.10.09	22:00:00	153.168	153.17	153.085	153.13	1838	0	20
2025.10.09	22:30:00	153.13	153.152	153.038	153.056	2161	0	20
2025.10.09	23:00:00	153.062	153.087	153.01	153.03	899	0	20
2025.10.09	23:30:00	153.03	153.088	152.995	153.059	1156	0	20
2025.10.10	00:00:00	152.951	153.05	152.9	153.05	127	0	65
2025.10.10	00:30:00	153.05	153.052	153.036	153.042	121	0	41
2025.10.10	01:00:00	153.042	153.072	152.96	153.051	805	0	20
2025.10.10	01:30:00	153.052	153.061	153.019	153.019	394	0	20
2025.10.10	02:00:00	153.019	153.262	153.019	153.066	2172	0	20
2025.10.10	02:30:00	153.066	153.113	152.953	153.014	2458	0	20
2025.10.10	03:00:00	153.014	153.154	152.95	153.071	3075	0	20
2025.10.10	03:30:00	153.075	153.125	152.935	152.946	2766	0	20
2025.10.10	04:00:00	152.945	152.993	152.829	152.91	2644	0	20
2025.10.10	04:30:00	152.907	153.04	152.906	153.01	1742	0	20
2025.10.10	05:00:00	153.01	153.024	152.856	152.873	1749	0	20
2025.10.10	05:30:00	152.872	152.953	152.855	152.903	1066	0	20
2025.10.10	06:00:00	152.907	152.925	152.785	152.819	1241	0	20
2025.10.10	06:30:00	152.819	152.828	152.635	152.655	1429	0	20
2025.10.10	07:00:00	152.654	152.754	152.628	152.723	1104	0	20
2025.10.10	07:30:00	152.724	152.82	152.724	152.742	986	0	20
2025.10.10	08:00:00	152.742	152.769	152.676	152.748	1260	0	20
2025.10.10	08:30:00	152.749	152.839	152.741	152.821	1640	0	20
2025.10.10	09:00:00	152.817	152.906	152.81	152.843	2001	0	20
2025.10.10	09:30:00	152.843	152.887	152.366	152.521	5613	0	20
2025.10.10	10:00:00	152.521	152.939	152.475	152.879	6099	0	20
2025.10.10	10:30:00	152.879	152.907	152.795	152.836	3463	0	20
2025.10.10	11:00:00	152.837	152.926	152.583	152.631	3592	0	20
2025.10.10	11:30:00	152.632	152.749	152.631	152.635	2840	0	20
2025.10.10	12:00:00	152.635	152.779	152.601	152.765	2750	0	20
2025.10.10	12:30:00	152.764	152.836	152.747	152.783	2221	0	20
2025.10.10	13:00:00	152.78	152.803	152.621	152.67	2067	0	20
2025.10.10	13:30:00	152.669	152.738	152.66	152.71	1533	0	20
2025.10.10	14:00:00	152.71	152.749	152.661	152.693	1688	0	20
2025.10.10	14:30:00	152.694	152.731	152.534	152.624	2474	0	20
2025.10.10	15:00:00	152.623	152.64	152.507	152.561	2369	0	20
2025.10.10	15:30:00	152.562	152.603	152.507	152.546	1958	0	20
2025.10.10	16:00:00	152.547	152.68	152.519	152.638	3134	0	20
2025.10.10	16:30:00	152.634	152.681	152.58	152.645	3609	0	20
2025.10.10	17:00:00	152.647	152.701	152.543	152.614	4035	0	20
2025.10.10	17:30:00	152.616	152.637	152.408	152.45	3364	0	20
2025.10.10	18:00:00	152.448	152.448	151.6	151.601	9526	0	20
2025.10.10	18:30:00	151.6	151.957	151.494	151.933	9151	0	20
2025.10.10	19:00:00	151.933	152.176	151.832	152.075	6268	0	20
2025.10.10	19:30:00	152.074	152.125	151.858	151.878	4593	0	20
2025.10.10	20:00:00	151.877	151.937	151.71	151.831	4678	0	20
2025.10.10	20:30:00	151.83	151.933	151.823	151.857	3030	0	20
2025.10.10	21:00:00	151.857	151.889	151.742	151.754	2819	0	20
2025.10.10	21:30:00	151.753	151.776	151.622	151.707	2917	0	20
2025.10.10	22:00:00	151.706	151.795	151.63	151.636	2540	0	20
2025.10.10	22:30:00	151.627	151.678	151.52	151.579	2689	0	20
2025.10.10	23:00:00	151.579	151.668	151.564	151.63	1252	0	20
2025.10.10	23:30:00	151.63	151.712	151.154	151.162	2347	0	20
2025.10.13	00:00:00	151.847	151.888	151.773	151.869	145	0	47
2025.10.13	00:30:00	151.869	151.892	151.783	151.783	252	0	39
2025.10.13	01:00:00	151.784	152.267	151.782	152.045	2848	0	20
2025.10.13	01:30:00	152.043	152.068	151.855	151.925	2117	0	20
2025.10.13	02:00:00	151.918	151.945	151.729	151.879	2795	0	20
2025.10.13	02:30:00	151.879	152.077	151.815	152.058	3556	0	20
2025.10.13	03:00:00	152.057	152.067	151.903	151.958	4814	0	20
2025.10.13	03:30:00	151.959	151.997	151.791	151.834	3713	0	20
2025.10.13	04:00:00	151.835	151.968	151.798	151.947	3632	0	20
2025.10.13	04:30:00	151.946	151.965	151.883	151.946	2709	0	20
2025.10.13	05:00:00	151.946	151.964	151.84	151.95	1951	0	20
2025.10.13	05:30:00	151.951	151.975	151.922	151.926	1396	0	20
2025.10.13	06:00:00	151.926	151.976	151.891	151.97	1136	0	20
2025.10.13	06:30:00	151.972	152.003	151.905	151.92	1438	0	20
2025.10.13	07:00:00	151.92	151.957	151.798	151.866	871	0	20
2025.10.13	07:30:00	151.865	151.945	151.843	151.901	793	0	20
2025.10.13	08:00:00	151.896	151.902	151.755	151.82	1209	0	20
2025.10.13	08:30:00	151.821	151.89	151.78	151.866	1458	0	20
2025.10.13	09:00:00	151.863	151.916	151.712	151.817	3254	0	20
2025.10.13	09:30:00	151.816	152.014	151.782	151.932	3150	0	20
2025.10.13	10:00:00	151.933	152.302	151.901	152.268	4182	0	20
2025.10.13	10:30:00	152.267	152.364	152.212	152.289	2974	0	20
2025.10.13	11:00:00	152.293	152.361	152.24	152.353	2261	0	20
2025.10.13	11:30:00	152.354	152.438	152.266	152.33	2392	0	20
2025.10.13	12:00:00	152.331	152.359	152.197	152.22	1497	0	20
2025.10.13	12:30:00	152.22	152.239	152.15	152.161	1952	0	20
2025.10.13	13:00:00	152.16	152.221	152.125	152.186	1996	0	20
2025.10.13	13:30:00	152.185	152.188	152.117	152.159	1378	0	20
2025.10.13	14:00:00	152.16	152.162	151.968	152.013	3656	0	20
2025.10.13	14:30:00	152.013	152.128	151.975	152.097	2468	0	20
2025.10.13	15:00:00	152.094	152.132	152.041	152.117	2419	0	20
2025.10.13	15:30:00	152.116	152.258	152.096	152.204	3001	0	20
2025.10.13	16:00:00	152.204	152.253	152.15	152.155	2666	0	20
2025.10.13	16:30:00	152.154	152.21	152.094	152.178	3284	0	20
2025.10.13	17:00:00	152.18	152.399	152.171	152.371	3622	0	20
2025.10.13	17:30:00	152.371	152.438	152.301	152.363	3392	0	20
2025.10.13	18:00:00	152.363	152.382	152.251	152.295	2996	0	20
2025.10.13	18:30:00	152.296	152.309	152.232	152.249	2388	0	20
2025.10.13	19:00:00	152.249	152.256	152.188	152.234	1830	0	20
2025.10.13	19:30:00	152.234	152.29	152.232	152.269	1118	0	21
2025.10.13	20:00:00	152.27	152.337	152.238	152.255	998	0	20
2025.10.13	20:30:00	152.254	152.275	152.221	152.253	1441	0	20
2025.10.13	21:00:00	152.255	152.256	152.216	152.241	816	0	21
2025.10.13	21:30:00	152.242	152.325	152.208	152.275	1137	0	20
2025.10.13	22:00:00	152.274	152.278	152.243	152.265	964	0	20
2025.10.13	22:30:00	152.265	152.315	152.253	152.314	869	0	20
2025.10.13	23:00:00	152.313	152.34	152.29	152.335	858	0	20
2025.10.13	23:30:00	152.336	152.339	152.261	152.28	1161	0	20
2025.10.14	00:00:00	152.144	152.159	152.124	152.146	76	0	137
2025.10.14	00:30:00	152.147	152.226	152.105	152.181	747	0	61
2025.10.14	01:00:00	152.181	152.261	152.179	152.261	485	0	20
2025.10.14	01:30:00	152.261	152.335	152.252	152.332	469	0	20
2025.10.14	02:00:00	152.331	152.368	152.299	152.334	874	0	20
2025.10.14	02:30:00	152.335	152.45	152.269	152.446	1728	0	20
2025.10.14	03:00:00	152.445	152.568	152.417	152.561	3423	0	20
2025.10.14	03:30:00	152.561	152.603	152.427	152.456	2519	0	20
2025.10.14	04:00:00	152.455	152.489	152.343	152.466	2914	0	20
2025.10.14	04:30:00	152.464	152.488	152.37	152.447	2293	0	20
2025.10.14	05:00:00	152.448	152.466	152.385	152.434	1412	0	20
2025.10.14	05:30:00	152.435	152.475	152.349	152.37	1673	0	20
2025.10.14	06:00:00	152.37	152.383	152.285	152.302	1520	0	20
2025.10.14	06:30:00	152.303	152.303	152.038	152.138	1710	0	20
2025.10.14	07:00:00	152.137	152.139	151.771	151.837	3903	0	20
2025.10.14	07:30:00	151.837	151.917	151.771	151.849	3211	0	20
2025.10.14	08:00:00	151.849	151.935	151.799	151.88	2290	0	20
2025.10.14	08:30:00	151.882	151.891	151.661	151.703	4067	0	20
2025.10.14	09:00:00	151.703	151.884	151.606	151.752	4692	0	20
2025.10.14	09:30:00	151.752	151.965	151.752	151.885	3646	0	20
2025.10.14	10:00:00	151.886	151.956	151.663	151.947	4742	0	20
2025.10.14	10:30:00	151.947	152.063	151.832	151.951	5665	0	20
2025.10.14	11:00:00	151.954	152.114	151.924	152.059	3998	0	20
2025.10.14	11:30:00	152.059	152.067	151.921	151.966	2788	0	20
2025.10.14	12:00:00	151.965	152.143	151.964	152.052	2372	0	20
2025.10.14	12:30:00	152.053	152.107	151.963	152.1	2596	0	20
2025.10.14	13:00:00	152.101	152.114	151.954	152.01	2915	0	20
2025.10.14	13:30:00	152.006	152.02	151.903	151.937	2573	0	20
2025.10.14	14:00:00	151.936	152.077	151.93	152.03	2629	0	20
2025.10.14	14:30:00	152.027	152.117	152.001	152.083	2241	0	20
2025.10.14	15:00:00	152.084	152.117	151.851	151.922	2989	0	20
2025.10.14	15:30:00	151.922	152.091	151.858	152.036	3007	0	20
2025.10.14	16:00:00	152.035	152.152	151.931	151.969	4222	0	20
2025.10.14	16:30:00	151.971	152.047	151.81	151.987	5718	0	20
2025.10.14	17:00:00	151.987	152.078	151.91	152.071	5041	0	20
2025.10.14	17:30:00	152.071	152.093	151.82	151.821	4368	0	20
2025.10.14	18:00:00	151.82	151.927	151.785	151.833	3434	0	20
2025.10.14	18:30:00	151.833	151.879	151.73	151.771	4863	0	20
2025.10.14	19:00:00	151.77	151.907	151.671	151.811	4138	0	20
2025.10.14	19:30:00	151.811	151.861	151.657	151.724	2592	0	20
2025.10.14	20:00:00	151.725	151.858	151.663	151.835	2249	0	20
2025.10.14	20:30:00	151.836	151.84	151.697	151.719	1743	0	20
2025.10.14	21:00:00	151.72	151.778	151.688	151.756	2189	0	20
2025.10.14	21:30:00	151.757	151.791	151.726	151.752	2218	0	20
2025.10.14	22:00:00	151.751	151.765	151.698	151.729	1838	0	20
2025.10.14	22:30:00	151.728	151.731	151.593	151.676	3783	0	20
2025.10.14	23:00:00	151.677	151.788	151.677	151.776	1021	0	20
2025.10.14	23:30:00	151.776	151.818	151.776	151.818	774	0	20
2025.10.15	00:00:00	151.714	151.735	151.647	151.735	72	0	117
2025.10.15	00:30:00	151.735	151.741	151.67	151.688	166	0	89
2025.10.15	01:00:00	151.688	151.861	151.684	151.786	933	0	20
2025.10.15	01:30:00	151.783	151.82	151.732	151.796	1111	0	20
2025.10.15	02:00:00	151.795	151.84	151.731	151.764	1001	0	20
2025.10.15	02:30:00	151.765	151.789	151.683	151.692	1318	0	20
2025.10.15	03:00:00	151.698	151.825	151.621	151.709	2985	0	20
2025.10.15	03:30:00	151.708	151.743	151.485	151.553	3559	0	20
2025.10.15	04:00:00	151.544	151.594	151.311	151.384	3122	0	20
2025.10.15	04:30:00	151.385	151.443	151.289	151.292	1987	0	20
2025.10.15	05:00:00	151.292	151.304	151.094	151.152	2507	0	20
2025.10.15	05:30:00	151.152	151.167	151.022	151.047	2251	0	20
2025.10.15	06:00:00	151.046	151.101	150.993	151.078	1396	0	20
2025.10.15	06:30:00	151.077	151.156	151.07	151.127	1007	0	20
2025.10.15	07:00:00	151.127	151.207	151.079	151.181	1066	0	20
2025.10.15	07:30:00	151.18	151.24	151.175	151.236	796	0	20
2025.10.15	08:00:00	151.243	151.26	151.133	151.134	1134	0	20
2025.10.15	08:30:00	151.136	151.238	151.1	151.192	1608	0	20
2025.10.15	09:00:00	151.192	151.195	150.888	151.022	3197	0	20
2025.10.15	09:30:00	151.022	151.092	150.959	151.026	2355	0	20
2025.10.15	10:00:00	151.028	151.258	150.973	151.247	3046	0	20
2025.10.15	10:30:00	151.25	151.285	151.085	151.234	2449	0	20
2025.10.15	11:00:00	151.235	151.387	151.175	151.234	3789	0	20
2025.10.15	11:30:00	151.228	151.247	151.114	151.208	2580	0	20
2025.10.15	12:00:00	151.208	151.395	151.208	151.381	3183	0	20
2025.10.15	12:30:00	151.381	151.423	151.317	151.334	2891	0	20
2025.10.15	13:00:00	151.335	151.484	151.328	151.429	2519	0	20
2025.10.15	13:30:00	151.428	151.456	151.335	151.355	1650	0	20
2025.10.15	14:00:00	151.355	151.392	151.309	151.35	1566	0	20
2025.10.15	14:30:00	151.349	151.5	151.34	151.486	2251	0	20
2025.10.15	15:00:00	151.486	151.676	151.445	151.526	3936	0	20
2025.10.15	15:30:00	151.526	151.656	151.512	151.625	4876	0	20
2025.10.15	16:00:00	151.626	151.727	151.6	151.626	3684	0	20
2025.10.15	16:30:00	151.624	151.692	151.387	151.393	5720	0	20
2025.10.15	17:00:00	151.391	151.5	151.305	151.343	3362	0	20
2025.10.15	17:30:00	151.343	151.444	151.311	151.39	2289	0	20
2025.10.15	18:00:00	151.391	151.45	151.17	151.219	3063	0	20
2025.10.15	18:30:00	151.217	151.26	151.028	151.21	4002	0	20
2025.10.15	19:00:00	151.208	151.311	151.181	151.215	3502	0	20
2025.10.15	19:30:00	151.215	151.266	151.165	151.181	2415	0	20
2025.10.15	20:00:00	151.182	151.262	151.055	151.253	3901	0	20
2025.10.15	20:30:00	151.253	151.332	151.236	151.322	2125	0	20
2025.10.15	21:00:00	151.321	151.38	151.207	151.256	2904	0	20
2025.10.15	21:30:00	151.255	151.351	151.244	151.323	2226	0	20
2025.10.15	22:00:00	151.323	151.333	151.232	151.255	1280	0	20
2025.10.15	22:30:00	151.256	151.269	151.222	151.246	1502	0	20
2025.10.15	23:00:00	151.244	151.264	151.177	151.208	1254	0	20
2025.10.15	23:30:00	151.208	151.209	151.03	151.038	1441	0	20
2025.10.16	00:00:00	151.02	151.122	151.008	151.11	130	0	44
2025.10.16	00:30:00	151.111	151.111	150.999	151.029	153	0	51
2025.10.16	01:00:00	151.078	151.078	151.0	151.052	704	0	20
2025.10.16	01:30:00	151.053	151.059	150.74	150.905	1490	0	20
2025.10.16	02:00:00	150.905	151.027	150.87	150.999	1126	0	20
2025.10.16	02:30:00	150.999	151.012	150.899	150.978	1746	0	20
2025.10.16	03:00:00	150.977	151.081	150.569	150.579	3983	0	20
2025.10.16	03:30:00	150.579	150.705	150.501	150.696	4077	0	20
2025.10.16	04:00:00	150.698	150.756	150.632	150.661	3194	0	20
2025.10.16	04:30:00	150.66	150.716	150.502	150.587	2782	0	20
2025.10.16	05:00:00	150.586	150.724	150.557	150.72	1828	0	20
2025.10.16	05:30:00	150.72	150.768	150.683	150.763	1904	0	20
2025.10.16	06:00:00	150.764	150.868	150.718	150.815	1800	0	20
2025.10.16	06:30:00	150.818	150.876	150.813	150.86	1528	0	20
2025.10.16	07:00:00	150.861	150.936	150.853	150.936	812	0	20
2025.10.16	07:30:00	150.932	151.102	150.93	151.029	1032	0	20
2025.10.16	08:00:00	151.029	151.181	151.007	151.079	2139	0	20
2025.10.16	08:30:00	151.08	151.159	151.029	151.046	2886	0	20
2025.10.16	09:00:00	151.047	151.111	150.951	151.063	4088	0	20
2025.10.16	09:30:00	151.064	151.26	151.064	151.19	2848	0	20
2025.10.16	10:00:00	151.192	151.22	151.017	151.07	3395	0	20
2025.10.16	10:30:00	151.072	151.372	150.931	151.232	3131	0	20
2025.10.16	11:00:00	151.233	151.277	151.049	151.125	3035	0	20
2025.10.16	11:30:00	151.126	151.245	151.104	151.232	1681	0	20
2025.10.16	12:00:00	151.231	151.388	151.231	151.381	1835	0	20
2025.10.16	12:30:00	151.377	151.381	151.234	151.28	2295	0	20
2025.10.16	13:00:00	151.28	151.29	151.185	151.189	1920	0	20
2025.10.16	13:30:00	151.189	151.236	151.152	151.168	2146	0	20
2025.10.16	14:00:00	151.167	151.353	151.15	151.347	2339	0	20
2025.10.16	14:30:00	151.346	151.364	151.202	151.231	2877	0	20
2025.10.16	15:00:00	151.23	151.272	151.119	151.128	2693	0	20
2025.10.16	15:30:00	151.153	151.21	151.022	151.088	3961	0	20
2025.10.16	16:00:00	151.086	151.276	151.055	151.133	4920	0	20
2025.10.16	16:30:00	151.133	151.231	151.007	151.09	4097	0	20
2025.10.16	17:00:00	151.089	151.112	150.856	150.889	4442	0	20
2025.10.16	17:30:00	150.891	150.908	150.744	150.763	4342	0	20
2025.10.16	18:00:00	150.765	150.857	150.732	150.756	3250	0	20
2025.10.16	18:30:00	150.756	150.817	150.712	150.744	2922	0	20
2025.10.16	19:00:00	150.743	150.783	150.534	150.566	2905	0	20
2025.10.16	19:30:00	150.566	150.566	150.224	150.388	7620	0	20
2025.10.16	20:00:00	150.389	150.461	150.264	150.378	6158	0	20
2025.10.16	20:30:00	150.377	150.423	150.243	150.323	5070	0	20
2025.10.16	21:00:00	150.324	150.364	150.21	150.35	5139	0	20
2025.10.16	21:30:00	150.35	150.412	150.282	150.325	3782	0	20
2025.10.16	22:00:00	150.325	150.391	150.264	150.32	2582	0	20
2025.10.16	22:30:00	150.322	150.418	150.202	150.386	3051	0	20
2025.10.16	23:00:00	150.387	150.425	150.334	150.364	986	0	20
2025.10.16	23:30:00	150.371	150.439	150.366	150.408	1030	0	20
2025.10.17	00:00:00	150.344	150.376	150.318	150.374	72	0	85
2025.10.17	00:30:00	150.373	150.422	150.331	150.355	186	0	53
2025.10.17	01:00:00	150.354	150.421	150.246	150.314	1430	0	20
2025.10.17	01:30:00	150.314	150.336	150.232	150.249	1829	0	20
2025.10.17	02:00:00	150.247	150.281	150.109	150.125	1609	0	20
2025.10.17	02:30:00	150.125	150.145	150.042	150.138	2104	0	20
2025.10.17	03:00:00	150.137	150.218	150.034	150.142	3896	0	20
2025.10.17	03:30:00	150.141	150.221	150.037	150.219	3218	0	20
2025.10.17	04:00:00	150.219	150.324	150.163	150.317	3234	0	20
2025.10.17	04:30:00	150.317	150.351	150.228	150.304	3615	0	20
2025.10.17	05:00:00	150.304	150.379	150.115	150.129	2729	0	20
2025.10.17	05:30:00	150.13	150.22	150.049	150.172	1692	0	20
2025.10.17	06:00:00	150.171	150.171	150.057	150.099	1169	0	20
2025.10.17	06:30:00	150.098	150.124	149.883	150.002	2789	0	20
2025.10.17	07:00:00	150.004	150.129	149.969	150.101	1601	0	20
2025.10.17	07:30:00	150.1	150.101	149.929	149.953	1563	0	20
2025.10.17	08:00:00	149.953	149.962	149.849	149.916	1979	0	20
2025.10.17	08:30:00	149.917	149.921	149.726	149.739	2190	0	20
2025.10.17	09:00:00	149.735	149.898	149.702	149.783	3164	0	20
2025.10.17	09:30:00	149.785	149.967	149.616	149.62	4531	0	20
2025.10.17	10:00:00	149.621	149.722	149.367	149.61	7140	0	20
2025.10.17	10:30:00	149.608	149.773	149.557	149.691	6400	0	20
2025.10.17	11:00:00	149.692	149.849	149.573	149.769	4778	0	20
2025.10.17	11:30:00	149.768	149.905	149.66	149.77	3811	0	20
2025.10.17	12:00:00	149.765	149.855	149.704	149.818	2995	0	20
2025.10.17	12:30:00	149.818	149.893	149.594	149.661	3235	0	20
2025.10.17	13:00:00	149.661	149.813	149.659	149.692	4222	0	20
2025.10.17	13:30:00	149.692	149.951	149.685	149.919	4066	0	20
2025.10.17	14:00:00	149.92	150.288	149.86	150.272	6241	0	20
2025.10.17	14:30:00	150.27	150.321	150.112	150.224	4617	0	20
2025.10.17	15:00:00	150.225	150.506	150.218	150.444	6280	0	20
2025.10.17	15:30:00	150.445	150.532	150.364	150.374	5160	0	20
2025.10.17	16:00:00	150.374	150.437	150.202	150.224	4504	0	20
2025.10.17	16:30:00	150.227	150.431	150.15	150.349	7177	0	20
2025.10.17	17:00:00	150.347	150.577	150.337	150.552	7126	0	20
2025.10.17	17:30:00	150.549	150.581	150.389	150.415	5979	0	20
2025.10.17	18:00:00	150.415	150.443	150.241	150.31	4024	0	20
2025.10.17	18:30:00	150.309	150.365	150.195	150.329	3262	0	20
2025.10.17	19:00:00	150.329	150.491	150.329	150.408	2787	0	20
2025.10.17	19:30:00	150.408	150.438	150.328	150.398	3661	0	20
2025.10.17	20:00:00	150.398	150.444	150.355	150.38	2479	0	20
2025.10.17	20:30:00	150.376	150.48	150.356	150.476	2584	0	20
2025.10.17	21:00:00	150.475	150.512	150.398	150.42	2200	0	20
2025.10.17	21:30:00	150.42	150.524	150.42	150.488	2166	0	20
2025.10.17	22:00:00	150.488	150.489	150.443	150.477	1735	0	20
2025.10.17	22:30:00	150.477	150.51	150.456	150.47	1381	0	20
2025.10.17	23:00:00	150.472	150.571	150.463	150.569	1031	0	20
2025.10.17	23:30:00	150.568	150.627	150.518	150.615	1491	0	21
2025.10.20	00:00:00	150.364	150.463	150.357	150.404	96	0	50
2025.10.20	00:30:00	150.409	150.425	150.317	150.384	305	0	103
2025.10.20	01:00:00	150.386	150.896	150.376	150.829	1700	0	20
2025.10.20	01:30:00	150.829	150.861	150.725	150.813	1293	0	20
2025.10.20	02:00:00	150.828	150.955	150.809	150.827	1831	0	20
2025.10.20	02:30:00	150.827	150.928	150.805	150.908	1292	0	20
2025.10.20	03:00:00	150.907	150.964	150.754	150.84	3383	0	20
2025.10.20	03:30:00	150.84	150.968	150.76	150.899	2969	0	20
2025.10.20	04:00:00	150.898	151.19	150.855	151.136	2860	0	20
2025.10.20	04:30:00	151.135	151.135	150.89	150.959	1949	0	20
2025.10.20	05:00:00	150.954	150.987	150.801	150.803	1722	0	20
2025.10.20	05:30:00	150.803	150.883	150.799	150.854	1565	0	20
2025.10.20	06:00:00	150.853	150.876	150.792	150.815	1077	0	20
2025.10.20	06:30:00	150.816	150.837	150.642	150.713	1656	0	20
2025.10.20	07:00:00	150.712	150.759	150.6	150.607	1304	0	20
2025.10.20	07:30:00	150.606	150.641	150.503	150.588	1545	0	20
2025.10.20	08:00:00	150.588	150.618	150.513	150.528	2060	0	20
2025.10.20	08:30:00	150.529	150.678	150.487	150.638	2200	0	20
2025.10.20	09:00:00	150.637	150.733	150.577	150.648	2478	0	20
2025.10.20	09:30:00	150.648	150.73	150.538	150.675	3175	0	20
2025.10.20	10:00:00	150.677	150.82	150.641	150.777	3466	0	20
2025.10.20	10:30:00	150.778	150.808	150.708	150.734	3008	0	20
2025.10.20	11:00:00	150.733	150.785	150.658	150.763	2921	0	20
2025.10.20	11:30:00	150.768	150.783	150.564	150.573	3448	0	20
2025.10.20	12:00:00	150.57	150.571	150.263	150.489	3673	0	20
2025.10.20	12:30:00	150.49	150.76	150.466	150.722	2452	0	20
2025.10.20	13:00:00	150.724	150.825	150.718	150.749	2662	0	20
2025.10.20	13:30:00	150.75	150.794	150.665	150.704	1927	0	20
2025.10.20	14:00:00	150.703	150.775	150.664	150.749	1208	0	20
2025.10.20	14:30:00	150.751	150.846	150.689	150.691	1586	0	20
2025.10.20	15:00:00	150.693	150.765	150.638	150.665	2600	0	20
2025.10.20	15:30:00	150.665	150.68	150.596	150.663	2815	0	20
2025.10.20	16:00:00	150.663	150.715	150.603	150.652	2257	0	20
2025.10.20	16:30:00	150.654	150.841	150.654	150.756	3509	0	20
2025.10.20	17:00:00	150.757	150.801	150.515	150.527	3024	0	20
2025.10.20	17:30:00	150.528	150.615	150.399	150.583	3264	0	20
2025.10.20	18:00:00	150.582	150.614	150.474	150.514	2230	0	20
2025.10.20	18:30:00	150.519	150.594	150.489	150.579	2082	0	20
2025.10.20	19:00:00	150.58	150.637	150.518	150.616	1822	0	20
2025.10.20	19:30:00	150.618	150.683	150.581	150.664	1176	0	20
2025.10.20	20:00:00	150.67	150.753	150.657	150.752	1065	0	20
2025.10.20	20:30:00	150.753	150.785	150.749	150.769	987	0	20
2025.10.20	21:00:00	150.768	150.816	150.744	150.754	1130	0	20
2025.10.20	21:30:00	150.754	150.773	150.654	150.68	964	0	20
2025.10.20	22:00:00	150.681	150.692	150.617	150.68	1010	0	20
2025.10.20	22:30:00	150.678	150.72	150.677	150.686	873	0	20
2025.10.20	23:00:00	150.685	150.753	150.673	150.698	564	0	20
2025.10.20	23:30:00	150.696	150.746	150.679	150.727	776	0	21
2025.10.21	00:00:00	150.61	150.677	150.588	150.676	160	0	62
2025.10.21	00:30:00	150.673	150.678	150.637	150.638	99	0	54
2025.10.21	01:00:00	150.638	150.751	150.638	150.722	799	0	20
2025.10.21	01:30:00	150.72	150.753	150.691	150.719	710	0	22
2025.10.21	02:00:00	150.718	150.781	150.706	150.757	1095	0	20
2025.10.21	02:30:00	150.759	150.812	150.721	150.811	1152	0	20
2025.10.21	03:00:00	150.811	150.84	150.493	150.674	3519	0	20
2025.10.21	03:30:00	150.673	150.685	150.459	150.645	2914	0	20
2025.10.21	04:00:00	150.644	150.728	150.516	150.727	2623	0	20
2025.10.21	04:30:00	150.727	150.985	150.671	150.969	2785	0	20
2025.10.21	05:00:00	150.97	151.103	150.952	151.008	2067	0	20
2025.10.21	05:30:00	151.007	151.135	150.968	151.112	1987	0	20
2025.10.21	06:00:00	151.112	151.139	151.067	151.1	1275	0	20
2025.10.21	06:30:00	151.09	151.114	150.993	151.036	1297	0	20
2025.10.21	07:00:00	151.036	151.125	151.018	151.109	1298	0	20
2025.10.21	07:30:00	151.112	151.228	150.873	151.064	3962	0	20
2025.10.21	08:00:00	151.065	151.431	150.85	151.363	5140	0	20
2025.10.21	08:30:00	151.363	151.511	151.342	151.503	3778	0	20
2025.10.21	09:00:00	151.503	151.596	151.478	151.56	3212	0	20
2025.10.21	09:30:00	151.559	151.571	151.213	151.249	3295	0	20
2025.10.21	10:00:00	151.252	151.252	151.06	151.106	3763	0	20
2025.10.21	10:30:00	151.106	151.184	151.054	151.142	3109	0	20
2025.10.21	11:00:00	151.148	151.373	151.052	151.371	4664	0	20
2025.10.21	11:30:00	151.375	151.668	151.354	151.599	3674	0	20
2025.10.21	12:00:00	151.597	151.753	151.585	151.681	2812	0	20
2025.10.21	12:30:00	151.681	151.792	151.681	151.785	2894	0	20
2025.10.21	13:00:00	151.787	151.936	151.728	151.908	2590	0	20
2025.10.21	13:30:00	151.911	152.038	151.873	151.914	2848	0	20
2025.10.21	14:00:00	151.915	151.937	151.799	151.908	2392	0	20
2025.10.21	14:30:00	151.908	151.998	151.861	151.939	1972	0	20
2025.10.21	15:00:00	151.938	152.08	151.881	152.03	3712	0	20
2025.10.21	15:30:00	152.033	152.166	152.013	152.018	3529	0	20
2025.10.21	16:00:00	152.019	152.079	151.657	151.84	6114	0	20
2025.10.21	16:30:00	151.839	151.852	151.584	151.587	4990	0	20
2025.10.21	17:00:00	151.587	151.666	151.446	151.619	3972	0	20
2025.10.21	17:30:00	151.618	151.873	151.591	151.859	4078	0	20
2025.10.21	18:00:00	151.86	151.867	151.672	151.693	2958	0	20
2025.10.21	18:30:00	151.694	151.818	151.694	151.717	1929	0	20
2025.10.21	19:00:00	151.717	151.849	151.645	151.83	2406	0	20
2025.10.21	19:30:00	151.828	151.942	151.823	151.845	2202	0	20
2025.10.21	20:00:00	151.845	151.944	151.806	151.941	2088	0	20
2025.10.21	20:30:00	151.941	151.962	151.896	151.914	1307	0	20
2025.10.21	21:00:00	151.912	151.916	151.866	151.904	1181	0	20
2025.10.21	21:30:00	151.904	151.917	151.869	151.903	1025	0	20
2025.10.21	22:00:00	151.903	151.953	151.881	151.95	1136	0	20
2025.10.21	22:30:00	151.95	151.961	151.893	151.906	870	0	20
2025.10.21	23:00:00	151.906	151.937	151.866	151.891	539	0	20
2025.10.21	23:30:00	151.891	151.92	151.859	151.915	599	0	21
2025.10.22	00:00:00	151.853	151.887	151.852	151.866	59	0	31
2025.10.22	00:30:00	151.865	151.886	151.857	151.864	65	0	53
2025.10.22	01:00:00	151.861	151.887	151.849	151.854	657	0	22
2025.10.22	01:30:00	151.855	151.933	151.855	151.922	651	0	20
2025.10.22	02:00:00	151.923	151.945	151.898	151.938	650	0	20
2025.10.22	02:30:00	151.938	151.949	151.85	151.866	874	0	20
2025.10.22	03:00:00	151.866	151.867	151.608	151.626	3616	0	20
2025.10.22	03:30:00	151.626	151.696	151.593	151.618	2728	0	20
2025.10.22	04:00:00	151.61	151.713	151.478	151.697	2676	0	20
2025.10.22	04:30:00	151.699	151.74	151.646	151.733	1873	0	20
2025.10.22	05:00:00	151.732	151.748	151.618	151.655	1098	0	20
2025.10.22	05:30:00	151.654	151.671	151.582	151.621	1000	0	20
2025.10.22	06:00:00	151.621	151.751	151.617	151.727	807	0	20
2025.10.22	06:30:00	151.727	151.809	151.69	151.785	888	0	20
2025.10.22	07:00:00	151.784	151.864	151.767	151.795	1205	0	20
2025.10.22	07:30:00	151.791	151.814	151.745	151.749	893	0	20
2025.10.22	08:00:00	151.748	151.777	151.716	151.737	1037	0	20
2025.10.22	08:30:00	151.737	151.862	151.728	151.85	880	0	20
2025.10.22	09:00:00	151.848	151.941	151.781	151.792	3198	0	20
2025.10.22	09:30:00	151.792	151.793	151.685	151.726	3075	0	20
2025.10.22	10:00:00	151.726	151.847	151.609	151.802	3950	0	20
2025.10.22	10:30:00	151.803	151.822	151.708	151.816	2536	0	20
2025.10.22	11:00:00	151.818	151.899	151.653	151.7	4066	0	20
2025.10.22	11:30:00	151.7	151.749	151.619	151.678	3061	0	20
2025.10.22	12:00:00	151.679	151.77	151.642	151.734	2678	0	20
2025.10.22	12:30:00	151.733	151.816	151.713	151.805	1973	0	20
2025.10.22	13:00:00	151.809	151.823	151.706	151.736	2014	0	20
2025.10.22	13:30:00	151.741	151.813	151.741	151.807	2626	0	20
2025.10.22	14:00:00	151.806	151.845	151.733	151.835	2089	0	20
2025.10.22	14:30:00	151.839	151.882	151.715	151.776	3018	0	20
2025.10.22	15:00:00	151.777	151.835	151.745	151.775	4049	0	20
2025.10.22	15:30:00	151.775	151.958	151.765	151.917	3583	0	20
2025.10.22	16:00:00	151.918	152.035	151.866	151.991	3181	0	20
2025.10.22	16:30:00	151.992	152.004	151.859	151.959	4019	0	20
2025.10.22	17:00:00	151.96	151.977	151.851	151.861	3381	0	20
2025.10.22	17:30:00	151.865	152.0	151.859	151.875	3898	0	20
2025.10.22	18:00:00	151.876	151.901	151.75	151.767	3185	0	20
2025.10.22	18:30:00	151.767	151.861	151.741	151.78	2862	0	20
2025.10.22	19:00:00	151.778	151.834	151.742	151.776	1487	0	20
2025.10.22	19:30:00	151.777	151.791	151.494	151.753	5570	0	20
2025.10.22	20:00:00	151.752	151.801	151.599	151.674	3190	0	20
2025.10.22	20:30:00	151.674	151.687	151.594	151.635	1740	0	20
2025.10.22	21:00:00	151.634	151.785	151.633	151.768	1617	0	20
2025.10.22	21:30:00	151.768	151.881	151.762	151.869	1599	0	20
2025.10.22	22:00:00	151.87	151.945	151.842	151.941	1441	0	20
2025.10.22	22:30:00	151.942	151.996	151.935	151.97	1428	0	20
2025.10.22	23:00:00	151.969	152.001	151.92	151.921	875	0	20
2025.10.22	23:30:00	151.925	151.961	151.902	151.94	749	0	21
2025.10.23	00:00:00	151.893	151.924	151.863	151.895	74	0	57
2025.10.23	00:30:00	151.895	151.896	151.876	151.88	78	0	47
2025.10.23	01:00:00	151.88	151.901	151.809	151.87	1171	0	20
2025.10.23	01:30:00	151.87	151.916	151.85	151.892	852	0	20
2025.10.23	02:00:00	151.892	151.952	151.888	151.948	1153	0	20
2025.10.23	02:30:00	151.948	151.985	151.91	151.975	1692	0	20
2025.10.23	03:00:00	151.974	152.251	151.961	152.226	3188	0	20
2025.10.23	03:30:00	152.226	152.245	152.141	152.141	2350	0	20
2025.10.23	04:00:00	152.141	152.441	152.105	152.417	2470	0	20
2025.10.23	04:30:00	152.416	152.443	152.327	152.405	1763	0	20
2025.10.23	05:00:00	152.405	152.441	152.373	152.418	1417	0	20
2025.10.23	05:30:00	152.417	152.493	152.416	152.45	966	0	20
2025.10.23	06:00:00	152.45	152.467	152.422	152.439	752	0	20
2025.10.23	06:30:00	152.438	152.474	152.384	152.462	1189	0	20
2025.10.23	07:00:00	152.461	152.561	152.436	152.442	1126	0	20
2025.10.23	07:30:00	152.442	152.464	152.392	152.401	838	0	20
2025.10.23	08:00:00	152.402	152.418	152.343	152.344	1324	0	20
2025.10.23	08:30:00	152.344	152.372	152.31	152.361	866	0	20
2025.10.23	09:00:00	152.365	152.43	152.318	152.422	1705	0	20
2025.10.23	09:30:00	152.423	152.637	152.41	152.63	2048	0	20
2025.10.23	10:00:00	152.633	152.635	152.367	152.441	3000	0	20
2025.10.23	10:30:00	152.441	152.53	152.382	152.487	2292	0	20
2025.10.23	11:00:00	152.486	152.535	152.444	152.492	2510	0	20
2025.10.23	11:30:00	152.491	152.64	152.464	152.6	1529	0	20
2025.10.23	12:00:00	152.598	152.655	152.501	152.514	1690	0	20
2025.10.23	12:30:00	152.514	152.614	152.514	152.56	1168	0	20
2025.10.23	13:00:00	152.562	152.629	152.558	152.619	1149	0	20
2025.10.23	13:30:00	152.619	152.764	152.598	152.76	1374	0	20
2025.10.23	14:00:00	152.76	152.782	152.71	152.749	1780	0	20
2025.10.23	14:30:00	152.747	152.758	152.654	152.661	1995	0	20
2025.10.23	15:00:00	152.66	152.709	152.601	152.614	1825	0	20
2025.10.23	15:30:00	152.618	152.634	152.446	152.525	2583	0	20
2025.10.23	16:00:00	152.526	152.618	152.466	152.534	2337	0	20
2025.10.23	16:30:00	152.533	152.722	152.49	152.672	4270	0	20
2025.10.23	17:00:00	152.673	152.699	152.568	152.664	3244	0	20
2025.10.23	17:30:00	152.665	152.673	152.576	152.604	2813	0	20
2025.10.23	18:00:00	152.605	152.72	152.571	152.703	2331	0	20
2025.10.23	18:30:00	152.703	152.753	152.673	152.716	2192	0	20
2025.10.23	19:00:00	152.713	152.787	152.679	152.687	1622	0	20
2025.10.23	19:30:00	152.688	152.732	152.662	152.708	1071	0	20
2025.10.23	20:00:00	152.709	152.736	152.641	152.727	1254	0	20
2025.10.23	20:30:00	152.725	152.757	152.603	152.604	1072	0	20
2025.10.23	21:00:00	152.605	152.639	152.579	152.596	838	0	20
2025.10.23	21:30:00	152.596	152.606	152.509	152.523	1048	0	20
2025.10.23	22:00:00	152.523	152.55	152.484	152.54	1077	0	20
2025.10.23	22:30:00	152.539	152.557	152.5	152.551	939	0	20
2025.10.23	23:00:00	152.546	152.6	152.546	152.56	795	0	20
2025.10.23	23:30:00	152.559	152.59	152.542	152.57	720	0	20
2025.10.24	00:00:00	152.476	152.554	152.476	152.55	133	0	70
2025.10.24	00:30:00	152.55	152.578	152.516	152.52	172	0	40
2025.10.24	01:00:00	152.52	152.558	152.506	152.519	733	0	20
2025.10.24	01:30:00	152.52	152.583	152.494	152.574	866	0	20
2025.10.24	02:00:00	152.573	152.618	152.554	152.616	655	0	20
2025.10.24	02:30:00	152.618	152.663	152.563	152.597	1200	0	20
2025.10.24	03:00:00	152.597	152.602	152.493	152.531	2006	0	20
2025.10.24	03:30:00	152.531	152.652	152.464	152.639	2215	0	20
2025.10.24	04:00:00	152.638	152.869	152.629	152.822	2078	0	20
2025.10.24	04:30:00	152.823	152.891	152.815	152.887	1711	0	20
2025.10.24	05:00:00	152.887	152.904	152.824	152.886	899	0	20
2025.10.24	05:30:00	152.886	152.901	152.76	152.878	1237	0	20
2025.10.24	06:00:00	152.88	152.903	152.84	152.841	739	0	20
2025.10.24	06:30:00	152.841	152.841	152.702	152.76	860	0	20
2025.10.24	07:00:00	152.76	152.881	152.76	152.856	993	0	20
2025.10.24	07:30:00	152.855	152.901	152.852	152.878	811	0	20
2025.10.24	08:00:00	152.879	153.024	152.879	153.016	1481	0	20
2025.10.24	08:30:00	153.014	153.026	152.87	152.947	1173	0	20
2025.10.24	09:00:00	152.947	153.052	152.911	152.953	1918	0	20
2025.10.24	09:30:00	152.954	152.991	152.906	152.908	1719	0	20
2025.10.24	10:00:00	152.912	152.941	152.75	152.763	2321	0	20
2025.10.24	10:30:00	152.765	152.88	152.742	152.822	2521	0	20
2025.10.24	11:00:00	152.821	153.009	152.801	152.974	2014	0	20
2025.10.24	11:30:00	152.97	152.995	152.903	152.94	1785	0	20
2025.10.24	12:00:00	152.94	152.985	152.897	152.947	1882	0	20
2025.10.24	12:30:00	152.946	152.95	152.89	152.948	1391	0	20
2025.10.24	13:00:00	152.948	152.971	152.895	152.936	752	0	20
2025.10.24	13:30:00	152.936	152.972	152.909	152.968	669	0	20
2025.10.24	14:00:00	152.968	152.982	152.897	152.936	1812	0	20
2025.10.24	14:30:00	152.938	152.974	152.918	152.925	1199	0	20
2025.10.24	15:00:00	152.924	152.951	152.832	152.844	1892	0	20
2025.10.24	15:30:00	152.83	152.832	152.218	152.663	7216	0	20
2025.10.24	16:00:00	152.664	152.814	152.586	152.762	4347	0	20
2025.10.24	16:30:00	152.762	153.009	152.689	152.813	4581	0	20
2025.10.24	17:00:00	152.804	152.892	152.687	152.752	3845	0	20
2025.10.24	17:30:00	152.754	152.861	152.739	152.758	3231	0	20
2025.10.24	18:00:00	152.761	152.79	152.695	152.756	2129	0	20
2025.10.24	18:30:00	152.759	152.869	152.749	152.81	2567	0	20
2025.10.24	19:00:00	152.809	152.831	152.777	152.812	1101	0	20
2025.10.24	19:30:00	152.812	152.866	152.801	152.829	1130	0	20
2025.10.24	20:00:00	152.829	152.829	152.739	152.792	752	0	20
2025.10.24	20:30:00	152.794	152.811	152.767	152.797	1093	0	20
2025.10.24	21:00:00	152.798	152.859	152.787	152.856	731	0	21
2025.10.24	21:30:00	152.856	152.88	152.834	152.854	975	0	20
2025.10.24	22:00:00	152.854	152.854	152.806	152.845	753	0	20
2025.10.24	22:30:00	152.845	152.886	152.791	152.817	1007	0	20
2025.10.24	23:00:00	152.816	152.822	152.745	152.782	573	0	20
2025.10.24	23:30:00	152.782	152.882	152.782	152.868	1043	0	21
2025.10.26	23:00:00	152.744	152.864	152.744	152.807	186	0	67
2025.10.26	23:30:00	152.809	153.044	152.802	153.012	445	0	29
2025.10.27	00:00:00	153.01	153.132	152.936	153.061	1779	0	20
2025.10.27	00:30:00	153.062	153.114	152.984	153.063	1358	0	20
2025.10.27	01:00:00	153.061	153.167	153.042	153.12	1010	0	20
2025.10.27	01:30:00	153.127	153.131	153.005	153.06	1383	0	20
2025.10.27	02:00:00	153.06	153.142	152.912	153.024	2606	0	20
2025.10.27	02:30:00	153.024	153.039	152.82	152.88	2459	0	20
2025.10.27	03:00:00	152.877	152.983	152.645	152.717	2658	0	20
2025.10.27	03:30:00	152.715	152.828	152.7	152.824	1673	0	20
2025.10.27	04:00:00	152.825	153.004	152.813	152.966	1264	0	20
2025.10.27	04:30:00	152.964	152.993	152.938	152.971	871	0	20
2025.10.27	05:00:00	152.969	152.992	152.94	152.954	813	0	20
2025.10.27	05:30:00	152.955	153.04	152.953	153.035	658	0	20
2025.10.27	06:00:00	153.036	153.116	153.024	153.051	1233	0	20
2025.10.27	06:30:00	153.051	153.153	153.045	153.128	1116	0	20
2025.10.27	07:00:00	153.127	153.247	153.118	153.222	1337	0	20
2025.10.27	07:30:00	153.223	153.233	153.1	153.118	1101	0	20
2025.10.27	08:00:00	153.113	153.126	152.962	152.994	2162	0	20
2025.10.27	08:30:00	152.994	153.037	152.822	152.967	1696	0	20
2025.10.27	09:00:00	152.971	153.018	152.858	153.0	2462	0	20
2025.10.27	09:30:00	153.0	153.016	152.851	153.004	1842	0	20
2025.10.27	10:00:00	153.006	153.067	152.876	152.91	2459	0	20
2025.10.27	10:30:00	152.909	152.915	152.732	152.808	2773	0	20
2025.10.27	11:00:00	152.808	152.811	152.749	152.768	1937	0	20
2025.10.27	11:30:00	152.768	152.784	152.689	152.739	1677	0	20
2025.10.27	12:00:00	152.742	152.803	152.711	152.803	1369	0	20
2025.10.27	12:30:00	152.804	152.838	152.727	152.76	1742	0	20
2025.10.27	13:00:00	152.759	152.76	152.584	152.715	1906	0	20
2025.10.27	13:30:00	152.716	152.796	152.596	152.626	2460	0	20
2025.10.27	14:00:00	152.627	152.735	152.554	152.729	2124	0	20
2025.10.27	14:30:00	152.728	152.887	152.713	152.83	2682	0	20
2025.10.27	15:00:00	152.832	152.96	152.797	152.946	2091	0	20
2025.10.27	15:30:00	152.947	153.186	152.932	153.099	4166	0	20
2025.10.27	16:00:00	153.099	153.18	153.012	153.017	2329	0	20
2025.10.27	16:30:00	153.015	153.086	152.99	152.992	2821	0	20
2025.10.27	17:00:00	152.99	153.102	152.975	153.079	2481	0	20
2025.10.27	17:30:00	153.08	153.109	153.036	153.077	2224	0	20
2025.10.27	18:00:00	153.077	153.081	153.017	153.051	1152	0	20
2025.10.27	18:30:00	153.053	153.055	152.967	152.985	1483	0	20
2025.10.27	19:00:00	152.985	153.054	152.931	153.048	1122	0	20
2025.10.27	19:30:00	153.047	153.081	153.038	153.05	689	0	20
2025.10.27	20:00:00	153.046	153.062	153.015	153.047	760	0	21
2025.10.27	20:30:00	153.047	153.051	152.749	152.809	1398	0	20
2025.10.27	21:00:00	152.809	152.889	152.807	152.885	1178	0	20
2025.10.27	21:30:00	152.886	152.943	152.861	152.897	1072	0	20
2025.10.27	22:00:00	152.896	152.896	152.841	152.841	421	0	20
2025.10.27	22:30:00	152.84	152.9	152.839	152.857	662	0	20
2025.10.27	23:00:00	152.857	152.857	152.826	152.834	49	0	39
2025.10.27	23:30:00	152.834	152.859	152.752	152.754	114	0	37
2025.10.28	00:00:00	152.758	152.805	152.736	152.793	374	0	22
2025.10.28	00:30:00	152.786	152.796	152.726	152.734	633	0	22
2025.10.28	01:00:00	152.734	152.763	152.718	152.745	758	0	24
2025.10.28	01:30:00	152.745	152.748	152.617	152.684	1062	0	22
2025.10.28	02:00:00	152.684	152.722	152.492	152.504	2138	0	22
2025.10.28	02:30:00	152.504	152.549	152.381	152.486	2705	0	20
2025.10.28	03:00:00	152.485	152.502	152.254	152.452	2968	0	20
2025.10.28	03:30:00	152.451	152.453	152.314	152.388	2071	0	20
2025.10.28	04:00:00	152.39	152.41	152.287	152.395	1818	0	20
2025.10.28	04:30:00	152.395	152.461	152.395	152.448	1323	0	20
2025.10.28	05:00:00	152.449	152.457	152.382	152.4	989	0	20
2025.10.28	05:30:00	152.4	152.462	152.152	152.267	1966	0	20
2025.10.28	06:00:00	152.267	152.295	152.11	152.171	2550	0	20
2025.10.28	06:30:00	152.171	152.214	151.841	151.865	3162	0	20
2025.10.28	07:00:00	151.866	151.925	151.748	151.789	2694	0	20
2025.10.28	07:30:00	151.788	151.959	151.757	151.902	2294	0	20
2025.10.28	08:00:00	151.901	151.984	151.801	151.969	2265	0	20
2025.10.28	08:30:00	151.968	152.049	151.924	152.009	2376	0	20
2025.10.28	09:00:00	152.009	152.342	152.009	152.138	3950	0	20
2025.10.28	09:30:00	152.136	152.202	152.021	152.134	3172	0	20
2025.10.28	10:00:00	152.133	152.152	151.933	151.991	3986	0	20
2025.10.28	10:30:00	151.991	151.991	151.834	151.941	3407	0	20
2025.10.28	11:00:00	151.941	152.068	151.889	152.047	2619	0	20
2025.10.28	11:30:00	152.046	152.048	151.862	151.904	2080	0	20
2025.10.28	12:00:00	151.905	151.976	151.845	151.884	1745	0	20
2025.10.28	12:30:00	151.883	151.917	151.815	151.853	2251	0	20
2025.10.28	13:00:00	151.852	151.985	151.848	151.976	1751	0	20
2025.10.28	13:30:00	151.975	152.07	151.958	152.024	1830	0	20
2025.10.28	14:00:00	152.024	152.163	152.008	152.075	2901	0	20
2025.10.28	14:30:00	152.075	152.209	152.032	152.121	3032	0	20
2025.10.28	15:00:00	152.124	152.36	152.118	152.258	3290	0	20
2025.10.28	15:30:00	152.26	152.326	152.172	152.182	2940	0	20
2025.10.28	16:00:00	152.181	152.252	152.03	152.068	2960	0	20
2025.10.28	16:30:00	152.067	152.141	151.966	151.975	2282	0	20
2025.10.28	17:00:00	151.975	152.063	151.885	152.015	1799	0	20
2025.10.28	17:30:00	152.015	152.168	151.842	152.133	3110	0	20
2025.10.28	18:00:00	152.133	152.197	152.108	152.148	2777	0	20
2025.10.28	18:30:00	152.148	152.292	152.1	152.1	2989	0	20
2025.10.28	19:00:00	152.1	152.186	152.093	152.121	2226	0	20
2025.10.28	19:30:00	152.12	152.18	152.084	152.164	978	0	20
2025.10.28	20:00:00	152.164	152.205	152.135	152.205	1407	0	20
2025.10.28	20:30:00	152.205	152.234	152.079	152.093	1425	0	20
2025.10.28	21:00:00	152.093	152.093	151.975	151.99	1517	0	20
2025.10.28	21:30:00	151.99	152.049	151.935	152.047	756	0	20
2025.10.28	22:00:00	152.045	152.119	152.037	152.095	483	0	20
2025.10.28	22:30:00	152.095	152.113	152.064	152.091	824	0	20
2025.10.28	23:00:00	152.088	152.088	151.978	152.028	85	0	41
2025.10.28	23:30:00	152.028	152.083	152.009	152.009	130	0	63
2025.10.29	00:00:00	151.994	152.148	151.979	152.127	619	0	23
2025.10.29	00:30:00	152.127	152.169	152.121	152.157	719	0	20
2025.10.29	01:00:00	152.158	152.17	152.081	152.165	608	0	23
2025.10.29	01:30:00	152.166	152.183	151.713	151.724	1703	0	20
2025.10.29	02:00:00	151.725	151.85	151.527	151.81	3963	0	20
2025.10.29	02:30:00	151.809	151.88	151.539	151.622	4931	0	20
2025.10.29	03:00:00	151.623	151.784	151.541	151.729	2873	0	20
2025.10.29	03:30:00	151.729	151.905	151.728	151.881	3202	0	20
2025.10.29	04:00:00	151.882	152.101	151.88	152.088	1845	0	20
2025.10.29	04:30:00	152.088	152.132	151.963	151.969	1308	0	20
2025.10.29	05:00:00	151.97	151.993	151.912	151.97	995	0	20
2025.10.29	05:30:00	151.971	152.047	151.906	152.042	1325	0	20
2025.10.29	06:00:00	152.043	152.08	151.949	152.03	1301	0	20
2025.10.29	06:30:00	152.031	152.104	152.007	152.064	1016	0	20
2025.10.29	07:00:00	152.066	152.444	152.052	152.44	1957	0	20
2025.10.29	07:30:00	152.44	152.534	152.319	152.353	2066	0	20
2025.10.29	08:00:00	152.352	152.441	152.253	152.272	2002	0	20
2025.10.29	08:30:00	152.273	152.273	152.119	152.134	1875	0	20
2025.10.29	09:00:00	152.146	152.17	152.007	152.02	2151	0	20
2025.10.29	09:30:00	152.019	152.131	151.992	152.05	1895	0	20
2025.10.29	10:00:00	152.052	152.28	152.038	152.22	2431	0	20
2025.10.29	10:30:00	152.22	152.323	152.207	152.323	2271	0	20
2025.10.29	11:00:00	152.331	152.457	152.306	152.337	2197	0	20
2025.10.29	11:30:00	152.341	152.371	152.187	152.222	1942	0	20
2025.10.29	12:00:00	152.221	152.333	152.195	152.244	1195	0	20
2025.10.29	12:30:00	152.245	152.283	152.204	152.232	1212	0	20
2025.10.29	13:00:00	152.234	152.398	152.195	152.351	1842	0	20
2025.10.29	13:30:00	152.352	152.353	152.125	152.232	1541	0	20
2025.10.29	14:00:00	152.232	152.288	152.149	152.255	1663	0	20
2025.10.29	14:30:00	152.254	152.276	152.186	152.23	1906	0	20
2025.10.29	15:00:00	152.232	152.233	151.876	151.9	1986	0	20
2025.10.29	15:30:00	151.903	152.062	151.854	151.989	2971	0	20
2025.10.29	16:00:00	151.99	152.084	151.973	152.076	2452	0	20
2025.10.29	16:30:00	152.077	152.158	152.014	152.027	2399	0	20
2025.10.29	17:00:00	152.026	152.051	151.933	152.027	1987	0	20
2025.10.29	17:30:00	152.027	152.04	151.895	151.901	2288	0	20
2025.10.29	18:00:00	151.901	152.155	151.886	152.031	3101	0	20
2025.10.29	18:30:00	152.031	152.168	152.031	152.139	1408	0	20
2025.10.29	19:00:00	152.14	152.184	152.079	152.183	1241	0	20
2025.10.29	19:30:00	152.183	152.306	152.182	152.248	1987	0	20
2025.10.29	20:00:00	152.248	152.476	152.174	152.424	5697	0	20
2025.10.29	20:30:00	152.425	153.041	152.246	152.812	9959	0	20
2025.10.29	21:00:00	152.814	153.023	152.765	153.014	6418	0	20
2025.10.29	21:30:00	153.013	153.05	152.741	152.806	2872	0	20
2025.10.29	22:00:00	152.805	152.866	152.763	152.782	2491	0	20
2025.10.29	22:30:00	152.777	152.795	152.576	152.71	1754	0	20
2025.10.29	23:00:00	152.703	152.713	152.559	152.62	241	0	45
2025.10.29	23:30:00	152.618	152.689	152.581	152.63	133	0	50
2025.10.30	00:00:00	152.629	152.693	152.613	152.683	566	0	23
2025.10.30	00:30:00	152.682	152.725	152.657	152.682	981	0	21
2025.10.30	01:00:00	152.682	152.716	152.639	152.69	1100	0	20
2025.10.30	01:30:00	152.689	152.746	152.574	152.714	1250	0	20
2025.10.30	02:00:00	152.714	152.936	152.494	152.509	3221	0	20
2025.10.30	02:30:00	152.51	152.734	152.51	152.623	2930	0	20
2025.10.30	03:00:00	152.622	152.67	152.457	152.584	3142	0	20
2025.10.30	03:30:00	152.579	152.579	152.439	152.532	1724	0	20
2025.10.30	04:00:00	152.533	152.549	152.38	152.472	1484	0	20
2025.10.30	04:30:00	152.471	152.484	152.304	152.327	1598	0	20
2025.10.30	05:00:00	152.326	152.95	152.148	152.905	3950	0	20
2025.10.30	05:30:00	152.909	153.125	152.903	152.949	3271	0	20
2025.10.30	06:00:00	152.948	153.011	152.55	152.593	4187	0	20
2025.10.30	06:30:00	152.594	152.946	152.594	152.756	4961	0	20
2025.10.30	07:00:00	152.756	152.972	152.662	152.956	2531	0	20
2025.10.30	07:30:00	152.957	153.031	152.882	153.027	2093	0	20
2025.10.30	08:00:00	153.028	153.074	152.923	153.038	2658	0	20
2025.10.30	08:30:00	153.041	153.508	152.958	153.329	4863	0	20
2025.10.30	09:00:00	153.33	153.537	153.268	153.347	5167	0	20
2025.10.30	09:30:00	153.349	153.471	153.269	153.393	3185	0	20
2025.10.30	10:00:00	153.392	153.843	153.392	153.816	3631	0	20
2025.10.30	10:30:00	153.816	153.88	153.673	153.735	1942	0	20
2025.10.30	11:00:00	153.738	153.79	153.67	153.757	2190	0	20
2025.10.30	11:30:00	153.759	153.788	153.613	153.77	2373	0	20
2025.10.30	12:00:00	153.767	153.883	153.764	153.855	1678	0	20
2025.10.30	12:30:00	153.858	153.949	153.837	153.946	1773	0	20
2025.10.30	13:00:00	153.947	153.994	153.853	153.907	2346	0	20
2025.10.30	13:30:00	153.906	154.162	153.862	154.106	2333	0	20
2025.10.30	14:00:00	154.105	154.275	154.067	154.204	2507	0	20
2025.10.30	14:30:00	154.205	154.28	154.149	154.278	3605	0	20
2025.10.30	15:00:00	154.291	154.433	154.248	154.31	3387	0	20
2025.10.30	15:30:00	154.308	154.335	154.133	154.188	4454	0	20
2025.10.30	16:00:00	154.186	154.226	154.043	154.138	4567	0	20
2025.10.30	16:30:00	154.139	154.311	154.096	154.278	3370	0	20
2025.10.30	17:00:00	154.279	154.33	154.107	154.112	3360	0	20
2025.10.30	17:30:00	154.113	154.217	154.034	154.161	2942	0	20
2025.10.30	18:00:00	154.163	154.219	154.078	154.083	2317	0	20
2025.10.30	18:30:00	154.084	154.136	154.058	154.088	1759	0	20
2025.10.30	19:00:00	154.087	154.113	154.038	154.088	1497	0	20
2025.10.30	19:30:00	154.088	154.159	154.066	154.09	1289	0	20
2025.10.30	20:00:00	154.089	154.139	154.075	154.11	1182	0	20
2025.10.30	20:30:00	154.108	154.113	154.04	154.073	1082	0	20
2025.10.30	21:00:00	154.073	154.076	154.013	154.062	1372	0	20
2025.10.30	21:30:00	154.063	154.081	154.008	154.066	974	0	20
2025.10.30	22:00:00	154.059	154.086	154.028	154.079	689	0	20
2025.10.30	22:30:00	154.067	154.148	154.035	154.109	1073	0	20
2025.10.30	23:00:00	154.106	154.106	154.01	154.1	51	0	51
2025.10.30	23:30:00	154.1	154.1	154.038	154.045	74	0	56
2025.10.31	00:00:00	154.034	154.089	154.02	154.037	670	0	23
2025.10.31	00:30:00	154.036	154.127	154.031	154.096	751	0	20
2025.10.31	01:00:00	154.095	154.155	154.059	154.133	723	0	20
2025.10.31	01:30:00	154.133	154.133	153.829	153.896	1783	0	20
2025.10.31	02:00:00	153.895	153.962	153.81	153.943	1943	0	20
2025.10.31	02:30:00	153.944	154.025	153.842	153.885	2354	0	20
2025.10.31	03:00:00	153.88	153.91	153.644	153.695	2776	0	20
2025.10.31	03:30:00	153.695	153.834	153.642	153.821	1717	0	20
2025.10.31	04:00:00	153.82	153.869	153.731	153.743	1149	0	20
2025.10.31	04:30:00	153.743	153.874	153.731	153.874	1346	0	20
2025.10.31	05:00:00	153.875	153.938	153.841	153.912	1123	0	20
2025.10.31	05:30:00	153.913	154.057	153.907	154.028	903	0	20
2025.10.31	06:00:00	154.027	154.046	153.897	153.942	1141	0	20
2025.10.31	06:30:00	153.94	153.989	153.898	153.925	854	0	20
2025.10.31	07:00:00	153.925	154.045	153.905	153.98	1057	0	20
2025.10.31	07:30:00	153.982	153.987	153.822	153.903	1941	0	20
2025.10.31	08:00:00	153.899	154.085	153.874	154.076	1981	0	20
2025.10.31	08:30:00	154.075	154.226	153.996	154.214	1663	0	20
2025.10.31	09:00:00	154.218	154.385	154.163	154.248	2913	0	20
2025.10.31	09:30:00	154.247	154.365	154.168	154.297	2850	0	20
2025.10.31	10:00:00	154.3	154.401	154.22	154.347	2666	0	20
2025.10.31	10:30:00	154.347	154.362	154.221	154.235	2254	0	20
2025.10.31	11:00:00	154.234	154.28	154.159	154.23	1721	0	20
2025.10.31	11:30:00	154.23	154.247	154.102	154.13	1709	0	20
2025.10.31	12:00:00	154.13	154.167	154.081	154.144	1222	0	20
2025.10.31	12:30:00	154.142	154.173	154.096	154.12	1103	0	20
2025.10.31	13:00:00	154.121	154.132	154.041	154.058	1210	0	20
2025.10.31	13:30:00	154.057	154.173	154.047	154.093	1459	0	20
2025.10.31	14:00:00	154.091	154.243	154.087	154.123	1760	0	20
2025.10.31	14:30:00	154.133	154.141	153.883	154.125	2970	0	20
2025.10.31	15:00:00	154.125	154.193	154.061	154.098	3046	0	20
2025.10.31	15:30:00	154.097	154.222	154.036	154.067	3141	0	20
2025.10.31	16:00:00	154.068	154.077	153.915	154.067	3495	0	20
2025.10.31	16:30:00	154.067	154.085	153.881	153.936	2275	0	20
2025.10.31	17:00:00	153.935	153.999	153.904	153.939	2542	0	20
2025.10.31	17:30:00	153.939	154.085	153.919	154.031	3313	0	20
2025.10.31	18:00:00	154.032	154.163	153.957	154.122	3186	0	20
2025.10.31	18:30:00	154.122	154.123	154.034	154.104	1417	0	20
2025.10.31	19:00:00	154.102	154.167	154.09	154.099	1509	0	20
2025.10.31	19:30:00	154.1	154.131	154.069	154.084	1622	0	20
2025.10.31	20:00:00	154.086	154.098	154.036	154.082	1166	0	20
2025.10.31	20:30:00	154.083	154.123	154.025	154.076	1076	0	20
2025.10.31	21:00:00	154.076	154.114	154.051	154.059	970	0	20
2025.10.31	21:30:00	154.059	154.124	154.059	154.095	1418	0	20
2025.10.31	22:00:00	154.098	154.109	154.021	154.06	800	0	20
2025.10.31	22:30:00	154.06	154.083	153.956	153.99	972	0	21
2025.11.03	00:00:00	153.948	154.059	153.933	154.031	61	0	33
2025.11.03	00:30:00	154.031	154.069	154.014	154.041	161	0	31
2025.11.03	01:00:00	154.041	154.2	154.002	154.14	1275	0	20
2025.11.03	01:30:00	154.144	154.238	154.121	154.188	2302	0	20
2025.11.03	02:00:00	154.188	154.202	154.108	154.146	1410	0	20
2025.11.03	02:30:00	154.149	154.191	154.132	154.164	1258	0	20
2025.11.03	03:00:00	154.163	154.177	154.067	154.093	1195	0	20
2025.11.03	03:30:00	154.094	154.122	154.078	154.105	606	0	20
2025.11.03	04:00:00	154.106	154.115	154.03	154.045	996	0	20
2025.11.03	04:30:00	154.044	154.091	154.025	154.074	586	0	20
2025.11.03	05:00:00	154.075	154.085	154.03	154.045	552	0	20
2025.11.03	05:30:00	154.044	154.066	154.038	154.055	679	0	20
2025.11.03	06:00:00	154.056	154.06	153.979	154.027	917	0	20
2025.11.03	06:30:00	154.026	154.076	154.026	154.063	382	0	20
2025.11.03	07:00:00	154.073	154.124	154.065	154.096	576	0	20
2025.11.03	07:30:00	154.097	154.118	154.048	154.112	893	0	20
2025.11.03	08:00:00	154.112	154.215	154.093	154.215	950	0	20
2025.11.03	08:30:00	154.216	154.233	154.14	154.178	828	0	20
2025.11.03	09:00:00	154.177	154.275	154.154	154.204	1689	0	20
2025.11.03	09:30:00	154.209	154.237	154.097	154.1	1593	0	20
2025.11.03	10:00:00	154.1	154.196	154.094	154.147	2232	0	20
2025.11.03	10:30:00	154.147	154.156	154.04	154.098	1655	0	20
2025.11.03	11:00:00	154.099	154.15	154.075	154.11	1685	0	20
2025.11.03	11:30:00	154.109	154.159	154.094	154.155	1201	0	20
2025.11.03	12:00:00	154.155	154.18	154.127	154.136	1481	0	20
2025.11.03	12:30:00	154.135	154.172	154.12	154.159	1089	0	20
2025.11.03	13:00:00	154.158	154.175	154.105	154.109	975	0	20
2025.11.03	13:30:00	154.109	154.155	154.086	154.141	918	0	20
2025.11.03	14:00:00	154.14	154.171	154.131	154.144	811	0	20
2025.11.03	14:30:00	154.144	154.178	154.131	154.171	951	0	20
2025.11.03	15:00:00	154.173	154.271	154.165	154.262	2379	0	20
2025.11.03	15:30:00	154.263	154.286	154.218	154.238	1384	0	20
2025.11.03	16:00:00	154.239	154.261	154.182	154.239	1512	0	20
2025.11.03	16:30:00	154.238	154.252	154.064	154.085	2030	0	20
2025.11.03	17:00:00	154.001	154.104	153.903	154.021	4182	0	20
2025.11.03	17:30:00	154.018	154.149	153.999	154.088	2944	0	20
2025.11.03	18:00:00	154.087	154.154	154.071	154.132	2369	0	20
2025.11.03	18:30:00	154.129	154.143	154.057	154.121	1270	0	20
2025.11.03	19:00:00	154.12	154.136	154.049	154.08	1619	0	20
2025.11.03	19:30:00	154.079	154.164	154.074	154.143	1185	0	20
2025.11.03	20:00:00	154.144	154.189	154.106	154.189	782	0	20
2025.11.03	20:30:00	154.187	154.228	154.148	154.157	996	0	20
2025.11.03	21:00:00	154.158	154.224	154.128	154.214	1106	0	20
2025.11.03	21:30:00	154.214	154.242	154.159	154.181	1102	0	20
2025.11.03	22:00:00	154.18	154.207	154.164	154.204	1067	0	20
2025.11.03	22:30:00	154.205	154.208	154.165	154.184	1056	0	20
2025.11.03	23:00:00	154.185	154.207	154.169	154.192	477	0	21
2025.11.03	23:30:00	154.194	154.204	154.182	154.197	719	0	23
2025.11.04	00:00:00	154.198	154.231	154.187	154.202	157	0	34
2025.11.04	00:30:00	154.202	154.205	154.18	154.195	302	0	40
2025.11.04	01:00:00	154.195	154.214	154.16	154.167	174	0	23
2025.11.04	01:30:00	154.171	154.211	154.166	154.199	680	0	20
2025.11.04	02:00:00	154.2	154.39	154.188	154.293	2478	0	20
2025.11.04	02:30:00	154.292	154.352	154.221	154.327	2199	0	20
2025.11.04	03:00:00	154.33	154.472	154.301	154.45	2590	0	20
2025.11.04	03:30:00	154.452	154.453	154.29	154.319	1751	0	20
2025.11.04	04:00:00	154.32	154.347	154.247	154.251	1400	0	20
2025.11.04	04:30:00	154.252	154.261	154.095	154.098	1366	0	20
2025.11.04	05:00:00	154.097	154.138	154.063	154.133	889	0	20
2025.11.04	05:30:00	154.133	154.147	154.043	154.074	1377	0	20
2025.11.04	06:00:00	154.075	154.091	153.962	153.974	954	0	20
2025.11.04	06:30:00	153.973	154.055	153.798	154.051	1752	0	20
2025.11.04	07:00:00	154.052	154.073	153.811	153.811	1536	0	20
2025.11.04	07:30:00	153.811	153.811	153.677	153.721	1975	0	20
2025.11.04	08:00:00	153.721	153.78	153.483	153.544	2610	0	20
2025.11.04	08:30:00	153.544	153.664	153.492	153.614	1852	0	20
2025.11.04	09:00:00	153.615	153.622	153.361	153.398	2336	0	20
2025.11.04	09:30:00	153.391	153.594	153.321	153.569	1703	0	20
2025.11.04	10:00:00	153.577	153.591	153.375	153.566	3353	0	20
2025.11.04	10:30:00	153.566	153.687	153.56	153.638	2376	0	20
2025.11.04	11:00:00	153.639	153.745	153.557	153.557	2042	0	20
2025.11.04	11:30:00	153.556	153.603	153.393	153.473	2298	0	20
2025.11.04	12:00:00	153.473	153.486	153.305	153.47	2187	0	20
2025.11.04	12:30:00	153.469	153.59	153.458	153.567	1445	0	20
2025.11.04	13:00:00	153.566	153.581	153.435	153.445	1255	0	20
2025.11.04	13:30:00	153.444	153.574	153.361	153.561	1483	0	20
2025.11.04	14:00:00	153.559	153.583	153.494	153.534	1327	0	20
2025.11.04	14:30:00	153.534	153.616	153.506	153.518	1393	0	20
2025.11.04	15:00:00	153.516	153.531	153.388	153.414	1717	0	20
2025.11.04	15:30:00	153.414	153.427	153.307	153.377	1528	0	20
2025.11.04	16:00:00	153.376	153.536	153.359	153.463	2228	0	20
2025.11.04	16:30:00	153.461	153.515	153.38	153.467	2694	0	20
2025.11.04	17:00:00	153.466	153.586	153.424	153.463	2766	0	20
2025.11.04	17:30:00	153.464	153.466	153.329	153.373	2293	0	20
2025.11.04	18:00:00	153.372	153.424	153.328	153.416	2343	0	20
2025.11.04	18:30:00	153.417	153.542	153.403	153.54	1576	0	20
2025.11.04	19:00:00	153.54	153.567	153.512	153.55	1644	0	20
2025.11.04	19:30:00	153.549	153.631	153.54	153.58	1297	0	20
2025.11.04	20:00:00	153.58	153.631	153.548	153.615	912	0	20
2025.11.04	20:30:00	153.615	153.65	153.537	153.553	1070	0	20
2025.11.04	21:00:00	153.554	153.632	153.552	153.631	1414	0	20
2025.11.04	21:30:00	153.63	153.632	153.562	153.623	1425	0	20
2025.11.04	22:00:00	153.622	153.681	153.621	153.664	1001	0	20
2025.11.04	22:30:00	153.661	153.669	153.611	153.618	1126	0	20
2025.11.04	23:00:00	153.617	153.656	153.609	153.624	703	0	20
2025.11.04	23:30:00	153.624	153.67	153.589	153.65	1205	0	20
2025.11.05	00:00:00	153.649	153.649	153.615	153.616	96	0	38
2025.11.05	00:30:00	153.616	153.65	153.611	153.635	130	0	30
2025.11.05	01:00:00	153.628	153.682	153.618	153.652	549	0	23
2025.11.05	01:30:00	153.652	153.667	153.496	153.54	1161	0	20
2025.11.05	02:00:00	153.54	153.74	153.476	153.489	3054	0	20
2025.11.05	02:30:00	153.488	153.516	153.219	153.227	3746	0	20
2025.11.05	03:00:00	153.228	153.284	152.994	153.069	3981	0	20
2025.11.05	03:30:00	153.068	153.173	152.948	153.153	3571	0	20
2025.11.05	04:00:00	153.15	153.222	153.054	153.118	2701	0	20
2025.11.05	04:30:00	153.12	153.314	153.089	153.308	1768	0	20
2025.11.05	05:00:00	153.309	153.36	153.29	153.359	1614	0	20
2025.11.05	05:30:00	153.36	153.557	153.343	153.502	3168	0	20
2025.11.05	06:00:00	153.501	153.518	153.38	153.455	2181	0	20
2025.11.05	06:30:00	153.454	153.485	153.417	153.474	1388	0	20
2025.11.05	07:00:00	153.471	153.556	153.464	153.513	1416	0	20
2025.11.05	07:30:00	153.515	153.55	153.397	153.51	1668	0	20
2025.11.05	08:00:00	153.51	153.66	153.442	153.631	1907	0	20
2025.11.05	08:30:00	153.63	153.732	153.605	153.656	1493	0	20
2025.11.05	09:00:00	153.657	153.679	153.473	153.543	2183	0	20
2025.11.05	09:30:00	153.544	153.587	153.438	153.55	1832	0	20
2025.11.05	10:00:00	153.549	153.653	153.502	153.566	2615	0	20
2025.11.05	10:30:00	153.567	153.593	153.406	153.487	1685	0	20
2025.11.05	11:00:00	153.488	153.565	153.476	153.512	1586	0	20
2025.11.05	11:30:00	153.513	153.696	153.498	153.677	1395	0	20
2025.11.05	12:00:00	153.678	153.832	153.677	153.722	2026	0	20
2025.11.05	12:30:00	153.723	153.732	153.609	153.616	1130	0	20
2025.11.05	13:00:00	153.615	153.699	153.596	153.621	908	0	20
2025.11.05	13:30:00	153.621	153.661	153.563	153.606	892	0	20
2025.11.05	14:00:00	153.606	153.68	153.553	153.66	1137	0	20
2025.11.05	14:30:00	153.662	153.738	153.655	153.699	1116	0	20
2025.11.05	15:00:00	153.698	153.87	153.679	153.802	2315	0	20
2025.11.05	15:30:00	153.805	153.98	153.805	153.97	2260	0	20
2025.11.05	16:00:00	153.97	154.024	153.933	153.963	2034	0	20
2025.11.05	16:30:00	153.962	153.988	153.886	153.922	2515	0	20
2025.11.05	17:00:00	153.957	154.302	153.957	154.178	5387	0	20
2025.11.05	17:30:00	154.18	154.296	154.13	154.295	3196	0	20
2025.11.05	18:00:00	154.297	154.345	154.194	154.226	2374	0	20
2025.11.05	18:30:00	154.227	154.286	154.095	154.111	1843	0	20
2025.11.05	19:00:00	154.111	154.111	154.05	154.07	1260	0	20
2025.11.05	19:30:00	154.071	154.127	154.045	154.066	847	0	20
2025.11.05	20:00:00	154.066	154.066	153.996	154.054	933	0	20
2025.11.05	20:30:00	154.054	154.132	154.054	154.116	777	0	20
2025.11.05	21:00:00	154.116	154.119	154.048	154.089	868	0	20
2025.11.05	21:30:00	154.088	154.114	154.078	154.098	894	0	20
2025.11.05	22:00:00	154.099	154.124	154.075	154.111	702	0	20
2025.11.05	22:30:00	154.11	154.125	154.072	154.112	801	0	20
2025.11.05	23:00:00	154.112	154.133	154.09	154.1	698	0	20
2025.11.05	23:30:00	154.099	154.11	154.08	154.102	844	0	20
2025.11.06	00:00:00	154.105	154.105	154.076	154.091	80	0	36
2025.11.06	00:30:00	154.086	154.088	154.015	154.056	362	0	33
2025.11.06	01:00:00	154.056	154.059	153.969	154.008	588	0	21
2025.11.06	01:30:00	154.008	154.082	153.981	154.078	842	0	21
2025.11.06	02:00:00	154.079	154.131	153.846	153.867	2238	0	20
2025.11.06	02:30:00	153.866	153.965	153.84	153.879	2204	0	20
2025.11.06	03:00:00	153.879	153.924	153.792	153.856	2107	0	20
2025.11.06	03:30:00	153.857	153.932	153.842	153.861	1172	0	20
2025.11.06	04:00:00	153.861	153.889	153.783	153.881	892	0	20
2025.11.06	04:30:00	153.882	153.991	153.877	153.937	1039	0	20
2025.11.06	05:00:00	153.937	153.983	153.872	153.887	743	0	20
2025.11.06	05:30:00	153.885	153.897	153.823	153.859	796	0	20
2025.11.06	06:00:00	153.858	153.961	153.85	153.954	651	0	20
2025.11.06	06:30:00	153.954	154.016	153.929	153.942	896	0	20
2025.11.06	07:00:00	153.945	153.996	153.824	153.834	1082	0	20
2025.11.06	07:30:00	153.834	153.874	153.82	153.874	1028	0	20
2025.11.06	08:00:00	153.875	153.907	153.798	153.862	1239	0	20
2025.11.06	08:30:00	153.862	153.996	153.844	153.972	920	0	20
2025.11.06	09:00:00	153.972	153.983	153.861	153.872	1197	0	20
2025.11.06	09:30:00	153.872	153.885	153.764	153.856	1705	0	20
2025.11.06	10:00:00	153.857	153.86	153.655	153.675	2506	0	20
2025.11.06	10:30:00	153.675	153.752	153.521	153.55	1816	0	20
2025.11.06	11:00:00	153.552	153.741	153.547	153.702	1712	0	20
2025.11.06	11:30:00	153.704	153.762	153.659	153.709	1011	0	20
2025.11.06	12:00:00	153.709	153.761	153.691	153.705	1122	0	20
2025.11.06	12:30:00	153.705	153.763	153.699	153.736	1061	0	20
2025.11.06	13:00:00	153.734	153.754	153.685	153.696	960	0	20
2025.11.06	13:30:00	153.697	153.701	153.579	153.636	918	0	20
2025.11.06	14:00:00	153.637	153.711	153.579	153.711	1897	0	20
2025.11.06	14:30:00	153.712	153.731	153.591	153.597	1726	0	20
2025.11.06	15:00:00	153.597	153.626	153.542	153.562	1492	0	20
2025.11.06	15:30:00	153.562	153.563	153.395	153.492	2240	0	20
2025.11.06	16:00:00	153.493	153.55	153.444	153.52	2334	0	20
2025.11.06	16:30:00	153.521	153.577	153.375	153.4	2748	0	20
2025.11.06	17:00:00	153.4	153.4	153.261	153.341	2887	0	20
2025.11.06	17:30:00	153.342	153.357	153.032	153.034	3282	0	20
2025.11.06	18:00:00	153.033	153.158	153.025	153.106	3006	0	20
2025.11.06	18:30:00	153.107	153.118	152.965	152.971	2603	0	20
2025.11.06	19:00:00	152.971	153.05	152.82	152.887	2651	0	20
2025.11.06	19:30:00	152.885	153.053	152.834	153.003	1454	0	20
2025.11.06	20:00:00	153.003	153.078	152.908	153.019	1598	0	20
2025.11.06	20:30:00	153.019	153.076	152.993	153.041	2077	0	20
2025.11.06	21:00:00	153.04	153.102	153.018	153.089	1683	0	20
2025.11.06	21:30:00	153.087	153.148	153.065	153.134	1431	0	20
2025.11.06	22:00:00	153.132	153.133	153.082	153.112	1332	0	20
2025.11.06	22:30:00	153.112	153.134	152.989	153.021	1385	0	20
2025.11.06	23:00:00	153.021	153.068	152.989	153.007	523	0	20
2025.11.06	23:30:00	153.006	153.091	153.006	153.052	690	0	21
2025.11.07	00:00:00	153.049	153.049	152.936	153.029	1742	0	38
2025.11.07	00:30:00	153.026	153.075	153.017	153.045	727	0	44
2025.11.07	01:00:00	153.045	153.053	152.853	152.854	851	0	20
2025.11.07	01:30:00	152.855	152.98	152.809	152.943	1161	0	20
2025.11.07	02:00:00	152.942	153.07	152.847	153.02	3352	0	20
2025.11.07	02:30:00	153.032	153.24	153.018	153.175	3009	0	20
2025.11.07	03:00:00	153.174	153.297	153.134	153.18	2865	0	20
2025.11.07	03:30:00	153.167	153.2	153.041	153.119	2383	0	20
2025.11.07	04:00:00	153.118	153.126	152.953	152.986	1340	0	20
2025.11.07	04:30:00	152.987	153.165	152.974	153.137	1171	0	20
2025.11.07	05:00:00	153.136	153.179	153.075	153.096	1316	0	20
2025.11.07	05:30:00	153.097	153.107	153.008	153.05	1301	0	20
2025.11.07	06:00:00	153.052	153.17	153.005	153.118	1682	0	20
2025.11.07	06:30:00	153.118	153.131	153.043	153.104	1133	0	20
2025.11.07	07:00:00	153.105	153.231	153.102	153.171	1478	0	20
2025.11.07	07:30:00	153.169	153.357	153.162	153.341	1259	0	20
2025.11.07	08:00:00	153.341	153.483	153.341	153.464	1650	0	20
2025.11.07	08:30:00	153.463	153.515	153.428	153.499	1334	0	20
2025.11.07	09:00:00	153.498	153.53	153.371	153.423	1502	0	20
2025.11.07	09:30:00	153.422	153.495	153.378	153.378	1526	0	20
2025.11.07	10:00:00	153.378	153.479	153.352	153.422	2156	0	20
2025.11.07	10:30:00	153.425	153.503	153.338	153.498	2215	0	20
2025.11.07	11:00:00	153.5	153.511	153.431	153.453	1737	0	20
2025.11.07	11:30:00	153.452	153.488	153.435	153.482	1602	0	20
2025.11.07	12:00:00	153.482	153.486	153.331	153.341	1251	0	20
2025.11.07	12:30:00	153.339	153.384	153.312	153.341	1118	0	20
2025.11.07	13:00:00	153.342	153.351	153.085	153.091	1868	0	20
2025.11.07	13:30:00	153.09	153.148	153.0	153.12	1708	0	20
2025.11.07	14:00:00	153.119	153.165	153.04	153.109	1731	0	20
2025.11.07	14:30:00	153.111	153.157	153.029	153.087	1680	0	20
2025.11.07	15:00:00	153.086	153.122	152.998	153.119	2877	0	20
2025.11.07	15:30:00	153.119	153.366	153.119	153.348	3233	0	20
2025.11.07	16:00:00	153.348	153.467	153.302	153.415	2984	0	20
2025.11.07	16:30:00	153.412	153.421	153.127	153.322	5691	0	20
2025.11.07	17:00:00	153.321	153.321	153.013	153.107	5441	0	20
2025.11.07	17:30:00	153.104	153.185	153.02	153.128	3889	0	20
2025.11.07	18:00:00	153.127	153.167	153.022	153.067	3435	0	20
2025.11.07	18:30:00	153.068	153.092	153.004	153.053	2727	0	20
2025.11.07	19:00:00	153.053	153.203	153.031	153.177	2557	0	20
2025.11.07	19:30:00	153.176	153.214	153.042	153.086	2162	0	20
2025.11.07	20:00:00	153.085	153.179	153.025	153.176	1757	0	20
2025.11.07	20:30:00	153.176	153.257	153.128	153.247	1482	0	20
2025.11.07	21:00:00	153.248	153.312	153.211	153.311	1880	0	20
2025.11.07	21:30:00	153.315	153.573	153.315	153.548	2818	0	20
2025.11.07	22:00:00	153.549	153.585	153.382	153.442	2838	0	20
2025.11.07	22:30:00	153.443	153.47	153.35	153.421	2023	0	20
2025.11.07	23:00:00	153.42	153.47	153.395	153.422	785	0	20
2025.11.07	23:30:00	153.422	153.472	153.401	153.428	946	0	22
2025.11.10	00:00:00	153.631	153.73	153.631	153.69	192	0	46
2025.11.10	00:30:00	153.694	153.719	153.49	153.682	687	0	30
2025.11.10	01:00:00	153.68	153.838	153.676	153.83	1660	0	20
2025.11.10	01:30:00	153.831	153.853	153.748	153.816	1858	0	20
2025.11.10	02:00:00	153.816	153.906	153.387	153.785	4071	0	20
2025.11.10	02:30:00	153.786	153.87	153.731	153.846	3740	0	20
2025.11.10	03:00:00	153.846	153.94	153.789	153.81	3113	0	20
2025.11.10	03:30:00	153.811	153.834	153.766	153.822	1591	0	20
2025.11.10	04:00:00	153.822	153.873	153.791	153.827	1413	0	20
2025.11.10	04:30:00	153.831	153.89	153.82	153.881	1114	0	20
2025.11.10	05:00:00	153.882	153.986	153.879	153.973	1452	0	20
2025.11.10	05:30:00	153.972	154.016	153.921	153.924	1539	0	20
2025.11.10	06:00:00	153.924	153.944	153.871	153.878	1809	0	20
2025.11.10	06:30:00	153.877	153.879	153.777	153.87	1607	0	20
2025.11.10	07:00:00	153.871	154.06	153.858	153.933	1731	0	20
2025.11.10	07:30:00	153.933	153.957	153.878	153.932	1748	0	20
2025.11.10	08:00:00	153.931	154.025	153.892	153.955	1930	0	20
2025.11.10	08:30:00	153.955	154.073	153.941	154.017	2147	0	20
2025.11.10	09:00:00	154.018	154.14	153.973	154.045	2435	0	20
2025.11.10	09:30:00	154.044	154.052	153.941	154.035	2146	0	20
2025.11.10	10:00:00	154.035	154.092	153.939	154.003	2825	0	20
2025.11.10	10:30:00	154.003	154.17	153.993	154.161	2156	0	20
2025.11.10	11:00:00	154.16	154.221	154.137	154.163	2046	0	20
2025.11.10	11:30:00	154.164	154.198	154.136	154.148	1767	0	20
2025.11.10	12:00:00	154.149	154.164	154.052	154.118	1176	0	20
2025.11.10	12:30:00	154.12	154.169	154.102	154.149	1263	0	20
2025.11.10	13:00:00	154.15	154.239	154.15	154.176	1257	0	20
2025.11.10	13:30:00	154.175	154.19	154.105	154.122	1013	0	20
2025.11.10	14:00:00	154.121	154.157	154.032	154.061	1129	0	20
2025.11.10	14:30:00	154.06	154.152	154.031	154.107	1410	0	20
2025.11.10	15:00:00	154.107	154.128	154.047	154.077	1597	0	20
2025.11.10	15:30:00	154.077	154.093	153.974	154.049	1951	0	20
2025.11.10	16:00:00	154.05	154.087	154.013	154.053	1564	0	20
2025.11.10	16:30:00	154.053	154.155	153.994	154.071	3184	0	20
2025.11.10	17:00:00	154.072	154.109	154.0	154.036	2354	0	20
2025.11.10	17:30:00	154.04	154.133	154.017	154.018	2285	0	20
2025.11.10	18:00:00	154.018	154.057	153.881	153.927	2279	0	20
2025.11.10	18:30:00	153.927	154.001	153.905	153.986	2186	0	20
2025.11.10	19:00:00	153.985	154.033	153.939	153.95	2112	0	20
2025.11.10	19:30:00	153.953	153.986	153.913	153.945	1461	0	20
2025.11.10	20:00:00	153.946	153.976	153.914	153.974	1510	0	20
2025.11.10	20:30:00	153.975	154.01	153.973	153.982	938	0	20
2025.11.10	21:00:00	153.982	153.998	153.944	153.963	681	0	20
2025.11.10	21:30:00	153.963	154.064	153.95	154.042	1230	0	20
2025.11.10	22:00:00	154.041	154.073	153.988	154.007	1286	0	20
2025.11.10	22:30:00	154.005	154.047	154.003	154.02	1406	0	20
2025.11.10	23:00:00	154.02	154.084	154.013	154.084	631	0	21
2025.11.10	23:30:00	154.083	154.16	154.078	154.131	794	0	21
2025.11.11	00:00:00	154.131	154.131	153.913	154.053	89	0	39
2025.11.11	00:30:00	154.053	154.064	154.04	154.044	490	0	40
2025.11.11	01:00:00	154.04	154.104	154.037	154.09	691	0	20
2025.11.11	01:30:00	154.09	154.146	154.04	154.14	1256	0	20
2025.11.11	02:00:00	154.138	154.191	154.092	154.186	2125	0	20
2025.11.11	02:30:00	154.187	154.302	154.154	154.301	2615	0	20
2025.11.11	03:00:00	154.302	154.486	154.302	154.413	2549	0	20
2025.11.11	03:30:00	154.412	154.423	154.313	154.313	1938	0	20
2025.11.11	04:00:00	154.313	154.38	154.248	154.318	1449	0	20
2025.11.11	04:30:00	154.319	154.382	154.294	154.357	1569	0	20
2025.11.11	05:00:00	154.356	154.356	154.212	154.226	1209	0	20
2025.11.11	05:30:00	154.227	154.269	154.21	154.256	1405	0	20
2025.11.11	06:00:00	154.256	154.335	154.216	154.316	1139	0	20
2025.11.11	06:30:00	154.315	154.342	154.286	154.291	922	0	20
2025.11.11	07:00:00	154.292	154.299	154.156	154.183	1710	0	20
2025.11.11	07:30:00	154.182	154.203	154.079	154.118	1536	0	20
2025.11.11	08:00:00	154.118	154.213	154.079	154.211	1124	0	20
2025.11.11	08:30:00	154.21	154.258	154.178	154.188	1295	0	20
2025.11.11	09:00:00	154.188	154.241	154.159	154.198	1516	0	20
2025.11.11	09:30:00	154.199	154.241	154.141	154.181	2226	0	20
2025.11.11	10:00:00	154.181	154.341	154.157	154.298	2495	0	20
2025.11.11	10:30:00	154.299	154.379	154.283	154.369	1737	0	20
2025.11.11	11:00:00	154.369	154.433	154.319	154.324	1948	0	20
2025.11.11	11:30:00	154.324	154.333	154.275	154.32	1257	0	20
2025.11.11	12:00:00	154.321	154.352	154.263	154.28	1352	0	20
2025.11.11	12:30:00	154.281	154.289	154.201	154.235	1145	0	20
2025.11.11	13:00:00	154.234	154.256	154.208	154.235	1184	0	20
2025.11.11	13:30:00	154.236	154.247	154.205	154.244	814	0	20
2025.11.11	14:00:00	154.243	154.257	154.165	154.202	923	0	20
2025.11.11	14:30:00	154.201	154.22	154.159	154.184	1114	0	20
2025.11.11	15:00:00	154.185	154.187	153.715	153.795	3210	0	20
2025.11.11	15:30:00	153.794	153.835	153.655	153.766	3888	0	20
2025.11.11	16:00:00	153.765	153.874	153.692	153.814	2584	0	20
2025.11.11	16:30:00	153.813	153.997	153.799	153.99	3108	0	20
2025.11.11	17:00:00	153.989	154.123	153.943	153.955	3777	0	20
2025.11.11	17:30:00	153.955	154.008	153.91	153.962	2920	0	20
2025.11.11	18:00:00	153.957	154.012	153.935	153.99	1937	0	20
2025.11.11	18:30:00	153.991	154.007	153.937	153.992	1566	0	20
2025.11.11	19:00:00	153.991	154.075	153.991	154.063	1614	0	20
2025.11.11	19:30:00	154.064	154.114	154.015	154.065	1301	0	20
2025.11.11	20:00:00	154.064	154.092	154.04	154.087	831	0	20
2025.11.11	20:30:00	154.088	154.135	154.076	154.098	1105	0	20
2025.11.11	21:00:00	154.098	154.136	154.091	154.093	1050	0	20
2025.11.11	21:30:00	154.092	154.123	154.051	154.11	1244	0	20
2025.11.11	22:00:00	154.111	154.118	154.07	154.1	1268	0	20
2025.11.11	22:30:00	154.099	154.134	154.081	154.111	1214	0	20
2025.11.11	23:00:00	154.11	154.131	154.105	154.113	757	0	21
2025.11.11	23:30:00	154.113	154.164	154.107	154.133	613	0	22
2025.11.12	00:00:00	154.131	154.131	154.093	154.106	61	0	42
2025.11.12	00:30:00	154.11	154.116	154.03	154.037	2593	0	31
2025.11.12	01:00:00	154.042	154.146	154.039	154.143	713	0	20
2025.11.12	01:30:00	154.143	154.146	154.066	154.071	793	0	20
2025.11.12	02:00:00	154.074	154.184	154.037	154.17	2650	0	20
2025.11.12	02:30:00	154.169	154.294	154.165	154.288	2947	0	20
2025.11.12	03:00:00	154.289	154.341	154.251	154.296	2462	0	20
2025.11.12	03:30:00	154.295	154.335	154.282	154.312	1428	0	20
2025.11.12	04:00:00	154.318	154.396	154.303	154.38	1447	0	20
2025.11.12	04:30:00	154.381	154.402	154.32	154.339	1072	0	20
2025.11.12	05:00:00	154.34	154.369	154.228	154.267	1154	0	20
2025.11.12	05:30:00	154.266	154.338	154.263	154.335	787	0	20
2025.11.12	06:00:00	154.336	154.584	154.33	154.523	1862	0	20
2025.11.12	06:30:00	154.522	154.734	154.506	154.727	2091	0	20
2025.11.12	07:00:00	154.728	154.781	154.555	154.658	2824	0	20
2025.11.12	07:30:00	154.659	154.679	154.559	154.632	1822	0	20
2025.11.12	08:00:00	154.641	154.745	154.625	154.651	1379	0	20
2025.11.12	08:30:00	154.652	154.682	154.573	154.601	883	0	20
2025.11.12	09:00:00	154.602	154.618	154.481	154.541	1788	0	20
2025.11.12	09:30:00	154.54	154.66	154.536	154.609	1514	0	20
2025.11.12	10:00:00	154.608	154.751	154.606	154.704	2714	0	20
2025.11.12	10:30:00	154.705	154.765	154.62	154.748	2563	0	20
2025.11.12	11:00:00	154.747	154.862	154.693	154.861	2410	0	20
2025.11.12	11:30:00	154.861	154.897	154.818	154.833	2185	0	20
2025.11.12	12:00:00	154.833	154.889	154.747	154.867	1982	0	20
2025.11.12	12:30:00	154.867	154.888	154.793	154.856	1283	0	20
2025.11.12	13:00:00	154.854	154.878	154.834	154.844	949	0	20
2025.11.12	13:30:00	154.836	154.862	154.793	154.794	1353	0	20
2025.11.12	14:00:00	154.794	154.821	154.694	154.729	1710	0	20
2025.11.12	14:30:00	154.729	154.825	154.724	154.798	1557	0	20
2025.11.12	15:00:00	154.797	154.936	154.754	154.935	2359	0	20
2025.11.12	15:30:00	154.934	154.983	154.914	154.931	2153	0	20
2025.11.12	16:00:00	154.931	155.035	154.872	154.995	2809	0	20
2025.11.12	16:30:00	154.994	155.005	154.849	154.859	3825	0	20
2025.11.12	17:00:00	154.858	154.913	154.794	154.827	2865	0	20
2025.11.12	17:30:00	154.827	154.842	154.721	154.729	3243	0	20
2025.11.12	18:00:00	154.73	154.759	154.661	154.746	2288	0	20
2025.11.12	18:30:00	154.745	154.765	154.636	154.637	1834	0	20
2025.11.12	19:00:00	154.637	154.637	154.486	154.568	2097	0	20
2025.11.12	19:30:00	154.567	154.625	154.562	154.586	1309	0	20
2025.11.12	20:00:00	154.587	154.652	154.57	154.613	1227	0	20
2025.11.12	20:30:00	154.613	154.678	154.604	154.675	933	0	20
2025.11.12	21:00:00	154.675	154.687	154.622	154.626	1358	0	20
2025.11.12	21:30:00	154.627	154.72	154.598	154.708	1420	0	20
2025.11.12	22:00:00	154.708	154.733	154.682	154.723	755	0	20
2025.11.12	22:30:00	154.723	154.757	154.704	154.748	745	0	20
2025.11.12	23:00:00	154.749	154.857	154.749	154.814	898	0	20
2025.11.12	23:30:00	154.814	154.824	154.763	154.77	1154	0	21
2025.11.13	00:00:00	154.767	154.794	154.721	154.757	202	0	29
2025.11.13	00:30:00	154.756	154.759	154.688	154.694	775	0	37
2025.11.13	01:00:00	154.695	154.747	154.683	154.719	833	0	20
2025.11.13	01:30:00	154.719	154.744	154.679	154.696	768	0	20
2025.11.13	02:00:00	154.697	154.868	154.684	154.779	2424	0	20
2025.11.13	02:30:00	154.775	154.948	154.721	154.932	3087	0	20
2025.11.13	03:00:00	154.933	155.007	154.873	154.898	2907	0	20
2025.11.13	03:30:00	154.898	154.933	154.695	154.723	2086	0	20
2025.11.13	04:00:00	154.722	154.781	154.613	154.758	2124	0	20
2025.11.13	04:30:00	154.759	154.771	154.634	154.648	1229	0	20
2025.11.13	05:00:00	154.648	154.715	154.613	154.71	957	0	20
2025.11.13	05:30:00	154.711	154.751	154.707	154.726	1105	0	20
2025.11.13	06:00:00	154.726	154.834	154.634	154.81	1386	0	20
2025.11.13	06:30:00	154.81	154.844	154.79	154.809	1080	0	20
2025.11.13	07:00:00	154.81	154.896	154.801	154.889	1017	0	20
2025.11.13	07:30:00	154.889	154.991	154.866	154.943	1374	0	20
2025.11.13	08:00:00	154.946	154.946	154.853	154.939	1829	0	20
2025.11.13	08:30:00	154.939	154.997	154.873	154.879	1327	0	20
2025.11.13	09:00:00	154.881	154.943	154.792	154.796	1786	0	20
2025.11.13	09:30:00	154.797	154.844	154.692	154.705	2124	0	20
2025.11.13	10:00:00	154.706	154.764	154.663	154.684	2437	0	20
2025.11.13	10:30:00	154.682	154.682	154.502	154.509	2599	0	20
2025.11.13	11:00:00	154.513	154.577	154.348	154.355	3381	0	20
2025.11.13	11:30:00	154.354	154.53	154.313	154.518	2003	0	20
2025.11.13	12:00:00	154.519	154.563	154.473	154.556	1853	0	20
2025.11.13	12:30:00	154.556	154.667	154.549	154.647	1575	0	20
2025.11.13	13:00:00	154.646	154.734	154.631	154.709	1298	0	20
2025.11.13	13:30:00	154.71	154.754	154.659	154.731	1553	0	20
2025.11.13	14:00:00	154.73	154.744	154.674	154.695	1340	0	20
2025.11.13	14:30:00	154.695	154.697	154.58	154.597	1667	0	20
2025.11.13	15:00:00	154.595	154.702	154.529	154.702	2288	0	20
2025.11.13	15:30:00	154.703	154.729	154.629	154.637	2640	0	20
2025.11.13	16:00:00	154.637	154.666	154.589	154.624	2549	0	20
2025.11.13	16:30:00	154.625	154.628	154.379	154.385	4681	0	20
2025.11.13	17:00:00	154.387	154.529	154.352	154.403	3706	0	20
2025.11.13	17:30:00	154.403	154.403	154.117	154.191	4117	0	20
2025.11.13	18:00:00	154.191	154.38	154.149	154.327	4187	0	20
2025.11.13	18:30:00	154.327	154.425	154.245	154.388	3624	0	20
2025.11.13	19:00:00	154.387	154.461	154.236	154.248	3611	0	20
2025.11.13	19:30:00	154.247	154.368	154.226	154.307	3068	0	20
2025.11.13	20:00:00	154.306	154.395	154.264	154.298	2449	0	20
2025.11.13	20:30:00	154.297	154.432	154.285	154.411	2637	0	20
2025.11.13	21:00:00	154.412	154.465	154.342	154.461	2203	0	20
2025.11.13	21:30:00	154.462	154.474	154.386	154.46	1992	0	20
2025.11.13	22:00:00	154.461	154.516	154.449	154.502	2545	0	20
2025.11.13	22:30:00	154.502	154.531	154.469	154.531	2188	0	20
2025.11.13	23:00:00	154.53	154.576	154.53	154.533	742	0	20
2025.11.13	23:30:00	154.533	154.545	154.467	154.533	1096	0	20
2025.11.14	00:00:00	154.531	154.576	154.364	154.5	273	0	32
2025.11.14	00:30:00	154.5	154.511	154.45	154.502	923	0	39
2025.11.14	01:00:00	154.496	154.624	154.496	154.623	863	0	20
2025.11.14	01:30:00	154.625	154.674	154.6	154.62	1548	0	20
2025.11.14	02:00:00	154.625	154.734	154.56	154.586	2442	0	20
2025.11.14	02:30:00	154.584	154.712	154.555	154.595	3018	0	20
2025.11.14	03:00:00	154.596	154.674	154.445	154.481	2611	0	20
2025.11.14	03:30:00	154.482	154.544	154.43	154.495	2240	0	20
2025.11.14	04:00:00	154.494	154.565	154.481	154.53	1832	0	20
2025.11.14	04:30:00	154.53	154.566	154.427	154.436	1175	0	20
2025.11.14	05:00:00	154.436	154.442	154.386	154.414	1118	0	20
2025.11.14	05:30:00	154.415	154.565	154.3	154.531	2725	0	20
2025.11.14	06:00:00	154.53	154.544	154.45	154.513	1401	0	20
2025.11.14	06:30:00	154.514	154.565	154.411	154.412	931	0	20
2025.11.14	07:00:00	154.411	154.462	154.358	154.459	1721	0	20
2025.11.14	07:30:00	154.459	154.494	154.407	154.471	1338	0	20
2025.11.14	08:00:00	154.472	154.547	154.42	154.547	1821	0	20
2025.11.14	08:30:00	154.547	154.65	154.429	154.586	2045	0	20
2025.11.14	09:00:00	154.591	154.593	154.443	154.551	2516	0	20
2025.11.14	09:30:00	154.553	154.674	154.545	154.668	2719	0	20
2025.11.14	10:00:00	154.669	154.725	154.529	154.579	3461	0	20
2025.11.14	10:30:00	154.579	154.629	154.442	154.543	3703	0	20
2025.11.14	11:00:00	154.544	154.684	154.543	154.628	2704	0	20
2025.11.14	11:30:00	154.625	154.692	154.581	154.68	1896	0	20
2025.11.14	12:00:00	154.683	154.72	154.653	154.717	1435	0	20
2025.11.14	12:30:00	154.717	154.753	154.659	154.736	1622	0	20
2025.11.14	13:00:00	154.736	154.737	154.623	154.66	2009	0	20
2025.11.14	13:30:00	154.661	154.704	154.621	154.647	2272	0	20
2025.11.14	14:00:00	154.646	154.652	154.251	154.294	3735	0	20
2025.11.14	14:30:00	154.296	154.307	153.797	153.798	5186	0	20
2025.11.14	15:00:00	153.798	153.964	153.606	153.794	5203	0	20
2025.11.14	15:30:00	153.793	154.134	153.672	154.075	5907	0	20
2025.11.14	16:00:00	154.075	154.234	154.054	154.094	4731	0	20
2025.11.14	16:30:00	154.094	154.337	153.972	154.333	7165	0	20
2025.11.14	17:00:00	154.333	154.405	154.226	154.381	5613	0	20
2025.11.14	17:30:00	154.383	154.486	154.31	154.417	4343	0	20
2025.11.14	18:00:00	154.418	154.564	154.342	154.535	3218	0	20
2025.11.14	18:30:00	154.536	154.655	154.505	154.631	2798	0	20
2025.11.14	19:00:00	154.631	154.735	154.606	154.672	2667	0	20
2025.11.14	19:30:00	154.673	154.717	154.623	154.631	2274	0	20
2025.11.14	20:00:00	154.63	154.652	154.547	154.621	1734	0	20
2025.11.14	20:30:00	154.619	154.631	154.546	154.569	2014	0	20
2025.11.14	21:00:00	154.568	154.574	154.516	154.539	1669	0	20
2025.11.14	21:30:00	154.538	154.554	154.516	154.549	1414	0	20
2025.11.14	22:00:00	154.55	154.56	154.495	154.515	1091	0	20
2025.11.14	22:30:00	154.514	154.551	154.49	154.521	1110	0	20
2025.11.14	23:00:00	154.519	154.562	154.505	154.557	483	0	20
2025.11.14	23:30:00	154.558	154.588	154.491	154.524	1206	0	20
2025.11.17	00:00:00	154.5	154.543	154.47	154.536	284	0	64
2025.11.17	00:30:00	154.535	154.544	154.485	154.512	449	0	43
2025.11.17	01:00:00	154.499	154.576	154.432	154.561	1681	0	20
2025.11.17	01:30:00	154.56	154.625	154.519	154.581	1443	0	20
2025.11.17	02:00:00	154.58	154.633	154.405	154.524	3095	0	20
2025.11.17	02:30:00	154.521	154.649	154.514	154.627	2961	0	20
2025.11.17	03:00:00	154.628	154.644	154.537	154.594	2402	0	20
2025.11.17	03:30:00	154.595	154.605	154.5	154.565	1479	0	20
2025.11.17	04:00:00	154.565	154.658	154.561	154.59	1638	0	20
2025.11.17	04:30:00	154.589	154.7	154.588	154.681	1193	0	20
2025.11.17	05:00:00	154.692	154.778	154.691	154.715	1461	0	20
2025.11.17	05:30:00	154.716	154.75	154.677	154.704	989	0	20
2025.11.17	06:00:00	154.706	154.721	154.627	154.629	856	0	20
2025.11.17	06:30:00	154.629	154.662	154.599	154.62	778	0	20
2025.11.17	07:00:00	154.619	154.647	154.582	154.63	961	0	20
2025.11.17	07:30:00	154.631	154.707	154.581	154.678	885	0	20
2025.11.17	08:00:00	154.678	154.802	154.673	154.719	1827	0	20
2025.11.17	08:30:00	154.723	154.728	154.629	154.668	1306	0	20
2025.11.17	09:00:00	154.669	154.782	154.635	154.719	1609	0	20
2025.11.17	09:30:00	154.72	154.758	154.64	154.68	1678	0	20
2025.11.17	10:00:00	154.681	154.75	154.615	154.711	2765	0	20
2025.11.17	10:30:00	154.712	154.821	154.653	154.702	2322	0	20
2025.11.17	11:00:00	154.701	154.732	154.687	154.716	1878	0	20
2025.11.17	11:30:00	154.717	154.777	154.645	154.743	1576	0	20
2025.11.17	12:00:00	154.744	154.759	154.684	154.721	1174	0	20
2025.11.17	12:30:00	154.722	154.833	154.719	154.832	1507	0	20
2025.11.17	13:00:00	154.826	154.861	154.803	154.813	913	0	20
2025.11.17	13:30:00	154.814	154.837	154.758	154.784	1065	0	20
2025.11.17	14:00:00	154.785	154.81	154.738	154.739	952	0	20
2025.11.17	14:30:00	154.738	154.862	154.727	154.837	1110	0	20
2025.11.17	15:00:00	154.836	154.907	154.828	154.854	1557	0	20
2025.11.17	15:30:00	154.855	154.892	154.828	154.88	1583	0	20
2025.11.17	16:00:00	154.878	154.92	154.855	154.912	1260	0	20
2025.11.17	16:30:00	154.913	155.023	154.878	155.023	3117	0	20
2025.11.17	17:00:00	155.023	155.288	154.994	155.217	4024	0	20
2025.11.17	17:30:00	155.218	155.294	155.176	155.187	3072	0	20
2025.11.17	18:00:00	155.186	155.192	155.048	155.133	1942	0	20
2025.11.17	18:30:00	155.132	155.195	155.124	155.192	1727	0	20
2025.11.17	19:00:00	155.192	155.219	155.132	155.167	1168	0	20
2025.11.17	19:30:00	155.166	155.211	155.139	155.148	1813	0	20
2025.11.17	20:00:00	155.148	155.191	155.126	155.173	1294	0	20
2025.11.17	20:30:00	155.172	155.197	155.117	155.131	1174	0	20
2025.11.17	21:00:00	155.132	155.136	155.06	155.076	1009	0	20
2025.11.17	21:30:00	155.075	155.244	155.072	155.236	2482	0	20
2025.11.17	22:00:00	155.237	155.25	155.156	155.19	1419	0	20
2025.11.17	22:30:00	155.19	155.241	155.165	155.214	1713	0	20
2025.11.17	23:00:00	155.219	155.238	155.208	155.221	874	0	20
2025.11.17	23:30:00	155.22	155.245	155.206	155.217	612	0	20
2025.11.18	00:00:00	155.216	155.227	155.136	155.201	85	0	40
2025.11.18	00:30:00	155.2	155.213	155.171	155.176	409	0	22
2025.11.18	01:00:00	155.186	155.266	155.167	155.208	765	0	20
2025.11.18	01:30:00	155.212	155.278	155.187	155.269	1028	0	20
2025.11.18	02:00:00	155.269	155.368	155.168	155.214	2442	0	20
2025.11.18	02:30:00	155.214	155.318	155.174	155.249	2926	0	20
2025.11.18	03:00:00	155.25	155.352	155.201	155.221	2835	0	20
2025.11.18	03:30:00	155.22	155.249	155.135	155.19	1779	0	20
2025.11.18	04:00:00	155.191	155.275	155.16	155.178	1548	0	20
2025.11.18	04:30:00	155.177	155.255	155.163	155.177	1837	0	20
2025.11.18	05:00:00	155.177	155.187	155.101	155.162	1786	0	20
2025.11.18	05:30:00	155.163	155.19	155.141	155.166	1843	0	20
2025.11.18	06:00:00	155.166	155.181	154.805	154.867	3849	0	20
2025.11.18	06:30:00	154.866	155.096	154.835	155.042	3148	0	20
2025.11.18	07:00:00	155.041	155.091	154.984	155.053	1931	0	20
2025.11.18	07:30:00	155.054	155.093	155.0	155.073	1778	0	20
2025.11.18	08:00:00	155.075	155.181	155.054	155.073	1987	0	20
2025.11.18	08:30:00	155.072	155.207	154.859	155.167	3423	0	20
2025.11.18	09:00:00	155.169	155.205	154.862	154.972	5093	0	20
2025.11.18	09:30:00	154.972	155.08	154.94	154.987	3962	0	20
2025.11.18	10:00:00	154.988	155.07	154.9	155.029	4043	0	20
2025.11.18	10:30:00	155.029	155.209	155.014	155.12	2764	0	20
2025.11.18	11:00:00	155.125	155.242	155.073	155.201	2831	0	20
2025.11.18	11:30:00	155.2	155.256	155.159	155.223	2079	0	20
2025.11.18	12:00:00	155.224	155.273	155.195	155.272	2008	0	20
2025.11.18	12:30:00	155.271	155.414	155.271	155.412	2138	0	20
2025.11.18	13:00:00	155.413	155.416	155.351	155.4	1667	0	20
2025.11.18	13:30:00	155.401	155.431	155.35	155.416	1877	0	20
2025.11.18	14:00:00	155.415	155.429	155.288	155.34	2527	0	20
2025.11.18	14:30:00	155.341	155.359	155.165	155.17	2702	0	20
2025.11.18	15:00:00	155.17	155.253	155.081	155.12	3560	0	20
2025.11.18	15:30:00	155.12	155.221	155.052	155.16	4086	0	20
2025.11.18	16:00:00	155.159	155.287	155.131	155.268	2935	0	20
2025.11.18	16:30:00	155.266	155.372	155.22	155.22	5537	0	20
2025.11.18	17:00:00	155.219	155.242	155.041	155.125	6428	0	20
2025.11.18	17:30:00	155.124	155.274	155.06	155.264	5383	0	20
2025.11.18	18:00:00	155.263	155.476	155.248	155.475	4489	0	20
2025.11.18	18:30:00	155.476	155.496	155.404	155.433	4222	0	20
2025.11.18	19:00:00	155.433	155.594	155.418	155.539	3267	0	20
2025.11.18	19:30:00	155.543	155.685	155.508	155.682	3021	0	20
2025.11.18	20:00:00	155.682	155.723	155.619	155.63	3350	0	20
2025.11.18	20:30:00	155.63	155.661	155.55	155.587	2751	0	20
2025.11.18	21:00:00	155.586	155.627	155.505	155.513	2000	0	20
2025.11.18	21:30:00	155.514	155.573	155.488	155.513	2674	0	20
2025.11.18	22:00:00	155.513	155.527	155.468	155.525	1650	0	20
2025.11.18	22:30:00	155.525	155.551	155.505	155.518	1196	0	20
2025.11.18	23:00:00	155.517	155.528	155.483	155.506	1074	0	20
2025.11.18	23:30:00	155.505	155.539	155.476	155.478	1213	0	20
2025.11.19	00:00:00	155.481	155.49	155.41	155.432	154	0	38
2025.11.19	00:30:00	155.434	155.532	155.434	155.503	403	0	28
2025.11.19	01:00:00	155.494	155.536	155.483	155.508	923	0	20
2025.11.19	01:30:00	155.508	155.581	155.504	155.522	1133	0	20
2025.11.19	02:00:00	155.521	155.57	155.385	155.412	3200	0	20
2025.11.19	02:30:00	155.411	155.477	155.363	155.463	3348	0	20
2025.11.19	03:00:00	155.463	155.529	155.421	155.484	3672	0	20
2025.11.19	03:30:00	155.483	155.501	155.422	155.487	2570	0	20
2025.11.19	04:00:00	155.486	155.544	155.35	155.386	2968	0	20
2025.11.19	04:30:00	155.386	155.401	155.315	155.343	1866	0	20
2025.11.19	05:00:00	155.342	155.37	155.242	155.282	2490	0	20
2025.11.19	05:30:00	155.281	155.335	155.203	155.284	2406	0	20
2025.11.19	06:00:00	155.283	155.457	155.283	155.446	2285	0	20
2025.11.19	06:30:00	155.453	155.454	155.305	155.311	2293	0	20
2025.11.19	07:00:00	155.311	155.372	155.276	155.351	2116	0	20
2025.11.19	07:30:00	155.351	155.362	155.251	155.358	2679	0	20
2025.11.19	08:00:00	155.358	155.413	155.317	155.338	1799	0	20
2025.11.19	08:30:00	155.34	155.449	155.315	155.438	1944	0	20
2025.11.19	09:00:00	155.439	155.517	155.427	155.444	2072	0	20
2025.11.19	09:30:00	155.445	155.521	155.397	155.507	2520	0	20
2025.11.19	10:00:00	155.508	155.663	155.47	155.65	2603	0	20
2025.11.19	10:30:00	155.65	155.668	155.55	155.626	2429	0	20
2025.11.19	11:00:00	155.627	155.653	155.545	155.63	1959	0	20
2025.11.19	11:30:00	155.631	155.956	155.546	155.943	3951	0	20
2025.11.19	12:00:00	155.942	155.988	155.925	155.985	2366	0	20
2025.11.19	12:30:00	155.986	156.241	155.963	156.232	3264	0	20
2025.11.19	13:00:00	156.232	156.285	156.14	156.166	2607	0	21
2025.11.19	13:30:00	156.167	156.174	156.072	156.095	2027	0	21
2025.11.19	14:00:00	156.089	156.181	156.054	156.17	2107	0	21
2025.11.19	14:30:00	156.171	156.252	156.139	156.237	1667	0	21
2025.11.19	15:00:00	156.236	156.245	156.029	156.172	2180	0	21
2025.11.19	15:30:00	156.172	156.281	156.138	156.273	2748	0	21
2025.11.19	16:00:00	156.272	156.42	156.253	156.36	3495	0	21
2025.11.19	16:30:00	156.36	156.615	156.301	156.613	4386	0	21
2025.11.19	17:00:00	156.613	156.71	156.532	156.585	4238	0	21
2025.11.19	17:30:00	156.586	156.67	156.486	156.498	4101	0	21
2025.11.19	18:00:00	156.494	156.662	156.453	156.661	3410	0	21
2025.11.19	18:30:00	156.662	156.697	156.581	156.626	3379	0	21
2025.11.19	19:00:00	156.626	156.799	156.609	156.785	3812	0	21
2025.11.19	19:30:00	156.784	156.855	156.736	156.743	2564	0	21
2025.11.19	20:00:00	156.74	156.831	156.735	156.805	1900	0	21
2025.11.19	20:30:00	156.804	156.838	156.68	156.786	2507	0	21
2025.11.19	21:00:00	156.785	156.916	156.76	156.876	2856	0	21
2025.11.19	21:30:00	156.879	157.028	156.839	157.019	2327	0	21
2025.11.19	22:00:00	157.018	157.036	156.95	156.974	2203	0	21
2025.11.19	22:30:00	156.974	156.997	156.927	156.95	1214	0	21
2025.11.19	23:00:00	156.949	157.134	156.949	157.054	1698	0	21
2025.11.19	23:30:00	157.054	157.172	157.053	157.124	1722	0	21
2025.11.20	00:00:00	157.123	157.129	157.022	157.077	178	0	29
2025.11.20	00:30:00	157.077	157.077	157.04	157.061	484	0	37
2025.11.20	01:00:00	157.061	157.144	156.965	157.025	1428	0	21
2025.11.20	01:30:00	157.033	157.073	156.972	156.984	1702	0	21
2025.11.20	02:00:00	156.984	157.167	156.867	157.162	3435	0	21
2025.11.20	02:30:00	157.163	157.199	157.057	157.065	4142	0	21
2025.11.20	03:00:00	157.064	157.168	157.025	157.125	2442	0	21
2025.11.20	03:30:00	157.127	157.425	157.023	157.412	3897	0	21
2025.11.20	04:00:00	157.412	157.463	157.317	157.384	3060	0	21
2025.11.20	04:30:00	157.384	157.393	157.278	157.305	1659	0	21
2025.11.20	05:00:00	157.309	157.421	157.271	157.345	1914	0	21
2025.11.20	05:30:00	157.344	157.405	157.269	157.405	1685	0	21
2025.11.20	06:00:00	157.405	157.409	157.268	157.321	1565	0	21
2025.11.20	06:30:00	157.32	157.407	157.251	157.387	1501	0	21
2025.11.20	07:00:00	157.386	157.53	157.385	157.468	1727	0	21
2025.11.20	07:30:00	157.468	157.561	157.418	157.547	1991	0	21
2025.11.20	08:00:00	157.548	157.617	157.477	157.53	2624	0	21
2025.11.20	08:30:00	157.531	157.727	157.531	157.724	2030	0	21
2025.11.20	09:00:00	157.724	157.768	157.544	157.607	3142	0	21
2025.11.20	09:30:00	157.607	157.611	157.365	157.446	3025	0	21
2025.11.20	10:00:00	157.445	157.485	157.253	157.314	3434	0	21
2025.11.20	10:30:00	157.313	157.333	157.097	157.141	2959	0	21
2025.11.20	11:00:00	157.152	157.261	157.15	157.195	2453	0	21
2025.11.20	11:30:00	157.196	157.21	157.113	157.169	2387	0	21
2025.11.20	12:00:00	157.168	157.314	157.14	157.312	1736	0	21
2025.11.20	12:30:00	157.312	157.401	157.267	157.371	1341	0	21
2025.11.20	13:00:00	157.371	157.448	157.344	157.447	1469	0	21
2025.11.20	13:30:00	157.456	157.528	157.41	157.499	1302	0	21
2025.11.20	14:00:00	157.498	157.668	157.495	157.639	1763	0	21
2025.11.20	14:30:00	157.64	157.728	157.63	157.689	1805	0	21
2025.11.20	15:00:00	157.69	157.697	157.568	157.568	3126	0	21
2025.11.20	15:30:00	157.556	157.869	157.214	157.561	8751	0	21
2025.11.20	16:00:00	157.561	157.819	157.483	157.604	6130	0	21
2025.11.20	16:30:00	157.604	157.681	157.493	157.616	5457	0	21
2025.11.20	17:00:00	157.615	157.865	157.615	157.78	3972	0	21
2025.11.20	17:30:00	157.782	157.882	157.668	157.669	3727	0	21
2025.11.20	18:00:00	157.669	157.673	157.275	157.486	6192	0	21
2025.11.20	18:30:00	157.486	157.635	157.393	157.41	5926	0	21
2025.11.20	19:00:00	157.407	157.527	157.252	157.444	8107	0	21
2025.11.20	19:30:00	157.444	157.519	157.343	157.506	6423	0	21
2025.11.20	20:00:00	157.507	157.685	157.494	157.59	4560	0	21
2025.11.20	20:30:00	157.588	157.597	157.416	157.449	3293	0	21
2025.11.20	21:00:00	157.45	157.532	157.441	157.51	2963	0	21
2025.11.20	21:30:00	157.509	157.553	157.451	157.528	3085	0	21
2025.11.20	22:00:00	157.529	157.631	157.506	157.62	1889	0	21
2025.11.20	22:30:00	157.621	157.637	157.539	157.565	2006	0	21
2025.11.20	23:00:00	157.565	157.58	157.468	157.543	1413	0	21
2025.11.20	23:30:00	157.544	157.556	157.428	157.447	1340	0	21
2025.11.21	00:00:00	157.448	157.51	157.408	157.482	156	0	42
2025.11.21	00:30:00	157.481	157.482	157.405	157.437	837	0	25
2025.11.21	01:00:00	157.434	157.457	157.323	157.414	1209	0	21
2025.11.21	01:30:00	157.415	157.462	157.18	157.377	3154	0	21
2025.11.21	02:00:00	157.377	157.531	157.357	157.475	3787	0	21
2025.11.21	02:30:00	157.476	157.494	157.21	157.304	3528	0	21
2025.11.21	03:00:00	157.305	157.44	157.196	157.42	2827	0	21
2025.11.21	03:30:00	157.421	157.486	157.299	157.476	2189	0	21
2025.11.21	04:00:00	157.476	157.479	157.339	157.343	2807	0	21
2025.11.21	04:30:00	157.343	157.433	157.285	157.338	2163	0	21
2025.11.21	05:00:00	157.338	157.418	157.331	157.37	1499	0	21
2025.11.21	05:30:00	157.37	157.405	157.284	157.291	1693	0	21
2025.11.21	06:00:00	157.29	157.293	157.073	157.181	2817	0	21
2025.11.21	06:30:00	157.183	157.283	157.121	157.259	2078	0	21
2025.11.21	07:00:00	157.259	157.293	157.163	157.225	1601	0	21
2025.11.21	07:30:00	157.226	157.279	157.154	157.215	2525	0	21
2025.11.21	08:00:00	157.216	157.246	157.04	157.089	3444	0	21
2025.11.21	08:30:00	157.089	157.195	157.085	157.156	1597	0	21
2025.11.21	09:00:00	157.159	157.182	157.002	157.057	2411	0	21
2025.11.21	09:30:00	157.056	157.07	156.6	156.723	4740	0	21
2025.11.21	10:00:00	156.722	156.831	156.554	156.598	4664	0	21
2025.11.21	10:30:00	156.606	156.941	156.591	156.9	3339	0	21
2025.11.21	11:00:00	156.901	156.941	156.728	156.833	3248	0	21
2025.11.21	11:30:00	156.836	156.843	156.662	156.75	3010	0	21
2025.11.21	12:00:00	156.75	156.756	156.544	156.647	4232	0	21
2025.11.21	12:30:00	156.649	156.808	156.648	156.771	3270	0	21
2025.11.21	13:00:00	156.771	156.884	156.739	156.769	2663	0	21
2025.11.21	13:30:00	156.766	156.87	156.751	156.842	2458	0	21
2025.11.21	14:00:00	156.843	156.884	156.739	156.812	3518	0	21
2025.11.21	14:30:00	156.81	156.858	156.597	156.738	6935	0	21
2025.11.21	15:00:00	156.74	156.838	156.668	156.792	4517	0	21
2025.11.21	15:30:00	156.794	156.854	156.729	156.803	3056	0	21
2025.11.21	16:00:00	156.803	156.857	156.746	156.828	4102	0	21
2025.11.21	16:30:00	156.829	156.955	156.643	156.689	6166	0	21
2025.11.21	17:00:00	156.699	156.705	156.188	156.405	8232	0	21
2025.11.21	17:30:00	156.4	156.545	156.213	156.525	8077	0	21
2025.11.21	18:00:00	156.525	156.744	156.477	156.694	5823	0	21
2025.11.21	18:30:00	156.694	156.696	156.453	156.561	4769	0	21
2025.11.21	19:00:00	156.561	156.72	156.488	156.627	3611	0	21
2025.11.21	19:30:00	156.627	156.627	156.494	156.53	2391	0	21
2025.11.21	20:00:00	156.531	156.575	156.449	156.488	2100	0	21
2025.11.21	20:30:00	156.488	156.632	156.478	156.563	2795	0	21
2025.11.21	21:00:00	156.56	156.572	156.427	156.462	1981	0	21
2025.11.21	21:30:00	156.463	156.467	156.251	156.318	2214	0	21
2025.11.21	22:00:00	156.318	156.429	156.308	156.368	1461	0	21
2025.11.21	22:30:00	156.368	156.439	156.309	156.378	1722	0	21
2025.11.21	23:00:00	156.379	156.446	156.351	156.401	992	0	21
2025.11.21	23:30:00	156.401	156.491	156.315	156.392	1350	0	23
2025.11.24	00:00:00	156.269	156.468	156.269	156.455	261	0	48
2025.11.24	00:30:00	156.459	156.56	156.412	156.465	727	0	42
2025.11.24	01:00:00	156.463	156.639	156.455	156.598	1418	0	21
2025.11.24	01:30:00	156.599	156.701	156.596	156.675	1651	0	21
2025.11.24	02:00:00	156.676	156.749	156.65	156.736	2313	0	21
2025.11.24	02:30:00	156.735	156.786	156.723	156.725	2369	0	21
2025.11.24	03:00:00	156.725	156.739	156.651	156.687	2495	0	21
2025.11.24	03:30:00	156.686	156.741	156.627	156.711	1806	0	21
2025.11.24	04:00:00	156.708	156.725	156.639	156.699	1391	0	21
2025.11.24	04:30:00	156.7	156.702	156.596	156.676	1343	0	21
2025.11.24	05:00:00	156.676	156.68	156.6	156.607	1201	0	21
2025.11.24	05:30:00	156.607	156.633	156.578	156.633	792	0	21
2025.11.24	06:00:00	156.631	156.651	156.565	156.568	878	0	21
2025.11.24	06:30:00	156.567	156.586	156.499	156.542	1012	0	21
2025.11.24	07:00:00	156.542	156.577	156.487	156.545	1429	0	21
2025.11.24	07:30:00	156.544	156.581	156.503	156.57	1116	0	21
2025.11.24	08:00:00	156.571	156.652	156.533	156.61	1241	0	21
2025.11.24	08:30:00	156.61	156.727	156.609	156.715	1127	0	21
2025.11.24	09:00:00	156.715	156.766	156.665	156.752	1763	0	21
2025.11.24	09:30:00	156.752	156.876	156.72	156.83	1794	0	21
2025.11.24	10:00:00	156.825	156.825	156.636	156.714	2804	0	21
2025.11.24	10:30:00	156.715	156.924	156.71	156.891	2237	0	21
2025.11.24	11:00:00	156.891	156.924	156.702	156.737	2678	0	21
2025.11.24	11:30:00	156.737	156.771	156.669	156.736	2424	0	21
2025.11.24	12:00:00	156.737	156.771	156.688	156.695	2156	0	21
2025.11.24	12:30:00	156.694	156.75	156.688	156.701	1435	0	21
2025.11.24	13:00:00	156.701	156.754	156.689	156.718	1051	0	21
2025.11.24	13:30:00	156.719	156.855	156.701	156.825	1671	0	21
2025.11.24	14:00:00	156.824	156.858	156.803	156.81	1562	0	21
2025.11.24	14:30:00	156.809	156.862	156.736	156.841	1592	0	21
2025.11.24	15:00:00	156.84	156.975	156.839	156.922	2203	0	21
2025.11.24	15:30:00	156.922	156.942	156.854	156.904	1704	0	21
2025.11.24	16:00:00	156.905	157.079	156.875	157.065	2008	0	21
2025.11.24	16:30:00	157.064	157.153	156.976	157.039	3992	0	21
2025.11.24	17:00:00	157.04	157.176	157.039	157.052	3211	0	21
2025.11.24	17:30:00	157.053	157.053	156.729	156.781	4461	0	21
2025.11.24	18:00:00	156.785	156.886	156.757	156.871	2335	0	21
2025.11.24	18:30:00	156.872	156.935	156.827	156.929	1433	0	21
2025.11.24	19:00:00	156.93	156.972	156.851	156.929	1941	0	21
2025.11.24	19:30:00	156.93	156.945	156.846	156.874	1884	0	21
2025.11.24	20:00:00	156.874	156.884	156.831	156.847	1187	0	21
2025.11.24	20:30:00	156.849	156.864	156.776	156.778	1553	0	21
2025.11.24	21:00:00	156.779	156.868	156.778	156.797	1296	0	21
2025.11.24	21:30:00	156.797	156.836	156.701	156.727	1358	0	21
2025.11.24	22:00:00	156.728	156.829	156.721	156.823	1283	0	21
2025.11.24	22:30:00	156.824	156.835	156.771	156.82	1615	0	21
2025.11.24	23:00:00	156.819	156.883	156.809	156.883	547	0	21
2025.11.24	23:30:00	156.882	156.911	156.863	156.866	1115	0	22
2025.11.25	00:00:00	156.824	156.886	156.801	156.854	169	0	42
2025.11.25	00:30:00	156.854	156.866	156.795	156.854	397	0	21
2025.11.25	01:00:00	156.854	156.915	156.839	156.913	661	0	21
2025.11.25	01:30:00	156.912	156.945	156.882	156.896	944	0	21
2025.11.25	02:00:00	156.896	156.952	156.807	156.945	1855	0	21
2025.11.25	02:30:00	156.946	156.971	156.663	156.676	3308	0	21
2025.11.25	03:00:00	156.675	156.735	156.569	156.665	3162	0	21
2025.11.25	03:30:00	156.664	156.683	156.543	156.641	2025	0	21
2025.11.25	04:00:00	156.641	156.679	156.596	156.63	1757	0	21
2025.11.25	04:30:00	156.631	156.719	156.626	156.663	1309	0	21
2025.11.25	05:00:00	156.663	156.701	156.6	156.69	1303	0	21
2025.11.25	05:30:00	156.69	156.771	156.648	156.765	1674	0	21
2025.11.25	06:00:00	156.765	156.838	156.764	156.797	664	0	21
2025.11.25	06:30:00	156.796	156.81	156.748	156.792	473	0	21
2025.11.25	07:00:00	156.79	156.833	156.707	156.71	584	0	21
2025.11.25	07:30:00	156.711	156.769	156.684	156.722	966	0	21
2025.11.25	08:00:00	156.723	156.787	156.683	156.728	1632	0	21
2025.11.25	08:30:00	156.729	156.753	156.658	156.669	1414	0	21
2025.11.25	09:00:00	156.674	156.687	156.551	156.577	1778	0	21
2025.11.25	09:30:00	156.578	156.664	156.512	156.605	2694	0	21
2025.11.25	10:00:00	156.61	156.692	156.554	156.608	2501	0	21
2025.11.25	10:30:00	156.607	156.63	156.427	156.483	2452	0	21
2025.11.25	11:00:00	156.483	156.484	156.253	156.303	2458	0	21
2025.11.25	11:30:00	156.302	156.314	156.132	156.289	2625	0	21
2025.11.25	12:00:00	156.29	156.32	156.19	156.239	2123	0	21
2025.11.25	12:30:00	156.239	156.388	156.225	156.337	1451	0	21
2025.11.25	13:00:00	156.338	156.481	156.338	156.458	1500	0	21
2025.11.25	13:30:00	156.457	156.509	156.416	156.431	1267	0	21
2025.11.25	14:00:00	156.432	156.465	156.372	156.38	1839	0	21
2025.11.25	14:30:00	156.38	156.501	156.285	156.288	3328	0	21
2025.11.25	15:00:00	156.285	156.3	156.017	156.17	3664	0	21
2025.11.25	15:30:00	156.167	156.332	156.019	156.135	4288	0	21
2025.11.25	16:00:00	156.133	156.265	156.025	156.241	3177	0	21
2025.11.25	16:30:00	156.241	156.242	155.887	156.051	5435	0	21
2025.11.25	17:00:00	156.048	156.08	155.882	156.005	5350	0	21
2025.11.25	17:30:00	156.005	156.162	155.91	156.135	4645	0	21
2025.11.25	18:00:00	156.136	156.156	156.051	156.144	2792	0	21
2025.11.25	18:30:00	156.143	156.302	156.115	156.295	2153	0	21
2025.11.25	19:00:00	156.296	156.324	155.791	155.901	5306	0	21
2025.11.25	19:30:00	155.906	155.986	155.842	155.888	2519	0	21
2025.11.25	20:00:00	155.887	155.964	155.824	155.922	3121	0	21
2025.11.25	20:30:00	155.923	155.928	155.873	155.902	1577	0	21
2025.11.25	21:00:00	155.903	155.948	155.887	155.937	1321	0	21
2025.11.25	21:30:00	155.935	155.94	155.796	155.817	1276	0	21
2025.11.25	22:00:00	155.816	156.073	155.808	156.07	1852	0	21
2025.11.25	22:30:00	156.071	156.176	156.066	156.089	1813	0	21
2025.11.25	23:00:00	156.088	156.104	156.043	156.052	834	0	21
2025.11.25	23:30:00	156.053	156.074	156.016	156.027	987	0	22
2025.11.26	00:00:00	155.901	155.992	155.897	155.956	147	0	58
2025.11.26	00:30:00	155.956	156.097	155.953	156.015	312	0	49
2025.11.26	01:00:00	156.013	156.144	155.999	156.09	1050	0	21
2025.11.26	01:30:00	156.093	156.221	156.089	156.187	1257	0	21
2025.11.26	02:00:00	156.187	156.249	156.094	156.156	2186	0	21
2025.11.26	02:30:00	156.156	156.338	156.083	156.244	3280	0	21
2025.11.26	03:00:00	156.244	156.362	156.169	156.342	2730	0	21
2025.11.26	03:30:00	156.341	156.341	155.801	155.933	5118	0	21
2025.11.26	04:00:00	155.935	156.01	155.649	155.667	3928	0	21
2025.11.26	04:30:00	155.671	155.844	155.641	155.837	3443	0	21
2025.11.26	05:00:00	155.837	155.897	155.736	155.884	2196	0	21
2025.11.26	05:30:00	155.885	155.895	155.75	155.869	2172	0	21
2025.11.26	06:00:00	155.87	156.102	155.865	156.101	1798	0	21
2025.11.26	06:30:00	156.102	156.115	156.017	156.027	1637	0	21
2025.11.26	07:00:00	156.025	156.173	156.016	156.095	1815	0	21
2025.11.26	07:30:00	156.092	156.149	156.041	156.102	2655	0	21
2025.11.26	08:00:00	156.103	156.186	156.05	156.05	2573	0	21
2025.11.26	08:30:00	156.049	156.275	156.038	156.197	2244	0	21
2025.11.26	09:00:00	156.197	156.391	156.137	156.388	2660	0	21
2025.11.26	09:30:00	156.389	156.452	156.316	156.374	3710	0	21
2025.11.26	10:00:00	156.373	156.438	156.315	156.36	3410	0	21
2025.11.26	10:30:00	156.359	156.482	156.307	156.432	2691	0	21
2025.11.26	11:00:00	156.433	156.472	156.325	156.382	2045	0	21
2025.11.26	11:30:00	156.384	156.491	156.334	156.442	2050	0	21
2025.11.26	12:00:00	156.441	156.446	156.316	156.407	2323	0	21
2025.11.26	12:30:00	156.408	156.5	156.377	156.466	1915	0	21
2025.11.26	13:00:00	156.467	156.566	156.42	156.503	2129	0	21
2025.11.26	13:30:00	156.505	156.535	156.367	156.463	3233	0	21
2025.11.26	14:00:00	156.465	156.577	156.441	156.448	3949	0	21
2025.11.26	14:30:00	156.448	156.574	156.43	156.468	2774	0	21
2025.11.26	15:00:00	156.467	156.507	156.319	156.334	3004	0	21
2025.11.26	15:30:00	156.338	156.677	156.338	156.651	5572	0	21
2025.11.26	16:00:00	156.652	156.726	156.592	156.706	3049	0	21
2025.11.26	16:30:00	156.707	156.725	156.488	156.597	3643	0	21
2025.11.26	17:00:00	156.603	156.631	156.419	156.474	3701	0	21
2025.11.26	17:30:00	156.474	156.581	156.405	156.405	3383	0	21
2025.11.26	18:00:00	156.404	156.455	156.3	156.331	2609	0	21
2025.11.26	18:30:00	156.334	156.435	156.276	156.373	1850	0	21
2025.11.26	19:00:00	156.372	156.443	156.33	156.43	1488	0	21
2025.11.26	19:30:00	156.429	156.452	156.381	156.395	1446	0	21
2025.11.26	20:00:00	156.395	156.421	156.335	156.412	1388	0	21
2025.11.26	20:30:00	156.411	156.498	156.409	156.453	1522	0	21
2025.11.26	21:00:00	156.451	156.494	156.443	156.469	986	0	21
2025.11.26	21:30:00	156.469	156.47	156.418	156.446	1121	0	21
2025.11.26	22:00:00	156.447	156.483	156.41	156.44	1486	0	21
2025.11.26	22:30:00	156.44	156.444	156.396	156.439	1481	0	21
2025.11.26	23:00:00	156.437	156.468	156.434	156.436	745	0	21
2025.11.26	23:30:00	156.435	156.457	156.396	156.442	642	0	24
2025.11.27	00:00:00	156.442	156.454	156.371	156.417	587	0	52
2025.11.27	00:30:00	156.42	156.421	156.38	156.399	441	0	36
2025.11.27	01:00:00	156.398	156.402	156.276	156.279	603	0	21
2025.11.27	01:30:00	156.281	156.332	156.206	156.208	1065	0	21
2025.11.27	02:00:00	156.207	156.223	156.057	156.058	1608	0	21
2025.11.27	02:30:00	156.059	156.106	155.855	156.026	2411	0	21
2025.11.27	03:00:00	156.027	156.028	155.799	155.818	2792	0	21
2025.11.27	03:30:00	155.817	156.167	155.71	156.041	3395	0	21
2025.11.27	04:00:00	156.034	156.172	155.918	156.116	2059	0	21
2025.11.27	04:30:00	156.116	156.173	156.043	156.108	1468	0	21
2025.11.27	05:00:00	156.108	156.144	156.072	156.085	1104	0	21
2025.11.27	05:30:00	156.085	156.099	156.019	156.069	995	0	21
2025.11.27	06:00:00	156.07	156.09	156.008	156.01	1050	0	21
2025.11.27	06:30:00	156.008	156.041	155.928	155.996	1085	0	21
2025.11.27	07:00:00	155.996	156.002	155.805	155.861	1750	0	21
2025.11.27	07:30:00	155.862	155.983	155.804	155.98	2154	0	21
2025.11.27	08:00:00	155.979	156.125	155.902	156.113	1912	0	21
2025.11.27	08:30:00	156.113	156.195	156.099	156.125	1699	0	21
2025.11.27	09:00:00	156.126	156.244	156.12	156.236	1431	0	21
2025.11.27	09:30:00	156.235	156.289	156.097	156.098	1236	0	21
2025.11.27	10:00:00	156.097	156.293	156.069	156.205	1954	0	21
2025.11.27	10:30:00	156.203	156.354	156.13	156.309	2115	0	21
2025.11.27	11:00:00	156.31	156.393	156.306	156.384	1890	0	21
2025.11.27	11:30:00	156.385	156.392	156.3	156.346	1179	0	21
2025.11.27	12:00:00	156.345	156.349	156.247	156.279	1109	0	21
2025.11.27	12:30:00	156.279	156.321	156.259	156.273	785	0	21
2025.11.27	13:00:00	156.274	156.299	156.24	156.263	1040	0	21
2025.11.27	13:30:00	156.264	156.339	156.252	156.3	815	0	21
2025.11.27	14:00:00	156.301	156.332	156.255	156.288	1007	0	21
2025.11.27	14:30:00	156.288	156.378	156.282	156.365	1413	0	21
2025.11.27	15:00:00	156.366	156.371	156.254	156.258	1115	0	21
2025.11.27	15:30:00	156.26	156.322	156.234	156.254	1381	0	21
2025.11.27	16:00:00	156.253	156.333	156.222	156.325	1481	0	21
2025.11.27	16:30:00	156.325	156.351	156.304	156.316	1114	0	21
2025.11.27	17:00:00	156.317	156.333	156.253	156.259	1006	0	21
2025.11.27	17:30:00	156.259	156.307	156.24	156.295	1348	0	21
2025.11.27	18:00:00	156.295	156.347	156.248	156.263	1846	0	21
2025.11.27	18:30:00	156.263	156.3	156.254	156.267	624	0	21
2025.11.27	19:00:00	156.266	156.338	156.259	156.321	760	0	21
2025.11.27	19:30:00	156.318	156.356	156.315	156.318	623	0	21
2025.11.27	20:00:00	156.318	156.353	156.313	156.353	364	0	23
2025.11.27	20:30:00	156.352	156.357	156.338	156.349	345	0	22
2025.11.27	21:00:00	156.349	156.351	156.335	156.337	267	0	21
2025.11.27	21:30:00	156.337	156.343	156.311	156.324	536	0	22
2025.11.27	22:00:00	156.324	156.326	156.302	156.311	566	0	22
2025.11.27	22:30:00	156.312	156.314	156.255	156.304	990	0	22
2025.11.27	23:00:00	156.299	156.303	156.252	156.277	409	0	23
2025.11.27	23:30:00	156.277	156.291	156.254	156.254	322	0	25
2025.11.28	00:00:00	156.252	156.303	156.224	156.295	175	0	55
2025.11.28	00:30:00	156.294	156.296	156.248	156.257	487	0	39
2025.11.28	01:00:00	156.257	156.27	156.203	156.226	585	0	21
2025.11.28	01:30:00	156.226	156.299	156.191	156.277	715	0	22
2025.11.28	02:00:00	156.277	156.322	156.163	156.312	1955	0	21
2025.11.28	02:30:00	156.311	156.57	156.238	156.434	4192	0	21
2025.11.28	03:00:00	156.433	156.435	156.309	156.38	2622	0	21
2025.11.28	03:30:00	156.38	156.447	156.359	156.367	1464	0	21
2025.11.28	04:00:00	156.366	156.371	156.269	156.273	2008	0	21
2025.11.28	04:30:00	156.275	156.333	156.079	156.267	7787	0	21
2025.11.28	05:00:00	156.267	156.296	156.096	156.26	9552	0	23
2025.11.28	05:30:00	156.261	156.272	156.171	156.254	9455	0	21
2025.11.28	06:00:00	156.255	156.274	156.174	156.205	8648	0	24
2025.11.28	06:30:00	156.207	156.237	156.175	156.208	8820	0	23
2025.11.28	07:00:00	156.207	156.386	156.197	156.288	10079	0	21
2025.11.28	07:30:00	156.288	156.391	156.274	156.332	10039	0	21
2025.11.28	08:00:00	156.332	156.426	156.32	156.365	8513	0	21
2025.11.28	08:30:00	156.367	156.421	156.335	156.367	8093	0	21
2025.11.28	09:00:00	156.367	156.39	156.334	156.363	7904	0	21
2025.11.28	09:30:00	156.364	156.389	156.269	156.29	8884	0	21
2025.11.28	10:00:00	156.285	156.372	156.27	156.337	9242	0	21
2025.11.28	10:30:00	156.34	156.359	156.266	156.341	11323	0	21
2025.11.28	11:00:00	156.341	156.362	156.24	156.297	10630	0	21
2025.11.28	11:30:00	156.298	156.352	156.206	156.305	9957	0	21
2025.11.28	12:00:00	156.305	156.368	156.244	156.3	8276	0	21
2025.11.28	12:30:00	156.298	156.328	156.237	156.253	7751	0	21
2025.11.28	13:00:00	156.252	156.287	156.206	156.216	7101	0	21
2025.11.28	13:30:00	156.215	156.264	156.141	156.192	6806	0	21
2025.11.28	14:00:00	156.193	156.248	156.141	156.141	4084	0	21
2025.11.28	14:30:00	156.142	156.146	156.081	156.104	5610	0	21
2025.11.28	15:00:00	156.103	156.138	156.097	156.115	6001	0	21
2025.11.28	15:30:00	156.12	156.146	155.993	156.009	4755	0	21
2025.11.28	16:00:00	156.009	156.339	155.97	156.268	3081	0	21
2025.11.28	16:30:00	156.269	156.379	156.215	156.232	2915	0	21
2025.11.28	17:00:00	156.232	156.299	156.137	156.226	2212	0	21
2025.11.28	17:30:00	156.225	156.329	155.986	156.023	5455	0	21
2025.11.28	18:00:00	156.022	156.182	155.983	156.155	3848	0	21
2025.11.28	18:30:00	156.155	156.191	156.116	156.165	1773	0	21
2025.11.28	19:00:00	156.164	156.256	156.146	156.22	2142	0	21
2025.11.28	19:30:00	156.22	156.229	156.119	156.198	2138	0	21
2025.11.28	20:00:00	156.202	156.226	156.109	156.114	1941	0	21
2025.11.28	20:30:00	156.114	156.18	156.072	156.124	1717	0	22
2025.11.28	21:00:00	156.123	156.159	156.096	156.1	1906	0	21
2025.11.28	21:30:00	156.099	156.111	156.058	156.109	1429	0	21
2025.11.28	22:00:00	156.108	156.111	156.051	156.092	1802	0	21
2025.11.28	22:30:00	156.092	156.139	156.067	156.133	1206	0	21
2025.11.28	23:00:00	156.135	156.154	156.11	156.119	1573	0	21
2025.11.28	23:30:00	156.119	156.165	156.085	156.158	952	0	21
2025.12.01	00:00:00	156.043	156.11	156.043	156.082	311	0	51
2025.12.01	00:30:00	156.081	156.094	156.039	156.068	687	0	37
2025.12.01	01:00:00	156.06	156.107	156.007	156.026	2008	0	21
2025.12.01	01:30:00	156.025	156.139	155.892	155.896	1836	0	21
2025.12.01	02:00:00	155.897	155.899	155.72	155.725	3479	0	21
2025.12.01	02:30:00	155.724	155.849	155.663	155.796	3159	0	21
2025.12.01	03:00:00	155.794	155.981	155.471	155.592	5692	0	21
2025.12.01	03:30:00	155.591	155.815	155.524	155.63	3072	0	21
2025.12.01	04:00:00	155.63	155.643	155.514	155.58	2612	0	21
2025.12.01	04:30:00	155.581	155.608	155.418	155.491	2201	0	21
2025.12.01	05:00:00	155.49	155.586	155.434	155.488	1274	0	21
2025.12.01	05:30:00	155.487	155.5	155.402	155.451	1038	0	21
2025.12.01	06:00:00	155.452	155.485	155.416	155.426	1018	0	21
2025.12.01	06:30:00	155.425	155.592	155.385	155.537	1374	0	21
2025.12.01	07:00:00	155.536	155.574	155.399	155.464	2024	0	21
2025.12.01	07:30:00	155.463	155.607	155.431	155.58	1668	0	21
2025.12.01	08:00:00	155.582	155.681	155.58	155.632	1687	0	21
2025.12.01	08:30:00	155.632	155.655	155.547	155.552	1842	0	21
2025.12.01	09:00:00	155.543	155.616	155.386	155.394	2191	0	21
2025.12.01	09:30:00	155.393	155.429	155.295	155.349	2858	0	21
2025.12.01	10:00:00	155.349	155.426	155.248	155.306	3645	0	21
2025.12.01	10:30:00	155.307	155.549	155.303	155.473	3882	0	21
2025.12.01	11:00:00	155.473	155.522	155.337	155.338	2816	0	21
2025.12.01	11:30:00	155.338	155.376	155.25	155.276	2694	0	21
2025.12.01	12:00:00	155.276	155.295	155.15	155.163	1883	0	21
2025.12.01	12:30:00	155.162	155.298	155.154	155.243	2147	0	21
2025.12.01	13:00:00	155.244	155.331	155.184	155.198	2340	0	21
2025.12.01	13:30:00	155.2	155.201	155.091	155.096	1787	0	21
2025.12.01	14:00:00	155.096	155.14	154.992	154.997	2300	0	21
2025.12.01	14:30:00	154.996	155.026	154.752	154.78	2652	0	21
2025.12.01	15:00:00	154.779	154.84	154.688	154.76	3942	0	21
2025.12.01	15:30:00	154.759	154.886	154.654	154.832	3693	0	21
2025.12.01	16:00:00	154.833	155.001	154.825	154.931	3578	0	21
2025.12.01	16:30:00	154.93	155.052	154.894	154.984	4769	0	21
2025.12.01	17:00:00	154.982	155.133	154.85	155.037	4093	0	21
2025.12.01	17:30:00	155.035	155.187	155.031	155.087	4237	0	21
2025.12.01	18:00:00	155.087	155.28	155.085	155.264	3701	0	21
2025.12.01	18:30:00	155.265	155.303	155.242	155.274	2635	0	21
2025.12.01	19:00:00	155.275	155.355	155.25	155.299	2254	0	21
2025.12.01	19:30:00	155.298	155.373	155.273	155.34	1928	0	21
2025.12.01	20:00:00	155.338	155.444	155.329	155.435	1535	0	21
2025.12.01	20:30:00	155.435	155.488	155.433	155.482	1325	0	21
2025.12.01	21:00:00	155.483	155.512	155.471	155.48	1434	0	21
2025.12.01	21:30:00	155.48	155.5	155.438	155.47	1231	0	21
2025.12.01	22:00:00	155.469	155.491	155.433	155.489	1181	0	21
2025.12.01	22:30:00	155.491	155.508	155.425	155.435	995	0	21
2025.12.01	23:00:00	155.434	155.459	155.427	155.444	710	0	21
2025.12.01	23:30:00	155.45	155.5	155.417	155.418	985	0	21
2025.12.02	00:00:00	155.417	155.452	155.393	155.447	129	0	42
2025.12.02	00:30:00	155.447	155.45	155.403	155.417	387	0	34
2025.12.02	01:00:00	155.418	155.486	155.418	155.456	657	0	21
2025.12.02	01:30:00	155.456	155.563	155.456	155.551	722	0	21
2025.12.02	02:00:00	155.55	155.641	155.448	155.599	2161	0	21
2025.12.02	02:30:00	155.6	155.669	155.549	155.625	2375	0	21
2025.12.02	03:00:00	155.624	155.763	155.624	155.653	2525	0	21
2025.12.02	03:30:00	155.654	155.654	155.582	155.62	1449	0	21
2025.12.02	04:00:00	155.62	155.627	155.579	155.616	983	0	21
2025.12.02	04:30:00	155.615	155.696	155.614	155.649	921	0	21
2025.12.02	05:00:00	155.648	155.709	155.597	155.597	1001	0	21
2025.12.02	05:30:00	155.596	155.625	155.548	155.621	1502	0	21
2025.12.02	06:00:00	155.621	155.639	155.54	155.63	868	0	21
2025.12.02	06:30:00	155.629	155.655	155.601	155.628	882	0	21
2025.12.02	07:00:00	155.631	155.723	155.621	155.679	1353	0	21
2025.12.02	07:30:00	155.678	155.697	155.621	155.643	1206	0	21
2025.12.02	08:00:00	155.642	155.786	155.628	155.771	1787	0	21
2025.12.02	08:30:00	155.77	155.807	155.731	155.75	1632	0	21
2025.12.02	09:00:00	155.749	155.826	155.728	155.788	2044	0	21
2025.12.02	09:30:00	155.788	155.823	155.704	155.756	1957	0	21
2025.12.02	10:00:00	155.757	155.939	155.755	155.939	2408	0	21
2025.12.02	10:30:00	155.94	155.994	155.88	155.983	2361	0	21
2025.12.02	11:00:00	155.984	156.074	155.92	156.053	2393	0	21
2025.12.02	11:30:00	156.054	156.073	155.928	155.952	2301	0	21
2025.12.02	12:00:00	155.953	156.056	155.925	156.038	1778	0	21
2025.12.02	12:30:00	156.038	156.048	155.992	156.024	1468	0	21
2025.12.02	13:00:00	156.025	156.039	155.928	155.951	1203	0	21
2025.12.02	13:30:00	155.95	155.978	155.883	155.914	1496	0	21
2025.12.02	14:00:00	155.913	156.007	155.899	155.968	1719	0	21
2025.12.02	14:30:00	155.969	156.019	155.925	155.999	1639	0	21
2025.12.02	15:00:00	155.998	156.062	155.994	156.032	2174	0	21
2025.12.02	15:30:00	156.035	156.051	155.954	155.964	2283	0	21
2025.12.02	16:00:00	155.963	156.076	155.945	155.997	2598	0	21
2025.12.02	16:30:00	155.998	156.044	155.92	155.94	3379	0	21
2025.12.02	17:00:00	155.94	156.169	155.936	156.029	4079	0	21
2025.12.02	17:30:00	156.024	156.024	155.809	155.861	3988	0	21
2025.12.02	18:00:00	155.861	155.917	155.744	155.757	3466	0	21
2025.12.02	18:30:00	155.757	155.975	155.742	155.909	3024	0	21
2025.12.02	19:00:00	155.908	156.076	155.905	156.008	2542	0	21
2025.12.02	19:30:00	156.008	156.02	155.916	155.933	2564	0	21
2025.12.02	20:00:00	155.933	155.947	155.9	155.94	2432	0	21
2025.12.02	20:30:00	155.941	156.008	155.922	155.981	2093	0	21
2025.12.02	21:00:00	155.981	155.987	155.882	155.891	1601	0	21
2025.12.02	21:30:00	155.891	155.929	155.833	155.885	1919	0	21
2025.12.02	22:00:00	155.884	155.885	155.816	155.876	1903	0	21
2025.12.02	22:30:00	155.876	155.89	155.793	155.819	1806	0	21
2025.12.02	23:00:00	155.817	155.879	155.816	155.832	914	0	21
2025.12.02	23:30:00	155.831	155.891	155.789	155.789	848	0	21
2025.12.03	00:00:00	155.788	155.811	155.743	155.811	196	0	64
2025.12.03	00:30:00	155.814	155.864	155.813	155.842	373	0	44
2025.12.03	01:00:00	155.843	155.892	155.813	155.835	563	0	21
2025.12.03	01:30:00	155.835	155.835	155.751	155.751	757	0	21
2025.12.03	02:00:00	155.752	155.773	155.648	155.694	1736	0	21
2025.12.03	02:30:00	155.694	155.805	155.65	155.769	2007	0	21
2025.12.03	03:00:00	155.77	155.781	155.595	155.621	1849	0	21
2025.12.03	03:30:00	155.621	155.669	155.599	155.645	1472	0	21
2025.12.03	04:00:00	155.646	155.794	155.64	155.762	1329	0	21
2025.12.03	04:30:00	155.761	155.77	155.693	155.7	889	0	21
2025.12.03	05:00:00	155.699	155.717	155.665	155.674	783	0	21
2025.12.03	05:30:00	155.674	155.71	155.617	155.645	1105	0	21
2025.12.03	06:00:00	155.644	155.742	155.643	155.717	855	0	21
2025.12.03	06:30:00	155.716	155.717	155.642	155.65	937	0	21
2025.12.03	07:00:00	155.65	155.695	155.617	155.679	993	0	21
2025.12.03	07:30:00	155.678	155.694	155.644	155.681	915	0	21
2025.12.03	08:00:00	155.681	155.681	155.509	155.51	1525	0	21
2025.12.03	08:30:00	155.511	155.622	155.499	155.598	1700	0	21
2025.12.03	09:00:00	155.598	155.635	155.503	155.633	1432	0	21
2025.12.03	09:30:00	155.639	155.698	155.62	155.675	1970	0	21
2025.12.03	10:00:00	155.674	155.745	155.66	155.691	1925	0	21
2025.12.03	10:30:00	155.69	155.741	155.652	155.664	1842	0	21
2025.12.03	11:00:00	155.663	155.67	155.605	155.653	1682	0	21
2025.12.03	11:30:00	155.652	155.667	155.517	155.611	1914	0	21
2025.12.03	12:00:00	155.61	155.632	155.513	155.517	2450	0	21
2025.12.03	12:30:00	155.517	155.561	155.492	155.516	1883	0	21
2025.12.03	13:00:00	155.515	155.516	155.412	155.427	1633	0	21
2025.12.03	13:30:00	155.426	155.465	155.4	155.407	1254	0	21
2025.12.03	14:00:00	155.406	155.406	155.349	155.385	1637	0	21
2025.12.03	14:30:00	155.385	155.421	155.351	155.404	1340	0	21
2025.12.03	15:00:00	155.404	155.441	155.192	155.44	3515	0	21
2025.12.03	15:30:00	155.441	155.514	155.352	155.478	3446	0	21
2025.12.03	16:00:00	155.478	155.508	155.268	155.508	4584	0	21
2025.12.03	16:30:00	155.509	155.51	155.339	155.375	4758	0	21
2025.12.03	17:00:00	155.335	155.588	155.223	155.258	5974	0	21
2025.12.03	17:30:00	155.257	155.43	155.2	155.207	5033	0	21
2025.12.03	18:00:00	155.206	155.236	155.001	155.012	2942	0	21
2025.12.03	18:30:00	155.012	155.169	155.001	155.158	2823	0	21
2025.12.03	19:00:00	155.157	155.202	155.076	155.164	2180	0	21
2025.12.03	19:30:00	155.165	155.179	155.089	155.115	1944	0	21
2025.12.03	20:00:00	155.114	155.14	155.063	155.123	1922	0	21
2025.12.03	20:30:00	155.123	155.166	155.08	155.113	1543	0	21
2025.12.03	21:00:00	155.113	155.135	155.068	155.105	1543	0	21
2025.12.03	21:30:00	155.106	155.153	155.1	155.138	1660	0	21
2025.12.03	22:00:00	155.138	155.177	155.114	155.172	1012	0	21
2025.12.03	22:30:00	155.172	155.238	155.168	155.227	1021	0	21
2025.12.03	23:00:00	155.225	155.306	155.222	155.267	501	0	21
2025.12.03	23:30:00	155.266	155.273	155.195	155.199	769	0	22
2025.12.04	00:00:00	155.211	155.216	155.092	155.153	143	0	50
2025.12.04	00:30:00	155.153	155.186	155.102	155.112	628	0	42
2025.12.04	01:00:00	155.112	155.231	155.112	155.198	433	0	22
2025.12.04	01:30:00	155.199	155.208	155.073	155.101	1348	0	21
2025.12.04	02:00:00	155.102	155.216	155.009	155.215	2108	0	21
2025.12.04	02:30:00	155.22	155.238	155.107	155.108	2681	0	21
2025.12.04	03:00:00	155.107	155.334	155.089	155.295	2657	0	21
2025.12.04	03:30:00	155.294	155.398	155.229	155.25	2068	0	21
2025.12.04	04:00:00	155.249	155.378	155.244	155.366	1776	0	21
2025.12.04	04:30:00	155.366	155.418	155.327	155.401	1567	0	21
2025.12.04	05:00:00	155.402	155.52	155.402	155.514	1536	0	21
2025.12.04	05:30:00	155.514	155.53	155.374	155.379	1651	0	21
2025.12.04	06:00:00	155.379	155.381	155.331	155.331	1033	0	21
2025.12.04	06:30:00	155.334	155.456	155.314	155.451	1212	0	21
2025.12.04	07:00:00	155.452	155.494	155.421	155.474	1229	0	21
2025.12.04	07:30:00	155.473	155.475	155.172	155.211	3620	0	21
2025.12.04	08:00:00	155.21	155.391	155.202	155.361	1888	0	21
2025.12.04	08:30:00	155.362	155.439	155.234	155.284	1861	0	21
2025.12.04	09:00:00	155.283	155.342	155.242	155.284	2729	0	21
2025.12.04	09:30:00	155.283	155.312	155.195	155.232	2233	0	21
2025.12.04	10:00:00	155.233	155.241	154.761	154.805	4495	0	21
2025.12.04	10:30:00	154.804	154.982	154.794	154.976	2903	0	21
2025.12.04	11:00:00	154.978	155.045	154.866	154.869	2332	0	21
2025.12.04	11:30:00	154.869	154.938	154.785	154.802	2529	0	21
2025.12.04	12:00:00	154.805	154.853	154.731	154.828	2669	0	21
2025.12.04	12:30:00	154.83	154.88	154.729	154.741	1534	0	21
2025.12.04	13:00:00	154.74	154.781	154.53	154.569	2533	0	21
2025.12.04	13:30:00	154.569	154.629	154.512	154.518	1726	0	21
2025.12.04	14:00:00	154.517	154.607	154.497	154.566	1882	0	21
2025.12.04	14:30:00	154.567	154.769	154.567	154.658	2490	0	21
2025.12.04	15:00:00	154.659	154.848	154.65	154.802	2412	0	21
2025.12.04	15:30:00	154.804	155.043	154.765	154.791	5075	0	21
2025.12.04	16:00:00	154.792	154.792	154.551	154.593	3890	0	21
2025.12.04	16:30:00	154.592	154.846	154.564	154.749	4773	0	21
2025.12.04	17:00:00	154.753	154.885	154.646	154.662	4047	0	21
2025.12.04	17:30:00	154.659	154.685	154.546	154.625	3538	0	21
2025.12.04	18:00:00	154.623	154.752	154.622	154.747	2959	0	21
2025.12.04	18:30:00	154.746	154.907	154.746	154.895	2551	0	21
2025.12.04	19:00:00	154.895	154.954	154.878	154.883	2001	0	21
2025.12.04	19:30:00	154.884	154.95	154.883	154.924	1907	0	21
2025.12.04	20:00:00	154.925	154.978	154.884	154.909	2025	0	21
2025.12.04	20:30:00	154.909	154.981	154.895	154.975	2261	0	21
2025.12.04	21:00:00	154.975	155.01	154.944	154.977	1992	0	21
2025.12.04	21:30:00	154.978	155.029	154.969	155.007	2060	0	21
2025.12.04	22:00:00	155.008	155.043	154.985	155.024	2244	0	21
2025.12.04	22:30:00	155.024	155.12	155.012	155.093	2014	0	21
2025.12.04	23:00:00	155.093	155.125	155.065	155.112	922	0	21
2025.12.04	23:30:00	155.111	155.13	155.064	155.064	694	0	21
2025.12.05	00:00:00	155.064	155.064	154.964	154.965	178	0	48
2025.12.05	00:30:00	154.965	155.044	154.965	155.026	353	0	39
2025.12.05	01:00:00	155.029	155.149	155.029	155.119	912	0	21
2025.12.05	01:30:00	155.12	155.151	155.083	155.121	1199	0	21
2025.12.05	02:00:00	155.121	155.22	155.09	155.098	2136	0	21
2025.12.05	02:30:00	155.099	155.174	154.94	154.957	2353	0	21
2025.12.05	03:00:00	154.957	155.073	154.904	155.064	2053	0	21
2025.12.05	03:30:00	155.065	155.089	154.953	155.005	1666	0	21
2025.12.05	04:00:00	155.004	155.087	154.995	155.077	1565	0	21
2025.12.05	04:30:00	155.078	155.078	155.011	155.04	986	0	21
2025.12.05	05:00:00	155.041	155.127	155.028	155.123	721	0	21
2025.12.05	05:30:00	155.124	155.147	155.095	155.109	865	0	21
2025.12.05	06:00:00	155.108	155.113	154.784	154.897	1877	0	21
2025.12.05	06:30:00	154.899	155.016	154.871	154.909	2098	0	21
2025.12.05	07:00:00	154.91	154.91	154.702	154.722	1746	0	21
2025.12.05	07:30:00	154.722	154.723	154.533	154.589	2432	0	21
2025.12.05	08:00:00	154.588	154.687	154.574	154.584	1776	0	21
2025.12.05	08:30:00	154.584	154.622	154.447	154.557	2694	0	21
2025.12.05	09:00:00	154.555	154.638	154.382	154.405	3192	0	21
2025.12.05	09:30:00	154.404	154.639	154.332	154.618	3603	0	21
2025.12.05	10:00:00	154.619	154.826	154.595	154.761	3765	0	21
2025.12.05	10:30:00	154.763	154.882	154.746	154.845	2449	0	21
2025.12.05	11:00:00	154.844	154.941	154.821	154.94	1762	0	21
2025.12.05	11:30:00	154.94	154.954	154.89	154.904	1585	0	21
2025.12.05	12:00:00	154.905	155.087	154.878	155.082	2524	0	21
2025.12.05	12:30:00	155.082	155.162	155.042	155.124	2011	0	21
2025.12.05	13:00:00	155.124	155.167	155.104	155.158	1943	0	21
2025.12.05	13:30:00	155.158	155.212	155.117	155.132	2112	0	21
2025.12.05	14:00:00	155.134	155.251	155.072	155.182	2461	0	21
2025.12.05	14:30:00	155.183	155.208	155.12	155.16	2801	0	21
2025.12.05	15:00:00	155.164	155.248	155.124	155.151	2599	0	21
2025.12.05	15:30:00	155.15	155.239	155.094	155.185	3361	0	21
2025.12.05	16:00:00	155.184	155.187	155.103	155.187	2959	0	21
2025.12.05	16:30:00	155.186	155.271	155.12	155.208	4097	0	21
2025.12.05	17:00:00	155.207	155.345	155.105	155.148	4351	0	21
2025.12.05	17:30:00	155.149	155.306	155.106	155.242	3794	0	21
2025.12.05	18:00:00	155.243	155.482	155.196	155.403	3435	0	21
2025.12.05	18:30:00	155.404	155.428	155.245	155.288	3413	0	21
2025.12.05	19:00:00	155.289	155.327	155.248	155.306	2035	0	21
2025.12.05	19:30:00	155.307	155.335	155.255	155.275	1706	0	21
2025.12.05	20:00:00	155.275	155.309	155.229	155.292	1329	0	21
2025.12.05	20:30:00	155.293	155.297	155.254	155.271	1292	0	21
2025.12.05	21:00:00	155.27	155.312	155.254	155.257	1501	0	21
2025.12.05	21:30:00	155.257	155.311	155.252	155.281	1209	0	21
2025.12.05	22:00:00	155.28	155.306	155.258	155.29	861	0	21
2025.12.05	22:30:00	155.289	155.314	155.278	155.291	1172	0	21
2025.12.05	23:00:00	155.294	155.316	155.279	155.303	803	0	21
2025.12.05	23:30:00	155.305	155.356	155.299	155.341	619	0	23
2025.12.08	00:00:00	155.146	155.2	155.139	155.2	156	0	60
2025.12.08	00:30:00	155.202	155.213	155.192	155.202	131	0	49
2025.12.08	01:00:00	155.198	155.281	155.194	155.261	1717	0	21
2025.12.08	01:30:00	155.268	155.37	155.228	155.3	1420	0	21
2025.12.08	02:00:00	155.3	155.313	155.129	155.172	2298	0	21
2025.12.08	02:30:00	155.172	155.18	155.05	155.06	2097	0	21
2025.12.08	03:00:00	155.059	155.137	154.962	155.025	2471	0	21
2025.12.08	03:30:00	155.026	155.027	154.9	154.907	2175	0	21
2025.12.08	04:00:00	154.904	155.028	154.888	155.018	1673	0	21
2025.12.08	04:30:00	155.018	155.057	154.969	154.994	1502	0	21
2025.12.08	05:00:00	154.994	155.033	154.963	155.018	1117	0	21
2025.12.08	05:30:00	155.017	155.105	155.011	155.091	1207	0	21
2025.12.08	06:00:00	155.093	155.111	155.046	155.085	1243	0	21
2025.12.08	06:30:00	155.086	155.094	155.048	155.064	1075	0	22
2025.12.08	07:00:00	155.063	155.212	155.057	155.195	1205	0	21
2025.12.08	07:30:00	155.195	155.257	155.169	155.189	1564	0	21
2025.12.08	08:00:00	155.19	155.277	155.093	155.254	2118	0	21
2025.12.08	08:30:00	155.255	155.266	155.166	155.218	1427	0	21
2025.12.08	09:00:00	155.218	155.3	155.156	155.29	2034	0	21
2025.12.08	09:30:00	155.291	155.342	155.205	155.341	1927	0	21
2025.12.08	10:00:00	155.343	155.446	155.25	155.434	3062	0	21
2025.12.08	10:30:00	155.433	155.452	155.361	155.38	1994	0	21
2025.12.08	11:00:00	155.38	155.532	155.38	155.43	2803	0	21
2025.12.08	11:30:00	155.428	155.482	155.399	155.465	2186	0	21
2025.12.08	12:00:00	155.464	155.511	155.398	155.433	2401	0	21
2025.12.08	12:30:00	155.433	155.519	155.399	155.501	1657	0	21
2025.12.08	13:00:00	155.502	155.564	155.462	155.516	1734	0	21
2025.12.08	13:30:00	155.516	155.579	155.487	155.575	2079	0	21
2025.12.08	14:00:00	155.576	155.643	155.532	155.604	2273	0	21
2025.12.08	14:30:00	155.605	155.646	155.532	155.549	1892	0	21
2025.12.08	15:00:00	155.547	155.583	155.463	155.504	2777	0	21
2025.12.08	15:30:00	155.501	155.65	155.496	155.616	3076	0	21
2025.12.08	16:00:00	155.616	155.63	155.381	155.479	3501	0	21
2025.12.08	16:30:00	155.479	155.867	155.471	155.814	5357	0	21
2025.12.08	17:00:00	155.814	155.906	155.744	155.804	4132	0	21
2025.12.08	17:30:00	155.804	155.973	155.785	155.847	3508	0	21
2025.12.08	18:00:00	155.846	155.942	155.817	155.935	2467	0	21
2025.12.08	18:30:00	155.934	155.945	155.853	155.886	2466	0	21
2025.12.08	19:00:00	155.885	155.914	155.789	155.809	1825	0	21
2025.12.08	19:30:00	155.81	155.841	155.715	155.739	2141	0	21
2025.12.08	20:00:00	155.738	155.766	155.711	155.766	1271	0	21
2025.12.08	20:30:00	155.764	155.773	155.693	155.738	1173	0	21
2025.12.08	21:00:00	155.739	155.775	155.723	155.77	920	0	21
2025.12.08	21:30:00	155.77	155.905	155.77	155.899	1783	0	21
2025.12.08	22:00:00	155.899	155.924	155.84	155.879	1192	0	21
2025.12.08	22:30:00	155.88	155.924	155.862	155.921	1016	0	21
2025.12.08	23:00:00	155.922	155.948	155.914	155.941	799	0	21
2025.12.08	23:30:00	155.94	155.949	155.896	155.905	983	0	21
2025.12.09	00:00:00	155.901	155.901	155.799	155.854	107	0	31
2025.12.09	00:30:00	155.854	155.919	155.846	155.898	194	0	28
2025.12.09	01:00:00	155.899	155.965	155.875	155.886	575	0	22
2025.12.09	01:30:00	155.886	155.926	155.827	155.834	877	0	21
2025.12.09	02:00:00	155.837	155.876	155.758	155.853	1566	0	21
2025.12.09	02:30:00	155.854	156.01	155.821	155.999	2165	0	21
2025.12.09	03:00:00	155.999	156.025	155.862	155.869	2273	0	21
2025.12.09	03:30:00	155.869	155.889	155.756	155.785	1391	0	21
2025.12.09	04:00:00	155.786	155.881	155.732	155.832	948	0	21
2025.12.09	04:30:00	155.831	155.894	155.816	155.858	1076	0	21
2025.12.09	05:00:00	155.857	155.878	155.839	155.862	747	0	21
2025.12.09	05:30:00	155.862	155.862	155.791	155.812	901	0	21
2025.12.09	06:00:00	155.812	155.886	155.799	155.886	829	0	21
2025.12.09	06:30:00	155.885	155.974	155.885	155.924	884	0	21
2025.12.09	07:00:00	155.923	156.099	155.862	155.864	1635	0	21
2025.12.09	07:30:00	155.863	156.006	155.849	155.998	2303	0	21
2025.12.09	08:00:00	155.997	156.115	155.972	156.075	2291	0	21
2025.12.09	08:30:00	156.075	156.105	155.95	155.995	1951	0	21
2025.12.09	09:00:00	155.995	156.152	155.973	156.098	2019	0	21
2025.12.09	09:30:00	156.097	156.186	156.024	156.181	2156	0	21
2025.12.09	10:00:00	156.181	156.367	156.172	156.354	3231	0	21
2025.12.09	10:30:00	156.355	156.42	156.297	156.323	2664	0	21
2025.12.09	11:00:00	156.323	156.329	155.965	156.028	3956	0	21
2025.12.09	11:30:00	156.027	156.109	156.015	156.074	2494	0	21
2025.12.09	12:00:00	156.075	156.192	156.074	156.161	2599	0	21
2025.12.09	12:30:00	156.161	156.167	156.034	156.063	2866	0	21
2025.12.09	13:00:00	156.063	156.138	156.057	156.11	2180	0	21
2025.12.09	13:30:00	156.11	156.187	156.061	156.177	2079	0	21
2025.12.09	14:00:00	156.177	156.283	156.176	156.269	2162	0	21
2025.12.09	14:30:00	156.27	156.346	156.24	156.344	2590	0	21
2025.12.09	15:00:00	156.345	156.473	156.298	156.468	2813	0	21
2025.12.09	15:30:00	156.468	156.503	156.274	156.332	3397	0	21
2025.12.09	16:00:00	156.331	156.522	156.302	156.456	3450	0	21
2025.12.09	16:30:00	156.456	156.522	156.374	156.394	4534	0	21
2025.12.09	17:00:00	156.391	156.847	156.385	156.609	5775	0	21
2025.12.09	17:30:00	156.61	156.905	156.559	156.856	4011	0	21
2025.12.09	18:00:00	156.855	156.909	156.798	156.897	2926	0	21
2025.12.09	18:30:00	156.898	156.906	156.832	156.847	2733	0	21
2025.12.09	19:00:00	156.846	156.906	156.819	156.89	1795	0	21
2025.12.09	19:30:00	156.89	156.914	156.864	156.906	1621	0	21
2025.12.09	20:00:00	156.908	156.914	156.867	156.879	1116	0	21
2025.12.09	20:30:00	156.877	156.915	156.874	156.885	970	0	21
2025.12.09	21:00:00	156.885	156.943	156.871	156.873	1124	0	21
2025.12.09	21:30:00	156.872	156.881	156.797	156.824	1370	0	21
2025.12.09	22:00:00	156.824	156.873	156.809	156.864	860	0	21
2025.12.09	22:30:00	156.868	156.912	156.857	156.888	746	0	21
2025.12.09	23:00:00	156.891	156.927	156.884	156.922	464	0	21
2025.12.09	23:30:00	156.921	156.93	156.84	156.84	1040	0	21
2025.12.10	00:00:00	156.842	156.864	156.657	156.833	311	0	53
2025.12.10	00:30:00	156.831	156.9	156.804	156.823	403	0	39
2025.12.10	01:00:00	156.818	156.9	156.787	156.841	652	0	22
2025.12.10	01:30:00	156.841	156.865	156.793	156.793	625	0	21
2025.12.10	02:00:00	156.792	156.924	156.763	156.923	1655	0	21
2025.12.10	02:30:00	156.921	156.921	156.691	156.704	2196	0	21
2025.12.10	03:00:00	156.704	156.737	156.659	156.72	1932	0	21
2025.12.10	03:30:00	156.719	156.759	156.662	156.696	1879	0	21
2025.12.10	04:00:00	156.697	156.698	156.62	156.67	1058	0	21
2025.12.10	04:30:00	156.67	156.713	156.633	156.644	839	0	21
2025.12.10	05:00:00	156.644	156.671	156.582	156.609	1015	0	21
2025.12.10	05:30:00	156.608	156.617	156.547	156.579	941	0	21
2025.12.10	06:00:00	156.579	156.651	156.576	156.633	541	0	21
2025.12.10	06:30:00	156.633	156.652	156.57	156.614	543	0	21
2025.12.10	07:00:00	156.615	156.657	156.584	156.649	886	0	21
2025.12.10	07:30:00	156.648	156.709	156.608	156.694	1109	0	21
2025.12.10	08:00:00	156.694	156.744	156.681	156.72	981	0	21
2025.12.10	08:30:00	156.721	156.754	156.649	156.66	974	0	21
2025.12.10	09:00:00	156.66	156.687	156.634	156.673	1173	0	21
2025.12.10	09:30:00	156.674	156.741	156.625	156.642	1928	0	21
2025.12.10	10:00:00	156.642	156.696	156.568	156.597	2021	0	21
2025.12.10	10:30:00	156.598	156.682	156.588	156.662	1866	0	21
2025.12.10	11:00:00	156.663	156.807	156.663	156.785	1659	0	21
2025.12.10	11:30:00	156.786	156.877	156.777	156.807	1887	0	21
2025.12.10	12:00:00	156.808	156.847	156.738	156.76	1783	0	21
2025.12.10	12:30:00	156.76	156.773	156.727	156.758	2246	0	21
2025.12.10	13:00:00	156.758	156.76	156.678	156.697	1822	0	21
2025.12.10	13:30:00	156.696	156.766	156.684	156.699	1001	0	21
2025.12.10	14:00:00	156.699	156.745	156.662	156.716	966	0	21
2025.12.10	14:30:00	156.717	156.717	156.673	156.704	1191	0	21
2025.12.10	15:00:00	156.705	156.707	156.609	156.651	2074	0	21
2025.12.10	15:30:00	156.651	156.651	156.54	156.541	2393	0	21
2025.12.10	16:00:00	156.54	156.617	156.49	156.604	2321	0	21
2025.12.10	16:30:00	156.603	156.611	156.428	156.488	3299	0	21
2025.12.10	17:00:00	156.487	156.487	156.341	156.428	2625	0	21
2025.12.10	17:30:00	156.429	156.522	156.372	156.467	2245	0	21
2025.12.10	18:00:00	156.47	156.478	156.328	156.351	2454	0	21
2025.12.10	18:30:00	156.351	156.392	156.314	156.325	1898	0	21
2025.12.10	19:00:00	156.325	156.386	156.249	156.27	1629	0	21
2025.12.10	19:30:00	156.269	156.313	156.234	156.294	1303	0	21
2025.12.10	20:00:00	156.296	156.393	156.285	156.334	1109	0	21
2025.12.10	20:30:00	156.334	156.467	156.33	156.406	1611	0	21
2025.12.10	21:00:00	156.391	156.479	156.089	156.436	5979	0	21
2025.12.10	21:30:00	156.436	156.665	156.13	156.248	8229	0	21
2025.12.10	22:00:00	156.249	156.297	155.783	155.897	6001	0	21
2025.12.10	22:30:00	155.897	156.021	155.844	155.921	3287	0	21
2025.12.10	23:00:00	155.92	156.018	155.917	156.017	1189	0	21
2025.12.10	23:30:00	156.026	156.086	155.972	155.992	1208	0	21
2025.12.11	00:00:00	155.851	155.99	155.832	155.899	186	0	52
2025.12.11	00:30:00	155.899	156.013	155.899	156.002	1264	0	38
2025.12.11	01:00:00	155.993	156.014	155.746	155.799	832	0	21
2025.12.11	01:30:00	155.806	155.807	155.617	155.739	1542	0	21
2025.12.11	02:00:00	155.74	155.766	155.559	155.666	2653	0	21
2025.12.11	02:30:00	155.666	155.874	155.613	155.794	2682	0	21
2025.12.11	03:00:00	155.795	155.812	155.614	155.618	2530	0	21
2025.12.11	03:30:00	155.617	155.731	155.559	155.708	2123	0	21
2025.12.11	04:00:00	155.707	155.711	155.532	155.536	2159	0	21
2025.12.11	04:30:00	155.535	155.765	155.477	155.761	2190	0	21
2025.12.11	05:00:00	155.762	155.765	155.626	155.751	2272	0	21
2025.12.11	05:30:00	155.75	155.776	155.631	155.685	1963	0	21
2025.12.11	06:00:00	155.686	155.775	155.607	155.771	1383	0	21
2025.12.11	06:30:00	155.77	155.847	155.722	155.834	1293	0	21
2025.12.11	07:00:00	155.833	155.944	155.824	155.883	1390	0	21
2025.12.11	07:30:00	155.884	156.062	155.884	156.053	1340	0	21
2025.12.11	08:00:00	156.05	156.152	156.017	156.083	1762	0	21
2025.12.11	08:30:00	156.086	156.105	155.93	155.952	1622	0	21
2025.12.11	09:00:00	155.953	156.042	155.892	155.91	2433	0	21
2025.12.11	09:30:00	155.911	156.032	155.857	156.021	2071	0	21
2025.12.11	10:00:00	156.021	156.058	155.895	155.896	3132	0	21
2025.12.11	10:30:00	155.896	155.897	155.773	155.874	2533	0	21
2025.12.11	11:00:00	155.873	156.02	155.843	155.99	3011	0	21
2025.12.11	11:30:00	155.991	155.991	155.835	155.853	2433	0	21
2025.12.11	12:00:00	155.853	155.885	155.789	155.847	2434	0	21
2025.12.11	12:30:00	155.846	155.937	155.812	155.855	2327	0	21
2025.12.11	13:00:00	155.854	155.87	155.746	155.753	2327	0	21
2025.12.11	13:30:00	155.753	155.821	155.748	155.754	2257	0	21
2025.12.11	14:00:00	155.753	155.808	155.598	155.639	2401	0	21
2025.12.11	14:30:00	155.638	155.677	155.509	155.575	2329	0	21
2025.12.11	15:00:00	155.574	155.613	155.459	155.459	3724	0	21
2025.12.11	15:30:00	155.46	155.537	155.216	155.271	4722	0	21
2025.12.11	16:00:00	155.271	155.283	155.051	155.055	3256	0	21
2025.12.11	16:30:00	155.055	155.13	154.936	154.971	4139	0	21
2025.12.11	17:00:00	154.97	155.161	154.969	155.076	3825	0	21
2025.12.11	17:30:00	155.078	155.169	154.943	155.16	4129	0	21
2025.12.11	18:00:00	155.16	155.277	155.097	155.245	3351	0	21
2025.12.11	18:30:00	155.246	155.278	155.129	155.139	3157	0	21
2025.12.11	19:00:00	155.139	155.189	155.059	155.188	2113	0	21
2025.12.11	19:30:00	155.188	155.28	155.188	155.227	1816	0	21
2025.12.11	20:00:00	155.227	155.352	155.201	155.336	2080	0	21
2025.12.11	20:30:00	155.337	155.402	155.325	155.35	1949	0	21
2025.12.11	21:00:00	155.351	155.493	155.351	155.437	1492	0	21
2025.12.11	21:30:00	155.437	155.589	155.437	155.582	1782	0	21
2025.12.11	22:00:00	155.582	155.661	155.524	155.543	2087	0	21
2025.12.11	22:30:00	155.543	155.581	155.496	155.581	1901	0	21
2025.12.11	23:00:00	155.581	155.613	155.546	155.554	742	0	21
2025.12.11	23:30:00	155.554	155.591	155.537	155.551	924	0	21
2025.12.12	00:00:00	155.551	155.569	155.507	155.534	346	0	37
2025.12.12	00:30:00	155.534	155.54	155.495	155.519	243	0	36
2025.12.12	01:00:00	155.515	155.556	155.435	155.503	532	0	21
2025.12.12	01:30:00	155.504	155.606	155.489	155.492	1066	0	21
2025.12.12	02:00:00	155.493	155.666	155.446	155.65	2470	0	21
2025.12.12	02:30:00	155.647	155.715	155.592	155.685	2662	0	21
2025.12.12	03:00:00	155.686	155.76	155.57	155.578	2401	0	21
2025.12.12	03:30:00	155.578	155.699	155.535	155.657	1768	0	21
2025.12.12	04:00:00	155.657	155.735	155.642	155.705	1351	0	21
2025.12.12	04:30:00	155.704	155.72	155.649	155.665	1240	0	21
2025.12.12	05:00:00	155.664	155.699	155.621	155.65	733	0	21
2025.12.12	05:30:00	155.65	155.714	155.639	155.7	522	0	21
2025.12.12	06:00:00	155.699	155.753	155.697	155.699	867	0	21
2025.12.12	06:30:00	155.7	155.742	155.679	155.733	651	0	21
2025.12.12	07:00:00	155.735	155.759	155.707	155.749	491	0	21
2025.12.12	07:30:00	155.749	155.749	155.663	155.73	684	0	21
2025.12.12	08:00:00	155.731	155.788	155.668	155.784	967	0	21
2025.12.12	08:30:00	155.784	155.815	155.643	155.644	1248	0	21
2025.12.12	09:00:00	155.643	155.715	155.554	155.653	1560	0	21
2025.12.12	09:30:00	155.654	155.663	155.529	155.636	1689	0	21
2025.12.12	10:00:00	155.637	155.781	155.608	155.715	3151	0	21
2025.12.12	10:30:00	155.715	155.833	155.645	155.827	2543	0	21
2025.12.12	11:00:00	155.829	155.87	155.745	155.866	2492	0	21
2025.12.12	11:30:00	155.865	155.9	155.845	155.876	1988	0	21
2025.12.12	12:00:00	155.877	155.954	155.838	155.934	1591	0	21
2025.12.12	12:30:00	155.937	155.953	155.885	155.905	1174	0	21
2025.12.12	13:00:00	155.905	155.977	155.905	155.975	948	0	21
2025.12.12	13:30:00	155.975	155.984	155.897	155.902	1208	0	21
2025.12.12	14:00:00	155.902	155.978	155.761	155.935	2157	0	21
2025.12.12	14:30:00	155.931	156.116	155.923	156.025	2235	0	21
2025.12.12	15:00:00	156.025	156.037	155.915	155.937	2323	0	21
2025.12.12	15:30:00	155.936	156.043	155.89	156.036	1993	0	21
2025.12.12	16:00:00	156.036	156.09	155.966	156.0	2767	0	21
2025.12.12	16:30:00	155.999	156.005	155.837	155.894	3842	0	21
2025.12.12	17:00:00	155.896	155.962	155.799	155.83	4120	0	21
2025.12.12	17:30:00	155.83	156.051	155.816	155.874	4297	0	21
2025.12.12	18:00:00	155.875	155.875	155.663	155.755	4040	0	21
2025.12.12	18:30:00	155.755	155.871	155.719	155.804	2880	0	21
2025.12.12	19:00:00	155.803	155.892	155.742	155.743	1956	0	21
2025.12.12	19:30:00	155.744	155.823	155.74	155.774	1718	0	21
2025.12.12	20:00:00	155.773	155.804	155.718	155.718	1965	0	21
2025.12.12	20:30:00	155.717	155.783	155.706	155.772	1115	0	21
2025.12.12	21:00:00	155.771	155.914	155.771	155.906	964	0	21
2025.12.12	21:30:00	155.906	155.928	155.871	155.888	1252	0	21
2025.12.12	22:00:00	155.889	155.898	155.763	155.806	1208	0	21
2025.12.12	22:30:00	155.806	155.893	155.771	155.867	1615	0	21
2025.12.12	23:00:00	155.868	155.88	155.789	155.825	642	0	21
2025.12.12	23:30:00	155.827	155.851	155.78	155.799	1103	0	21
2025.12.15	00:00:00	155.743	155.903	155.743	155.853	86	0	23
2025.12.15	00:30:00	155.837	155.853	155.734	155.795	178	0	43
2025.12.15	01:00:00	155.795	155.815	155.75	155.793	624	0	21
2025.12.15	01:30:00	155.796	155.886	155.762	155.855	729	0	21
2025.12.15	02:00:00	155.855	155.968	155.853	155.932	1292	0	21
2025.12.15	02:30:00	155.932	155.975	155.862	155.883	2138	0	21
2025.12.15	03:00:00	155.884	155.885	155.783	155.794	1505	0	21
2025.12.15	03:30:00	155.792	155.811	155.593	155.6	1732	0	21
2025.12.15	04:00:00	155.599	155.638	155.49	155.512	1969	0	21
2025.12.15	04:30:00	155.513	155.555	155.347	155.419	2440	0	21
2025.12.15	05:00:00	155.419	155.42	155.292	155.399	1385	0	21
2025.12.15	05:30:00	155.4	155.464	155.337	155.411	1389	0	21
2025.12.15	06:00:00	155.41	155.411	155.23	155.263	1434	0	21
2025.12.15	06:30:00	155.262	155.265	155.173	155.244	1181	0	21
2025.12.15	07:00:00	155.244	155.244	155.143	155.147	1066	0	21
2025.12.15	07:30:00	155.146	155.149	155.022	155.023	1626	0	21
2025.12.15	08:00:00	155.024	155.113	154.974	154.979	1906	0	21
2025.12.15	08:30:00	154.978	155.147	154.939	155.079	1829	0	21
2025.12.15	09:00:00	155.082	155.204	155.061	155.191	2241	0	21
2025.12.15	09:30:00	155.192	155.283	155.141	155.251	2061	0	21
2025.12.15	10:00:00	155.254	155.275	155.105	155.179	2610	0	21
2025.12.15	10:30:00	155.179	155.18	155.092	155.174	2066	0	21
2025.12.15	11:00:00	155.175	155.19	154.954	154.987	2514	0	21
2025.12.15	11:30:00	154.986	155.017	154.929	154.955	2144	0	21
2025.12.15	12:00:00	154.956	155.099	154.949	155.095	1519	0	21
2025.12.15	12:30:00	155.095	155.141	155.056	155.071	1589	0	21
2025.12.15	13:00:00	155.07	155.09	154.992	154.996	1097	0	21
2025.12.15	13:30:00	154.996	155.013	154.842	154.912	1597	0	21
2025.12.15	14:00:00	154.912	155.033	154.88	155.015	1798	0	21
2025.12.15	14:30:00	155.014	155.083	154.956	155.066	1746	0	21
2025.12.15	15:00:00	155.067	155.125	155.034	155.065	1610	0	21
2025.12.15	15:30:00	155.065	155.147	154.955	155.147	2531	0	21
2025.12.15	16:00:00	155.156	155.214	155.04	155.046	2737	0	21
2025.12.15	16:30:00	155.048	155.061	154.842	154.902	4270	0	21
2025.12.15	17:00:00	154.902	155.075	154.826	155.006	4587	0	21
2025.12.15	17:30:00	155.007	155.148	154.862	155.146	3785	0	21
2025.12.15	18:00:00	155.146	155.259	155.139	155.256	2713	0	21
2025.12.15	18:30:00	155.255	155.319	155.23	155.279	1984	0	21
2025.12.15	19:00:00	155.278	155.322	155.247	155.313	1117	0	21
2025.12.15	19:30:00	155.313	155.356	155.28	155.296	1281	0	21
2025.12.15	20:00:00	155.296	155.355	155.269	155.348	1035	0	21
2025.12.15	20:30:00	155.349	155.376	155.324	155.345	1127	0	21
2025.12.15	21:00:00	155.344	155.388	155.335	155.385	789	0	21
2025.12.15	21:30:00	155.384	155.385	155.208	155.234	1179	0	21
2025.12.15	22:00:00	155.234	155.257	155.218	155.246	1022	0	21
2025.12.15	22:30:00	155.246	155.25	155.208	155.24	1024	0	21
2025.12.15	23:00:00	155.241	155.249	155.18	155.185	748	0	21
2025.12.15	23:30:00	155.184	155.226	155.165	155.182	622	0	21
2025.12.16	00:00:00	155.186	155.286	155.098	155.188	807	0	52
2025.12.16	00:30:00	155.198	155.219	155.178	155.209	608	0	38
2025.12.16	01:00:00	155.207	155.215	155.06	155.091	698	0	21
2025.12.16	01:30:00	155.091	155.091	154.969	155.021	724	0	21
2025.12.16	02:00:00	155.022	155.024	154.723	154.931	3620	0	21
2025.12.16	02:30:00	154.932	155.092	154.911	154.997	3526	0	21
2025.12.16	03:00:00	154.998	155.109	154.892	155.105	2712	0	21
2025.12.16	03:30:00	155.106	155.107	154.839	154.851	3739	0	21
2025.12.16	04:00:00	154.851	154.911	154.818	154.886	2815	0	21
2025.12.16	04:30:00	154.886	154.888	154.752	154.77	1700	0	21
2025.12.16	05:00:00	154.77	154.865	154.692	154.863	1939	0	21
2025.12.16	05:30:00	154.864	154.897	154.805	154.879	1736	0	21
2025.12.16	06:00:00	154.879	154.907	154.787	154.797	861	0	21
2025.12.16	06:30:00	154.796	154.839	154.758	154.807	1126	0	21
2025.12.16	07:00:00	154.808	154.808	154.673	154.733	1561	0	21
2025.12.16	07:30:00	154.733	154.845	154.703	154.83	1547	0	21
2025.12.16	08:00:00	154.831	154.933	154.808	154.918	1608	0	21
2025.12.16	08:30:00	154.92	154.936	154.81	154.843	1169	0	21
2025.12.16	09:00:00	154.844	154.967	154.825	154.931	1495	0	21
2025.12.16	09:30:00	154.931	154.958	154.831	154.874	2233	0	21
2025.12.16	10:00:00	154.873	154.932	154.785	154.876	2654	0	21
2025.12.16	10:30:00	154.881	154.922	154.81	154.852	2890	0	21
2025.12.16	11:00:00	154.851	154.884	154.802	154.855	2174	0	21
2025.12.16	11:30:00	154.854	154.872	154.76	154.825	2465	0	21
2025.12.16	12:00:00	154.824	154.861	154.766	154.859	1788	0	21
2025.12.16	12:30:00	154.859	154.894	154.822	154.86	1759	0	21
2025.12.16	13:00:00	154.86	154.89	154.847	154.86	1037	0	21
2025.12.16	13:30:00	154.86	154.86	154.779	154.806	1104	0	21
2025.12.16	14:00:00	154.802	154.844	154.739	154.739	1367	0	21
2025.12.16	14:30:00	154.737	154.747	154.592	154.598	1850	0	21
2025.12.16	15:00:00	154.594	154.68	154.551	154.68	3014	0	21
2025.12.16	15:30:00	154.69	154.86	154.381	154.703	9582	0	21
2025.12.16	16:00:00	154.702	154.987	154.638	154.778	5253	0	21
2025.12.16	16:30:00	154.779	154.834	154.585	154.588	5456	0	21
2025.12.16	17:00:00	154.588	154.718	154.461	154.499	5792	0	21
2025.12.16	17:30:00	154.498	154.771	154.451	154.765	5508	0	21
2025.12.16	18:00:00	154.765	154.895	154.739	154.804	4612	0	21
2025.12.16	18:30:00	154.805	154.872	154.779	154.797	3107	0	21
2025.12.16	19:00:00	154.796	154.828	154.644	154.665	2298	0	21
2025.12.16	19:30:00	154.665	154.725	154.557	154.67	2034	0	21
2025.12.16	20:00:00	154.669	154.762	154.662	154.762	2159	0	21
2025.12.16	20:30:00	154.761	154.795	154.697	154.736	1408	0	21
2025.12.16	21:00:00	154.736	154.908	154.655	154.758	2247	0	21
2025.12.16	21:30:00	154.757	154.759	154.594	154.655	2638	0	21
2025.12.16	22:00:00	154.655	154.665	154.558	154.647	1760	0	21
2025.12.16	22:30:00	154.646	154.787	154.642	154.787	1784	0	21
2025.12.16	23:00:00	154.789	154.825	154.716	154.736	880	0	21
2025.12.16	23:30:00	154.735	154.755	154.684	154.687	1384	0	23
2025.12.17	00:00:00	154.687	154.759	154.672	154.755	217	0	43
2025.12.17	00:30:00	154.763	154.763	154.668	154.71	857	0	38
2025.12.17	01:00:00	154.71	154.767	154.682	154.757	388	0	23
2025.12.17	01:30:00	154.757	154.8	154.721	154.761	1193	0	21
2025.12.17	02:00:00	154.76	154.862	154.698	154.795	2357	0	21
2025.12.17	02:30:00	154.799	154.799	154.555	154.572	3011	0	21
2025.12.17	03:00:00	154.572	154.644	154.497	154.557	2994	0	21
2025.12.17	03:30:00	154.557	154.693	154.557	154.662	2197	0	21
2025.12.17	04:00:00	154.662	154.897	154.662	154.893	2579	0	21
2025.12.17	04:30:00	154.893	155.014	154.876	154.998	2383	0	21
2025.12.17	05:00:00	154.998	155.015	154.892	154.914	1678	0	21
2025.12.17	05:30:00	154.911	154.914	154.853	154.877	1251	0	21
2025.12.17	06:00:00	154.878	155.056	154.864	155.044	1223	0	21
2025.12.17	06:30:00	155.05	155.138	155.041	155.124	1900	0	21
2025.12.17	07:00:00	155.125	155.128	155.058	155.079	1517	0	21
2025.12.17	07:30:00	155.08	155.159	155.067	155.14	1663	0	21
2025.12.17	08:00:00	155.14	155.329	155.115	155.318	1987	0	21
2025.12.17	08:30:00	155.319	155.434	155.307	155.358	1892	0	21
2025.12.17	09:00:00	155.358	155.494	155.345	155.481	3103	0	21
2025.12.17	09:30:00	155.481	155.557	155.362	155.491	2890	0	21
2025.12.17	10:00:00	155.493	155.586	155.44	155.481	2817	0	21
2025.12.17	10:30:00	155.48	155.516	155.417	155.505	2361	0	21
2025.12.17	11:00:00	155.504	155.546	155.447	155.512	2487	0	21
2025.12.17	11:30:00	155.516	155.537	155.46	155.52	1843	0	21
2025.12.17	12:00:00	155.521	155.536	155.488	155.489	1605	0	21
2025.12.17	12:30:00	155.49	155.514	155.43	155.452	1433	0	21
2025.12.17	13:00:00	155.451	155.524	155.443	155.501	1632	0	21
2025.12.17	13:30:00	155.501	155.585	155.497	155.534	1901	0	21
2025.12.17	14:00:00	155.534	155.565	155.489	155.492	1818	0	21
2025.12.17	14:30:00	155.491	155.534	155.442	155.476	1559	0	21
2025.12.17	15:00:00	155.476	155.626	155.374	155.525	4044	0	21
2025.12.17	15:30:00	155.524	155.559	155.39	155.426	2794	0	21
2025.12.17	16:00:00	155.427	155.616	155.341	155.598	3038	0	21
2025.12.17	16:30:00	155.599	155.62	155.429	155.476	3798	0	21
2025.12.17	17:00:00	155.476	155.533	155.421	155.462	3281	0	21
2025.12.17	17:30:00	155.462	155.497	155.342	155.392	4047	0	21
2025.12.17	18:00:00	155.392	155.549	155.373	155.532	3681	0	21
2025.12.17	18:30:00	155.533	155.588	155.459	155.585	2993	0	21
2025.12.17	19:00:00	155.587	155.589	155.524	155.561	2114	0	21
2025.12.17	19:30:00	155.56	155.6	155.516	155.521	1830	0	21
2025.12.17	20:00:00	155.524	155.62	155.484	155.61	1300	0	21
2025.12.17	20:30:00	155.61	155.664	155.555	155.632	1829	0	21
2025.12.17	21:00:00	155.633	155.633	155.579	155.609	1030	0	21
2025.12.17	21:30:00	155.608	155.679	155.606	155.632	1211	0	21
2025.12.17	22:00:00	155.632	155.697	155.609	155.686	864	0	21
2025.12.17	22:30:00	155.685	155.738	155.66	155.689	1057	0	21
2025.12.17	23:00:00	155.69	155.734	155.683	155.728	655	0	21
2025.12.17	23:30:00	155.725	155.726	155.652	155.652	1162	0	22
2025.12.18	00:00:00	155.645	155.645	155.514	155.599	445	0	40
2025.12.18	00:30:00	155.598	155.606	155.559	155.583	483	0	43
2025.12.18	01:00:00	155.583	155.632	155.58	155.59	456	0	21
2025.12.18	01:30:00	155.593	155.593	155.461	155.477	1125	0	21
2025.12.18	02:00:00	155.477	155.554	155.425	155.45	2322	0	21
2025.12.18	02:30:00	155.451	155.572	155.412	155.469	2653	0	21
2025.12.18	03:00:00	155.47	155.64	155.448	155.575	2216	0	21
2025.12.18	03:30:00	155.574	155.761	155.52	155.759	2280	0	21
2025.12.18	04:00:00	155.759	155.775	155.649	155.722	2294	0	21
2025.12.18	04:30:00	155.723	155.797	155.702	155.771	1251	0	21
2025.12.18	05:00:00	155.772	155.784	155.696	155.749	1005	0	21
2025.12.18	05:30:00	155.749	155.773	155.717	155.751	865	0	21
2025.12.18	06:00:00	155.753	155.771	155.696	155.71	943	0	21
2025.12.18	06:30:00	155.71	155.751	155.69	155.724	915	0	21
2025.12.18	07:00:00	155.723	155.743	155.698	155.742	1072	0	21
2025.12.18	07:30:00	155.742	155.875	155.733	155.799	1775	0	21
2025.12.18	08:00:00	155.798	155.896	155.756	155.849	1511	0	21
2025.12.18	08:30:00	155.848	155.895	155.834	155.894	1251	0	21
2025.12.18	09:00:00	155.896	155.931	155.844	155.891	1566	0	21
2025.12.18	09:30:00	155.89	155.944	155.802	155.913	2199	0	21
2025.12.18	10:00:00	155.915	155.934	155.794	155.801	2160	0	21
2025.12.18	10:30:00	155.801	155.864	155.789	155.842	1723	0	21
2025.12.18	11:00:00	155.843	155.909	155.793	155.881	2366	0	21
2025.12.18	11:30:00	155.879	155.94	155.879	155.923	1975	0	21
2025.12.18	12:00:00	155.919	155.963	155.897	155.939	1871	0	21
2025.12.18	12:30:00	155.939	155.939	155.838	155.849	977	0	21
2025.12.18	13:00:00	155.848	155.861	155.81	155.834	1111	0	21
2025.12.18	13:30:00	155.835	155.848	155.71	155.779	1153	0	21
2025.12.18	14:00:00	155.784	155.797	155.728	155.745	2262	0	21
2025.12.18	14:30:00	155.744	155.853	155.743	155.809	2352	0	21
2025.12.18	15:00:00	155.808	155.825	155.671	155.717	3179	0	21
2025.12.18	15:30:00	155.708	155.708	155.295	155.584	8149	0	21
2025.12.18	16:00:00	155.581	155.595	155.336	155.385	5561	0	21
2025.12.18	16:30:00	155.384	155.481	155.271	155.481	4598	0	21
2025.12.18	17:00:00	155.481	155.653	155.432	155.637	3763	0	21
2025.12.18	17:30:00	155.638	155.682	155.5	155.512	3780	0	21
2025.12.18	18:00:00	155.513	155.54	155.351	155.42	2915	0	21
2025.12.18	18:30:00	155.42	155.565	155.406	155.517	2396	0	21
2025.12.18	19:00:00	155.519	155.677	155.515	155.611	3062	0	21
2025.12.18	19:30:00	155.612	155.67	155.571	155.631	1690	0	21
2025.12.18	20:00:00	155.63	155.685	155.566	155.646	1728	0	21
2025.12.18	20:30:00	155.645	155.702	155.617	155.621	1300	0	21
2025.12.18	21:00:00	155.621	155.653	155.573	155.574	1438	0	21
2025.12.18	21:30:00	155.573	155.575	155.483	155.504	1862	0	21
2025.12.18	22:00:00	155.504	155.577	155.49	155.564	974	0	21
2025.12.18	22:30:00	155.564	155.62	155.536	155.6	1304	0	21
2025.12.18	23:00:00	155.601	155.622	155.551	155.565	692	0	21
2025.12.18	23:30:00	155.564	155.574	155.524	155.527	596	0	21
2025.12.19	00:00:00	155.521	155.568	155.418	155.521	584	0	34
2025.12.19	00:30:00	155.519	155.539	155.518	155.528	230	0	43
2025.12.19	01:00:00	155.529	155.603	155.519	155.555	611	0	22
2025.12.19	01:30:00	155.555	155.632	155.504	155.564	794	0	21
2025.12.19	02:00:00	155.566	155.695	155.549	155.654	1829	0	21
2025.12.19	02:30:00	155.654	155.758	155.638	155.74	2264	0	21
2025.12.19	03:00:00	155.739	155.778	155.68	155.759	1432	0	21
2025.12.19	03:30:00	155.76	155.781	155.689	155.73	1169	0	21
2025.12.19	04:00:00	155.729	155.729	155.672	155.702	1023	0	21
2025.12.19	04:30:00	155.702	155.844	155.691	155.821	1255	0	21
2025.12.19	05:00:00	155.819	156.155	155.569	156.042	3214	0	21
2025.12.19	05:30:00	156.043	156.113	155.863	155.863	3411	0	21
2025.12.19	06:00:00	155.863	155.982	155.721	155.975	2713	0	21
2025.12.19	06:30:00	155.974	156.076	155.921	156.055	2327	0	21
2025.12.19	07:00:00	156.056	156.058	155.902	155.903	1835	0	21
2025.12.19	07:30:00	155.906	155.983	155.872	155.983	1907	0	21
2025.12.19	08:00:00	155.983	156.025	155.942	155.943	1767	0	21
2025.12.19	08:30:00	155.94	156.431	155.839	156.0	5297	0	21
2025.12.19	09:00:00	155.999	156.387	155.959	156.232	4481	0	21
2025.12.19	09:30:00	156.231	156.73	156.199	156.722	4493	0	21
2025.12.19	10:00:00	156.721	156.879	156.71	156.804	3702	0	21
2025.12.19	10:30:00	156.803	156.927	156.769	156.919	2863	0	21
2025.12.19	11:00:00	156.925	157.023	156.849	157.021	2628	0	21
2025.12.19	11:30:00	157.021	157.201	156.989	157.188	3416	0	21
2025.12.19	12:00:00	157.191	157.269	157.12	157.26	2690	0	21
2025.12.19	12:30:00	157.265	157.388	157.256	157.314	2984	0	21
2025.12.19	13:00:00	157.308	157.369	157.223	157.27	2181	0	21
2025.12.19	13:30:00	157.271	157.329	157.229	157.306	1679	0	21
2025.12.19	14:00:00	157.307	157.341	157.241	157.279	1824	0	21
2025.12.19	14:30:00	157.28	157.285	157.173	157.231	1701	0	21
2025.12.19	15:00:00	157.229	157.366	157.196	157.26	2804	0	21
2025.12.19	15:30:00	157.26	157.37	157.222	157.312	3378	0	21
2025.12.19	16:00:00	157.311	157.317	156.92	157.191	5234	0	21
2025.12.19	16:30:00	157.192	157.413	157.159	157.404	5017	0	21
2025.12.19	17:00:00	157.407	157.466	157.343	157.408	4006	0	21
2025.12.19	17:30:00	157.409	157.48	157.393	157.461	3594	0	21
2025.12.19	18:00:00	157.461	157.476	157.431	157.458	2652	0	21
2025.12.19	18:30:00	157.457	157.477	157.393	157.417	1986	0	21
2025.12.19	19:00:00	157.418	157.657	157.403	157.524	2635	0	21
2025.12.19	19:30:00	157.524	157.53	157.412	157.426	1440	0	21
2025.12.19	20:00:00	157.427	157.479	157.389	157.414	1489	0	21
2025.12.19	20:30:00	157.415	157.52	157.407	157.51	1411	0	21
2025.12.19	21:00:00	157.509	157.55	157.49	157.536	1786	0	21
2025.12.19	21:30:00	157.535	157.577	157.505	157.519	1694	0	21
2025.12.19	22:00:00	157.519	157.567	157.466	157.566	1808	0	21
2025.12.19	22:30:00	157.567	157.688	157.536	157.68	1585	0	21
2025.12.19	23:00:00	157.68	157.72	157.629	157.71	1075	0	21
2025.12.19	23:30:00	157.708	157.767	157.705	157.714	1709	0	21
2025.12.22	00:00:00	157.664	157.668	157.374	157.589	437	0	51
2025.12.22	00:30:00	157.59	157.59	157.348	157.449	1726	0	37
2025.12.22	01:00:00	157.433	157.619	157.423	157.577	1453	0	21
2025.12.22	01:30:00	157.577	157.691	157.577	157.614	1766	0	23
2025.12.22	02:00:00	157.61	157.638	157.496	157.575	3920	0	21
2025.12.22	02:30:00	157.574	157.65	157.519	157.544	3668	0	21
2025.12.22	03:00:00	157.542	157.562	157.36	157.374	2235	0	21
2025.12.22	03:30:00	157.374	157.414	157.242	157.282	2284	0	21
2025.12.22	04:00:00	157.281	157.296	157.218	157.261	1369	0	21
2025.12.22	04:30:00	157.262	157.411	157.233	157.409	1380	0	21
2025.12.22	05:00:00	157.409	157.45	157.386	157.441	1515	0	21
2025.12.22	05:30:00	157.444	157.458	157.263	157.322	1831	0	21
2025.12.22	06:00:00	157.323	157.352	157.269	157.312	1502	0	21
2025.12.22	06:30:00	157.312	157.324	157.25	157.3	1250	0	21
2025.12.22	07:00:00	157.301	157.38	157.253	157.309	1350	0	21
2025.12.22	07:30:00	157.309	157.359	157.284	157.352	1543	0	21
2025.12.22	08:00:00	157.351	157.386	157.261	157.318	1585	0	21
2025.12.22	08:30:00	157.319	157.423	157.309	157.332	1504	0	21
2025.12.22	09:00:00	157.333	157.453	157.299	157.42	1588	0	21
2025.12.22	09:30:00	157.423	157.553	157.335	157.478	2041	0	21
2025.12.22	10:00:00	157.479	157.486	157.376	157.376	2515	0	21
2025.12.22	10:30:00	157.375	157.539	157.361	157.536	1943	0	21
2025.12.22	11:00:00	157.535	157.559	157.434	157.484	1576	0	21
2025.12.22	11:30:00	157.484	157.484	157.41	157.446	1719	0	21
2025.12.22	12:00:00	157.446	157.452	157.34	157.362	1771	0	21
2025.12.22	12:30:00	157.363	157.407	157.359	157.386	1349	0	21
2025.12.22	13:00:00	157.386	157.396	157.326	157.366	1142	0	21
2025.12.22	13:30:00	157.367	157.415	157.347	157.401	1148	0	21
2025.12.22	14:00:00	157.402	157.419	157.346	157.414	1768	0	21
2025.12.22	14:30:00	157.415	157.419	157.362	157.386	1454	0	21
2025.12.22	15:00:00	157.386	157.386	156.854	157.251	3879	0	21
2025.12.22	15:30:00	157.25	157.25	156.984	157.176	3638	0	21
2025.12.22	16:00:00	157.173	157.21	156.934	156.937	3002	0	21
2025.12.22	16:30:00	156.936	157.042	156.896	157.009	4548	0	21
2025.12.22	17:00:00	157.009	157.108	156.958	157.04	3528	0	21
2025.12.22	17:30:00	157.04	157.051	156.902	156.964	2809	0	21
2025.12.22	18:00:00	156.964	157.033	156.846	156.959	2111	0	21
2025.12.22	18:30:00	156.959	156.98	156.881	156.925	2284	0	21
2025.12.22	19:00:00	156.926	156.929	156.826	156.832	1642	0	21
2025.12.22	19:30:00	156.83	156.855	156.695	156.835	1668	0	21
2025.12.22	20:00:00	156.835	156.972	156.835	156.956	1624	0	21
2025.12.22	20:30:00	156.956	157.011	156.914	156.935	1250	0	21
2025.12.22	21:00:00	156.935	157.021	156.933	156.971	1054	0	21
2025.12.22	21:30:00	156.971	156.977	156.875	156.888	1757	0	21
2025.12.22	22:00:00	156.889	156.985	156.889	156.912	1280	0	21
2025.12.22	22:30:00	156.913	156.995	156.912	156.978	1255	0	21
2025.12.22	23:00:00	156.98	157.014	156.967	157.001	690	0	21
2025.12.22	23:30:00	157.0	157.044	156.994	157.031	896	0	21
2025.12.23	00:00:00	157.031	157.046	156.726	157.01	990	0	24
2025.12.23	00:30:00	157.01	157.019	156.983	157.013	271	0	40
2025.12.23	01:00:00	157.011	157.011	156.855	156.873	949	0	21
2025.12.23	01:30:00	156.872	156.909	156.808	156.906	1172	0	21
2025.12.23	02:00:00	156.909	156.915	156.744	156.766	2461	0	21
2025.12.23	02:30:00	156.765	156.787	156.592	156.604	2614	0	21
2025.12.23	03:00:00	156.602	156.643	156.507	156.557	2274	0	21
2025.12.23	03:30:00	156.556	156.586	156.41	156.449	1927	0	21
2025.12.23	04:00:00	156.449	156.469	156.325	156.36	2112	0	21
2025.12.23	04:30:00	156.36	156.374	156.264	156.341	1907	0	21
2025.12.23	05:00:00	156.342	156.342	156.222	156.29	1998	0	21
2025.12.23	05:30:00	156.291	156.308	156.176	156.177	1607	0	21
2025.12.23	06:00:00	156.177	156.177	155.949	156.06	2740	0	21
2025.12.23	06:30:00	156.06	156.086	155.976	155.982	1861	0	21
2025.12.23	07:00:00	155.981	156.037	155.9	155.908	2095	0	21
2025.12.23	07:30:00	155.908	156.065	155.904	156.0	2064	0	21
2025.12.23	08:00:00	155.998	156.099	155.985	156.074	2098	0	21
2025.12.23	08:30:00	156.075	156.177	156.029	156.102	2083	0	21
2025.12.23	09:00:00	156.106	156.159	155.98	156.083	2174	0	21
2025.12.23	09:30:00	156.085	156.109	155.938	156.064	3275	0	21
2025.12.23	10:00:00	156.063	156.103	155.94	155.98	3234	0	21
2025.12.23	10:30:00	155.98	156.056	155.947	155.948	2226	0	21
2025.12.23	11:00:00	155.948	155.948	155.641	155.926	3865	0	21
2025.12.23	11:30:00	155.928	156.011	155.857	155.956	3348	0	21
2025.12.23	12:00:00	155.955	155.997	155.908	155.935	2588	0	21
2025.12.23	12:30:00	155.936	156.035	155.855	155.911	2556	0	21
2025.12.23	13:00:00	155.912	155.961	155.861	155.886	1769	0	21
2025.12.23	13:30:00	155.89	156.026	155.886	155.961	1533	0	21
2025.12.23	14:00:00	155.962	155.973	155.914	155.938	1458	0	21
2025.12.23	14:30:00	155.939	156.021	155.86	156.01	2097	0	21
2025.12.23	15:00:00	156.015	156.09	155.939	155.996	2488	0	21
2025.12.23	15:30:00	155.984	156.353	155.97	156.326	5508	0	21
2025.12.23	16:00:00	156.325	156.497	156.325	156.412	4084	0	21
2025.12.23	16:30:00	156.417	156.532	156.359	156.39	3984	0	21
2025.12.23	17:00:00	156.383	156.422	156.205	156.225	4568	0	21
2025.12.23	17:30:00	156.221	156.437	156.195	156.377	3951	0	21
2025.12.23	18:00:00	156.378	156.425	156.317	156.364	2476	0	21
2025.12.23	18:30:00	156.359	156.406	156.29	156.324	1957	0	21
2025.12.23	19:00:00	156.323	156.339	156.25	156.264	1588	0	21
2025.12.23	19:30:00	156.264	156.324	156.239	156.285	1090	0	21
2025.12.23	20:00:00	156.283	156.331	156.235	156.275	1530	0	21
2025.12.23	20:30:00	156.274	156.301	156.214	156.217	1183	0	22
2025.12.23	21:00:00	156.216	156.229	156.168	156.228	1436	0	21
2025.12.23	21:30:00	156.228	156.24	156.178	156.184	814	0	21
2025.12.23	22:00:00	156.186	156.253	156.167	156.227	1234	0	21
2025.12.23	22:30:00	156.226	156.298	156.222	156.289	912	0	21
2025.12.23	23:00:00	156.29	156.305	156.262	156.283	630	0	21
2025.12.23	23:30:00	156.283	156.284	156.176	156.194	1431	0	21
2025.12.24	00:00:00	156.147	156.206	156.131	156.168	970	0	25
2025.12.24	00:30:00	156.168	156.177	156.149	156.163	188	0	37
2025.12.24	01:00:00	156.176	156.178	156.079	156.132	898	0	23
2025.12.24	01:30:00	156.132	156.269	156.121	156.158	2136	0	21
2025.12.24	02:00:00	156.158	156.267	155.963	156.224	3241	0	21
2025.12.24	02:30:00	156.224	156.251	155.971	155.979	3520	0	21
2025.12.24	03:00:00	155.978	156.14	155.809	155.821	2858	0	21
2025.12.24	03:30:00	155.822	155.823	155.587	155.643	3607	0	21
2025.12.24	04:00:00	155.641	155.683	155.544	155.653	2730	0	21
2025.12.24	04:30:00	155.653	155.732	155.627	155.73	1973	0	21
2025.12.24	05:00:00	155.729	155.864	155.728	155.854	2024	0	21
2025.12.24	05:30:00	155.854	155.98	155.829	155.971	1640	0	21
2025.12.24	06:00:00	155.971	156.053	155.935	155.963	1594	0	21
2025.12.24	06:30:00	155.963	155.973	155.789	155.825	1833	0	21
2025.12.24	07:00:00	155.826	155.836	155.734	155.793	1353	0	21
2025.12.24	07:30:00	155.793	155.825	155.767	155.786	1275	0	21
2025.12.24	08:00:00	155.786	155.786	155.651	155.72	2062	0	21
2025.12.24	08:30:00	155.721	155.785	155.658	155.721	1541	0	21
2025.12.24	09:00:00	155.722	155.842	155.692	155.759	2543	0	21
2025.12.24	09:30:00	155.759	155.862	155.745	155.818	2647	0	21
2025.12.24	10:00:00	155.819	155.96	155.737	155.904	3682	0	21
2025.12.24	10:30:00	155.903	155.917	155.74	155.744	2928	0	21
2025.12.24	11:00:00	155.744	155.852	155.676	155.845	2388	0	21
2025.12.24	11:30:00	155.846	155.87	155.767	155.822	1997	0	21
2025.12.24	12:00:00	155.825	155.921	155.809	155.843	2001	0	21
2025.12.24	12:30:00	155.842	155.96	155.84	155.924	2070	0	21
2025.12.24	13:00:00	155.924	155.948	155.856	155.88	1766	0	21
2025.12.24	13:30:00	155.885	155.964	155.883	155.915	2189	0	21
2025.12.24	14:00:00	155.914	155.936	155.864	155.931	2250	0	21
2025.12.24	14:30:00	155.929	156.033	155.899	156.032	2122	0	21
2025.12.24	15:00:00	156.031	156.059	155.959	156.002	2802	0	21
2025.12.24	15:30:00	156.003	156.05	155.972	156.0	3158	0	21
2025.12.24	16:00:00	155.999	156.024	155.919	155.94	2147	0	21
2025.12.24	16:30:00	155.94	155.958	155.667	155.738	3808	0	21
2025.12.24	17:00:00	155.738	155.819	155.712	155.81	2575	0	21
2025.12.24	17:30:00	155.81	155.89	155.748	155.805	3074	0	21
2025.12.24	18:00:00	155.804	155.898	155.742	155.885	2228	0	21
2025.12.24	18:30:00	155.885	155.909	155.779	155.823	2606	0	21
2025.12.24	19:00:00	155.824	155.927	155.813	155.898	1902	0	21
2025.12.24	19:30:00	155.898	156.012	155.894	155.958	2149	0	21
2025.12.26	08:00:00	156.19	156.22	156.074	156.215	1249	0	21
2025.12.26	08:30:00	156.216	156.303	156.203	156.267	1467	0	21
2025.12.26	09:00:00	156.271	156.3	156.201	156.214	1435	0	21
2025.12.26	09:30:00	156.215	156.431	156.21	156.362	2266	0	21
2025.12.26	10:00:00	156.361	156.43	156.287	156.353	1528	0	21
2025.12.26	10:30:00	156.353	156.379	156.3	156.311	1316	0	21
2025.12.26	11:00:00	156.32	156.451	156.301	156.401	1534	0	22
2025.12.26	11:30:00	156.403	156.457	156.4	156.448	1147	0	21
2025.12.26	12:00:00	156.452	156.456	156.35	156.406	994	0	22
2025.12.26	12:30:00	156.406	156.411	156.362	156.389	1244	0	21
2025.12.26	13:00:00	156.387	156.409	156.313	156.36	1237	0	21
2025.12.26	13:30:00	156.361	156.394	156.32	156.39	1549	0	21
2025.12.26	14:00:00	156.389	156.475	156.382	156.451	1719	0	21
2025.12.26	14:30:00	156.45	156.452	156.384	156.408	1423	0	21
2025.12.26	15:00:00	156.407	156.432	156.265	156.276	2473	0	21
2025.12.26	15:30:00	156.275	156.335	156.215	156.313	2455	0	21
2025.12.26	16:00:00	156.31	156.351	156.265	156.339	1806	0	21
2025.12.26	16:30:00	156.34	156.472	156.319	156.44	2667	0	21
2025.12.26	17:00:00	156.439	156.443	156.299	156.36	1983	0	21
2025.12.26	17:30:00	156.36	156.522	156.354	156.414	2765	0	21
2025.12.26	18:00:00	156.412	156.63	156.357	156.624	3378	0	21
2025.12.26	18:30:00	156.624	156.639	156.594	156.62	2161	0	22
2025.12.26	19:00:00	156.62	156.645	156.597	156.636	2621	0	21
2025.12.26	19:30:00	156.636	156.72	156.542	156.557	2581	0	21
2025.12.26	20:00:00	156.558	156.574	156.501	156.54	2122	0	22
2025.12.26	20:30:00	156.54	156.541	156.423	156.53	2181	0	21
2025.12.26	21:00:00	156.53	156.583	156.522	156.551	1844	0	21
2025.12.26	21:30:00	156.551	156.566	156.493	156.493	1475	0	21
2025.12.26	22:00:00	156.49	156.513	156.433	156.502	1105	0	21
2025.12.26	22:30:00	156.501	156.519	156.463	156.482	1420	0	21
2025.12.26	23:00:00	156.482	156.537	156.482	156.535	740	0	23
2025.12.26	23:30:00	156.533	156.59	156.502	156.551	1926	0	27
2025.12.29	00:00:00	156.442	156.528	156.385	156.489	173	0	79
2025.12.29	00:30:00	156.489	156.489	156.404	156.441	1365	0	56
2025.12.29	01:00:00	156.441	156.53	156.401	156.408	583	0	21
2025.12.29	01:30:00	156.408	156.514	156.394	156.472	995	0	21
2025.12.29	02:00:00	156.471	156.472	156.045	156.139	4314	0	21
2025.12.29	02:30:00	156.139	156.319	156.067	156.267	4111	0	21
2025.12.29	03:00:00	156.267	156.363	156.177	156.221	2878	0	21
2025.12.29	03:30:00	156.219	156.323	156.179	156.3	1947	0	21
2025.12.29	04:00:00	156.301	156.501	156.289	156.445	2260	0	21
2025.12.29	04:30:00	156.445	156.48	156.362	156.419	1554	0	21
2025.12.29	05:00:00	156.419	156.433	156.332	156.382	1400	0	21
2025.12.29	05:30:00	156.384	156.401	156.308	156.367	1878	0	21
2025.12.29	06:00:00	156.367	156.461	156.283	156.284	1266	0	21
2025.12.29	06:30:00	156.284	156.361	156.236	156.359	1261	0	21
2025.12.29	07:00:00	156.36	156.386	156.296	156.359	1384	0	21
2025.12.29	07:30:00	156.36	156.369	156.23	156.294	1252	0	21
2025.12.29	08:00:00	156.3	156.311	156.162	156.19	1367	0	21
2025.12.29	08:30:00	156.196	156.289	156.16	156.172	1615	0	21
2025.12.29	09:00:00	156.173	156.231	156.115	156.16	2915	0	21
2025.12.29	09:30:00	156.161	156.171	156.04	156.07	2411	0	21
2025.12.29	10:00:00	156.07	156.249	156.065	156.244	2385	0	21
2025.12.29	10:30:00	156.244	156.298	156.183	156.265	2091	0	21
2025.12.29	11:00:00	156.266	156.389	156.225	156.228	2805	0	21
2025.12.29	11:30:00	156.229	156.32	156.095	156.316	2092	0	21
2025.12.29	12:00:00	156.317	156.335	156.227	156.266	2158	0	21
2025.12.29	12:30:00	156.265	156.319	156.193	156.315	1622	0	21
2025.12.29	13:00:00	156.315	156.343	156.281	156.299	1680	0	21
2025.12.29	13:30:00	156.299	156.402	156.275	156.388	1923	0	21
2025.12.29	14:00:00	156.388	156.411	156.299	156.299	2140	0	21
2025.12.29	14:30:00	156.3	156.396	156.298	156.321	2021	0	21
2025.12.29	15:00:00	156.321	156.355	156.24	156.336	2937	0	21
2025.12.29	15:30:00	156.337	156.352	156.183	156.219	3017	0	21
2025.12.29	16:00:00	156.219	156.228	156.107	156.13	2518	0	21
2025.12.29	16:30:00	156.129	156.146	156.0	156.133	3477	0	21
2025.12.29	17:00:00	156.133	156.232	156.073	156.156	3428	0	21
2025.12.29	17:30:00	156.157	156.279	155.905	155.926	4008	0	21
2025.12.29	18:00:00	155.925	156.078	155.919	156.074	2257	0	21
2025.12.29	18:30:00	156.074	156.106	155.998	156.094	2069	0	21
2025.12.29	19:00:00	156.095	156.141	156.055	156.104	2017	0	21
2025.12.29	19:30:00	156.104	156.204	156.084	156.174	1014	0	21
2025.12.29	20:00:00	156.173	156.203	156.111	156.149	1142	0	21
2025.12.29	20:30:00	156.151	156.211	156.145	156.209	959	0	21
2025.12.29	21:00:00	156.209	156.237	156.161	156.186	772	0	21
2025.12.29	21:30:00	156.187	156.188	155.997	156.024	1068	0	21
2025.12.29	22:00:00	156.024	156.039	155.975	156.034	1171	0	21
2025.12.29	22:30:00	156.033	156.072	156.024	156.058	1090	0	21
2025.12.29	23:00:00	156.055	156.074	155.99	156.02	592	0	21
2025.12.29	23:30:00	156.019	156.051	156.0	156.022	696	0	21
2025.12.30	00:00:00	156.023	156.067	155.939	155.961	266	0	48
2025.12.30	00:30:00	155.961	156.044	155.948	156.017	386	0	52
2025.12.30	01:00:00	156.018	156.126	155.948	156.119	814	0	21
2025.12.30	01:30:00	156.119	156.119	155.977	155.979	1156	0	21
2025.12.30	02:00:00	155.982	156.106	155.915	156.045	2460	0	21
2025.12.30	02:30:00	156.044	156.315	156.019	156.248	3133	0	21
2025.12.30	03:00:00	156.247	156.314	156.222	156.279	1882	0	21
2025.12.30	03:30:00	156.278	156.293	156.2	156.209	1896	0	21
2025.12.30	04:00:00	156.209	156.327	156.143	156.313	1798	0	21
2025.12.30	04:30:00	156.313	156.316	156.254	156.294	1641	0	21
2025.12.30	05:00:00	156.294	156.322	156.271	156.275	821	0	21
2025.12.30	05:30:00	156.274	156.274	156.203	156.256	842	0	21
2025.12.30	06:00:00	156.259	156.275	156.198	156.206	1034	0	21
2025.12.30	06:30:00	156.205	156.207	156.039	156.071	1196	0	21
2025.12.30	07:00:00	156.071	156.089	156.001	156.039	1400	0	21
2025.12.30	07:30:00	156.039	156.092	156.01	156.03	1769	0	21
2025.12.30	08:00:00	156.032	156.053	155.927	156.019	1706	0	21
2025.12.30	08:30:00	156.02	156.086	155.957	156.027	1747	0	21
2025.12.30	09:00:00	156.024	156.096	155.974	156.047	1963	0	21
2025.12.30	09:30:00	156.046	156.054	155.907	155.97	1624	0	21
2025.12.30	10:00:00	155.965	156.014	155.85	155.877	2533	0	21
2025.12.30	10:30:00	155.876	155.971	155.844	155.97	1710	0	21
2025.12.30	11:00:00	155.971	155.998	155.857	155.909	2056	0	21
2025.12.30	11:30:00	155.908	155.963	155.878	155.912	1883	0	21
2025.12.30	12:00:00	155.916	155.919	155.815	155.848	1702	0	21
2025.12.30	12:30:00	155.847	155.854	155.732	155.84	1761	0	21
2025.12.30	13:00:00	155.841	155.859	155.813	155.856	1321	0	21
2025.12.30	13:30:00	155.855	155.936	155.827	155.88	1801	0	21
2025.12.30	14:00:00	155.879	156.001	155.873	155.962	1819	0	21
2025.12.30	14:30:00	155.961	155.985	155.933	155.939	1627	0	21
2025.12.30	15:00:00	155.942	156.131	155.934	156.126	2271	0	21
2025.12.30	15:30:00	156.125	156.2	156.073	156.184	2494	0	21
2025.12.30	16:00:00	156.184	156.25	156.111	156.226	1667	0	21
2025.12.30	16:30:00	156.226	156.308	156.221	156.26	2335	0	21
2025.12.30	17:00:00	156.26	156.48	156.26	156.477	3147	0	21
2025.12.30	17:30:00	156.476	156.554	156.311	156.317	3149	0	21
2025.12.30	18:00:00	156.314	156.361	156.213	156.263	2164	0	21
2025.12.30	18:30:00	156.263	156.271	156.225	156.249	1265	0	21
2025.12.30	19:00:00	156.25	156.395	156.234	156.362	1006	0	21
2025.12.30	19:30:00	156.362	156.386	156.316	156.323	1244	0	21
2025.12.30	20:00:00	156.323	156.355	156.297	156.331	1378	0	21
2025.12.30	20:30:00	156.331	156.419	156.33	156.385	946	0	21
2025.12.30	21:00:00	156.384	156.46	156.366	156.369	1230	0	21
2025.12.30	21:30:00	156.37	156.513	156.364	156.487	1436	0	21
2025.12.30	22:00:00	156.485	156.485	156.417	156.442	1331	0	21
2025.12.30	22:30:00	156.448	156.489	156.424	156.454	939	0	21
2025.12.30	23:00:00	156.453	156.456	156.391	156.405	646	0	21
2025.12.30	23:30:00	156.404	156.43	156.372	156.372	814	0	21
2025.12.31	00:00:00	156.372	156.372	156.258	156.336	96	0	65
2025.12.31	00:30:00	156.338	156.368	156.335	156.344	416	0	48
2025.12.31	01:00:00	156.346	156.394	156.317	156.387	303	0	25
2025.12.31	01:30:00	156.388	156.452	156.377	156.387	566	0	22
2025.12.31	02:00:00	156.386	156.437	156.318	156.388	1192	0	21
2025.12.31	02:30:00	156.388	156.454	156.338	156.38	1267	0	21
2025.12.31	03:00:00	156.38	156.441	156.342	156.366	1247	0	21
2025.12.31	03:30:00	156.366	156.427	156.351	156.42	1377	0	21
2025.12.31	04:00:00	156.421	156.475	156.412	156.438	1128	0	21
2025.12.31	04:30:00	156.437	156.481	156.414	156.472	1320	0	21
2025.12.31	05:00:00	156.47	156.474	156.436	156.461	954	0	21
2025.12.31	05:30:00	156.461	156.484	156.451	156.482	772	0	21
2025.12.31	06:00:00	156.481	156.563	156.481	156.529	1257	0	21
2025.12.31	06:30:00	156.529	156.626	156.519	156.599	973	0	21
2025.12.31	07:00:00	156.599	156.619	156.57	156.58	694	0	22
2025.12.31	07:30:00	156.581	156.603	156.537	156.58	733	0	21
2025.12.31	08:00:00	156.58	156.641	156.578	156.605	1191	0	21
2025.12.31	08:30:00	156.606	156.613	156.57	156.601	889	0	21
2025.12.31	09:00:00	156.601	156.634	156.573	156.605	1595	0	21
2025.12.31	09:30:00	156.604	156.629	156.555	156.556	1359	0	21
2025.12.31	10:00:00	156.555	156.58	156.507	156.559	1571	0	21
2025.12.31	10:30:00	156.558	156.597	156.495	156.583	1488	0	21
2025.12.31	11:00:00	156.584	156.618	156.545	156.585	1651	0	21
2025.12.31	11:30:00	156.584	156.639	156.565	156.619	1463	0	21
2025.12.31	12:00:00	156.618	156.662	156.597	156.634	1437	0	21
2025.12.31	12:30:00	156.634	156.649	156.584	156.644	1231	0	21
2025.12.31	13:00:00	156.645	156.664	156.62	156.635	1170	0	21
2025.12.31	13:30:00	156.636	156.65	156.595	156.599	1192	0	21
2025.12.31	14:00:00	156.598	156.604	156.541	156.602	1708	0	21
2025.12.31	14:30:00	156.607	156.632	156.581	156.589	2190	0	21
2025.12.31	15:00:00	156.59	156.659	156.576	156.638	2363	0	21
2025.12.31	15:30:00	156.64	156.822	156.637	156.801	3273	0	21
2025.12.31	16:00:00	156.802	156.935	156.789	156.92	2761	0	21
2025.12.31	16:30:00	156.92	156.935	156.831	156.914	3267	0	21
2025.12.31	17:00:00	156.915	156.983	156.901	156.927	2983	0	21
2025.12.31	17:30:00	156.926	156.933	156.704	156.732	4349	0	21
2025.12.31	18:00:00	156.731	156.796	156.633	156.772	3074	0	21
2025.12.31	18:30:00	156.772	156.834	156.772	156.801	2156	0	21
2025.12.31	19:00:00	156.798	156.831	156.752	156.79	2187	0	21
2025.12.31	19:30:00	156.798	156.845	156.76	156.814	1981	0	21
2026.01.02	08:00:00	156.901	156.956	156.899	156.943	1050	0	21
2026.01.02	08:30:00	156.937	156.983	156.933	156.945	1089	0	21
2026.01.02	09:00:00	156.946	156.982	156.87	156.882	2106	0	21
2026.01.02	09:30:00	156.882	156.89	156.819	156.848	1938	0	21
2026.01.02	10:00:00	156.849	156.986	156.808	156.968	2373	0	21
2026.01.02	10:30:00	156.969	156.97	156.861	156.867	1855	0	21
2026.01.02	11:00:00	156.866	156.9	156.756	156.81	2758	0	21
2026.01.02	11:30:00	156.809	156.905	156.782	156.902	1170	0	21
2026.01.02	12:00:00	156.901	156.914	156.79	156.853	1889	0	21
2026.01.02	12:30:00	156.853	156.866	156.804	156.83	948	0	21
2026.01.02	13:00:00	156.83	156.902	156.812	156.853	915	0	21
2026.01.02	13:30:00	156.853	156.936	156.851	156.909	1149	0	21
2026.01.02	14:00:00	156.909	156.93	156.86	156.896	1077	0	21
2026.01.02	14:30:00	156.898	156.989	156.896	156.928	1155	0	21
2026.01.02	15:00:00	156.929	156.948	156.819	156.873	2208	0	21
2026.01.02	15:30:00	156.872	156.936	156.836	156.895	1808	0	21
2026.01.02	16:00:00	156.895	156.908	156.812	156.828	1725	0	21
2026.01.02	16:30:00	156.825	156.874	156.796	156.84	2816	0	21
2026.01.02	17:00:00	156.841	156.881	156.635	156.682	3532	0	21
2026.01.02	17:30:00	156.682	156.731	156.55	156.579	3381	0	21
2026.01.02	18:00:00	156.579	156.667	156.551	156.629	3055	0	21
2026.01.02	18:30:00	156.63	156.758	156.626	156.713	1809	0	21
2026.01.02	19:00:00	156.712	156.764	156.71	156.725	1408	0	21
2026.01.02	19:30:00	156.725	156.771	156.696	156.759	1323	0	21
2026.01.02	20:00:00	156.758	156.883	156.752	156.868	1129	0	21
2026.01.02	20:30:00	156.867	156.937	156.867	156.881	1680	0	21
2026.01.02	21:00:00	156.879	156.945	156.877	156.926	1299	0	21
2026.01.02	21:30:00	156.926	156.935	156.834	156.845	1322	0	21
2026.01.02	22:00:00	156.845	156.899	156.834	156.869	1600	0	21
2026.01.02	22:30:00	156.869	156.887	156.836	156.865	1681	0	21
2026.01.02	23:00:00	156.865	156.878	156.802	156.808	654	0	21
2026.01.02	23:30:00	156.807	156.858	156.799	156.854	1028	0	24
2026.01.05	00:00:00	156.688	156.768	156.688	156.747	225	0	65
2026.01.05	00:30:00	156.744	156.77	156.681	156.718	918	0	43
2026.01.05	01:00:00	156.719	156.843	156.705	156.816	936	0	21
2026.01.05	01:30:00	156.817	157.001	156.816	156.987	1859	0	21
2026.01.05	02:00:00	156.988	157.153	156.908	157.109	3563	0	21
2026.01.05	02:30:00	157.109	157.24	157.095	157.138	2980	0	21
2026.01.05	03:00:00	157.139	157.171	157.015	157.155	3209	0	21
2026.01.05	03:30:00	157.155	157.166	156.928	157.004	3064	0	21
2026.01.05	04:00:00	157.003	157.136	156.94	157.11	2372	0	21
2026.01.05	04:30:00	157.118	157.194	157.103	157.135	1613	0	21
2026.01.05	05:00:00	157.137	157.205	157.117	157.198	1583	0	21
2026.01.05	05:30:00	157.198	157.225	157.154	157.219	1266	0	21
2026.01.05	06:00:00	157.22	157.284	157.22	157.276	1330	0	21
2026.01.05	06:30:00	157.276	157.285	157.21	157.269	829	0	21
2026.01.05	07:00:00	157.269	157.281	157.172	157.179	1223	0	21
2026.01.05	07:30:00	157.178	157.185	157.103	157.171	1324	0	21
2026.01.05	08:00:00	157.174	157.222	157.1	157.102	1463	0	21
2026.01.05	08:30:00	157.102	157.11	157.004	157.019	1792	0	21
2026.01.05	09:00:00	157.019	157.034	156.963	157.017	1871	0	21
2026.01.05	09:30:00	157.017	157.07	156.967	156.979	1691	0	21
2026.01.05	10:00:00	156.979	157.029	156.696	156.704	3355	0	21
2026.01.05	10:30:00	156.704	156.871	156.676	156.821	2823	0	21
2026.01.05	11:00:00	156.818	156.867	156.771	156.821	2548	0	21
2026.01.05	11:30:00	156.821	156.988	156.814	156.915	2492	0	21
2026.01.05	12:00:00	156.914	156.927	156.73	156.757	2359	0	21
2026.01.05	12:30:00	156.758	156.76	156.561	156.591	2570	0	21
2026.01.05	13:00:00	156.591	156.617	156.52	156.604	2648	0	21
2026.01.05	13:30:00	156.605	156.649	156.554	156.61	1879	0	21
2026.01.05	14:00:00	156.612	156.612	156.528	156.535	1790	0	21
2026.01.05	14:30:00	156.535	156.674	156.455	156.636	2680	0	21
2026.01.05	15:00:00	156.635	156.915	156.631	156.902	3963	0	21
2026.01.05	15:30:00	156.904	156.965	156.799	156.815	3212	0	21
2026.01.05	16:00:00	156.814	156.843	156.695	156.762	2618	0	21
2026.01.05	16:30:00	156.761	156.839	156.69	156.736	4649	0	21
2026.01.05	17:00:00	156.713	156.737	156.553	156.597	4347	0	21
2026.01.05	17:30:00	156.597	156.665	156.444	156.567	3708	0	21
2026.01.05	18:00:00	156.567	156.576	156.435	156.435	3129	0	21
2026.01.05	18:30:00	156.435	156.446	156.294	156.312	2931	0	21
2026.01.05	19:00:00	156.313	156.371	156.258	156.29	2157	0	21
2026.01.05	19:30:00	156.29	156.337	156.255	156.318	1243	0	21
2026.01.05	20:00:00	156.318	156.346	156.26	156.327	1075	0	21
2026.01.05	20:30:00	156.327	156.327	156.169	156.175	1170	0	21
2026.01.05	21:00:00	156.174	156.174	156.104	156.152	1612	0	21
2026.01.05	21:30:00	156.153	156.233	156.112	156.221	1694	0	21
2026.01.05	22:00:00	156.221	156.231	156.171	156.222	1088	0	21
2026.01.05	22:30:00	156.223	156.328	156.203	156.326	1538	0	21
2026.01.05	23:00:00	156.325	156.4	156.31	156.376	707	0	21
2026.01.05	23:30:00	156.372	156.407	156.333	156.333	796	0	21
2026.01.06	00:00:00	156.333	156.368	156.212	156.362	146	0	57
2026.01.06	00:30:00	156.365	156.497	156.365	156.491	259	0	33
2026.01.06	01:00:00	156.492	156.559	156.469	156.533	797	0	21
2026.01.06	01:30:00	156.532	156.632	156.517	156.603	949	0	21
2026.01.06	02:00:00	156.604	156.756	156.562	156.747	2461	0	21
2026.01.06	02:30:00	156.748	156.785	156.517	156.525	3067	0	21
2026.01.06	03:00:00	156.524	156.696	156.512	156.585	2622	0	21
2026.01.06	03:30:00	156.584	156.603	156.439	156.441	2013	0	21
2026.01.06	04:00:00	156.441	156.488	156.395	156.443	1755	0	21
2026.01.06	04:30:00	156.443	156.454	156.259	156.298	1185	0	21
2026.01.06	05:00:00	156.299	156.424	156.284	156.39	1140	0	21
2026.01.06	05:30:00	156.389	156.426	156.303	156.35	1320	0	21
2026.01.06	06:00:00	156.351	156.359	156.23	156.285	1045	0	21
2026.01.06	06:30:00	156.286	156.428	156.241	156.369	1407	0	21
2026.01.06	07:00:00	156.37	156.384	156.291	156.311	1085	0	21
2026.01.06	07:30:00	156.31	156.435	156.276	156.417	1917	0	21
2026.01.06	08:00:00	156.417	156.466	156.376	156.39	1677	0	21
2026.01.06	08:30:00	156.39	156.445	156.319	156.357	2047	0	21
2026.01.06	09:00:00	156.358	156.36	156.22	156.325	2011	0	21
2026.01.06	09:30:00	156.326	156.353	156.239	156.323	2057	0	21
2026.01.06	10:00:00	156.323	156.378	156.152	156.304	3474	0	21
2026.01.06	10:30:00	156.304	156.376	156.297	156.31	2414	0	21
2026.01.06	11:00:00	156.309	156.366	156.22	156.355	3067	0	21
2026.01.06	11:30:00	156.354	156.471	156.313	156.366	2289	0	21
2026.01.06	12:00:00	156.365	156.379	156.269	156.364	2450	0	21
2026.01.06	12:30:00	156.364	156.452	156.332	156.435	1979	0	21
2026.01.06	13:00:00	156.435	156.528	156.428	156.45	1706	0	21
2026.01.06	13:30:00	156.45	156.464	156.395	156.439	1844	0	21
2026.01.06	14:00:00	156.439	156.439	156.285	156.383	2040	0	21
2026.01.06	14:30:00	156.383	156.505	156.354	156.485	2234	0	21
2026.01.06	15:00:00	156.484	156.569	156.374	156.429	3670	0	21
2026.01.06	15:30:00	156.428	156.447	156.34	156.358	3486	0	21
2026.01.06	16:00:00	156.358	156.431	156.29	156.402	2987	0	21
2026.01.06	16:30:00	156.401	156.467	156.331	156.395	3402	0	21
2026.01.06	17:00:00	156.397	156.646	156.393	156.634	4089	0	21
2026.01.06	17:30:00	156.632	156.679	156.558	156.566	3906	0	21
2026.01.06	18:00:00	156.566	156.718	156.559	156.695	2200	0	21
2026.01.06	18:30:00	156.695	156.725	156.636	156.694	1947	0	21
2026.01.06	19:00:00	156.694	156.729	156.66	156.723	2005	0	21
2026.01.06	19:30:00	156.723	156.729	156.679	156.679	1370	0	21
2026.01.06	20:00:00	156.679	156.718	156.652	156.717	1145	0	21
2026.01.06	20:30:00	156.716	156.737	156.714	156.726	788	0	21
2026.01.06	21:00:00	156.726	156.734	156.665	156.682	1121	0	21
2026.01.06	21:30:00	156.682	156.693	156.598	156.62	875	0	21
2026.01.06	22:00:00	156.62	156.62	156.569	156.596	857	0	21
2026.01.06	22:30:00	156.596	156.642	156.559	156.639	1326	0	21
2026.01.06	23:00:00	156.639	156.664	156.609	156.661	859	0	21
2026.01.06	23:30:00	156.659	156.671	156.606	156.606	586	0	23
2026.01.07	00:00:00	156.582	156.634	156.569	156.604	108	0	48
2026.01.07	00:30:00	156.603	156.636	156.591	156.593	396	0	36
2026.01.07	01:00:00	156.597	156.665	156.597	156.645	429	0	23
2026.01.07	01:30:00	156.644	156.693	156.616	156.653	960	0	21
2026.01.07	02:00:00	156.652	156.797	156.592	156.695	2295	0	21
2026.01.07	02:30:00	156.695	156.705	156.529	156.624	3198	0	21
2026.01.07	03:00:00	156.623	156.734	156.548	156.713	2213	0	21
2026.01.07	03:30:00	156.712	156.733	156.659	156.707	1684	0	21
2026.01.07	04:00:00	156.706	156.715	156.643	156.706	1341	0	21
2026.01.07	04:30:00	156.705	156.717	156.631	156.635	986	0	21
2026.01.07	05:00:00	156.634	156.642	156.566	156.571	1238	0	21
2026.01.07	05:30:00	156.571	156.583	156.496	156.55	1026	0	21
2026.01.07	06:00:00	156.549	156.56	156.503	156.558	1414	0	21
2026.01.07	06:30:00	156.558	156.573	156.501	156.527	1002	0	21
2026.01.07	07:00:00	156.526	156.528	156.394	156.406	1335	0	21
2026.01.07	07:30:00	156.406	156.453	156.354	156.374	1388	0	21
2026.01.07	08:00:00	156.373	156.383	156.297	156.305	1719	0	21
2026.01.07	08:30:00	156.305	156.367	156.294	156.333	1461	0	21
2026.01.07	09:00:00	156.333	156.426	156.284	156.42	1927	0	21
2026.01.07	09:30:00	156.42	156.501	156.374	156.474	2327	0	21
2026.01.07	10:00:00	156.474	156.534	156.446	156.524	2357	0	21
2026.01.07	10:30:00	156.523	156.573	156.491	156.515	1732	0	21
2026.01.07	11:00:00	156.516	156.565	156.465	156.467	1676	0	21
2026.01.07	11:30:00	156.468	156.489	156.42	156.452	1593	0	21
2026.01.07	12:00:00	156.452	156.491	156.43	156.478	1396	0	21
2026.01.07	12:30:00	156.479	156.524	156.444	156.516	1553	0	21
2026.01.07	13:00:00	156.517	156.558	156.497	156.54	1122	0	21
2026.01.07	13:30:00	156.54	156.571	156.503	156.503	1434	0	21
2026.01.07	14:00:00	156.503	156.555	156.463	156.536	1516	0	21
2026.01.07	14:30:00	156.537	156.549	156.488	156.501	1635	0	21
2026.01.07	15:00:00	156.5	156.569	156.399	156.438	2670	0	21
2026.01.07	15:30:00	156.436	156.452	156.351	156.405	2892	0	21
2026.01.07	16:00:00	156.412	156.509	156.382	156.49	2411	0	21
2026.01.07	16:30:00	156.493	156.544	156.385	156.394	3866	0	21
2026.01.07	17:00:00	156.395	156.677	156.393	156.599	5951	0	21
2026.01.07	17:30:00	156.598	156.713	156.497	156.67	4120	0	21
2026.01.07	18:00:00	156.67	156.789	156.631	156.73	2663	0	21
2026.01.07	18:30:00	156.73	156.749	156.646	156.724	1890	0	21
2026.01.07	19:00:00	156.723	156.723	156.603	156.604	1240	0	21
2026.01.07	19:30:00	156.604	156.647	156.564	156.608	1393	0	21
2026.01.07	20:00:00	156.607	156.66	156.585	156.65	1537	0	21
2026.01.07	20:30:00	156.649	156.693	156.638	156.686	1201	0	21
2026.01.07	21:00:00	156.686	156.733	156.672	156.733	1191	0	21
2026.01.07	21:30:00	156.735	156.75	156.71	156.73	1001	0	21
2026.01.07	22:00:00	156.731	156.774	156.712	156.769	1233	0	21
2026.01.07	22:30:00	156.769	156.779	156.744	156.763	1033	0	21
2026.01.07	23:00:00	156.764	156.788	156.763	156.784	378	0	21
2026.01.07	23:30:00	156.782	156.789	156.73	156.732	681	0	21
2026.01.08	00:00:00	156.731	156.731	156.685	156.693	68	0	51
2026.01.08	00:30:00	156.692	156.706	156.602	156.654	63	0	40
2026.01.08	01:00:00	156.659	156.691	156.646	156.69	348	0	25
2026.01.08	01:30:00	156.688	156.743	156.684	156.687	1000	0	21
2026.01.08	02:00:00	156.688	156.79	156.664	156.729	1826	0	21
2026.01.08	02:30:00	156.73	156.784	156.721	156.774	1932	0	21
2026.01.08	03:00:00	156.776	156.846	156.705	156.825	1563	0	21
2026.01.08	03:30:00	156.826	156.931	156.797	156.9	1911	0	21
2026.01.08	04:00:00	156.899	156.942	156.868	156.906	1143	0	21
2026.01.08	04:30:00	156.904	156.906	156.812	156.826	981	0	21
2026.01.08	05:00:00	156.828	156.828	156.634	156.653	1643	0	21
2026.01.08	05:30:00	156.654	156.731	156.619	156.706	1123	0	21
2026.01.08	06:00:00	156.706	156.72	156.654	156.682	969	0	21
2026.01.08	06:30:00	156.683	156.719	156.654	156.68	684	0	21
2026.01.08	07:00:00	156.681	156.722	156.644	156.701	1077	0	21
2026.01.08	07:30:00	156.702	156.711	156.631	156.66	1498	0	21
2026.01.08	08:00:00	156.658	156.678	156.489	156.561	2243	0	21
2026.01.08	08:30:00	156.561	156.594	156.501	156.569	1697	0	21
2026.01.08	09:00:00	156.569	156.684	156.532	156.596	1823	0	21
2026.01.08	09:30:00	156.596	156.606	156.457	156.457	2284	0	21
2026.01.08	10:00:00	156.456	156.588	156.448	156.555	2743	0	21
2026.01.08	10:30:00	156.554	156.705	156.551	156.694	2204	0	21
2026.01.08	11:00:00	156.695	156.703	156.619	156.694	1682	0	21
2026.01.08	11:30:00	156.695	156.771	156.672	156.732	1853	0	21
2026.01.08	12:00:00	156.735	156.769	156.719	156.72	1644	0	21
2026.01.08	12:30:00	156.72	156.724	156.666	156.671	1307	0	21
2026.01.08	13:00:00	156.67	156.747	156.654	156.743	1279	0	21
2026.01.08	13:30:00	156.743	156.77	156.717	156.749	1237	0	21
2026.01.08	14:00:00	156.75	156.77	156.713	156.716	1192	0	21
2026.01.08	14:30:00	156.715	156.744	156.678	156.71	1019	0	21
2026.01.08	15:00:00	156.71	156.716	156.652	156.677	1329	0	21
2026.01.08	15:30:00	156.676	156.951	156.665	156.951	2716	0	21
2026.01.08	16:00:00	156.952	157.06	156.927	156.99	3132	0	21
2026.01.08	16:30:00	156.99	157.056	156.946	156.963	3372	0	21
2026.01.08	17:00:00	156.961	157.045	156.938	156.97	3341	0	21
2026.01.08	17:30:00	156.972	156.992	156.84	156.853	2647	0	21
2026.01.08	18:00:00	156.854	156.974	156.836	156.919	2085	0	21
2026.01.08	18:30:00	156.918	156.946	156.846	156.889	1634	0	21
2026.01.08	19:00:00	156.89	156.894	156.763	156.811	1738	0	21
2026.01.08	19:30:00	156.813	156.884	156.795	156.797	1215	0	21
2026.01.08	20:00:00	156.796	156.846	156.784	156.836	1178	0	21
2026.01.08	20:30:00	156.835	156.882	156.828	156.881	974	0	21
2026.01.08	21:00:00	156.882	156.944	156.88	156.943	741	0	21
2026.01.08	21:30:00	156.944	156.973	156.92	156.955	930	0	21
2026.01.08	22:00:00	156.953	156.981	156.94	156.942	960	0	21
2026.01.08	22:30:00	156.941	156.972	156.906	156.942	1168	0	21
2026.01.08	23:00:00	156.944	156.979	156.877	156.881	772	0	21
2026.01.08	23:30:00	156.879	156.903	156.806	156.839	1246	0	21
2026.01.09	00:00:00	156.839	156.843	156.644	156.701	130	0	42
2026.01.09	00:30:00	156.705	156.818	156.705	156.812	139	0	43
2026.01.09	01:00:00	156.811	156.906	156.811	156.878	854	0	21
2026.01.09	01:30:00	156.879	156.92	156.851	156.857	620	0	23
2026.01.09	02:00:00	156.859	156.953	156.856	156.947	1696	0	21
2026.01.09	02:30:00	156.947	157.048	156.94	156.996	2223	0	21
2026.01.09	03:00:00	156.997	157.12	156.981	157.099	1795	0	21
2026.01.09	03:30:00	157.095	157.156	157.035	157.149	2146	0	21
2026.01.09	04:00:00	157.148	157.23	157.126	157.144	1728	0	21
2026.01.09	04:30:00	157.143	157.249	157.111	157.17	1447	0	21
2026.01.09	05:00:00	157.169	157.209	157.145	157.195	1029	0	21
2026.01.09	05:30:00	157.196	157.23	157.16	157.224	762	0	21
2026.01.09	06:00:00	157.227	157.285	157.217	157.239	1207	0	21
2026.01.09	06:30:00	157.239	157.264	157.181	157.2	1174	0	21
2026.01.09	07:00:00	157.201	157.299	157.201	157.292	1381	0	21
2026.01.09	07:30:00	157.292	157.38	157.284	157.363	1607	0	21
2026.01.09	08:00:00	157.363	157.425	157.34	157.374	1470	0	21
2026.01.09	08:30:00	157.374	157.404	157.331	157.39	1640	0	21
2026.01.09	09:00:00	157.391	157.487	157.376	157.468	2111	0	21
2026.01.09	09:30:00	157.468	157.56	157.465	157.468	1960	0	21
2026.01.09	10:00:00	157.467	157.603	157.446	157.563	2481	0	21
2026.01.09	10:30:00	157.564	157.657	157.548	157.634	2296	0	21
2026.01.09	11:00:00	157.633	157.664	157.562	157.647	2038	0	21
2026.01.09	11:30:00	157.648	157.724	157.622	157.697	1622	0	21
2026.01.09	12:00:00	157.699	157.712	157.632	157.641	1472	0	21
2026.01.09	12:30:00	157.64	157.676	157.627	157.64	1203	0	21
2026.01.09	13:00:00	157.639	157.671	157.602	157.612	1396	0	21
2026.01.09	13:30:00	157.612	157.615	157.555	157.565	1372	0	21
2026.01.09	14:00:00	157.565	157.67	157.549	157.643	1334	0	21
2026.01.09	14:30:00	157.643	157.698	157.631	157.638	1851	0	21
2026.01.09	15:00:00	157.636	157.636	157.538	157.552	2303	0	21
2026.01.09	15:30:00	157.558	157.808	157.358	157.478	8506	0	21
2026.01.09	16:00:00	157.478	157.951	157.359	157.924	8143	0	21
2026.01.09	16:30:00	157.923	158.041	157.882	157.909	5570	0	21
2026.01.09	17:00:00	157.917	158.174	157.806	158.11	6260	0	21
2026.01.09	17:30:00	158.12	158.13	157.833	157.858	4832	0	21
2026.01.09	18:00:00	157.859	158.066	157.819	158.065	2793	0	21
2026.01.09	18:30:00	158.063	158.119	158.039	158.066	2502	0	21
2026.01.09	19:00:00	158.065	158.094	157.978	158.016	2591	0	21
2026.01.09	19:30:00	158.016	158.057	157.985	158.041	1796	0	21
2026.01.09	20:00:00	158.042	158.056	157.94	157.965	1580	0	21
2026.01.09	20:30:00	157.964	157.964	157.851	157.904	1765	0	21
2026.01.09	21:00:00	157.904	157.912	157.821	157.831	1531	0	21
2026.01.09	21:30:00	157.831	157.894	157.831	157.875	1292	0	21
2026.01.09	22:00:00	157.874	157.899	157.861	157.867	759	0	21
2026.01.09	22:30:00	157.867	157.892	157.846	157.873	981	0	21
2026.01.09	23:00:00	157.873	157.895	157.845	157.86	758	0	21
2026.01.09	23:30:00	157.859	157.942	157.854	157.922	581	0	21
2026.01.12	00:00:00	158.072	158.092	157.985	158.031	115	0	55
2026.01.12	00:30:00	158.031	158.039	158.017	158.039	104	0	42
2026.01.12	01:00:00	158.039	158.15	157.973	158.135	604	0	21
2026.01.12	01:30:00	158.135	158.172	158.102	158.126	927	0	21
2026.01.12	02:00:00	158.125	158.194	157.833	157.848	2731	0	21
2026.01.12	02:30:00	157.848	157.88	157.544	157.565	3975	0	21
2026.01.12	03:00:00	157.564	157.66	157.505	157.618	4101	0	21
2026.01.12	03:30:00	157.617	157.743	157.615	157.737	2389	0	21
2026.01.12	04:00:00	157.736	157.853	157.656	157.852	1702	0	21
2026.01.12	04:30:00	157.853	158.064	157.846	158.039	1635	0	21
2026.01.12	05:00:00	158.037	158.037	157.931	158.012	1201	0	21
2026.01.12	05:30:00	158.011	158.109	157.999	158.108	964	0	21
2026.01.12	06:00:00	158.109	158.171	158.106	158.124	837	0	21
2026.01.12	06:30:00	158.125	158.153	158.11	158.11	598	0	21
2026.01.12	07:00:00	158.109	158.139	158.046	158.056	960	0	21
2026.01.12	07:30:00	158.057	158.081	157.985	157.992	1307	0	21
2026.01.12	08:00:00	157.993	158.058	157.95	157.985	1029	0	21
2026.01.12	08:30:00	157.986	158.022	157.955	158.002	1435	0	21
2026.01.12	09:00:00	158.003	158.021	157.817	157.845	2557	0	21
2026.01.12	09:30:00	157.845	157.872	157.79	157.836	1946	0	21
2026.01.12	10:00:00	157.834	157.85	157.708	157.814	2575	0	21
2026.01.12	10:30:00	157.816	157.816	157.663	157.766	2473	0	21
2026.01.12	11:00:00	157.765	157.821	157.71	157.717	2043	0	21
2026.01.12	11:30:00	157.716	157.89	157.714	157.883	1373	0	21
2026.01.12	12:00:00	157.883	157.946	157.848	157.896	1132	0	21
2026.01.12	12:30:00	157.897	157.951	157.821	157.839	1547	0	21
2026.01.12	13:00:00	157.84	157.867	157.774	157.863	1184	0	21
2026.01.12	13:30:00	157.862	157.916	157.831	157.884	1380	0	21
2026.01.12	14:00:00	157.888	157.946	157.803	157.835	1657	0	21
2026.01.12	14:30:00	157.834	157.89	157.8	157.845	1641	0	21
2026.01.12	15:00:00	157.844	157.886	157.714	157.797	2276	0	21
2026.01.12	15:30:00	157.798	157.839	157.696	157.831	2709	0	21
2026.01.12	16:00:00	157.832	157.985	157.822	157.98	3199	0	21
2026.01.12	16:30:00	157.979	158.036	157.915	157.929	3761	0	21
2026.01.12	17:00:00	157.929	157.965	157.842	157.925	2491	0	21
2026.01.12	17:30:00	157.923	157.965	157.858	157.962	2399	0	21
2026.01.12	18:00:00	157.963	158.091	157.934	158.083	2163	0	21
2026.01.12	18:30:00	158.084	158.144	158.04	158.143	1702	0	21
2026.01.12	19:00:00	158.145	158.16	158.075	158.092	1868	0	21
2026.01.12	19:30:00	158.093	158.105	158.054	158.075	1389	0	21
2026.01.12	20:00:00	158.074	158.121	158.041	158.08	1241	0	21
2026.01.12	20:30:00	158.081	158.134	158.079	158.121	650	0	21
2026.01.12	21:00:00	158.122	158.138	158.095	158.107	661	0	21
2026.01.12	21:30:00	158.106	158.136	158.082	158.129	1028	0	21
2026.01.12	22:00:00	158.129	158.138	158.103	158.128	623	0	21
2026.01.12	22:30:00	158.127	158.189	158.116	158.174	1137	0	21
2026.01.12	23:00:00	158.174	158.183	158.124	158.15	669	0	21
2026.01.12	23:30:00	158.152	158.153	158.091	158.091	571	0	24
2026.01.13	00:00:00	158.093	158.102	157.995	158.052	73	0	69
2026.01.13	00:30:00	158.052	158.096	158.045	158.059	1545	0	53
2026.01.13	01:00:00	158.049	158.164	157.882	158.033	1388	0	21
2026.01.13	01:30:00	158.032	158.057	157.911	157.963	1507	0	21
2026.01.13	02:00:00	157.964	158.128	157.954	158.094	1773	0	21
2026.01.13	02:30:00	158.093	158.274	158.049	158.15	2460	0	21
2026.01.13	03:00:00	158.149	158.387	158.148	158.378	2266	0	21
2026.01.13	03:30:00	158.379	158.492	158.367	158.472	1773	0	21
2026.01.13	04:00:00	158.472	158.555	158.325	158.547	1758	0	21
2026.01.13	04:30:00	158.549	158.678	158.539	158.66	1807	0	21
2026.01.13	05:00:00	158.66	158.751	158.632	158.673	1283	0	21
2026.01.13	05:30:00	158.673	158.814	158.667	158.801	1134	0	21
2026.01.13	06:00:00	158.802	158.899	158.621	158.684	3191	0	21
2026.01.13	06:30:00	158.684	158.831	158.654	158.709	2256	0	21
2026.01.13	07:00:00	158.708	158.817	158.694	158.757	1896	0	21
2026.01.13	07:30:00	158.758	158.813	158.716	158.772	1481	0	21
2026.01.13	08:00:00	158.772	158.959	158.771	158.936	2101	0	21
2026.01.13	08:30:00	158.93	158.95	158.732	158.748	1790	0	21
2026.01.13	09:00:00	158.75	158.943	158.721	158.822	2357	0	21
2026.01.13	09:30:00	158.822	158.941	158.751	158.929	2321	0	21
2026.01.13	10:00:00	158.929	158.976	158.859	158.959	3081	0	21
2026.01.13	10:30:00	158.959	159.037	158.912	158.918	2189	0	21
2026.01.13	11:00:00	158.921	159.007	158.872	158.902	1730	0	21
2026.01.13	11:30:00	158.903	158.904	158.804	158.879	1800	0	21
2026.01.13	12:00:00	158.88	158.935	158.861	158.871	2194	0	21
2026.01.13	12:30:00	158.87	158.916	158.79	158.793	1804	0	21
2026.01.13	13:00:00	158.794	158.933	158.792	158.9	1489	0	21
2026.01.13	13:30:00	158.901	158.903	158.829	158.845	1448	0	21
2026.01.13	14:00:00	158.845	158.896	158.829	158.883	1128	0	21
2026.01.13	14:30:00	158.883	158.926	158.856	158.881	1667	0	21
2026.01.13	15:00:00	158.881	158.918	158.8	158.881	2199	0	21
2026.01.13	15:30:00	158.881	158.945	158.568	158.87	7132	0	21
2026.01.13	16:00:00	158.869	158.93	158.791	158.83	3691	0	21
2026.01.13	16:30:00	158.829	158.986	158.812	158.897	4115	0	21
2026.01.13	17:00:00	158.9	159.053	158.847	158.984	4142	0	21
2026.01.13	17:30:00	158.985	159.077	158.863	158.916	3941	0	21
2026.01.13	18:00:00	158.917	159.179	158.893	159.154	3980	0	21
2026.01.13	18:30:00	159.155	159.166	159.042	159.057	2411	0	21
2026.01.13	19:00:00	159.058	159.13	159.044	159.104	1678	0	21
2026.01.13	19:30:00	159.104	159.109	158.965	159.016	1686	0	21
2026.01.13	20:00:00	159.014	159.071	158.989	159.071	1512	0	21
2026.01.13	20:30:00	159.071	159.083	159.015	159.031	1066	0	21
2026.01.13	21:00:00	159.031	159.117	159.027	159.116	1553	0	21
2026.01.13	21:30:00	159.116	159.134	159.098	159.104	1052	0	21
2026.01.13	22:00:00	159.105	159.119	159.078	159.116	881	0	21
2026.01.13	22:30:00	159.115	159.148	159.094	159.107	1055	0	21
2026.01.13	23:00:00	159.108	159.146	159.1	159.131	489	0	21
2026.01.13	23:30:00	159.132	159.162	159.093	159.093	441	0	21
2026.01.14	00:00:00	159.094	159.164	158.998	159.069	120	0	36
2026.01.14	00:30:00	159.07	159.141	159.016	159.079	896	0	44
2026.01.14	01:00:00	159.075	159.171	159.075	159.126	530	0	21
2026.01.14	01:30:00	159.127	159.191	159.124	159.186	840	0	21
2026.01.14	02:00:00	159.188	159.274	159.083	159.107	2055	0	21
2026.01.14	02:30:00	159.109	159.213	159.1	159.184	2469	0	21
2026.01.14	03:00:00	159.184	159.415	159.183	159.393	2271	0	21
2026.01.14	03:30:00	159.393	159.442	159.276	159.327	1496	0	21
2026.01.14	04:00:00	159.326	159.381	159.224	159.251	1821	0	21
2026.01.14	04:30:00	159.25	159.304	159.17	159.195	1671	0	21
2026.01.14	05:00:00	159.194	159.195	159.078	159.185	1159	0	21
2026.01.14	05:30:00	159.186	159.191	159.071	159.15	1265	0	21
2026.01.14	06:00:00	159.152	159.221	159.115	159.205	924	0	21
2026.01.14	06:30:00	159.206	159.232	159.169	159.193	1013	0	21
2026.01.14	07:00:00	159.193	159.284	159.153	159.277	905	0	21
2026.01.14	07:30:00	159.279	159.329	159.264	159.325	1139	0	21
2026.01.14	08:00:00	159.323	159.339	159.219	159.303	1344	0	21
2026.01.14	08:30:00	159.302	159.328	159.123	159.131	1847	0	21
2026.01.14	09:00:00	159.132	159.185	159.101	159.141	2040	0	21
2026.01.14	09:30:00	159.142	159.176	159.095	159.165	1390	0	21
2026.01.14	10:00:00	159.164	159.181	159.002	159.053	3266	0	21
2026.01.14	10:30:00	159.052	159.075	158.853	158.918	5046	0	21
2026.01.14	11:00:00	158.917	158.936	158.661	158.798	3730	0	21
2026.01.14	11:30:00	158.798	158.877	158.714	158.749	2629	0	21
2026.01.14	12:00:00	158.751	158.803	158.675	158.679	2677	0	21
2026.01.14	12:30:00	158.678	158.714	158.571	158.673	2922	0	21
2026.01.14	13:00:00	158.674	158.764	158.635	158.748	2057	0	21
2026.01.14	13:30:00	158.747	158.811	158.56	158.702	1551	0	21
2026.01.14	14:00:00	158.701	158.707	158.139	158.625	4692	0	21
2026.01.14	14:30:00	158.624	158.638	158.517	158.547	3079	0	21
2026.01.14	15:00:00	158.548	158.674	158.492	158.628	2965	0	21
2026.01.14	15:30:00	158.623	158.73	158.51	158.586	3605	0	21
2026.01.14	16:00:00	158.586	158.661	158.191	158.236	4830	0	21
2026.01.14	16:30:00	158.237	158.343	158.146	158.203	6344	0	21
2026.01.14	17:00:00	158.196	158.403	158.196	158.273	5528	0	21
2026.01.14	17:30:00	158.272	158.34	158.094	158.113	3558	0	21
2026.01.14	18:00:00	158.113	158.274	158.091	158.227	2418	0	21
2026.01.14	18:30:00	158.228	158.259	158.11	158.125	2599	0	21
2026.01.14	19:00:00	158.124	158.278	158.111	158.262	1918	0	21
2026.01.14	19:30:00	158.26	158.331	158.244	158.29	1406	0	21
2026.01.14	20:00:00	158.29	158.403	158.29	158.385	1237	0	21
2026.01.14	20:30:00	158.385	158.453	158.299	158.453	1552	0	21
2026.01.14	21:00:00	158.456	158.47	158.411	158.451	1441	0	21
2026.01.14	21:30:00	158.45	158.508	158.436	158.493	1348	0	21
2026.01.14	22:00:00	158.492	158.559	158.448	158.522	2349	0	21
2026.01.14	22:30:00	158.523	158.586	158.486	158.579	1809	0	21
2026.01.14	23:00:00	158.578	158.587	158.502	158.533	775	0	21
2026.01.14	23:30:00	158.534	158.539	158.38	158.38	997	0	21
2026.01.15	00:00:00	158.365	158.383	158.324	158.364	167	0	70
2026.01.15	00:30:00	158.365	158.384	158.181	158.247	749	0	44
2026.01.15	01:00:00	158.246	158.351	158.236	158.348	605	0	22
2026.01.15	01:30:00	158.347	158.419	158.339	158.408	1242	0	21
2026.01.15	02:00:00	158.41	158.546	158.41	158.523	2001	0	21
2026.01.15	02:30:00	158.523	158.564	158.37	158.398	3103	0	21
2026.01.15	03:00:00	158.4	158.421	158.301	158.391	2877	0	21
2026.01.15	03:30:00	158.392	158.425	158.217	158.342	2817	0	21
2026.01.15	04:00:00	158.343	158.459	158.299	158.458	1889	0	21
2026.01.15	04:30:00	158.457	158.533	158.434	158.509	1935	0	21
2026.01.15	05:00:00	158.509	158.631	158.483	158.526	1492	0	21
2026.01.15	05:30:00	158.527	158.563	158.497	158.502	1581	0	21
2026.01.15	06:00:00	158.502	158.592	158.466	158.581	831	0	21
2026.01.15	06:30:00	158.581	158.635	158.536	158.581	1080	0	21
2026.01.15	07:00:00	158.582	158.604	158.474	158.481	1605	0	21
2026.01.15	07:30:00	158.481	158.531	158.369	158.421	1282	0	21
2026.01.15	08:00:00	158.417	158.56	158.387	158.54	2217	0	21
2026.01.15	08:30:00	158.541	158.64	158.536	158.601	1668	0	21
2026.01.15	09:00:00	158.602	158.72	158.494	158.561	2950	0	21
2026.01.15	09:30:00	158.561	158.621	158.441	158.569	2141	0	21
2026.01.15	10:00:00	158.57	158.693	158.528	158.57	2925	0	21
2026.01.15	10:30:00	158.568	158.702	158.563	158.678	2454	0	21
2026.01.15	11:00:00	158.679	158.689	158.315	158.459	3565	0	21
2026.01.15	11:30:00	158.461	158.492	158.29	158.387	2416	0	21
2026.01.15	12:00:00	158.385	158.441	158.334	158.425	1839	0	21
2026.01.15	12:30:00	158.426	158.46	158.401	158.454	1776	0	21
2026.01.15	13:00:00	158.454	158.5	158.423	158.48	1387	0	21
2026.01.15	13:30:00	158.482	158.555	158.451	158.555	1188	0	21
2026.01.15	14:00:00	158.558	158.584	158.489	158.501	1167	0	21
2026.01.15	14:30:00	158.502	158.593	158.478	158.585	1876	0	21
2026.01.15	15:00:00	158.586	158.622	158.542	158.552	2322	0	21
2026.01.15	15:30:00	158.551	158.843	158.551	158.817	4120	0	21
2026.01.15	16:00:00	158.815	158.867	158.635	158.705	2946	0	21
2026.01.15	16:30:00	158.705	158.84	158.654	158.728	3495	0	21
2026.01.15	17:00:00	158.728	158.731	158.57	158.571	2827	0	21
2026.01.15	17:30:00	158.572	158.612	158.463	158.526	3179	0	21
2026.01.15	18:00:00	158.525	158.558	158.402	158.447	2133	0	21
2026.01.15	18:30:00	158.446	158.532	158.433	158.488	1917	0	21
2026.01.15	19:00:00	158.489	158.511	158.435	158.448	1474	0	21
2026.01.15	19:30:00	158.449	158.527	158.446	158.497	1445	0	21
2026.01.15	20:00:00	158.497	158.511	158.464	158.483	1482	0	21
2026.01.15	20:30:00	158.482	158.5	158.466	158.481	1112	0	21
2026.01.15	21:00:00	158.48	158.525	158.452	158.466	1367	0	21
2026.01.15	21:30:00	158.465	158.549	158.465	158.516	1422	0	21
2026.01.15	22:00:00	158.515	158.585	158.502	158.569	1319	0	21
2026.01.15	22:30:00	158.568	158.635	158.563	158.63	1158	0	21
2026.01.15	23:00:00	158.63	158.663	158.594	158.607	687	0	21
2026.01.15	23:30:00	158.606	158.642	158.567	158.567	826	0	21
2026.01.16	00:00:00	158.558	158.58	158.544	158.58	81	0	76
2026.01.16	00:30:00	158.569	158.604	158.554	158.601	517	0	58
2026.01.16	01:00:00	158.601	158.66	158.557	158.634	497	0	21
2026.01.16	01:30:00	158.635	158.657	158.552	158.579	896	0	21
2026.01.16	02:00:00	158.579	158.587	158.507	158.581	1364	0	21
2026.01.16	02:30:00	158.579	158.695	158.528	158.643	2175	0	21
2026.01.16	03:00:00	158.642	158.671	158.461	158.494	1871	0	21
2026.01.16	03:30:00	158.493	158.599	158.463	158.586	1471	0	21
2026.01.16	04:00:00	158.587	158.62	158.328	158.398	2200	0	21
2026.01.16	04:30:00	158.398	158.41	157.951	158.293	3723	0	21
2026.01.16	05:00:00	158.29	158.299	158.125	158.204	1948	0	21
2026.01.16	05:30:00	158.203	158.222	158.097	158.097	1276	0	21
2026.01.16	06:00:00	158.095	158.242	158.088	158.184	1254	0	21
2026.01.16	06:30:00	158.184	158.28	158.15	158.265	912	0	21
2026.01.16	07:00:00	158.266	158.295	158.236	158.244	825	0	21
2026.01.16	07:30:00	158.244	158.369	158.214	158.366	1061	0	21
2026.01.16	08:00:00	158.367	158.425	158.325	158.374	1221	0	21
2026.01.16	08:30:00	158.376	158.439	158.335	158.375	1129	0	21
2026.01.16	09:00:00	158.376	158.392	158.174	158.184	2014	0	21
2026.01.16	09:30:00	158.185	158.257	158.087	158.155	3554	0	21
2026.01.16	10:00:00	158.156	158.243	158.085	158.135	2946	0	21
2026.01.16	10:30:00	158.136	158.219	158.0	158.199	2632	0	21
2026.01.16	11:00:00	158.198	158.202	158.068	158.117	1907	0	21
2026.01.16	11:30:00	158.116	158.191	158.063	158.183	2113	0	21
2026.01.16	12:00:00	158.184	158.208	158.089	158.096	2061	0	21
2026.01.16	12:30:00	158.093	158.136	158.066	158.113	1603	0	21
2026.01.16	13:00:00	158.113	158.142	158.049	158.106	1737	0	21
2026.01.16	13:30:00	158.108	158.108	158.039	158.083	1483	0	21
2026.01.16	14:00:00	158.082	158.191	158.064	158.186	1951	0	21
2026.01.16	14:30:00	158.187	158.214	158.125	158.14	1926	0	21
2026.01.16	15:00:00	158.141	158.142	158.05	158.109	2329	0	21
2026.01.16	15:30:00	158.108	158.11	157.932	158.009	1995	0	21
2026.01.16	16:00:00	158.009	158.107	157.987	158.046	1792	0	21
2026.01.16	16:30:00	158.048	158.091	157.831	157.897	2619	0	21
2026.01.16	17:00:00	157.896	158.096	157.81	158.056	4584	0	21
2026.01.16	17:30:00	158.059	158.255	157.994	158.052	5073	0	21
2026.01.16	18:00:00	158.053	158.086	157.924	158.02	3594	0	21
2026.01.16	18:30:00	158.02	158.09	157.96	158.011	2242	0	21
2026.01.16	19:00:00	158.012	158.114	158.009	158.085	1588	0	21
2026.01.16	19:30:00	158.084	158.149	158.068	158.13	1230	0	21
2026.01.16	20:00:00	158.131	158.231	158.127	158.179	1228	0	21
2026.01.16	20:30:00	158.18	158.197	158.116	158.168	1018	0	21
2026.01.16	21:00:00	158.168	158.2	158.149	158.151	966	0	21
2026.01.16	21:30:00	158.15	158.164	158.09	158.111	798	0	21
2026.01.16	22:00:00	158.11	158.111	158.045	158.048	820	0	21
2026.01.16	22:30:00	158.047	158.083	158.028	158.066	858	0	21
2026.01.16	23:00:00	158.067	158.105	158.052	158.08	546	0	21
2026.01.16	23:30:00	158.081	158.126	158.065	158.085	1085	0	23
2026.01.19	00:00:00	157.883	157.954	157.769	157.856	261	0	37
2026.01.19	00:30:00	157.856	157.884	157.789	157.833	1197	0	39
2026.01.19	01:00:00	157.833	157.834	157.628	157.666	3458	0	21
2026.01.19	01:30:00	157.665	157.706	157.488	157.539	3520	0	21
2026.01.19	02:00:00	157.54	157.867	157.505	157.655	4338	0	21
2026.01.19	02:30:00	157.655	157.673	157.434	157.463	3969	0	21
2026.01.19	03:00:00	157.462	157.609	157.413	157.432	3727	0	21
2026.01.19	03:30:00	157.439	157.687	157.43	157.673	2309	0	21
2026.01.19	04:00:00	157.674	157.856	157.672	157.778	1960	0	21
2026.01.19	04:30:00	157.78	157.917	157.763	157.853	1461	0	21
2026.01.19	05:00:00	157.855	157.935	157.8	157.808	1861	0	21
2026.01.19	05:30:00	157.808	157.915	157.806	157.869	1731	0	21
2026.01.19	06:00:00	157.87	157.906	157.812	157.841	1119	0	21
2026.01.19	06:30:00	157.841	157.868	157.811	157.816	1323	0	21
2026.01.19	07:00:00	157.813	157.82	157.743	157.793	1164	0	21
2026.01.19	07:30:00	157.797	157.938	157.781	157.889	1460	0	21
2026.01.19	08:00:00	157.888	157.926	157.824	157.875	1261	0	21
2026.01.19	08:30:00	157.876	157.911	157.779	157.802	1400	0	21
2026.01.19	09:00:00	157.801	157.912	157.733	157.902	2376	0	21
2026.01.19	09:30:00	157.908	158.111	157.887	158.066	2452	0	21
2026.01.19	10:00:00	158.067	158.139	157.998	158.102	2931	0	21
2026.01.19	10:30:00	158.106	158.117	157.987	158.014	1908	0	21
2026.01.19	11:00:00	158.014	158.145	157.931	158.051	3916	0	21
2026.01.19	11:30:00	158.053	158.154	157.848	157.913	3696	0	21
2026.01.19	12:00:00	157.914	157.981	157.882	157.885	2179	0	21
2026.01.19	12:30:00	157.885	157.906	157.815	157.873	1317	0	21
2026.01.19	13:00:00	157.873	158.019	157.871	158.017	1605	0	21
2026.01.19	13:30:00	158.019	158.095	158.015	158.029	1453	0	21
2026.01.19	14:00:00	158.028	158.05	157.907	157.931	1804	0	21
2026.01.19	14:30:00	157.931	158.014	157.916	158.009	1159	0	21
2026.01.19	15:00:00	158.008	158.018	157.912	157.932	1370	0	21
2026.01.19	15:30:00	157.933	157.935	157.866	157.908	1083	0	21
2026.01.19	16:00:00	157.912	157.937	157.864	157.885	1425	0	21
2026.01.19	16:30:00	157.886	157.936	157.853	157.89	1405	0	21
2026.01.19	17:00:00	157.893	157.98	157.85	157.97	1702	0	21
2026.01.19	17:30:00	157.968	158.068	157.951	158.05	2827	0	21
2026.01.19	18:00:00	158.05	158.126	158.027	158.094	2006	0	21
2026.01.19	18:30:00	158.095	158.125	158.053	158.064	921	0	21
2026.01.19	19:00:00	158.058	158.095	158.051	158.065	780	0	21
2026.01.19	19:30:00	158.066	158.066	157.999	158.021	685	0	21
2026.01.19	20:00:00	158.019	158.021	157.994	158.015	502	0	21
2026.01.19	20:30:00	158.016	158.063	158.016	158.062	359	0	21
2026.01.19	21:00:00	158.063	158.102	158.063	158.079	247	0	21
2026.01.19	21:30:00	158.079	158.084	158.066	158.07	248	0	22
2026.01.19	22:00:00	158.07	158.143	158.068	158.118	349	0	21
2026.01.19	22:30:00	158.118	158.121	158.107	158.114	163	0	21
2026.01.19	23:00:00	158.115	158.129	158.092	158.118	203	0	23
2026.01.19	23:30:00	158.118	158.125	158.056	158.056	209	0	25
2026.01.20	00:00:00	158.059	158.09	157.982	158.033	83	0	71
2026.01.20	00:30:00	158.025	158.09	158.025	158.076	215	0	48
2026.01.20	01:00:00	158.075	158.205	158.073	158.205	486	0	21
2026.01.20	01:30:00	158.204	158.213	158.152	158.153	584	0	21
2026.01.20	02:00:00	158.153	158.27	158.095	158.146	2115	0	21
2026.01.20	02:30:00	158.146	158.249	157.89	157.928	3336	0	21
2026.01.20	03:00:00	157.926	158.126	157.838	158.126	3859	0	21
2026.01.20	03:30:00	158.125	158.181	157.919	157.938	2234	0	21
2026.01.20	04:00:00	157.937	158.067	157.931	157.999	1672	0	21
2026.01.20	04:30:00	158.0	158.05	157.975	158.021	1398	0	21
2026.01.20	05:00:00	158.02	158.021	157.908	157.909	1074	0	21
2026.01.20	05:30:00	157.909	157.991	157.894	157.961	1305	0	21
2026.01.20	06:00:00	157.957	157.984	157.884	157.916	1260	0	21
2026.01.20	06:30:00	157.916	158.092	157.915	158.02	1826	0	21
2026.01.20	07:00:00	158.019	158.061	157.94	158.022	1764	0	21
2026.01.20	07:30:00	158.022	158.113	158.018	158.091	1550	0	21
2026.01.20	08:00:00	158.088	158.437	158.087	158.437	2748	0	21
2026.01.20	08:30:00	158.439	158.456	158.374	158.404	2460	0	21
2026.01.20	09:00:00	158.412	158.59	158.398	158.504	3672	0	21
2026.01.20	09:30:00	158.505	158.509	158.294	158.36	4490	0	21
2026.01.20	10:00:00	158.359	158.384	158.108	158.127	4594	0	21
2026.01.20	10:30:00	158.128	158.132	157.735	157.804	6152	0	21
2026.01.20	11:00:00	157.804	157.805	157.57	157.652	5489	0	21
2026.01.20	11:30:00	157.65	157.761	157.545	157.72	4018	0	21
2026.01.20	12:00:00	157.72	157.915	157.685	157.905	3961	0	21
2026.01.20	12:30:00	157.905	157.929	157.789	157.798	2795	0	21
2026.01.20	13:00:00	157.797	157.903	157.779	157.85	2775	0	21
2026.01.20	13:30:00	157.851	157.879	157.675	157.738	3051	0	21
2026.01.20	14:00:00	157.738	157.79	157.644	157.69	2649	0	21
2026.01.20	14:30:00	157.69	157.883	157.687	157.851	3252	0	21
2026.01.20	15:00:00	157.852	157.919	157.756	157.895	3420	0	21
2026.01.20	15:30:00	157.898	157.959	157.456	157.831	7231	0	21
2026.01.20	16:00:00	157.83	158.026	157.726	157.885	6753	0	21
2026.01.20	16:30:00	157.884	158.069	157.874	158.026	5912	0	21
2026.01.20	17:00:00	158.025	158.098	157.937	158.021	4206	0	21
2026.01.20	17:30:00	158.021	158.046	157.839	157.914	3586	0	21
2026.01.20	18:00:00	157.915	157.95	157.844	157.921	2132	0	21
2026.01.20	18:30:00	157.921	158.064	157.876	157.882	2193	0	21
2026.01.20	19:00:00	157.883	157.977	157.845	157.959	1993	0	21
2026.01.20	19:30:00	157.96	157.975	157.883	157.944	1464	0	21
2026.01.20	20:00:00	157.944	158.027	157.939	158.014	1488	0	21
2026.01.20	20:30:00	158.014	158.046	157.96	158.04	1332	0	21
2026.01.20	21:00:00	158.04	158.139	158.033	158.12	1661	0	21
2026.01.20	21:30:00	158.121	158.288	158.105	158.277	1754	0	21
2026.01.20	22:00:00	158.278	158.279	158.189	158.215	2082	0	21
2026.01.20	22:30:00	158.213	158.232	158.176	158.196	2001	0	21
2026.01.20	23:00:00	158.197	158.22	158.144	158.145	1018	0	23
2026.01.20	23:30:00	158.145	158.176	158.123	158.123	1044	0	23
2026.01.21	00:00:00	158.118	158.118	158.093	158.116	103	0	50
2026.01.21	00:30:00	158.116	158.142	158.099	158.129	199	0	52
2026.01.21	01:00:00	158.129	158.195	158.095	158.164	877	0	21
2026.01.21	01:30:00	158.164	158.192	158.028	158.141	1255	0	21
2026.01.21	02:00:00	158.143	158.268	158.126	158.181	2497	0	21
2026.01.21	02:30:00	158.183	158.255	158.101	158.102	2651	0	21
2026.01.21	03:00:00	158.101	158.162	157.921	157.937	3292	0	21
2026.01.21	03:30:00	157.936	157.971	157.846	157.948	2600	0	21
2026.01.21	04:00:00	157.949	158.066	157.942	157.957	1829	0	21
2026.01.21	04:30:00	157.956	157.96	157.877	157.905	1402	0	21
2026.01.21	05:00:00	157.905	158.123	157.879	158.122	1833	0	21
2026.01.21	05:30:00	158.121	158.14	158.05	158.076	1412	0	21
2026.01.21	06:00:00	158.077	158.082	157.984	158.02	1469	0	21
2026.01.21	06:30:00	158.02	158.119	158.014	158.026	1127	0	21
2026.01.21	07:00:00	158.025	158.192	158.024	158.18	1932	0	21
2026.01.21	07:30:00	158.181	158.228	158.143	158.195	1413	0	21
2026.01.21	08:00:00	158.194	158.246	158.124	158.139	1654	0	21
2026.01.21	08:30:00	158.137	158.159	158.074	158.132	1718	0	21
2026.01.21	09:00:00	158.133	158.155	157.982	158.011	2050	0	21
2026.01.21	09:30:00	158.01	158.042	157.864	157.915	2252	0	21
2026.01.21	10:00:00	157.915	157.977	157.809	157.898	2581	0	21
2026.01.21	10:30:00	157.898	157.94	157.832	157.86	2075	0	21
2026.01.21	11:00:00	157.861	157.944	157.821	157.871	1890	0	21
2026.01.21	11:30:00	157.87	158.027	157.866	157.993	1714	0	21
2026.01.21	12:00:00	157.994	158.073	157.978	158.039	2058	0	21
2026.01.21	12:30:00	158.043	158.075	157.986	158.011	1834	0	21
2026.01.21	13:00:00	158.011	158.065	157.927	157.941	1860	0	21
2026.01.21	13:30:00	157.941	157.974	157.904	157.904	1807	0	21
2026.01.21	14:00:00	157.9	157.929	157.819	157.889	1941	0	21
2026.01.21	14:30:00	157.888	157.889	157.735	157.784	2087	0	21
2026.01.21	15:00:00	157.782	157.93	157.749	157.915	1938	0	21
2026.01.21	15:30:00	157.914	157.919	157.808	157.875	3334	0	21
2026.01.21	16:00:00	157.877	158.086	157.863	158.026	6960	0	21
2026.01.21	16:30:00	158.027	158.138	157.977	158.1	4726	0	21
2026.01.21	17:00:00	158.099	158.299	158.05	158.263	4701	0	21
2026.01.21	17:30:00	158.264	158.281	158.145	158.204	3781	0	21
2026.01.21	18:00:00	158.206	158.248	158.109	158.118	3371	0	21
2026.01.21	18:30:00	158.118	158.202	158.058	158.157	3197	0	21
2026.01.21	19:00:00	158.157	158.194	158.027	158.087	3012	0	21
2026.01.21	19:30:00	158.088	158.203	158.088	158.131	2023	0	21
2026.01.21	20:00:00	158.131	158.196	158.104	158.179	1729	0	21
2026.01.21	20:30:00	158.179	158.233	158.164	158.206	1542	0	21
2026.01.21	21:00:00	158.207	158.406	158.129	158.376	2179	0	21
2026.01.21	21:30:00	158.378	158.521	158.369	158.371	4336	0	21
2026.01.21	22:00:00	158.37	158.488	158.37	158.464	2112	0	21
2026.01.21	22:30:00	158.465	158.465	158.318	158.363	1704	0	21
2026.01.21	23:00:00	158.364	158.411	158.334	158.339	781	0	21
2026.01.21	23:30:00	158.342	158.348	158.247	158.249	1163	0	21
2026.01.22	00:00:00	158.241	158.289	158.191	158.261	71	0	53
2026.01.22	00:30:00	158.267	158.291	158.248	158.285	871	0	49
2026.01.22	01:00:00	158.276	158.338	158.249	158.323	806	0	21
2026.01.22	01:30:00	158.323	158.475	158.322	158.447	1394	0	21
2026.01.22	02:00:00	158.449	158.479	158.226	158.305	1902	0	21
2026.01.22	02:30:00	158.304	158.366	158.168	158.229	3341	0	21
2026.01.22	03:00:00	158.229	158.33	158.226	158.238	1876	0	21
2026.01.22	03:30:00	158.237	158.356	158.206	158.338	1725	0	21
2026.01.22	04:00:00	158.339	158.468	158.329	158.434	1574	0	21
2026.01.22	04:30:00	158.434	158.466	158.369	158.454	1270	0	21
2026.01.22	05:00:00	158.453	158.478	158.415	158.433	953	0	21
2026.01.22	05:30:00	158.433	158.578	158.392	158.546	1956	0	21
2026.01.22	06:00:00	158.548	158.643	158.542	158.622	1796	0	21
2026.01.22	06:30:00	158.621	158.691	158.613	158.635	1341	0	21
2026.01.22	07:00:00	158.64	158.723	158.619	158.658	1389	0	21
2026.01.22	07:30:00	158.657	158.72	158.628	158.703	1501	0	21
2026.01.22	08:00:00	158.705	158.837	158.693	158.798	2258	0	21
2026.01.22	08:30:00	158.798	158.811	158.718	158.769	1425	0	21
2026.01.22	09:00:00	158.769	158.882	158.76	158.828	2127	0	21
2026.01.22	09:30:00	158.829	158.854	158.747	158.769	2482	0	21
2026.01.22	10:00:00	158.769	158.845	158.72	158.734	3134	0	21
2026.01.22	10:30:00	158.735	158.81	158.73	158.759	2341	0	21
2026.01.22	11:00:00	158.757	158.767	158.608	158.661	2622	0	21
2026.01.22	11:30:00	158.661	158.692	158.598	158.684	1874	0	21
2026.01.22	12:00:00	158.685	158.753	158.656	158.728	1643	0	21
2026.01.22	12:30:00	158.729	158.729	158.615	158.622	1604	0	21
2026.01.22	13:00:00	158.621	158.691	158.602	158.656	2153	0	21
2026.01.22	13:30:00	158.655	158.659	158.524	158.583	2669	0	21
2026.01.22	14:00:00	158.583	158.612	158.53	158.605	1676	0	21
2026.01.22	14:30:00	158.605	158.817	158.587	158.81	2750	0	21
2026.01.22	15:00:00	158.811	158.847	158.658	158.682	2358	0	21
2026.01.22	15:30:00	158.69	158.822	158.611	158.688	3771	0	21
2026.01.22	16:00:00	158.689	158.75	158.597	158.611	2486	0	21
2026.01.22	16:30:00	158.611	158.625	158.523	158.597	2753	0	21
2026.01.22	17:00:00	158.595	158.638	158.353	158.36	3326	0	21
2026.01.22	17:30:00	158.36	158.463	158.339	158.383	3007	0	21
2026.01.22	18:00:00	158.383	158.416	158.252	158.314	2725	0	21
2026.01.22	18:30:00	158.317	158.352	158.246	158.35	2313	0	21
2026.01.22	19:00:00	158.351	158.496	158.226	158.294	3345	0	21
2026.01.22	19:30:00	158.294	158.337	158.234	158.297	1894	0	21
2026.01.22	20:00:00	158.298	158.325	158.267	158.32	1489	0	21
2026.01.22	20:30:00	158.32	158.321	158.27	158.298	1167	0	21
2026.01.22	21:00:00	158.299	158.427	158.286	158.415	1451	0	21
2026.01.22	21:30:00	158.414	158.46	158.395	158.397	1613	0	21
2026.01.22	22:00:00	158.395	158.426	158.369	158.386	1002	0	21
2026.01.22	22:30:00	158.385	158.431	158.326	158.429	1230	0	21
2026.01.22	23:00:00	158.428	158.461	158.368	158.375	635	0	21
2026.01.22	23:30:00	158.375	158.419	158.356	158.356	832	0	21
2026.01.23	00:00:00	158.356	158.356	158.32	158.323	82	0	91
2026.01.23	00:30:00	158.323	158.37	158.323	158.355	258	0	53
2026.01.23	01:00:00	158.354	158.41	158.344	158.398	951	0	21
2026.01.23	01:30:00	158.396	158.521	158.374	158.473	2016	0	21
2026.01.23	02:00:00	158.478	158.546	158.426	158.472	1917	0	21
2026.01.23	02:30:00	158.47	158.571	158.446	158.513	2142	0	21
2026.01.23	03:00:00	158.512	158.58	158.47	158.576	2097	0	21
2026.01.23	03:30:00	158.577	158.652	158.539	158.629	1554	0	21
2026.01.23	04:00:00	158.628	158.671	158.573	158.583	1534	0	21
2026.01.23	04:30:00	158.583	158.602	158.492	158.586	1804	0	21
2026.01.23	05:00:00	158.579	158.73	158.489	158.694	1795	0	21
2026.01.23	05:30:00	158.697	158.723	158.527	158.619	1436	0	21
2026.01.23	06:00:00	158.619	158.646	158.575	158.629	1034	0	21
2026.01.23	06:30:00	158.628	158.653	158.526	158.536	996	0	21
2026.01.23	07:00:00	158.535	158.565	158.46	158.534	1118	0	21
2026.01.23	07:30:00	158.534	158.627	158.519	158.614	1248	0	21
2026.01.23	08:00:00	158.614	158.672	158.568	158.654	1561	0	21
2026.01.23	08:30:00	158.656	158.941	158.532	158.859	3691	0	21
2026.01.23	09:00:00	158.864	159.202	158.841	159.156	3330	0	21
2026.01.23	09:30:00	159.158	159.212	157.289	158.377	7052	0	21
2026.01.23	10:00:00	158.378	158.406	158.138	158.317	5591	0	21
2026.01.23	10:30:00	158.313	158.48	158.092	158.123	3982	0	21
2026.01.23	11:00:00	158.124	158.132	157.853	157.954	4548	0	21
2026.01.23	11:30:00	157.952	158.061	157.9	157.994	3552	0	21
2026.01.23	12:00:00	157.992	158.188	157.982	158.124	2980	0	21
2026.01.23	12:30:00	158.126	158.235	158.105	158.182	2053	0	21
2026.01.23	13:00:00	158.184	158.306	158.145	158.282	3067	0	21
2026.01.23	13:30:00	158.283	158.3	158.123	158.125	2436	0	21
2026.01.23	14:00:00	158.125	158.188	158.082	158.182	1501	0	21
2026.01.23	14:30:00	158.182	158.253	158.145	158.145	1534	0	21
2026.01.23	15:00:00	158.146	158.192	158.082	158.093	1756	0	21
2026.01.23	15:30:00	158.092	158.266	158.082	158.256	1726	0	21
2026.01.23	16:00:00	158.255	158.327	158.193	158.252	2008	0	21
2026.01.23	16:30:00	158.25	158.322	158.231	158.241	2880	0	21
2026.01.23	17:00:00	158.242	158.296	158.147	158.26	2563	0	21
2026.01.23	17:30:00	158.259	158.275	158.088	158.102	2657	0	21
2026.01.23	18:00:00	158.103	158.214	157.783	157.783	3545	0	21
2026.01.23	18:30:00	157.781	157.819	157.358	157.553	4340	0	21
2026.01.23	19:00:00	157.553	157.605	156.517	156.602	6135	0	21
2026.01.23	19:30:00	156.595	156.887	156.11	156.351	7765	0	21
2026.01.23	20:00:00	156.351	156.62	156.006	156.023	5690	0	21
2026.01.23	20:30:00	156.023	156.23	156.013	156.154	3295	0	21
2026.01.23	21:00:00	156.154	156.249	155.884	156.129	2632	0	21
2026.01.23	21:30:00	156.129	156.174	155.672	155.879	3616	0	21
2026.01.23	22:00:00	155.88	155.95	155.722	155.791	3101	0	21
2026.01.23	22:30:00	155.797	155.908	155.733	155.803	2414	0	21
2026.01.23	23:00:00	155.807	155.857	155.603	155.689	1271	0	21
2026.01.23	23:30:00	155.688	155.807	155.676	155.719	948	0	21
2026.01.26	00:00:00	154.633	155.177	154.613	155.072	455	0	40
2026.01.26	00:30:00	155.071	155.078	154.172	154.498	1087	0	25
2026.01.26	01:00:00	154.498	155.063	154.481	155.063	2650	0	21
2026.01.26	01:30:00	155.062	155.262	154.866	155.136	4495	0	21
2026.01.26	02:00:00	155.139	155.333	154.926	155.045	5813	0	21
2026.01.26	02:30:00	155.041	155.131	154.652	154.832	4845	0	21
2026.01.26	03:00:00	154.831	154.918	154.596	154.654	4635	0	21
2026.01.26	03:30:00	154.65	154.724	154.291	154.411	5049	0	21
2026.01.26	04:00:00	154.412	154.47	153.93	154.017	5012	0	21
2026.01.26	04:30:00	154.019	154.081	153.875	153.981	4350	0	21
2026.01.26	05:00:00	153.979	154.329	153.937	154.205	3623	0	21
2026.01.26	05:30:00	154.204	154.241	154.114	154.2	2378	0	21
2026.01.26	06:00:00	154.199	154.265	153.797	153.973	3435	0	21
2026.01.26	06:30:00	153.977	154.039	153.878	154.02	2551	0	21
2026.01.26	07:00:00	154.02	154.087	153.912	153.952	2606	0	21
2026.01.26	07:30:00	153.95	154.104	153.932	154.097	2400	0	21
2026.01.26	08:00:00	154.097	154.408	154.08	154.204	3545	0	21
2026.01.26	08:30:00	154.203	154.236	154.018	154.233	2837	0	21
2026.01.26	09:00:00	154.233	154.306	153.963	154.009	3800	0	21
2026.01.26	09:30:00	154.009	154.312	153.898	154.237	4594	0	21
2026.01.26	10:00:00	154.241	154.334	153.856	153.874	5119	0	21
2026.01.26	10:30:00	153.874	153.942	153.387	153.908	6385	0	21
2026.01.26	11:00:00	153.907	154.127	153.579	153.585	5646	0	21
2026.01.26	11:30:00	153.584	153.72	153.52	153.659	5077	0	21
2026.01.26	12:00:00	153.658	153.874	153.59	153.695	3676	0	21
2026.01.26	12:30:00	153.694	153.795	153.516	153.546	3957	0	21
2026.01.26	13:00:00	153.546	153.8	153.293	153.747	4312	0	21
2026.01.26	13:30:00	153.747	153.817	153.654	153.725	3988	0	21
2026.01.26	14:00:00	153.72	153.966	153.72	153.955	3021	0	21
2026.01.26	14:30:00	153.955	154.178	153.887	154.12	3022	0	21
2026.01.26	15:00:00	154.12	154.333	154.11	154.171	2938	0	21
2026.01.26	15:30:00	154.171	154.247	154.033	154.048	3498	0	21
2026.01.26	16:00:00	154.048	154.121	153.844	153.911	2972	0	21
2026.01.26	16:30:00	153.91	153.91	153.684	153.731	3491	0	21
2026.01.26	17:00:00	153.731	153.873	153.66	153.812	3530	0	21
2026.01.26	17:30:00	153.812	153.871	153.606	153.803	3619	0	21
2026.01.26	18:00:00	153.806	154.019	153.705	153.992	4097	0	21
2026.01.26	18:30:00	153.991	154.004	153.787	153.876	2892	0	21
2026.01.26	19:00:00	153.875	154.034	153.853	154.033	2183	0	21
2026.01.26	19:30:00	154.034	154.102	153.949	153.961	2071	0	21
2026.01.26	20:00:00	153.959	154.019	153.886	154.004	2074	0	21
2026.01.26	20:30:00	154.003	154.183	153.981	154.151	2036	0	21
2026.01.26	21:00:00	154.149	154.264	154.145	154.224	2539	0	21
2026.01.26	21:30:00	154.225	154.248	154.016	154.028	2561	0	21
2026.01.26	22:00:00	154.029	154.137	153.847	154.025	2950	0	21
2026.01.26	22:30:00	154.025	154.104	154.0	154.075	1643	0	21
2026.01.26	23:00:00	154.077	154.232	154.051	154.187	1328	0	21
2026.01.26	23:30:00	154.186	154.249	154.129	154.129	1215	0	21
2026.01.27	00:00:00	154.129	154.243	154.044	154.127	124	0	57
2026.01.27	00:30:00	154.129	154.157	154.055	154.104	109	0	74
2026.01.27	01:00:00	154.111	154.228	154.091	154.166	649	0	21
2026.01.27	01:30:00	154.166	154.416	154.161	154.375	1603	0	21
2026.01.27	02:00:00	154.374	154.439	154.111	154.228	2454	0	21
2026.01.27	02:30:00	154.224	154.306	154.114	154.276	2695	0	21
2026.01.27	03:00:00	154.277	154.378	154.231	154.3	2544	0	21
2026.01.27	03:30:00	154.3	154.396	154.252	154.336	2210	0	21
2026.01.27	04:00:00	154.337	154.35	154.188	154.23	2066	0	21
2026.01.27	04:30:00	154.23	154.25	154.074	154.25	1952	0	21
2026.01.27	05:00:00	154.251	154.332	154.227	154.321	1607	0	21
2026.01.27	05:30:00	154.321	154.457	154.275	154.404	2054	0	21
2026.01.27	06:00:00	154.404	154.545	154.402	154.499	2200	0	21
2026.01.27	06:30:00	154.498	154.613	154.452	154.582	1775	0	21
2026.01.27	07:00:00	154.581	154.631	154.507	154.517	1714	0	21
2026.01.27	07:30:00	154.519	154.534	154.421	154.49	1701	0	21
2026.01.27	08:00:00	154.49	154.585	154.455	154.58	1617	0	21
2026.01.27	08:30:00	154.576	154.601	154.359	154.522	1852	0	21
2026.01.27	09:00:00	154.523	154.611	154.459	154.571	2448	0	21
2026.01.27	09:30:00	154.573	154.753	154.53	154.72	3038	0	21
2026.01.27	10:00:00	154.719	154.777	154.632	154.74	2955	0	21
2026.01.27	10:30:00	154.741	154.866	154.69	154.693	2753	0	21
2026.01.27	11:00:00	154.691	154.722	154.578	154.594	2048	0	21
2026.01.27	11:30:00	154.594	154.594	153.165	153.728	4765	0	21
2026.01.27	12:00:00	153.736	154.179	153.724	153.952	6269	0	21
2026.01.27	12:30:00	153.952	153.991	153.547	153.732	4540	0	21
2026.01.27	13:00:00	153.732	153.753	153.561	153.591	3620	0	21
2026.01.27	13:30:00	153.589	153.754	153.555	153.717	3242	0	21
2026.01.27	14:00:00	153.718	153.783	153.259	153.432	4933	0	21
2026.01.27	14:30:00	153.435	153.52	153.244	153.293	4707	0	21
2026.01.27	15:00:00	153.289	153.372	153.166	153.326	5395	0	21
2026.01.27	15:30:00	153.326	153.412	152.984	153.238	6350	0	21
2026.01.27	16:00:00	153.233	153.334	153.14	153.142	4554	0	21
2026.01.27	16:30:00	153.141	153.364	152.916	153.212	6742	0	21
2026.01.27	17:00:00	153.207	153.207	152.865	152.988	5501	0	21
2026.01.27	17:30:00	152.989	153.329	152.989	153.23	4706	0	21
2026.01.27	18:00:00	153.231	153.256	152.969	153.046	3784	0	21
2026.01.27	18:30:00	153.048	153.117	152.935	153.029	3411	0	21
2026.01.27	19:00:00	153.029	153.137	153.014	153.07	2565	0	21
2026.01.27	19:30:00	153.069	153.073	152.594	152.755	3414	0	21
2026.01.27	20:00:00	152.754	152.87	152.56	152.758	3292	0	21
2026.01.27	20:30:00	152.757	152.792	152.644	152.751	1865	0	21
2026.01.27	21:00:00	152.75	152.82	152.731	152.788	1602	0	21
2026.01.27	21:30:00	152.787	152.824	152.694	152.702	1992	0	21
2026.01.27	22:00:00	152.702	152.74	152.492	152.522	2125	0	21
2026.01.27	22:30:00	152.521	152.829	152.08	152.37	6512	0	21
2026.01.27	23:00:00	152.37	152.466	152.164	152.251	3374	0	21
2026.01.27	23:30:00	152.252	152.436	152.099	152.111	2242	0	21
2026.01.28	00:00:00	152.111	152.239	152.087	152.189	158	0	53
2026.01.28	00:30:00	152.189	152.328	152.187	152.269	705	0	44
2026.01.28	01:00:00	152.269	152.58	152.236	152.576	1985	0	21
2026.01.28	01:30:00	152.575	152.61	152.373	152.482	2311	0	21
2026.01.28	02:00:00	152.482	152.7	152.427	152.645	3577	0	21
2026.01.28	02:30:00	152.643	152.672	152.429	152.624	4581	0	21
2026.01.28	03:00:00	152.625	152.895	152.587	152.887	3855	0	21
2026.01.28	03:30:00	152.886	152.983	152.828	152.977	2986	0	21
2026.01.28	04:00:00	152.978	153.056	152.872	152.886	2967	0	21
2026.01.28	04:30:00	152.886	152.922	152.801	152.829	1836	0	21
2026.01.28	05:00:00	152.827	152.827	152.637	152.682	1723	0	21
2026.01.28	05:30:00	152.681	152.804	152.638	152.71	1922	0	21
2026.01.28	06:00:00	152.709	152.826	152.65	152.759	1661	0	21
2026.01.28	06:30:00	152.761	152.79	152.515	152.549	1717	0	21
2026.01.28	07:00:00	152.547	152.676	152.502	152.524	2971	0	21
2026.01.28	07:30:00	152.525	152.722	152.463	152.617	2213	0	21
2026.01.28	08:00:00	152.624	152.714	152.546	152.617	2701	0	21
2026.01.28	08:30:00	152.616	152.716	152.559	152.64	2933	0	21
2026.01.28	09:00:00	152.639	152.639	152.265	152.485	4248	0	21
2026.01.28	09:30:00	152.486	152.721	152.47	152.636	3593	0	21
2026.01.28	10:00:00	152.631	152.731	152.398	152.447	4506	0	21
2026.01.28	10:30:00	152.447	152.794	152.427	152.626	4687	0	21
2026.01.28	11:00:00	152.625	152.754	152.584	152.632	3743	0	21
2026.01.28	11:30:00	152.631	152.722	152.553	152.703	3057	0	21
2026.01.28	12:00:00	152.703	152.715	152.616	152.671	2978	0	21
2026.01.28	12:30:00	152.67	152.694	152.334	152.558	3435	0	21
2026.01.28	13:00:00	152.559	152.712	152.549	152.629	2620	0	20
2026.01.28	13:30:00	152.63	152.691	152.538	152.596	2381	0	20
2026.01.28	14:00:00	152.596	152.622	152.413	152.461	2937	0	20
2026.01.28	14:30:00	152.46	152.631	152.382	152.559	3044	0	20
2026.01.28	15:00:00	152.555	152.714	152.535	152.685	2971	0	20
2026.01.28	15:30:00	152.684	152.905	152.62	152.838	2811	0	20
2026.01.28	16:00:00	152.837	152.986	152.7	152.733	3962	0	20
2026.01.28	16:30:00	152.731	152.843	152.641	152.818	4045	0	20
2026.01.28	17:00:00	152.819	153.721	152.759	153.469	8770	0	20
2026.01.28	17:30:00	153.46	153.566	153.221	153.456	7065	0	20
2026.01.28	18:00:00	153.454	153.752	153.404	153.741	5095	0	20
2026.01.28	18:30:00	153.74	153.776	153.565	153.592	4099	0	20
2026.01.28	19:00:00	153.593	153.748	153.548	153.63	3240	0	20
2026.01.28	19:30:00	153.629	153.657	153.515	153.518	2890	0	20
2026.01.28	20:00:00	153.519	153.678	153.515	153.64	2173	0	20
2026.01.28	20:30:00	153.639	153.938	153.638	153.831	3360	0	20
2026.01.28	21:00:00	153.831	154.035	153.702	153.941	5975	0	20
2026.01.28	21:30:00	153.942	153.95	153.451	153.482	5989	0	20
2026.01.28	22:00:00	153.481	153.563	153.339	153.4	3803	0	20
2026.01.28	22:30:00	153.401	153.436	153.294	153.372	3160	0	20
2026.01.28	23:00:00	153.372	153.455	153.288	153.443	1660	0	20
2026.01.28	23:30:00	153.444	153.449	153.36	153.389	1358	0	20
2026.01.29	00:00:00	153.388	153.388	153.31	153.341	100	0	44
2026.01.29	00:30:00	153.341	153.405	153.333	153.4	574	0	38
2026.01.29	01:00:00	153.4	153.41	153.106	153.198	1386	0	20
2026.01.29	01:30:00	153.199	153.259	153.021	153.071	3379	0	20
2026.01.29	02:00:00	153.072	153.204	152.896	152.916	4516	0	20
2026.01.29	02:30:00	152.917	153.1	152.755	153.082	4776	0	20
2026.01.29	03:00:00	153.083	153.345	153.062	153.266	4145	0	20
2026.01.29	03:30:00	153.262	153.262	153.125	153.249	3613	0	20
2026.01.29	04:00:00	153.254	153.381	153.031	153.035	3084	0	20
2026.01.29	04:30:00	153.033	153.127	153.021	153.103	2659	0	20
2026.01.29	05:00:00	153.104	153.171	152.969	153.028	2186	0	20
2026.01.29	05:30:00	153.028	153.085	152.893	152.915	1766	0	20
2026.01.29	06:00:00	152.912	153.218	152.89	153.039	2354	0	20
2026.01.29	06:30:00	153.038	153.097	152.947	152.966	1937	0	20
2026.01.29	07:00:00	152.966	153.081	152.896	153.028	1954	0	20
2026.01.29	07:30:00	153.029	153.07	152.978	153.008	1795	0	20
2026.01.29	08:00:00	153.008	153.145	152.909	152.95	2720	0	20
2026.01.29	08:30:00	152.95	153.092	152.942	153.043	1977	0	20
2026.01.29	09:00:00	153.044	153.282	152.978	153.28	2706	0	20
2026.01.29	09:30:00	153.281	153.41	153.27	153.299	3157	0	20
2026.01.29	10:00:00	153.301	153.317	153.149	153.246	3736	0	20
2026.01.29	10:30:00	153.247	153.448	153.241	153.311	3957	0	20
2026.01.29	11:00:00	153.312	153.364	153.22	153.34	2945	0	20
2026.01.29	11:30:00	153.339	153.373	153.129	153.305	3130	0	20
2026.01.29	12:00:00	153.304	153.347	153.269	153.314	2912	0	20
2026.01.29	12:30:00	153.315	153.441	153.286	153.427	2930	0	20
2026.01.29	13:00:00	153.426	153.526	153.393	153.475	2853	0	20
2026.01.29	13:30:00	153.476	153.51	153.366	153.453	2750	0	20
2026.01.29	14:00:00	153.452	153.466	153.354	153.359	1870	0	20
2026.01.29	14:30:00	153.359	153.411	153.215	153.215	2666	0	20
2026.01.29	15:00:00	153.214	153.326	153.211	153.227	2771	0	20
2026.01.29	15:30:00	153.228	153.396	153.167	153.323	4487	0	20
2026.01.29	16:00:00	153.322	153.383	153.15	153.224	3449	0	20
2026.01.29	16:30:00	153.224	153.266	152.997	153.062	5447	0	20
2026.01.29	17:00:00	153.06	153.503	153.033	153.437	9066	0	20
2026.01.29	17:30:00	153.437	153.472	152.67	152.798	9542	0	20
2026.01.29	18:00:00	152.799	153.035	152.708	152.926	6229	0	20
2026.01.29	18:30:00	152.93	152.971	152.791	152.873	5232	0	22
2026.01.29	19:00:00	152.873	152.949	152.79	152.91	5388	0	22
2026.01.29	19:30:00	152.91	152.957	152.83	152.89	4978	0	22
2026.01.29	20:00:00	152.891	153.132	152.889	153.096	5014	0	22
2026.01.29	20:30:00	153.096	153.096	152.969	153.003	3462	0	22
2026.01.29	21:00:00	153.002	153.159	152.998	153.064	2506	0	20
2026.01.29	21:30:00	153.064	153.122	153.043	153.065	2216	0	20
2026.01.29	22:00:00	153.065	153.202	153.061	153.087	2091	0	20
2026.01.29	22:30:00	153.086	153.118	153.008	153.104	2101	0	20
2026.01.29	23:00:00	153.106	153.163	153.102	153.136	1140	0	20
2026.01.29	23:30:00	153.136	153.163	153.046	153.062	1969	0	20
2026.01.30	00:00:00	153.058	153.1	152.946	153.097	94	0	77
2026.01.30	00:30:00	153.097	153.097	152.929	152.966	1462	0	46
2026.01.30	01:00:00	152.966	153.023	152.854	152.893	1371	0	20
2026.01.30	01:30:00	152.892	153.177	152.872	153.128	1945	0	20
2026.01.30	02:00:00	153.129	153.426	153.069	153.397	3707	0	20
2026.01.30	02:30:00	153.397	153.639	153.361	153.491	5131	0	20
2026.01.30	03:00:00	153.49	153.769	153.49	153.604	5591	0	20
2026.01.30	03:30:00	153.605	153.782	153.449	153.746	4710	0	20
2026.01.30	04:00:00	153.746	153.941	153.642	153.75	6970	0	20
2026.01.30	04:30:00	153.75	153.968	153.693	153.796	4679	0	20
2026.01.30	05:00:00	153.794	153.887	153.757	153.813	3243	0	20
2026.01.30	05:30:00	153.814	153.96	153.769	153.944	3110	0	20
2026.01.30	06:00:00	153.945	153.96	153.842	153.901	2721	0	20
2026.01.30	06:30:00	153.905	153.932	153.831	153.914	1720	0	20
2026.01.30	07:00:00	153.914	153.978	153.761	153.908	2498	0	20
2026.01.30	07:30:00	153.909	154.129	153.887	153.909	3443	0	20
2026.01.30	08:00:00	153.908	153.913	153.743	153.87	3083	0	20
2026.01.30	08:30:00	153.883	153.976	153.816	153.895	3405	0	20
2026.01.30	09:00:00	153.895	154.046	153.801	153.872	4758	0	20
2026.01.30	09:30:00	153.87	153.958	153.704	153.795	4706	0	20
2026.01.30	10:00:00	153.796	153.879	153.699	153.847	4709	0	20
2026.01.30	10:30:00	153.846	153.946	153.742	153.931	4666	0	20
2026.01.30	11:00:00	153.933	154.189	153.921	154.185	4818	0	20
2026.01.30	11:30:00	154.185	154.276	154.014	154.268	5381	0	20
2026.01.30	12:00:00	154.269	154.376	154.075	154.121	5115	0	20
2026.01.30	12:30:00	154.12	154.235	154.111	154.153	3580	0	20
2026.01.30	13:00:00	154.154	154.162	153.959	154.007	3491	0	20
2026.01.30	13:30:00	154.008	154.052	153.845	153.849	4030	0	20
2026.01.30	14:00:00	153.85	153.909	153.785	153.851	4133	0	20
2026.01.30	14:30:00	153.85	154.063	153.825	154.024	3653	0	20
2026.01.30	15:00:00	154.025	154.09	153.968	154.045	4459	0	20
2026.01.30	15:30:00	154.044	154.361	154.044	154.354	5878	0	20
2026.01.30	16:00:00	154.353	154.414	154.234	154.406	5338	0	20
2026.01.30	16:30:00	154.405	154.511	154.308	154.454	4957	0	20
2026.01.30	17:00:00	154.456	154.705	154.443	154.596	6762	0	20
2026.01.30	17:30:00	154.597	154.751	154.209	154.212	7549	0	20
2026.01.30	18:00:00	154.212	154.321	154.154	154.319	5506	0	20
2026.01.30	18:30:00	154.319	154.383	154.295	154.324	4221	0	20
2026.01.30	19:00:00	154.323	154.519	154.305	154.415	4854	0	20
2026.01.30	19:30:00	154.415	154.52	154.395	154.433	5163	0	20
2026.01.30	20:00:00	154.434	154.61	154.416	154.583	5200	0	20
2026.01.30	20:30:00	154.583	154.63	154.278	154.388	5938	0	20
2026.01.30	21:00:00	154.389	154.556	154.354	154.548	4415	0	20
2026.01.30	21:30:00	154.547	154.677	154.459	154.523	4338	0	20
2026.01.30	22:00:00	154.522	154.693	154.519	154.652	3268	0	20
2026.01.30	22:30:00	154.652	154.765	154.591	154.75	3169	0	20
2026.01.30	23:00:00	154.751	154.783	154.703	154.76	1702	0	20
2026.01.30	23:30:00	154.76	154.781	154.698	154.755	1647	0	22
