<DATE>	<TIME>	<OPEN>	<HIGH>	<LOW>	<CLOSE>	<TICKVOL>	<VOL>	<SPREAD>
2025.10.01	00:00:00	147.747	147.756	147.728	147.736	34	0	221
2025.10.01	00:10:00	147.752	147.762	147.744	147.754	49	0	187
2025.10.01	00:20:00	147.756	147.773	147.753	147.761	31	0	178
2025.10.01	00:30:00	147.771	147.837	147.763	147.836	138	0	88
2025.10.01	00:40:00	147.836	147.837	147.819	147.832	34	0	75
2025.10.01	00:50:00	147.832	147.838	147.828	147.828	53	0	73
2025.10.01	01:00:00	147.831	147.885	147.806	147.848	195	0	28
2025.10.01	01:10:00	147.851	147.876	147.841	147.868	233	0	25
2025.10.01	01:20:00	147.869	147.895	147.861	147.895	283	0	27
2025.10.01	01:30:00	147.897	147.913	147.886	147.894	251	0	24
2025.10.01	01:40:00	147.894	147.912	147.891	147.909	106	0	22
2025.10.01	01:50:00	147.908	147.911	147.884	147.897	245	0	22
2025.10.01	02:00:00	147.895	147.923	147.804	147.806	436	0	20
2025.10.01	02:10:00	147.805	147.856	147.802	147.847	222	0	20
2025.10.01	02:20:00	147.847	147.892	147.844	147.891	268	0	20
2025.10.01	02:30:00	147.891	147.914	147.872	147.888	189	0	20
2025.10.01	02:40:00	147.888	147.941	147.888	147.925	373	0	20
2025.10.01	02:50:00	147.924	148.019	147.913	148.016	441	0	20
2025.10.01	03:00:00	148.016	148.143	148.016	148.098	1087	0	20
2025.10.01	03:10:00	148.097	148.098	148.041	148.05	829	0	20
2025.10.01	03:20:00	148.049	148.059	148.016	148.054	714	0	20
2025.10.01	03:30:00	148.054	148.156	148.054	148.152	800	0	20
2025.10.01	03:40:00	148.153	148.215	148.121	148.133	754	0	20
2025.10.01	03:50:00	148.131	148.157	148.085	148.098	869	0	20
2025.10.01	04:00:00	148.096	148.157	148.075	148.129	591	0	20
2025.10.01	04:10:00	148.128	148.13	148.043	148.043	692	0	20
2025.10.01	04:20:00	148.043	148.06	147.992	148.023	868	0	20
2025.10.01	04:30:00	148.023	148.034	147.953	147.966	788	0	20
2025.10.01	04:40:00	147.967	147.992	147.942	147.968	940	0	20
2025.10.01	04:50:00	147.967	147.991	147.93	147.943	872	0	20
2025.10.01	05:00:00	147.942	147.965	147.894	147.918	650	0	20
2025.10.01	05:10:00	147.918	147.952	147.875	147.889	517	0	20
2025.10.01	05:20:00	147.89	147.946	147.877	147.944	426	0	20
2025.10.01	05:30:00	147.944	148.0	147.939	147.968	525	0	20
2025.10.01	05:40:00	147.968	147.998	147.959	147.989	382	0	20
2025.10.01	05:50:00	147.987	147.99	147.899	147.903	416	0	20
2025.10.01	06:00:00	147.904	147.917	147.858	147.878	426	0	20
2025.10.01	06:10:00	147.879	147.906	147.878	147.892	372	0	20
2025.10.01	06:20:00	147.893	147.951	147.892	147.934	250	0	21
2025.10.01	06:30:00	147.934	147.989	147.934	147.979	308	0	21
2025.10.01	06:40:00	147.979	147.98	147.919	147.922	380	0	20
2025.10.01	06:50:00	147.923	147.954	147.891	147.916	337	0	21
2025.10.01	07:00:00	147.912	147.947	147.906	147.93	483	0	20
2025.10.01	07:10:00	147.928	147.945	147.874	147.881	418	0	20
2025.10.01	07:20:00	147.881	147.9	147.847	147.868	480	0	20
2025.10.01	07:30:00	147.868	147.868	147.755	147.796	633	0	20
2025.10.01	07:40:00	147.796	147.797	147.699	147.723	506	0	20
2025.10.01	07:50:00	147.723	147.725	147.542	147.543	695	0	20
2025.10.01	08:00:00	147.543	147.582	147.45	147.547	1263	0	20
2025.10.01	08:10:00	147.547	147.633	147.499	147.509	886	0	20
2025.10.01	08:20:00	147.51	147.544	147.46	147.485	751	0	20
2025.10.01	08:30:00	147.486	147.536	147.473	147.521	506	0	20
2025.10.01	08:40:00	147.524	147.548	147.503	147.543	528	0	20
2025.10.01	08:50:00	147.542	147.568	147.489	147.516	651	0	20
2025.10.01	09:00:00	147.517	147.517	147.353	147.37	1233	0	20
2025.10.01	09:10:00	147.37	147.404	147.321	147.38	969	0	20
2025.10.01	09:20:00	147.38	147.413	147.317	147.331	848	0	20
2025.10.01	09:30:00	147.331	147.354	147.257	147.277	740	0	20
2025.10.01	09:40:00	147.279	147.283	147.157	147.158	1333	0	20
2025.10.01	09:50:00	147.157	147.263	147.157	147.219	1196	0	20
2025.10.01	10:00:00	147.22	147.22	147.095	147.114	1272	0	20
2025.10.01	10:10:00	147.114	147.114	147.01	147.036	1181	0	20
2025.10.01	10:20:00	147.035	147.203	147.024	147.178	915	0	20
2025.10.01	10:30:00	147.178	147.311	147.128	147.128	1167	0	20
2025.10.01	10:40:00	147.136	147.248	147.097	147.104	1373	0	20
2025.10.01	10:50:00	147.104	147.186	147.088	147.114	1140	0	20
2025.10.01	11:00:00	147.113	147.115	147.042	147.08	1236	0	20
2025.10.01	11:10:00	147.08	147.089	146.991	146.998	1094	0	20
2025.10.01	11:20:00	147.007	147.042	146.983	147.031	815	0	20
2025.10.01	11:30:00	147.032	147.056	146.891	146.925	812	0	20
2025.10.01	11:40:00	146.926	147.1	146.918	147.051	779	0	20
2025.10.01	11:50:00	147.051	147.142	147.028	147.14	1048	0	20
2025.10.01	12:00:00	147.139	147.15	147.086	147.096	605	0	20
2025.10.01	12:10:00	147.095	147.153	147.071	147.15	836	0	20
2025.10.01	12:20:00	147.149	147.166	147.107	147.128	755	0	20
2025.10.01	12:30:00	147.129	147.161	147.059	147.072	840	0	20
2025.10.01	12:40:00	147.075	147.138	147.07	147.097	915	0	20
2025.10.01	12:50:00	147.096	147.215	147.096	147.198	826	0	20
2025.10.01	13:00:00	147.199	147.234	147.186	147.22	798	0	20
2025.10.01	13:10:00	147.219	147.22	147.112	147.158	1013	0	20
2025.10.01	13:20:00	147.159	147.232	147.155	147.221	686	0	20
2025.10.01	13:30:00	147.222	147.255	147.113	147.121	922	0	20
2025.10.01	13:40:00	147.123	147.127	147.05	147.065	801	0	20
2025.10.01	13:50:00	147.066	147.13	147.061	147.066	715	0	20
2025.10.01	14:00:00	147.066	147.082	147.039	147.053	647	0	20
2025.10.01	14:10:00	147.053	147.099	147.017	147.049	661	0	20
2025.10.01	14:20:00	147.05	147.078	147.012	147.035	591	0	20
2025.10.01	14:30:00	147.034	147.093	147.027	147.037	739	0	20
2025.10.01	14:40:00	147.038	147.048	146.996	147.018	541	0	20
2025.10.01	14:50:00	147.023	147.043	146.984	146.993	735	0	20
2025.10.01	15:00:00	146.991	147.102	146.968	147.098	1084	0	20
2025.10.01	15:10:00	147.097	147.108	146.578	146.672	2227	0	20
2025.10.01	15:20:00	146.664	146.913	146.631	146.89	2709	0	20
2025.10.01	15:30:00	146.89	146.895	146.695	146.836	2429	0	20
2025.10.01	15:40:00	146.841	146.904	146.727	146.817	2212	0	20
2025.10.01	15:50:00	146.815	146.899	146.779	146.788	2094	0	20
2025.10.01	16:00:00	146.785	146.817	146.696	146.721	1593	0	20
2025.10.01	16:10:00	146.72	146.863	146.708	146.794	1441	0	20
2025.10.01	16:20:00	146.792	146.818	146.688	146.698	1408	0	20
2025.10.01	16:30:00	146.7	146.754	146.617	146.719	1813	0	20
2025.10.01	16:40:00	146.718	146.718	146.61	146.611	1456	0	20
2025.10.01	16:50:00	146.611	146.735	146.611	146.697	1199	0	20
2025.10.01	17:00:00	146.688	146.904	146.678	146.898	2077	0	20
2025.10.01	17:10:00	146.899	147.037	146.899	146.963	1785	0	20
2025.10.01	17:20:00	146.969	147.025	146.878	146.888	1497	0	20
2025.10.01	17:30:00	146.888	146.902	146.757	146.78	1115	0	20
2025.10.01	17:40:00	146.778	147.026	146.704	146.835	2261	0	20
2025.10.01	17:50:00	146.836	146.926	146.795	146.85	2802	0	20
2025.10.01	18:00:00	146.857	147.008	146.832	146.978	1686	0	20
2025.10.01	18:10:00	146.978	147.202	146.952	147.155	1624	0	20
2025.10.01	18:20:00	147.157	147.196	147.099	147.166	1704	0	20
2025.10.01	18:30:00	147.165	147.178	147.111	147.156	1364	0	20
2025.10.01	18:40:00	147.155	147.155	147.072	147.092	1030	0	20
2025.10.01	18:50:00	147.091	147.145	147.075	147.139	883	0	20
2025.10.01	19:00:00	147.142	147.213	147.082	147.11	1215	0	20
2025.10.01	19:10:00	147.11	147.209	147.108	147.184	747	0	20
2025.10.01	19:20:00	147.185	147.21	147.142	147.159	748	0	20
2025.10.01	19:30:00	147.158	147.232	147.153	147.224	650	0	20
2025.10.01	19:40:00	147.224	147.243	147.14	147.158	714	0	20
2025.10.01	19:50:00	147.158	147.202	147.139	147.15	497	0	20
2025.10.01	20:00:00	147.15	147.182	147.124	147.134	560	0	20
2025.10.01	20:10:00	147.137	147.151	147.117	147.124	366	0	20
2025.10.01	20:20:00	147.123	147.143	147.102	147.143	403	0	20
2025.10.01	20:30:00	147.143	147.156	147.113	147.136	323	0	20
2025.10.01	20:40:00	147.134	147.144	147.12	147.131	375	0	20
2025.10.01	20:50:00	147.132	147.168	147.109	147.157	474	0	20
2025.10.01	21:00:00	147.156	147.219	147.152	147.162	921	0	20
2025.10.01	21:10:00	147.162	147.176	147.065	147.069	936	0	20
2025.10.01	21:20:00	147.075	147.091	147.029	147.031	614	0	20
2025.10.01	21:30:00	147.031	147.038	147.011	147.028	553	0	20
2025.10.01	21:40:00	147.029	147.077	147.028	147.059	595	0	20
2025.10.01	21:50:00	147.058	147.081	147.046	147.079	641	0	20
2025.10.01	22:00:00	147.08	147.084	147.044	147.072	418	0	20
2025.10.01	22:10:00	147.071	147.089	147.062	147.078	475	0	20
2025.10.01	22:20:00	147.077	147.149	147.072	147.124	459	0	20
2025.10.01	22:30:00	147.125	147.137	147.093	147.122	503	0	20
2025.10.01	22:40:00	147.122	147.129	147.079	147.086	607	0	20
2025.10.01	22:50:00	147.086	147.106	147.068	147.086	691	0	20
2025.10.01	23:00:00	147.086	147.136	147.065	147.115	439	0	20
2025.10.01	23:10:00	147.115	147.132	147.114	147.117	400	0	20
2025.10.01	23:20:00	147.117	147.155	147.102	147.144	276	0	20
2025.10.01	23:30:00	147.146	147.154	147.11	147.11	223	0	22
2025.10.01	23:40:00	147.109	147.115	147.066	147.091	240	0	22
2025.10.01	23:50:00	147.091	147.114	147.053	147.061	822	0	23
2025.10.02	00:00:00	147.02	147.028	147.02	147.028	9	0	93
2025.10.02	00:10:00	147.022	147.03	147.022	147.03	11	0	85
2025.10.02	00:20:00	147.03	147.035	147.029	147.031	20	0	69
2025.10.02	00:30:00	147.031	147.031	147.02	147.023	15	0	70
2025.10.02	00:40:00	147.024	147.027	147.018	147.027	33	0	56
2025.10.02	00:50:00	147.027	147.027	147.02	147.02	60	0	51
2025.10.02	01:00:00	147.023	147.042	147.003	147.027	162	0	21
2025.10.02	01:10:00	147.025	147.056	147.023	147.035	180	0	24
2025.10.02	01:20:00	147.035	147.036	147.018	147.023	181	0	21
2025.10.02	01:30:00	147.025	147.035	147.009	147.024	167	0	24
2025.10.02	01:40:00	147.014	147.017	146.989	147.0	194	0	22
2025.10.02	01:50:00	147.0	147.006	146.988	146.998	197	0	22
2025.10.02	02:00:00	146.997	147.0	146.988	146.993	158	0	20
2025.10.02	02:10:00	146.994	147.05	146.992	147.037	183	0	21
2025.10.02	02:20:00	147.038	147.058	147.034	147.047	178	0	20
2025.10.02	02:30:00	147.046	147.06	147.024	147.058	157	0	21
2025.10.02	02:40:00	147.057	147.079	147.041	147.049	325	0	20
2025.10.02	02:50:00	147.05	147.103	147.031	147.099	438	0	20
2025.10.02	03:00:00	147.099	147.236	147.097	147.234	851	0	20
2025.10.02	03:10:00	147.233	147.309	147.191	147.201	891	0	20
2025.10.02	03:20:00	147.203	147.268	147.197	147.258	778	0	20
2025.10.02	03:30:00	147.255	147.313	147.226	147.303	736	0	20
2025.10.02	03:40:00	147.304	147.31	147.197	147.216	655	0	20
2025.10.02	03:50:00	147.216	147.263	147.112	147.182	1121	0	20
2025.10.02	04:00:00	147.181	147.216	147.108	147.123	836	0	20
2025.10.02	04:10:00	147.123	147.133	147.085	147.102	576	0	20
2025.10.02	04:20:00	147.102	147.132	147.037	147.112	767	0	20
2025.10.02	04:30:00	147.112	147.113	146.96	146.963	679	0	20
2025.10.02	04:40:00	146.962	147.066	146.946	147.056	626	0	20
2025.10.02	04:50:00	147.057	147.06	146.963	146.975	605	0	20
2025.10.02	05:00:00	146.974	147.028	146.931	146.992	643	0	20
2025.10.02	05:10:00	146.991	147.016	146.957	147.001	337	0	20
2025.10.02	05:20:00	147.001	147.048	147.0	147.04	290	0	20
2025.10.02	05:30:00	147.039	147.137	147.031	147.124	346	0	20
2025.10.02	05:40:00	147.125	147.176	147.109	147.157	233	0	20
2025.10.02	05:50:00	147.156	147.159	147.119	147.154	212	0	20
2025.10.02	06:00:00	147.155	147.185	147.142	147.178	278	0	20
2025.10.02	06:10:00	147.178	147.178	147.125	147.145	179	0	20
2025.10.02	06:20:00	147.145	147.145	147.092	147.123	292	0	20
2025.10.02	06:30:00	147.123	147.156	147.094	147.094	332	0	20
2025.10.02	06:40:00	147.095	147.131	147.075	147.077	297	0	20
2025.10.02	06:50:00	147.078	147.078	147.04	147.074	333	0	20
2025.10.02	07:00:00	147.075	147.131	147.063	147.098	380	0	20
2025.10.02	07:10:00	147.099	147.157	147.098	147.133	329	0	20
2025.10.02	07:20:00	147.133	147.169	147.124	147.164	346	0	20
2025.10.02	07:30:00	147.165	147.188	147.127	147.139	352	0	20
2025.10.02	07:40:00	147.14	147.176	147.14	147.153	320	0	20
2025.10.02	07:50:00	147.153	147.19	147.137	147.165	430	0	21
2025.10.02	08:00:00	147.165	147.257	147.107	147.193	797	0	20
2025.10.02	08:10:00	147.194	147.22	147.16	147.173	715	0	20
2025.10.02	08:20:00	147.172	147.211	147.143	147.174	492	0	20
2025.10.02	08:30:00	147.174	147.209	147.161	147.203	323	0	20
2025.10.02	08:40:00	147.203	147.205	147.152	147.152	291	0	21
2025.10.02	08:50:00	147.154	147.187	147.119	147.152	466	0	20
2025.10.02	09:00:00	147.149	147.153	147.081	147.081	918	0	20
2025.10.02	09:10:00	147.083	147.115	147.064	147.112	666	0	20
2025.10.02	09:20:00	147.112	147.157	147.108	147.153	409	0	20
2025.10.02	09:30:00	147.154	147.191	146.882	147.08	1650	0	20
2025.10.02	09:40:00	147.08	147.368	147.08	147.265	1447	0	20
2025.10.02	09:50:00	147.265	147.266	147.13	147.144	1011	0	20
2025.10.02	10:00:00	147.144	147.185	147.043	147.092	1128	0	20
2025.10.02	10:10:00	147.098	147.164	147.066	147.101	1190	0	20
2025.10.02	10:20:00	147.1	147.201	147.078	147.193	785	0	20
2025.10.02	10:30:00	147.194	147.205	147.096	147.121	1033	0	20
2025.10.02	10:40:00	147.122	147.127	147.001	147.012	990	0	20
2025.10.02	10:50:00	147.012	147.083	147.009	147.071	1102	0	20
2025.10.02	11:00:00	147.071	147.072	146.967	146.989	1315	0	20
2025.10.02	11:10:00	146.989	147.016	146.91	146.947	845	0	20
2025.10.02	11:20:00	146.948	146.984	146.896	146.924	631	0	20
2025.10.02	11:30:00	146.924	146.95	146.88	146.902	928	0	20
2025.10.02	11:40:00	146.904	146.957	146.75	146.761	902	0	20
2025.10.02	11:50:00	146.762	146.815	146.714	146.786	780	0	20
2025.10.02	12:00:00	146.788	146.798	146.686	146.738	1112	0	20
2025.10.02	12:10:00	146.739	146.739	146.68	146.701	756	0	20
2025.10.02	12:20:00	146.7	146.743	146.642	146.66	735	0	20
2025.10.02	12:30:00	146.659	146.672	146.601	146.632	809	0	20
2025.10.02	12:40:00	146.633	146.648	146.591	146.626	904	0	20
2025.10.02	12:50:00	146.631	146.656	146.588	146.611	901	0	20
2025.10.02	13:00:00	146.61	146.706	146.609	146.636	1149	0	20
2025.10.02	13:10:00	146.636	146.707	146.635	146.695	621	0	20
2025.10.02	13:20:00	146.697	146.701	146.648	146.667	495	0	21
2025.10.02	13:30:00	146.668	146.719	146.643	146.713	429	0	20
2025.10.02	13:40:00	146.713	146.757	146.684	146.69	490	0	20
2025.10.02	13:50:00	146.689	146.707	146.611	146.632	502	0	20
2025.10.02	14:00:00	146.632	146.682	146.615	146.678	551	0	20
2025.10.02	14:10:00	146.678	146.703	146.637	146.668	570	0	20
2025.10.02	14:20:00	146.668	146.686	146.636	146.668	416	0	20
2025.10.02	14:30:00	146.669	146.724	146.666	146.723	594	0	20
2025.10.02	14:40:00	146.722	146.821	146.72	146.808	618	0	20
2025.10.02	14:50:00	146.807	146.849	146.766	146.786	828	0	20
2025.10.02	15:00:00	146.785	146.809	146.735	146.782	774	0	20
2025.10.02	15:10:00	146.779	146.861	146.778	146.853	972	0	20
2025.10.02	15:20:00	146.852	146.946	146.836	146.931	860	0	20
2025.10.02	15:30:00	146.934	146.997	146.929	146.977	812	0	20
2025.10.02	15:40:00	146.976	147.153	146.976	147.149	1045	0	20
2025.10.02	15:50:00	147.148	147.189	147.122	147.152	1270	0	20
2025.10.02	16:00:00	147.152	147.156	147.06	147.091	1391	0	20
2025.10.02	16:10:00	147.092	147.161	147.059	147.086	1150	0	20
2025.10.02	16:20:00	147.085	147.135	147.071	147.072	1120	0	20
2025.10.02	16:30:00	147.081	147.154	147.048	147.149	1257	0	20
2025.10.02	16:40:00	147.151	147.211	147.15	147.194	1302	0	20
2025.10.02	16:50:00	147.195	147.261	147.188	147.214	1200	0	20
2025.10.02	17:00:00	147.213	147.318	147.191	147.25	1033	0	20
2025.10.02	17:10:00	147.25	147.309	147.206	147.227	1103	0	20
2025.10.02	17:20:00	147.228	147.273	147.141	147.15	1080	0	20
2025.10.02	17:30:00	147.15	147.238	147.144	147.208	1344	0	20
2025.10.02	17:40:00	147.207	147.295	147.183	147.282	1231	0	20
2025.10.02	17:50:00	147.284	147.333	147.21	147.32	1233	0	20
2025.10.02	18:00:00	147.322	147.411	147.32	147.374	1105	0	20
2025.10.02	18:10:00	147.373	147.451	147.321	147.415	999	0	20
2025.10.02	18:20:00	147.415	147.423	147.331	147.372	803	0	20
2025.10.02	18:30:00	147.38	147.504	147.379	147.503	1007	0	20
2025.10.02	18:40:00	147.504	147.505	147.394	147.402	903	0	20
2025.10.02	18:50:00	147.401	147.438	147.328	147.34	883	0	20
2025.10.02	19:00:00	147.342	147.356	147.271	147.283	571	0	20
2025.10.02	19:10:00	147.281	147.285	147.198	147.226	526	0	20
2025.10.02	19:20:00	147.226	147.269	147.213	147.23	581	0	20
2025.10.02	19:30:00	147.232	147.246	147.205	147.225	737	0	20
2025.10.02	19:40:00	147.226	147.255	147.21	147.211	465	0	20
2025.10.02	19:50:00	147.21	147.219	147.153	147.154	408	0	20
2025.10.02	20:00:00	147.157	147.177	147.13	147.145	417	0	20
2025.10.02	20:10:00	147.144	147.182	147.135	147.147	327	0	20
2025.10.02	20:20:00	147.147	147.177	147.14	147.171	289	0	20
2025.10.02	20:30:00	147.171	147.226	147.168	147.18	316	0	20
2025.10.02	20:40:00	147.18	147.194	147.151	147.151	178	0	20
2025.10.02	20:50:00	147.151	147.176	147.15	147.174	288	0	20
2025.10.02	21:00:00	147.175	147.185	147.152	147.173	308	0	20
2025.10.02	21:10:00	147.173	147.194	147.161	147.167	256	0	20
2025.10.02	21:20:00	147.166	147.191	147.16	147.161	240	0	20
2025.10.02	21:30:00	147.163	147.183	147.158	147.162	185	0	20
2025.10.02	21:40:00	147.163	147.174	147.156	147.173	158	0	20
2025.10.02	21:50:00	147.172	147.209	147.169	147.202	318	0	20
2025.10.02	22:00:00	147.201	147.206	147.119	147.134	277	0	20
2025.10.02	22:10:00	147.134	147.164	147.134	147.149	269	0	20
2025.10.02	22:20:00	147.151	147.153	147.121	147.15	240	0	20
2025.10.02	22:30:00	147.149	147.175	147.139	147.173	206	0	20
2025.10.02	22:40:00	147.174	147.186	147.173	147.183	215	0	20
2025.10.02	22:50:00	147.184	147.242	147.157	147.227	333	0	20
2025.10.02	23:00:00	147.23	147.253	147.178	147.192	297	0	20
2025.10.02	23:10:00	147.192	147.228	147.192	147.227	98	0	22
2025.10.02	23:20:00	147.226	147.237	147.2	147.224	159	0	20
2025.10.02	23:30:00	147.225	147.226	147.199	147.211	132	0	22
2025.10.02	23:40:00	147.211	147.272	147.206	147.264	193	0	21
2025.10.02	23:50:00	147.264	147.282	147.237	147.244	235	0	20
2025.10.03	00:00:00	147.175	147.206	147.175	147.205	16	0	91
2025.10.03	00:10:00	147.212	147.237	147.205	147.213	31	0	48
2025.10.03	00:20:00	147.213	147.22	147.208	147.208	60	0	69
2025.10.03	00:30:00	147.198	147.21	147.197	147.208	83	0	56
2025.10.03	00:40:00	147.209	147.209	147.181	147.194	92	0	55
2025.10.03	00:50:00	147.194	147.203	147.184	147.196	92	0	62
2025.10.03	01:00:00	147.193	147.214	147.163	147.189	173	0	21
2025.10.03	01:10:00	147.187	147.196	147.179	147.18	103	0	27
2025.10.03	01:20:00	147.18	147.198	147.158	147.186	138	0	23
2025.10.03	01:30:00	147.186	147.191	147.154	147.188	154	0	20
2025.10.03	01:40:00	147.187	147.199	147.158	147.179	124	0	22
2025.10.03	01:50:00	147.179	147.186	147.154	147.185	220	0	20
2025.10.03	02:00:00	147.182	147.196	147.153	147.187	136	0	22
2025.10.03	02:10:00	147.188	147.188	147.098	147.103	434	0	20
2025.10.03	02:20:00	147.104	147.123	147.082	147.106	257	0	20
2025.10.03	02:30:00	147.106	147.133	147.089	147.101	268	0	21
2025.10.03	02:40:00	147.1	147.123	147.097	147.102	301	0	20
2025.10.03	02:50:00	147.103	147.158	147.103	147.145	374	0	21
2025.10.03	03:00:00	147.147	147.318	147.146	147.279	747	0	20
2025.10.03	03:10:00	147.28	147.35	147.257	147.342	446	0	20
2025.10.03	03:20:00	147.341	147.371	147.33	147.335	442	0	21
2025.10.03	03:30:00	147.334	147.365	147.324	147.326	459	0	20
2025.10.03	03:40:00	147.326	147.335	147.254	147.261	714	0	20
2025.10.03	03:50:00	147.27	147.345	147.238	147.342	989	0	20
2025.10.03	04:00:00	147.346	147.6	147.171	147.375	1701	0	20
2025.10.03	04:10:00	147.374	147.573	147.374	147.509	995	0	20
2025.10.03	04:20:00	147.508	147.625	147.474	147.607	786	0	20
2025.10.03	04:30:00	147.605	147.673	147.598	147.65	605	0	20
2025.10.03	04:40:00	147.651	147.654	147.504	147.528	698	0	21
2025.10.03	04:50:00	147.528	147.528	147.474	147.5	681	0	20
2025.10.03	05:00:00	147.501	147.64	147.489	147.627	627	0	20
2025.10.03	05:10:00	147.626	147.645	147.569	147.57	482	0	20
2025.10.03	05:20:00	147.572	147.638	147.571	147.614	452	0	20
2025.10.03	05:30:00	147.615	147.676	147.592	147.66	486	0	20
2025.10.03	05:40:00	147.66	147.661	147.593	147.619	350	0	20
2025.10.03	05:50:00	147.622	147.657	147.622	147.639	308	0	20
2025.10.03	06:00:00	147.643	147.717	147.627	147.715	406	0	20
2025.10.03	06:10:00	147.715	147.757	147.703	147.725	493	0	20
2025.10.03	06:20:00	147.725	147.746	147.71	147.729	377	0	20
2025.10.03	06:30:00	147.73	147.746	147.669	147.693	506	0	20
2025.10.03	06:40:00	147.694	147.694	147.654	147.658	194	0	20
2025.10.03	06:50:00	147.658	147.661	147.604	147.618	300	0	20
2025.10.03	07:00:00	147.619	147.626	147.583	147.625	362	0	20
2025.10.03	07:10:00	147.625	147.662	147.625	147.653	215	0	20
2025.10.03	07:20:00	147.653	147.672	147.648	147.649	147	0	21
2025.10.03	07:30:00	147.651	147.725	147.65	147.716	314	0	20
2025.10.03	07:40:00	147.715	147.726	147.703	147.717	200	0	20
2025.10.03	07:50:00	147.717	147.732	147.691	147.714	267	0	20
2025.10.03	08:00:00	147.713	147.764	147.636	147.716	500	0	20
2025.10.03	08:10:00	147.716	147.726	147.577	147.594	936	0	20
2025.10.03	08:20:00	147.595	147.658	147.562	147.625	644	0	20
2025.10.03	08:30:00	147.625	147.694	147.6	147.619	476	0	20
2025.10.03	08:40:00	147.627	147.672	147.623	147.626	371	0	20
2025.10.03	08:50:00	147.627	147.806	147.605	147.773	614	0	20
2025.10.03	09:00:00	147.773	147.793	147.6	147.63	981	0	20
2025.10.03	09:10:00	147.628	147.636	147.542	147.566	705	0	20
2025.10.03	09:20:00	147.566	147.612	147.52	147.578	519	0	20
2025.10.03	09:30:00	147.578	147.594	147.501	147.526	620	0	20
2025.10.03	09:40:00	147.527	147.604	147.49	147.599	718	0	20
2025.10.03	09:50:00	147.6	147.648	147.583	147.594	525	0	20
2025.10.03	10:00:00	147.593	147.672	147.541	147.65	623	0	20
2025.10.03	10:10:00	147.652	147.658	147.611	147.641	512	0	20
2025.10.03	10:20:00	147.64	147.643	147.482	147.518	963	0	20
2025.10.03	10:30:00	147.521	147.521	147.416	147.428	980	0	20
2025.10.03	10:40:00	147.431	147.502	147.42	147.477	509	0	20
2025.10.03	10:50:00	147.477	147.48	147.398	147.404	767	0	20
2025.10.03	11:00:00	147.403	147.413	147.347	147.404	862	0	20
2025.10.03	11:10:00	147.404	147.416	147.346	147.373	639	0	20
2025.10.03	11:20:00	147.374	147.415	147.372	147.396	595	0	20
2025.10.03	11:30:00	147.399	147.429	147.363	147.382	613	0	20
2025.10.03	11:40:00	147.384	147.39	147.342	147.361	749	0	20
2025.10.03	11:50:00	147.359	147.38	147.267	147.319	759	0	20
2025.10.03	12:00:00	147.319	147.416	147.3	147.413	499	0	20
2025.10.03	12:10:00	147.413	147.424	147.385	147.393	476	0	20
2025.10.03	12:20:00	147.394	147.394	147.361	147.388	642	0	20
2025.10.03	12:30:00	147.388	147.395	147.314	147.327	618	0	20
2025.10.03	12:40:00	147.326	147.357	147.305	147.343	533	0	20
2025.10.03	12:50:00	147.343	147.396	147.34	147.359	442	0	20
2025.10.03	13:00:00	147.359	147.359	147.316	147.33	616	0	20
2025.10.03	13:10:00	147.334	147.36	147.329	147.348	293	0	20
2025.10.03	13:20:00	147.346	147.372	147.339	147.359	188	0	22
2025.10.03	13:30:00	147.359	147.38	147.317	147.328	367	0	20
2025.10.03	13:40:00	147.328	147.338	147.3	147.311	404	0	20
2025.10.03	13:50:00	147.312	147.329	147.305	147.313	392	0	20
2025.10.03	14:00:00	147.312	147.376	147.297	147.35	382	0	20
2025.10.03	14:10:00	147.35	147.411	147.336	147.368	582	0	20
2025.10.03	14:20:00	147.367	147.393	147.305	147.331	564	0	20
2025.10.03	14:30:00	147.331	147.335	147.239	147.243	652	0	20
2025.10.03	14:40:00	147.244	147.245	147.209	147.227	630	0	20
2025.10.03	14:50:00	147.232	147.277	147.231	147.267	638	0	20
2025.10.03	15:00:00	147.266	147.33	147.238	147.329	696	0	20
2025.10.03	15:10:00	147.329	147.356	147.309	147.326	480	0	20
2025.10.03	15:20:00	147.324	147.329	147.257	147.3	653	0	20
2025.10.03	15:30:00	147.292	147.401	147.264	147.315	1327	0	20
2025.10.03	15:40:00	147.315	147.365	147.265	147.265	1167	0	20
2025.10.03	15:50:00	147.271	147.281	147.22	147.254	1171	0	20
2025.10.03	16:00:00	147.253	147.344	147.232	147.308	1001	0	20
2025.10.03	16:10:00	147.306	147.337	147.258	147.273	1111	0	20
2025.10.03	16:20:00	147.269	147.274	147.209	147.212	804	0	20
2025.10.03	16:30:00	147.214	147.276	147.209	147.239	990	0	20
2025.10.03	16:40:00	147.238	147.298	147.206	147.294	1025	0	20
2025.10.03	16:50:00	147.292	147.373	147.285	147.349	1087	0	20
2025.10.03	17:00:00	147.32	147.421	147.057	147.386	2635	0	20
2025.10.03	17:10:00	147.386	147.508	147.329	147.382	2191	0	20
2025.10.03	17:20:00	147.381	147.452	147.34	147.425	1880	0	20
2025.10.03	17:30:00	147.425	147.455	147.369	147.424	1617	0	20
2025.10.03	17:40:00	147.425	147.498	147.423	147.423	1441	0	20
2025.10.03	17:50:00	147.422	147.465	147.413	147.436	1169	0	20
2025.10.03	18:00:00	147.435	147.481	147.397	147.457	891	0	20
2025.10.03	18:10:00	147.457	147.473	147.401	147.419	841	0	20
2025.10.03	18:20:00	147.419	147.435	147.353	147.396	863	0	20
2025.10.03	18:30:00	147.396	147.409	147.34	147.357	827	0	20
2025.10.03	18:40:00	147.357	147.383	147.296	147.354	779	0	20
2025.10.03	18:50:00	147.353	147.366	147.307	147.327	727	0	20
2025.10.03	19:00:00	147.326	147.396	147.318	147.392	642	0	20
2025.10.03	19:10:00	147.392	147.47	147.374	147.47	434	0	20
2025.10.03	19:20:00	147.471	147.493	147.452	147.47	476	0	20
2025.10.03	19:30:00	147.471	147.494	147.455	147.48	516	0	20
2025.10.03	19:40:00	147.481	147.526	147.469	147.47	703	0	20
2025.10.03	19:50:00	147.47	147.503	147.47	147.494	446	0	20
2025.10.03	20:00:00	147.495	147.504	147.422	147.435	923	0	20
2025.10.03	20:10:00	147.434	147.46	147.422	147.428	373	0	20
2025.10.03	20:20:00	147.428	147.438	147.397	147.428	338	0	20
2025.10.03	20:30:00	147.428	147.448	147.413	147.413	382	0	20
2025.10.03	20:40:00	147.414	147.446	147.403	147.438	561	0	20
2025.10.03	20:50:00	147.431	147.503	147.424	147.495	697	0	20
2025.10.03	21:00:00	147.496	147.534	147.479	147.492	756	0	20
2025.10.03	21:10:00	147.491	147.524	147.485	147.523	792	0	20
2025.10.03	21:20:00	147.522	147.531	147.496	147.518	436	0	20
2025.10.03	21:30:00	147.519	147.52	147.495	147.499	232	0	20
2025.10.03	21:40:00	147.498	147.501	147.457	147.478	226	0	20
2025.10.03	21:50:00	147.48	147.5	147.473	147.489	475	0	20
2025.10.03	22:00:00	147.488	147.514	147.467	147.491	636	0	20
2025.10.03	22:10:00	147.491	147.502	147.466	147.469	418	0	20
2025.10.03	22:20:00	147.469	147.479	147.459	147.47	181	0	20
2025.10.03	22:30:00	147.469	147.491	147.464	147.48	207	0	20
2025.10.03	22:40:00	147.48	147.48	147.456	147.457	219	0	20
2025.10.03	22:50:00	147.458	147.485	147.446	147.448	400	0	20
2025.10.03	23:00:00	147.448	147.448	147.384	147.385	395	0	21
2025.10.03	23:10:00	147.385	147.442	147.372	147.438	248	0	20
2025.10.03	23:20:00	147.437	147.458	147.422	147.422	122	0	20
2025.10.03	23:30:00	147.422	147.48	147.421	147.479	119	0	22
2025.10.03	23:40:00	147.479	147.484	147.422	147.448	304	0	23
2025.10.03	23:50:00	147.448	147.504	147.443	147.469	632	0	23
2025.10.06	00:00:00	149.477	149.483	149.344	149.37	196	0	32
2025.10.06	00:10:00	149.37	149.386	149.275	149.296	222	0	38
2025.10.06	00:20:00	149.299	149.362	149.297	149.309	124	0	43
2025.10.06	00:30:00	149.309	149.314	149.275	149.291	132	0	47
2025.10.06	00:40:00	149.29	149.313	149.168	149.179	331	0	28
2025.10.06	00:50:00	149.18	149.182	149.09	149.102	375	0	44
2025.10.06	01:00:00	149.102	149.315	149.028	149.192	1574	0	20
2025.10.06	01:10:00	149.193	149.304	149.117	149.298	1225	0	21
2025.10.06	01:20:00	149.3	149.321	149.138	149.196	985	0	20
2025.10.06	01:30:00	149.192	149.329	149.178	149.285	1021	0	20
2025.10.06	01:40:00	149.285	149.345	149.234	149.333	503	0	20
2025.10.06	01:50:00	149.334	149.385	149.293	149.316	496	0	20
2025.10.06	02:00:00	149.31	149.333	149.243	149.255	1324	0	20
2025.10.06	02:10:00	149.256	149.32	149.225	149.284	1082	0	20
2025.10.06	02:20:00	149.286	149.403	149.278	149.387	1183	0	21
2025.10.06	02:30:00	149.388	149.494	149.387	149.45	1623	0	20
2025.10.06	02:40:00	149.45	149.648	149.446	149.611	1229	0	20
2025.10.06	02:50:00	149.612	149.645	149.549	149.572	1444	0	20
2025.10.06	03:00:00	149.566	149.699	149.438	149.442	2474	0	20
2025.10.06	03:10:00	149.441	149.702	149.437	149.701	1752	0	20
2025.10.06	03:20:00	149.702	149.761	149.649	149.721	1260	0	20
2025.10.06	03:30:00	149.722	149.833	149.688	149.83	1011	0	20
2025.10.06	03:40:00	149.842	149.854	149.658	149.719	1332	0	20
2025.10.06	03:50:00	149.72	149.776	149.576	149.695	1599	0	20
2025.10.06	04:00:00	149.697	149.764	149.651	149.676	1076	0	20
2025.10.06	04:10:00	149.685	149.698	149.575	149.696	763	0	20
2025.10.06	04:20:00	149.705	149.796	149.671	149.764	978	0	20
2025.10.06	04:30:00	149.766	149.788	149.608	149.749	1227	0	20
2025.10.06	04:40:00	149.75	149.821	149.737	149.795	953	0	20
2025.10.06	04:50:00	149.795	149.807	149.732	149.761	699	0	20
2025.10.06	05:00:00	149.762	149.839	149.706	149.797	717	0	20
2025.10.06	05:10:00	149.797	149.849	149.769	149.817	648	0	21
2025.10.06	05:20:00	149.818	149.844	149.812	149.832	481	0	20
2025.10.06	05:30:00	149.832	149.894	149.829	149.884	508	0	20
2025.10.06	05:40:00	149.885	149.908	149.861	149.874	426	0	20
2025.10.06	05:50:00	149.873	149.875	149.828	149.861	348	0	20
2025.10.06	06:00:00	149.86	149.917	149.811	149.907	494	0	20
2025.10.06	06:10:00	149.906	149.941	149.901	149.938	472	0	20
2025.10.06	06:20:00	149.938	149.96	149.937	149.951	534	0	20
2025.10.06	06:30:00	149.951	149.961	149.9	149.95	344	0	20
2025.10.06	06:40:00	149.952	150.046	149.945	150.026	777	0	20
2025.10.06	06:50:00	150.03	150.091	149.996	150.05	824	0	20
2025.10.06	07:00:00	150.051	150.064	149.837	150.063	898	0	20
2025.10.06	07:10:00	150.063	150.154	150.026	150.144	706	0	20
2025.10.06	07:20:00	150.145	150.165	150.097	150.13	910	0	20
2025.10.06	07:30:00	150.13	150.244	150.127	150.239	836	0	20
2025.10.06	07:40:00	150.24	150.333	150.207	150.274	1183	0	20
2025.10.06	07:50:00	150.274	150.321	150.233	150.303	783	0	20
2025.10.06	08:00:00	150.306	150.335	150.255	150.322	893	0	20
2025.10.06	08:10:00	150.321	150.338	150.274	150.298	644	0	20
2025.10.06	08:20:00	150.296	150.352	150.241	150.335	522	0	20
2025.10.06	08:30:00	150.334	150.425	150.326	150.392	659	0	20
2025.10.06	08:40:00	150.392	150.405	150.256	150.299	747	0	20
2025.10.06	08:50:00	150.3	150.301	150.215	150.247	474	0	20
2025.10.06	09:00:00	150.244	150.282	150.093	150.257	1275	0	20
2025.10.06	09:10:00	150.257	150.339	150.242	150.275	677	0	20
2025.10.06	09:20:00	150.275	150.279	150.094	150.122	911	0	20
2025.10.06	09:30:00	150.123	150.266	150.063	150.113	1437	0	20
2025.10.06	09:40:00	150.114	150.182	150.075	150.156	1421	0	20
2025.10.06	09:50:00	150.155	150.174	149.999	150.021	1361	0	20
2025.10.06	10:00:00	150.022	150.031	149.94	149.995	1325	0	20
2025.10.06	10:10:00	149.995	150.125	149.973	150.068	1184	0	20
2025.10.06	10:20:00	150.078	150.12	149.977	150.012	1084	0	20
2025.10.06	10:30:00	150.018	150.149	150.018	150.125	1024	0	20
2025.10.06	10:40:00	150.125	150.208	149.974	150.16	2669	0	20
2025.10.06	10:50:00	150.158	150.166	150.007	150.019	2157	0	20
2025.10.06	11:00:00	150.016	150.218	149.985	150.176	1896	0	20
2025.10.06	11:10:00	150.175	150.263	150.131	150.206	1424	0	20
2025.10.06	11:20:00	150.206	150.299	150.205	150.23	1073	0	20
2025.10.06	11:30:00	150.229	150.308	150.226	150.307	1176	0	20
2025.10.06	11:40:00	150.308	150.358	150.298	150.332	757	0	20
2025.10.06	11:50:00	150.332	150.387	150.294	150.357	667	0	20
2025.10.06	12:00:00	150.358	150.394	150.321	150.39	886	0	20
2025.10.06	12:10:00	150.39	150.422	150.289	150.343	887	0	20
2025.10.06	12:20:00	150.343	150.362	150.294	150.362	769	0	20
2025.10.06	12:30:00	150.367	150.397	150.344	150.371	857	0	20
2025.10.06	12:40:00	150.373	150.467	150.373	150.433	647	0	20
2025.10.06	12:50:00	150.432	150.437	150.341	150.365	662	0	20
2025.10.06	13:00:00	150.366	150.424	150.329	150.38	720	0	20
2025.10.06	13:10:00	150.382	150.388	150.313	150.332	622	0	20
2025.10.06	13:20:00	150.336	150.385	150.308	150.38	748	0	20
2025.10.06	13:30:00	150.381	150.418	150.344	150.377	777	0	20
2025.10.06	13:40:00	150.377	150.379	150.296	150.311	659	0	20
2025.10.06	13:50:00	150.313	150.327	150.268	150.272	824	0	20
2025.10.06	14:00:00	150.272	150.328	150.265	150.325	930	0	20
2025.10.06	14:10:00	150.325	150.396	150.305	150.367	673	0	20
2025.10.06	14:20:00	150.368	150.372	150.288	150.288	1129	0	20
2025.10.06	14:30:00	150.287	150.307	150.209	150.233	1007	0	20
2025.10.06	14:40:00	150.234	150.303	150.228	150.303	854	0	20
2025.10.06	14:50:00	150.302	150.377	150.294	150.361	1080	0	20
2025.10.06	15:00:00	150.363	150.379	149.967	150.035	2776	0	20
2025.10.06	15:10:00	150.036	150.036	149.837	149.897	1589	0	20
2025.10.06	15:20:00	149.914	149.978	149.819	149.936	1669	0	20
2025.10.06	15:30:00	149.936	149.969	149.863	149.877	1899	0	20
2025.10.06	15:40:00	149.878	149.928	149.841	149.843	1462	0	20
2025.10.06	15:50:00	149.843	149.879	149.742	149.773	1597	0	20
2025.10.06	16:00:00	149.771	149.824	149.744	149.77	1517	0	20
2025.10.06	16:10:00	149.773	149.926	149.766	149.911	1054	0	20
2025.10.06	16:20:00	149.912	149.973	149.902	149.957	836	0	20
2025.10.06	16:30:00	149.957	150.071	149.892	149.902	1583	0	20
2025.10.06	16:40:00	149.903	149.929	149.829	149.901	1613	0	20
2025.10.06	16:50:00	149.899	149.93	149.829	149.923	1511	0	20
2025.10.06	17:00:00	149.924	149.938	149.813	149.813	1358	0	20
2025.10.06	17:10:00	149.813	149.983	149.79	149.977	1194	0	20
2025.10.06	17:20:00	149.978	150.047	149.955	150.006	1398	0	20
2025.10.06	17:30:00	150.001	150.104	149.999	150.011	1174	0	20
2025.10.06	17:40:00	150.012	150.029	149.912	149.971	1145	0	20
2025.10.06	17:50:00	149.971	150.007	149.899	149.951	1808	0	20
2025.10.06	18:00:00	149.952	149.995	149.911	149.967	1602	0	20
2025.10.06	18:10:00	149.967	150.004	149.934	150.001	867	0	20
2025.10.06	18:20:00	150.001	150.081	149.98	150.059	762	0	20
2025.10.06	18:30:00	150.06	150.102	150.038	150.078	866	0	20
2025.10.06	18:40:00	150.077	150.087	150.011	150.048	601	0	20
2025.10.06	18:50:00	150.049	150.075	150.013	150.015	563	0	20
2025.10.06	19:00:00	150.015	150.018	149.945	149.97	595	0	20
2025.10.06	19:10:00	149.97	150.095	149.968	150.091	723	0	20
2025.10.06	19:20:00	150.091	150.124	150.074	150.121	396	0	20
2025.10.06	19:30:00	150.124	150.138	150.111	150.115	354	0	20
2025.10.06	19:40:00	150.114	150.15	150.113	150.137	330	0	20
2025.10.06	19:50:00	150.137	150.163	150.112	150.151	414	0	20
2025.10.06	20:00:00	150.149	150.158	150.109	150.11	360	0	20
2025.10.06	20:10:00	150.11	150.125	150.071	150.11	533	0	20
2025.10.06	20:20:00	150.111	150.147	150.111	150.147	404	0	20
2025.10.06	20:30:00	150.15	150.176	150.136	150.139	410	0	20
2025.10.06	20:40:00	150.14	150.205	150.137	150.204	373	0	20
2025.10.06	20:50:00	150.203	150.228	150.192	150.196	339	0	20
2025.10.06	21:00:00	150.195	150.21	150.176	150.199	276	0	21
2025.10.06	21:10:00	150.2	150.23	150.186	150.2	267	0	20
2025.10.06	21:20:00	150.199	150.202	150.151	150.165	293	0	20
2025.10.06	21:30:00	150.166	150.23	150.165	150.222	248	0	20
2025.10.06	21:40:00	150.222	150.234	150.209	150.232	275	0	20
2025.10.06	21:50:00	150.231	150.311	150.231	150.288	609	0	20
2025.10.06	22:00:00	150.287	150.31	150.262	150.265	419	0	20
2025.10.06	22:10:00	150.265	150.269	150.234	150.242	312	0	20
2025.10.06	22:20:00	150.242	150.254	150.219	150.229	199	0	20
2025.10.06	22:30:00	150.228	150.242	150.214	150.216	281	0	20
2025.10.06	22:40:00	150.217	150.277	150.217	150.266	173	0	20
2025.10.06	22:50:00	150.269	150.326	150.261	150.313	383	0	20
2025.10.06	23:00:00	150.312	150.322	150.275	150.3	307	0	20
2025.10.06	23:10:00	150.301	150.335	150.296	150.311	225	0	21
2025.10.06	23:20:00	150.31	150.33	150.292	150.304	151	0	20
2025.10.06	23:30:00	150.305	150.352	150.305	150.351	105	0	22
2025.10.06	23:40:00	150.352	150.386	150.346	150.361	168	0	22
2025.10.06	23:50:00	150.362	150.366	150.336	150.338	327	0	22
2025.10.07	00:00:00	150.238	150.296	150.238	150.271	19	0	76
2025.10.07	00:10:00	150.272	150.293	150.206	150.219	59	0	98
2025.10.07	00:20:00	150.218	150.222	150.19	150.222	98	0	97
2025.10.07	00:30:00	150.222	150.222	150.206	150.218	38	0	86
2025.10.07	00:40:00	150.219	150.227	150.213	150.227	83	0	80
2025.10.07	00:50:00	150.228	150.233	150.217	150.229	100	0	75
2025.10.07	01:00:00	150.241	150.314	150.239	150.297	299	0	31
2025.10.07	01:10:00	150.297	150.313	150.264	150.295	523	0	25
2025.10.07	01:20:00	150.296	150.311	150.276	150.304	733	0	25
2025.10.07	01:30:00	150.303	150.353	150.289	150.35	643	0	21
2025.10.07	01:40:00	150.351	150.376	150.341	150.345	394	0	20
2025.10.07	01:50:00	150.343	150.36	150.308	150.309	244	0	20
2025.10.07	02:00:00	150.305	150.319	150.254	150.305	394	0	20
2025.10.07	02:10:00	150.302	150.372	150.302	150.353	359	0	21
2025.10.07	02:20:00	150.354	150.381	150.343	150.365	241	0	21
2025.10.07	02:30:00	150.37	150.376	150.34	150.36	267	0	21
2025.10.07	02:40:00	150.369	150.384	150.273	150.317	706	0	20
2025.10.07	02:50:00	150.318	150.36	150.305	150.352	564	0	20
2025.10.07	03:00:00	150.35	150.461	150.348	150.458	970	0	20
2025.10.07	03:10:00	150.458	150.608	150.455	150.559	1131	0	20
2025.10.07	03:20:00	150.555	150.574	150.474	150.504	1207	0	20
2025.10.07	03:30:00	150.504	150.586	150.488	150.556	550	0	20
2025.10.07	03:40:00	150.555	150.561	150.501	150.513	790	0	20
2025.10.07	03:50:00	150.512	150.514	150.412	150.48	991	0	20
2025.10.07	04:00:00	150.48	150.603	150.476	150.501	679	0	20
2025.10.07	04:10:00	150.5	150.526	150.452	150.481	479	0	20
2025.10.07	04:20:00	150.48	150.488	150.356	150.399	565	0	20
2025.10.07	04:30:00	150.399	150.435	150.387	150.422	369	0	20
2025.10.07	04:40:00	150.426	150.479	150.423	150.465	260	0	20
2025.10.07	04:50:00	150.466	150.513	150.466	150.496	430	0	20
2025.10.07	05:00:00	150.496	150.501	150.439	150.5	347	0	20
2025.10.07	05:10:00	150.5	150.5	150.328	150.433	712	0	20
2025.10.07	05:20:00	150.436	150.467	150.425	150.425	205	0	20
2025.10.07	05:30:00	150.424	150.437	150.404	150.433	228	0	20
2025.10.07	05:40:00	150.435	150.48	150.433	150.476	231	0	20
2025.10.07	05:50:00	150.477	150.524	150.459	150.52	242	0	20
2025.10.07	06:00:00	150.521	150.523	150.443	150.447	214	0	20
2025.10.07	06:10:00	150.445	150.452	150.352	150.38	329	0	20
2025.10.07	06:20:00	150.381	150.393	150.354	150.374	232	0	20
2025.10.07	06:30:00	150.374	150.443	150.374	150.411	253	0	20
2025.10.07	06:40:00	150.409	150.416	150.369	150.398	254	0	20
2025.10.07	06:50:00	150.399	150.408	150.35	150.351	191	0	20
2025.10.07	07:00:00	150.35	150.364	150.3	150.308	284	0	21
2025.10.07	07:10:00	150.308	150.332	150.299	150.332	175	0	21
2025.10.07	07:20:00	150.334	150.334	150.276	150.297	209	0	21
2025.10.07	07:30:00	150.298	150.353	150.237	150.35	466	0	20
2025.10.07	07:40:00	150.35	150.425	150.333	150.411	323	0	20
2025.10.07	07:50:00	150.41	150.433	150.398	150.405	170	0	20
2025.10.07	08:00:00	150.406	150.466	150.391	150.466	285	0	20
2025.10.07	08:10:00	150.47	150.496	150.449	150.476	294	0	20
2025.10.07	08:20:00	150.475	150.514	150.475	150.477	257	0	20
2025.10.07	08:30:00	150.479	150.512	150.428	150.473	338	0	20
2025.10.07	08:40:00	150.474	150.505	150.441	150.471	256	0	20
2025.10.07	08:50:00	150.47	150.532	150.443	150.486	492	0	20
2025.10.07	09:00:00	150.487	150.627	150.486	150.591	1173	0	20
2025.10.07	09:10:00	150.59	150.667	150.524	150.613	1106	0	20
2025.10.07	09:20:00	150.614	150.69	150.597	150.673	683	0	20
2025.10.07	09:30:00	150.676	150.681	150.623	150.637	657	0	20
2025.10.07	09:40:00	150.638	150.647	150.611	150.613	869	0	20
2025.10.07	09:50:00	150.612	150.65	150.57	150.614	1132	0	20
2025.10.07	10:00:00	150.614	150.681	150.597	150.647	866	0	20
2025.10.07	10:10:00	150.65	150.701	150.551	150.552	927	0	20
2025.10.07	10:20:00	150.551	150.587	150.526	150.549	1072	0	20
2025.10.07	10:30:00	150.551	150.589	150.546	150.546	845	0	20
2025.10.07	10:40:00	150.548	150.641	150.546	150.622	680	0	20
2025.10.07	10:50:00	150.622	150.624	150.584	150.612	725	0	20
2025.10.07	11:00:00	150.612	150.62	150.513	150.579	633	0	20
2025.10.07	11:10:00	150.58	150.642	150.562	150.632	490	0	20
2025.10.07	11:20:00	150.633	150.662	150.616	150.655	604	0	20
2025.10.07	11:30:00	150.656	150.733	150.64	150.731	668	0	20
2025.10.07	11:40:00	150.732	150.779	150.717	150.757	614	0	20
2025.10.07	11:50:00	150.757	150.821	150.754	150.783	779	0	20
2025.10.07	12:00:00	150.782	150.82	150.744	150.748	821	0	20
2025.10.07	12:10:00	150.747	150.814	150.737	150.803	617	0	20
2025.10.07	12:20:00	150.802	150.815	150.747	150.77	628	0	20
2025.10.07	12:30:00	150.771	150.797	150.754	150.782	612	0	20
2025.10.07	12:40:00	150.785	150.803	150.722	150.724	525	0	20
2025.10.07	12:50:00	150.724	150.759	150.716	150.744	716	0	20
2025.10.07	13:00:00	150.744	150.776	150.716	150.721	422	0	20
2025.10.07	13:10:00	150.722	150.767	150.709	150.748	353	0	20
2025.10.07	13:20:00	150.75	150.761	150.725	150.747	347	0	21
2025.10.07	13:30:00	150.748	150.748	150.707	150.73	371	0	20
2025.10.07	13:40:00	150.73	150.735	150.696	150.72	458	0	20
2025.10.07	13:50:00	150.719	150.787	150.717	150.762	598	0	20
2025.10.07	14:00:00	150.764	150.833	150.753	150.827	438	0	20
2025.10.07	14:10:00	150.827	150.845	150.814	150.824	380	0	20
2025.10.07	14:20:00	150.823	150.868	150.822	150.865	521	0	20
2025.10.07	14:30:00	150.867	150.872	150.851	150.855	478	0	20
2025.10.07	14:40:00	150.855	150.896	150.832	150.888	531	0	20
2025.10.07	14:50:00	150.889	150.94	150.866	150.886	789	0	20
2025.10.07	15:00:00	150.887	150.933	150.844	150.89	833	0	20
2025.10.07	15:10:00	150.89	150.973	150.89	150.968	685	0	20
2025.10.07	15:20:00	150.968	151.017	150.828	150.903	1015	0	20
2025.10.07	15:30:00	150.903	150.946	150.849	150.895	938	0	20
2025.10.07	15:40:00	150.897	150.904	150.81	150.824	773	0	20
2025.10.07	15:50:00	150.824	150.869	150.793	150.821	931	0	20
2025.10.07	16:00:00	150.822	150.856	150.722	150.739	1050	0	20
2025.10.07	16:10:00	150.739	150.873	150.732	150.803	993	0	20
2025.10.07	16:20:00	150.804	150.812	150.741	150.781	735	0	20
2025.10.07	16:30:00	150.782	150.859	150.769	150.859	1068	0	20
2025.10.07	16:40:00	150.86	150.862	150.806	150.823	889	0	20
2025.10.07	16:50:00	150.823	150.931	150.811	150.924	800	0	20
2025.10.07	17:00:00	150.926	151.106	150.926	151.019	1331	0	20
2025.10.07	17:10:00	151.018	151.023	150.9	150.951	1162	0	20
2025.10.07	17:20:00	150.95	151.041	150.946	151.038	998	0	20
2025.10.07	17:30:00	151.04	151.165	151.028	151.143	1235	0	20
2025.10.07	17:40:00	151.145	151.163	151.116	151.13	817	0	20
2025.10.07	17:50:00	151.132	151.195	151.116	151.167	1048	0	20
2025.10.07	18:00:00	151.166	151.195	150.999	151.031	1248	0	20
2025.10.07	18:10:00	151.031	151.064	150.97	151.028	952	0	20
2025.10.07	18:20:00	151.03	151.146	151.02	151.122	1048	0	20
2025.10.07	18:30:00	151.121	151.18	151.108	151.167	1064	0	20
2025.10.07	18:40:00	151.174	151.175	151.054	151.063	995	0	20
2025.10.07	18:50:00	151.064	151.166	151.042	151.165	1087	0	20
2025.10.07	19:00:00	151.167	151.181	151.098	151.121	954	0	20
2025.10.07	19:10:00	151.12	151.167	151.089	151.154	669	0	20
2025.10.07	19:20:00	151.154	151.225	151.154	151.18	527	0	20
2025.10.07	19:30:00	151.181	151.277	151.181	151.27	730	0	20
2025.10.07	19:40:00	151.271	151.399	151.268	151.294	897	0	20
2025.10.07	19:50:00	151.292	151.319	151.276	151.316	746	0	20
2025.10.07	20:00:00	151.315	151.357	151.24	151.331	893	0	20
2025.10.07	20:10:00	151.329	151.417	151.314	151.393	545	0	20
2025.10.07	20:20:00	151.393	151.435	151.391	151.432	676	0	20
2025.10.07	20:30:00	151.431	151.524	151.429	151.475	1059	0	20
2025.10.07	20:40:00	151.484	151.494	151.448	151.484	497	0	20
2025.10.07	20:50:00	151.484	151.516	151.451	151.508	539	0	20
2025.10.07	21:00:00	151.508	151.57	151.485	151.559	766	0	20
2025.10.07	21:10:00	151.56	151.624	151.55	151.612	566	0	20
2025.10.07	21:20:00	151.613	151.771	151.61	151.739	976	0	20
2025.10.07	21:30:00	151.738	151.91	151.738	151.909	705	0	20
2025.10.07	21:40:00	151.91	151.925	151.826	151.891	805	0	20
2025.10.07	21:50:00	151.892	151.898	151.791	151.813	671	0	20
2025.10.07	22:00:00	151.814	151.825	151.76	151.769	497	0	20
2025.10.07	22:10:00	151.768	151.811	151.733	151.805	562	0	20
2025.10.07	22:20:00	151.811	151.872	151.811	151.839	565	0	20
2025.10.07	22:30:00	151.84	151.912	151.831	151.898	370	0	20
2025.10.07	22:40:00	151.897	151.943	151.896	151.929	471	0	20
2025.10.07	22:50:00	151.93	151.936	151.884	151.895	381	0	20
2025.10.07	23:00:00	151.897	151.972	151.897	151.969	475	0	20
2025.10.07	23:10:00	151.971	152.033	151.942	152.0	363	0	20
2025.10.07	23:20:00	152.0	152.025	151.944	151.944	234	0	20
2025.10.07	23:30:00	151.947	151.964	151.94	151.942	141	0	22
2025.10.07	23:40:00	151.943	151.959	151.887	151.887	223	0	21
2025.10.07	23:50:00	151.887	151.91	151.868	151.88	398	0	21
2025.10.08	00:00:00	151.877	151.889	151.867	151.889	37	0	77
2025.10.08	00:10:00	151.886	151.905	151.884	151.885	30	0	35
2025.10.08	00:20:00	151.885	151.885	151.865	151.873	130	0	44
2025.10.08	00:30:00	151.873	151.881	151.871	151.881	94	0	38
2025.10.08	00:40:00	151.881	151.881	151.86	151.87	73	0	33
2025.10.08	00:50:00	151.87	151.87	151.825	151.837	111	0	31
2025.10.08	01:00:00	151.861	151.875	151.731	151.732	285	0	24
2025.10.08	01:10:00	151.735	151.852	151.725	151.829	328	0	23
2025.10.08	01:20:00	151.829	151.833	151.816	151.822	179	0	22
2025.10.08	01:30:00	151.823	151.881	151.805	151.806	264	0	20
2025.10.08	01:40:00	151.806	151.84	151.806	151.83	165	0	20
2025.10.08	01:50:00	151.832	151.841	151.804	151.805	201	0	20
2025.10.08	02:00:00	151.806	151.949	151.785	151.945	524	0	20
2025.10.08	02:10:00	151.945	151.98	151.907	151.98	406	0	20
2025.10.08	02:20:00	151.98	152.084	151.909	151.945	743	0	20
2025.10.08	02:30:00	151.945	152.02	151.919	151.995	486	0	20
2025.10.08	02:40:00	151.997	152.036	151.953	151.971	661	0	20
2025.10.08	02:50:00	151.969	152.061	151.948	152.045	804	0	21
2025.10.08	03:00:00	152.046	152.311	152.044	152.311	1632	0	20
2025.10.08	03:10:00	152.31	152.311	152.211	152.276	976	0	20
2025.10.08	03:20:00	152.276	152.328	152.265	152.295	1075	0	20
2025.10.08	03:30:00	152.296	152.366	152.205	152.208	1191	0	20
2025.10.08	03:40:00	152.207	152.259	152.19	152.244	709	0	20
2025.10.08	03:50:00	152.247	152.359	152.125	152.297	1389	0	20
2025.10.08	04:00:00	152.296	152.44	152.296	152.335	1593	0	20
2025.10.08	04:10:00	152.336	152.396	152.261	152.387	966	0	20
2025.10.08	04:20:00	152.388	152.509	152.344	152.454	916	0	20
2025.10.08	04:30:00	152.448	152.52	152.42	152.448	976	0	20
2025.10.08	04:40:00	152.45	152.456	152.38	152.429	620	0	20
2025.10.08	04:50:00	152.43	152.593	152.41	152.591	815	0	20
2025.10.08	05:00:00	152.591	152.637	152.54	152.576	891	0	20
2025.10.08	05:10:00	152.577	152.585	152.516	152.533	878	0	20
2025.10.08	05:20:00	152.537	152.565	152.493	152.508	781	0	21
2025.10.08	05:30:00	152.509	152.513	152.435	152.47	405	0	20
2025.10.08	05:40:00	152.467	152.467	152.308	152.345	474	0	20
2025.10.08	05:50:00	152.346	152.474	152.294	152.473	491	0	20
2025.10.08	06:00:00	152.474	152.531	152.473	152.531	301	0	20
2025.10.08	06:10:00	152.53	152.554	152.509	152.547	240	0	20
2025.10.08	06:20:00	152.546	152.547	152.47	152.493	165	0	20
2025.10.08	06:30:00	152.497	152.531	152.468	152.471	306	0	20
2025.10.08	06:40:00	152.47	152.48	152.431	152.447	253	0	20
2025.10.08	06:50:00	152.448	152.473	152.392	152.401	451	0	20
2025.10.08	07:00:00	152.401	152.454	152.364	152.422	375	0	20
2025.10.08	07:10:00	152.422	152.482	152.422	152.457	318	0	20
2025.10.08	07:20:00	152.46	152.48	152.415	152.451	197	0	20
2025.10.08	07:30:00	152.451	152.475	152.346	152.352	337	0	20
2025.10.08	07:40:00	152.352	152.388	152.297	152.328	393	0	20
2025.10.08	07:50:00	152.328	152.402	152.312	152.354	356	0	20
2025.10.08	08:00:00	152.355	152.4	152.341	152.394	517	0	20
2025.10.08	08:10:00	152.395	152.4	152.319	152.342	423	0	20
2025.10.08	08:20:00	152.341	152.368	152.292	152.314	450	0	20
2025.10.08	08:30:00	152.315	152.357	152.275	152.321	379	0	20
2025.10.08	08:40:00	152.321	152.395	152.318	152.365	442	0	20
2025.10.08	08:50:00	152.366	152.43	152.346	152.391	697	0	20
2025.10.08	09:00:00	152.391	152.459	152.241	152.433	1295	0	20
2025.10.08	09:10:00	152.432	152.512	152.403	152.423	1324	0	20
2025.10.08	09:20:00	152.431	152.474	152.343	152.458	1439	0	20
2025.10.08	09:30:00	152.452	152.501	152.365	152.48	1592	0	20
2025.10.08	09:40:00	152.48	152.503	152.362	152.379	939	0	20
2025.10.08	09:50:00	152.381	152.411	152.319	152.333	901	0	20
2025.10.08	10:00:00	152.333	152.438	152.319	152.405	884	0	20
2025.10.08	10:10:00	152.404	152.517	152.366	152.493	999	0	20
2025.10.08	10:20:00	152.494	152.511	152.425	152.464	1225	0	20
2025.10.08	10:30:00	152.465	152.48	152.381	152.412	967	0	20
2025.10.08	10:40:00	152.414	152.464	152.341	152.359	1174	0	20
2025.10.08	10:50:00	152.361	152.543	152.361	152.532	1359	0	20
2025.10.08	11:00:00	152.533	152.556	152.366	152.395	1025	0	20
2025.10.08	11:10:00	152.394	152.45	152.394	152.435	867	0	20
2025.10.08	11:20:00	152.433	152.442	152.366	152.395	1240	0	20
2025.10.08	11:30:00	152.395	152.52	152.382	152.518	926	0	20
2025.10.08	11:40:00	152.519	152.575	152.511	152.551	809	0	20
2025.10.08	11:50:00	152.552	152.775	152.545	152.734	1391	0	20
2025.10.08	12:00:00	152.734	152.879	152.729	152.745	1285	0	20
2025.10.08	12:10:00	152.745	152.79	152.708	152.775	701	0	20
2025.10.08	12:20:00	152.775	152.89	152.737	152.863	770	0	20
2025.10.08	12:30:00	152.864	152.943	152.863	152.899	665	0	20
2025.10.08	12:40:00	152.896	152.955	152.845	152.954	903	0	20
2025.10.08	12:50:00	152.955	152.988	152.919	152.961	826	0	20
2025.10.08	13:00:00	152.962	152.987	152.845	152.855	648	0	20
2025.10.08	13:10:00	152.856	152.91	152.828	152.845	630	0	20
2025.10.08	13:20:00	152.844	152.881	152.752	152.78	525	0	20
2025.10.08	13:30:00	152.781	152.877	152.778	152.876	335	0	20
2025.10.08	13:40:00	152.878	152.919	152.844	152.893	330	0	20
2025.10.08	13:50:00	152.893	152.924	152.641	152.718	900	0	20
2025.10.08	14:00:00	152.697	152.838	152.662	152.749	978	0	20
2025.10.08	14:10:00	152.751	152.797	152.715	152.731	592	0	20
2025.10.08	14:20:00	152.731	152.753	152.645	152.669	654	0	20
2025.10.08	14:30:00	152.668	152.75	152.633	152.682	541	0	20
2025.10.08	14:40:00	152.681	152.733	152.676	152.711	367	0	20
2025.10.08	14:50:00	152.711	152.716	152.648	152.683	696	0	20
2025.10.08	15:00:00	152.682	152.737	152.631	152.672	910	0	20
2025.10.08	15:10:00	152.672	152.709	152.599	152.622	1092	0	20
2025.10.08	15:20:00	152.629	152.651	152.597	152.612	1021	0	20
2025.10.08	15:30:00	152.613	152.688	152.537	152.681	945	0	20
2025.10.08	15:40:00	152.684	152.686	152.554	152.589	751	0	20
2025.10.08	15:50:00	152.589	152.608	152.427	152.497	1206	0	20
2025.10.08	16:00:00	152.496	152.517	152.406	152.449	1100	0	20
2025.10.08	16:10:00	152.449	152.462	152.363	152.41	1048	0	20
2025.10.08	16:20:00	152.409	152.564	152.404	152.541	956	0	20
2025.10.08	16:30:00	152.54	152.565	152.49	152.563	1464	0	20
2025.10.08	16:40:00	152.561	152.654	152.468	152.603	1557	0	20
2025.10.08	16:50:00	152.603	152.626	152.512	152.58	1443	0	20
2025.10.08	17:00:00	152.58	152.635	152.512	152.626	1383	0	20
2025.10.08	17:10:00	152.625	152.661	152.59	152.616	937	0	20
2025.10.08	17:20:00	152.62	152.637	152.516	152.557	868	0	20
2025.10.08	17:30:00	152.558	152.571	152.439	152.451	1026	0	20
2025.10.08	17:40:00	152.452	152.512	152.422	152.449	833	0	20
2025.10.08	17:50:00	152.45	152.507	152.438	152.505	898	0	20
2025.10.08	18:00:00	152.505	152.618	152.501	152.618	627	0	20
2025.10.08	18:10:00	152.617	152.688	152.615	152.675	620	0	20
2025.10.08	18:20:00	152.681	152.698	152.614	152.628	717	0	20
2025.10.08	18:30:00	152.627	152.712	152.626	152.709	846	0	20
2025.10.08	18:40:00	152.71	152.744	152.673	152.732	713	0	20
2025.10.08	18:50:00	152.732	152.778	152.7	152.711	737	0	20
2025.10.08	19:00:00	152.71	152.758	152.681	152.758	579	0	20
2025.10.08	19:10:00	152.758	152.778	152.711	152.723	592	0	20
2025.10.08	19:20:00	152.722	152.755	152.713	152.733	568	0	20
2025.10.08	19:30:00	152.732	152.787	152.726	152.781	583	0	20
2025.10.08	19:40:00	152.78	152.785	152.74	152.757	507	0	20
2025.10.08	19:50:00	152.756	152.759	152.741	152.747	384	0	21
2025.10.08	20:00:00	152.745	152.8	152.735	152.763	491	0	20
2025.10.08	20:10:00	152.763	152.804	152.763	152.774	362	0	20
2025.10.08	20:20:00	152.775	152.789	152.752	152.782	476	0	21
2025.10.08	20:30:00	152.783	152.804	152.768	152.779	331	0	20
2025.10.08	20:40:00	152.779	152.797	152.766	152.792	373	0	20
2025.10.08	20:50:00	152.793	152.875	152.793	152.858	545	0	20
2025.10.08	21:00:00	152.857	152.935	152.831	152.878	861	0	20
2025.10.08	21:10:00	152.877	152.915	152.799	152.85	1049	0	20
2025.10.08	21:20:00	152.85	152.891	152.783	152.789	753	0	20
2025.10.08	21:30:00	152.789	152.794	152.652	152.659	593	0	20
2025.10.08	21:40:00	152.659	152.699	152.636	152.687	426	0	20
2025.10.08	21:50:00	152.687	152.717	152.663	152.71	354	0	20
2025.10.08	22:00:00	152.708	152.731	152.63	152.722	702	0	20
2025.10.08	22:10:00	152.721	152.743	152.703	152.736	544	0	20
2025.10.08	22:20:00	152.736	152.736	152.694	152.699	424	0	20
2025.10.08	22:30:00	152.702	152.715	152.66	152.712	390	0	20
2025.10.08	22:40:00	152.714	152.734	152.694	152.71	295	0	20
2025.10.08	22:50:00	152.711	152.733	152.685	152.699	374	0	20
2025.10.08	23:00:00	152.698	152.723	152.684	152.701	250	0	20
2025.10.08	23:10:00	152.701	152.724	152.674	152.685	228	0	21
2025.10.08	23:20:00	152.685	152.715	152.665	152.698	270	0	20
2025.10.08	23:30:00	152.699	152.713	152.657	152.658	192	0	22
2025.10.08	23:40:00	152.659	152.666	152.64	152.658	253	0	21
2025.10.08	23:50:00	152.658	152.695	152.651	152.681	452	0	22
2025.10.09	00:00:00	152.598	152.629	152.525	152.604	28	0	134
2025.10.09	00:10:00	152.608	152.61	152.603	152.61	12	0	148
2025.10.09	00:20:00	152.61	152.63	152.61	152.626	40	0	92
2025.10.09	00:30:00	152.628	152.628	152.503	152.541	49	0	90
2025.10.09	00:40:00	152.541	152.62	152.541	152.62	22	0	78
2025.10.09	00:50:00	152.62	152.636	152.612	152.624	46	0	76
2025.10.09	01:00:00	152.624	152.66	152.598	152.635	329	0	22
2025.10.09	01:10:00	152.636	152.646	152.571	152.596	333	0	20
2025.10.09	01:20:00	152.596	152.622	152.582	152.601	193	0	20
2025.10.09	01:30:00	152.599	152.614	152.57	152.573	332	0	21
2025.10.09	01:40:00	152.574	152.575	152.547	152.547	230	0	21
2025.10.09	01:50:00	152.547	152.55	152.48	152.518	498	0	20
2025.10.09	02:00:00	152.517	152.54	152.494	152.5	441	0	21
2025.10.09	02:10:00	152.501	152.612	152.452	152.601	602	0	20
2025.10.09	02:20:00	152.6	152.711	152.6	152.665	630	0	20
2025.10.09	02:30:00	152.663	152.668	152.595	152.605	466	0	20
2025.10.09	02:40:00	152.604	152.655	152.591	152.628	768	0	20
2025.10.09	02:50:00	152.628	152.7	152.533	152.698	1012	0	20
2025.10.09	03:00:00	152.697	152.729	152.482	152.574	1303	0	20
2025.10.09	03:10:00	152.573	152.619	152.535	152.55	1032	0	20
2025.10.09	03:20:00	152.55	152.566	152.468	152.542	1129	0	20
2025.10.09	03:30:00	152.541	152.547	152.444	152.508	845	0	20
2025.10.09	03:40:00	152.509	152.562	152.471	152.545	846	0	20
2025.10.09	03:50:00	152.543	152.694	152.506	152.694	1494	0	20
2025.10.09	04:00:00	152.694	152.755	152.601	152.608	1708	0	20
2025.10.09	04:10:00	152.609	152.646	152.474	152.503	1269	0	20
2025.10.09	04:20:00	152.503	152.53	152.454	152.454	978	0	20
2025.10.09	04:30:00	152.454	152.522	152.41	152.445	880	0	20
2025.10.09	04:40:00	152.444	152.481	152.397	152.481	653	0	20
2025.10.09	04:50:00	152.48	152.599	152.475	152.51	612	0	20
2025.10.09	05:00:00	152.51	152.569	152.499	152.533	424	0	20
2025.10.09	05:10:00	152.534	152.595	152.51	152.581	333	0	20
2025.10.09	05:20:00	152.581	152.584	152.541	152.545	366	0	20
2025.10.09	05:30:00	152.545	152.585	152.495	152.5	291	0	20
2025.10.09	05:40:00	152.5	152.517	152.449	152.451	342	0	20
2025.10.09	05:50:00	152.45	152.475	152.4	152.452	411	0	20
2025.10.09	06:00:00	152.454	152.493	152.444	152.485	347	0	20
2025.10.09	06:10:00	152.487	152.569	152.486	152.555	346	0	20
2025.10.09	06:20:00	152.554	152.558	152.48	152.511	422	0	20
2025.10.09	06:30:00	152.509	152.528	152.476	152.477	292	0	20
2025.10.09	06:40:00	152.478	152.504	152.475	152.498	254	0	21
2025.10.09	06:50:00	152.498	152.522	152.479	152.501	250	0	20
2025.10.09	07:00:00	152.501	152.534	152.499	152.531	148	0	20
2025.10.09	07:10:00	152.532	152.587	152.532	152.558	255	0	20
2025.10.09	07:20:00	152.555	152.581	152.537	152.581	148	0	20
2025.10.09	07:30:00	152.582	152.584	152.554	152.567	173	0	20
2025.10.09	07:40:00	152.567	152.574	152.472	152.476	261	0	20
2025.10.09	07:50:00	152.474	152.489	152.44	152.459	287	0	20
2025.10.09	08:00:00	152.461	152.518	152.456	152.47	323	0	20
2025.10.09	08:10:00	152.475	152.516	152.475	152.501	251	0	20
2025.10.09	08:20:00	152.502	152.533	152.495	152.531	257	0	20
2025.10.09	08:30:00	152.531	152.559	152.52	152.545	334	0	20
2025.10.09	08:40:00	152.545	152.56	152.497	152.508	249	0	20
2025.10.09	08:50:00	152.509	152.644	152.499	152.624	509	0	20
2025.10.09	09:00:00	152.626	152.815	152.624	152.786	762	0	20
2025.10.09	09:10:00	152.785	152.967	152.785	152.964	1219	0	20
2025.10.09	09:20:00	152.965	153.018	152.906	152.98	1433	0	20
2025.10.09	09:30:00	152.984	153.068	152.934	153.034	1736	0	20
2025.10.09	09:40:00	153.035	153.125	153.035	153.058	1367	0	20
2025.10.09	09:50:00	153.059	153.09	152.957	152.968	1373	0	20
2025.10.09	10:00:00	152.964	153.046	152.932	152.953	1384	0	20
2025.10.09	10:10:00	152.954	152.986	152.839	152.94	1121	0	20
2025.10.09	10:20:00	152.941	153.028	152.934	153.015	754	0	20
2025.10.09	10:30:00	153.015	153.109	152.956	153.098	932	0	20
2025.10.09	10:40:00	153.098	153.209	153.016	153.051	1190	0	20
2025.10.09	10:50:00	153.053	153.111	153.042	153.057	1138	0	20
2025.10.09	11:00:00	153.056	153.128	153.004	153.067	1353	0	20
2025.10.09	11:10:00	153.068	153.093	153.041	153.064	955	0	20
2025.10.09	11:20:00	153.063	153.088	153.008	153.015	986	0	20
2025.10.09	11:30:00	153.016	153.091	152.992	152.992	810	0	20
2025.10.09	11:40:00	152.993	152.993	152.787	152.876	1096	0	20
2025.10.09	11:50:00	152.879	152.893	152.747	152.791	793	0	20
2025.10.09	12:00:00	152.79	152.799	152.465	152.756	1811	0	20
2025.10.09	12:10:00	152.756	152.845	152.675	152.766	1461	0	20
2025.10.09	12:20:00	152.765	152.766	152.661	152.699	1195	0	20
2025.10.09	12:30:00	152.7	152.727	152.618	152.649	814	0	20
2025.10.09	12:40:00	152.649	152.66	152.578	152.601	792	0	20
2025.10.09	12:50:00	152.607	152.609	152.506	152.545	917	0	20
2025.10.09	13:00:00	152.544	152.581	152.485	152.538	555	0	20
2025.10.09	13:10:00	152.537	152.643	152.524	152.618	538	0	20
2025.10.09	13:20:00	152.618	152.652	152.585	152.626	499	0	20
2025.10.09	13:30:00	152.626	152.683	152.625	152.668	580	0	20
2025.10.09	13:40:00	152.668	152.727	152.661	152.698	555	0	20
2025.10.09	13:50:00	152.697	152.738	152.639	152.649	593	0	20
2025.10.09	14:00:00	152.648	152.801	152.643	152.789	939	0	20
2025.10.09	14:10:00	152.787	152.814	152.72	152.721	468	0	20
2025.10.09	14:20:00	152.723	152.764	152.684	152.711	437	0	21
2025.10.09	14:30:00	152.713	152.751	152.686	152.73	430	0	20
2025.10.09	14:40:00	152.729	152.729	152.649	152.719	430	0	20
2025.10.09	14:50:00	152.715	152.83	152.701	152.784	911	0	20
2025.10.09	15:00:00	152.784	152.801	152.713	152.772	1283	0	20
2025.10.09	15:10:00	152.773	152.821	152.744	152.765	1340	0	20
2025.10.09	15:20:00	152.769	152.783	152.709	152.731	608	0	20
2025.10.09	15:30:00	152.729	152.759	152.644	152.69	761	0	20
2025.10.09	15:40:00	152.69	152.834	152.69	152.764	1322	0	20
2025.10.09	15:50:00	152.765	152.833	152.729	152.737	1183	0	20
2025.10.09	16:00:00	152.735	152.858	152.17	152.722	2496	0	20
2025.10.09	16:10:00	152.714	152.714	152.099	152.634	2369	0	20
2025.10.09	16:20:00	152.633	152.71	152.544	152.623	1871	0	20
2025.10.09	16:30:00	152.622	152.826	152.614	152.802	1776	0	20
2025.10.09	16:40:00	152.803	152.945	152.782	152.89	1731	0	20
2025.10.09	16:50:00	152.891	152.905	152.8	152.855	1465	0	20
2025.10.09	17:00:00	152.855	152.97	152.852	152.945	1497	0	20
2025.10.09	17:10:00	152.946	152.98	152.889	152.946	1048	0	20
2025.10.09	17:20:00	152.947	153.174	152.926	153.142	1920	0	20
2025.10.09	17:30:00	153.142	153.167	153.005	153.007	1375	0	20
2025.10.09	17:40:00	153.009	153.014	152.911	152.996	1193	0	20
2025.10.09	17:50:00	152.996	153.043	152.913	153.032	896	0	20
2025.10.09	18:00:00	153.032	153.14	153.011	153.09	1133	0	20
2025.10.09	18:10:00	153.095	153.126	153.029	153.033	796	0	20
2025.10.09	18:20:00	153.032	153.166	153.029	153.15	817	0	20
2025.10.09	18:30:00	153.151	153.221	153.095	153.17	1516	0	20
2025.10.09	18:40:00	153.17	153.194	153.011	153.026	1429	0	20
2025.10.09	18:50:00	153.026	153.061	152.935	153.041	1313	0	20
2025.10.09	19:00:00	153.041	153.054	152.982	153.03	1047	0	20
2025.10.09	19:10:00	153.031	153.092	153.029	153.055	804	0	20
2025.10.09	19:20:00	153.056	153.09	153.018	153.027	978	0	20
2025.10.09	19:30:00	153.03	153.137	153.026	153.112	890	0	20
2025.10.09	19:40:00	153.11	153.114	153.05	153.051	1200	0	20
2025.10.09	19:50:00	153.051	153.054	152.983	152.992	1278	0	20
2025.10.09	20:00:00	152.993	153.059	152.901	153.009	1258	0	20
2025.10.09	20:10:00	153.01	153.067	152.959	152.98	1315	0	20
2025.10.09	20:20:00	152.979	153.01	152.901	152.903	1113	0	20
2025.10.09	20:30:00	152.899	152.98	152.898	152.977	771	0	20
2025.10.09	20:40:00	152.976	153.088	152.97	153.036	766	0	20
2025.10.09	20:50:00	153.035	153.046	153.009	153.042	895	0	20
2025.10.09	21:00:00	153.041	153.07	153.008	153.026	612	0	20
2025.10.09	21:10:00	153.026	153.051	152.994	152.995	585	0	20
2025.10.09	21:20:00	152.997	153.068	152.989	153.065	477	0	20
2025.10.09	21:30:00	153.067	153.133	153.05	153.092	540	0	20
2025.10.09	21:40:00	153.091	153.144	153.087	153.142	525	0	20
2025.10.09	21:50:00	153.143	153.203	153.133	153.169	917	0	20
2025.10.09	22:00:00	153.168	153.17	153.085	153.117	705	0	20
2025.10.09	22:10:00	153.117	153.164	153.112	153.155	607	0	20
2025.10.09	22:20:00	153.155	153.165	153.116	153.13	526	0	20
2025.10.09	22:30:00	153.13	153.152	153.102	153.104	714	0	20
2025.10.09	22:40:00	153.104	153.142	153.061	153.07	687	0	20
2025.10.09	22:50:00	153.071	153.085	153.038	153.056	760	0	20
2025.10.09	23:00:00	153.062	153.087	153.035	153.047	495	0	20
2025.10.09	23:10:00	153.049	153.068	153.036	153.061	161	0	20
2025.10.09	23:20:00	153.061	153.081	153.01	153.03	243	0	20
2025.10.09	23:30:00	153.03	153.046	152.995	153.045	240	0	20
2025.10.09	23:40:00	153.046	153.069	153.029	153.065	217	0	21
2025.10.09	23:50:00	153.065	153.088	153.052	153.059	699	0	23
2025.10.10	00:00:00	152.951	152.977	152.9	152.974	46	0	162
2025.10.10	00:10:00	152.984	153.006	152.949	152.998	31	0	134
2025.10.10	00:20:00	153.0	153.05	152.992	153.05	50	0	65
2025.10.10	00:30:00	153.05	153.052	153.044	153.05	16	0	62
2025.10.10	00:40:00	153.042	153.051	153.042	153.043	31	0	53
2025.10.10	00:50:00	153.044	153.05	153.036	153.042	74	0	41
2025.10.10	01:00:00	153.042	153.066	152.96	153.049	354	0	26
2025.10.10	01:10:00	153.057	153.072	153.022	153.024	321	0	20
2025.10.10	01:20:00	153.025	153.054	153.009	153.051	130	0	20
2025.10.10	01:30:00	153.052	153.061	153.031	153.041	144	0	20
2025.10.10	01:40:00	153.042	153.059	153.04	153.044	137	0	22
2025.10.10	01:50:00	153.042	153.044	153.019	153.019	113	0	23
2025.10.10	02:00:00	153.019	153.199	153.019	153.17	570	0	20
2025.10.10	02:10:00	153.169	153.262	153.132	153.148	855	0	20
2025.10.10	02:20:00	153.156	153.16	153.043	153.066	747	0	20
2025.10.10	02:30:00	153.066	153.113	153.036	153.078	665	0	20
2025.10.10	02:40:00	153.077	153.082	152.989	153.059	745	0	20
2025.10.10	02:50:00	153.059	153.067	152.953	153.014	1048	0	20
2025.10.10	03:00:00	153.014	153.124	152.95	153.119	1503	0	20
2025.10.10	03:10:00	153.12	153.154	153.103	153.148	867	0	20
2025.10.10	03:20:00	153.149	153.153	153.015	153.071	705	0	20
2025.10.10	03:30:00	153.075	153.125	153.049	153.054	652	0	20
2025.10.10	03:40:00	153.055	153.118	153.05	153.083	644	0	20
2025.10.10	03:50:00	153.084	153.123	152.935	152.946	1470	0	20
2025.10.10	04:00:00	152.945	152.993	152.849	152.901	1162	0	20
2025.10.10	04:10:00	152.9	152.933	152.829	152.872	802	0	20
2025.10.10	04:20:00	152.874	152.916	152.864	152.91	680	0	20
2025.10.10	04:30:00	152.907	152.966	152.906	152.954	692	0	20
2025.10.10	04:40:00	152.955	152.975	152.92	152.941	423	0	21
2025.10.10	04:50:00	152.942	153.04	152.932	153.01	627	0	20
2025.10.10	05:00:00	153.01	153.024	152.962	152.966	584	0	20
2025.10.10	05:10:00	152.966	152.97	152.856	152.907	791	0	20
2025.10.10	05:20:00	152.908	152.926	152.861	152.873	374	0	20
2025.10.10	05:30:00	152.872	152.945	152.855	152.931	320	0	20
2025.10.10	05:40:00	152.934	152.953	152.928	152.928	220	0	20
2025.10.10	05:50:00	152.928	152.946	152.889	152.903	526	0	20
2025.10.10	06:00:00	152.907	152.925	152.821	152.836	400	0	20
2025.10.10	06:10:00	152.836	152.886	152.827	152.828	488	0	20
2025.10.10	06:20:00	152.827	152.829	152.785	152.819	353	0	20
2025.10.10	06:30:00	152.819	152.828	152.71	152.741	387	0	20
2025.10.10	06:40:00	152.74	152.773	152.681	152.682	615	0	20
2025.10.10	06:50:00	152.681	152.69	152.635	152.655	427	0	20
2025.10.10	07:00:00	152.654	152.694	152.628	152.651	427	0	20
2025.10.10	07:10:00	152.651	152.754	152.651	152.736	338	0	20
2025.10.10	07:20:00	152.737	152.751	152.658	152.723	339	0	20
2025.10.10	07:30:00	152.724	152.788	152.724	152.772	281	0	20
2025.10.10	07:40:00	152.772	152.82	152.758	152.805	388	0	20
2025.10.10	07:50:00	152.804	152.807	152.738	152.742	317	0	20
2025.10.10	08:00:00	152.742	152.762	152.676	152.697	500	0	20
2025.10.10	08:10:00	152.698	152.769	152.688	152.734	423	0	20
2025.10.10	08:20:00	152.734	152.757	152.71	152.748	337	0	20
2025.10.10	08:30:00	152.749	152.825	152.744	152.781	376	0	20
2025.10.10	08:40:00	152.784	152.807	152.741	152.781	316	0	20
2025.10.10	08:50:00	152.781	152.839	152.781	152.821	948	0	20
2025.10.10	09:00:00	152.817	152.889	152.81	152.828	634	0	20
2025.10.10	09:10:00	152.825	152.906	152.819	152.902	659	0	20
2025.10.10	09:20:00	152.901	152.905	152.819	152.843	708	0	20
2025.10.10	09:30:00	152.843	152.887	152.366	152.651	2098	0	20
2025.10.10	09:40:00	152.655	152.8	152.584	152.595	1667	0	20
2025.10.10	09:50:00	152.594	152.655	152.487	152.521	1848	0	20
2025.10.10	10:00:00	152.521	152.659	152.475	152.624	2357	0	20
2025.10.10	10:10:00	152.623	152.754	152.588	152.74	2126	0	20
2025.10.10	10:20:00	152.741	152.939	152.738	152.879	1616	0	20
2025.10.10	10:30:00	152.879	152.907	152.811	152.853	1318	0	20
2025.10.10	10:40:00	152.853	152.896	152.795	152.877	1089	0	20
2025.10.10	10:50:00	152.877	152.896	152.805	152.836	1056	0	20
2025.10.10	11:00:00	152.837	152.926	152.755	152.762	1387	0	20
2025.10.10	11:10:00	152.768	152.773	152.657	152.68	1321	0	20
2025.10.10	11:20:00	152.681	152.709	152.583	152.631	884	0	20
2025.10.10	11:30:00	152.632	152.725	152.631	152.671	1000	0	20
2025.10.10	11:40:00	152.671	152.749	152.671	152.683	875	0	20
2025.10.10	11:50:00	152.684	152.718	152.634	152.635	965	0	20
2025.10.10	12:00:00	152.635	152.686	152.601	152.671	849	0	20
2025.10.10	12:10:00	152.671	152.716	152.649	152.699	900	0	20
2025.10.10	12:20:00	152.698	152.779	152.662	152.765	1001	0	20
2025.10.10	12:30:00	152.764	152.835	152.755	152.822	478	0	21
2025.10.10	12:40:00	152.82	152.836	152.782	152.784	648	0	20
2025.10.10	12:50:00	152.785	152.804	152.747	152.783	1095	0	20
2025.10.10	13:00:00	152.78	152.803	152.715	152.727	916	0	20
2025.10.10	13:10:00	152.719	152.733	152.666	152.669	474	0	20
2025.10.10	13:20:00	152.669	152.685	152.621	152.67	677	0	20
2025.10.10	13:30:00	152.669	152.734	152.665	152.728	527	0	20
2025.10.10	13:40:00	152.728	152.738	152.699	152.702	492	0	20
2025.10.10	13:50:00	152.703	152.73	152.66	152.71	514	0	20
2025.10.10	14:00:00	152.71	152.749	152.687	152.717	568	0	20
2025.10.10	14:10:00	152.716	152.73	152.669	152.707	553	0	20
2025.10.10	14:20:00	152.709	152.711	152.661	152.693	567	0	21
2025.10.10	14:30:00	152.694	152.731	152.598	152.614	966	0	20
2025.10.10	14:40:00	152.613	152.633	152.534	152.557	786	0	20
2025.10.10	14:50:00	152.559	152.633	152.549	152.624	722	0	20
2025.10.10	15:00:00	152.623	152.64	152.511	152.512	782	0	20
2025.10.10	15:10:00	152.511	152.565	152.507	152.525	868	0	20
2025.10.10	15:20:00	152.533	152.58	152.507	152.561	719	0	20
2025.10.10	15:30:00	152.562	152.603	152.523	152.532	795	0	20
2025.10.10	15:40:00	152.532	152.58	152.523	152.557	585	0	20
2025.10.10	15:50:00	152.554	152.571	152.507	152.546	578	0	20
2025.10.10	16:00:00	152.547	152.68	152.54	152.662	1016	0	20
2025.10.10	16:10:00	152.66	152.66	152.519	152.531	1117	0	20
2025.10.10	16:20:00	152.531	152.653	152.525	152.638	1001	0	20
2025.10.10	16:30:00	152.634	152.681	152.58	152.67	1548	0	20
2025.10.10	16:40:00	152.669	152.669	152.591	152.611	1204	0	20
2025.10.10	16:50:00	152.61	152.653	152.585	152.645	857	0	20
2025.10.10	17:00:00	152.647	152.701	152.556	152.601	1358	0	20
2025.10.10	17:10:00	152.602	152.623	152.543	152.565	1345	0	20
2025.10.10	17:20:00	152.566	152.652	152.562	152.614	1332	0	20
2025.10.10	17:30:00	152.616	152.636	152.584	152.6	950	0	20
2025.10.10	17:40:00	152.597	152.637	152.544	152.566	865	0	20
2025.10.10	17:50:00	152.568	152.572	152.408	152.45	1549	0	20
2025.10.10	18:00:00	152.448	152.448	151.822	151.915	3595	0	20
2025.10.10	18:10:00	151.928	152.052	151.819	151.839	2869	0	20
2025.10.10	18:20:00	151.839	151.859	151.6	151.601	3062	0	20
2025.10.10	18:30:00	151.6	151.713	151.494	151.668	3180	0	20
2025.10.10	18:40:00	151.67	151.926	151.611	151.861	3233	0	20
2025.10.10	18:50:00	151.861	151.957	151.813	151.933	2738	0	20
2025.10.10	19:00:00	151.933	151.971	151.832	151.885	2435	0	20
2025.10.10	19:10:00	151.884	152.098	151.872	152.086	1952	0	20
2025.10.10	19:20:00	152.084	152.176	152.028	152.075	1881	0	20
2025.10.10	19:30:00	152.074	152.125	151.976	152.043	1684	0	20
2025.10.10	19:40:00	152.044	152.044	151.943	151.963	1592	0	20
2025.10.10	19:50:00	151.962	152.014	151.858	151.878	1317	0	20
2025.10.10	20:00:00	151.877	151.908	151.767	151.824	1422	0	20
2025.10.10	20:10:00	151.826	151.937	151.737	151.749	1598	0	20
2025.10.10	20:20:00	151.746	151.841	151.71	151.831	1658	0	20
2025.10.10	20:30:00	151.83	151.905	151.823	151.883	1234	0	20
2025.10.10	20:40:00	151.884	151.933	151.83	151.888	909	0	20
2025.10.10	20:50:00	151.887	151.89	151.824	151.857	887	0	20
2025.10.10	21:00:00	151.857	151.889	151.759	151.763	1085	0	20
2025.10.10	21:10:00	151.764	151.844	151.75	151.831	807	0	20
2025.10.10	21:20:00	151.832	151.851	151.742	151.754	927	0	20
2025.10.10	21:30:00	151.753	151.776	151.72	151.744	721	0	20
2025.10.10	21:40:00	151.745	151.753	151.696	151.725	975	0	20
2025.10.10	21:50:00	151.719	151.72	151.622	151.707	1221	0	20
2025.10.10	22:00:00	151.706	151.795	151.705	151.723	949	0	20
2025.10.10	22:10:00	151.723	151.761	151.682	151.716	822	0	20
2025.10.10	22:20:00	151.717	151.733	151.63	151.636	769	0	20
2025.10.10	22:30:00	151.627	151.641	151.52	151.548	721	0	20
2025.10.10	22:40:00	151.548	151.678	151.546	151.636	1022	0	20
2025.10.10	22:50:00	151.637	151.645	151.538	151.579	946	0	20
2025.10.10	23:00:00	151.579	151.642	151.564	151.628	621	0	20
2025.10.10	23:10:00	151.627	151.668	151.584	151.584	359	0	20
2025.10.10	23:20:00	151.585	151.651	151.582	151.63	272	0	20
2025.10.10	23:30:00	151.63	151.681	151.615	151.661	329	0	20
2025.10.10	23:40:00	151.661	151.712	151.657	151.676	374	0	25
2025.10.10	23:50:00	151.677	151.678	151.154	151.162	1644	0	20
2025.10.13	00:00:00	151.847	151.859	151.814	151.817	59	0	68
2025.10.13	00:10:00	151.818	151.848	151.773	151.837	47	0	60
2025.10.13	00:20:00	151.888	151.888	151.835	151.869	39	0	47
2025.10.13	00:30:00	151.869	151.869	151.792	151.855	66	0	39
2025.10.13	00:40:00	151.855	151.892	151.849	151.884	70	0	66
2025.10.13	00:50:00	151.883	151.892	151.783	151.783	116	0	47
2025.10.13	01:00:00	151.784	152.105	151.782	152.061	1095	0	23
2025.10.13	01:10:00	152.06	152.146	152.026	152.131	990	0	20
2025.10.13	01:20:00	152.13	152.267	152.043	152.045	763	0	20
2025.10.13	01:30:00	152.043	152.068	151.933	151.948	840	0	20
2025.10.13	01:40:00	151.953	151.985	151.855	151.954	666	0	20
2025.10.13	01:50:00	151.96	151.971	151.89	151.925	611	0	20
2025.10.13	02:00:00	151.918	151.94	151.729	151.846	1372	0	20
2025.10.13	02:10:00	151.843	151.945	151.829	151.876	746	0	20
2025.10.13	02:20:00	151.876	151.93	151.818	151.879	677	0	20
2025.10.13	02:30:00	151.879	151.932	151.815	151.918	1071	0	20
2025.10.13	02:40:00	151.92	152.046	151.903	151.951	1097	0	20
2025.10.13	02:50:00	151.951	152.077	151.919	152.058	1388	0	20
2025.10.13	03:00:00	152.057	152.067	151.945	152.005	2023	0	20
2025.10.13	03:10:00	152.008	152.025	151.928	151.973	1447	0	20
2025.10.13	03:20:00	151.973	152.005	151.903	151.958	1344	0	20
2025.10.13	03:30:00	151.959	151.997	151.922	151.948	1077	0	20
2025.10.13	03:40:00	151.947	151.949	151.843	151.87	1319	0	20
2025.10.13	03:50:00	151.871	151.876	151.791	151.834	1317	0	20
2025.10.13	04:00:00	151.835	151.968	151.798	151.923	1399	0	20
2025.10.13	04:10:00	151.924	151.954	151.875	151.918	1279	0	20
2025.10.13	04:20:00	151.917	151.963	151.867	151.947	954	0	20
2025.10.13	04:30:00	151.946	151.963	151.883	151.945	911	0	20
2025.10.13	04:40:00	151.945	151.958	151.904	151.933	936	0	20
2025.10.13	04:50:00	151.933	151.965	151.916	151.946	862	0	20
2025.10.13	05:00:00	151.946	151.964	151.845	151.879	913	0	21
2025.10.13	05:10:00	151.877	151.885	151.84	151.856	544	0	21
2025.10.13	05:20:00	151.856	151.952	151.856	151.95	494	0	20
2025.10.13	05:30:00	151.951	151.974	151.925	151.97	393	0	20
2025.10.13	05:40:00	151.965	151.975	151.937	151.969	589	0	21
2025.10.13	05:50:00	151.969	151.97	151.922	151.926	414	0	20
2025.10.13	06:00:00	151.926	151.948	151.891	151.923	505	0	20
2025.10.13	06:10:00	151.924	151.96	151.922	151.946	296	0	21
2025.10.13	06:20:00	151.947	151.976	151.943	151.97	335	0	20
2025.10.13	06:30:00	151.972	152.003	151.954	151.97	468	0	20
2025.10.13	06:40:00	151.971	151.973	151.905	151.94	486	0	20
2025.10.13	06:50:00	151.939	151.973	151.906	151.92	484	0	20
2025.10.13	07:00:00	151.92	151.957	151.915	151.925	281	0	20
2025.10.13	07:10:00	151.925	151.931	151.798	151.852	403	0	20
2025.10.13	07:20:00	151.854	151.866	151.831	151.866	187	0	20
2025.10.13	07:30:00	151.865	151.876	151.843	151.856	259	0	20
2025.10.13	07:40:00	151.857	151.916	151.855	151.905	206	0	20
2025.10.13	07:50:00	151.911	151.945	151.9	151.901	328	0	20
2025.10.13	08:00:00	151.896	151.902	151.849	151.854	394	0	20
2025.10.13	08:10:00	151.857	151.882	151.76	151.785	519	0	20
2025.10.13	08:20:00	151.783	151.822	151.755	151.82	296	0	20
2025.10.13	08:30:00	151.821	151.833	151.78	151.799	490	0	20
2025.10.13	08:40:00	151.8	151.823	151.786	151.821	252	0	20
2025.10.13	08:50:00	151.823	151.89	151.82	151.866	716	0	21
2025.10.13	09:00:00	151.863	151.916	151.814	151.857	1075	0	20
2025.10.13	09:10:00	151.857	151.867	151.712	151.728	1276	0	20
2025.10.13	09:20:00	151.728	151.822	151.712	151.817	903	0	20
2025.10.13	09:30:00	151.816	151.851	151.782	151.847	1042	0	20
2025.10.13	09:40:00	151.846	151.949	151.79	151.949	777	0	20
2025.10.13	09:50:00	151.951	152.014	151.9	151.932	1331	0	20
2025.10.13	10:00:00	151.933	152.175	151.901	152.174	1624	0	20
2025.10.13	10:10:00	152.176	152.257	152.147	152.226	1315	0	20
2025.10.13	10:20:00	152.228	152.302	152.164	152.268	1243	0	20
2025.10.13	10:30:00	152.267	152.364	152.261	152.27	1170	0	20
2025.10.13	10:40:00	152.269	152.275	152.216	152.232	875	0	20
2025.10.13	10:50:00	152.235	152.327	152.212	152.289	929	0	20
2025.10.13	11:00:00	152.293	152.319	152.266	152.291	994	0	20
2025.10.13	11:10:00	152.292	152.312	152.24	152.291	658	0	20
2025.10.13	11:20:00	152.293	152.361	152.272	152.353	609	0	20
2025.10.13	11:30:00	152.354	152.438	152.35	152.37	827	0	21
2025.10.13	11:40:00	152.37	152.37	152.266	152.308	835	0	20
2025.10.13	11:50:00	152.309	152.336	152.285	152.33	730	0	20
2025.10.13	12:00:00	152.331	152.359	152.231	152.25	733	0	20
2025.10.13	12:10:00	152.25	152.267	152.204	152.235	439	0	20
2025.10.13	12:20:00	152.235	152.239	152.197	152.22	325	0	21
2025.10.13	12:30:00	152.22	152.229	152.17	152.175	474	0	20
2025.10.13	12:40:00	152.172	152.239	152.15	152.201	596	0	20
2025.10.13	12:50:00	152.2	152.211	152.152	152.161	882	0	20
2025.10.13	13:00:00	152.16	152.178	152.148	152.153	506	0	20
2025.10.13	13:10:00	152.152	152.191	152.125	152.145	801	0	20
2025.10.13	13:20:00	152.145	152.221	152.134	152.186	689	0	20
2025.10.13	13:30:00	152.185	152.188	152.149	152.152	564	0	20
2025.10.13	13:40:00	152.152	152.171	152.137	152.151	440	0	20
2025.10.13	13:50:00	152.153	152.17	152.117	152.159	374	0	20
2025.10.13	14:00:00	152.16	152.162	151.968	152.024	1696	0	20
2025.10.13	14:10:00	152.025	152.075	152.0	152.024	1243	0	20
2025.10.13	14:20:00	152.024	152.06	151.991	152.013	717	0	20
2025.10.13	14:30:00	152.013	152.071	151.975	152.07	784	0	20
2025.10.13	14:40:00	152.071	152.12	152.054	152.055	894	0	20
2025.10.13	14:50:00	152.055	152.128	152.023	152.097	790	0	20
2025.10.13	15:00:00	152.094	152.132	152.052	152.096	1006	0	20
2025.10.13	15:10:00	152.097	152.106	152.041	152.073	827	0	20
2025.10.13	15:20:00	152.074	152.131	152.072	152.117	586	0	20
2025.10.13	15:30:00	152.116	152.169	152.096	152.167	1146	0	20
2025.10.13	15:40:00	152.167	152.214	152.15	152.211	1027	0	20
2025.10.13	15:50:00	152.21	152.258	152.196	152.204	828	0	20
2025.10.13	16:00:00	152.204	152.253	152.181	152.187	1437	0	20
2025.10.13	16:10:00	152.186	152.235	152.166	152.225	662	0	20
2025.10.13	16:20:00	152.226	152.242	152.15	152.155	567	0	20
2025.10.13	16:30:00	152.154	152.197	152.105	152.108	1026	0	20
2025.10.13	16:40:00	152.108	152.21	152.094	152.123	1203	0	20
2025.10.13	16:50:00	152.123	152.18	152.107	152.178	1055	0	20
2025.10.13	17:00:00	152.18	152.269	152.171	152.266	927	0	20
2025.10.13	17:10:00	152.266	152.399	152.266	152.348	1207	0	20
2025.10.13	17:20:00	152.349	152.383	152.336	152.371	1488	0	20
2025.10.13	17:30:00	152.371	152.438	152.357	152.411	1292	0	20
2025.10.13	17:40:00	152.41	152.432	152.342	152.346	1194	0	20
2025.10.13	17:50:00	152.345	152.366	152.301	152.363	906	0	20
2025.10.13	18:00:00	152.363	152.382	152.329	152.342	855	0	20
2025.10.13	18:10:00	152.342	152.37	152.265	152.287	1133	0	20
2025.10.13	18:20:00	152.288	152.31	152.251	152.295	1008	0	20
2025.10.13	18:30:00	152.296	152.309	152.252	152.28	799	0	20
2025.10.13	18:40:00	152.281	152.295	152.235	152.27	695	0	20
2025.10.13	18:50:00	152.269	152.281	152.232	152.249	894	0	20
2025.10.13	19:00:00	152.249	152.249	152.188	152.207	831	0	20
2025.10.13	19:10:00	152.206	152.232	152.188	152.224	514	0	20
2025.10.13	19:20:00	152.226	152.256	152.217	152.234	485	0	20
2025.10.13	19:30:00	152.234	152.281	152.232	152.277	390	0	22
2025.10.13	19:40:00	152.277	152.281	152.243	152.245	286	0	21
2025.10.13	19:50:00	152.249	152.29	152.242	152.269	442	0	22
2025.10.13	20:00:00	152.27	152.301	152.255	152.292	258	0	21
2025.10.13	20:10:00	152.292	152.337	152.275	152.279	368	0	21
2025.10.13	20:20:00	152.28	152.287	152.238	152.255	372	0	20
2025.10.13	20:30:00	152.254	152.268	152.229	152.261	376	0	20
2025.10.13	20:40:00	152.265	152.275	152.227	152.233	420	0	20
2025.10.13	20:50:00	152.232	152.255	152.221	152.253	645	0	20
2025.10.13	21:00:00	152.255	152.256	152.216	152.231	300	0	22
2025.10.13	21:10:00	152.23	152.253	152.216	152.22	260	0	21
2025.10.13	21:20:00	152.221	152.245	152.218	152.241	256	0	21
2025.10.13	21:30:00	152.242	152.255	152.208	152.252	343	0	20
2025.10.13	21:40:00	152.252	152.287	152.252	152.286	228	0	20
2025.10.13	21:50:00	152.286	152.325	152.275	152.275	566	0	20
2025.10.13	22:00:00	152.274	152.278	152.249	152.254	440	0	20
2025.10.13	22:10:00	152.253	152.266	152.252	152.254	231	0	20
2025.10.13	22:20:00	152.255	152.27	152.243	152.265	293	0	21
2025.10.13	22:30:00	152.265	152.288	152.253	152.279	273	0	20
2025.10.13	22:40:00	152.279	152.293	152.27	152.283	306	0	21
2025.10.13	22:50:00	152.286	152.315	152.283	152.314	290	0	21
2025.10.13	23:00:00	152.313	152.323	152.29	152.321	208	0	20
2025.10.13	23:10:00	152.321	152.324	152.298	152.31	275	0	21
2025.10.13	23:20:00	152.31	152.34	152.297	152.335	375	0	21
2025.10.13	23:30:00	152.336	152.339	152.316	152.328	170	0	22
2025.10.13	23:40:00	152.327	152.328	152.3	152.304	542	0	22
2025.10.13	23:50:00	152.305	152.328	152.261	152.28	449	0	20
2025.10.14	00:00:00	152.144	152.144	152.124	152.131	27	0	162
2025.10.14	00:10:00	152.131	152.145	152.124	152.137	35	0	150
2025.10.14	00:20:00	152.137	152.159	152.137	152.146	14	0	137
2025.10.14	00:30:00	152.147	152.179	152.146	152.149	154	0	116
2025.10.14	00:40:00	152.149	152.178	152.111	152.135	344	0	113
2025.10.14	00:50:00	152.136	152.226	152.105	152.181	249	0	61
2025.10.14	01:00:00	152.181	152.247	152.181	152.202	218	0	20
2025.10.14	01:10:00	152.202	152.215	152.179	152.189	111	0	21
2025.10.14	01:20:00	152.188	152.261	152.188	152.261	156	0	20
2025.10.14	01:30:00	152.261	152.283	152.252	152.262	119	0	22
2025.10.14	01:40:00	152.261	152.313	152.259	152.298	107	0	20
2025.10.14	01:50:00	152.299	152.335	152.26	152.332	243	0	21
2025.10.14	02:00:00	152.331	152.361	152.317	152.356	311	0	22
2025.10.14	02:10:00	152.356	152.368	152.306	152.319	350	0	20
2025.10.14	02:20:00	152.32	152.334	152.299	152.334	213	0	20
2025.10.14	02:30:00	152.335	152.343	152.269	152.287	252	0	20
2025.10.14	02:40:00	152.287	152.347	152.282	152.346	665	0	20
2025.10.14	02:50:00	152.349	152.45	152.345	152.446	811	0	20
2025.10.14	03:00:00	152.445	152.523	152.417	152.479	1672	0	20
2025.10.14	03:10:00	152.475	152.526	152.442	152.504	1136	0	20
2025.10.14	03:20:00	152.506	152.568	152.49	152.561	615	0	20
2025.10.14	03:30:00	152.561	152.603	152.525	152.55	841	0	20
2025.10.14	03:40:00	152.551	152.558	152.489	152.532	644	0	20
2025.10.14	03:50:00	152.533	152.552	152.427	152.456	1034	0	20
2025.10.14	04:00:00	152.455	152.459	152.357	152.369	1267	0	20
2025.10.14	04:10:00	152.37	152.442	152.343	152.428	874	0	20
2025.10.14	04:20:00	152.427	152.489	152.424	152.466	773	0	20
2025.10.14	04:30:00	152.464	152.488	152.406	152.449	938	0	20
2025.10.14	04:40:00	152.448	152.477	152.421	152.424	812	0	20
2025.10.14	04:50:00	152.422	152.455	152.37	152.447	543	0	20
2025.10.14	05:00:00	152.448	152.457	152.385	152.434	609	0	20
2025.10.14	05:10:00	152.434	152.462	152.423	152.459	339	0	20
2025.10.14	05:20:00	152.458	152.466	152.43	152.434	464	0	21
2025.10.14	05:30:00	152.435	152.475	152.431	152.447	526	0	20
2025.10.14	05:40:00	152.446	152.466	152.425	152.425	673	0	20
2025.10.14	05:50:00	152.425	152.434	152.349	152.37	474	0	20
2025.10.14	06:00:00	152.37	152.383	152.305	152.309	593	0	20
2025.10.14	06:10:00	152.309	152.328	152.285	152.315	532	0	20
2025.10.14	06:20:00	152.315	152.316	152.29	152.302	395	0	20
2025.10.14	06:30:00	152.303	152.303	152.165	152.205	619	0	20
2025.10.14	06:40:00	152.209	152.209	152.038	152.056	567	0	20
2025.10.14	06:50:00	152.057	152.147	152.056	152.138	524	0	20
2025.10.14	07:00:00	152.137	152.139	151.982	152.033	837	0	20
2025.10.14	07:10:00	152.033	152.036	151.776	151.793	1714	0	20
2025.10.14	07:20:00	151.794	151.887	151.771	151.837	1352	0	20
2025.10.14	07:30:00	151.837	151.91	151.81	151.895	1363	0	20
2025.10.14	07:40:00	151.896	151.917	151.804	151.807	1010	0	20
2025.10.14	07:50:00	151.807	151.853	151.771	151.849	838	0	20
2025.10.14	08:00:00	151.849	151.866	151.799	151.85	988	0	20
2025.10.14	08:10:00	151.854	151.918	151.85	151.917	637	0	20
2025.10.14	08:20:00	151.918	151.935	151.871	151.88	665	0	20
2025.10.14	08:30:00	151.882	151.891	151.662	151.693	1256	0	20
2025.10.14	08:40:00	151.695	151.748	151.661	151.728	1489	0	20
2025.10.14	08:50:00	151.728	151.784	151.688	151.703	1322	0	20
2025.10.14	09:00:00	151.703	151.806	151.606	151.806	1925	0	20
2025.10.14	09:10:00	151.806	151.884	151.78	151.785	1322	0	20
2025.10.14	09:20:00	151.787	151.824	151.693	151.752	1445	0	20
2025.10.14	09:30:00	151.752	151.875	151.752	151.818	1265	0	20
2025.10.14	09:40:00	151.814	151.964	151.78	151.954	1176	0	20
2025.10.14	09:50:00	151.955	151.965	151.874	151.885	1205	0	20
2025.10.14	10:00:00	151.886	151.886	151.663	151.731	1639	0	20
2025.10.14	10:10:00	151.739	151.925	151.739	151.9	1568	0	20
2025.10.14	10:20:00	151.901	151.956	151.805	151.947	1535	0	20
2025.10.14	10:30:00	151.947	152.063	151.833	151.926	1858	0	20
2025.10.14	10:40:00	151.927	151.951	151.832	151.946	2435	0	20
2025.10.14	10:50:00	151.947	151.991	151.908	151.951	1372	0	20
2025.10.14	11:00:00	151.954	152.059	151.924	152.038	1728	0	20
2025.10.14	11:10:00	152.038	152.114	152.012	152.041	1169	0	20
2025.10.14	11:20:00	152.042	152.088	152.03	152.059	1101	0	20
2025.10.14	11:30:00	152.059	152.067	151.97	152.005	1165	0	20
2025.10.14	11:40:00	152.007	152.036	151.921	151.939	948	0	20
2025.10.14	11:50:00	151.94	151.984	151.925	151.966	675	0	20
2025.10.14	12:00:00	151.965	152.085	151.964	152.083	859	0	20
2025.10.14	12:10:00	152.082	152.143	152.069	152.082	746	0	20
2025.10.14	12:20:00	152.082	152.082	152.025	152.052	767	0	20
2025.10.14	12:30:00	152.053	152.068	151.974	151.988	765	0	20
2025.10.14	12:40:00	151.987	152.058	151.963	151.973	739	0	20
2025.10.14	12:50:00	151.973	152.107	151.964	152.1	1092	0	20
2025.10.14	13:00:00	152.101	152.114	152.005	152.018	1377	0	20
2025.10.14	13:10:00	152.017	152.017	151.954	152.015	912	0	20
2025.10.14	13:20:00	152.015	152.071	152.009	152.01	626	0	20
2025.10.14	13:30:00	152.006	152.02	151.955	151.98	891	0	20
2025.10.14	13:40:00	151.98	152.001	151.924	151.993	840	0	20
2025.10.14	13:50:00	151.991	151.994	151.903	151.937	842	0	20
2025.10.14	14:00:00	151.936	152.069	151.93	152.038	957	0	20
2025.10.14	14:10:00	152.039	152.057	152.0	152.041	673	0	20
2025.10.14	14:20:00	152.04	152.077	152.029	152.03	999	0	20
2025.10.14	14:30:00	152.027	152.081	152.001	152.075	567	0	20
2025.10.14	14:40:00	152.075	152.117	152.049	152.062	692	0	20
2025.10.14	14:50:00	152.062	152.095	152.043	152.083	982	0	20
2025.10.14	15:00:00	152.084	152.117	152.05	152.075	1045	0	20
2025.10.14	15:10:00	152.073	152.099	151.965	151.987	971	0	20
2025.10.14	15:20:00	151.985	152.0	151.851	151.922	973	0	20
2025.10.14	15:30:00	151.922	151.971	151.858	151.967	770	0	20
2025.10.14	15:40:00	151.965	152.082	151.919	152.059	1100	0	20
2025.10.14	15:50:00	152.059	152.091	152.009	152.036	1137	0	20
2025.10.14	16:00:00	152.035	152.152	152.034	152.093	1272	0	20
2025.10.14	16:10:00	152.094	152.094	151.964	151.99	1178	0	20
2025.10.14	16:20:00	151.99	152.035	151.931	151.969	1772	0	20
2025.10.14	16:30:00	151.971	152.047	151.861	151.873	2260	0	20
2025.10.14	16:40:00	151.876	151.92	151.81	151.863	1780	0	20
2025.10.14	16:50:00	151.864	151.992	151.834	151.987	1678	0	20
2025.10.14	17:00:00	151.987	152.078	151.946	151.952	1755	0	20
2025.10.14	17:10:00	151.953	151.986	151.91	151.978	1597	0	20
2025.10.14	17:20:00	151.979	152.074	151.925	152.071	1689	0	20
2025.10.14	17:30:00	152.071	152.093	151.994	152.004	1572	0	20
2025.10.14	17:40:00	152.005	152.015	151.932	152.012	1456	0	20
2025.10.14	17:50:00	152.012	152.026	151.82	151.821	1340	0	20
2025.10.14	18:00:00	151.82	151.927	151.806	151.912	1321	0	20
2025.10.14	18:10:00	151.912	151.926	151.785	151.801	1065	0	20
2025.10.14	18:20:00	151.806	151.88	151.802	151.833	1048	0	20
2025.10.14	18:30:00	151.833	151.879	151.762	151.82	1145	0	20
2025.10.14	18:40:00	151.816	151.869	151.73	151.816	2010	0	20
2025.10.14	18:50:00	151.817	151.848	151.764	151.771	1708	0	20
2025.10.14	19:00:00	151.77	151.799	151.739	151.781	1256	0	20
2025.10.14	19:10:00	151.782	151.821	151.672	151.682	1326	0	20
2025.10.14	19:20:00	151.684	151.907	151.671	151.811	1556	0	20
2025.10.14	19:30:00	151.811	151.861	151.733	151.733	1096	0	20
2025.10.14	19:40:00	151.735	151.735	151.657	151.72	758	0	20
2025.10.14	19:50:00	151.719	151.741	151.674	151.724	738	0	20
2025.10.14	20:00:00	151.725	151.778	151.663	151.766	989	0	20
2025.10.14	20:10:00	151.766	151.85	151.765	151.849	654	0	20
2025.10.14	20:20:00	151.849	151.858	151.798	151.835	606	0	20
2025.10.14	20:30:00	151.836	151.84	151.765	151.802	505	0	20
2025.10.14	20:40:00	151.799	151.805	151.743	151.756	426	0	20
2025.10.14	20:50:00	151.759	151.79	151.697	151.719	812	0	20
2025.10.14	21:00:00	151.72	151.745	151.688	151.742	608	0	20
2025.10.14	21:10:00	151.742	151.775	151.721	151.767	872	0	21
2025.10.14	21:20:00	151.767	151.778	151.725	151.756	709	0	20
2025.10.14	21:30:00	151.757	151.78	151.726	151.743	676	0	20
2025.10.14	21:40:00	151.744	151.791	151.741	151.787	659	0	20
2025.10.14	21:50:00	151.786	151.787	151.728	151.752	883	0	20
2025.10.14	22:00:00	151.751	151.765	151.698	151.707	678	0	20
2025.10.14	22:10:00	151.707	151.755	151.705	151.749	531	0	20
2025.10.14	22:20:00	151.748	151.749	151.711	151.729	629	0	20
2025.10.14	22:30:00	151.728	151.731	151.594	151.665	1474	0	20
2025.10.14	22:40:00	151.666	151.681	151.593	151.661	1504	0	20
2025.10.14	22:50:00	151.668	151.711	151.649	151.676	805	0	20
2025.10.14	23:00:00	151.677	151.752	151.677	151.698	575	0	20
2025.10.14	23:10:00	151.697	151.751	151.697	151.751	288	0	20
2025.10.14	23:20:00	151.749	151.788	151.738	151.776	158	0	20
2025.10.14	23:30:00	151.776	151.812	151.776	151.799	219	0	20
2025.10.14	23:40:00	151.8	151.802	151.78	151.786	181	0	20
2025.10.14	23:50:00	151.787	151.818	151.78	151.818	374	0	24
2025.10.15	00:00:00	151.714	151.728	151.657	151.668	20	0	117
2025.10.15	00:10:00	151.661	151.668	151.647	151.668	19	0	221
2025.10.15	00:20:00	151.682	151.735	151.658	151.735	33	0	119
2025.10.15	00:30:00	151.735	151.741	151.67	151.725	85	0	92
2025.10.15	00:40:00	151.726	151.728	151.717	151.723	43	0	94
2025.10.15	00:50:00	151.72	151.726	151.671	151.688	38	0	89
2025.10.15	01:00:00	151.688	151.861	151.684	151.797	289	0	20
2025.10.15	01:10:00	151.798	151.804	151.733	151.759	284	0	22
2025.10.15	01:20:00	151.76	151.79	151.749	151.786	360	0	24
2025.10.15	01:30:00	151.783	151.79	151.732	151.748	421	0	20
2025.10.15	01:40:00	151.747	151.778	151.735	151.763	373	0	24
2025.10.15	01:50:00	151.764	151.82	151.752	151.796	317	0	23
2025.10.15	02:00:00	151.795	151.827	151.775	151.805	294	0	21
2025.10.15	02:10:00	151.804	151.84	151.731	151.781	374	0	20
2025.10.15	02:20:00	151.782	151.785	151.734	151.764	333	0	20
2025.10.15	02:30:00	151.765	151.789	151.746	151.765	299	0	20
2025.10.15	02:40:00	151.765	151.773	151.709	151.73	387	0	20
2025.10.15	02:50:00	151.726	151.766	151.683	151.692	632	0	21
2025.10.15	03:00:00	151.698	151.803	151.621	151.796	1424	0	20
2025.10.15	03:10:00	151.795	151.825	151.743	151.745	840	0	20
2025.10.15	03:20:00	151.744	151.745	151.656	151.709	721	0	20
2025.10.15	03:30:00	151.708	151.743	151.594	151.636	907	0	20
2025.10.15	03:40:00	151.636	151.636	151.485	151.59	968	0	20
2025.10.15	03:50:00	151.595	151.628	151.528	151.553	1684	0	20
2025.10.15	04:00:00	151.544	151.594	151.406	151.411	1121	0	20
2025.10.15	04:10:00	151.412	151.449	151.317	151.334	1171	0	20
2025.10.15	04:20:00	151.334	151.402	151.311	151.384	830	0	20
2025.10.15	04:30:00	151.385	151.422	151.323	151.42	648	0	20
2025.10.15	04:40:00	151.419	151.443	151.333	151.336	585	0	20
2025.10.15	04:50:00	151.337	151.37	151.289	151.292	754	0	20
2025.10.15	05:00:00	151.292	151.304	151.129	151.131	753	0	20
2025.10.15	05:10:00	151.132	151.19	151.094	151.176	1020	0	20
2025.10.15	05:20:00	151.177	151.228	151.144	151.152	734	0	20
2025.10.15	05:30:00	151.152	151.167	151.039	151.05	975	0	20
2025.10.15	05:40:00	151.049	151.082	151.037	151.051	721	0	20
2025.10.15	05:50:00	151.051	151.083	151.022	151.047	555	0	20
2025.10.15	06:00:00	151.046	151.046	150.993	151.008	512	0	20
2025.10.15	06:10:00	151.009	151.099	151.005	151.079	437	0	21
2025.10.15	06:20:00	151.08	151.101	151.047	151.078	447	0	21
2025.10.15	06:30:00	151.077	151.136	151.07	151.129	409	0	20
2025.10.15	06:40:00	151.128	151.128	151.085	151.101	333	0	21
2025.10.15	06:50:00	151.1	151.156	151.091	151.127	265	0	20
2025.10.15	07:00:00	151.127	151.128	151.079	151.1	303	0	20
2025.10.15	07:10:00	151.101	151.149	151.09	151.146	313	0	20
2025.10.15	07:20:00	151.148	151.207	151.142	151.181	450	0	20
2025.10.15	07:30:00	151.18	151.236	151.176	151.224	277	0	20
2025.10.15	07:40:00	151.229	151.231	151.175	151.223	270	0	20
2025.10.15	07:50:00	151.223	151.24	151.214	151.236	249	0	20
2025.10.15	08:00:00	151.243	151.26	151.226	151.235	472	0	20
2025.10.15	08:10:00	151.234	151.26	151.222	151.228	246	0	20
2025.10.15	08:20:00	151.232	151.232	151.133	151.134	416	0	20
2025.10.15	08:30:00	151.136	151.194	151.1	151.171	459	0	20
2025.10.15	08:40:00	151.171	151.199	151.133	151.199	484	0	20
2025.10.15	08:50:00	151.198	151.238	151.187	151.192	665	0	20
2025.10.15	09:00:00	151.192	151.195	150.973	151.024	1004	0	20
2025.10.15	09:10:00	151.026	151.031	150.888	150.952	1292	0	20
2025.10.15	09:20:00	150.954	151.03	150.951	151.022	901	0	20
2025.10.15	09:30:00	151.022	151.07	151.01	151.047	688	0	20
2025.10.15	09:40:00	151.045	151.092	150.99	151.001	743	0	20
2025.10.15	09:50:00	151.001	151.037	150.959	151.026	924	0	20
2025.10.15	10:00:00	151.028	151.094	150.973	151.025	1293	0	20
2025.10.15	10:10:00	151.025	151.211	151.022	151.198	957	0	20
2025.10.15	10:20:00	151.2	151.258	151.173	151.247	796	0	20
2025.10.15	10:30:00	151.25	151.285	151.17	151.213	728	0	20
2025.10.15	10:40:00	151.213	151.239	151.085	151.186	862	0	20
2025.10.15	10:50:00	151.186	151.238	151.154	151.234	859	0	20
2025.10.15	11:00:00	151.235	151.296	151.175	151.234	1181	0	20
2025.10.15	11:10:00	151.235	151.363	151.234	151.333	1274	0	20
2025.10.15	11:20:00	151.334	151.387	151.215	151.234	1334	0	20
2025.10.15	11:30:00	151.228	151.247	151.141	151.177	636	0	20
2025.10.15	11:40:00	151.176	151.203	151.14	151.156	803	0	20
2025.10.15	11:50:00	151.157	151.234	151.114	151.208	1141	0	20
2025.10.15	12:00:00	151.208	151.346	151.208	151.306	848	0	20
2025.10.15	12:10:00	151.305	151.353	151.298	151.34	1048	0	20
2025.10.15	12:20:00	151.34	151.395	151.327	151.381	1287	0	20
2025.10.15	12:30:00	151.381	151.398	151.342	151.374	1032	0	20
2025.10.15	12:40:00	151.373	151.423	151.357	151.405	918	0	20
2025.10.15	12:50:00	151.405	151.407	151.317	151.334	941	0	20
2025.10.15	13:00:00	151.335	151.444	151.328	151.44	962	0	20
2025.10.15	13:10:00	151.441	151.484	151.397	151.43	974	0	20
2025.10.15	13:20:00	151.43	151.473	151.426	151.429	583	0	20
2025.10.15	13:30:00	151.428	151.456	151.404	151.416	665	0	20
2025.10.15	13:40:00	151.413	151.416	151.362	151.401	606	0	20
2025.10.15	13:50:00	151.401	151.41	151.335	151.355	379	0	20
2025.10.15	14:00:00	151.355	151.392	151.309	151.373	605	0	20
2025.10.15	14:10:00	151.379	151.379	151.326	151.344	486	0	20
2025.10.15	14:20:00	151.342	151.364	151.328	151.35	475	0	23
2025.10.15	14:30:00	151.349	151.418	151.34	151.372	620	0	20
2025.10.15	14:40:00	151.372	151.44	151.372	151.436	629	0	20
2025.10.15	14:50:00	151.435	151.5	151.425	151.486	1002	0	20
2025.10.15	15:00:00	151.486	151.549	151.445	151.534	981	0	20
2025.10.15	15:10:00	151.534	151.676	151.513	151.634	1309	0	20
2025.10.15	15:20:00	151.641	151.665	151.521	151.526	1646	0	20
2025.10.15	15:30:00	151.526	151.606	151.514	151.591	1749	0	20
2025.10.15	15:40:00	151.591	151.628	151.512	151.536	1560	0	20
2025.10.15	15:50:00	151.536	151.656	151.529	151.625	1567	0	20
2025.10.15	16:00:00	151.626	151.727	151.6	151.642	1263	0	20
2025.10.15	16:10:00	151.646	151.685	151.614	151.668	1310	0	20
2025.10.15	16:20:00	151.667	151.694	151.615	151.626	1111	0	20
2025.10.15	16:30:00	151.624	151.692	151.509	151.538	2188	0	20
2025.10.15	16:40:00	151.538	151.56	151.468	151.477	1628	0	20
2025.10.15	16:50:00	151.479	151.491	151.387	151.393	1904	0	20
2025.10.15	17:00:00	151.391	151.5	151.34	151.476	1377	0	20
2025.10.15	17:10:00	151.477	151.489	151.386	151.396	1079	0	20
2025.10.15	17:20:00	151.396	151.397	151.305	151.343	906	0	20
2025.10.15	17:30:00	151.343	151.431	151.33	151.42	663	0	20
2025.10.15	17:40:00	151.421	151.444	151.391	151.412	668	0	20
2025.10.15	17:50:00	151.413	151.423	151.311	151.39	958	0	20
2025.10.15	18:00:00	151.391	151.45	151.353	151.353	1035	0	20
2025.10.15	18:10:00	151.35	151.353	151.216	151.216	1007	0	20
2025.10.15	18:20:00	151.215	151.243	151.17	151.219	1021	0	20
2025.10.15	18:30:00	151.217	151.227	151.124	151.128	1191	0	20
2025.10.15	18:40:00	151.129	151.15	151.028	151.132	1305	0	20
2025.10.15	18:50:00	151.135	151.26	151.12	151.21	1506	0	20
2025.10.15	19:00:00	151.208	151.311	151.197	151.255	1342	0	20
2025.10.15	19:10:00	151.255	151.276	151.181	151.185	1183	0	20
2025.10.15	19:20:00	151.186	151.249	151.181	151.215	977	0	20
2025.10.15	19:30:00	151.215	151.266	151.183	151.226	914	0	20
2025.10.15	19:40:00	151.227	151.248	151.183	151.195	842	0	20
2025.10.15	19:50:00	151.195	151.225	151.165	151.181	659	0	20
2025.10.15	20:00:00	151.182	151.225	151.122	151.151	1053	0	20
2025.10.15	20:10:00	151.15	151.207	151.055	151.194	1609	0	20
2025.10.15	20:20:00	151.193	151.262	151.159	151.253	1239	0	20
2025.10.15	20:30:00	151.253	151.309	151.236	151.298	801	0	20
2025.10.15	20:40:00	151.297	151.319	151.262	151.286	778	0	20
2025.10.15	20:50:00	151.286	151.332	151.274	151.322	546	0	21
2025.10.15	21:00:00	151.321	151.38	151.275	151.336	838	0	20
2025.10.15	21:10:00	151.336	151.349	151.301	151.304	882	0	20
2025.10.15	21:20:00	151.304	151.331	151.207	151.256	1184	0	20
2025.10.15	21:30:00	151.255	151.316	151.244	151.283	825	0	20
2025.10.15	21:40:00	151.282	151.328	151.28	151.318	626	0	20
2025.10.15	21:50:00	151.318	151.351	151.316	151.323	775	0	20
2025.10.15	22:00:00	151.323	151.333	151.24	151.254	422	0	20
2025.10.15	22:10:00	151.254	151.274	151.235	151.253	500	0	20
2025.10.15	22:20:00	151.254	151.276	151.232	151.255	358	0	20
2025.10.15	22:30:00	151.256	151.267	151.227	151.241	409	0	20
2025.10.15	22:40:00	151.241	151.267	151.235	151.265	431	0	20
2025.10.15	22:50:00	151.265	151.269	151.222	151.246	662	0	20
2025.10.15	23:00:00	151.244	151.264	151.177	151.217	581	0	20
2025.10.15	23:10:00	151.217	151.254	151.217	151.245	246	0	20
2025.10.15	23:20:00	151.243	151.243	151.181	151.208	427	0	20
2025.10.15	23:30:00	151.208	151.209	151.102	151.103	300	0	20
2025.10.15	23:40:00	151.102	151.16	151.101	151.102	490	0	20
2025.10.15	23:50:00	151.101	151.124	151.03	151.038	651	0	20
2025.10.16	00:00:00	151.02	151.052	151.008	151.047	28	0	53
2025.10.16	00:10:00	151.049	151.111	151.01	151.111	79	0	44
2025.10.16	00:20:00	151.095	151.122	151.094	151.11	23	0	52
2025.10.16	00:30:00	151.111	151.111	151.02	151.056	34	0	51
2025.10.16	00:40:00	151.056	151.059	151.034	151.039	36	0	75
2025.10.16	00:50:00	151.039	151.041	150.999	151.029	83	0	52
2025.10.16	01:00:00	151.078	151.078	151.0	151.035	177	0	20
2025.10.16	01:10:00	151.035	151.072	151.034	151.044	267	0	22
2025.10.16	01:20:00	151.045	151.076	151.044	151.052	260	0	24
2025.10.16	01:30:00	151.053	151.059	150.924	150.936	390	0	20
2025.10.16	01:40:00	150.936	150.946	150.74	150.833	607	0	20
2025.10.16	01:50:00	150.834	150.909	150.821	150.905	493	0	21
2025.10.16	02:00:00	150.905	150.961	150.87	150.916	420	0	20
2025.10.16	02:10:00	150.916	150.985	150.916	150.954	354	0	20
2025.10.16	02:20:00	150.941	151.027	150.938	150.999	352	0	22
2025.10.16	02:30:00	150.999	151.012	150.989	150.995	311	0	22
2025.10.16	02:40:00	150.994	151.009	150.899	150.946	739	0	20
2025.10.16	02:50:00	150.948	150.993	150.924	150.978	696	0	20
2025.10.16	03:00:00	150.977	151.081	150.893	150.897	1496	0	20
2025.10.16	03:10:00	150.896	150.898	150.693	150.716	1315	0	20
2025.10.16	03:20:00	150.717	150.717	150.569	150.579	1172	0	20
2025.10.16	03:30:00	150.579	150.615	150.501	150.539	1535	0	20
2025.10.16	03:40:00	150.541	150.642	150.534	150.628	1053	0	20
2025.10.16	03:50:00	150.627	150.705	150.581	150.696	1489	0	20
2025.10.16	04:00:00	150.698	150.747	150.664	150.707	864	0	20
2025.10.16	04:10:00	150.71	150.756	150.632	150.711	1241	0	20
2025.10.16	04:20:00	150.711	150.716	150.633	150.661	1089	0	20
2025.10.16	04:30:00	150.66	150.716	150.554	150.556	1191	0	20
2025.10.16	04:40:00	150.558	150.595	150.516	150.525	842	0	20
2025.10.16	04:50:00	150.523	150.657	150.502	150.587	749	0	20
2025.10.16	05:00:00	150.586	150.622	150.557	150.595	722	0	20
2025.10.16	05:10:00	150.595	150.686	150.579	150.65	599	0	20
2025.10.16	05:20:00	150.649	150.724	150.644	150.72	507	0	20
2025.10.16	05:30:00	150.72	150.735	150.683	150.696	712	0	20
2025.10.16	05:40:00	150.695	150.742	150.685	150.715	678	0	20
2025.10.16	05:50:00	150.714	150.768	150.699	150.763	514	0	20
2025.10.16	06:00:00	150.764	150.818	150.749	150.773	666	0	21
2025.10.16	06:10:00	150.772	150.834	150.718	150.73	564	0	20
2025.10.16	06:20:00	150.729	150.868	150.726	150.815	570	0	20
2025.10.16	06:30:00	150.818	150.875	150.813	150.87	594	0	20
2025.10.16	06:40:00	150.871	150.876	150.823	150.826	460	0	21
2025.10.16	06:50:00	150.823	150.862	150.819	150.86	474	0	20
2025.10.16	07:00:00	150.861	150.886	150.853	150.865	227	0	20
2025.10.16	07:10:00	150.865	150.932	150.864	150.907	326	0	20
2025.10.16	07:20:00	150.906	150.936	150.889	150.936	259	0	20
2025.10.16	07:30:00	150.932	150.957	150.932	150.956	127	0	21
2025.10.16	07:40:00	150.956	151.102	150.93	151.061	580	0	20
2025.10.16	07:50:00	151.062	151.066	151.01	151.029	325	0	21
2025.10.16	08:00:00	151.029	151.093	151.007	151.085	554	0	20
2025.10.16	08:10:00	151.086	151.141	151.048	151.105	809	0	20
2025.10.16	08:20:00	151.105	151.181	151.077	151.079	776	0	20
2025.10.16	08:30:00	151.08	151.159	151.08	151.122	1234	0	20
2025.10.16	08:40:00	151.122	151.145	151.05	151.069	808	0	20
2025.10.16	08:50:00	151.07	151.089	151.029	151.046	844	0	20
2025.10.16	09:00:00	151.047	151.111	151.008	151.026	1268	0	20
2025.10.16	09:10:00	151.027	151.09	150.994	150.998	1433	0	20
2025.10.16	09:20:00	151.005	151.08	150.951	151.063	1387	0	20
2025.10.16	09:30:00	151.064	151.213	151.064	151.166	1061	0	20
2025.10.16	09:40:00	151.168	151.26	151.168	151.179	850	0	20
2025.10.16	09:50:00	151.179	151.248	151.163	151.19	937	0	20
2025.10.16	10:00:00	151.192	151.22	151.121	151.171	1265	0	20
2025.10.16	10:10:00	151.17	151.17	151.04	151.05	1242	0	20
2025.10.16	10:20:00	151.054	151.089	151.017	151.07	888	0	20
2025.10.16	10:30:00	151.072	151.117	151.034	151.034	653	0	20
2025.10.16	10:40:00	151.034	151.05	150.931	150.952	978	0	20
2025.10.16	10:50:00	150.956	151.372	150.956	151.232	1500	0	20
2025.10.16	11:00:00	151.233	151.277	151.084	151.114	1049	0	20
2025.10.16	11:10:00	151.118	151.192	151.084	151.153	965	0	20
2025.10.16	11:20:00	151.153	151.153	151.049	151.125	1021	0	20
2025.10.16	11:30:00	151.126	151.168	151.104	151.158	598	0	20
2025.10.16	11:40:00	151.167	151.208	151.124	151.18	424	0	20
2025.10.16	11:50:00	151.181	151.245	151.181	151.232	659	0	20
2025.10.16	12:00:00	151.231	151.309	151.231	151.29	661	0	20
2025.10.16	12:10:00	151.289	151.32	151.273	151.305	482	0	20
2025.10.16	12:20:00	151.305	151.388	151.305	151.381	692	0	20
2025.10.16	12:30:00	151.377	151.381	151.279	151.302	706	0	20
2025.10.16	12:40:00	151.301	151.309	151.234	151.288	880	0	20
2025.10.16	12:50:00	151.289	151.301	151.256	151.28	709	0	20
2025.10.16	13:00:00	151.28	151.29	151.224	151.28	574	0	20
2025.10.16	13:10:00	151.279	151.285	151.223	151.231	588	0	20
2025.10.16	13:20:00	151.226	151.24	151.185	151.189	758	0	21
2025.10.16	13:30:00	151.189	151.221	151.17	151.22	687	0	20
2025.10.16	13:40:00	151.221	151.236	151.177	151.191	811	0	20
2025.10.16	13:50:00	151.191	151.216	151.152	151.168	648	0	21
2025.10.16	14:00:00	151.167	151.249	151.15	151.212	1030	0	20
2025.10.16	14:10:00	151.213	151.26	151.201	151.252	615	0	20
2025.10.16	14:20:00	151.253	151.353	151.238	151.347	694	0	20
2025.10.16	14:30:00	151.346	151.364	151.293	151.295	850	0	20
2025.10.16	14:40:00	151.294	151.297	151.223	151.258	1129	0	20
2025.10.16	14:50:00	151.258	151.261	151.202	151.231	898	0	20
2025.10.16	15:00:00	151.23	151.272	151.214	151.271	773	0	20
2025.10.16	15:10:00	151.272	151.272	151.122	151.182	965	0	20
2025.10.16	15:20:00	151.182	151.194	151.119	151.128	955	0	20
2025.10.16	15:30:00	151.153	151.161	151.022	151.107	1263	0	20
2025.10.16	15:40:00	151.108	151.21	151.097	151.15	1424	0	20
2025.10.16	15:50:00	151.149	151.149	151.056	151.088	1274	0	20
2025.10.16	16:00:00	151.086	151.276	151.055	151.145	1705	0	20
2025.10.16	16:10:00	151.141	151.143	151.058	151.119	1572	0	20
2025.10.16	16:20:00	151.118	151.195	151.099	151.133	1643	0	20
2025.10.16	16:30:00	151.133	151.231	151.106	151.112	1614	0	20
2025.10.16	16:40:00	151.113	151.122	151.011	151.035	1232	0	20
2025.10.16	16:50:00	151.036	151.132	151.007	151.09	1251	0	20
2025.10.16	17:00:00	151.089	151.112	150.973	150.973	1488	0	20
2025.10.16	17:10:00	150.975	150.981	150.863	150.899	1630	0	20
2025.10.16	17:20:00	150.899	150.946	150.856	150.889	1324	0	20
2025.10.16	17:30:00	150.891	150.908	150.818	150.861	1559	0	20
2025.10.16	17:40:00	150.86	150.89	150.837	150.852	1289	0	20
2025.10.16	17:50:00	150.852	150.855	150.744	150.763	1494	0	20
2025.10.16	18:00:00	150.765	150.857	150.758	150.796	1355	0	20
2025.10.16	18:10:00	150.797	150.857	150.771	150.83	993	0	20
2025.10.16	18:20:00	150.83	150.853	150.732	150.756	902	0	20
2025.10.16	18:30:00	150.756	150.817	150.727	150.795	838	0	20
2025.10.16	18:40:00	150.796	150.799	150.712	150.761	948	0	20
2025.10.16	18:50:00	150.761	150.801	150.726	150.744	1136	0	20
2025.10.16	19:00:00	150.743	150.783	150.675	150.735	1115	0	20
2025.10.16	19:10:00	150.736	150.765	150.647	150.648	771	0	20
2025.10.16	19:20:00	150.648	150.668	150.534	150.566	1019	0	20
2025.10.16	19:30:00	150.566	150.566	150.313	150.391	2543	0	20
2025.10.16	19:40:00	150.395	150.459	150.224	150.256	2406	0	20
2025.10.16	19:50:00	150.256	150.397	150.244	150.388	2671	0	20
2025.10.16	20:00:00	150.389	150.423	150.277	150.339	2162	0	20
2025.10.16	20:10:00	150.339	150.461	150.264	150.428	2182	0	20
2025.10.16	20:20:00	150.428	150.428	150.301	150.378	1814	0	20
2025.10.16	20:30:00	150.377	150.423	150.318	150.355	1663	0	20
2025.10.16	20:40:00	150.355	150.373	150.264	150.266	1926	0	20
2025.10.16	20:50:00	150.267	150.344	150.243	150.323	1481	0	20
2025.10.16	21:00:00	150.324	150.364	150.257	150.285	1466	0	20
2025.10.16	21:10:00	150.286	150.307	150.21	150.253	2081	0	20
2025.10.16	21:20:00	150.254	150.357	150.249	150.35	1592	0	20
2025.10.16	21:30:00	150.35	150.412	150.337	150.348	1473	0	20
2025.10.16	21:40:00	150.349	150.411	150.311	150.353	1277	0	20
2025.10.16	21:50:00	150.354	150.37	150.282	150.325	1032	0	20
2025.10.16	22:00:00	150.325	150.391	150.317	150.357	1139	0	20
2025.10.16	22:10:00	150.358	150.379	150.289	150.306	790	0	20
2025.10.16	22:20:00	150.306	150.323	150.264	150.32	653	0	20
2025.10.16	22:30:00	150.322	150.357	150.202	150.328	1209	0	20
2025.10.16	22:40:00	150.332	150.401	150.321	150.397	915	0	20
2025.10.16	22:50:00	150.399	150.418	150.331	150.386	927	0	20
2025.10.16	23:00:00	150.387	150.425	150.37	150.378	468	0	20
2025.10.16	23:10:00	150.379	150.399	150.334	150.371	275	0	21
2025.10.16	23:20:00	150.371	150.376	150.338	150.364	243	0	20
2025.10.16	23:30:00	150.371	150.419	150.366	150.403	232	0	22
2025.10.16	23:40:00	150.403	150.42	150.382	150.416	256	0	20
2025.10.16	23:50:00	150.417	150.439	150.398	150.408	542	0	20
2025.10.17	00:00:00	150.344	150.345	150.326	150.336	20	0	91
2025.10.17	00:10:00	150.336	150.376	150.318	150.374	22	0	87
2025.10.17	00:20:00	150.374	150.374	150.356	150.374	30	0	85
2025.10.17	00:30:00	150.373	150.374	150.356	150.365	33	0	80
2025.10.17	00:40:00	150.365	150.4	150.345	150.4	81	0	53
2025.10.17	00:50:00	150.4	150.422	150.331	150.355	72	0	53
2025.10.17	01:00:00	150.354	150.421	150.308	150.363	228	0	23
2025.10.17	01:10:00	150.365	150.38	150.246	150.248	637	0	20
2025.10.17	01:20:00	150.249	150.327	150.248	150.314	565	0	20
2025.10.17	01:30:00	150.314	150.336	150.282	150.305	675	0	20
2025.10.17	01:40:00	150.304	150.313	150.237	150.248	512	0	20
2025.10.17	01:50:00	150.249	150.281	150.232	150.249	642	0	21
2025.10.17	02:00:00	150.247	150.281	150.184	150.196	465	0	20
2025.10.17	02:10:00	150.197	150.242	150.175	150.176	670	0	20
2025.10.17	02:20:00	150.176	150.185	150.109	150.125	474	0	20
2025.10.17	02:30:00	150.125	150.138	150.059	150.065	516	0	20
2025.10.17	02:40:00	150.065	150.106	150.042	150.081	614	0	20
2025.10.17	02:50:00	150.081	150.145	150.066	150.138	974	0	21
2025.10.17	03:00:00	150.137	150.21	150.048	150.199	1488	0	20
2025.10.17	03:10:00	150.197	150.218	150.034	150.08	1275	0	21
2025.10.17	03:20:00	150.081	150.202	150.057	150.142	1133	0	20
2025.10.17	03:30:00	150.141	150.153	150.098	150.105	1079	0	20
2025.10.17	03:40:00	150.107	150.189	150.099	150.115	984	0	20
2025.10.17	03:50:00	150.116	150.221	150.037	150.219	1155	0	20
2025.10.17	04:00:00	150.219	150.275	150.163	150.198	1452	0	20
2025.10.17	04:10:00	150.2	150.324	150.2	150.314	1072	0	20
2025.10.17	04:20:00	150.314	150.324	150.241	150.317	710	0	20
2025.10.17	04:30:00	150.317	150.351	150.228	150.3	1133	0	20
2025.10.17	04:40:00	150.301	150.351	150.289	150.298	1219	0	20
2025.10.17	04:50:00	150.298	150.351	150.274	150.304	1263	0	20
2025.10.17	05:00:00	150.304	150.379	150.268	150.317	1097	0	20
2025.10.17	05:10:00	150.316	150.321	150.22	150.238	903	0	20
2025.10.17	05:20:00	150.237	150.243	150.115	150.129	729	0	20
2025.10.17	05:30:00	150.13	150.133	150.049	150.071	676	0	20
2025.10.17	05:40:00	150.071	150.146	150.069	150.143	445	0	20
2025.10.17	05:50:00	150.143	150.22	150.142	150.172	571	0	20
2025.10.17	06:00:00	150.171	150.171	150.081	150.089	534	0	20
2025.10.17	06:10:00	150.089	150.128	150.057	150.093	281	0	20
2025.10.17	06:20:00	150.092	150.119	150.067	150.099	354	0	20
2025.10.17	06:30:00	150.098	150.124	149.99	149.998	835	0	20
2025.10.17	06:40:00	149.999	150.022	149.914	149.919	1086	0	20
2025.10.17	06:50:00	149.918	150.022	149.883	150.002	868	0	20
2025.10.17	07:00:00	150.004	150.091	149.969	150.074	769	0	20
2025.10.17	07:10:00	150.075	150.125	150.068	150.071	404	0	20
2025.10.17	07:20:00	150.072	150.129	150.06	150.101	428	0	20
2025.10.17	07:30:00	150.1	150.101	150.064	150.077	484	0	20
2025.10.17	07:40:00	150.076	150.094	150.018	150.02	490	0	20
2025.10.17	07:50:00	150.02	150.026	149.929	149.953	589	0	20
2025.10.17	08:00:00	149.953	149.962	149.899	149.921	678	0	20
2025.10.17	08:10:00	149.928	149.934	149.849	149.851	801	0	20
2025.10.17	08:20:00	149.851	149.932	149.85	149.916	500	0	20
2025.10.17	08:30:00	149.917	149.921	149.81	149.814	667	0	20
2025.10.17	08:40:00	149.816	149.843	149.799	149.835	639	0	20
2025.10.17	08:50:00	149.833	149.837	149.726	149.739	884	0	20
2025.10.17	09:00:00	149.735	149.898	149.702	149.799	1041	0	20
2025.10.17	09:10:00	149.8	149.867	149.775	149.782	1023	0	20
2025.10.17	09:20:00	149.786	149.831	149.744	149.783	1100	0	20
2025.10.17	09:30:00	149.785	149.967	149.784	149.9	1708	0	20
2025.10.17	09:40:00	149.901	149.913	149.763	149.766	1167	0	20
2025.10.17	09:50:00	149.767	149.823	149.616	149.62	1656	0	20
2025.10.17	10:00:00	149.621	149.685	149.469	149.479	1972	0	20
2025.10.17	10:10:00	149.479	149.602	149.417	149.425	2329	0	20
2025.10.17	10:20:00	149.426	149.722	149.367	149.61	2839	0	20
2025.10.17	10:30:00	149.608	149.692	149.557	149.634	2393	0	20
2025.10.17	10:40:00	149.635	149.749	149.6	149.704	2335	0	20
2025.10.17	10:50:00	149.703	149.773	149.651	149.691	1672	0	20
2025.10.17	11:00:00	149.692	149.724	149.573	149.68	2133	0	20
2025.10.17	11:10:00	149.677	149.77	149.629	149.657	1462	0	20
2025.10.17	11:20:00	149.657	149.849	149.649	149.769	1183	0	20
2025.10.17	11:30:00	149.768	149.905	149.759	149.811	1416	0	20
2025.10.17	11:40:00	149.813	149.828	149.679	149.721	1344	0	20
2025.10.17	11:50:00	149.721	149.843	149.66	149.77	1051	0	20
2025.10.17	12:00:00	149.765	149.826	149.746	149.754	817	0	20
2025.10.17	12:10:00	149.755	149.811	149.71	149.719	1191	0	20
2025.10.17	12:20:00	149.718	149.855	149.704	149.818	987	0	20
2025.10.17	12:30:00	149.818	149.893	149.781	149.817	1162	0	20
2025.10.17	12:40:00	149.818	149.828	149.594	149.622	1084	0	20
2025.10.17	12:50:00	149.622	149.699	149.618	149.661	989	0	20
2025.10.17	13:00:00	149.661	149.813	149.659	149.796	2014	0	20
2025.10.17	13:10:00	149.795	149.805	149.707	149.724	1383	0	20
2025.10.17	13:20:00	149.723	149.742	149.661	149.692	825	0	20
2025.10.17	13:30:00	149.692	149.832	149.685	149.819	1717	0	20
2025.10.17	13:40:00	149.823	149.833	149.761	149.808	1059	0	20
2025.10.17	13:50:00	149.806	149.951	149.762	149.919	1290	0	20
2025.10.17	14:00:00	149.92	150.08	149.86	150.048	1394	0	20
2025.10.17	14:10:00	150.046	150.287	150.018	150.138	3265	0	20
2025.10.17	14:20:00	150.135	150.288	150.129	150.272	1582	0	20
2025.10.17	14:30:00	150.27	150.321	150.186	150.211	1641	0	20
2025.10.17	14:40:00	150.209	150.27	150.155	150.197	1254	0	20
2025.10.17	14:50:00	150.197	150.253	150.112	150.224	1722	0	20
2025.10.17	15:00:00	150.225	150.413	150.218	150.408	2124	0	20
2025.10.17	15:10:00	150.409	150.506	150.33	150.487	2178	0	20
2025.10.17	15:20:00	150.484	150.489	150.406	150.444	1978	0	20
2025.10.17	15:30:00	150.445	150.532	150.383	150.496	2138	0	20
2025.10.17	15:40:00	150.496	150.512	150.414	150.414	1542	0	20
2025.10.17	15:50:00	150.415	150.456	150.364	150.374	1480	0	20
2025.10.17	16:00:00	150.374	150.437	150.341	150.388	1639	0	20
2025.10.17	16:10:00	150.393	150.398	150.276	150.279	1400	0	20
2025.10.17	16:20:00	150.281	150.294	150.202	150.224	1465	0	20
2025.10.17	16:30:00	150.227	150.395	150.182	150.304	2686	0	20
2025.10.17	16:40:00	150.3	150.343	150.15	150.207	2433	0	20
2025.10.17	16:50:00	150.206	150.431	150.202	150.349	2058	0	20
2025.10.17	17:00:00	150.347	150.513	150.337	150.44	2810	0	20
2025.10.17	17:10:00	150.443	150.577	150.417	150.508	2447	0	20
2025.10.17	17:20:00	150.508	150.566	150.489	150.552	1869	0	20
2025.10.17	17:30:00	150.549	150.581	150.451	150.453	1799	0	20
2025.10.17	17:40:00	150.451	150.549	150.447	150.524	2110	0	20
2025.10.17	17:50:00	150.521	150.544	150.389	150.415	2070	0	20
2025.10.17	18:00:00	150.415	150.443	150.376	150.395	1474	0	20
2025.10.17	18:10:00	150.396	150.424	150.288	150.304	1243	0	20
2025.10.17	18:20:00	150.304	150.319	150.241	150.31	1307	0	20
2025.10.17	18:30:00	150.309	150.334	150.195	150.254	1090	0	20
2025.10.17	18:40:00	150.253	150.334	150.24	150.311	1165	0	20
2025.10.17	18:50:00	150.311	150.365	150.287	150.329	1007	0	20
2025.10.17	19:00:00	150.329	150.491	150.329	150.475	1012	0	20
2025.10.17	19:10:00	150.476	150.476	150.344	150.352	904	0	20
2025.10.17	19:20:00	150.351	150.419	150.34	150.408	871	0	20
2025.10.17	19:30:00	150.408	150.438	150.353	150.36	1090	0	20
2025.10.17	19:40:00	150.358	150.433	150.349	150.4	1359	0	20
2025.10.17	19:50:00	150.401	150.411	150.328	150.398	1212	0	20
2025.10.17	20:00:00	150.398	150.444	150.36	150.417	999	0	20
2025.10.17	20:10:00	150.415	150.442	150.362	150.367	693	0	20
2025.10.17	20:20:00	150.368	150.395	150.355	150.38	787	0	20
2025.10.17	20:30:00	150.376	150.415	150.376	150.396	670	0	20
2025.10.17	20:40:00	150.395	150.396	150.356	150.378	831	0	20
2025.10.17	20:50:00	150.379	150.48	150.373	150.476	1083	0	20
2025.10.17	21:00:00	150.475	150.512	150.457	150.477	655	0	20
2025.10.17	21:10:00	150.477	150.506	150.436	150.437	893	0	20
2025.10.17	21:20:00	150.437	150.476	150.398	150.42	652	0	20
2025.10.17	21:30:00	150.42	150.481	150.42	150.455	737	0	20
2025.10.17	21:40:00	150.455	150.487	150.444	150.487	714	0	20
2025.10.17	21:50:00	150.487	150.524	150.475	150.488	715	0	20
2025.10.17	22:00:00	150.488	150.489	150.443	150.464	678	0	20
2025.10.17	22:10:00	150.465	150.489	150.464	150.476	458	0	22
2025.10.17	22:20:00	150.476	150.489	150.465	150.477	599	0	20
2025.10.17	22:30:00	150.477	150.489	150.456	150.479	490	0	20
2025.10.17	22:40:00	150.479	150.51	150.46	150.48	404	0	20
2025.10.17	22:50:00	150.48	150.495	150.463	150.47	487	0	20
2025.10.17	23:00:00	150.472	150.493	150.463	150.489	451	0	20
2025.10.17	23:10:00	150.489	150.549	150.485	150.545	365	0	20
2025.10.17	23:20:00	150.544	150.571	150.531	150.569	215	0	20
2025.10.17	23:30:00	150.568	150.586	150.544	150.58	286	0	21
2025.10.17	23:40:00	150.582	150.588	150.518	150.553	502	0	21
2025.10.17	23:50:00	150.552	150.627	150.541	150.615	703	0	23
2025.10.20	00:00:00	150.364	150.436	150.357	150.436	23	0	107
2025.10.20	00:10:00	150.415	150.463	150.357	150.37	21	0	50
2025.10.20	00:20:00	150.37	150.418	150.37	150.404	52	0	95
2025.10.20	00:30:00	150.409	150.409	150.318	150.341	45	0	112
2025.10.20	00:40:00	150.344	150.425	150.336	150.392	120	0	110
2025.10.20	00:50:00	150.39	150.39	150.317	150.384	140	0	103
2025.10.20	01:00:00	150.386	150.805	150.376	150.795	614	0	21
2025.10.20	01:10:00	150.797	150.835	150.789	150.813	617	0	20
2025.10.20	01:20:00	150.815	150.896	150.789	150.829	469	0	20
2025.10.20	01:30:00	150.829	150.861	150.729	150.729	720	0	21
2025.10.20	01:40:00	150.728	150.801	150.725	150.755	304	0	20
2025.10.20	01:50:00	150.759	150.834	150.754	150.813	269	0	20
2025.10.20	02:00:00	150.828	150.921	150.809	150.904	585	0	20
2025.10.20	02:10:00	150.903	150.955	150.884	150.933	784	0	20
2025.10.20	02:20:00	150.933	150.935	150.817	150.827	462	0	20
2025.10.20	02:30:00	150.827	150.902	150.82	150.838	329	0	20
2025.10.20	02:40:00	150.839	150.851	150.807	150.84	464	0	20
2025.10.20	02:50:00	150.84	150.928	150.805	150.908	499	0	20
2025.10.20	03:00:00	150.907	150.964	150.825	150.845	1383	0	20
2025.10.20	03:10:00	150.846	150.902	150.805	150.871	1107	0	20
2025.10.20	03:20:00	150.87	150.879	150.754	150.84	893	0	20
2025.10.20	03:30:00	150.84	150.89	150.779	150.841	810	0	20
2025.10.20	03:40:00	150.84	150.862	150.76	150.781	725	0	20
2025.10.20	03:50:00	150.781	150.968	150.772	150.899	1434	0	20
2025.10.20	04:00:00	150.898	150.984	150.855	150.959	1123	0	20
2025.10.20	04:10:00	150.959	151.124	150.958	151.123	942	0	20
2025.10.20	04:20:00	151.124	151.19	151.093	151.136	795	0	20
2025.10.20	04:30:00	151.135	151.135	151.03	151.084	785	0	20
2025.10.20	04:40:00	151.085	151.085	150.927	150.938	470	0	20
2025.10.20	04:50:00	150.935	150.998	150.89	150.959	694	0	20
2025.10.20	05:00:00	150.954	150.987	150.903	150.954	469	0	20
2025.10.20	05:10:00	150.954	150.956	150.825	150.848	662	0	20
2025.10.20	05:20:00	150.847	150.856	150.801	150.803	591	0	20
2025.10.20	05:30:00	150.803	150.851	150.799	150.828	502	0	20
2025.10.20	05:40:00	150.827	150.883	150.825	150.861	494	0	20
2025.10.20	05:50:00	150.86	150.872	150.825	150.854	569	0	20
2025.10.20	06:00:00	150.853	150.876	150.843	150.871	486	0	21
2025.10.20	06:10:00	150.871	150.872	150.814	150.814	249	0	20
2025.10.20	06:20:00	150.814	150.838	150.792	150.815	342	0	20
2025.10.20	06:30:00	150.816	150.821	150.776	150.779	325	0	22
2025.10.20	06:40:00	150.778	150.817	150.759	150.815	322	0	21
2025.10.20	06:50:00	150.814	150.837	150.642	150.713	1009	0	20
2025.10.20	07:00:00	150.712	150.759	150.697	150.725	629	0	20
2025.10.20	07:10:00	150.724	150.724	150.645	150.666	384	0	22
2025.10.20	07:20:00	150.664	150.676	150.6	150.607	291	0	20
2025.10.20	07:30:00	150.606	150.609	150.524	150.537	476	0	22
2025.10.20	07:40:00	150.538	150.543	150.503	150.537	607	0	21
2025.10.20	07:50:00	150.537	150.641	150.535	150.588	462	0	20
2025.10.20	08:00:00	150.588	150.618	150.544	150.572	624	0	22
2025.10.20	08:10:00	150.573	150.606	150.563	150.589	653	0	20
2025.10.20	08:20:00	150.589	150.605	150.513	150.528	783	0	20
2025.10.20	08:30:00	150.529	150.582	150.487	150.576	729	0	21
2025.10.20	08:40:00	150.575	150.629	150.56	150.609	617	0	20
2025.10.20	08:50:00	150.61	150.678	150.61	150.638	854	0	20
2025.10.20	09:00:00	150.637	150.664	150.577	150.66	827	0	20
2025.10.20	09:10:00	150.659	150.704	150.603	150.701	766	0	20
2025.10.20	09:20:00	150.703	150.733	150.636	150.648	885	0	20
2025.10.20	09:30:00	150.648	150.655	150.541	150.576	1359	0	20
2025.10.20	09:40:00	150.577	150.6	150.538	150.587	661	0	20
2025.10.20	09:50:00	150.588	150.73	150.576	150.675	1155	0	20
2025.10.20	10:00:00	150.677	150.762	150.641	150.727	1774	0	20
2025.10.20	10:10:00	150.727	150.818	150.725	150.797	891	0	20
2025.10.20	10:20:00	150.797	150.82	150.753	150.777	801	0	22
2025.10.20	10:30:00	150.778	150.808	150.708	150.759	1120	0	20
2025.10.20	10:40:00	150.758	150.785	150.721	150.78	1034	0	20
2025.10.20	10:50:00	150.782	150.807	150.722	150.734	854	0	20
2025.10.20	11:00:00	150.733	150.78	150.706	150.718	1110	0	20
2025.10.20	11:10:00	150.717	150.779	150.658	150.755	999	0	20
2025.10.20	11:20:00	150.754	150.785	150.724	150.763	812	0	20
2025.10.20	11:30:00	150.768	150.776	150.735	150.763	994	0	20
2025.10.20	11:40:00	150.763	150.783	150.622	150.624	1222	0	20
2025.10.20	11:50:00	150.625	150.706	150.564	150.573	1232	0	20
2025.10.20	12:00:00	150.57	150.571	150.263	150.309	1535	0	20
2025.10.20	12:10:00	150.309	150.501	150.273	150.466	1255	0	20
2025.10.20	12:20:00	150.463	150.523	150.436	150.489	883	0	20
2025.10.20	12:30:00	150.49	150.539	150.466	150.515	890	0	20
2025.10.20	12:40:00	150.516	150.664	150.513	150.638	649	0	20
2025.10.20	12:50:00	150.637	150.76	150.633	150.722	913	0	20
2025.10.20	13:00:00	150.724	150.811	150.718	150.785	1113	0	20
2025.10.20	13:10:00	150.784	150.825	150.738	150.755	999	0	20
2025.10.20	13:20:00	150.756	150.772	150.726	150.749	550	0	20
2025.10.20	13:30:00	150.75	150.794	150.723	150.757	759	0	20
2025.10.20	13:40:00	150.757	150.764	150.698	150.698	616	0	20
2025.10.20	13:50:00	150.698	150.725	150.665	150.704	552	0	20
2025.10.20	14:00:00	150.703	150.735	150.664	150.734	429	0	20
2025.10.20	14:10:00	150.737	150.775	150.715	150.731	493	0	20
2025.10.20	14:20:00	150.734	150.751	150.715	150.749	286	0	21
2025.10.20	14:30:00	150.751	150.822	150.734	150.744	580	0	20
2025.10.20	14:40:00	150.744	150.846	150.74	150.791	530	0	20
2025.10.20	14:50:00	150.792	150.803	150.689	150.691	476	0	20
2025.10.20	15:00:00	150.693	150.745	150.638	150.745	868	0	20
2025.10.20	15:10:00	150.749	150.765	150.669	150.685	1013	0	20
2025.10.20	15:20:00	150.684	150.695	150.642	150.665	719	0	20
2025.10.20	15:30:00	150.665	150.68	150.596	150.657	899	0	20
2025.10.20	15:40:00	150.657	150.679	150.616	150.625	978	0	20
2025.10.20	15:50:00	150.624	150.671	150.61	150.663	938	0	20
2025.10.20	16:00:00	150.663	150.682	150.612	150.647	830	0	20
2025.10.20	16:10:00	150.649	150.68	150.603	150.663	682	0	21
2025.10.20	16:20:00	150.664	150.715	150.64	150.652	745	0	20
2025.10.20	16:30:00	150.654	150.841	150.654	150.781	1319	0	20
2025.10.20	16:40:00	150.786	150.817	150.749	150.791	1068	0	20
2025.10.20	16:50:00	150.789	150.811	150.743	150.756	1122	0	20
2025.10.20	17:00:00	150.757	150.801	150.674	150.705	921	0	20
2025.10.20	17:10:00	150.707	150.731	150.568	150.585	1206	0	20
2025.10.20	17:20:00	150.584	150.595	150.515	150.527	897	0	20
2025.10.20	17:30:00	150.528	150.546	150.399	150.449	1022	0	20
2025.10.20	17:40:00	150.445	150.523	150.415	150.516	1058	0	20
2025.10.20	17:50:00	150.514	150.615	150.486	150.583	1184	0	20
2025.10.20	18:00:00	150.582	150.614	150.528	150.581	927	0	20
2025.10.20	18:10:00	150.58	150.594	150.474	150.486	653	0	20
2025.10.20	18:20:00	150.482	150.522	150.482	150.514	650	0	20
2025.10.20	18:30:00	150.519	150.571	150.489	150.559	518	0	20
2025.10.20	18:40:00	150.56	150.588	150.534	150.558	485	0	20
2025.10.20	18:50:00	150.557	150.594	150.498	150.579	1079	0	20
2025.10.20	19:00:00	150.58	150.592	150.518	150.535	618	0	20
2025.10.20	19:10:00	150.535	150.611	150.535	150.573	615	0	20
2025.10.20	19:20:00	150.574	150.637	150.555	150.616	589	0	20
2025.10.20	19:30:00	150.618	150.634	150.581	150.605	469	0	20
2025.10.20	19:40:00	150.604	150.648	150.603	150.639	250	0	22
2025.10.20	19:50:00	150.637	150.683	150.633	150.664	457	0	20
2025.10.20	20:00:00	150.67	150.69	150.657	150.672	536	0	20
2025.10.20	20:10:00	150.672	150.74	150.672	150.729	238	0	20
2025.10.20	20:20:00	150.729	150.753	150.712	150.752	291	0	20
2025.10.20	20:30:00	150.753	150.785	150.749	150.76	297	0	20
2025.10.20	20:40:00	150.761	150.784	150.757	150.766	351	0	20
2025.10.20	20:50:00	150.765	150.777	150.753	150.769	339	0	21
2025.10.20	21:00:00	150.768	150.795	150.744	150.79	535	0	20
2025.10.20	21:10:00	150.792	150.816	150.78	150.794	352	0	20
2025.10.20	21:20:00	150.794	150.798	150.752	150.754	243	0	20
2025.10.20	21:30:00	150.754	150.773	150.718	150.73	318	0	20
2025.10.20	21:40:00	150.729	150.752	150.716	150.729	229	0	21
2025.10.20	21:50:00	150.732	150.737	150.654	150.68	417	0	20
2025.10.20	22:00:00	150.681	150.682	150.623	150.637	421	0	20
2025.10.20	22:10:00	150.638	150.67	150.617	150.665	368	0	20
2025.10.20	22:20:00	150.666	150.692	150.664	150.68	221	0	20
2025.10.20	22:30:00	150.678	150.711	150.677	150.703	258	0	20
2025.10.20	22:40:00	150.703	150.72	150.694	150.714	227	0	20
2025.10.20	22:50:00	150.715	150.716	150.681	150.686	388	0	20
2025.10.20	23:00:00	150.685	150.711	150.673	150.71	220	0	21
2025.10.20	23:10:00	150.71	150.753	150.71	150.747	175	0	21
2025.10.20	23:20:00	150.747	150.747	150.691	150.698	169	0	20
2025.10.20	23:30:00	150.696	150.709	150.679	150.706	101	0	23
2025.10.20	23:40:00	150.707	150.735	150.703	150.723	141	0	21
2025.10.20	23:50:00	150.723	150.746	150.721	150.727	534	0	21
2025.10.21	00:00:00	150.61	150.637	150.588	150.618	33	0	173
2025.10.21	00:10:00	150.618	150.632	150.605	150.627	20	0	148
2025.10.21	00:20:00	150.627	150.677	150.626	150.676	107	0	62
2025.10.21	00:30:00	150.673	150.678	150.672	150.676	23	0	54
2025.10.21	00:40:00	150.678	150.678	150.651	150.662	41	0	54
2025.10.21	00:50:00	150.662	150.664	150.637	150.638	35	0	57
2025.10.21	01:00:00	150.638	150.692	150.638	150.686	127	0	22
2025.10.21	01:10:00	150.689	150.723	150.685	150.722	271	0	20
2025.10.21	01:20:00	150.722	150.751	150.704	150.722	401	0	21
2025.10.21	01:30:00	150.72	150.728	150.691	150.72	224	0	24
2025.10.21	01:40:00	150.719	150.753	150.719	150.729	237	0	23
2025.10.21	01:50:00	150.728	150.733	150.7	150.719	249	0	22
2025.10.21	02:00:00	150.718	150.779	150.708	150.776	336	0	23
2025.10.21	02:10:00	150.775	150.781	150.707	150.71	465	0	20
2025.10.21	02:20:00	150.709	150.766	150.706	150.757	294	0	21
2025.10.21	02:30:00	150.759	150.787	150.753	150.769	406	0	20
2025.10.21	02:40:00	150.768	150.781	150.721	150.747	403	0	21
2025.10.21	02:50:00	150.746	150.812	150.731	150.811	343	0	20
2025.10.21	03:00:00	150.811	150.84	150.493	150.513	1646	0	20
2025.10.21	03:10:00	150.511	150.632	150.505	150.59	799	0	20
2025.10.21	03:20:00	150.594	150.706	150.583	150.674	1074	0	20
2025.10.21	03:30:00	150.673	150.685	150.617	150.626	864	0	20
2025.10.21	03:40:00	150.628	150.631	150.545	150.56	689	0	20
2025.10.21	03:50:00	150.561	150.65	150.459	150.645	1361	0	20
2025.10.21	04:00:00	150.644	150.688	150.516	150.53	971	0	20
2025.10.21	04:10:00	150.53	150.646	150.526	150.605	907	0	20
2025.10.21	04:20:00	150.602	150.728	150.593	150.727	745	0	20
2025.10.21	04:30:00	150.727	150.786	150.671	150.779	754	0	20
2025.10.21	04:40:00	150.777	150.919	150.755	150.899	956	0	20
2025.10.21	04:50:00	150.899	150.985	150.847	150.969	1075	0	20
2025.10.21	05:00:00	150.97	151.086	150.952	151.065	924	0	20
2025.10.21	05:10:00	151.067	151.103	150.974	151.03	522	0	21
2025.10.21	05:20:00	151.031	151.044	150.966	151.008	621	0	20
2025.10.21	05:30:00	151.007	151.089	150.968	151.056	651	0	20
2025.10.21	05:40:00	151.055	151.124	151.035	151.1	785	0	20
2025.10.21	05:50:00	151.1	151.135	151.086	151.112	551	0	20
2025.10.21	06:00:00	151.112	151.121	151.067	151.096	343	0	20
2025.10.21	06:10:00	151.096	151.111	151.075	151.091	388	0	21
2025.10.21	06:20:00	151.089	151.139	151.076	151.1	544	0	20
2025.10.21	06:30:00	151.09	151.114	151.065	151.065	381	0	20
2025.10.21	06:40:00	151.066	151.085	151.024	151.028	379	0	20
2025.10.21	06:50:00	151.029	151.049	150.993	151.036	537	0	20
2025.10.21	07:00:00	151.036	151.067	151.018	151.051	566	0	20
2025.10.21	07:10:00	151.051	151.055	151.031	151.043	341	0	20
2025.10.21	07:20:00	151.043	151.125	151.028	151.109	391	0	20
2025.10.21	07:30:00	151.112	151.226	151.094	151.098	619	0	20
2025.10.21	07:40:00	151.098	151.228	151.043	151.152	1071	0	20
2025.10.21	07:50:00	151.158	151.213	150.873	151.064	2272	0	20
2025.10.21	08:00:00	151.065	151.247	150.85	151.22	2383	0	20
2025.10.21	08:10:00	151.22	151.431	151.161	151.374	1697	0	20
2025.10.21	08:20:00	151.373	151.401	151.295	151.363	1060	0	20
2025.10.21	08:30:00	151.363	151.488	151.342	151.471	1005	0	20
2025.10.21	08:40:00	151.469	151.491	151.378	151.448	1138	0	20
2025.10.21	08:50:00	151.449	151.511	151.422	151.503	1635	0	20
2025.10.21	09:00:00	151.503	151.564	151.478	151.502	1299	0	20
2025.10.21	09:10:00	151.501	151.594	151.494	151.585	1016	0	20
2025.10.21	09:20:00	151.586	151.596	151.555	151.56	897	0	22
2025.10.21	09:30:00	151.559	151.571	151.32	151.347	1300	0	20
2025.10.21	09:40:00	151.348	151.389	151.215	151.303	1042	0	20
2025.10.21	09:50:00	151.304	151.348	151.213	151.249	953	0	20
2025.10.21	10:00:00	151.252	151.252	151.119	151.136	1501	0	20
2025.10.21	10:10:00	151.135	151.184	151.113	151.147	1200	0	20
2025.10.21	10:20:00	151.149	151.191	151.06	151.106	1062	0	20
2025.10.21	10:30:00	151.106	151.184	151.084	151.133	839	0	20
2025.10.21	10:40:00	151.133	151.162	151.09	151.09	1011	0	20
2025.10.21	10:50:00	151.091	151.154	151.054	151.142	1259	0	20
2025.10.21	11:00:00	151.148	151.244	151.052	151.104	1778	0	20
2025.10.21	11:10:00	151.104	151.26	151.076	151.204	1673	0	20
2025.10.21	11:20:00	151.204	151.373	151.153	151.371	1213	0	20
2025.10.21	11:30:00	151.375	151.465	151.354	151.463	1108	0	20
2025.10.21	11:40:00	151.462	151.615	151.459	151.595	1377	0	20
2025.10.21	11:50:00	151.595	151.668	151.564	151.599	1189	0	20
2025.10.21	12:00:00	151.597	151.708	151.585	151.706	1241	0	20
2025.10.21	12:10:00	151.7	151.753	151.669	151.715	696	0	20
2025.10.21	12:20:00	151.714	151.717	151.61	151.681	875	0	20
2025.10.21	12:30:00	151.681	151.77	151.681	151.749	1162	0	20
2025.10.21	12:40:00	151.748	151.769	151.708	151.761	799	0	20
2025.10.21	12:50:00	151.759	151.792	151.724	151.785	933	0	20
2025.10.21	13:00:00	151.787	151.804	151.728	151.789	829	0	20
2025.10.21	13:10:00	151.793	151.934	151.792	151.917	987	0	20
2025.10.21	13:20:00	151.918	151.936	151.861	151.908	774	0	20
2025.10.21	13:30:00	151.911	151.961	151.896	151.941	770	0	20
2025.10.21	13:40:00	151.942	152.029	151.873	152.003	1009	0	20
2025.10.21	13:50:00	152.003	152.038	151.878	151.914	1069	0	20
2025.10.21	14:00:00	151.915	151.915	151.802	151.862	820	0	20
2025.10.21	14:10:00	151.861	151.917	151.799	151.916	900	0	20
2025.10.21	14:20:00	151.922	151.937	151.824	151.908	672	0	20
2025.10.21	14:30:00	151.908	151.916	151.861	151.898	693	0	20
2025.10.21	14:40:00	151.898	151.932	151.867	151.927	609	0	20
2025.10.21	14:50:00	151.927	151.998	151.925	151.939	670	0	20
2025.10.21	15:00:00	151.938	152.015	151.881	152.011	1273	0	20
2025.10.21	15:10:00	152.012	152.051	151.978	152.031	1502	0	20
2025.10.21	15:20:00	152.031	152.08	151.986	152.03	937	0	20
2025.10.21	15:30:00	152.033	152.139	152.024	152.11	1266	0	20
2025.10.21	15:40:00	152.11	152.166	152.106	152.127	886	0	20
2025.10.21	15:50:00	152.128	152.157	152.013	152.018	1377	0	20
2025.10.21	16:00:00	152.019	152.079	151.836	151.88	1690	0	20
2025.10.21	16:10:00	151.879	151.941	151.657	151.822	2623	0	20
2025.10.21	16:20:00	151.822	151.885	151.771	151.84	1801	0	20
2025.10.21	16:30:00	151.839	151.852	151.675	151.719	1601	0	20
2025.10.21	16:40:00	151.718	151.843	151.702	151.725	1567	0	20
2025.10.21	16:50:00	151.725	151.776	151.584	151.587	1822	0	20
2025.10.21	17:00:00	151.587	151.62	151.446	151.576	1400	0	20
2025.10.21	17:10:00	151.572	151.654	151.491	151.653	1166	0	20
2025.10.21	17:20:00	151.652	151.666	151.562	151.619	1406	0	20
2025.10.21	17:30:00	151.618	151.748	151.591	151.733	1214	0	20
2025.10.21	17:40:00	151.733	151.818	151.721	151.815	1385	0	20
2025.10.21	17:50:00	151.822	151.873	151.813	151.859	1479	0	20
2025.10.21	18:00:00	151.86	151.867	151.751	151.81	1071	0	20
2025.10.21	18:10:00	151.813	151.834	151.698	151.725	1060	0	20
2025.10.21	18:20:00	151.725	151.75	151.672	151.693	827	0	20
2025.10.21	18:30:00	151.694	151.803	151.694	151.775	791	0	20
2025.10.21	18:40:00	151.776	151.818	151.765	151.793	646	0	20
2025.10.21	18:50:00	151.792	151.793	151.714	151.717	492	0	20
2025.10.21	19:00:00	151.717	151.767	151.645	151.751	1170	0	20
2025.10.21	19:10:00	151.752	151.849	151.752	151.806	715	0	20
2025.10.21	19:20:00	151.807	151.839	151.791	151.83	521	0	20
2025.10.21	19:30:00	151.828	151.902	151.823	151.899	668	0	20
2025.10.21	19:40:00	151.899	151.93	151.886	151.906	520	0	20
2025.10.21	19:50:00	151.909	151.942	151.823	151.845	1014	0	20
2025.10.21	20:00:00	151.845	151.919	151.806	151.876	893	0	20
2025.10.21	20:10:00	151.876	151.932	151.874	151.892	606	0	20
2025.10.21	20:20:00	151.894	151.944	151.882	151.941	589	0	20
2025.10.21	20:30:00	151.941	151.962	151.913	151.916	503	0	20
2025.10.21	20:40:00	151.916	151.929	151.896	151.915	395	0	20
2025.10.21	20:50:00	151.914	151.937	151.904	151.914	409	0	20
2025.10.21	21:00:00	151.912	151.912	151.866	151.906	403	0	20
2025.10.21	21:10:00	151.909	151.915	151.87	151.907	438	0	20
2025.10.21	21:20:00	151.909	151.916	151.894	151.904	340	0	20
2025.10.21	21:30:00	151.904	151.904	151.869	151.883	400	0	20
2025.10.21	21:40:00	151.882	151.902	151.873	151.892	354	0	20
2025.10.21	21:50:00	151.891	151.917	151.881	151.903	271	0	20
2025.10.21	22:00:00	151.903	151.914	151.881	151.892	281	0	21
2025.10.21	22:10:00	151.887	151.939	151.882	151.926	509	0	20
2025.10.21	22:20:00	151.925	151.953	151.917	151.95	346	0	20
2025.10.21	22:30:00	151.95	151.961	151.904	151.904	258	0	20
2025.10.21	22:40:00	151.903	151.937	151.893	151.897	269	0	20
2025.10.21	22:50:00	151.897	151.917	151.893	151.906	343	0	20
2025.10.21	23:00:00	151.906	151.937	151.866	151.881	282	0	20
2025.10.21	23:10:00	151.881	151.893	151.867	151.88	95	0	22
2025.10.21	23:20:00	151.887	151.9	151.885	151.891	162	0	22
2025.10.21	23:30:00	151.891	151.918	151.859	151.865	103	0	21
2025.10.21	23:40:00	151.866	151.888	151.863	151.885	202	0	23
2025.10.21	23:50:00	151.884	151.92	151.873	151.915	294	0	23
2025.10.22	00:00:00	151.853	151.863	151.853	151.86	14	0	85
2025.10.22	00:10:00	151.861	151.887	151.852	151.852	22	0	31
2025.10.22	00:20:00	151.852	151.868	151.852	151.866	23	0	69
2025.10.22	00:30:00	151.865	151.886	151.86	151.865	32	0	53
2025.10.22	00:40:00	151.865	151.868	151.857	151.865	16	0	64
2025.10.22	00:50:00	151.865	151.87	151.864	151.864	17	0	61
2025.10.22	01:00:00	151.861	151.884	151.849	151.884	302	0	27
2025.10.22	01:10:00	151.884	151.887	151.861	151.861	164	0	22
2025.10.22	01:20:00	151.862	151.865	151.854	151.854	191	0	27
2025.10.22	01:30:00	151.855	151.874	151.855	151.869	284	0	26
2025.10.22	01:40:00	151.87	151.882	151.866	151.879	146	0	20
2025.10.22	01:50:00	151.878	151.933	151.878	151.922	221	0	22
2025.10.22	02:00:00	151.923	151.941	151.898	151.909	334	0	21
2025.10.22	02:10:00	151.91	151.945	151.906	151.935	148	0	20
2025.10.22	02:20:00	151.934	151.941	151.922	151.938	168	0	22
2025.10.22	02:30:00	151.938	151.949	151.913	151.923	134	0	20
2025.10.22	02:40:00	151.924	151.924	151.886	151.889	260	0	20
2025.10.22	02:50:00	151.887	151.936	151.85	151.866	480	0	20
2025.10.22	03:00:00	151.866	151.867	151.745	151.796	1348	0	20
2025.10.22	03:10:00	151.791	151.81	151.637	151.653	1336	0	20
2025.10.22	03:20:00	151.655	151.693	151.608	151.626	932	0	20
2025.10.22	03:30:00	151.626	151.661	151.593	151.652	924	0	20
2025.10.22	03:40:00	151.652	151.69	151.639	151.667	706	0	20
2025.10.22	03:50:00	151.668	151.696	151.618	151.618	1098	0	20
2025.10.22	04:00:00	151.61	151.634	151.478	151.507	1174	0	20
2025.10.22	04:10:00	151.506	151.646	151.492	151.618	805	0	20
2025.10.22	04:20:00	151.617	151.713	151.617	151.697	697	0	20
2025.10.22	04:30:00	151.699	151.709	151.646	151.674	789	0	20
2025.10.22	04:40:00	151.677	151.732	151.662	151.699	689	0	20
2025.10.22	04:50:00	151.7	151.74	151.699	151.733	395	0	20
2025.10.22	05:00:00	151.732	151.748	151.708	151.714	305	0	20
2025.10.22	05:10:00	151.714	151.725	151.686	151.699	388	0	20
2025.10.22	05:20:00	151.696	151.697	151.618	151.655	405	0	20
2025.10.22	05:30:00	151.654	151.671	151.582	151.609	488	0	20
2025.10.22	05:40:00	151.609	151.648	151.601	151.635	289	0	20
2025.10.22	05:50:00	151.633	151.641	151.611	151.621	223	0	21
2025.10.22	06:00:00	151.621	151.676	151.617	151.675	325	0	20
2025.10.22	06:10:00	151.676	151.703	151.671	151.691	183	0	21
2025.10.22	06:20:00	151.691	151.751	151.69	151.727	299	0	20
2025.10.22	06:30:00	151.727	151.741	151.699	151.701	288	0	20
2025.10.22	06:40:00	151.702	151.732	151.69	151.702	303	0	22
2025.10.22	06:50:00	151.702	151.809	151.697	151.785	297	0	20
2025.10.22	07:00:00	151.784	151.841	151.767	151.839	542	0	20
2025.10.22	07:10:00	151.839	151.864	151.811	151.829	412	0	20
2025.10.22	07:20:00	151.83	151.853	151.795	151.795	251	0	20
2025.10.22	07:30:00	151.791	151.808	151.759	151.796	341	0	21
2025.10.22	07:40:00	151.793	151.814	151.767	151.78	303	0	20
2025.10.22	07:50:00	151.78	151.782	151.745	151.749	249	0	20
2025.10.22	08:00:00	151.748	151.777	151.718	151.734	394	0	20
2025.10.22	08:10:00	151.735	151.75	151.716	151.719	305	0	20
2025.10.22	08:20:00	151.719	151.749	151.719	151.737	338	0	20
2025.10.22	08:30:00	151.737	151.773	151.728	151.756	257	0	20
2025.10.22	08:40:00	151.757	151.816	151.751	151.815	308	0	20
2025.10.22	08:50:00	151.816	151.862	151.798	151.85	315	0	20
2025.10.22	09:00:00	151.848	151.941	151.839	151.887	966	0	20
2025.10.22	09:10:00	151.887	151.912	151.857	151.895	953	0	20
2025.10.22	09:20:00	151.896	151.911	151.781	151.792	1279	0	20
2025.10.22	09:30:00	151.792	151.793	151.693	151.762	1237	0	20
2025.10.22	09:40:00	151.764	151.79	151.685	151.745	848	0	20
2025.10.22	09:50:00	151.745	151.765	151.711	151.726	990	0	20
2025.10.22	10:00:00	151.726	151.827	151.609	151.817	1392	0	20
2025.10.22	10:10:00	151.817	151.839	151.698	151.83	1390	0	20
2025.10.22	10:20:00	151.83	151.847	151.764	151.802	1168	0	20
2025.10.22	10:30:00	151.803	151.804	151.747	151.748	1153	0	20
2025.10.22	10:40:00	151.747	151.768	151.711	151.713	714	0	20
2025.10.22	10:50:00	151.712	151.822	151.708	151.816	669	0	20
2025.10.22	11:00:00	151.818	151.899	151.801	151.847	1194	0	20
2025.10.22	11:10:00	151.846	151.848	151.713	151.78	1593	0	20
2025.10.22	11:20:00	151.781	151.79	151.653	151.7	1279	0	20
2025.10.22	11:30:00	151.7	151.747	151.69	151.736	990	0	20
2025.10.22	11:40:00	151.736	151.749	151.693	151.72	1190	0	20
2025.10.22	11:50:00	151.721	151.721	151.619	151.678	881	0	20
2025.10.22	12:00:00	151.679	151.69	151.642	151.678	894	0	20
2025.10.22	12:10:00	151.681	151.726	151.677	151.715	875	0	20
2025.10.22	12:20:00	151.715	151.77	151.711	151.734	909	0	20
2025.10.22	12:30:00	151.733	151.761	151.713	151.752	732	0	22
2025.10.22	12:40:00	151.752	151.777	151.726	151.771	773	0	21
2025.10.22	12:50:00	151.769	151.816	151.756	151.805	468	0	20
2025.10.22	13:00:00	151.809	151.811	151.706	151.726	574	0	20
2025.10.22	13:10:00	151.728	151.793	151.723	151.789	589	0	20
2025.10.22	13:20:00	151.789	151.823	151.736	151.736	851	0	20
2025.10.22	13:30:00	151.741	151.782	151.741	151.754	924	0	20
2025.10.22	13:40:00	151.755	151.801	151.746	151.791	792	0	20
2025.10.22	13:50:00	151.791	151.813	151.775	151.807	910	0	21
2025.10.22	14:00:00	151.806	151.836	151.733	151.763	914	0	20
2025.10.22	14:10:00	151.761	151.795	151.733	151.758	638	0	20
2025.10.22	14:20:00	151.758	151.845	151.748	151.835	537	0	20
2025.10.22	14:30:00	151.839	151.882	151.729	151.746	1212	0	20
2025.10.22	14:40:00	151.746	151.775	151.727	151.768	890	0	21
2025.10.22	14:50:00	151.771	151.782	151.715	151.776	916	0	20
2025.10.22	15:00:00	151.777	151.835	151.749	151.81	1915	0	20
2025.10.22	15:10:00	151.809	151.812	151.745	151.777	952	0	20
2025.10.22	15:20:00	151.775	151.829	151.763	151.775	1182	0	20
2025.10.22	15:30:00	151.775	151.856	151.765	151.855	1254	0	20
2025.10.22	15:40:00	151.855	151.928	151.839	151.926	1129	0	20
2025.10.22	15:50:00	151.927	151.958	151.865	151.917	1200	0	20
2025.10.22	16:00:00	151.918	151.994	151.866	151.939	1523	0	20
2025.10.22	16:10:00	151.941	152.005	151.913	151.924	846	0	20
2025.10.22	16:20:00	151.924	152.035	151.919	151.991	812	0	20
2025.10.22	16:30:00	151.992	152.004	151.864	151.885	1496	0	20
2025.10.22	16:40:00	151.886	151.96	151.859	151.935	1451	0	20
2025.10.22	16:50:00	151.936	151.989	151.935	151.959	1072	0	20
2025.10.22	17:00:00	151.96	151.977	151.853	151.945	1196	0	20
2025.10.22	17:10:00	151.946	151.97	151.877	151.924	1016	0	20
2025.10.22	17:20:00	151.92	151.939	151.851	151.861	1169	0	20
2025.10.22	17:30:00	151.865	151.959	151.864	151.951	1187	0	20
2025.10.22	17:40:00	151.951	152.0	151.907	151.961	1319	0	20
2025.10.22	17:50:00	151.961	151.968	151.859	151.875	1392	0	20
2025.10.22	18:00:00	151.876	151.901	151.775	151.829	1293	0	20
2025.10.22	18:10:00	151.829	151.841	151.78	151.802	1010	0	20
2025.10.22	18:20:00	151.802	151.815	151.75	151.767	882	0	20
2025.10.22	18:30:00	151.767	151.794	151.741	151.766	1132	0	20
2025.10.22	18:40:00	151.767	151.828	151.755	151.826	875	0	20
2025.10.22	18:50:00	151.826	151.861	151.769	151.78	855	0	20
2025.10.22	19:00:00	151.778	151.82	151.742	151.802	635	0	20
2025.10.22	19:10:00	151.803	151.834	151.785	151.805	474	0	20
2025.10.22	19:20:00	151.804	151.806	151.769	151.776	378	0	20
2025.10.22	19:30:00	151.777	151.791	151.494	151.698	2678	0	20
2025.10.22	19:40:00	151.697	151.736	151.671	151.709	1449	0	20
2025.10.22	19:50:00	151.708	151.776	151.683	151.753	1443	0	20
2025.10.22	20:00:00	151.752	151.801	151.728	151.776	995	0	20
2025.10.22	20:10:00	151.775	151.787	151.649	151.652	1399	0	20
2025.10.22	20:20:00	151.653	151.679	151.599	151.674	796	0	20
2025.10.22	20:30:00	151.674	151.687	151.604	151.606	594	0	20
2025.10.22	20:40:00	151.606	151.683	151.594	151.649	611	0	20
2025.10.22	20:50:00	151.648	151.655	151.601	151.635	535	0	20
2025.10.22	21:00:00	151.634	151.685	151.633	151.675	559	0	20
2025.10.22	21:10:00	151.682	151.721	151.677	151.709	447	0	20
2025.10.22	21:20:00	151.709	151.785	151.709	151.768	611	0	20
2025.10.22	21:30:00	151.768	151.815	151.762	151.8	497	0	20
2025.10.22	21:40:00	151.801	151.879	151.798	151.844	591	0	20
2025.10.22	21:50:00	151.842	151.881	151.824	151.869	511	0	20
2025.10.22	22:00:00	151.87	151.906	151.842	151.901	680	0	20
2025.10.22	22:10:00	151.902	151.906	151.87	151.903	421	0	20
2025.10.22	22:20:00	151.903	151.945	151.896	151.941	340	0	20
2025.10.22	22:30:00	151.942	151.973	151.935	151.961	439	0	20
2025.10.22	22:40:00	151.961	151.996	151.959	151.974	374	0	20
2025.10.22	22:50:00	151.973	151.995	151.949	151.97	615	0	20
2025.10.22	23:00:00	151.969	152.001	151.925	151.961	418	0	20
2025.10.22	23:10:00	151.959	151.959	151.933	151.94	146	0	20
2025.10.22	23:20:00	151.939	151.965	151.92	151.921	311	0	21
2025.10.22	23:30:00	151.925	151.942	151.912	151.914	185	0	22
2025.10.22	23:40:00	151.914	151.945	151.902	151.907	143	0	22
2025.10.22	23:50:00	151.907	151.961	151.905	151.94	421	0	21
2025.10.23	00:00:00	151.893	151.895	151.885	151.895	22	0	71
2025.10.23	00:10:00	151.895	151.924	151.863	151.902	24	0	57
2025.10.23	00:20:00	151.901	151.904	151.888	151.895	28	0	63
2025.10.23	00:30:00	151.895	151.896	151.886	151.887	14	0	71
2025.10.23	00:40:00	151.886	151.892	151.877	151.892	41	0	47
2025.10.23	00:50:00	151.891	151.891	151.876	151.88	23	0	57
2025.10.23	01:00:00	151.88	151.901	151.815	151.844	402	0	22
2025.10.23	01:10:00	151.846	151.847	151.817	151.818	378	0	22
2025.10.23	01:20:00	151.819	151.873	151.809	151.87	391	0	20
2025.10.23	01:30:00	151.87	151.883	151.85	151.881	297	0	20
2025.10.23	01:40:00	151.881	151.916	151.869	151.914	213	0	23
2025.10.23	01:50:00	151.913	151.915	151.884	151.892	342	0	20
2025.10.23	02:00:00	151.892	151.931	151.888	151.924	284	0	24
2025.10.23	02:10:00	151.925	151.951	151.923	151.925	412	0	20
2025.10.23	02:20:00	151.924	151.952	151.907	151.948	457	0	20
2025.10.23	02:30:00	151.948	151.954	151.91	151.922	422	0	20
2025.10.23	02:40:00	151.921	151.982	151.918	151.932	519	0	20
2025.10.23	02:50:00	151.934	151.985	151.923	151.975	751	0	20
2025.10.23	03:00:00	151.974	152.154	151.961	152.139	1402	0	20
2025.10.23	03:10:00	152.138	152.231	152.104	152.212	843	0	20
2025.10.23	03:20:00	152.212	152.251	152.191	152.226	943	0	20
2025.10.23	03:30:00	152.226	152.245	152.18	152.221	855	0	20
2025.10.23	03:40:00	152.221	152.224	152.143	152.186	667	0	20
2025.10.23	03:50:00	152.187	152.211	152.141	152.141	828	0	20
2025.10.23	04:00:00	152.141	152.26	152.105	152.22	780	0	20
2025.10.23	04:10:00	152.22	152.376	152.209	152.363	787	0	20
2025.10.23	04:20:00	152.363	152.441	152.335	152.417	903	0	20
2025.10.23	04:30:00	152.416	152.443	152.397	152.427	624	0	21
2025.10.23	04:40:00	152.425	152.426	152.329	152.333	579	0	20
2025.10.23	04:50:00	152.333	152.408	152.327	152.405	560	0	21
2025.10.23	05:00:00	152.405	152.441	152.402	152.419	572	0	20
2025.10.23	05:10:00	152.418	152.425	152.379	152.398	521	0	20
2025.10.23	05:20:00	152.399	152.422	152.373	152.418	324	0	21
2025.10.23	05:30:00	152.417	152.451	152.416	152.45	449	0	20
2025.10.23	05:40:00	152.45	152.483	152.448	152.472	245	0	20
2025.10.23	05:50:00	152.473	152.493	152.435	152.45	272	0	20
2025.10.23	06:00:00	152.45	152.467	152.432	152.446	352	0	20
2025.10.23	06:10:00	152.446	152.454	152.426	152.438	243	0	22
2025.10.23	06:20:00	152.439	152.448	152.422	152.439	157	0	21
2025.10.23	06:30:00	152.438	152.449	152.384	152.427	303	0	20
2025.10.23	06:40:00	152.426	152.438	152.384	152.402	484	0	20
2025.10.23	06:50:00	152.402	152.474	152.402	152.462	402	0	20
2025.10.23	07:00:00	152.461	152.561	152.46	152.53	458	0	20
2025.10.23	07:10:00	152.529	152.533	152.451	152.473	337	0	20
2025.10.23	07:20:00	152.473	152.496	152.436	152.442	331	0	20
2025.10.23	07:30:00	152.442	152.457	152.424	152.453	229	0	20
2025.10.23	07:40:00	152.453	152.464	152.428	152.439	284	0	20
2025.10.23	07:50:00	152.44	152.451	152.392	152.401	325	0	21
2025.10.23	08:00:00	152.402	152.418	152.373	152.375	454	0	20
2025.10.23	08:10:00	152.375	152.378	152.36	152.374	531	0	21
2025.10.23	08:20:00	152.373	152.393	152.343	152.344	339	0	20
2025.10.23	08:30:00	152.344	152.372	152.321	152.358	282	0	20
2025.10.23	08:40:00	152.359	152.369	152.31	152.324	228	0	20
2025.10.23	08:50:00	152.324	152.372	152.314	152.361	356	0	20
2025.10.23	09:00:00	152.365	152.393	152.318	152.324	786	0	20
2025.10.23	09:10:00	152.324	152.363	152.321	152.341	519	0	20
2025.10.23	09:20:00	152.343	152.43	152.336	152.422	400	0	20
2025.10.23	09:30:00	152.423	152.523	152.41	152.512	377	0	20
2025.10.23	09:40:00	152.512	152.578	152.511	152.531	942	0	20
2025.10.23	09:50:00	152.531	152.637	152.498	152.63	729	0	20
2025.10.23	10:00:00	152.633	152.635	152.544	152.562	1030	0	20
2025.10.23	10:10:00	152.562	152.568	152.428	152.439	890	0	20
2025.10.23	10:20:00	152.441	152.455	152.367	152.441	1080	0	20
2025.10.23	10:30:00	152.441	152.53	152.44	152.475	632	0	20
2025.10.23	10:40:00	152.468	152.481	152.415	152.421	584	0	20
2025.10.23	10:50:00	152.419	152.489	152.382	152.487	1076	0	20
2025.10.23	11:00:00	152.486	152.5	152.444	152.454	1252	0	20
2025.10.23	11:10:00	152.453	152.535	152.445	152.526	724	0	20
2025.10.23	11:20:00	152.527	152.527	152.488	152.492	534	0	21
2025.10.23	11:30:00	152.491	152.575	152.464	152.565	521	0	20
2025.10.23	11:40:00	152.566	152.613	152.562	152.594	491	0	20
2025.10.23	11:50:00	152.592	152.64	152.587	152.6	517	0	20
2025.10.23	12:00:00	152.598	152.655	152.561	152.629	751	0	20
2025.10.23	12:10:00	152.63	152.651	152.543	152.545	528	0	20
2025.10.23	12:20:00	152.548	152.558	152.501	152.514	411	0	20
2025.10.23	12:30:00	152.514	152.59	152.514	152.589	344	0	20
2025.10.23	12:40:00	152.588	152.614	152.558	152.583	442	0	20
2025.10.23	12:50:00	152.586	152.597	152.558	152.56	382	0	20
2025.10.23	13:00:00	152.562	152.616	152.558	152.602	316	0	20
2025.10.23	13:10:00	152.603	152.605	152.565	152.593	384	0	21
2025.10.23	13:20:00	152.602	152.629	152.593	152.619	449	0	20
2025.10.23	13:30:00	152.619	152.639	152.598	152.604	394	0	20
2025.10.23	13:40:00	152.603	152.71	152.601	152.675	381	0	20
2025.10.23	13:50:00	152.676	152.764	152.675	152.76	599	0	20
2025.10.23	14:00:00	152.76	152.77	152.71	152.745	720	0	20
2025.10.23	14:10:00	152.744	152.782	152.722	152.769	638	0	20
2025.10.23	14:20:00	152.771	152.771	152.734	152.749	422	0	20
2025.10.23	14:30:00	152.747	152.758	152.698	152.733	689	0	21
2025.10.23	14:40:00	152.734	152.736	152.695	152.722	678	0	21
2025.10.23	14:50:00	152.722	152.723	152.654	152.661	628	0	20
2025.10.23	15:00:00	152.66	152.676	152.601	152.609	676	0	21
2025.10.23	15:10:00	152.611	152.709	152.603	152.699	512	0	20
2025.10.23	15:20:00	152.699	152.704	152.609	152.614	637	0	20
2025.10.23	15:30:00	152.618	152.634	152.512	152.54	921	0	20
2025.10.23	15:40:00	152.538	152.575	152.458	152.478	951	0	20
2025.10.23	15:50:00	152.479	152.535	152.446	152.525	711	0	20
2025.10.23	16:00:00	152.526	152.546	152.466	152.526	851	0	20
2025.10.23	16:10:00	152.526	152.607	152.52	152.607	645	0	20
2025.10.23	16:20:00	152.608	152.618	152.525	152.534	841	0	20
2025.10.23	16:30:00	152.533	152.602	152.49	152.561	1722	0	20
2025.10.23	16:40:00	152.56	152.707	152.556	152.706	1445	0	20
2025.10.23	16:50:00	152.706	152.722	152.649	152.672	1103	0	20
2025.10.23	17:00:00	152.673	152.695	152.568	152.607	1195	0	20
2025.10.23	17:10:00	152.608	152.677	152.607	152.642	1071	0	20
2025.10.23	17:20:00	152.642	152.699	152.629	152.664	978	0	20
2025.10.23	17:30:00	152.665	152.665	152.605	152.638	1012	0	20
2025.10.23	17:40:00	152.637	152.673	152.598	152.619	758	0	20
2025.10.23	17:50:00	152.618	152.643	152.576	152.604	1043	0	20
2025.10.23	18:00:00	152.605	152.617	152.571	152.601	843	0	20
2025.10.23	18:10:00	152.603	152.713	152.593	152.71	919	0	20
2025.10.23	18:20:00	152.711	152.72	152.684	152.703	569	0	20
2025.10.23	18:30:00	152.703	152.753	152.673	152.743	716	0	20
2025.10.23	18:40:00	152.744	152.744	152.698	152.726	701	0	20
2025.10.23	18:50:00	152.727	152.751	152.696	152.716	775	0	20
2025.10.23	19:00:00	152.713	152.752	152.682	152.735	471	0	20
2025.10.23	19:10:00	152.736	152.78	152.733	152.771	507	0	20
2025.10.23	19:20:00	152.77	152.787	152.679	152.687	644	0	20
2025.10.23	19:30:00	152.688	152.705	152.662	152.688	438	0	20
2025.10.23	19:40:00	152.689	152.73	152.669	152.723	320	0	20
2025.10.23	19:50:00	152.723	152.732	152.699	152.708	313	0	20
2025.10.23	20:00:00	152.709	152.723	152.641	152.703	566	0	20
2025.10.23	20:10:00	152.703	152.724	152.685	152.691	326	0	20
2025.10.23	20:20:00	152.693	152.736	152.681	152.727	362	0	20
2025.10.23	20:30:00	152.725	152.757	152.699	152.721	451	0	20
2025.10.23	20:40:00	152.722	152.722	152.625	152.63	389	0	20
2025.10.23	20:50:00	152.63	152.637	152.603	152.604	232	0	20
2025.10.23	21:00:00	152.605	152.639	152.595	152.63	310	0	20
2025.10.23	21:10:00	152.629	152.634	152.608	152.631	226	0	20
2025.10.23	21:20:00	152.632	152.635	152.579	152.596	302	0	21
2025.10.23	21:30:00	152.596	152.606	152.559	152.565	350	0	20
2025.10.23	21:40:00	152.565	152.565	152.523	152.537	230	0	20
2025.10.23	21:50:00	152.537	152.548	152.509	152.523	468	0	20
2025.10.23	22:00:00	152.523	152.525	152.484	152.503	639	0	20
2025.10.23	22:10:00	152.499	152.534	152.498	152.533	184	0	21
2025.10.23	22:20:00	152.533	152.55	152.517	152.54	254	0	21
2025.10.23	22:30:00	152.539	152.553	152.527	152.547	340	0	21
2025.10.23	22:40:00	152.548	152.551	152.53	152.541	253	0	20
2025.10.23	22:50:00	152.539	152.557	152.5	152.551	346	0	20
2025.10.23	23:00:00	152.546	152.589	152.546	152.586	276	0	20
2025.10.23	23:10:00	152.587	152.6	152.576	152.586	233	0	21
2025.10.23	23:20:00	152.584	152.584	152.548	152.56	286	0	20
2025.10.23	23:30:00	152.559	152.585	152.557	152.569	162	0	20
2025.10.23	23:40:00	152.569	152.588	152.569	152.579	172	0	23
2025.10.23	23:50:00	152.579	152.59	152.542	152.57	386	0	22
2025.10.24	00:00:00	152.476	152.519	152.476	152.515	24	0	120
2025.10.24	00:10:00	152.516	152.54	152.503	152.54	78	0	82
2025.10.24	00:20:00	152.54	152.554	152.54	152.55	31	0	70
2025.10.24	00:30:00	152.55	152.566	152.55	152.561	43	0	62
2025.10.24	00:40:00	152.558	152.578	152.554	152.574	30	0	60
2025.10.24	00:50:00	152.572	152.577	152.516	152.52	99	0	40
2025.10.24	01:00:00	152.52	152.55	152.506	152.533	195	0	24
2025.10.24	01:10:00	152.534	152.558	152.511	152.549	280	0	20
2025.10.24	01:20:00	152.549	152.554	152.519	152.519	258	0	24
2025.10.24	01:30:00	152.52	152.538	152.494	152.537	247	0	20
2025.10.24	01:40:00	152.538	152.578	152.532	152.57	370	0	22
2025.10.24	01:50:00	152.569	152.583	152.538	152.574	249	0	23
2025.10.24	02:00:00	152.573	152.613	152.554	152.612	284	0	22
2025.10.24	02:10:00	152.611	152.618	152.59	152.6	289	0	24
2025.10.24	02:20:00	152.6	152.618	152.591	152.616	82	0	20
2025.10.24	02:30:00	152.618	152.663	152.612	152.618	395	0	21
2025.10.24	02:40:00	152.616	152.622	152.563	152.579	321	0	20
2025.10.24	02:50:00	152.579	152.627	152.564	152.597	484	0	20
2025.10.24	03:00:00	152.597	152.602	152.494	152.508	926	0	20
2025.10.24	03:10:00	152.508	152.591	152.493	152.578	529	0	20
2025.10.24	03:20:00	152.579	152.589	152.518	152.531	551	0	21
2025.10.24	03:30:00	152.531	152.549	152.464	152.495	561	0	20
2025.10.24	03:40:00	152.496	152.567	152.496	152.562	522	0	20
2025.10.24	03:50:00	152.563	152.652	152.53	152.639	1132	0	20
2025.10.24	04:00:00	152.638	152.723	152.629	152.721	1018	0	20
2025.10.24	04:10:00	152.719	152.743	152.692	152.742	480	0	21
2025.10.24	04:20:00	152.743	152.869	152.742	152.822	580	0	20
2025.10.24	04:30:00	152.823	152.884	152.819	152.833	766	0	20
2025.10.24	04:40:00	152.834	152.859	152.815	152.834	537	0	20
2025.10.24	04:50:00	152.834	152.891	152.822	152.887	408	0	20
2025.10.24	05:00:00	152.887	152.904	152.828	152.831	255	0	20
2025.10.24	05:10:00	152.831	152.874	152.824	152.874	263	0	20
2025.10.24	05:20:00	152.87	152.892	152.857	152.886	381	0	20
2025.10.24	05:30:00	152.886	152.9	152.866	152.888	188	0	20
2025.10.24	05:40:00	152.888	152.901	152.76	152.831	643	0	20
2025.10.24	05:50:00	152.831	152.888	152.827	152.878	406	0	20
2025.10.24	06:00:00	152.88	152.886	152.851	152.879	244	0	20
2025.10.24	06:10:00	152.878	152.901	152.868	152.898	244	0	20
2025.10.24	06:20:00	152.896	152.903	152.84	152.841	251	0	20
2025.10.24	06:30:00	152.841	152.841	152.796	152.805	312	0	20
2025.10.24	06:40:00	152.806	152.809	152.755	152.759	261	0	20
2025.10.24	06:50:00	152.762	152.762	152.702	152.76	287	0	20
2025.10.24	07:00:00	152.76	152.855	152.76	152.844	322	0	20
2025.10.24	07:10:00	152.843	152.87	152.832	152.851	355	0	20
2025.10.24	07:20:00	152.851	152.881	152.849	152.856	316	0	20
2025.10.24	07:30:00	152.855	152.879	152.852	152.878	329	0	20
2025.10.24	07:40:00	152.878	152.901	152.854	152.89	267	0	21
2025.10.24	07:50:00	152.891	152.894	152.86	152.878	215	0	20
2025.10.24	08:00:00	152.879	152.986	152.879	152.975	484	0	21
2025.10.24	08:10:00	152.975	153.001	152.92	152.932	625	0	20
2025.10.24	08:20:00	152.933	153.024	152.904	153.016	372	0	20
2025.10.24	08:30:00	153.014	153.026	152.87	152.947	550	0	20
2025.10.24	08:40:00	152.948	152.981	152.909	152.914	293	0	20
2025.10.24	08:50:00	152.911	152.951	152.883	152.947	330	0	21
2025.10.24	09:00:00	152.947	153.016	152.911	152.998	878	0	20
2025.10.24	09:10:00	152.999	153.052	152.987	153.016	427	0	20
2025.10.24	09:20:00	153.015	153.016	152.942	152.953	613	0	20
2025.10.24	09:30:00	152.954	152.984	152.919	152.94	696	0	20
2025.10.24	09:40:00	152.941	152.982	152.939	152.958	553	0	21
2025.10.24	09:50:00	152.961	152.991	152.906	152.908	470	0	20
2025.10.24	10:00:00	152.912	152.941	152.849	152.862	1014	0	20
2025.10.24	10:10:00	152.861	152.87	152.802	152.831	614	0	20
2025.10.24	10:20:00	152.832	152.872	152.75	152.763	693	0	20
2025.10.24	10:30:00	152.765	152.829	152.742	152.813	1045	0	20
2025.10.24	10:40:00	152.815	152.88	152.805	152.856	727	0	20
2025.10.24	10:50:00	152.856	152.879	152.81	152.822	749	0	20
2025.10.24	11:00:00	152.821	152.865	152.801	152.843	704	0	20
2025.10.24	11:10:00	152.843	152.926	152.83	152.885	745	0	20
2025.10.24	11:20:00	152.885	153.009	152.884	152.974	565	0	20
2025.10.24	11:30:00	152.97	152.995	152.919	152.923	628	0	20
2025.10.24	11:40:00	152.923	152.956	152.903	152.956	537	0	20
2025.10.24	11:50:00	152.955	152.982	152.923	152.94	620	0	20
2025.10.24	12:00:00	152.94	152.985	152.92	152.933	745	0	20
2025.10.24	12:10:00	152.933	152.966	152.897	152.944	574	0	20
2025.10.24	12:20:00	152.946	152.976	152.931	152.947	563	0	20
2025.10.24	12:30:00	152.946	152.949	152.912	152.935	469	0	20
2025.10.24	12:40:00	152.934	152.947	152.89	152.909	434	0	20
2025.10.24	12:50:00	152.91	152.95	152.893	152.948	488	0	20
2025.10.24	13:00:00	152.948	152.971	152.895	152.922	399	0	20
2025.10.24	13:10:00	152.924	152.945	152.914	152.926	149	0	21
2025.10.24	13:20:00	152.926	152.951	152.926	152.936	204	0	20
2025.10.24	13:30:00	152.936	152.958	152.909	152.936	158	0	20
2025.10.24	13:40:00	152.936	152.959	152.923	152.956	256	0	20
2025.10.24	13:50:00	152.957	152.972	152.938	152.968	255	0	20
2025.10.24	14:00:00	152.968	152.982	152.946	152.952	789	0	21
2025.10.24	14:10:00	152.951	152.958	152.914	152.917	541	0	20
2025.10.24	14:20:00	152.917	152.949	152.897	152.936	482	0	20
2025.10.24	14:30:00	152.938	152.951	152.918	152.941	295	0	20
2025.10.24	14:40:00	152.941	152.948	152.928	152.941	464	0	20
2025.10.24	14:50:00	152.943	152.974	152.925	152.925	440	0	21
2025.10.24	15:00:00	152.924	152.93	152.832	152.879	741	0	20
2025.10.24	15:10:00	152.88	152.905	152.84	152.904	436	0	20
2025.10.24	15:20:00	152.915	152.951	152.844	152.844	715	0	20
2025.10.24	15:30:00	152.83	152.832	152.218	152.498	3484	0	20
2025.10.24	15:40:00	152.499	152.653	152.392	152.653	2072	0	20
2025.10.24	15:50:00	152.644	152.681	152.533	152.663	1660	0	20
2025.10.24	16:00:00	152.664	152.748	152.586	152.597	1895	0	20
2025.10.24	16:10:00	152.594	152.779	152.588	152.76	1184	0	20
2025.10.24	16:20:00	152.759	152.814	152.757	152.762	1268	0	20
2025.10.24	16:30:00	152.762	152.855	152.727	152.745	1493	0	20
2025.10.24	16:40:00	152.75	152.957	152.689	152.936	1490	0	20
2025.10.24	16:50:00	152.936	153.009	152.812	152.813	1598	0	20
2025.10.24	17:00:00	152.804	152.892	152.781	152.857	1599	0	20
2025.10.24	17:10:00	152.858	152.858	152.69	152.755	1156	0	20
2025.10.24	17:20:00	152.758	152.763	152.687	152.752	1090	0	20
2025.10.24	17:30:00	152.754	152.834	152.754	152.798	1105	0	20
2025.10.24	17:40:00	152.797	152.809	152.739	152.796	1131	0	20
2025.10.24	17:50:00	152.794	152.861	152.739	152.758	995	0	20
2025.10.24	18:00:00	152.761	152.79	152.695	152.734	748	0	20
2025.10.24	18:10:00	152.734	152.788	152.707	152.75	711	0	20
2025.10.24	18:20:00	152.751	152.789	152.738	152.756	670	0	20
2025.10.24	18:30:00	152.759	152.864	152.749	152.839	689	0	20
2025.10.24	18:40:00	152.838	152.865	152.807	152.843	979	0	20
2025.10.24	18:50:00	152.847	152.869	152.79	152.81	899	0	20
2025.10.24	19:00:00	152.809	152.827	152.797	152.812	424	0	20
2025.10.24	19:10:00	152.812	152.812	152.777	152.8	312	0	20
2025.10.24	19:20:00	152.795	152.831	152.784	152.812	365	0	20
2025.10.24	19:30:00	152.812	152.85	152.803	152.845	318	0	20
2025.10.24	19:40:00	152.845	152.866	152.818	152.843	451	0	20
2025.10.24	19:50:00	152.842	152.842	152.801	152.829	361	0	20
2025.10.24	20:00:00	152.829	152.829	152.768	152.774	273	0	20
2025.10.24	20:10:00	152.772	152.791	152.739	152.791	302	0	20
2025.10.24	20:20:00	152.791	152.814	152.78	152.792	177	0	20
2025.10.24	20:30:00	152.794	152.811	152.767	152.792	280	0	20
2025.10.24	20:40:00	152.79	152.798	152.771	152.794	419	0	20
2025.10.24	20:50:00	152.796	152.811	152.775	152.797	394	0	20
2025.10.24	21:00:00	152.798	152.813	152.787	152.798	294	0	21
2025.10.24	21:10:00	152.8	152.847	152.797	152.833	219	0	21
2025.10.24	21:20:00	152.834	152.859	152.822	152.856	218	0	21
2025.10.24	21:30:00	152.856	152.862	152.834	152.844	315	0	20
2025.10.24	21:40:00	152.845	152.871	152.844	152.859	346	0	20
2025.10.24	21:50:00	152.861	152.88	152.834	152.854	314	0	21
2025.10.24	22:00:00	152.854	152.854	152.811	152.812	382	0	20
2025.10.24	22:10:00	152.813	152.83	152.806	152.818	256	0	20
2025.10.24	22:20:00	152.817	152.847	152.806	152.845	115	0	22
2025.10.24	22:30:00	152.845	152.886	152.844	152.854	233	0	20
2025.10.24	22:40:00	152.853	152.856	152.831	152.839	226	0	22
2025.10.24	22:50:00	152.837	152.837	152.791	152.817	548	0	21
2025.10.24	23:00:00	152.816	152.822	152.77	152.787	346	0	20
2025.10.24	23:10:00	152.786	152.79	152.745	152.752	129	0	23
2025.10.24	23:20:00	152.752	152.783	152.745	152.782	98	0	20
2025.10.24	23:30:00	152.782	152.868	152.782	152.865	139	0	21
2025.10.24	23:40:00	152.866	152.866	152.827	152.837	303	0	23
2025.10.24	23:50:00	152.837	152.882	152.827	152.868	601	0	23
2025.10.26	23:00:00	152.744	152.864	152.744	152.82	55	0	67
2025.10.26	23:10:00	152.808	152.812	152.801	152.812	110	0	87
2025.10.26	23:20:00	152.812	152.825	152.803	152.807	21	0	76
2025.10.26	23:30:00	152.809	152.817	152.807	152.814	77	0	78
2025.10.26	23:40:00	152.817	152.953	152.802	152.818	229	0	32
2025.10.26	23:50:00	152.818	153.044	152.818	153.012	139	0	29
2025.10.27	00:00:00	153.01	153.132	152.936	152.987	457	0	20
2025.10.27	00:10:00	152.988	153.083	152.955	153.081	750	0	20
2025.10.27	00:20:00	153.08	153.103	153.05	153.061	572	0	20
2025.10.27	00:30:00	153.062	153.114	153.057	153.094	512	0	20
2025.10.27	00:40:00	153.094	153.094	152.984	153.082	540	0	20
2025.10.27	00:50:00	153.081	153.089	153.047	153.063	306	0	20
2025.10.27	01:00:00	153.061	153.132	153.042	153.106	440	0	20
2025.10.27	01:10:00	153.107	153.167	153.105	153.159	391	0	20
2025.10.27	01:20:00	153.159	153.159	153.106	153.12	179	0	20
2025.10.27	01:30:00	153.127	153.131	153.019	153.026	546	0	20
2025.10.27	01:40:00	153.027	153.075	153.005	153.073	441	0	20
2025.10.27	01:50:00	153.073	153.086	153.034	153.06	396	0	20
2025.10.27	02:00:00	153.06	153.072	152.912	153.047	1333	0	20
2025.10.27	02:10:00	153.048	153.142	153.041	153.057	765	0	20
2025.10.27	02:20:00	153.056	153.084	153.014	153.024	508	0	20
2025.10.27	02:30:00	153.024	153.039	152.953	152.991	584	0	21
2025.10.27	02:40:00	152.99	152.993	152.85	152.889	815	0	20
2025.10.27	02:50:00	152.888	152.941	152.82	152.88	1060	0	20
2025.10.27	03:00:00	152.877	152.983	152.804	152.823	776	0	20
2025.10.27	03:10:00	152.824	152.834	152.645	152.681	1232	0	20
2025.10.27	03:20:00	152.68	152.784	152.674	152.717	650	0	20
2025.10.27	03:30:00	152.715	152.786	152.7	152.773	634	0	20
2025.10.27	03:40:00	152.772	152.81	152.736	152.795	513	0	20
2025.10.27	03:50:00	152.792	152.828	152.772	152.824	526	0	20
2025.10.27	04:00:00	152.825	152.931	152.813	152.915	563	0	20
2025.10.27	04:10:00	152.916	152.976	152.915	152.975	310	0	20
2025.10.27	04:20:00	152.974	153.004	152.955	152.966	391	0	20
2025.10.27	04:30:00	152.964	152.993	152.938	152.954	294	0	20
2025.10.27	04:40:00	152.953	152.986	152.94	152.97	207	0	20
2025.10.27	04:50:00	152.973	152.981	152.959	152.971	370	0	21
2025.10.27	05:00:00	152.969	152.992	152.95	152.954	311	0	20
2025.10.27	05:10:00	152.953	152.988	152.945	152.952	251	0	21
2025.10.27	05:20:00	152.955	152.975	152.94	152.954	251	0	20
2025.10.27	05:30:00	152.955	152.987	152.953	152.987	247	0	20
2025.10.27	05:40:00	152.988	153.01	152.976	153.004	203	0	20
2025.10.27	05:50:00	153.003	153.04	152.985	153.035	208	0	20
2025.10.27	06:00:00	153.036	153.116	153.036	153.104	444	0	20
2025.10.27	06:10:00	153.103	153.104	153.054	153.063	426	0	20
2025.10.27	06:20:00	153.062	153.072	153.024	153.051	363	0	20
2025.10.27	06:30:00	153.051	153.153	153.045	153.118	413	0	20
2025.10.27	06:40:00	153.117	153.152	153.092	153.118	387	0	20
2025.10.27	06:50:00	153.119	153.141	153.112	153.128	316	0	22
2025.10.27	07:00:00	153.127	153.196	153.118	153.162	491	0	20
2025.10.27	07:10:00	153.163	153.247	153.163	153.233	494	0	20
2025.10.27	07:20:00	153.233	153.237	153.204	153.222	352	0	20
2025.10.27	07:30:00	153.223	153.233	153.141	153.154	427	0	20
2025.10.27	07:40:00	153.159	153.194	153.151	153.153	210	0	22
2025.10.27	07:50:00	153.154	153.17	153.1	153.118	464	0	21
2025.10.27	08:00:00	153.113	153.126	153.031	153.052	720	0	20
2025.10.27	08:10:00	153.052	153.077	153.02	153.041	664	0	20
2025.10.27	08:20:00	153.042	153.071	152.962	152.994	778	0	20
2025.10.27	08:30:00	152.994	153.027	152.822	152.866	834	0	20
2025.10.27	08:40:00	152.867	152.945	152.844	152.943	460	0	20
2025.10.27	08:50:00	152.944	153.037	152.933	152.967	402	0	21
2025.10.27	09:00:00	152.971	152.985	152.909	152.922	951	0	20
2025.10.27	09:10:00	152.923	152.931	152.858	152.886	925	0	20
2025.10.27	09:20:00	152.887	153.018	152.874	153.0	586	0	20
2025.10.27	09:30:00	153.0	153.016	152.851	152.881	575	0	20
2025.10.27	09:40:00	152.882	152.955	152.882	152.936	567	0	20
2025.10.27	09:50:00	152.935	153.016	152.929	153.004	700	0	20
2025.10.27	10:00:00	153.006	153.067	152.889	152.945	884	0	20
2025.10.27	10:10:00	152.947	152.971	152.876	152.909	778	0	20
2025.10.27	10:20:00	152.908	152.935	152.885	152.91	797	0	20
2025.10.27	10:30:00	152.909	152.915	152.732	152.763	1127	0	20
2025.10.27	10:40:00	152.761	152.817	152.734	152.781	781	0	20
2025.10.27	10:50:00	152.78	152.834	152.78	152.808	865	0	20
2025.10.27	11:00:00	152.808	152.811	152.749	152.775	695	0	20
2025.10.27	11:10:00	152.776	152.799	152.751	152.779	643	0	20
2025.10.27	11:20:00	152.779	152.796	152.753	152.768	599	0	20
2025.10.27	11:30:00	152.768	152.784	152.72	152.733	649	0	21
2025.10.27	11:40:00	152.734	152.762	152.689	152.7	531	0	20
2025.10.27	11:50:00	152.7	152.741	152.692	152.739	497	0	20
2025.10.27	12:00:00	152.742	152.777	152.728	152.74	391	0	20
2025.10.27	12:10:00	152.739	152.775	152.724	152.726	588	0	20
2025.10.27	12:20:00	152.726	152.803	152.711	152.803	390	0	21
2025.10.27	12:30:00	152.804	152.838	152.76	152.77	600	0	20
2025.10.27	12:40:00	152.772	152.804	152.748	152.75	628	0	20
2025.10.27	12:50:00	152.75	152.796	152.727	152.76	514	0	20
2025.10.27	13:00:00	152.759	152.76	152.726	152.73	525	0	20
2025.10.27	13:10:00	152.73	152.748	152.694	152.725	550	0	20
2025.10.27	13:20:00	152.727	152.738	152.584	152.715	831	0	21
2025.10.27	13:30:00	152.716	152.795	152.685	152.795	794	0	20
2025.10.27	13:40:00	152.795	152.796	152.677	152.692	744	0	20
2025.10.27	13:50:00	152.695	152.703	152.596	152.626	922	0	20
2025.10.27	14:00:00	152.627	152.629	152.554	152.59	802	0	20
2025.10.27	14:10:00	152.592	152.696	152.577	152.669	729	0	20
2025.10.27	14:20:00	152.666	152.735	152.629	152.729	593	0	20
2025.10.27	14:30:00	152.728	152.821	152.713	152.807	890	0	20
2025.10.27	14:40:00	152.808	152.835	152.781	152.807	984	0	20
2025.10.27	14:50:00	152.806	152.887	152.795	152.83	808	0	20
2025.10.27	15:00:00	152.832	152.884	152.797	152.853	675	0	20
2025.10.27	15:10:00	152.853	152.876	152.799	152.852	666	0	20
2025.10.27	15:20:00	152.852	152.96	152.847	152.946	750	0	20
2025.10.27	15:30:00	152.947	153.054	152.932	153.051	1091	0	20
2025.10.27	15:40:00	153.058	153.186	153.054	153.124	1778	0	20
2025.10.27	15:50:00	153.124	153.162	153.088	153.099	1297	0	20
2025.10.27	16:00:00	153.099	153.18	153.074	153.11	895	0	20
2025.10.27	16:10:00	153.11	153.12	153.025	153.048	743	0	20
2025.10.27	16:20:00	153.048	153.079	153.012	153.017	691	0	20
2025.10.27	16:30:00	153.015	153.086	153.002	153.059	929	0	20
2025.10.27	16:40:00	153.057	153.075	153.035	153.061	605	0	20
2025.10.27	16:50:00	153.052	153.085	152.99	152.992	1287	0	20
2025.10.27	17:00:00	152.99	153.102	152.975	153.071	1297	0	20
2025.10.27	17:10:00	153.071	153.073	153.022	153.039	651	0	20
2025.10.27	17:20:00	153.039	153.098	153.031	153.079	533	0	20
2025.10.27	17:30:00	153.08	153.097	153.036	153.097	771	0	20
2025.10.27	17:40:00	153.098	153.109	153.076	153.097	610	0	20
2025.10.27	17:50:00	153.097	153.102	153.041	153.077	843	0	21
2025.10.27	18:00:00	153.077	153.081	153.017	153.064	507	0	20
2025.10.27	18:10:00	153.065	153.075	153.034	153.062	280	0	20
2025.10.27	18:20:00	153.059	153.059	153.036	153.051	365	0	20
2025.10.27	18:30:00	153.053	153.055	152.999	153.014	705	0	20
2025.10.27	18:40:00	153.015	153.039	153.0	153.013	400	0	20
2025.10.27	18:50:00	153.014	153.015	152.967	152.985	378	0	20
2025.10.27	19:00:00	152.985	152.999	152.931	152.991	368	0	20
2025.10.27	19:10:00	152.99	153.039	152.981	153.039	410	0	20
2025.10.27	19:20:00	153.029	153.054	153.015	153.048	344	0	20
2025.10.27	19:30:00	153.047	153.075	153.039	153.068	265	0	20
2025.10.27	19:40:00	153.07	153.081	153.067	153.073	165	0	21
2025.10.27	19:50:00	153.074	153.074	153.038	153.05	259	0	21
2025.10.27	20:00:00	153.046	153.062	153.035	153.037	227	0	21
2025.10.27	20:10:00	153.036	153.04	153.015	153.022	200	0	22
2025.10.27	20:20:00	153.022	153.051	153.022	153.047	333	0	21
2025.10.27	20:30:00	153.047	153.051	152.998	153.002	307	0	20
2025.10.27	20:40:00	153.002	153.002	152.814	152.831	542	0	20
2025.10.27	20:50:00	152.83	152.838	152.749	152.809	549	0	20
2025.10.27	21:00:00	152.809	152.872	152.807	152.864	489	0	20
2025.10.27	21:10:00	152.863	152.863	152.818	152.835	328	0	20
2025.10.27	21:20:00	152.834	152.889	152.828	152.885	361	0	21
2025.10.27	21:30:00	152.886	152.923	152.885	152.903	420	0	20
2025.10.27	21:40:00	152.902	152.943	152.902	152.909	348	0	20
2025.10.27	21:50:00	152.909	152.91	152.861	152.897	304	0	20
2025.10.27	22:00:00	152.896	152.896	152.842	152.867	237	0	20
2025.10.27	22:10:00	152.867	152.88	152.859	152.879	97	0	22
2025.10.27	22:20:00	152.879	152.879	152.841	152.841	87	0	21
2025.10.27	22:30:00	152.84	152.873	152.839	152.867	131	0	21
2025.10.27	22:40:00	152.867	152.9	152.867	152.895	147	0	22
2025.10.27	22:50:00	152.896	152.899	152.85	152.857	384	0	20
2025.10.27	23:00:00	152.857	152.857	152.829	152.847	14	0	39
2025.10.27	23:10:00	152.827	152.845	152.826	152.828	14	0	54
2025.10.27	23:20:00	152.828	152.834	152.827	152.834	21	0	48
2025.10.27	23:30:00	152.834	152.859	152.829	152.83	35	0	41
2025.10.27	23:40:00	152.83	152.836	152.829	152.836	15	0	41
2025.10.27	23:50:00	152.836	152.847	152.752	152.754	64	0	37
2025.10.28	00:00:00	152.758	152.789	152.736	152.776	154	0	29
2025.10.28	00:10:00	152.78	152.799	152.776	152.795	117	0	36
2025.10.28	00:20:00	152.792	152.805	152.771	152.793	103	0	22
2025.10.28	00:30:00	152.786	152.792	152.753	152.781	334	0	22
2025.10.28	00:40:00	152.78	152.796	152.765	152.769	99	0	22
2025.10.28	00:50:00	152.769	152.771	152.726	152.734	200	0	24
2025.10.28	01:00:00	152.734	152.763	152.718	152.744	406	0	25
2025.10.28	01:10:00	152.743	152.754	152.731	152.743	197	0	26
2025.10.28	01:20:00	152.742	152.757	152.73	152.745	155	0	24
2025.10.28	01:30:00	152.745	152.748	152.688	152.7	178	0	22
2025.10.28	01:40:00	152.7	152.709	152.617	152.651	418	0	23
2025.10.28	01:50:00	152.65	152.709	152.647	152.684	466	0	25
2025.10.28	02:00:00	152.684	152.722	152.591	152.639	754	0	23
2025.10.28	02:10:00	152.639	152.676	152.537	152.556	789	0	22
2025.10.28	02:20:00	152.557	152.569	152.492	152.504	595	0	23
2025.10.28	02:30:00	152.504	152.511	152.389	152.468	781	0	22
2025.10.28	02:40:00	152.469	152.471	152.381	152.407	571	0	22
2025.10.28	02:50:00	152.406	152.549	152.406	152.486	1353	0	20
2025.10.28	03:00:00	152.485	152.502	152.312	152.316	1023	0	20
2025.10.28	03:10:00	152.316	152.376	152.254	152.373	980	0	20
2025.10.28	03:20:00	152.374	152.476	152.363	152.452	965	0	20
2025.10.28	03:30:00	152.451	152.453	152.342	152.352	827	0	20
2025.10.28	03:40:00	152.351	152.376	152.314	152.376	577	0	20
2025.10.28	03:50:00	152.376	152.415	152.348	152.388	667	0	20
2025.10.28	04:00:00	152.39	152.392	152.287	152.319	740	0	20
2025.10.28	04:10:00	152.319	152.391	152.315	152.354	545	0	20
2025.10.28	04:20:00	152.353	152.41	152.341	152.395	533	0	20
2025.10.28	04:30:00	152.395	152.458	152.395	152.436	437	0	20
2025.10.28	04:40:00	152.435	152.456	152.404	152.418	439	0	20
2025.10.28	04:50:00	152.417	152.461	152.398	152.448	447	0	20
2025.10.28	05:00:00	152.449	152.457	152.382	152.386	377	0	20
2025.10.28	05:10:00	152.386	152.454	152.385	152.445	285	0	21
2025.10.28	05:20:00	152.445	152.446	152.398	152.4	327	0	20
2025.10.28	05:30:00	152.4	152.451	152.384	152.45	444	0	20
2025.10.28	05:40:00	152.456	152.462	152.282	152.341	581	0	20
2025.10.28	05:50:00	152.341	152.341	152.152	152.267	941	0	20
2025.10.28	06:00:00	152.267	152.295	152.231	152.261	640	0	20
2025.10.28	06:10:00	152.259	152.268	152.121	152.129	856	0	20
2025.10.28	06:20:00	152.13	152.203	152.11	152.171	1054	0	20
2025.10.28	06:30:00	152.171	152.214	152.052	152.077	931	0	20
2025.10.28	06:40:00	152.077	152.082	151.877	151.89	1081	0	20
2025.10.28	06:50:00	151.891	151.947	151.841	151.865	1150	0	20
2025.10.28	07:00:00	151.866	151.924	151.808	151.861	1056	0	20
2025.10.28	07:10:00	151.862	151.925	151.803	151.856	817	0	20
2025.10.28	07:20:00	151.857	151.883	151.748	151.789	821	0	20
2025.10.28	07:30:00	151.788	151.839	151.757	151.83	857	0	20
2025.10.28	07:40:00	151.831	151.917	151.831	151.909	666	0	20
2025.10.28	07:50:00	151.91	151.959	151.866	151.902	771	0	20
2025.10.28	08:00:00	151.901	151.984	151.887	151.921	976	0	20
2025.10.28	08:10:00	151.922	151.938	151.801	151.815	699	0	20
2025.10.28	08:20:00	151.818	151.977	151.801	151.969	590	0	20
2025.10.28	08:30:00	151.968	152.049	151.965	151.966	908	0	20
2025.10.28	08:40:00	151.965	152.004	151.924	151.931	732	0	20
2025.10.28	08:50:00	151.94	152.031	151.927	152.009	736	0	20
2025.10.28	09:00:00	152.009	152.342	152.009	152.222	1504	0	20
2025.10.28	09:10:00	152.223	152.235	152.104	152.161	1511	0	20
2025.10.28	09:20:00	152.162	152.223	152.111	152.138	935	0	20
2025.10.28	09:30:00	152.136	152.202	152.119	152.13	1239	0	20
2025.10.28	09:40:00	152.131	152.167	152.03	152.032	981	0	20
2025.10.28	09:50:00	152.035	152.193	152.021	152.134	952	0	20
2025.10.28	10:00:00	152.133	152.152	152.029	152.124	1627	0	20
2025.10.28	10:10:00	152.126	152.137	151.978	151.979	1173	0	20
2025.10.28	10:20:00	151.979	152.04	151.933	151.991	1186	0	20
2025.10.28	10:30:00	151.991	151.991	151.877	151.898	1179	0	20
2025.10.28	10:40:00	151.897	151.927	151.834	151.888	1334	0	20
2025.10.28	10:50:00	151.888	151.98	151.867	151.941	894	0	20
2025.10.28	11:00:00	151.941	151.988	151.889	151.955	849	0	20
2025.10.28	11:10:00	151.954	152.013	151.934	151.974	926	0	20
2025.10.28	11:20:00	151.967	152.068	151.952	152.047	844	0	20
2025.10.28	11:30:00	152.046	152.048	151.91	151.916	671	0	20
2025.10.28	11:40:00	151.914	151.953	151.862	151.933	748	0	20
2025.10.28	11:50:00	151.933	151.965	151.895	151.904	661	0	20
2025.10.28	12:00:00	151.905	151.976	151.881	151.913	607	0	20
2025.10.28	12:10:00	151.911	151.921	151.851	151.876	635	0	20
2025.10.28	12:20:00	151.877	151.885	151.845	151.884	503	0	20
2025.10.28	12:30:00	151.883	151.917	151.866	151.886	872	0	20
2025.10.28	12:40:00	151.885	151.885	151.815	151.856	701	0	20
2025.10.28	12:50:00	151.856	151.87	151.835	151.853	678	0	20
2025.10.28	13:00:00	151.852	151.957	151.848	151.933	585	0	20
2025.10.28	13:10:00	151.932	151.985	151.864	151.955	636	0	20
2025.10.28	13:20:00	151.956	151.983	151.943	151.976	530	0	20
2025.10.28	13:30:00	151.975	152.047	151.958	152.041	645	0	21
2025.10.28	13:40:00	152.047	152.07	152.016	152.056	636	0	20
2025.10.28	13:50:00	152.055	152.058	152.014	152.024	549	0	20
2025.10.28	14:00:00	152.024	152.129	152.008	152.117	1035	0	21
2025.10.28	14:10:00	152.118	152.163	152.086	152.09	805	0	20
2025.10.28	14:20:00	152.093	152.095	152.012	152.075	1061	0	20
2025.10.28	14:30:00	152.075	152.173	152.032	152.131	1071	0	20
2025.10.28	14:40:00	152.131	152.167	152.128	152.157	695	0	20
2025.10.28	14:50:00	152.158	152.209	152.121	152.121	1266	0	20
2025.10.28	15:00:00	152.124	152.283	152.118	152.267	1161	0	20
2025.10.28	15:10:00	152.277	152.347	152.264	152.322	1177	0	20
2025.10.28	15:20:00	152.32	152.36	152.256	152.258	952	0	20
2025.10.28	15:30:00	152.26	152.297	152.213	152.256	1183	0	20
2025.10.28	15:40:00	152.255	152.326	152.233	152.235	936	0	20
2025.10.28	15:50:00	152.235	152.255	152.172	152.182	821	0	20
2025.10.28	16:00:00	152.181	152.252	152.126	152.131	1007	0	20
2025.10.28	16:10:00	152.131	152.143	152.084	152.14	930	0	20
2025.10.28	16:20:00	152.14	152.145	152.03	152.068	1023	0	20
2025.10.28	16:30:00	152.067	152.141	152.037	152.039	853	0	20
2025.10.28	16:40:00	152.039	152.04	151.973	151.995	798	0	20
2025.10.28	16:50:00	151.995	152.042	151.966	151.975	631	0	20
2025.10.28	17:00:00	151.975	151.994	151.885	151.973	831	0	20
2025.10.28	17:10:00	151.973	152.063	151.955	152.063	550	0	20
2025.10.28	17:20:00	152.063	152.063	151.994	152.015	418	0	20
2025.10.28	17:30:00	152.015	152.016	151.889	151.89	706	0	20
2025.10.28	17:40:00	151.89	151.949	151.842	151.949	666	0	20
2025.10.28	17:50:00	151.95	152.168	151.95	152.133	1738	0	20
2025.10.28	18:00:00	152.133	152.197	152.108	152.163	1366	0	20
2025.10.28	18:10:00	152.162	152.196	152.114	152.155	876	0	20
2025.10.28	18:20:00	152.157	152.181	152.133	152.148	535	0	20
2025.10.28	18:30:00	152.148	152.292	152.147	152.246	1471	0	20
2025.10.28	18:40:00	152.246	152.246	152.169	152.191	748	0	20
2025.10.28	18:50:00	152.191	152.205	152.1	152.1	770	0	20
2025.10.28	19:00:00	152.1	152.167	152.093	152.131	904	0	20
2025.10.28	19:10:00	152.13	152.186	152.129	152.139	749	0	20
2025.10.28	19:20:00	152.14	152.154	152.112	152.121	573	0	20
2025.10.28	19:30:00	152.12	152.143	152.084	152.103	434	0	20
2025.10.28	19:40:00	152.102	152.176	152.102	152.15	229	0	20
2025.10.28	19:50:00	152.151	152.18	152.144	152.164	315	0	20
2025.10.28	20:00:00	152.164	152.195	152.147	152.18	524	0	20
2025.10.28	20:10:00	152.18	152.18	152.135	152.155	393	0	20
2025.10.28	20:20:00	152.156	152.205	152.152	152.205	490	0	21
2025.10.28	20:30:00	152.205	152.234	152.15	152.181	446	0	20
2025.10.28	20:40:00	152.18	152.194	152.141	152.148	419	0	20
2025.10.28	20:50:00	152.15	152.161	152.079	152.093	560	0	20
2025.10.28	21:00:00	152.093	152.093	152.023	152.028	473	0	20
2025.10.28	21:10:00	152.03	152.044	151.992	152.011	696	0	20
2025.10.28	21:20:00	152.012	152.017	151.975	151.99	348	0	20
2025.10.28	21:30:00	151.99	151.994	151.949	151.951	230	0	21
2025.10.28	21:40:00	151.951	151.987	151.935	151.985	256	0	20
2025.10.28	21:50:00	151.982	152.049	151.965	152.047	270	0	20
2025.10.28	22:00:00	152.045	152.078	152.037	152.056	243	0	20
2025.10.28	22:10:00	152.056	152.074	152.053	152.055	111	0	22
2025.10.28	22:20:00	152.055	152.119	152.051	152.095	129	0	22
2025.10.28	22:30:00	152.095	152.113	152.089	152.112	211	0	20
2025.10.28	22:40:00	152.11	152.11	152.066	152.083	180	0	21
2025.10.28	22:50:00	152.084	152.1	152.064	152.091	433	0	23
2025.10.28	23:00:00	152.088	152.088	152.001	152.004	42	0	41
2025.10.28	23:10:00	152.021	152.041	151.999	152.026	17	0	109
2025.10.28	23:20:00	152.024	152.028	151.978	152.028	26	0	102
2025.10.28	23:30:00	152.028	152.034	152.025	152.025	16	0	91
2025.10.28	23:40:00	152.025	152.031	152.017	152.025	71	0	84
2025.10.28	23:50:00	152.026	152.083	152.009	152.009	43	0	63
2025.10.29	00:00:00	151.994	152.147	151.979	152.146	169	0	27
2025.10.29	00:10:00	152.146	152.148	152.129	152.143	257	0	25
2025.10.29	00:20:00	152.141	152.146	152.112	152.127	193	0	23
2025.10.29	00:30:00	152.127	152.15	152.121	152.141	231	0	20
2025.10.29	00:40:00	152.141	152.164	152.139	152.157	275	0	22
2025.10.29	00:50:00	152.158	152.169	152.148	152.157	213	0	22
2025.10.29	01:00:00	152.158	152.169	152.122	152.123	160	0	23
2025.10.29	01:10:00	152.122	152.123	152.081	152.112	231	0	24
2025.10.29	01:20:00	152.111	152.17	152.111	152.165	217	0	23
2025.10.29	01:30:00	152.166	152.182	152.135	152.136	201	0	21
2025.10.29	01:40:00	152.135	152.138	152.078	152.104	482	0	20
2025.10.29	01:50:00	152.105	152.183	151.713	151.724	1020	0	20
2025.10.29	02:00:00	151.725	151.752	151.527	151.624	1421	0	20
2025.10.29	02:10:00	151.622	151.839	151.561	151.798	1219	0	20
2025.10.29	02:20:00	151.796	151.85	151.727	151.81	1323	0	20
2025.10.29	02:30:00	151.809	151.88	151.773	151.835	1578	0	20
2025.10.29	02:40:00	151.835	151.854	151.726	151.76	1263	0	20
2025.10.29	02:50:00	151.76	151.78	151.539	151.622	2090	0	20
2025.10.29	03:00:00	151.623	151.712	151.541	151.687	1077	0	20
2025.10.29	03:10:00	151.686	151.712	151.63	151.676	974	0	20
2025.10.29	03:20:00	151.683	151.784	151.593	151.729	822	0	20
2025.10.29	03:30:00	151.729	151.837	151.728	151.792	1151	0	20
2025.10.29	03:40:00	151.792	151.905	151.776	151.843	1297	0	20
2025.10.29	03:50:00	151.845	151.885	151.808	151.881	754	0	20
2025.10.29	04:00:00	151.882	151.948	151.88	151.891	647	0	20
2025.10.29	04:10:00	151.891	151.976	151.889	151.961	510	0	20
2025.10.29	04:20:00	151.962	152.101	151.96	152.088	688	0	20
2025.10.29	04:30:00	152.088	152.132	152.047	152.057	537	0	20
2025.10.29	04:40:00	152.056	152.061	152.03	152.049	327	0	20
2025.10.29	04:50:00	152.05	152.082	151.963	151.969	444	0	20
2025.10.29	05:00:00	151.97	151.973	151.912	151.933	349	0	20
2025.10.29	05:10:00	151.933	151.993	151.925	151.963	322	0	20
2025.10.29	05:20:00	151.963	151.97	151.926	151.97	324	0	20
2025.10.29	05:30:00	151.971	151.996	151.906	151.967	440	0	20
2025.10.29	05:40:00	151.967	152.018	151.966	152.005	383	0	20
2025.10.29	05:50:00	152.002	152.047	151.999	152.042	502	0	20
2025.10.29	06:00:00	152.043	152.08	152.034	152.056	460	0	20
2025.10.29	06:10:00	152.054	152.057	151.949	151.983	436	0	20
2025.10.29	06:20:00	151.983	152.044	151.983	152.03	405	0	20
2025.10.29	06:30:00	152.031	152.091	152.007	152.059	371	0	20
2025.10.29	06:40:00	152.059	152.076	152.032	152.066	258	0	20
2025.10.29	06:50:00	152.066	152.104	152.061	152.064	387	0	20
2025.10.29	07:00:00	152.066	152.123	152.052	152.115	385	0	20
2025.10.29	07:10:00	152.116	152.298	152.115	152.285	804	0	20
2025.10.29	07:20:00	152.286	152.444	152.271	152.44	768	0	20
2025.10.29	07:30:00	152.44	152.495	152.426	152.485	646	0	20
2025.10.29	07:40:00	152.485	152.534	152.417	152.466	608	0	20
2025.10.29	07:50:00	152.467	152.476	152.319	152.353	812	0	20
2025.10.29	08:00:00	152.352	152.441	152.339	152.414	624	0	20
2025.10.29	08:10:00	152.415	152.415	152.343	152.376	691	0	20
2025.10.29	08:20:00	152.376	152.377	152.253	152.272	687	0	20
2025.10.29	08:30:00	152.273	152.273	152.204	152.243	658	0	20
2025.10.29	08:40:00	152.243	152.265	152.15	152.174	721	0	20
2025.10.29	08:50:00	152.174	152.211	152.119	152.134	496	0	20
2025.10.29	09:00:00	152.146	152.17	152.047	152.077	668	0	20
2025.10.29	09:10:00	152.078	152.14	152.069	152.088	599	0	20
2025.10.29	09:20:00	152.087	152.087	152.007	152.02	884	0	20
2025.10.29	09:30:00	152.019	152.115	151.992	152.072	652	0	20
2025.10.29	09:40:00	152.074	152.131	152.03	152.105	551	0	20
2025.10.29	09:50:00	152.106	152.106	152.002	152.05	692	0	20
2025.10.29	10:00:00	152.052	152.236	152.038	152.218	922	0	20
2025.10.29	10:10:00	152.219	152.259	152.2	152.236	674	0	20
2025.10.29	10:20:00	152.237	152.28	152.192	152.22	835	0	20
2025.10.29	10:30:00	152.22	152.323	152.207	152.279	755	0	20
2025.10.29	10:40:00	152.278	152.292	152.247	152.262	585	0	20
2025.10.29	10:50:00	152.263	152.323	152.247	152.323	931	0	20
2025.10.29	11:00:00	152.331	152.404	152.319	152.401	773	0	20
2025.10.29	11:10:00	152.402	152.457	152.369	152.414	913	0	20
2025.10.29	11:20:00	152.414	152.42	152.306	152.337	511	0	20
2025.10.29	11:30:00	152.341	152.371	152.275	152.288	694	0	20
2025.10.29	11:40:00	152.288	152.307	152.205	152.218	794	0	20
2025.10.29	11:50:00	152.218	152.255	152.187	152.222	454	0	20
2025.10.29	12:00:00	152.221	152.269	152.195	152.269	425	0	20
2025.10.29	12:10:00	152.269	152.333	152.268	152.294	397	0	20
2025.10.29	12:20:00	152.292	152.302	152.232	152.244	373	0	20
2025.10.29	12:30:00	152.245	152.254	152.204	152.235	370	0	20
2025.10.29	12:40:00	152.233	152.283	152.221	152.266	356	0	20
2025.10.29	12:50:00	152.268	152.275	152.213	152.232	486	0	20
2025.10.29	13:00:00	152.234	152.268	152.195	152.22	517	0	20
2025.10.29	13:10:00	152.221	152.278	152.219	152.267	667	0	20
2025.10.29	13:20:00	152.266	152.398	152.266	152.351	658	0	20
2025.10.29	13:30:00	152.352	152.353	152.216	152.243	528	0	20
2025.10.29	13:40:00	152.25	152.272	152.177	152.177	543	0	20
2025.10.29	13:50:00	152.176	152.255	152.125	152.232	470	0	20
2025.10.29	14:00:00	152.232	152.232	152.149	152.21	576	0	20
2025.10.29	14:10:00	152.209	152.267	152.196	152.245	430	0	20
2025.10.29	14:20:00	152.246	152.288	152.204	152.255	657	0	20
2025.10.29	14:30:00	152.254	152.276	152.219	152.264	679	0	20
2025.10.29	14:40:00	152.266	152.271	152.201	152.202	550	0	20
2025.10.29	14:50:00	152.202	152.247	152.186	152.23	677	0	20
2025.10.29	15:00:00	152.232	152.233	152.142	152.151	489	0	20
2025.10.29	15:10:00	152.151	152.152	151.894	151.916	789	0	20
2025.10.29	15:20:00	151.916	151.975	151.876	151.9	708	0	20
2025.10.29	15:30:00	151.903	151.972	151.854	151.906	1267	0	20
2025.10.29	15:40:00	151.902	152.017	151.865	151.992	831	0	20
2025.10.29	15:50:00	151.993	152.062	151.976	151.989	873	0	20
2025.10.29	16:00:00	151.99	152.062	151.978	152.058	863	0	20
2025.10.29	16:10:00	152.058	152.06	152.02	152.025	807	0	20
2025.10.29	16:20:00	152.024	152.084	151.973	152.076	782	0	20
2025.10.29	16:30:00	152.077	152.158	152.077	152.119	861	0	20
2025.10.29	16:40:00	152.12	152.149	152.058	152.059	810	0	20
2025.10.29	16:50:00	152.06	152.081	152.014	152.027	728	0	20
2025.10.29	17:00:00	152.026	152.027	151.933	151.958	854	0	20
2025.10.29	17:10:00	151.959	152.039	151.954	152.023	550	0	20
2025.10.29	17:20:00	152.023	152.051	151.992	152.027	583	0	20
2025.10.29	17:30:00	152.027	152.03	151.99	152.016	321	0	20
2025.10.29	17:40:00	152.016	152.024	151.964	151.982	460	0	20
2025.10.29	17:50:00	151.981	152.04	151.895	151.901	1507	0	20
2025.10.29	18:00:00	151.901	152.155	151.886	152.115	1918	0	20
2025.10.29	18:10:00	152.115	152.144	152.057	152.061	670	0	20
2025.10.29	18:20:00	152.064	152.09	152.011	152.031	513	0	20
2025.10.29	18:30:00	152.031	152.123	152.031	152.091	551	0	20
2025.10.29	18:40:00	152.089	152.14	152.089	152.112	319	0	20
2025.10.29	18:50:00	152.116	152.168	152.1	152.139	538	0	20
2025.10.29	19:00:00	152.14	152.146	152.11	152.111	474	0	20
2025.10.29	19:10:00	152.112	152.123	152.079	152.115	323	0	20
2025.10.29	19:20:00	152.116	152.184	152.109	152.183	444	0	20
2025.10.29	19:30:00	152.183	152.306	152.182	152.28	665	0	20
2025.10.29	19:40:00	152.279	152.304	152.255	152.265	570	0	20
2025.10.29	19:50:00	152.264	152.288	152.215	152.248	752	0	20
2025.10.29	20:00:00	152.248	152.466	152.174	152.329	2506	0	20
2025.10.29	20:10:00	152.327	152.465	152.327	152.399	1714	0	20
2025.10.29	20:20:00	152.4	152.476	152.365	152.424	1477	0	20
2025.10.29	20:30:00	152.425	153.007	152.246	152.996	3662	0	20
2025.10.29	20:40:00	153.003	153.041	152.727	152.948	3170	0	20
2025.10.29	20:50:00	152.951	152.955	152.755	152.812	3127	0	20
2025.10.29	21:00:00	152.814	152.956	152.765	152.868	2582	0	20
2025.10.29	21:10:00	152.868	152.953	152.802	152.825	2067	0	20
2025.10.29	21:20:00	152.824	153.023	152.824	153.014	1769	0	20
2025.10.29	21:30:00	153.013	153.05	152.868	152.903	1126	0	20
2025.10.29	21:40:00	152.904	152.918	152.792	152.813	831	0	20
2025.10.29	21:50:00	152.816	152.829	152.741	152.806	915	0	20
2025.10.29	22:00:00	152.805	152.866	152.794	152.832	1291	0	20
2025.10.29	22:10:00	152.833	152.852	152.763	152.808	599	0	20
2025.10.29	22:20:00	152.808	152.843	152.782	152.782	601	0	21
2025.10.29	22:30:00	152.777	152.795	152.587	152.587	641	0	20
2025.10.29	22:40:00	152.581	152.706	152.576	152.699	510	0	21
2025.10.29	22:50:00	152.701	152.736	152.677	152.71	603	0	20
2025.10.29	23:00:00	152.703	152.703	152.608	152.62	18	0	49
2025.10.29	23:10:00	152.62	152.647	152.605	152.605	37	0	100
2025.10.29	23:20:00	152.606	152.713	152.559	152.62	186	0	45
2025.10.29	23:30:00	152.618	152.689	152.581	152.631	40	0	64
2025.10.29	23:40:00	152.631	152.649	152.631	152.647	17	0	62
2025.10.29	23:50:00	152.645	152.647	152.61	152.63	76	0	50
2025.10.30	00:00:00	152.629	152.67	152.613	152.665	273	0	32
2025.10.30	00:10:00	152.671	152.671	152.656	152.658	105	0	27
2025.10.30	00:20:00	152.657	152.693	152.657	152.683	188	0	23
2025.10.30	00:30:00	152.682	152.725	152.681	152.704	305	0	21
2025.10.30	00:40:00	152.704	152.709	152.657	152.658	393	0	21
2025.10.30	00:50:00	152.659	152.712	152.658	152.682	283	0	23
2025.10.30	01:00:00	152.682	152.716	152.639	152.685	395	0	21
2025.10.30	01:10:00	152.686	152.7	152.655	152.679	276	0	20
2025.10.30	01:20:00	152.68	152.702	152.666	152.69	429	0	20
2025.10.30	01:30:00	152.689	152.701	152.578	152.582	299	0	22
2025.10.30	01:40:00	152.583	152.693	152.574	152.677	555	0	21
2025.10.30	01:50:00	152.676	152.746	152.676	152.714	396	0	20
2025.10.30	02:00:00	152.714	152.936	152.69	152.76	1352	0	20
2025.10.30	02:10:00	152.756	152.768	152.622	152.659	954	0	20
2025.10.30	02:20:00	152.659	152.66	152.494	152.509	915	0	20
2025.10.30	02:30:00	152.51	152.709	152.51	152.681	704	0	20
2025.10.30	02:40:00	152.676	152.684	152.512	152.582	871	0	20
2025.10.30	02:50:00	152.589	152.734	152.53	152.623	1355	0	20
2025.10.30	03:00:00	152.622	152.67	152.457	152.581	1400	0	20
2025.10.30	03:10:00	152.581	152.635	152.547	152.628	942	0	20
2025.10.30	03:20:00	152.629	152.655	152.541	152.584	800	0	20
2025.10.30	03:30:00	152.579	152.579	152.447	152.463	833	0	20
2025.10.30	03:40:00	152.464	152.502	152.439	152.489	592	0	20
2025.10.30	03:50:00	152.489	152.537	152.485	152.532	299	0	20
2025.10.30	04:00:00	152.533	152.549	152.477	152.479	595	0	20
2025.10.30	04:10:00	152.478	152.49	152.38	152.466	661	0	20
2025.10.30	04:20:00	152.465	152.482	152.456	152.472	228	0	20
2025.10.30	04:30:00	152.471	152.484	152.434	152.456	370	0	20
2025.10.30	04:40:00	152.459	152.478	152.378	152.399	534	0	20
2025.10.30	04:50:00	152.398	152.399	152.304	152.327	694	0	20
2025.10.30	05:00:00	152.326	152.329	152.182	152.231	782	0	20
2025.10.30	05:10:00	152.231	152.928	152.148	152.921	1729	0	20
2025.10.30	05:20:00	152.92	152.95	152.788	152.905	1439	0	20
2025.10.30	05:30:00	152.909	153.125	152.903	152.981	1759	0	20
2025.10.30	05:40:00	152.98	153.091	152.942	153.064	720	0	20
2025.10.30	05:50:00	153.064	153.083	152.929	152.949	792	0	20
2025.10.30	06:00:00	152.948	153.011	152.831	152.843	714	0	20
2025.10.30	06:10:00	152.844	152.844	152.607	152.743	1837	0	20
2025.10.30	06:20:00	152.743	152.784	152.55	152.593	1636	0	20
2025.10.30	06:30:00	152.594	152.946	152.594	152.868	2468	0	20
2025.10.30	06:40:00	152.868	152.897	152.717	152.734	1531	0	20
2025.10.30	06:50:00	152.742	152.842	152.699	152.756	962	0	20
2025.10.30	07:00:00	152.756	152.798	152.662	152.781	881	0	20
2025.10.30	07:10:00	152.781	152.858	152.757	152.816	958	0	20
2025.10.30	07:20:00	152.817	152.972	152.815	152.956	692	0	20
2025.10.30	07:30:00	152.957	152.974	152.892	152.952	648	0	20
2025.10.30	07:40:00	152.953	152.985	152.882	152.91	772	0	20
2025.10.30	07:50:00	152.909	153.031	152.892	153.027	673	0	20
2025.10.30	08:00:00	153.028	153.074	152.924	152.924	876	0	20
2025.10.30	08:10:00	152.923	153.01	152.923	153.004	936	0	20
2025.10.30	08:20:00	153.002	153.042	152.969	153.038	846	0	20
2025.10.30	08:30:00	153.041	153.077	152.958	153.055	1567	0	20
2025.10.30	08:40:00	153.057	153.508	153.057	153.361	2030	0	20
2025.10.30	08:50:00	153.362	153.429	153.326	153.329	1266	0	20
2025.10.30	09:00:00	153.33	153.422	153.268	153.371	1684	0	20
2025.10.30	09:10:00	153.373	153.537	153.372	153.425	1927	0	20
2025.10.30	09:20:00	153.428	153.477	153.339	153.347	1556	0	20
2025.10.30	09:30:00	153.349	153.444	153.269	153.299	1249	0	20
2025.10.30	09:40:00	153.301	153.433	153.292	153.415	1054	0	20
2025.10.30	09:50:00	153.415	153.471	153.392	153.393	882	0	20
2025.10.30	10:00:00	153.392	153.632	153.392	153.598	1290	0	20
2025.10.30	10:10:00	153.603	153.798	153.598	153.77	1164	0	20
2025.10.30	10:20:00	153.77	153.843	153.741	153.816	1177	0	20
2025.10.30	10:30:00	153.816	153.88	153.77	153.794	887	0	20
2025.10.30	10:40:00	153.795	153.806	153.673	153.733	527	0	20
2025.10.30	10:50:00	153.732	153.783	153.713	153.735	528	0	20
2025.10.30	11:00:00	153.738	153.79	153.709	153.764	922	0	20
2025.10.30	11:10:00	153.763	153.775	153.714	153.745	663	0	20
2025.10.30	11:20:00	153.744	153.767	153.67	153.757	605	0	20
2025.10.30	11:30:00	153.759	153.761	153.613	153.68	965	0	20
2025.10.30	11:40:00	153.679	153.715	153.651	153.689	738	0	20
2025.10.30	11:50:00	153.689	153.788	153.658	153.77	670	0	20
2025.10.30	12:00:00	153.767	153.883	153.764	153.846	766	0	20
2025.10.30	12:10:00	153.846	153.864	153.791	153.824	476	0	20
2025.10.30	12:20:00	153.826	153.883	153.824	153.855	436	0	20
2025.10.30	12:30:00	153.858	153.925	153.837	153.923	792	0	20
2025.10.30	12:40:00	153.922	153.939	153.889	153.896	463	0	20
2025.10.30	12:50:00	153.895	153.949	153.892	153.946	518	0	20
2025.10.30	13:00:00	153.947	153.994	153.936	153.969	443	0	20
2025.10.30	13:10:00	153.968	153.97	153.853	153.922	1096	0	20
2025.10.30	13:20:00	153.923	153.943	153.889	153.907	807	0	20
2025.10.30	13:30:00	153.906	153.969	153.862	153.959	683	0	20
2025.10.30	13:40:00	153.959	154.03	153.951	154.019	665	0	20
2025.10.30	13:50:00	154.018	154.162	154.016	154.106	985	0	20
2025.10.30	14:00:00	154.105	154.155	154.067	154.114	858	0	20
2025.10.30	14:10:00	154.115	154.19	154.113	154.19	626	0	20
2025.10.30	14:20:00	154.19	154.275	154.174	154.204	1023	0	20
2025.10.30	14:30:00	154.205	154.242	154.149	154.193	1025	0	20
2025.10.30	14:40:00	154.194	154.232	154.157	154.215	1034	0	20
2025.10.30	14:50:00	154.214	154.28	154.157	154.278	1546	0	20
2025.10.30	15:00:00	154.291	154.433	154.248	154.409	1587	0	20
2025.10.30	15:10:00	154.411	154.432	154.289	154.317	783	0	20
2025.10.30	15:20:00	154.32	154.345	154.27	154.31	1017	0	20
2025.10.30	15:30:00	154.308	154.335	154.15	154.216	1529	0	20
2025.10.30	15:40:00	154.216	154.3	154.133	154.27	1487	0	20
2025.10.30	15:50:00	154.268	154.268	154.174	154.188	1438	0	20
2025.10.30	16:00:00	154.186	154.226	154.043	154.085	1735	0	20
2025.10.30	16:10:00	154.086	154.142	154.063	154.089	1533	0	20
2025.10.30	16:20:00	154.089	154.167	154.065	154.138	1299	0	20
2025.10.30	16:30:00	154.139	154.204	154.096	154.134	1217	0	20
2025.10.30	16:40:00	154.133	154.204	154.133	154.197	1072	0	20
2025.10.30	16:50:00	154.197	154.311	154.182	154.278	1081	0	20
2025.10.30	17:00:00	154.279	154.33	154.201	154.207	1450	0	20
2025.10.30	17:10:00	154.208	154.235	154.133	154.133	1255	0	20
2025.10.30	17:20:00	154.133	154.16	154.107	154.112	655	0	20
2025.10.30	17:30:00	154.113	154.217	154.113	154.193	719	0	20
2025.10.30	17:40:00	154.192	154.193	154.034	154.094	838	0	20
2025.10.30	17:50:00	154.094	154.172	154.094	154.161	1385	0	20
2025.10.30	18:00:00	154.163	154.219	154.124	154.183	1022	0	20
2025.10.30	18:10:00	154.182	154.19	154.13	154.175	577	0	20
2025.10.30	18:20:00	154.173	154.18	154.078	154.083	718	0	20
2025.10.30	18:30:00	154.084	154.136	154.082	154.125	654	0	20
2025.10.30	18:40:00	154.125	154.127	154.061	154.081	567	0	20
2025.10.30	18:50:00	154.082	154.132	154.058	154.088	538	0	20
2025.10.30	19:00:00	154.087	154.09	154.038	154.083	611	0	20
2025.10.30	19:10:00	154.084	154.113	154.064	154.074	427	0	20
2025.10.30	19:20:00	154.075	154.097	154.053	154.088	459	0	20
2025.10.30	19:30:00	154.088	154.159	154.066	154.152	465	0	20
2025.10.30	19:40:00	154.153	154.153	154.09	154.125	421	0	20
2025.10.30	19:50:00	154.125	154.125	154.081	154.09	403	0	20
2025.10.30	20:00:00	154.089	154.129	154.075	154.125	474	0	20
2025.10.30	20:10:00	154.125	154.138	154.097	154.117	359	0	22
2025.10.30	20:20:00	154.117	154.139	154.102	154.11	349	0	20
2025.10.30	20:30:00	154.108	154.112	154.06	154.064	274	0	20
2025.10.30	20:40:00	154.064	154.113	154.04	154.09	365	0	20
2025.10.30	20:50:00	154.09	154.099	154.061	154.073	443	0	20
2025.10.30	21:00:00	154.073	154.073	154.014	154.044	638	0	20
2025.10.30	21:10:00	154.044	154.057	154.013	154.045	398	0	20
2025.10.30	21:20:00	154.045	154.076	154.037	154.062	336	0	20
2025.10.30	21:30:00	154.063	154.081	154.051	154.052	278	0	21
2025.10.30	21:40:00	154.052	154.053	154.036	154.045	282	0	20
2025.10.30	21:50:00	154.041	154.067	154.008	154.066	414	0	20
2025.10.30	22:00:00	154.059	154.073	154.033	154.057	383	0	20
2025.10.30	22:10:00	154.056	154.065	154.028	154.035	164	0	22
2025.10.30	22:20:00	154.034	154.086	154.033	154.079	142	0	21
2025.10.30	22:30:00	154.067	154.083	154.035	154.07	304	0	20
2025.10.30	22:40:00	154.07	154.108	154.068	154.093	282	0	23
2025.10.30	22:50:00	154.094	154.148	154.077	154.109	487	0	23
2025.10.30	23:00:00	154.106	154.106	154.01	154.023	26	0	51
2025.10.30	23:10:00	154.023	154.074	154.023	154.064	12	0	87
2025.10.30	23:20:00	154.064	154.1	154.064	154.1	13	0	59
2025.10.30	23:30:00	154.1	154.1	154.078	154.093	15	0	56
2025.10.30	23:40:00	154.093	154.093	154.072	154.085	23	0	58
2025.10.30	23:50:00	154.083	154.087	154.038	154.045	36	0	57
2025.10.31	00:00:00	154.034	154.089	154.034	154.05	391	0	24
2025.10.31	00:10:00	154.047	154.052	154.026	154.037	145	0	24
2025.10.31	00:20:00	154.035	154.056	154.02	154.037	134	0	23
2025.10.31	00:30:00	154.036	154.076	154.031	154.076	198	0	20
2025.10.31	00:40:00	154.085	154.127	154.083	154.11	240	0	20
2025.10.31	00:50:00	154.111	154.113	154.074	154.096	313	0	22
2025.10.31	01:00:00	154.095	154.117	154.062	154.072	241	0	21
2025.10.31	01:10:00	154.073	154.109	154.059	154.09	274	0	20
2025.10.31	01:20:00	154.092	154.155	154.092	154.133	208	0	21
2025.10.31	01:30:00	154.133	154.133	153.979	153.979	635	0	20
2025.10.31	01:40:00	153.979	153.98	153.853	153.906	552	0	20
2025.10.31	01:50:00	153.906	153.906	153.829	153.896	596	0	20
2025.10.31	02:00:00	153.895	153.957	153.81	153.956	874	0	20
2025.10.31	02:10:00	153.957	153.962	153.852	153.949	661	0	20
2025.10.31	02:20:00	153.948	153.959	153.897	153.943	408	0	20
2025.10.31	02:30:00	153.944	153.951	153.879	153.91	485	0	20
2025.10.31	02:40:00	153.911	153.941	153.842	153.929	555	0	20
2025.10.31	02:50:00	153.93	154.025	153.87	153.885	1314	0	20
2025.10.31	03:00:00	153.88	153.91	153.715	153.716	1345	0	20
2025.10.31	03:10:00	153.715	153.767	153.652	153.661	903	0	20
2025.10.31	03:20:00	153.66	153.71	153.644	153.695	528	0	20
2025.10.31	03:30:00	153.695	153.771	153.673	153.683	642	0	20
2025.10.31	03:40:00	153.682	153.761	153.642	153.759	586	0	20
2025.10.31	03:50:00	153.759	153.834	153.746	153.821	489	0	20
2025.10.31	04:00:00	153.82	153.869	153.817	153.839	516	0	21
2025.10.31	04:10:00	153.838	153.841	153.756	153.767	377	0	20
2025.10.31	04:20:00	153.768	153.769	153.731	153.743	256	0	20
2025.10.31	04:30:00	153.743	153.791	153.731	153.788	481	0	20
2025.10.31	04:40:00	153.788	153.829	153.781	153.828	434	0	20
2025.10.31	04:50:00	153.828	153.874	153.807	153.874	431	0	20
2025.10.31	05:00:00	153.875	153.901	153.856	153.857	375	0	20
2025.10.31	05:10:00	153.856	153.93	153.841	153.915	346	0	20
2025.10.31	05:20:00	153.914	153.938	153.896	153.912	402	0	20
2025.10.31	05:30:00	153.913	153.969	153.907	153.947	335	0	20
2025.10.31	05:40:00	153.949	153.999	153.937	153.977	294	0	20
2025.10.31	05:50:00	153.977	154.057	153.975	154.028	274	0	20
2025.10.31	06:00:00	154.027	154.046	153.925	153.936	346	0	20
2025.10.31	06:10:00	153.934	154.003	153.897	154.0	440	0	20
2025.10.31	06:20:00	153.998	154.016	153.915	153.942	355	0	20
2025.10.31	06:30:00	153.94	153.989	153.929	153.945	239	0	20
2025.10.31	06:40:00	153.945	153.945	153.898	153.94	252	0	20
2025.10.31	06:50:00	153.94	153.959	153.9	153.925	363	0	20
2025.10.31	07:00:00	153.925	153.95	153.905	153.95	365	0	20
2025.10.31	07:10:00	153.952	154.005	153.917	153.985	287	0	20
2025.10.31	07:20:00	153.986	154.045	153.946	153.98	405	0	20
2025.10.31	07:30:00	153.982	153.987	153.886	153.904	489	0	20
2025.10.31	07:40:00	153.903	153.929	153.838	153.842	705	0	20
2025.10.31	07:50:00	153.841	153.937	153.822	153.903	747	0	20
2025.10.31	08:00:00	153.899	154.027	153.874	153.952	1067	0	20
2025.10.31	08:10:00	153.964	153.997	153.899	153.937	428	0	20
2025.10.31	08:20:00	153.941	154.085	153.941	154.076	486	0	20
2025.10.31	08:30:00	154.075	154.075	153.996	154.055	553	0	20
2025.10.31	08:40:00	154.055	154.167	154.054	154.15	527	0	20
2025.10.31	08:50:00	154.151	154.226	154.144	154.214	583	0	20
2025.10.31	09:00:00	154.218	154.385	154.188	154.337	1401	0	20
2025.10.31	09:10:00	154.336	154.358	154.247	154.275	789	0	20
2025.10.31	09:20:00	154.273	154.297	154.163	154.248	723	0	20
2025.10.31	09:30:00	154.247	154.289	154.168	154.288	940	0	20
2025.10.31	09:40:00	154.288	154.336	154.285	154.298	748	0	20
2025.10.31	09:50:00	154.303	154.365	154.228	154.297	1162	0	20
2025.10.31	10:00:00	154.3	154.314	154.22	154.285	939	0	20
2025.10.31	10:10:00	154.285	154.401	154.273	154.338	770	0	20
2025.10.31	10:20:00	154.336	154.349	154.256	154.347	957	0	20
2025.10.31	10:30:00	154.347	154.362	154.283	154.311	957	0	20
2025.10.31	10:40:00	154.311	154.321	154.264	154.292	535	0	20
2025.10.31	10:50:00	154.295	154.311	154.221	154.235	762	0	20
2025.10.31	11:00:00	154.234	154.28	154.185	154.201	637	0	20
2025.10.31	11:10:00	154.202	154.226	154.159	154.225	456	0	20
2025.10.31	11:20:00	154.225	154.27	154.205	154.23	628	0	20
2025.10.31	11:30:00	154.23	154.247	154.156	154.156	661	0	20
2025.10.31	11:40:00	154.157	154.189	154.102	154.169	545	0	20
2025.10.31	11:50:00	154.168	154.173	154.106	154.13	503	0	20
2025.10.31	12:00:00	154.13	154.137	154.081	154.095	492	0	20
2025.10.31	12:10:00	154.097	154.15	154.094	154.149	343	0	20
2025.10.31	12:20:00	154.149	154.167	154.121	154.144	387	0	20
2025.10.31	12:30:00	154.142	154.173	154.122	154.139	311	0	20
2025.10.31	12:40:00	154.14	154.158	154.128	154.151	274	0	20
2025.10.31	12:50:00	154.15	154.151	154.096	154.12	518	0	20
2025.10.31	13:00:00	154.121	154.121	154.041	154.08	502	0	20
2025.10.31	13:10:00	154.08	154.126	154.055	154.081	346	0	20
2025.10.31	13:20:00	154.08	154.132	154.057	154.058	362	0	20
2025.10.31	13:30:00	154.057	154.154	154.047	154.11	521	0	20
2025.10.31	13:40:00	154.108	154.173	154.105	154.114	448	0	20
2025.10.31	13:50:00	154.114	154.12	154.064	154.093	490	0	20
2025.10.31	14:00:00	154.091	154.164	154.087	154.152	580	0	20
2025.10.31	14:10:00	154.148	154.193	154.12	154.192	591	0	20
2025.10.31	14:20:00	154.193	154.243	154.111	154.123	589	0	20
2025.10.31	14:30:00	154.133	154.135	153.883	153.965	1090	0	20
2025.10.31	14:40:00	153.966	154.123	153.951	154.105	871	0	20
2025.10.31	14:50:00	154.105	154.141	154.069	154.125	1009	0	20
2025.10.31	15:00:00	154.125	154.193	154.121	154.165	1444	0	20
2025.10.31	15:10:00	154.165	154.187	154.135	154.157	885	0	20
2025.10.31	15:20:00	154.156	154.16	154.061	154.098	717	0	20
2025.10.31	15:30:00	154.097	154.167	154.068	154.132	1021	0	20
2025.10.31	15:40:00	154.131	154.222	154.074	154.089	1112	0	20
2025.10.31	15:50:00	154.085	154.123	154.036	154.067	1008	0	20
2025.10.31	16:00:00	154.068	154.075	153.915	154.017	1308	0	20
2025.10.31	16:10:00	154.022	154.033	153.963	154.011	867	0	20
2025.10.31	16:20:00	154.01	154.077	153.96	154.067	1320	0	20
2025.10.31	16:30:00	154.067	154.085	153.956	153.96	806	0	20
2025.10.31	16:40:00	153.961	154.004	153.932	153.958	751	0	20
2025.10.31	16:50:00	153.958	153.972	153.881	153.936	718	0	20
2025.10.31	17:00:00	153.935	153.996	153.904	153.964	1103	0	20
2025.10.31	17:10:00	153.965	153.999	153.916	153.971	804	0	20
2025.10.31	17:20:00	153.973	153.973	153.921	153.939	635	0	20
2025.10.31	17:30:00	153.939	154.037	153.938	153.976	636	0	20
2025.10.31	17:40:00	153.975	154.085	153.942	153.968	1272	0	20
2025.10.31	17:50:00	153.967	154.071	153.919	154.031	1405	0	20
2025.10.31	18:00:00	154.032	154.088	153.957	154.071	1295	0	20
2025.10.31	18:10:00	154.07	154.144	154.051	154.124	1342	0	20
2025.10.31	18:20:00	154.124	154.163	154.101	154.122	549	0	20
2025.10.31	18:30:00	154.122	154.123	154.035	154.046	498	0	20
2025.10.31	18:40:00	154.053	154.089	154.034	154.055	438	0	20
2025.10.31	18:50:00	154.056	154.113	154.043	154.104	481	0	20
2025.10.31	19:00:00	154.102	154.143	154.09	154.103	584	0	20
2025.10.31	19:10:00	154.102	154.167	154.099	154.15	481	0	20
2025.10.31	19:20:00	154.149	154.157	154.096	154.099	444	0	21
2025.10.31	19:30:00	154.1	154.104	154.069	154.084	644	0	20
2025.10.31	19:40:00	154.085	154.128	154.071	154.126	484	0	20
2025.10.31	19:50:00	154.127	154.131	154.07	154.084	494	0	20
2025.10.31	20:00:00	154.086	154.098	154.036	154.091	458	0	20
2025.10.31	20:10:00	154.092	154.095	154.051	154.071	365	0	20
2025.10.31	20:20:00	154.072	154.098	154.055	154.082	343	0	20
2025.10.31	20:30:00	154.083	154.123	154.079	154.108	353	0	20
2025.10.31	20:40:00	154.107	154.11	154.052	154.06	301	0	20
2025.10.31	20:50:00	154.062	154.099	154.025	154.076	422	0	20
2025.10.31	21:00:00	154.076	154.114	154.052	154.072	401	0	20
2025.10.31	21:10:00	154.073	154.09	154.052	154.086	267	0	20
2025.10.31	21:20:00	154.084	154.087	154.051	154.059	302	0	20
2025.10.31	21:30:00	154.059	154.091	154.059	154.081	331	0	20
2025.10.31	21:40:00	154.084	154.108	154.074	154.097	350	0	21
2025.10.31	21:50:00	154.098	154.124	154.091	154.095	737	0	20
2025.10.31	22:00:00	154.098	154.108	154.063	154.105	345	0	20
2025.10.31	22:10:00	154.105	154.109	154.073	154.099	207	0	21
2025.10.31	22:20:00	154.096	154.096	154.021	154.06	248	0	21
2025.10.31	22:30:00	154.06	154.08	154.043	154.057	125	0	24
2025.10.31	22:40:00	154.057	154.083	154.037	154.055	193	0	21
2025.10.31	22:50:00	154.051	154.069	153.956	153.99	654	0	23
2025.11.03	00:00:00	153.948	153.996	153.933	153.996	13	0	140
2025.11.03	00:10:00	153.996	154.011	153.976	154.011	15	0	69
2025.11.03	00:20:00	154.011	154.059	154.011	154.031	33	0	33
2025.11.03	00:30:00	154.031	154.056	154.014	154.054	80	0	31
2025.11.03	00:40:00	154.046	154.069	154.038	154.039	51	0	44
2025.11.03	00:50:00	154.039	154.057	154.039	154.041	30	0	55
2025.11.03	01:00:00	154.041	154.127	154.002	154.089	346	0	29
2025.11.03	01:10:00	154.093	154.156	154.064	154.135	402	0	20
2025.11.03	01:20:00	154.133	154.2	154.132	154.14	527	0	23
2025.11.03	01:30:00	154.144	154.237	154.121	154.212	867	0	20
2025.11.03	01:40:00	154.213	154.23	154.142	154.197	486	0	21
2025.11.03	01:50:00	154.197	154.238	154.188	154.188	949	0	20
2025.11.03	02:00:00	154.188	154.198	154.156	154.168	714	0	20
2025.11.03	02:10:00	154.168	154.198	154.162	154.195	339	0	20
2025.11.03	02:20:00	154.195	154.202	154.108	154.146	357	0	20
2025.11.03	02:30:00	154.149	154.191	154.137	154.162	335	0	20
2025.11.03	02:40:00	154.162	154.187	154.132	154.171	423	0	20
2025.11.03	02:50:00	154.17	154.179	154.137	154.164	500	0	20
2025.11.03	03:00:00	154.163	154.177	154.12	154.134	523	0	20
2025.11.03	03:10:00	154.134	154.145	154.11	154.114	377	0	20
2025.11.03	03:20:00	154.115	154.115	154.067	154.093	295	0	20
2025.11.03	03:30:00	154.094	154.101	154.078	154.093	273	0	20
2025.11.03	03:40:00	154.093	154.12	154.093	154.113	151	0	21
2025.11.03	03:50:00	154.113	154.122	154.09	154.105	182	0	22
2025.11.03	04:00:00	154.106	154.115	154.03	154.04	360	0	20
2025.11.03	04:10:00	154.039	154.078	154.03	154.056	323	0	20
2025.11.03	04:20:00	154.056	154.063	154.033	154.045	313	0	20
2025.11.03	04:30:00	154.044	154.058	154.025	154.056	239	0	20
2025.11.03	04:40:00	154.056	154.091	154.05	154.062	129	0	20
2025.11.03	04:50:00	154.065	154.085	154.056	154.074	218	0	20
2025.11.03	05:00:00	154.075	154.085	154.051	154.053	219	0	20
2025.11.03	05:10:00	154.055	154.057	154.038	154.042	133	0	20
2025.11.03	05:20:00	154.04	154.046	154.03	154.045	200	0	20
2025.11.03	05:30:00	154.044	154.056	154.041	154.052	184	0	20
2025.11.03	05:40:00	154.053	154.064	154.042	154.05	238	0	20
2025.11.03	05:50:00	154.053	154.066	154.038	154.055	257	0	20
2025.11.03	06:00:00	154.056	154.06	153.992	153.998	469	0	20
2025.11.03	06:10:00	153.999	154.007	153.979	154.003	269	0	20
2025.11.03	06:20:00	154.001	154.033	153.992	154.027	179	0	20
2025.11.03	06:30:00	154.026	154.057	154.026	154.047	139	0	20
2025.11.03	06:40:00	154.046	154.057	154.027	154.041	111	0	20
2025.11.03	06:50:00	154.043	154.076	154.039	154.063	132	0	20
2025.11.03	07:00:00	154.073	154.122	154.065	154.121	169	0	20
2025.11.03	07:10:00	154.122	154.124	154.085	154.086	228	0	20
2025.11.03	07:20:00	154.087	154.11	154.082	154.096	179	0	20
2025.11.03	07:30:00	154.097	154.114	154.062	154.075	280	0	20
2025.11.03	07:40:00	154.076	154.089	154.048	154.06	237	0	22
2025.11.03	07:50:00	154.059	154.118	154.056	154.112	376	0	20
2025.11.03	08:00:00	154.112	154.135	154.093	154.129	255	0	20
2025.11.03	08:10:00	154.129	154.205	154.121	154.192	336	0	20
2025.11.03	08:20:00	154.198	154.215	154.156	154.215	359	0	20
2025.11.03	08:30:00	154.216	154.233	154.157	154.175	402	0	20
2025.11.03	08:40:00	154.18	154.18	154.14	154.154	219	0	20
2025.11.03	08:50:00	154.156	154.201	154.156	154.178	207	0	20
2025.11.03	09:00:00	154.177	154.201	154.154	154.172	597	0	20
2025.11.03	09:10:00	154.173	154.252	154.166	154.202	487	0	20
2025.11.03	09:20:00	154.201	154.275	154.196	154.204	605	0	20
2025.11.03	09:30:00	154.209	154.237	154.129	154.134	644	0	20
2025.11.03	09:40:00	154.134	154.166	154.115	154.156	452	0	20
2025.11.03	09:50:00	154.156	154.181	154.097	154.1	497	0	20
2025.11.03	10:00:00	154.1	154.196	154.094	154.156	893	0	20
2025.11.03	10:10:00	154.157	154.193	154.125	154.133	631	0	20
2025.11.03	10:20:00	154.132	154.178	154.115	154.147	708	0	20
2025.11.03	10:30:00	154.147	154.156	154.073	154.09	704	0	20
2025.11.03	10:40:00	154.088	154.124	154.04	154.122	402	0	20
2025.11.03	10:50:00	154.121	154.151	154.082	154.098	549	0	20
2025.11.03	11:00:00	154.099	154.122	154.075	154.114	475	0	20
2025.11.03	11:10:00	154.115	154.15	154.112	154.139	686	0	20
2025.11.03	11:20:00	154.138	154.144	154.103	154.11	524	0	20
2025.11.03	11:30:00	154.109	154.135	154.094	154.109	528	0	20
2025.11.03	11:40:00	154.109	154.137	154.095	154.121	395	0	20
2025.11.03	11:50:00	154.121	154.159	154.114	154.155	278	0	20
2025.11.03	12:00:00	154.155	154.18	154.135	154.151	524	0	20
2025.11.03	12:10:00	154.15	154.166	154.143	154.163	603	0	20
2025.11.03	12:20:00	154.162	154.163	154.127	154.136	354	0	20
2025.11.03	12:30:00	154.135	154.147	154.12	154.139	420	0	20
2025.11.03	12:40:00	154.139	154.164	154.133	154.159	415	0	20
2025.11.03	12:50:00	154.157	154.172	154.148	154.159	254	0	20
2025.11.03	13:00:00	154.158	154.175	154.14	154.144	341	0	20
2025.11.03	13:10:00	154.144	154.155	154.134	154.154	223	0	20
2025.11.03	13:20:00	154.155	154.158	154.105	154.109	411	0	21
2025.11.03	13:30:00	154.109	154.119	154.086	154.117	297	0	20
2025.11.03	13:40:00	154.12	154.136	154.111	154.135	328	0	20
2025.11.03	13:50:00	154.135	154.155	154.124	154.141	293	0	20
2025.11.03	14:00:00	154.14	154.171	154.139	154.139	289	0	21
2025.11.03	14:10:00	154.14	154.166	154.134	154.154	250	0	22
2025.11.03	14:20:00	154.154	154.157	154.131	154.144	272	0	20
2025.11.03	14:30:00	154.144	154.165	154.131	154.138	311	0	20
2025.11.03	14:40:00	154.14	154.16	154.131	154.149	181	0	20
2025.11.03	14:50:00	154.149	154.178	154.139	154.171	459	0	20
2025.11.03	15:00:00	154.173	154.218	154.165	154.211	942	0	20
2025.11.03	15:10:00	154.21	154.234	154.178	154.224	697	0	20
2025.11.03	15:20:00	154.228	154.271	154.225	154.262	740	0	20
2025.11.03	15:30:00	154.263	154.266	154.218	154.257	311	0	20
2025.11.03	15:40:00	154.258	154.286	154.236	154.262	546	0	20
2025.11.03	15:50:00	154.268	154.281	154.226	154.238	527	0	20
2025.11.03	16:00:00	154.239	154.251	154.203	154.237	509	0	20
2025.11.03	16:10:00	154.238	154.261	154.226	154.26	411	0	20
2025.11.03	16:20:00	154.261	154.261	154.182	154.239	592	0	20
2025.11.03	16:30:00	154.238	154.252	154.185	154.204	604	0	20
2025.11.03	16:40:00	154.204	154.212	154.17	154.193	615	0	20
2025.11.03	16:50:00	154.192	154.198	154.064	154.085	811	0	20
2025.11.03	17:00:00	154.001	154.075	153.903	154.01	1889	0	20
2025.11.03	17:10:00	154.009	154.082	153.98	153.995	1035	0	20
2025.11.03	17:20:00	153.994	154.104	153.971	154.021	1258	0	20
2025.11.03	17:30:00	154.018	154.136	153.999	154.135	924	0	20
2025.11.03	17:40:00	154.136	154.149	154.108	154.118	1054	0	20
2025.11.03	17:50:00	154.117	154.146	154.083	154.088	966	0	20
2025.11.03	18:00:00	154.087	154.132	154.071	154.097	975	0	20
2025.11.03	18:10:00	154.096	154.148	154.082	154.134	614	0	20
2025.11.03	18:20:00	154.134	154.154	154.106	154.132	780	0	20
2025.11.03	18:30:00	154.129	154.139	154.105	154.107	621	0	20
2025.11.03	18:40:00	154.106	154.126	154.057	154.06	287	0	20
2025.11.03	18:50:00	154.06	154.143	154.06	154.121	362	0	20
2025.11.03	19:00:00	154.12	154.136	154.09	154.131	416	0	20
2025.11.03	19:10:00	154.131	154.133	154.049	154.086	576	0	20
2025.11.03	19:20:00	154.084	154.087	154.059	154.08	627	0	20
2025.11.03	19:30:00	154.079	154.129	154.074	154.129	463	0	20
2025.11.03	19:40:00	154.125	154.163	154.109	154.152	427	0	20
2025.11.03	19:50:00	154.152	154.164	154.138	154.143	295	0	20
2025.11.03	20:00:00	154.144	154.145	154.106	154.145	330	0	20
2025.11.03	20:10:00	154.146	154.177	154.144	154.167	196	0	20
2025.11.03	20:20:00	154.168	154.189	154.166	154.189	256	0	20
2025.11.03	20:30:00	154.187	154.228	154.187	154.191	353	0	20
2025.11.03	20:40:00	154.191	154.194	154.163	154.192	308	0	20
2025.11.03	20:50:00	154.191	154.194	154.148	154.157	335	0	20
2025.11.03	21:00:00	154.158	154.204	154.128	154.196	560	0	20
2025.11.03	21:10:00	154.196	154.21	154.175	154.201	296	0	20
2025.11.03	21:20:00	154.202	154.224	154.2	154.214	250	0	20
2025.11.03	21:30:00	154.214	154.242	154.205	154.216	194	0	20
2025.11.03	21:40:00	154.216	154.217	154.177	154.181	259	0	20
2025.11.03	21:50:00	154.182	154.192	154.159	154.181	649	0	20
2025.11.03	22:00:00	154.18	154.195	154.164	154.167	429	0	20
2025.11.03	22:10:00	154.166	154.183	154.165	154.18	341	0	20
2025.11.03	22:20:00	154.179	154.207	154.165	154.204	297	0	20
2025.11.03	22:30:00	154.205	154.208	154.187	154.189	332	0	21
2025.11.03	22:40:00	154.189	154.194	154.179	154.19	326	0	20
2025.11.03	22:50:00	154.19	154.192	154.165	154.184	398	0	21
2025.11.03	23:00:00	154.185	154.207	154.179	154.191	307	0	22
2025.11.03	23:10:00	154.186	154.197	154.181	154.181	76	0	23
2025.11.03	23:20:00	154.178	154.196	154.169	154.192	94	0	21
2025.11.03	23:30:00	154.194	154.199	154.182	154.183	84	0	23
2025.11.03	23:40:00	154.184	154.197	154.183	154.195	123	0	23
2025.11.03	23:50:00	154.194	154.204	154.185	154.197	512	0	24
2025.11.04	00:00:00	154.198	154.218	154.187	154.211	61	0	34
2025.11.04	00:10:00	154.211	154.231	154.191	154.192	38	0	38
2025.11.04	00:20:00	154.192	154.219	154.19	154.202	58	0	47
2025.11.04	00:30:00	154.202	154.203	154.199	154.199	50	0	46
2025.11.04	00:40:00	154.2	154.205	154.19	154.192	163	0	40
2025.11.04	00:50:00	154.191	154.198	154.18	154.195	89	0	42
2025.11.04	01:00:00	154.195	154.214	154.178	154.197	107	0	23
2025.11.04	01:10:00	154.193	154.201	154.16	154.171	42	0	26
2025.11.04	01:20:00	154.17	154.175	154.16	154.167	25	0	27
2025.11.04	01:30:00	154.171	154.211	154.166	154.208	181	0	22
2025.11.04	01:40:00	154.207	154.207	154.178	154.189	276	0	20
2025.11.04	01:50:00	154.19	154.201	154.171	154.199	223	0	21
2025.11.04	02:00:00	154.2	154.39	154.188	154.332	1151	0	20
2025.11.04	02:10:00	154.33	154.375	154.301	154.32	732	0	20
2025.11.04	02:20:00	154.319	154.33	154.25	154.293	595	0	20
2025.11.04	02:30:00	154.292	154.296	154.221	154.275	594	0	20
2025.11.04	02:40:00	154.276	154.314	154.26	154.295	500	0	20
2025.11.04	02:50:00	154.296	154.352	154.267	154.327	1105	0	20
2025.11.04	03:00:00	154.33	154.394	154.301	154.365	834	0	20
2025.11.04	03:10:00	154.365	154.402	154.314	154.351	876	0	20
2025.11.04	03:20:00	154.351	154.472	154.347	154.45	880	0	20
2025.11.04	03:30:00	154.452	154.453	154.353	154.365	706	0	20
2025.11.04	03:40:00	154.364	154.364	154.29	154.307	644	0	20
2025.11.04	03:50:00	154.307	154.348	154.294	154.319	401	0	20
2025.11.04	04:00:00	154.32	154.347	154.285	154.332	709	0	20
2025.11.04	04:10:00	154.333	154.333	154.254	154.285	389	0	20
2025.11.04	04:20:00	154.285	154.308	154.247	154.251	302	0	20
2025.11.04	04:30:00	154.252	154.261	154.146	154.195	570	0	20
2025.11.04	04:40:00	154.191	154.221	154.178	154.211	375	0	21
2025.11.04	04:50:00	154.211	154.211	154.095	154.098	421	0	20
2025.11.04	05:00:00	154.097	154.138	154.063	154.122	372	0	20
2025.11.04	05:10:00	154.121	154.128	154.083	154.109	280	0	20
2025.11.04	05:20:00	154.108	154.136	154.098	154.133	237	0	20
2025.11.04	05:30:00	154.133	154.147	154.045	154.058	593	0	20
2025.11.04	05:40:00	154.057	154.085	154.043	154.084	348	0	20
2025.11.04	05:50:00	154.083	154.102	154.063	154.074	436	0	20
2025.11.04	06:00:00	154.075	154.091	154.058	154.081	272	0	20
2025.11.04	06:10:00	154.082	154.088	154.06	154.067	211	0	20
2025.11.04	06:20:00	154.067	154.077	153.962	153.974	471	0	20
2025.11.04	06:30:00	153.973	153.99	153.842	153.86	616	0	20
2025.11.04	06:40:00	153.861	153.949	153.798	153.943	653	0	20
2025.11.04	06:50:00	153.943	154.055	153.934	154.051	483	0	20
2025.11.04	07:00:00	154.052	154.073	153.949	153.985	628	0	20
2025.11.04	07:10:00	153.985	153.985	153.881	153.903	409	0	20
2025.11.04	07:20:00	153.901	153.936	153.811	153.811	499	0	20
2025.11.04	07:30:00	153.811	153.811	153.726	153.773	584	0	20
2025.11.04	07:40:00	153.773	153.779	153.702	153.746	730	0	20
2025.11.04	07:50:00	153.746	153.777	153.677	153.721	661	0	20
2025.11.04	08:00:00	153.721	153.78	153.698	153.708	694	0	20
2025.11.04	08:10:00	153.707	153.71	153.59	153.652	816	0	20
2025.11.04	08:20:00	153.652	153.658	153.483	153.544	1100	0	20
2025.11.04	08:30:00	153.544	153.579	153.492	153.554	679	0	20
2025.11.04	08:40:00	153.552	153.608	153.527	153.556	550	0	20
2025.11.04	08:50:00	153.556	153.664	153.554	153.614	623	0	20
2025.11.04	09:00:00	153.615	153.622	153.525	153.552	744	0	20
2025.11.04	09:10:00	153.551	153.551	153.447	153.451	683	0	20
2025.11.04	09:20:00	153.451	153.484	153.361	153.398	909	0	20
2025.11.04	09:30:00	153.391	153.404	153.321	153.362	598	0	20
2025.11.04	09:40:00	153.358	153.415	153.338	153.407	466	0	20
2025.11.04	09:50:00	153.406	153.594	153.405	153.569	639	0	20
2025.11.04	10:00:00	153.577	153.591	153.46	153.519	1346	0	20
2025.11.04	10:10:00	153.517	153.535	153.375	153.405	1035	0	20
2025.11.04	10:20:00	153.395	153.572	153.385	153.566	972	0	20
2025.11.04	10:30:00	153.566	153.684	153.56	153.678	949	0	20
2025.11.04	10:40:00	153.677	153.684	153.613	153.626	644	0	20
2025.11.04	10:50:00	153.626	153.687	153.609	153.638	783	0	20
2025.11.04	11:00:00	153.639	153.688	153.614	153.636	557	0	20
2025.11.04	11:10:00	153.635	153.709	153.612	153.696	518	0	20
2025.11.04	11:20:00	153.697	153.745	153.557	153.557	967	0	20
2025.11.04	11:30:00	153.556	153.603	153.471	153.495	862	0	20
2025.11.04	11:40:00	153.495	153.572	153.479	153.506	662	0	20
2025.11.04	11:50:00	153.506	153.507	153.393	153.473	774	0	20
2025.11.04	12:00:00	153.473	153.475	153.305	153.356	1180	0	20
2025.11.04	12:10:00	153.356	153.461	153.355	153.45	502	0	20
2025.11.04	12:20:00	153.452	153.486	153.437	153.47	505	0	20
2025.11.04	12:30:00	153.469	153.533	153.458	153.516	556	0	20
2025.11.04	12:40:00	153.517	153.557	153.482	153.551	431	0	20
2025.11.04	12:50:00	153.553	153.59	153.535	153.567	458	0	20
2025.11.04	13:00:00	153.566	153.581	153.516	153.52	497	0	20
2025.11.04	13:10:00	153.52	153.52	153.435	153.468	465	0	20
2025.11.04	13:20:00	153.467	153.486	153.44	153.445	293	0	20
2025.11.04	13:30:00	153.444	153.477	153.361	153.472	552	0	20
2025.11.04	13:40:00	153.473	153.483	153.444	153.465	438	0	20
2025.11.04	13:50:00	153.462	153.574	153.448	153.561	493	0	20
2025.11.04	14:00:00	153.559	153.583	153.503	153.522	514	0	20
2025.11.04	14:10:00	153.522	153.551	153.498	153.534	340	0	20
2025.11.04	14:20:00	153.526	153.558	153.494	153.534	473	0	20
2025.11.04	14:30:00	153.534	153.616	153.52	153.58	490	0	20
2025.11.04	14:40:00	153.58	153.58	153.511	153.535	407	0	20
2025.11.04	14:50:00	153.535	153.543	153.506	153.518	496	0	20
2025.11.04	15:00:00	153.516	153.531	153.415	153.485	626	0	20
2025.11.04	15:10:00	153.484	153.486	153.423	153.438	602	0	20
2025.11.04	15:20:00	153.439	153.481	153.388	153.414	489	0	20
2025.11.04	15:30:00	153.414	153.416	153.361	153.363	573	0	20
2025.11.04	15:40:00	153.364	153.399	153.344	153.344	340	0	20
2025.11.04	15:50:00	153.345	153.427	153.307	153.377	615	0	20
2025.11.04	16:00:00	153.376	153.441	153.362	153.386	719	0	20
2025.11.04	16:10:00	153.38	153.536	153.359	153.512	907	0	20
2025.11.04	16:20:00	153.509	153.51	153.439	153.463	602	0	20
2025.11.04	16:30:00	153.461	153.515	153.432	153.457	1034	0	20
2025.11.04	16:40:00	153.454	153.514	153.38	153.425	1009	0	20
2025.11.04	16:50:00	153.423	153.481	153.385	153.467	651	0	20
2025.11.04	17:00:00	153.466	153.586	153.429	153.47	1162	0	20
2025.11.04	17:10:00	153.471	153.509	153.424	153.494	781	0	20
2025.11.04	17:20:00	153.495	153.496	153.454	153.463	823	0	20
2025.11.04	17:30:00	153.464	153.466	153.358	153.378	715	0	20
2025.11.04	17:40:00	153.378	153.435	153.375	153.387	729	0	20
2025.11.04	17:50:00	153.387	153.402	153.329	153.373	849	0	20
2025.11.04	18:00:00	153.372	153.424	153.37	153.403	984	0	20
2025.11.04	18:10:00	153.403	153.403	153.328	153.348	724	0	20
2025.11.04	18:20:00	153.35	153.417	153.348	153.416	635	0	20
2025.11.04	18:30:00	153.417	153.49	153.403	153.489	643	0	20
2025.11.04	18:40:00	153.489	153.51	153.473	153.509	501	0	20
2025.11.04	18:50:00	153.509	153.542	153.505	153.54	432	0	21
2025.11.04	19:00:00	153.54	153.566	153.519	153.542	592	0	20
2025.11.04	19:10:00	153.533	153.567	153.52	153.537	471	0	20
2025.11.04	19:20:00	153.53	153.563	153.512	153.55	581	0	20
2025.11.04	19:30:00	153.549	153.567	153.545	153.557	509	0	20
2025.11.04	19:40:00	153.558	153.61	153.54	153.603	440	0	20
2025.11.04	19:50:00	153.603	153.631	153.566	153.58	348	0	20
2025.11.04	20:00:00	153.58	153.607	153.563	153.579	282	0	20
2025.11.04	20:10:00	153.579	153.631	153.567	153.574	260	0	20
2025.11.04	20:20:00	153.574	153.616	153.548	153.615	370	0	20
2025.11.04	20:30:00	153.615	153.65	153.577	153.589	192	0	20
2025.11.04	20:40:00	153.59	153.592	153.537	153.544	436	0	20
2025.11.04	20:50:00	153.544	153.576	153.539	153.553	442	0	20
2025.11.04	21:00:00	153.554	153.591	153.554	153.556	493	0	20
2025.11.04	21:10:00	153.557	153.603	153.552	153.595	517	0	20
2025.11.04	21:20:00	153.595	153.632	153.571	153.631	404	0	20
2025.11.04	21:30:00	153.63	153.632	153.574	153.587	423	0	20
2025.11.04	21:40:00	153.582	153.609	153.574	153.59	401	0	20
2025.11.04	21:50:00	153.589	153.626	153.562	153.623	601	0	20
2025.11.04	22:00:00	153.622	153.667	153.621	153.636	371	0	20
2025.11.04	22:10:00	153.637	153.676	153.631	153.641	238	0	21
2025.11.04	22:20:00	153.642	153.681	153.637	153.664	392	0	20
2025.11.04	22:30:00	153.661	153.665	153.63	153.652	403	0	21
2025.11.04	22:40:00	153.651	153.669	153.642	153.652	277	0	20
2025.11.04	22:50:00	153.654	153.667	153.611	153.618	446	0	20
2025.11.04	23:00:00	153.617	153.651	153.609	153.635	337	0	20
2025.11.04	23:10:00	153.635	153.656	153.624	153.633	185	0	22
2025.11.04	23:20:00	153.634	153.65	153.61	153.624	181	0	20
2025.11.04	23:30:00	153.624	153.636	153.589	153.602	207	0	20
2025.11.04	23:40:00	153.601	153.662	153.596	153.658	435	0	20
2025.11.04	23:50:00	153.658	153.67	153.641	153.65	563	0	23
2025.11.05	00:00:00	153.649	153.649	153.626	153.637	30	0	38
2025.11.05	00:10:00	153.642	153.644	153.621	153.628	37	0	48
2025.11.05	00:20:00	153.626	153.63	153.615	153.616	29	0	58
2025.11.05	00:30:00	153.616	153.618	153.611	153.617	27	0	49
2025.11.05	00:40:00	153.617	153.632	153.614	153.621	29	0	40
2025.11.05	00:50:00	153.624	153.65	153.618	153.635	74	0	30
2025.11.05	01:00:00	153.628	153.663	153.618	153.649	225	0	23
2025.11.05	01:10:00	153.651	153.682	153.651	153.667	151	0	25
2025.11.05	01:20:00	153.666	153.667	153.641	153.652	173	0	23
2025.11.05	01:30:00	153.652	153.667	153.624	153.627	175	0	22
2025.11.05	01:40:00	153.63	153.643	153.565	153.567	374	0	21
2025.11.05	01:50:00	153.567	153.576	153.496	153.54	612	0	20
2025.11.05	02:00:00	153.54	153.74	153.488	153.619	1373	0	20
2025.11.05	02:10:00	153.619	153.645	153.543	153.561	979	0	20
2025.11.05	02:20:00	153.561	153.606	153.476	153.489	702	0	20
2025.11.05	02:30:00	153.488	153.516	153.409	153.454	965	0	20
2025.11.05	02:40:00	153.454	153.464	153.365	153.405	1059	0	20
2025.11.05	02:50:00	153.406	153.45	153.219	153.227	1722	0	20
2025.11.05	03:00:00	153.228	153.284	153.112	153.161	1409	0	20
2025.11.05	03:10:00	153.156	153.205	153.014	153.057	1416	0	20
2025.11.05	03:20:00	153.056	153.105	152.994	153.069	1156	0	20
2025.11.05	03:30:00	153.068	153.173	153.031	153.031	1196	0	20
2025.11.05	03:40:00	153.03	153.106	152.948	153.059	1501	0	20
2025.11.05	03:50:00	153.058	153.171	153.024	153.153	874	0	20
2025.11.05	04:00:00	153.15	153.164	153.054	153.106	1165	0	20
2025.11.05	04:10:00	153.108	153.222	153.108	153.186	698	0	20
2025.11.05	04:20:00	153.191	153.2	153.107	153.118	838	0	20
2025.11.05	04:30:00	153.12	153.231	153.089	153.194	627	0	20
2025.11.05	04:40:00	153.193	153.296	153.189	153.25	657	0	20
2025.11.05	04:50:00	153.25	153.314	153.242	153.308	484	0	20
2025.11.05	05:00:00	153.309	153.357	153.29	153.339	531	0	20
2025.11.05	05:10:00	153.338	153.355	153.3	153.342	545	0	21
2025.11.05	05:20:00	153.341	153.36	153.301	153.359	538	0	20
2025.11.05	05:30:00	153.36	153.433	153.344	153.349	853	0	20
2025.11.05	05:40:00	153.351	153.548	153.343	153.527	1249	0	20
2025.11.05	05:50:00	153.529	153.557	153.468	153.502	1066	0	20
2025.11.05	06:00:00	153.501	153.518	153.426	153.443	838	0	20
2025.11.05	06:10:00	153.444	153.504	153.382	153.384	817	0	20
2025.11.05	06:20:00	153.383	153.469	153.38	153.455	526	0	20
2025.11.05	06:30:00	153.454	153.467	153.417	153.451	451	0	20
2025.11.05	06:40:00	153.451	153.478	153.425	153.478	352	0	20
2025.11.05	06:50:00	153.477	153.485	153.458	153.474	585	0	20
2025.11.05	07:00:00	153.471	153.515	153.464	153.509	491	0	20
2025.11.05	07:10:00	153.508	153.541	153.486	153.538	456	0	20
2025.11.05	07:20:00	153.538	153.556	153.489	153.513	469	0	20
2025.11.05	07:30:00	153.515	153.55	153.509	153.523	453	0	20
2025.11.05	07:40:00	153.53	153.543	153.427	153.435	527	0	20
2025.11.05	07:50:00	153.436	153.524	153.397	153.51	688	0	20
2025.11.05	08:00:00	153.51	153.513	153.442	153.465	706	0	20
2025.11.05	08:10:00	153.464	153.599	153.462	153.594	536	0	20
2025.11.05	08:20:00	153.594	153.66	153.585	153.631	665	0	20
2025.11.05	08:30:00	153.63	153.679	153.605	153.66	726	0	20
2025.11.05	08:40:00	153.66	153.732	153.65	153.686	464	0	20
2025.11.05	08:50:00	153.685	153.695	153.651	153.656	303	0	20
2025.11.05	09:00:00	153.657	153.679	153.473	153.545	863	0	20
2025.11.05	09:10:00	153.545	153.654	153.495	153.627	764	0	20
2025.11.05	09:20:00	153.628	153.673	153.539	153.543	556	0	20
2025.11.05	09:30:00	153.544	153.553	153.438	153.464	806	0	20
2025.11.05	09:40:00	153.464	153.551	153.462	153.502	455	0	20
2025.11.05	09:50:00	153.502	153.587	153.5	153.55	571	0	21
2025.11.05	10:00:00	153.549	153.621	153.502	153.619	1262	0	20
2025.11.05	10:10:00	153.618	153.653	153.578	153.595	733	0	21
2025.11.05	10:20:00	153.596	153.598	153.544	153.566	620	0	20
2025.11.05	10:30:00	153.567	153.593	153.484	153.509	529	0	20
2025.11.05	10:40:00	153.509	153.528	153.471	153.478	492	0	20
2025.11.05	10:50:00	153.477	153.491	153.406	153.487	664	0	20
2025.11.05	11:00:00	153.488	153.542	153.476	153.531	672	0	20
2025.11.05	11:10:00	153.532	153.565	153.512	153.514	544	0	20
2025.11.05	11:20:00	153.517	153.54	153.509	153.512	370	0	20
2025.11.05	11:30:00	153.513	153.578	153.498	153.56	427	0	20
2025.11.05	11:40:00	153.56	153.659	153.547	153.654	538	0	21
2025.11.05	11:50:00	153.655	153.696	153.613	153.677	430	0	20
2025.11.05	12:00:00	153.678	153.832	153.677	153.774	938	0	20
2025.11.05	12:10:00	153.776	153.787	153.727	153.731	674	0	20
2025.11.05	12:20:00	153.73	153.749	153.699	153.722	414	0	20
2025.11.05	12:30:00	153.723	153.732	153.673	153.684	441	0	20
2025.11.05	12:40:00	153.684	153.707	153.639	153.697	328	0	21
2025.11.05	12:50:00	153.697	153.697	153.609	153.616	361	0	20
2025.11.05	13:00:00	153.615	153.692	153.596	153.691	272	0	20
2025.11.05	13:10:00	153.693	153.699	153.639	153.646	316	0	20
2025.11.05	13:20:00	153.645	153.65	153.601	153.621	320	0	20
2025.11.05	13:30:00	153.621	153.661	153.604	153.617	366	0	20
2025.11.05	13:40:00	153.616	153.643	153.61	153.631	219	0	20
2025.11.05	13:50:00	153.631	153.633	153.563	153.606	307	0	20
2025.11.05	14:00:00	153.606	153.619	153.553	153.61	406	0	20
2025.11.05	14:10:00	153.61	153.663	153.594	153.655	342	0	20
2025.11.05	14:20:00	153.654	153.68	153.636	153.66	389	0	20
2025.11.05	14:30:00	153.662	153.713	153.655	153.702	337	0	20
2025.11.05	14:40:00	153.7	153.719	153.664	153.719	349	0	21
2025.11.05	14:50:00	153.718	153.738	153.694	153.699	430	0	20
2025.11.05	15:00:00	153.698	153.733	153.679	153.723	484	0	20
2025.11.05	15:10:00	153.725	153.87	153.688	153.82	1012	0	20
2025.11.05	15:20:00	153.821	153.837	153.758	153.802	819	0	20
2025.11.05	15:30:00	153.805	153.935	153.805	153.909	972	0	20
2025.11.05	15:40:00	153.91	153.97	153.91	153.967	802	0	20
2025.11.05	15:50:00	153.967	153.98	153.938	153.97	486	0	20
2025.11.05	16:00:00	153.97	154.024	153.937	153.967	771	0	20
2025.11.05	16:10:00	153.968	153.995	153.936	153.978	681	0	20
2025.11.05	16:20:00	153.978	153.99	153.933	153.963	582	0	20
2025.11.05	16:30:00	153.962	153.988	153.904	153.944	935	0	20
2025.11.05	16:40:00	153.943	153.976	153.915	153.943	744	0	20
2025.11.05	16:50:00	153.943	153.964	153.886	153.922	836	0	20
2025.11.05	17:00:00	153.957	154.302	153.957	154.221	2517	0	20
2025.11.05	17:10:00	154.224	154.26	154.163	154.214	1574	0	20
2025.11.05	17:20:00	154.214	154.231	154.166	154.178	1296	0	20
2025.11.05	17:30:00	154.18	154.224	154.13	154.214	1081	0	20
2025.11.05	17:40:00	154.218	154.295	154.218	154.268	931	0	20
2025.11.05	17:50:00	154.267	154.296	154.224	154.295	1184	0	20
2025.11.05	18:00:00	154.297	154.345	154.236	154.268	1047	0	20
2025.11.05	18:10:00	154.267	154.282	154.204	154.207	808	0	20
2025.11.05	18:20:00	154.206	154.245	154.194	154.226	519	0	20
2025.11.05	18:30:00	154.227	154.286	154.225	154.237	587	0	20
2025.11.05	18:40:00	154.238	154.273	154.194	154.203	616	0	20
2025.11.05	18:50:00	154.203	154.203	154.095	154.111	640	0	20
2025.11.05	19:00:00	154.111	154.111	154.051	154.073	582	0	20
2025.11.05	19:10:00	154.073	154.111	154.065	154.082	423	0	20
2025.11.05	19:20:00	154.085	154.087	154.05	154.07	255	0	20
2025.11.05	19:30:00	154.071	154.103	154.071	154.099	205	0	20
2025.11.05	19:40:00	154.098	154.127	154.075	154.081	271	0	20
2025.11.05	19:50:00	154.079	154.082	154.045	154.066	371	0	20
2025.11.05	20:00:00	154.066	154.066	154.007	154.021	351	0	20
2025.11.05	20:10:00	154.022	154.055	153.996	154.005	263	0	20
2025.11.05	20:20:00	154.004	154.061	153.996	154.054	319	0	20
2025.11.05	20:30:00	154.054	154.09	154.054	154.085	237	0	20
2025.11.05	20:40:00	154.087	154.105	154.054	154.088	274	0	20
2025.11.05	20:50:00	154.088	154.132	154.08	154.116	266	0	20
2025.11.05	21:00:00	154.116	154.117	154.048	154.08	281	0	20
2025.11.05	21:10:00	154.08	154.119	154.08	154.11	294	0	20
2025.11.05	21:20:00	154.111	154.116	154.082	154.089	293	0	20
2025.11.05	21:30:00	154.088	154.114	154.085	154.085	229	0	20
2025.11.05	21:40:00	154.085	154.103	154.081	154.088	344	0	20
2025.11.05	21:50:00	154.087	154.112	154.078	154.098	321	0	20
2025.11.05	22:00:00	154.099	154.124	154.087	154.09	301	0	20
2025.11.05	22:10:00	154.088	154.095	154.075	154.089	164	0	21
2025.11.05	22:20:00	154.088	154.124	154.081	154.111	237	0	20
2025.11.05	22:30:00	154.11	154.117	154.086	154.099	297	0	21
2025.11.05	22:40:00	154.099	154.111	154.083	154.084	234	0	20
2025.11.05	22:50:00	154.085	154.125	154.072	154.112	270	0	20
2025.11.05	23:00:00	154.112	154.133	154.09	154.102	320	0	20
2025.11.05	23:10:00	154.106	154.131	154.098	154.109	172	0	20
2025.11.05	23:20:00	154.11	154.113	154.09	154.1	206	0	22
2025.11.05	23:30:00	154.099	154.11	154.08	154.08	136	0	21
2025.11.05	23:40:00	154.081	154.109	154.08	154.102	185	0	20
2025.11.05	23:50:00	154.103	154.108	154.089	154.102	523	0	24
2025.11.06	00:00:00	154.105	154.105	154.076	154.084	19	0	41
2025.11.06	00:10:00	154.086	154.09	154.084	154.089	33	0	36
2025.11.06	00:20:00	154.088	154.092	154.087	154.091	28	0	40
2025.11.06	00:30:00	154.086	154.088	154.015	154.057	185	0	33
2025.11.06	00:40:00	154.056	154.065	154.051	154.055	93	0	43
2025.11.06	00:50:00	154.056	154.059	154.053	154.056	84	0	40
2025.11.06	01:00:00	154.056	154.059	154.002	154.011	284	0	25
2025.11.06	01:10:00	154.014	154.014	153.991	153.995	163	0	21
2025.11.06	01:20:00	153.995	154.009	153.969	154.008	141	0	22
2025.11.06	01:30:00	154.008	154.035	153.981	154.03	260	0	23
2025.11.06	01:40:00	154.027	154.068	154.024	154.042	216	0	21
2025.11.06	01:50:00	154.043	154.082	154.03	154.078	366	0	22
2025.11.06	02:00:00	154.079	154.131	154.035	154.066	729	0	20
2025.11.06	02:10:00	154.052	154.055	153.901	153.921	773	0	20
2025.11.06	02:20:00	153.924	153.935	153.846	153.867	736	0	20
2025.11.06	02:30:00	153.866	153.964	153.84	153.922	665	0	20
2025.11.06	02:40:00	153.923	153.965	153.864	153.895	663	0	20
2025.11.06	02:50:00	153.898	153.957	153.876	153.879	876	0	20
2025.11.06	03:00:00	153.879	153.879	153.801	153.807	932	0	20
2025.11.06	03:10:00	153.808	153.879	153.792	153.831	644	0	20
2025.11.06	03:20:00	153.83	153.924	153.822	153.856	531	0	20
2025.11.06	03:30:00	153.857	153.931	153.842	153.89	470	0	20
2025.11.06	03:40:00	153.891	153.932	153.874	153.885	349	0	20
2025.11.06	03:50:00	153.887	153.914	153.851	153.861	353	0	20
2025.11.06	04:00:00	153.861	153.861	153.793	153.806	397	0	20
2025.11.06	04:10:00	153.806	153.877	153.783	153.877	248	0	20
2025.11.06	04:20:00	153.878	153.889	153.842	153.881	247	0	20
2025.11.06	04:30:00	153.882	153.946	153.877	153.941	424	0	20
2025.11.06	04:40:00	153.942	153.991	153.942	153.956	326	0	20
2025.11.06	04:50:00	153.956	153.98	153.923	153.937	289	0	20
2025.11.06	05:00:00	153.937	153.983	153.923	153.923	260	0	20
2025.11.06	05:10:00	153.924	153.932	153.872	153.888	216	0	20
2025.11.06	05:20:00	153.888	153.922	153.882	153.887	267	0	20
2025.11.06	05:30:00	153.885	153.897	153.823	153.85	311	0	20
2025.11.06	05:40:00	153.851	153.889	153.85	153.875	218	0	21
2025.11.06	05:50:00	153.876	153.88	153.851	153.859	267	0	20
2025.11.06	06:00:00	153.858	153.892	153.85	153.888	295	0	20
2025.11.06	06:10:00	153.887	153.907	153.861	153.903	158	0	20
2025.11.06	06:20:00	153.904	153.961	153.898	153.954	198	0	21
2025.11.06	06:30:00	153.954	153.989	153.946	153.972	226	0	20
2025.11.06	06:40:00	153.971	154.016	153.96	153.98	250	0	20
2025.11.06	06:50:00	153.981	153.981	153.929	153.942	420	0	20
2025.11.06	07:00:00	153.945	153.996	153.895	153.898	421	0	20
2025.11.06	07:10:00	153.899	153.917	153.862	153.873	333	0	21
2025.11.06	07:20:00	153.874	153.883	153.824	153.834	328	0	21
2025.11.06	07:30:00	153.834	153.873	153.828	153.837	246	0	20
2025.11.06	07:40:00	153.84	153.87	153.839	153.847	252	0	22
2025.11.06	07:50:00	153.847	153.874	153.82	153.874	530	0	20
2025.11.06	08:00:00	153.875	153.893	153.798	153.8	640	0	20
2025.11.06	08:10:00	153.801	153.877	153.801	153.863	306	0	20
2025.11.06	08:20:00	153.864	153.907	153.862	153.862	293	0	20
2025.11.06	08:30:00	153.862	153.949	153.844	153.933	349	0	20
2025.11.06	08:40:00	153.932	153.984	153.925	153.981	268	0	20
2025.11.06	08:50:00	153.981	153.996	153.964	153.972	303	0	20
2025.11.06	09:00:00	153.972	153.983	153.918	153.946	427	0	20
2025.11.06	09:10:00	153.947	153.964	153.912	153.923	339	0	20
2025.11.06	09:20:00	153.923	153.932	153.861	153.872	431	0	20
2025.11.06	09:30:00	153.872	153.885	153.802	153.805	393	0	20
2025.11.06	09:40:00	153.804	153.87	153.764	153.803	816	0	20
2025.11.06	09:50:00	153.805	153.863	153.784	153.856	496	0	20
2025.11.06	10:00:00	153.857	153.86	153.691	153.749	954	0	20
2025.11.06	10:10:00	153.746	153.784	153.706	153.724	928	0	20
2025.11.06	10:20:00	153.724	153.731	153.655	153.675	624	0	20
2025.11.06	10:30:00	153.675	153.73	153.675	153.727	506	0	20
2025.11.06	10:40:00	153.726	153.752	153.683	153.685	397	0	20
2025.11.06	10:50:00	153.686	153.687	153.521	153.55	913	0	20
2025.11.06	11:00:00	153.552	153.632	153.547	153.629	739	0	20
2025.11.06	11:10:00	153.631	153.725	153.621	153.72	652	0	20
2025.11.06	11:20:00	153.719	153.741	153.696	153.702	321	0	20
2025.11.06	11:30:00	153.704	153.709	153.659	153.706	346	0	20
2025.11.06	11:40:00	153.706	153.709	153.66	153.676	366	0	20
2025.11.06	11:50:00	153.675	153.762	153.67	153.709	299	0	20
2025.11.06	12:00:00	153.709	153.761	153.709	153.74	347	0	20
2025.11.06	12:10:00	153.739	153.752	153.706	153.723	349	0	20
2025.11.06	12:20:00	153.721	153.736	153.691	153.705	426	0	20
2025.11.06	12:30:00	153.705	153.752	153.699	153.74	518	0	20
2025.11.06	12:40:00	153.74	153.763	153.732	153.746	277	0	20
2025.11.06	12:50:00	153.748	153.757	153.729	153.736	266	0	20
2025.11.06	13:00:00	153.734	153.754	153.712	153.721	398	0	20
2025.11.06	13:10:00	153.716	153.722	153.7	153.709	260	0	20
2025.11.06	13:20:00	153.709	153.716	153.685	153.696	302	0	20
2025.11.06	13:30:00	153.697	153.701	153.6	153.607	402	0	20
2025.11.06	13:40:00	153.609	153.656	153.579	153.656	212	0	20
2025.11.06	13:50:00	153.654	153.671	153.608	153.636	304	0	20
2025.11.06	14:00:00	153.637	153.676	153.579	153.619	928	0	20
2025.11.06	14:10:00	153.622	153.658	153.603	153.644	440	0	20
2025.11.06	14:20:00	153.645	153.711	153.636	153.711	529	0	20
2025.11.06	14:30:00	153.712	153.731	153.646	153.653	798	0	20
2025.11.06	14:40:00	153.652	153.661	153.601	153.612	383	0	20
2025.11.06	14:50:00	153.609	153.637	153.591	153.597	545	0	20
2025.11.06	15:00:00	153.597	153.626	153.547	153.585	602	0	20
2025.11.06	15:10:00	153.584	153.625	153.55	153.58	471	0	20
2025.11.06	15:20:00	153.582	153.607	153.542	153.562	419	0	20
2025.11.06	15:30:00	153.562	153.563	153.395	153.452	834	0	20
2025.11.06	15:40:00	153.452	153.522	153.403	153.429	720	0	20
2025.11.06	15:50:00	153.428	153.5	153.423	153.492	686	0	20
2025.11.06	16:00:00	153.493	153.516	153.444	153.455	688	0	20
2025.11.06	16:10:00	153.455	153.55	153.447	153.51	824	0	20
2025.11.06	16:20:00	153.51	153.533	153.485	153.52	822	0	20
2025.11.06	16:30:00	153.521	153.559	153.493	153.554	822	0	20
2025.11.06	16:40:00	153.553	153.577	153.472	153.481	992	0	20
2025.11.06	16:50:00	153.481	153.499	153.375	153.4	934	0	20
2025.11.06	17:00:00	153.4	153.4	153.261	153.302	1044	0	20
2025.11.06	17:10:00	153.302	153.356	153.264	153.28	859	0	20
2025.11.06	17:20:00	153.284	153.379	153.271	153.341	984	0	20
2025.11.06	17:30:00	153.342	153.357	153.218	153.247	927	0	20
2025.11.06	17:40:00	153.248	153.273	153.091	153.098	1188	0	20
2025.11.06	17:50:00	153.095	153.141	153.032	153.034	1167	0	20
2025.11.06	18:00:00	153.033	153.158	153.025	153.133	1023	0	20
2025.11.06	18:10:00	153.132	153.149	153.054	153.075	1082	0	20
2025.11.06	18:20:00	153.076	153.124	153.052	153.106	901	0	20
2025.11.06	18:30:00	153.107	153.118	153.006	153.017	1049	0	20
2025.11.06	18:40:00	153.018	153.058	153.001	153.025	826	0	20
2025.11.06	18:50:00	153.026	153.076	152.965	152.971	728	0	20
2025.11.06	19:00:00	152.971	153.05	152.924	152.97	1128	0	20
2025.11.06	19:10:00	152.97	152.983	152.84	152.842	935	0	20
2025.11.06	19:20:00	152.842	152.892	152.82	152.887	588	0	20
2025.11.06	19:30:00	152.885	152.936	152.841	152.843	620	0	20
2025.11.06	19:40:00	152.842	153.017	152.834	152.991	452	0	20
2025.11.06	19:50:00	152.992	153.053	152.992	153.003	382	0	21
2025.11.06	20:00:00	153.003	153.078	152.912	152.912	576	0	20
2025.11.06	20:10:00	152.913	152.975	152.908	152.972	545	0	20
2025.11.06	20:20:00	152.974	153.045	152.944	153.019	477	0	20
2025.11.06	20:30:00	153.019	153.052	152.993	153.037	548	0	20
2025.11.06	20:40:00	153.035	153.076	153.01	153.064	846	0	20
2025.11.06	20:50:00	153.062	153.064	153.004	153.041	683	0	20
2025.11.06	21:00:00	153.04	153.077	153.018	153.048	629	0	20
2025.11.06	21:10:00	153.049	153.085	153.049	153.082	583	0	20
2025.11.06	21:20:00	153.082	153.102	153.055	153.089	471	0	20
2025.11.06	21:30:00	153.087	153.137	153.086	153.136	419	0	21
2025.11.06	21:40:00	153.134	153.136	153.065	153.108	448	0	20
2025.11.06	21:50:00	153.107	153.148	153.078	153.134	564	0	20
2025.11.06	22:00:00	153.132	153.133	153.105	153.118	516	0	20
2025.11.06	22:10:00	153.117	153.121	153.082	153.083	549	0	20
2025.11.06	22:20:00	153.085	153.124	153.082	153.112	267	0	20
2025.11.06	22:30:00	153.112	153.134	153.092	153.13	339	0	21
2025.11.06	22:40:00	153.13	153.132	153.045	153.073	405	0	20
2025.11.06	22:50:00	153.08	153.085	152.989	153.021	641	0	20
2025.11.06	23:00:00	153.021	153.068	153.002	153.053	208	0	20
2025.11.06	23:10:00	153.054	153.057	152.999	153.013	191	0	23
2025.11.06	23:20:00	153.013	153.013	152.989	153.007	124	0	20
2025.11.06	23:30:00	153.006	153.062	153.006	153.051	125	0	21
2025.11.06	23:40:00	153.052	153.091	153.05	153.062	185	0	21
2025.11.06	23:50:00	153.062	153.075	153.034	153.052	380	0	22
2025.11.07	00:00:00	153.049	153.049	152.936	152.989	24	0	38
2025.11.07	00:10:00	152.989	153.035	152.989	153.03	1619	0	62
2025.11.07	00:20:00	153.032	153.035	153.017	153.029	99	0	53
2025.11.07	00:30:00	153.026	153.062	153.02	153.06	104	0	56
2025.11.07	00:40:00	153.06	153.075	153.044	153.045	293	0	44
2025.11.07	00:50:00	153.045	153.047	153.017	153.045	330	0	52
2025.11.07	01:00:00	153.045	153.053	152.976	152.992	188	0	21
2025.11.07	01:10:00	152.988	152.999	152.911	152.914	300	0	23
2025.11.07	01:20:00	152.915	152.917	152.853	152.854	363	0	20
2025.11.07	01:30:00	152.855	152.963	152.854	152.894	274	0	21
2025.11.07	01:40:00	152.891	152.896	152.809	152.873	511	0	20
2025.11.07	01:50:00	152.872	152.98	152.871	152.943	376	0	22
2025.11.07	02:00:00	152.942	153.07	152.847	153.007	1591	0	20
2025.11.07	02:10:00	153.01	153.034	152.868	152.97	1031	0	20
2025.11.07	02:20:00	152.972	153.051	152.942	153.02	730	0	20
2025.11.07	02:30:00	153.032	153.184	153.018	153.176	874	0	20
2025.11.07	02:40:00	153.175	153.211	153.145	153.179	926	0	20
2025.11.07	02:50:00	153.18	153.24	153.145	153.175	1209	0	20
2025.11.07	03:00:00	153.174	153.229	153.134	153.163	922	0	20
2025.11.07	03:10:00	153.164	153.297	153.149	153.212	1178	0	20
2025.11.07	03:20:00	153.209	153.28	153.177	153.18	765	0	20
2025.11.07	03:30:00	153.167	153.2	153.041	153.156	1034	0	20
2025.11.07	03:40:00	153.157	153.191	153.108	153.164	790	0	20
2025.11.07	03:50:00	153.164	153.177	153.097	153.119	559	0	20
2025.11.07	04:00:00	153.118	153.126	153.032	153.035	449	0	20
2025.11.07	04:10:00	153.038	153.064	153.012	153.024	373	0	20
2025.11.07	04:20:00	153.024	153.026	152.953	152.986	518	0	20
2025.11.07	04:30:00	152.987	153.083	152.974	153.06	493	0	20
2025.11.07	04:40:00	153.06	153.165	153.047	153.145	414	0	20
2025.11.07	04:50:00	153.145	153.155	153.12	153.137	264	0	20
2025.11.07	05:00:00	153.136	153.179	153.112	153.146	389	0	20
2025.11.07	05:10:00	153.146	153.147	153.09	153.095	478	0	20
2025.11.07	05:20:00	153.094	153.116	153.075	153.096	449	0	20
2025.11.07	05:30:00	153.097	153.107	153.051	153.054	405	0	21
2025.11.07	05:40:00	153.055	153.062	153.008	153.032	410	0	20
2025.11.07	05:50:00	153.033	153.072	153.012	153.05	486	0	21
2025.11.07	06:00:00	153.052	153.067	153.005	153.062	770	0	20
2025.11.07	06:10:00	153.062	153.139	153.046	153.132	435	0	20
2025.11.07	06:20:00	153.131	153.17	153.115	153.118	477	0	20
2025.11.07	06:30:00	153.118	153.131	153.043	153.059	411	0	20
2025.11.07	06:40:00	153.059	153.125	153.055	153.106	345	0	20
2025.11.07	06:50:00	153.105	153.121	153.088	153.104	377	0	21
2025.11.07	07:00:00	153.105	153.231	153.102	153.223	595	0	20
2025.11.07	07:10:00	153.223	153.223	153.169	153.208	487	0	20
2025.11.07	07:20:00	153.207	153.212	153.165	153.171	396	0	20
2025.11.07	07:30:00	153.169	153.253	153.162	153.253	427	0	20
2025.11.07	07:40:00	153.252	153.266	153.241	153.253	257	0	20
2025.11.07	07:50:00	153.254	153.357	153.231	153.341	575	0	20
2025.11.07	08:00:00	153.341	153.437	153.341	153.396	734	0	20
2025.11.07	08:10:00	153.393	153.41	153.348	153.408	393	0	20
2025.11.07	08:20:00	153.408	153.483	153.406	153.464	523	0	20
2025.11.07	08:30:00	153.463	153.5	153.428	153.48	485	0	20
2025.11.07	08:40:00	153.48	153.504	153.445	153.501	402	0	20
2025.11.07	08:50:00	153.511	153.515	153.467	153.499	447	0	20
2025.11.07	09:00:00	153.498	153.53	153.438	153.451	523	0	20
2025.11.07	09:10:00	153.452	153.477	153.394	153.411	529	0	20
2025.11.07	09:20:00	153.412	153.428	153.371	153.423	450	0	20
2025.11.07	09:30:00	153.422	153.471	153.404	153.464	386	0	20
2025.11.07	09:40:00	153.465	153.495	153.426	153.45	640	0	20
2025.11.07	09:50:00	153.452	153.456	153.378	153.378	500	0	20
2025.11.07	10:00:00	153.378	153.479	153.352	153.402	957	0	20
2025.11.07	10:10:00	153.402	153.434	153.38	153.395	741	0	20
2025.11.07	10:20:00	153.394	153.431	153.353	153.422	458	0	20
2025.11.07	10:30:00	153.425	153.459	153.338	153.362	696	0	20
2025.11.07	10:40:00	153.362	153.451	153.354	153.442	735	0	20
2025.11.07	10:50:00	153.443	153.503	153.442	153.498	784	0	20
2025.11.07	11:00:00	153.5	153.51	153.431	153.456	613	0	20
2025.11.07	11:10:00	153.455	153.511	153.452	153.473	701	0	20
2025.11.07	11:20:00	153.472	153.494	153.432	153.453	423	0	20
2025.11.07	11:30:00	153.452	153.488	153.442	153.454	426	0	20
2025.11.07	11:40:00	153.452	153.484	153.447	153.455	415	0	20
2025.11.07	11:50:00	153.456	153.487	153.435	153.482	761	0	20
2025.11.07	12:00:00	153.482	153.486	153.449	153.453	435	0	20
2025.11.07	12:10:00	153.453	153.455	153.425	153.434	370	0	20
2025.11.07	12:20:00	153.434	153.438	153.331	153.341	446	0	20
2025.11.07	12:30:00	153.339	153.384	153.312	153.36	327	0	20
2025.11.07	12:40:00	153.361	153.362	153.316	153.334	394	0	20
2025.11.07	12:50:00	153.329	153.345	153.314	153.341	397	0	20
2025.11.07	13:00:00	153.342	153.351	153.255	153.273	483	0	20
2025.11.07	13:10:00	153.265	153.282	153.121	153.167	816	0	20
2025.11.07	13:20:00	153.167	153.172	153.085	153.091	569	0	20
2025.11.07	13:30:00	153.09	153.091	153.0	153.027	673	0	20
2025.11.07	13:40:00	153.026	153.119	153.023	153.096	442	0	20
2025.11.07	13:50:00	153.096	153.148	153.086	153.12	593	0	20
2025.11.07	14:00:00	153.119	153.165	153.091	153.119	643	0	20
2025.11.07	14:10:00	153.119	153.137	153.061	153.061	547	0	20
2025.11.07	14:20:00	153.061	153.118	153.04	153.109	541	0	20
2025.11.07	14:30:00	153.111	153.157	153.109	153.143	585	0	20
2025.11.07	14:40:00	153.143	153.145	153.042	153.048	468	0	20
2025.11.07	14:50:00	153.048	153.095	153.029	153.087	627	0	20
2025.11.07	15:00:00	153.086	153.11	152.998	153.085	1227	0	20
2025.11.07	15:10:00	153.084	153.115	153.045	153.046	819	0	20
2025.11.07	15:20:00	153.046	153.122	153.041	153.119	831	0	20
2025.11.07	15:30:00	153.119	153.235	153.119	153.221	1211	0	20
2025.11.07	15:40:00	153.222	153.324	153.165	153.316	1129	0	20
2025.11.07	15:50:00	153.316	153.366	153.304	153.348	893	0	20
2025.11.07	16:00:00	153.348	153.421	153.302	153.319	1083	0	20
2025.11.07	16:10:00	153.317	153.396	153.315	153.363	844	0	20
2025.11.07	16:20:00	153.362	153.467	153.349	153.415	1057	0	20
2025.11.07	16:30:00	153.412	153.421	153.13	153.144	1944	0	20
2025.11.07	16:40:00	153.144	153.307	153.127	153.222	2057	0	20
2025.11.07	16:50:00	153.22	153.322	153.2	153.322	1690	0	20
2025.11.07	17:00:00	153.321	153.321	153.013	153.132	2186	0	20
2025.11.07	17:10:00	153.131	153.234	153.119	153.176	1676	0	20
2025.11.07	17:20:00	153.176	153.179	153.056	153.107	1579	0	20
2025.11.07	17:30:00	153.104	153.142	153.02	153.035	1535	0	20
2025.11.07	17:40:00	153.034	153.111	153.034	153.059	983	0	20
2025.11.07	17:50:00	153.06	153.185	153.06	153.128	1371	0	20
2025.11.07	18:00:00	153.127	153.167	153.091	153.096	1157	0	20
2025.11.07	18:10:00	153.096	153.105	153.022	153.099	1143	0	20
2025.11.07	18:20:00	153.097	153.151	153.057	153.067	1135	0	20
2025.11.07	18:30:00	153.068	153.092	153.007	153.023	1083	0	20
2025.11.07	18:40:00	153.022	153.082	153.022	153.032	849	0	20
2025.11.07	18:50:00	153.032	153.069	153.004	153.053	795	0	20
2025.11.07	19:00:00	153.053	153.085	153.031	153.062	872	0	20
2025.11.07	19:10:00	153.061	153.187	153.044	153.164	971	0	20
2025.11.07	19:20:00	153.165	153.203	153.138	153.177	714	0	20
2025.11.07	19:30:00	153.176	153.214	153.126	153.129	672	0	20
2025.11.07	19:40:00	153.13	153.13	153.046	153.059	752	0	20
2025.11.07	19:50:00	153.058	153.105	153.042	153.086	738	0	20
2025.11.07	20:00:00	153.085	153.104	153.025	153.06	617	0	20
2025.11.07	20:10:00	153.059	153.129	153.053	153.129	552	0	20
2025.11.07	20:20:00	153.128	153.179	153.113	153.176	588	0	20
2025.11.07	20:30:00	153.176	153.2	153.153	153.176	478	0	20
2025.11.07	20:40:00	153.175	153.204	153.16	153.162	497	0	20
2025.11.07	20:50:00	153.162	153.257	153.128	153.247	507	0	20
2025.11.07	21:00:00	153.248	153.29	153.221	153.23	732	0	20
2025.11.07	21:10:00	153.229	153.258	153.211	153.224	538	0	20
2025.11.07	21:20:00	153.227	153.312	153.223	153.311	610	0	20
2025.11.07	21:30:00	153.315	153.443	153.315	153.44	711	0	20
2025.11.07	21:40:00	153.443	153.573	153.443	153.564	1167	0	20
2025.11.07	21:50:00	153.566	153.567	153.479	153.548	940	0	20
2025.11.07	22:00:00	153.549	153.585	153.382	153.461	1145	0	20
2025.11.07	22:10:00	153.463	153.496	153.427	153.431	770	0	20
2025.11.07	22:20:00	153.431	153.456	153.402	153.442	923	0	20
2025.11.07	22:30:00	153.443	153.47	153.42	153.424	633	0	20
2025.11.07	22:40:00	153.424	153.428	153.35	153.35	724	0	20
2025.11.07	22:50:00	153.359	153.424	153.35	153.421	666	0	20
2025.11.07	23:00:00	153.42	153.47	153.412	153.436	389	0	20
2025.11.07	23:10:00	153.435	153.438	153.395	153.414	196	0	23
2025.11.07	23:20:00	153.414	153.432	153.404	153.422	200	0	20
2025.11.07	23:30:00	153.422	153.472	153.422	153.453	92	0	24
2025.11.07	23:40:00	153.452	153.465	153.401	153.413	340	0	22
2025.11.07	23:50:00	153.414	153.458	153.403	153.428	514	0	22
2025.11.10	00:00:00	153.631	153.73	153.631	153.671	93	0	50
2025.11.10	00:10:00	153.669	153.695	153.66	153.692	66	0	47
2025.11.10	00:20:00	153.692	153.694	153.681	153.69	33	0	46
2025.11.10	00:30:00	153.694	153.697	153.49	153.607	328	0	43
2025.11.10	00:40:00	153.607	153.682	153.606	153.678	183	0	30
2025.11.10	00:50:00	153.677	153.719	153.669	153.682	176	0	31
2025.11.10	01:00:00	153.68	153.818	153.676	153.758	711	0	22
2025.11.10	01:10:00	153.758	153.829	153.755	153.819	523	0	20
2025.11.10	01:20:00	153.819	153.838	153.778	153.83	426	0	20
2025.11.10	01:30:00	153.831	153.831	153.761	153.781	442	0	20
2025.11.10	01:40:00	153.785	153.815	153.767	153.773	795	0	21
2025.11.10	01:50:00	153.773	153.853	153.748	153.816	621	0	20
2025.11.10	02:00:00	153.816	153.832	153.387	153.808	1628	0	20
2025.11.10	02:10:00	153.807	153.887	153.722	153.875	1132	0	20
2025.11.10	02:20:00	153.875	153.906	153.737	153.785	1311	0	20
2025.11.10	02:30:00	153.786	153.86	153.766	153.809	1211	0	20
2025.11.10	02:40:00	153.808	153.833	153.756	153.771	1132	0	20
2025.11.10	02:50:00	153.77	153.87	153.731	153.846	1397	0	20
2025.11.10	03:00:00	153.846	153.94	153.822	153.84	1466	0	20
2025.11.10	03:10:00	153.842	153.884	153.804	153.823	832	0	20
2025.11.10	03:20:00	153.824	153.846	153.789	153.81	815	0	20
2025.11.10	03:30:00	153.811	153.827	153.786	153.798	609	0	20
2025.11.10	03:40:00	153.798	153.815	153.766	153.788	438	0	20
2025.11.10	03:50:00	153.789	153.834	153.788	153.822	544	0	20
2025.11.10	04:00:00	153.822	153.832	153.791	153.829	452	0	20
2025.11.10	04:10:00	153.83	153.873	153.812	153.851	571	0	20
2025.11.10	04:20:00	153.853	153.861	153.792	153.827	390	0	21
2025.11.10	04:30:00	153.831	153.886	153.82	153.86	499	0	20
2025.11.10	04:40:00	153.861	153.871	153.827	153.868	321	0	21
2025.11.10	04:50:00	153.867	153.89	153.861	153.881	294	0	20
2025.11.10	05:00:00	153.882	153.951	153.879	153.927	490	0	20
2025.11.10	05:10:00	153.927	153.98	153.9	153.974	524	0	20
2025.11.10	05:20:00	153.976	153.986	153.957	153.973	438	0	20
2025.11.10	05:30:00	153.972	154.016	153.934	153.935	582	0	20
2025.11.10	05:40:00	153.936	153.986	153.926	153.959	501	0	20
2025.11.10	05:50:00	153.96	153.981	153.921	153.924	456	0	21
2025.11.10	06:00:00	153.924	153.931	153.876	153.917	668	0	20
2025.11.10	06:10:00	153.916	153.944	153.899	153.913	627	0	20
2025.11.10	06:20:00	153.913	153.913	153.871	153.878	514	0	21
2025.11.10	06:30:00	153.877	153.879	153.777	153.821	521	0	20
2025.11.10	06:40:00	153.82	153.87	153.811	153.834	496	0	20
2025.11.10	06:50:00	153.835	153.871	153.811	153.87	590	0	21
2025.11.10	07:00:00	153.871	153.951	153.858	153.941	656	0	20
2025.11.10	07:10:00	153.94	154.06	153.937	153.998	582	0	20
2025.11.10	07:20:00	153.999	154.004	153.91	153.933	493	0	20
2025.11.10	07:30:00	153.933	153.957	153.918	153.937	603	0	20
2025.11.10	07:40:00	153.938	153.944	153.888	153.891	539	0	20
2025.11.10	07:50:00	153.889	153.936	153.878	153.932	606	0	20
2025.11.10	08:00:00	153.931	153.947	153.892	153.905	685	0	20
2025.11.10	08:10:00	153.905	153.99	153.904	153.975	635	0	20
2025.11.10	08:20:00	153.976	154.025	153.945	153.955	610	0	20
2025.11.10	08:30:00	153.955	154.002	153.941	153.965	474	0	20
2025.11.10	08:40:00	153.97	154.073	153.944	154.055	785	0	20
2025.11.10	08:50:00	154.055	154.068	153.999	154.017	888	0	20
2025.11.10	09:00:00	154.018	154.109	153.973	154.093	1095	0	20
2025.11.10	09:10:00	154.092	154.115	154.043	154.101	741	0	20
2025.11.10	09:20:00	154.102	154.14	154.042	154.045	599	0	20
2025.11.10	09:30:00	154.044	154.044	153.948	153.966	665	0	20
2025.11.10	09:40:00	153.966	153.983	153.941	153.967	563	0	20
2025.11.10	09:50:00	153.967	154.052	153.952	154.035	918	0	20
2025.11.10	10:00:00	154.035	154.092	153.994	154.001	1399	0	20
2025.11.10	10:10:00	154.002	154.008	153.939	153.974	795	0	20
2025.11.10	10:20:00	153.972	154.041	153.953	154.003	631	0	20
2025.11.10	10:30:00	154.003	154.052	153.993	154.008	736	0	20
2025.11.10	10:40:00	154.007	154.084	154.007	154.072	572	0	20
2025.11.10	10:50:00	154.071	154.17	154.058	154.161	848	0	20
2025.11.10	11:00:00	154.16	154.201	154.137	154.165	775	0	20
2025.11.10	11:10:00	154.166	154.221	154.154	154.183	654	0	20
2025.11.10	11:20:00	154.183	154.218	154.149	154.163	617	0	20
2025.11.10	11:30:00	154.164	154.198	154.146	154.188	539	0	20
2025.11.10	11:40:00	154.188	154.196	154.15	154.179	595	0	20
2025.11.10	11:50:00	154.179	154.194	154.136	154.148	633	0	20
2025.11.10	12:00:00	154.149	154.164	154.052	154.081	536	0	20
2025.11.10	12:10:00	154.081	154.117	154.061	154.082	355	0	20
2025.11.10	12:20:00	154.082	154.118	154.069	154.118	285	0	20
2025.11.10	12:30:00	154.12	154.167	154.11	154.116	436	0	20
2025.11.10	12:40:00	154.116	154.156	154.102	154.143	392	0	20
2025.11.10	12:50:00	154.143	154.169	154.133	154.149	435	0	20
2025.11.10	13:00:00	154.15	154.239	154.15	154.213	533	0	20
2025.11.10	13:10:00	154.213	154.234	154.162	154.18	355	0	20
2025.11.10	13:20:00	154.18	154.19	154.158	154.176	369	0	20
2025.11.10	13:30:00	154.175	154.182	154.157	154.176	325	0	20
2025.11.10	13:40:00	154.176	154.19	154.128	154.156	316	0	20
2025.11.10	13:50:00	154.162	154.165	154.105	154.122	372	0	20
2025.11.10	14:00:00	154.121	154.157	154.117	154.129	313	0	20
2025.11.10	14:10:00	154.13	154.147	154.072	154.073	412	0	20
2025.11.10	14:20:00	154.074	154.075	154.032	154.061	404	0	20
2025.11.10	14:30:00	154.06	154.08	154.031	154.072	402	0	20
2025.11.10	14:40:00	154.071	154.152	154.068	154.119	294	0	20
2025.11.10	14:50:00	154.12	154.135	154.067	154.107	714	0	20
2025.11.10	15:00:00	154.107	154.128	154.072	154.087	513	0	20
2025.11.10	15:10:00	154.089	154.111	154.053	154.061	532	0	20
2025.11.10	15:20:00	154.062	154.083	154.047	154.077	552	0	20
2025.11.10	15:30:00	154.077	154.093	154.026	154.051	617	0	20
2025.11.10	15:40:00	154.052	154.061	153.974	153.981	691	0	20
2025.11.10	15:50:00	153.98	154.072	153.98	154.049	643	0	20
2025.11.10	16:00:00	154.05	154.069	154.03	154.049	549	0	20
2025.11.10	16:10:00	154.05	154.055	154.013	154.042	526	0	20
2025.11.10	16:20:00	154.043	154.087	154.036	154.053	489	0	20
2025.11.10	16:30:00	154.053	154.134	153.994	154.03	1332	0	20
2025.11.10	16:40:00	154.029	154.136	153.998	154.107	885	0	20
2025.11.10	16:50:00	154.108	154.155	154.071	154.071	967	0	20
2025.11.10	17:00:00	154.072	154.109	154.054	154.074	856	0	20
2025.11.10	17:10:00	154.077	154.096	154.0	154.015	806	0	20
2025.11.10	17:20:00	154.016	154.062	154.006	154.036	692	0	20
2025.11.10	17:30:00	154.04	154.105	154.03	154.08	604	0	20
2025.11.10	17:40:00	154.08	154.133	154.039	154.093	644	0	20
2025.11.10	17:50:00	154.092	154.101	154.017	154.018	1037	0	20
2025.11.10	18:00:00	154.018	154.057	153.979	154.031	958	0	20
2025.11.10	18:10:00	154.032	154.04	153.929	153.952	661	0	20
2025.11.10	18:20:00	153.952	153.965	153.881	153.927	660	0	20
2025.11.10	18:30:00	153.927	154.001	153.905	153.915	860	0	20
2025.11.10	18:40:00	153.918	153.976	153.911	153.973	734	0	20
2025.11.10	18:50:00	153.972	154.0	153.956	153.986	592	0	20
2025.11.10	19:00:00	153.985	154.033	153.948	153.974	949	0	20
2025.11.10	19:10:00	153.974	154.005	153.939	153.986	639	0	20
2025.11.10	19:20:00	153.988	154.01	153.95	153.95	524	0	20
2025.11.10	19:30:00	153.953	153.986	153.913	153.94	393	0	20
2025.11.10	19:40:00	153.94	153.976	153.94	153.959	392	0	20
2025.11.10	19:50:00	153.958	153.975	153.939	153.945	676	0	20
2025.11.10	20:00:00	153.946	153.952	153.914	153.931	597	0	20
2025.11.10	20:10:00	153.93	153.952	153.917	153.932	418	0	20
2025.11.10	20:20:00	153.933	153.976	153.926	153.974	495	0	20
2025.11.10	20:30:00	153.975	154.0	153.973	153.995	386	0	21
2025.11.10	20:40:00	153.994	154.01	153.983	154.0	268	0	20
2025.11.10	20:50:00	153.999	154.007	153.974	153.982	284	0	20
2025.11.10	21:00:00	153.982	153.998	153.961	153.961	263	0	20
2025.11.10	21:10:00	153.963	153.969	153.944	153.961	202	0	20
2025.11.10	21:20:00	153.961	153.975	153.952	153.963	216	0	20
2025.11.10	21:30:00	153.963	153.998	153.95	153.998	244	0	20
2025.11.10	21:40:00	153.999	154.022	153.963	153.997	420	0	20
2025.11.10	21:50:00	153.997	154.064	153.976	154.042	566	0	20
2025.11.10	22:00:00	154.041	154.073	154.009	154.01	470	0	20
2025.11.10	22:10:00	154.01	154.027	153.988	154.001	410	0	20
2025.11.10	22:20:00	154.001	154.032	154.001	154.007	406	0	21
2025.11.10	22:30:00	154.005	154.047	154.003	154.043	433	0	20
2025.11.10	22:40:00	154.042	154.045	154.009	154.033	414	0	20
2025.11.10	22:50:00	154.033	154.047	154.004	154.02	559	0	20
2025.11.10	23:00:00	154.02	154.037	154.013	154.035	263	0	21
2025.11.10	23:10:00	154.037	154.067	154.037	154.066	137	0	22
2025.11.10	23:20:00	154.066	154.084	154.055	154.084	231	0	21
2025.11.10	23:30:00	154.083	154.113	154.078	154.078	235	0	21
2025.11.10	23:40:00	154.078	154.132	154.078	154.13	104	0	23
2025.11.10	23:50:00	154.129	154.16	154.109	154.131	455	0	22
2025.11.11	00:00:00	154.131	154.131	153.913	154.057	32	0	39
2025.11.11	00:10:00	154.054	154.075	154.052	154.058	36	0	48
2025.11.11	00:20:00	154.057	154.063	154.053	154.053	21	0	55
2025.11.11	00:30:00	154.053	154.062	154.05	154.058	214	0	41
2025.11.11	00:40:00	154.06	154.064	154.056	154.056	131	0	40
2025.11.11	00:50:00	154.056	154.059	154.04	154.044	145	0	41
2025.11.11	01:00:00	154.04	154.099	154.037	154.095	209	0	26
2025.11.11	01:10:00	154.095	154.104	154.064	154.086	286	0	20
2025.11.11	01:20:00	154.085	154.097	154.073	154.09	196	0	23
2025.11.11	01:30:00	154.09	154.09	154.04	154.067	300	0	22
2025.11.11	01:40:00	154.067	154.14	154.064	154.111	389	0	20
2025.11.11	01:50:00	154.109	154.146	154.075	154.14	567	0	20
2025.11.11	02:00:00	154.138	154.191	154.092	154.151	913	0	20
2025.11.11	02:10:00	154.15	154.176	154.1	154.115	675	0	20
2025.11.11	02:20:00	154.114	154.186	154.108	154.186	537	0	20
2025.11.11	02:30:00	154.187	154.266	154.154	154.262	800	0	20
2025.11.11	02:40:00	154.262	154.283	154.218	154.219	799	0	20
2025.11.11	02:50:00	154.218	154.302	154.209	154.301	1016	0	20
2025.11.11	03:00:00	154.302	154.406	154.302	154.405	1077	0	20
2025.11.11	03:10:00	154.404	154.423	154.346	154.387	803	0	20
2025.11.11	03:20:00	154.387	154.486	154.366	154.413	669	0	20
2025.11.11	03:30:00	154.412	154.423	154.344	154.385	777	0	20
2025.11.11	03:40:00	154.385	154.396	154.349	154.395	586	0	20
2025.11.11	03:50:00	154.396	154.406	154.313	154.313	575	0	20
2025.11.11	04:00:00	154.313	154.331	154.248	154.323	599	0	20
2025.11.11	04:10:00	154.324	154.38	154.311	154.318	501	0	20
2025.11.11	04:20:00	154.321	154.333	154.302	154.318	349	0	20
2025.11.11	04:30:00	154.319	154.353	154.294	154.346	377	0	20
2025.11.11	04:40:00	154.346	154.371	154.339	154.349	581	0	20
2025.11.11	04:50:00	154.348	154.382	154.339	154.357	611	0	20
2025.11.11	05:00:00	154.356	154.356	154.254	154.277	561	0	20
2025.11.11	05:10:00	154.277	154.297	154.258	154.286	254	0	20
2025.11.11	05:20:00	154.285	154.285	154.212	154.226	394	0	20
2025.11.11	05:30:00	154.227	154.256	154.21	154.231	685	0	20
2025.11.11	05:40:00	154.232	154.242	154.219	154.234	252	0	20
2025.11.11	05:50:00	154.233	154.269	154.217	154.256	468	0	20
2025.11.11	06:00:00	154.256	154.304	154.216	154.29	443	0	20
2025.11.11	06:10:00	154.289	154.335	154.287	154.29	366	0	20
2025.11.11	06:20:00	154.291	154.324	154.29	154.316	330	0	20
2025.11.11	06:30:00	154.315	154.342	154.308	154.324	328	0	20
2025.11.11	06:40:00	154.325	154.325	154.298	154.313	231	0	21
2025.11.11	06:50:00	154.312	154.32	154.286	154.291	363	0	20
2025.11.11	07:00:00	154.292	154.299	154.263	154.271	487	0	20
2025.11.11	07:10:00	154.27	154.279	154.188	154.194	604	0	20
2025.11.11	07:20:00	154.196	154.221	154.156	154.183	619	0	20
2025.11.11	07:30:00	154.182	154.203	154.17	154.172	527	0	20
2025.11.11	07:40:00	154.172	154.201	154.079	154.139	489	0	20
2025.11.11	07:50:00	154.138	154.147	154.108	154.118	520	0	20
2025.11.11	08:00:00	154.118	154.154	154.079	154.153	513	0	20
2025.11.11	08:10:00	154.153	154.197	154.15	154.193	366	0	20
2025.11.11	08:20:00	154.193	154.213	154.179	154.211	245	0	20
2025.11.11	08:30:00	154.21	154.247	154.21	154.234	414	0	20
2025.11.11	08:40:00	154.233	154.258	154.204	154.227	437	0	20
2025.11.11	08:50:00	154.226	154.231	154.178	154.188	444	0	20
2025.11.11	09:00:00	154.188	154.234	154.175	154.212	633	0	20
2025.11.11	09:10:00	154.211	154.241	154.194	154.196	487	0	20
2025.11.11	09:20:00	154.195	154.2	154.159	154.198	396	0	20
2025.11.11	09:30:00	154.199	154.212	154.141	154.182	622	0	20
2025.11.11	09:40:00	154.182	154.241	154.164	154.172	884	0	20
2025.11.11	09:50:00	154.171	154.207	154.17	154.181	720	0	20
2025.11.11	10:00:00	154.181	154.224	154.157	154.175	907	0	20
2025.11.11	10:10:00	154.174	154.302	154.174	154.291	690	0	20
2025.11.11	10:20:00	154.29	154.341	154.261	154.298	898	0	20
2025.11.11	10:30:00	154.299	154.349	154.283	154.329	642	0	20
2025.11.11	10:40:00	154.33	154.342	154.299	154.324	487	0	20
2025.11.11	10:50:00	154.325	154.379	154.309	154.369	608	0	20
2025.11.11	11:00:00	154.369	154.397	154.35	154.356	859	0	20
2025.11.11	11:10:00	154.357	154.433	154.357	154.395	573	0	20
2025.11.11	11:20:00	154.399	154.407	154.319	154.324	516	0	20
2025.11.11	11:30:00	154.324	154.329	154.276	154.278	492	0	20
2025.11.11	11:40:00	154.277	154.322	154.275	154.321	389	0	20
2025.11.11	11:50:00	154.321	154.333	154.3	154.32	376	0	20
2025.11.11	12:00:00	154.321	154.352	154.289	154.336	452	0	20
2025.11.11	12:10:00	154.337	154.345	154.293	154.293	447	0	20
2025.11.11	12:20:00	154.292	154.304	154.263	154.28	453	0	20
2025.11.11	12:30:00	154.281	154.289	154.242	154.254	309	0	20
2025.11.11	12:40:00	154.254	154.254	154.21	154.212	403	0	20
2025.11.11	12:50:00	154.212	154.242	154.201	154.235	433	0	20
2025.11.11	13:00:00	154.234	154.253	154.208	154.223	459	0	20
2025.11.11	13:10:00	154.222	154.256	154.219	154.242	326	0	20
2025.11.11	13:20:00	154.243	154.251	154.22	154.235	399	0	20
2025.11.11	13:30:00	154.236	154.247	154.205	154.216	320	0	20
2025.11.11	13:40:00	154.216	154.234	154.206	154.216	304	0	20
2025.11.11	13:50:00	154.216	154.247	154.216	154.244	190	0	20
2025.11.11	14:00:00	154.243	154.257	154.181	154.199	376	0	20
2025.11.11	14:10:00	154.199	154.225	154.17	154.198	303	0	20
2025.11.11	14:20:00	154.198	154.21	154.165	154.202	244	0	20
2025.11.11	14:30:00	154.201	154.22	154.18	154.195	394	0	20
2025.11.11	14:40:00	154.196	154.21	154.171	154.185	360	0	20
2025.11.11	14:50:00	154.186	154.209	154.159	154.184	360	0	20
2025.11.11	15:00:00	154.185	154.187	154.123	154.163	499	0	20
2025.11.11	15:10:00	154.163	154.181	154.043	154.06	602	0	20
2025.11.11	15:20:00	154.061	154.066	153.715	153.795	2109	0	20
2025.11.11	15:30:00	153.794	153.835	153.753	153.772	1564	0	20
2025.11.11	15:40:00	153.766	153.808	153.655	153.8	1264	0	20
2025.11.11	15:50:00	153.8	153.803	153.676	153.766	1060	0	20
2025.11.11	16:00:00	153.765	153.829	153.692	153.798	951	0	20
2025.11.11	16:10:00	153.797	153.874	153.792	153.844	748	0	20
2025.11.11	16:20:00	153.844	153.86	153.782	153.814	885	0	20
2025.11.11	16:30:00	153.813	153.864	153.799	153.855	1170	0	20
2025.11.11	16:40:00	153.857	153.914	153.821	153.878	866	0	20
2025.11.11	16:50:00	153.884	153.997	153.867	153.99	1072	0	20
2025.11.11	17:00:00	153.989	154.102	153.985	154.066	1453	0	20
2025.11.11	17:10:00	154.067	154.123	153.993	154.006	1155	0	20
2025.11.11	17:20:00	154.005	154.033	153.943	153.955	1169	0	20
2025.11.11	17:30:00	153.955	153.996	153.932	153.99	1121	0	20
2025.11.11	17:40:00	153.988	154.006	153.91	153.937	1026	0	20
2025.11.11	17:50:00	153.937	154.008	153.922	153.962	773	0	20
2025.11.11	18:00:00	153.957	153.998	153.935	153.961	692	0	20
2025.11.11	18:10:00	153.961	154.005	153.944	154.004	634	0	20
2025.11.11	18:20:00	154.003	154.012	153.97	153.99	611	0	20
2025.11.11	18:30:00	153.991	153.991	153.937	153.971	628	0	20
2025.11.11	18:40:00	153.972	154.006	153.955	153.983	554	0	20
2025.11.11	18:50:00	153.983	154.007	153.955	153.992	384	0	20
2025.11.11	19:00:00	153.991	154.053	153.991	154.04	638	0	20
2025.11.11	19:10:00	154.041	154.045	154.019	154.028	481	0	20
2025.11.11	19:20:00	154.027	154.075	154.025	154.063	495	0	20
2025.11.11	19:30:00	154.064	154.114	154.064	154.075	450	0	20
2025.11.11	19:40:00	154.076	154.077	154.015	154.027	490	0	21
2025.11.11	19:50:00	154.027	154.065	154.023	154.065	361	0	20
2025.11.11	20:00:00	154.064	154.083	154.062	154.075	331	0	20
2025.11.11	20:10:00	154.075	154.092	154.048	154.051	246	0	20
2025.11.11	20:20:00	154.052	154.087	154.04	154.087	254	0	21
2025.11.11	20:30:00	154.088	154.124	154.076	154.116	361	0	21
2025.11.11	20:40:00	154.117	154.135	154.101	154.103	396	0	20
2025.11.11	20:50:00	154.102	154.117	154.085	154.098	348	0	20
2025.11.11	21:00:00	154.098	154.136	154.097	154.128	332	0	20
2025.11.11	21:10:00	154.127	154.134	154.104	154.114	358	0	21
2025.11.11	21:20:00	154.115	154.124	154.091	154.093	360	0	20
2025.11.11	21:30:00	154.092	154.093	154.063	154.064	335	0	21
2025.11.11	21:40:00	154.064	154.103	154.051	154.101	448	0	21
2025.11.11	21:50:00	154.098	154.123	154.087	154.11	461	0	20
2025.11.11	22:00:00	154.111	154.118	154.091	154.108	501	0	20
2025.11.11	22:10:00	154.109	154.11	154.072	154.074	332	0	20
2025.11.11	22:20:00	154.076	154.113	154.07	154.1	435	0	20
2025.11.11	22:30:00	154.099	154.126	154.081	154.084	278	0	20
2025.11.11	22:40:00	154.085	154.125	154.084	154.125	299	0	20
2025.11.11	22:50:00	154.124	154.134	154.108	154.111	637	0	20
2025.11.11	23:00:00	154.11	154.131	154.107	154.122	290	0	21
2025.11.11	23:10:00	154.12	154.128	154.105	154.11	297	0	23
2025.11.11	23:20:00	154.111	154.128	154.107	154.113	170	0	23
2025.11.11	23:30:00	154.113	154.138	154.107	154.133	147	0	24
2025.11.11	23:40:00	154.133	154.164	154.133	154.156	200	0	22
2025.11.11	23:50:00	154.156	154.164	154.125	154.133	266	0	25
2025.11.12	00:00:00	154.131	154.131	154.093	154.1	17	0	53
2025.11.12	00:10:00	154.107	154.107	154.1	154.1	14	0	42
2025.11.12	00:20:00	154.1	154.117	154.1	154.106	30	0	50
2025.11.12	00:30:00	154.11	154.116	154.068	154.084	974	0	45
2025.11.12	00:40:00	154.085	154.093	154.045	154.065	849	0	31
2025.11.12	00:50:00	154.064	154.068	154.03	154.037	770	0	48
2025.11.12	01:00:00	154.042	154.11	154.039	154.109	406	0	20
2025.11.12	01:10:00	154.108	154.134	154.097	154.134	160	0	21
2025.11.12	01:20:00	154.134	154.146	154.123	154.143	147	0	20
2025.11.12	01:30:00	154.143	154.146	154.103	154.12	242	0	22
2025.11.12	01:40:00	154.122	154.123	154.066	154.095	239	0	20
2025.11.12	01:50:00	154.096	154.123	154.07	154.071	312	0	20
2025.11.12	02:00:00	154.074	154.153	154.037	154.095	1304	0	20
2025.11.12	02:10:00	154.094	154.109	154.047	154.083	750	0	20
2025.11.12	02:20:00	154.083	154.184	154.071	154.17	596	0	20
2025.11.12	02:30:00	154.169	154.247	154.165	154.234	973	0	20
2025.11.12	02:40:00	154.234	154.263	154.218	154.238	910	0	20
2025.11.12	02:50:00	154.237	154.294	154.187	154.288	1064	0	20
2025.11.12	03:00:00	154.289	154.316	154.251	154.288	965	0	20
2025.11.12	03:10:00	154.289	154.341	154.286	154.31	834	0	20
2025.11.12	03:20:00	154.309	154.315	154.262	154.296	663	0	20
2025.11.12	03:30:00	154.295	154.33	154.293	154.329	528	0	20
2025.11.12	03:40:00	154.328	154.335	154.284	154.284	339	0	20
2025.11.12	03:50:00	154.283	154.322	154.282	154.312	561	0	20
2025.11.12	04:00:00	154.318	154.332	154.303	154.316	400	0	20
2025.11.12	04:10:00	154.317	154.39	154.314	154.357	553	0	20
2025.11.12	04:20:00	154.356	154.396	154.331	154.38	494	0	20
2025.11.12	04:30:00	154.381	154.402	154.352	154.377	387	0	20
2025.11.12	04:40:00	154.368	154.383	154.33	154.332	264	0	20
2025.11.12	04:50:00	154.343	154.363	154.32	154.339	421	0	20
2025.11.12	05:00:00	154.34	154.369	154.331	154.346	312	0	20
2025.11.12	05:10:00	154.348	154.354	154.251	154.254	360	0	20
2025.11.12	05:20:00	154.254	154.289	154.228	154.267	482	0	20
2025.11.12	05:30:00	154.266	154.312	154.263	154.299	330	0	20
2025.11.12	05:40:00	154.298	154.31	154.293	154.296	234	0	20
2025.11.12	05:50:00	154.292	154.338	154.292	154.335	223	0	20
2025.11.12	06:00:00	154.336	154.395	154.33	154.39	327	0	20
2025.11.12	06:10:00	154.39	154.438	154.381	154.428	456	0	20
2025.11.12	06:20:00	154.429	154.584	154.427	154.523	1079	0	20
2025.11.12	06:30:00	154.522	154.646	154.506	154.645	746	0	20
2025.11.12	06:40:00	154.645	154.687	154.609	154.654	762	0	20
2025.11.12	06:50:00	154.653	154.734	154.652	154.727	583	0	20
2025.11.12	07:00:00	154.728	154.781	154.711	154.754	767	0	20
2025.11.12	07:10:00	154.751	154.755	154.604	154.669	686	0	20
2025.11.12	07:20:00	154.669	154.672	154.555	154.658	1371	0	20
2025.11.12	07:30:00	154.659	154.667	154.559	154.582	825	0	20
2025.11.12	07:40:00	154.583	154.679	154.578	154.638	547	0	20
2025.11.12	07:50:00	154.639	154.642	154.592	154.632	450	0	20
2025.11.12	08:00:00	154.641	154.682	154.626	154.666	453	0	20
2025.11.12	08:10:00	154.667	154.745	154.667	154.723	406	0	20
2025.11.12	08:20:00	154.724	154.724	154.625	154.651	520	0	20
2025.11.12	08:30:00	154.652	154.676	154.621	154.633	236	0	20
2025.11.12	08:40:00	154.633	154.682	154.63	154.644	278	0	20
2025.11.12	08:50:00	154.645	154.646	154.573	154.601	369	0	21
2025.11.12	09:00:00	154.602	154.618	154.533	154.551	777	0	20
2025.11.12	09:10:00	154.552	154.566	154.481	154.487	502	0	20
2025.11.12	09:20:00	154.488	154.588	154.488	154.541	509	0	20
2025.11.12	09:30:00	154.54	154.643	154.536	154.627	578	0	20
2025.11.12	09:40:00	154.63	154.66	154.595	154.598	449	0	20
2025.11.12	09:50:00	154.596	154.647	154.583	154.609	487	0	20
2025.11.12	10:00:00	154.608	154.689	154.606	154.685	1046	0	20
2025.11.12	10:10:00	154.686	154.743	154.674	154.741	730	0	20
2025.11.12	10:20:00	154.739	154.751	154.646	154.704	938	0	20
2025.11.12	10:30:00	154.705	154.72	154.62	154.672	819	0	20
2025.11.12	10:40:00	154.674	154.721	154.654	154.692	838	0	20
2025.11.12	10:50:00	154.693	154.765	154.69	154.748	906	0	20
2025.11.12	11:00:00	154.747	154.77	154.693	154.744	779	0	20
2025.11.12	11:10:00	154.748	154.811	154.744	154.78	951	0	20
2025.11.12	11:20:00	154.779	154.862	154.775	154.861	680	0	20
2025.11.12	11:30:00	154.861	154.897	154.844	154.876	696	0	20
2025.11.12	11:40:00	154.876	154.894	154.818	154.839	729	0	20
2025.11.12	11:50:00	154.835	154.876	154.828	154.833	760	0	20
2025.11.12	12:00:00	154.833	154.86	154.747	154.786	734	0	20
2025.11.12	12:10:00	154.785	154.86	154.781	154.86	693	0	20
2025.11.12	12:20:00	154.86	154.889	154.852	154.867	555	0	20
2025.11.12	12:30:00	154.867	154.888	154.804	154.807	586	0	20
2025.11.12	12:40:00	154.806	154.84	154.793	154.837	314	0	20
2025.11.12	12:50:00	154.838	154.858	154.817	154.856	383	0	20
2025.11.12	13:00:00	154.854	154.878	154.843	154.871	303	0	20
2025.11.12	13:10:00	154.873	154.876	154.845	154.859	268	0	20
2025.11.12	13:20:00	154.858	154.875	154.834	154.844	378	0	20
2025.11.12	13:30:00	154.836	154.848	154.8	154.839	433	0	20
2025.11.12	13:40:00	154.84	154.862	154.822	154.858	400	0	20
2025.11.12	13:50:00	154.859	154.861	154.793	154.794	520	0	20
2025.11.12	14:00:00	154.794	154.821	154.751	154.774	723	0	20
2025.11.12	14:10:00	154.764	154.773	154.741	154.762	479	0	20
2025.11.12	14:20:00	154.763	154.765	154.694	154.729	508	0	20
2025.11.12	14:30:00	154.729	154.766	154.724	154.75	491	0	20
2025.11.12	14:40:00	154.75	154.776	154.732	154.775	421	0	20
2025.11.12	14:50:00	154.775	154.825	154.745	154.798	645	0	20
2025.11.12	15:00:00	154.797	154.807	154.754	154.783	691	0	20
2025.11.12	15:10:00	154.786	154.878	154.781	154.873	800	0	20
2025.11.12	15:20:00	154.871	154.936	154.849	154.935	868	0	20
2025.11.12	15:30:00	154.934	154.983	154.928	154.971	846	0	20
2025.11.12	15:40:00	154.973	154.975	154.914	154.956	648	0	20
2025.11.12	15:50:00	154.956	154.962	154.916	154.931	659	0	20
2025.11.12	16:00:00	154.931	154.941	154.872	154.924	1019	0	20
2025.11.12	16:10:00	154.923	154.986	154.921	154.946	642	0	20
2025.11.12	16:20:00	154.947	155.035	154.945	154.995	1148	0	20
2025.11.12	16:30:00	154.994	155.005	154.902	154.981	1427	0	20
2025.11.12	16:40:00	154.98	154.991	154.894	154.895	1162	0	20
2025.11.12	16:50:00	154.884	154.914	154.849	154.859	1236	0	20
2025.11.12	17:00:00	154.858	154.913	154.811	154.851	1115	0	20
2025.11.12	17:10:00	154.85	154.875	154.8	154.813	1001	0	20
2025.11.12	17:20:00	154.814	154.852	154.794	154.827	749	0	20
2025.11.12	17:30:00	154.827	154.842	154.778	154.826	802	0	20
2025.11.12	17:40:00	154.827	154.838	154.789	154.8	1035	0	20
2025.11.12	17:50:00	154.801	154.806	154.721	154.729	1406	0	20
2025.11.12	18:00:00	154.73	154.745	154.693	154.705	935	0	20
2025.11.12	18:10:00	154.702	154.759	154.661	154.721	729	0	20
2025.11.12	18:20:00	154.722	154.747	154.7	154.746	624	0	20
2025.11.12	18:30:00	154.745	154.765	154.705	154.721	537	0	20
2025.11.12	18:40:00	154.721	154.722	154.644	154.656	586	0	20
2025.11.12	18:50:00	154.66	154.7	154.636	154.637	711	0	20
2025.11.12	19:00:00	154.637	154.637	154.513	154.514	849	0	20
2025.11.12	19:10:00	154.515	154.554	154.486	154.519	703	0	20
2025.11.12	19:20:00	154.519	154.569	154.513	154.568	545	0	20
2025.11.12	19:30:00	154.567	154.618	154.562	154.591	538	0	20
2025.11.12	19:40:00	154.589	154.625	154.588	154.59	414	0	20
2025.11.12	19:50:00	154.59	154.617	154.581	154.586	357	0	20
2025.11.12	20:00:00	154.587	154.616	154.57	154.57	501	0	20
2025.11.12	20:10:00	154.571	154.652	154.571	154.647	314	0	20
2025.11.12	20:20:00	154.648	154.65	154.601	154.613	412	0	20
2025.11.12	20:30:00	154.613	154.638	154.604	154.616	356	0	20
2025.11.12	20:40:00	154.62	154.629	154.612	154.613	214	0	20
2025.11.12	20:50:00	154.612	154.678	154.611	154.675	363	0	20
2025.11.12	21:00:00	154.675	154.687	154.662	154.672	521	0	20
2025.11.12	21:10:00	154.671	154.686	154.659	154.667	457	0	21
2025.11.12	21:20:00	154.667	154.668	154.622	154.626	380	0	20
2025.11.12	21:30:00	154.627	154.633	154.598	154.622	461	0	20
2025.11.12	21:40:00	154.622	154.668	154.614	154.663	458	0	20
2025.11.12	21:50:00	154.662	154.72	154.65	154.708	501	0	20
2025.11.12	22:00:00	154.708	154.725	154.682	154.706	279	0	20
2025.11.12	22:10:00	154.707	154.721	154.685	154.713	239	0	21
2025.11.12	22:20:00	154.716	154.733	154.708	154.723	237	0	20
2025.11.12	22:30:00	154.723	154.735	154.704	154.731	282	0	20
2025.11.12	22:40:00	154.731	154.748	154.716	154.746	188	0	20
2025.11.12	22:50:00	154.747	154.757	154.712	154.748	275	0	20
2025.11.12	23:00:00	154.749	154.793	154.749	154.787	343	0	20
2025.11.12	23:10:00	154.79	154.833	154.79	154.795	270	0	20
2025.11.12	23:20:00	154.795	154.857	154.794	154.814	285	0	20
2025.11.12	23:30:00	154.814	154.819	154.784	154.785	164	0	21
2025.11.12	23:40:00	154.786	154.824	154.786	154.812	240	0	21
2025.11.12	23:50:00	154.811	154.817	154.763	154.77	750	0	24
2025.11.13	00:00:00	154.767	154.794	154.721	154.767	48	0	56
2025.11.13	00:10:00	154.767	154.774	154.761	154.764	52	0	29
2025.11.13	00:20:00	154.763	154.77	154.741	154.757	102	0	44
2025.11.13	00:30:00	154.756	154.759	154.725	154.735	167	0	37
2025.11.13	00:40:00	154.731	154.742	154.714	154.718	148	0	45
2025.11.13	00:50:00	154.719	154.719	154.688	154.694	460	0	43
2025.11.13	01:00:00	154.695	154.709	154.683	154.694	275	0	27
2025.11.13	01:10:00	154.696	154.747	154.696	154.719	391	0	20
2025.11.13	01:20:00	154.72	154.732	154.689	154.719	167	0	23
2025.11.13	01:30:00	154.719	154.729	154.694	154.726	201	0	20
2025.11.13	01:40:00	154.726	154.744	154.717	154.73	251	0	21
2025.11.13	01:50:00	154.731	154.731	154.679	154.696	316	0	20
2025.11.13	02:00:00	154.697	154.852	154.684	154.825	924	0	20
2025.11.13	02:10:00	154.827	154.868	154.798	154.8	961	0	20
2025.11.13	02:20:00	154.8	154.82	154.731	154.779	539	0	20
2025.11.13	02:30:00	154.775	154.841	154.721	154.767	1183	0	20
2025.11.13	02:40:00	154.767	154.857	154.761	154.832	721	0	20
2025.11.13	02:50:00	154.831	154.948	154.807	154.932	1183	0	20
2025.11.13	03:00:00	154.933	154.978	154.914	154.944	955	0	20
2025.11.13	03:10:00	154.946	155.007	154.889	154.935	1124	0	20
2025.11.13	03:20:00	154.934	154.955	154.873	154.898	828	0	20
2025.11.13	03:30:00	154.898	154.933	154.888	154.91	742	0	20
2025.11.13	03:40:00	154.911	154.915	154.849	154.854	610	0	20
2025.11.13	03:50:00	154.853	154.854	154.695	154.723	734	0	20
2025.11.13	04:00:00	154.722	154.722	154.613	154.648	730	0	20
2025.11.13	04:10:00	154.647	154.741	154.647	154.725	958	0	20
2025.11.13	04:20:00	154.726	154.781	154.715	154.758	436	0	20
2025.11.13	04:30:00	154.759	154.771	154.696	154.757	510	0	20
2025.11.13	04:40:00	154.752	154.752	154.69	154.728	348	0	20
2025.11.13	04:50:00	154.724	154.725	154.634	154.648	371	0	20
2025.11.13	05:00:00	154.648	154.69	154.613	154.642	358	0	20
2025.11.13	05:10:00	154.643	154.699	154.64	154.696	276	0	20
2025.11.13	05:20:00	154.696	154.715	154.664	154.71	323	0	20
2025.11.13	05:30:00	154.711	154.736	154.707	154.716	329	0	20
2025.11.13	05:40:00	154.717	154.751	154.713	154.737	379	0	20
2025.11.13	05:50:00	154.736	154.75	154.724	154.726	397	0	20
2025.11.13	06:00:00	154.726	154.729	154.634	154.636	505	0	20
2025.11.13	06:10:00	154.635	154.752	154.634	154.748	503	0	20
2025.11.13	06:20:00	154.749	154.834	154.746	154.81	378	0	20
2025.11.13	06:30:00	154.81	154.839	154.79	154.834	336	0	20
2025.11.13	06:40:00	154.833	154.842	154.812	154.842	328	0	20
2025.11.13	06:50:00	154.841	154.844	154.808	154.809	416	0	20
2025.11.13	07:00:00	154.81	154.883	154.801	154.88	491	0	20
2025.11.13	07:10:00	154.879	154.887	154.841	154.85	350	0	20
2025.11.13	07:20:00	154.851	154.896	154.851	154.889	176	0	20
2025.11.13	07:30:00	154.889	154.921	154.866	154.899	370	0	20
2025.11.13	07:40:00	154.899	154.937	154.895	154.916	387	0	20
2025.11.13	07:50:00	154.918	154.991	154.918	154.943	617	0	20
2025.11.13	08:00:00	154.946	154.946	154.887	154.923	891	0	20
2025.11.13	08:10:00	154.923	154.937	154.895	154.899	530	0	20
2025.11.13	08:20:00	154.9	154.94	154.853	154.939	408	0	20
2025.11.13	08:30:00	154.939	154.997	154.922	154.964	585	0	20
2025.11.13	08:40:00	154.963	154.964	154.91	154.913	399	0	20
2025.11.13	08:50:00	154.914	154.923	154.873	154.879	343	0	20
2025.11.13	09:00:00	154.881	154.939	154.881	154.92	532	0	20
2025.11.13	09:10:00	154.92	154.943	154.894	154.914	537	0	20
2025.11.13	09:20:00	154.913	154.915	154.792	154.796	717	0	20
2025.11.13	09:30:00	154.797	154.804	154.742	154.742	685	0	20
2025.11.13	09:40:00	154.741	154.844	154.725	154.771	769	0	20
2025.11.13	09:50:00	154.77	154.782	154.692	154.705	670	0	20
2025.11.13	10:00:00	154.706	154.764	154.663	154.736	1002	0	20
2025.11.13	10:10:00	154.733	154.764	154.71	154.71	574	0	20
2025.11.13	10:20:00	154.706	154.739	154.667	154.684	861	0	20
2025.11.13	10:30:00	154.682	154.682	154.559	154.642	836	0	20
2025.11.13	10:40:00	154.644	154.678	154.552	154.615	811	0	20
2025.11.13	10:50:00	154.616	154.645	154.502	154.509	952	0	20
2025.11.13	11:00:00	154.513	154.577	154.397	154.404	1286	0	20
2025.11.13	11:10:00	154.405	154.47	154.354	154.442	1393	0	20
2025.11.13	11:20:00	154.44	154.458	154.348	154.355	702	0	20
2025.11.13	11:30:00	154.354	154.476	154.313	154.453	938	0	20
2025.11.13	11:40:00	154.454	154.528	154.452	154.474	580	0	20
2025.11.13	11:50:00	154.472	154.53	154.462	154.518	485	0	20
2025.11.13	12:00:00	154.519	154.553	154.473	154.526	630	0	20
2025.11.13	12:10:00	154.525	154.554	154.494	154.532	679	0	20
2025.11.13	12:20:00	154.531	154.563	154.508	154.556	544	0	20
2025.11.13	12:30:00	154.556	154.614	154.549	154.607	575	0	20
2025.11.13	12:40:00	154.607	154.637	154.589	154.628	534	0	20
2025.11.13	12:50:00	154.629	154.667	154.627	154.647	466	0	20
2025.11.13	13:00:00	154.646	154.673	154.631	154.65	527	0	20
2025.11.13	13:10:00	154.65	154.734	154.648	154.727	376	0	20
2025.11.13	13:20:00	154.726	154.733	154.689	154.709	395	0	20
2025.11.13	13:30:00	154.71	154.731	154.659	154.683	423	0	20
2025.11.13	13:40:00	154.683	154.728	154.671	154.721	524	0	20
2025.11.13	13:50:00	154.73	154.754	154.71	154.731	606	0	20
2025.11.13	14:00:00	154.73	154.744	154.699	154.712	480	0	20
2025.11.13	14:10:00	154.712	154.738	154.696	154.716	375	0	20
2025.11.13	14:20:00	154.717	154.717	154.674	154.695	485	0	20
2025.11.13	14:30:00	154.695	154.697	154.597	154.635	666	0	20
2025.11.13	14:40:00	154.637	154.675	154.633	154.649	447	0	20
2025.11.13	14:50:00	154.645	154.649	154.58	154.597	554	0	20
2025.11.13	15:00:00	154.595	154.595	154.529	154.543	959	0	20
2025.11.13	15:10:00	154.544	154.61	154.541	154.605	636	0	20
2025.11.13	15:20:00	154.606	154.702	154.606	154.702	693	0	20
2025.11.13	15:30:00	154.703	154.723	154.661	154.709	1084	0	20
2025.11.13	15:40:00	154.708	154.729	154.685	154.688	709	0	20
2025.11.13	15:50:00	154.689	154.7	154.629	154.637	847	0	20
2025.11.13	16:00:00	154.637	154.641	154.589	154.613	908	0	20
2025.11.13	16:10:00	154.613	154.666	154.61	154.611	765	0	20
2025.11.13	16:20:00	154.61	154.665	154.605	154.624	876	0	20
2025.11.13	16:30:00	154.625	154.628	154.424	154.452	1511	0	20
2025.11.13	16:40:00	154.451	154.486	154.379	154.413	1675	0	20
2025.11.13	16:50:00	154.414	154.476	154.383	154.385	1495	0	20
2025.11.13	17:00:00	154.387	154.475	154.352	154.47	1497	0	20
2025.11.13	17:10:00	154.469	154.521	154.424	154.507	1003	0	20
2025.11.13	17:20:00	154.508	154.529	154.398	154.403	1206	0	20
2025.11.13	17:30:00	154.403	154.403	154.263	154.275	1415	0	20
2025.11.13	17:40:00	154.273	154.285	154.174	154.195	1411	0	20
2025.11.13	17:50:00	154.194	154.239	154.117	154.191	1291	0	20
2025.11.13	18:00:00	154.191	154.289	154.149	154.286	1701	0	20
2025.11.13	18:10:00	154.285	154.344	154.247	154.332	1303	0	20
2025.11.13	18:20:00	154.331	154.38	154.284	154.327	1183	0	20
2025.11.13	18:30:00	154.327	154.367	154.288	154.294	1290	0	20
2025.11.13	18:40:00	154.295	154.326	154.245	154.32	1268	0	20
2025.11.13	18:50:00	154.318	154.425	154.307	154.388	1066	0	20
2025.11.13	19:00:00	154.387	154.461	154.341	154.349	1196	0	20
2025.11.13	19:10:00	154.349	154.38	154.316	154.319	1215	0	20
2025.11.13	19:20:00	154.321	154.34	154.236	154.248	1200	0	20
2025.11.13	19:30:00	154.247	154.309	154.241	154.294	786	0	20
2025.11.13	19:40:00	154.296	154.348	154.244	154.299	1005	0	20
2025.11.13	19:50:00	154.299	154.368	154.226	154.307	1277	0	20
2025.11.13	20:00:00	154.306	154.362	154.27	154.354	851	0	20
2025.11.13	20:10:00	154.354	154.395	154.304	154.305	840	0	20
2025.11.13	20:20:00	154.305	154.32	154.264	154.298	758	0	20
2025.11.13	20:30:00	154.297	154.358	154.285	154.336	776	0	20
2025.11.13	20:40:00	154.336	154.388	154.319	154.385	1000	0	20
2025.11.13	20:50:00	154.392	154.432	154.378	154.411	861	0	20
2025.11.13	21:00:00	154.412	154.435	154.366	154.39	497	0	20
2025.11.13	21:10:00	154.391	154.392	154.342	154.369	737	0	20
2025.11.13	21:20:00	154.369	154.465	154.363	154.461	969	0	20
2025.11.13	21:30:00	154.462	154.474	154.411	154.434	702	0	20
2025.11.13	21:40:00	154.433	154.436	154.4	154.427	747	0	20
2025.11.13	21:50:00	154.427	154.471	154.386	154.46	543	0	20
2025.11.13	22:00:00	154.461	154.509	154.449	154.486	1033	0	20
2025.11.13	22:10:00	154.487	154.516	154.468	154.504	800	0	20
2025.11.13	22:20:00	154.503	154.503	154.471	154.502	712	0	20
2025.11.13	22:30:00	154.502	154.515	154.469	154.499	935	0	20
2025.11.13	22:40:00	154.501	154.514	154.475	154.488	515	0	20
2025.11.13	22:50:00	154.491	154.531	154.474	154.531	738	0	21
2025.11.13	23:00:00	154.53	154.573	154.53	154.57	266	0	20
2025.11.13	23:10:00	154.57	154.576	154.551	154.553	205	0	21
2025.11.13	23:20:00	154.552	154.558	154.533	154.533	271	0	20
2025.11.13	23:30:00	154.533	154.545	154.48	154.503	172	0	22
2025.11.13	23:40:00	154.502	154.512	154.496	154.504	196	0	20
2025.11.13	23:50:00	154.505	154.538	154.467	154.533	728	0	22
2025.11.14	00:00:00	154.531	154.576	154.364	154.546	78	0	33
2025.11.14	00:10:00	154.548	154.568	154.406	154.492	96	0	32
2025.11.14	00:20:00	154.493	154.503	154.442	154.5	99	0	53
2025.11.14	00:30:00	154.5	154.509	154.494	154.507	267	0	43
2025.11.14	00:40:00	154.507	154.508	154.45	154.494	238	0	42
2025.11.14	00:50:00	154.494	154.511	154.483	154.502	418	0	39
2025.11.14	01:00:00	154.496	154.564	154.496	154.564	331	0	24
2025.11.14	01:10:00	154.559	154.603	154.554	154.591	311	0	20
2025.11.14	01:20:00	154.589	154.624	154.588	154.623	221	0	23
2025.11.14	01:30:00	154.625	154.674	154.612	154.614	531	0	20
2025.11.14	01:40:00	154.613	154.657	154.6	154.653	499	0	21
2025.11.14	01:50:00	154.654	154.666	154.612	154.62	518	0	20
2025.11.14	02:00:00	154.625	154.709	154.589	154.708	933	0	20
2025.11.14	02:10:00	154.708	154.734	154.589	154.601	854	0	20
2025.11.14	02:20:00	154.6	154.646	154.56	154.586	655	0	20
2025.11.14	02:30:00	154.584	154.656	154.583	154.634	655	0	20
2025.11.14	02:40:00	154.634	154.702	154.628	154.691	1045	0	20
2025.11.14	02:50:00	154.692	154.712	154.555	154.595	1318	0	20
2025.11.14	03:00:00	154.596	154.674	154.587	154.609	743	0	20
2025.11.14	03:10:00	154.609	154.639	154.518	154.538	789	0	20
2025.11.14	03:20:00	154.539	154.573	154.445	154.481	1079	0	20
2025.11.14	03:30:00	154.482	154.544	154.47	154.492	935	0	20
2025.11.14	03:40:00	154.485	154.504	154.444	154.465	726	0	20
2025.11.14	03:50:00	154.466	154.497	154.43	154.495	579	0	20
2025.11.14	04:00:00	154.494	154.565	154.481	154.555	563	0	20
2025.11.14	04:10:00	154.554	154.562	154.505	154.528	675	0	20
2025.11.14	04:20:00	154.527	154.563	154.514	154.53	594	0	20
2025.11.14	04:30:00	154.53	154.566	154.529	154.534	431	0	20
2025.11.14	04:40:00	154.536	154.553	154.45	154.475	377	0	20
2025.11.14	04:50:00	154.475	154.481	154.427	154.436	367	0	20
2025.11.14	05:00:00	154.436	154.437	154.386	154.414	496	0	20
2025.11.14	05:10:00	154.413	154.442	154.402	154.403	305	0	20
2025.11.14	05:20:00	154.402	154.439	154.388	154.414	317	0	21
2025.11.14	05:30:00	154.415	154.415	154.3	154.363	787	0	20
2025.11.14	05:40:00	154.363	154.455	154.325	154.449	744	0	20
2025.11.14	05:50:00	154.452	154.565	154.435	154.531	1194	0	20
2025.11.14	06:00:00	154.53	154.544	154.45	154.495	654	0	20
2025.11.14	06:10:00	154.495	154.529	154.453	154.518	415	0	20
2025.11.14	06:20:00	154.518	154.523	154.47	154.513	332	0	20
2025.11.14	06:30:00	154.514	154.565	154.51	154.518	325	0	20
2025.11.14	06:40:00	154.515	154.522	154.482	154.5	295	0	20
2025.11.14	06:50:00	154.499	154.516	154.411	154.412	311	0	20
2025.11.14	07:00:00	154.411	154.44	154.373	154.423	633	0	20
2025.11.14	07:10:00	154.422	154.427	154.358	154.39	649	0	20
2025.11.14	07:20:00	154.401	154.462	154.401	154.459	439	0	20
2025.11.14	07:30:00	154.459	154.472	154.407	154.435	316	0	20
2025.11.14	07:40:00	154.435	154.493	154.431	154.484	487	0	20
2025.11.14	07:50:00	154.483	154.494	154.436	154.471	535	0	20
2025.11.14	08:00:00	154.472	154.496	154.42	154.459	616	0	20
2025.11.14	08:10:00	154.459	154.506	154.445	154.499	620	0	20
2025.11.14	08:20:00	154.5	154.547	154.489	154.547	585	0	20
2025.11.14	08:30:00	154.547	154.558	154.429	154.468	540	0	20
2025.11.14	08:40:00	154.469	154.65	154.467	154.642	848	0	20
2025.11.14	08:50:00	154.645	154.646	154.585	154.586	657	0	20
2025.11.14	09:00:00	154.591	154.593	154.524	154.526	784	0	20
2025.11.14	09:10:00	154.526	154.535	154.443	154.493	557	0	20
2025.11.14	09:20:00	154.493	154.567	154.461	154.551	1175	0	20
2025.11.14	09:30:00	154.553	154.603	154.547	154.567	972	0	20
2025.11.14	09:40:00	154.567	154.597	154.545	154.556	827	0	20
2025.11.14	09:50:00	154.557	154.674	154.557	154.668	920	0	20
2025.11.14	10:00:00	154.669	154.725	154.638	154.657	1541	0	20
2025.11.14	10:10:00	154.658	154.664	154.573	154.584	958	0	20
2025.11.14	10:20:00	154.584	154.597	154.529	154.579	962	0	20
2025.11.14	10:30:00	154.579	154.629	154.547	154.621	819	0	20
2025.11.14	10:40:00	154.623	154.627	154.442	154.468	1688	0	20
2025.11.14	10:50:00	154.469	154.546	154.463	154.543	1196	0	20
2025.11.14	11:00:00	154.544	154.657	154.543	154.633	1282	0	20
2025.11.14	11:10:00	154.634	154.684	154.618	154.665	795	0	20
2025.11.14	11:20:00	154.667	154.673	154.615	154.628	627	0	20
2025.11.14	11:30:00	154.625	154.656	154.583	154.595	686	0	20
2025.11.14	11:40:00	154.596	154.643	154.581	154.632	785	0	20
2025.11.14	11:50:00	154.631	154.692	154.621	154.68	425	0	20
2025.11.14	12:00:00	154.683	154.694	154.653	154.68	601	0	20
2025.11.14	12:10:00	154.679	154.705	154.673	154.69	369	0	20
2025.11.14	12:20:00	154.689	154.72	154.678	154.717	465	0	20
2025.11.14	12:30:00	154.717	154.753	154.695	154.704	577	0	20
2025.11.14	12:40:00	154.705	154.709	154.659	154.686	481	0	20
2025.11.14	12:50:00	154.688	154.74	154.685	154.736	564	0	20
2025.11.14	13:00:00	154.736	154.737	154.698	154.714	593	0	20
2025.11.14	13:10:00	154.714	154.73	154.65	154.65	732	0	20
2025.11.14	13:20:00	154.651	154.672	154.623	154.66	684	0	20
2025.11.14	13:30:00	154.661	154.67	154.639	154.657	764	0	20
2025.11.14	13:40:00	154.657	154.704	154.646	154.702	761	0	20
2025.11.14	13:50:00	154.703	154.703	154.621	154.647	747	0	20
2025.11.14	14:00:00	154.646	154.652	154.522	154.532	828	0	20
2025.11.14	14:10:00	154.533	154.557	154.399	154.405	1182	0	20
2025.11.14	14:20:00	154.404	154.404	154.251	154.294	1725	0	20
2025.11.14	14:30:00	154.296	154.307	154.095	154.099	1592	0	20
2025.11.14	14:40:00	154.102	154.135	153.996	154.123	1734	0	20
2025.11.14	14:50:00	154.122	154.141	153.797	153.798	1860	0	20
2025.11.14	15:00:00	153.798	153.964	153.722	153.857	1902	0	20
2025.11.14	15:10:00	153.858	153.888	153.742	153.742	1781	0	20
2025.11.14	15:20:00	153.742	153.808	153.606	153.794	1520	0	20
2025.11.14	15:30:00	153.793	153.842	153.672	153.707	1910	0	20
2025.11.14	15:40:00	153.703	153.983	153.686	153.977	2124	0	20
2025.11.14	15:50:00	153.979	154.134	153.956	154.075	1873	0	20
2025.11.14	16:00:00	154.075	154.234	154.054	154.169	1828	0	20
2025.11.14	16:10:00	154.168	154.178	154.071	154.103	1336	0	20
2025.11.14	16:20:00	154.1	154.189	154.078	154.094	1567	0	20
2025.11.14	16:30:00	154.094	154.197	153.972	154.106	2527	0	20
2025.11.14	16:40:00	154.1	154.29	154.075	154.241	2628	0	20
2025.11.14	16:50:00	154.243	154.337	154.208	154.333	2010	0	20
2025.11.14	17:00:00	154.333	154.405	154.263	154.359	2144	0	20
2025.11.14	17:10:00	154.358	154.379	154.226	154.334	1808	0	20
2025.11.14	17:20:00	154.329	154.395	154.3	154.381	1661	0	20
2025.11.14	17:30:00	154.383	154.441	154.31	154.406	1274	0	20
2025.11.14	17:40:00	154.405	154.486	154.394	154.422	1398	0	20
2025.11.14	17:50:00	154.422	154.479	154.397	154.417	1671	0	20
2025.11.14	18:00:00	154.418	154.429	154.342	154.391	1311	0	20
2025.11.14	18:10:00	154.392	154.468	154.378	154.458	920	0	20
2025.11.14	18:20:00	154.456	154.564	154.43	154.535	987	0	20
2025.11.14	18:30:00	154.536	154.582	154.505	154.566	990	0	20
2025.11.14	18:40:00	154.567	154.601	154.514	154.571	1000	0	20
2025.11.14	18:50:00	154.571	154.655	154.571	154.631	808	0	20
2025.11.14	19:00:00	154.631	154.702	154.606	154.692	1077	0	20
2025.11.14	19:10:00	154.693	154.735	154.675	154.704	807	0	20
2025.11.14	19:20:00	154.705	154.731	154.641	154.672	783	0	20
2025.11.14	19:30:00	154.673	154.717	154.655	154.693	729	0	20
2025.11.14	19:40:00	154.695	154.716	154.645	154.666	754	0	20
2025.11.14	19:50:00	154.666	154.679	154.623	154.631	791	0	20
2025.11.14	20:00:00	154.63	154.63	154.547	154.6	781	0	20
2025.11.14	20:10:00	154.597	154.652	154.596	154.629	523	0	20
2025.11.14	20:20:00	154.63	154.637	154.598	154.621	430	0	20
2025.11.14	20:30:00	154.619	154.631	154.581	154.59	600	0	20
2025.11.14	20:40:00	154.591	154.596	154.546	154.567	701	0	20
2025.11.14	20:50:00	154.567	154.596	154.557	154.569	713	0	20
2025.11.14	21:00:00	154.568	154.574	154.516	154.538	606	0	20
2025.11.14	21:10:00	154.538	154.556	154.517	154.54	565	0	20
2025.11.14	21:20:00	154.537	154.56	154.529	154.539	498	0	20
2025.11.14	21:30:00	154.538	154.546	154.516	154.544	541	0	21
2025.11.14	21:40:00	154.545	154.551	154.526	154.529	405	0	22
2025.11.14	21:50:00	154.529	154.554	154.525	154.549	468	0	20
2025.11.14	22:00:00	154.55	154.56	154.502	154.507	440	0	20
2025.11.14	22:10:00	154.508	154.53	154.495	154.515	345	0	20
2025.11.14	22:20:00	154.515	154.529	154.507	154.515	306	0	21
2025.11.14	22:30:00	154.514	154.551	154.503	154.528	421	0	20
2025.11.14	22:40:00	154.526	154.53	154.494	154.5	346	0	20
2025.11.14	22:50:00	154.5	154.521	154.49	154.521	343	0	20
2025.11.14	23:00:00	154.519	154.526	154.505	154.517	142	0	21
2025.11.14	23:10:00	154.516	154.556	154.515	154.544	162	0	20
2025.11.14	23:20:00	154.544	154.562	154.534	154.557	179	0	21
2025.11.14	23:30:00	154.558	154.588	154.553	154.568	196	0	20
2025.11.14	23:40:00	154.568	154.568	154.524	154.534	353	0	20
2025.11.14	23:50:00	154.533	154.537	154.491	154.524	657	0	26
2025.11.17	00:00:00	154.5	154.5	154.47	154.471	19	0	208
2025.11.17	00:10:00	154.498	154.52	154.489	154.52	53	0	134
2025.11.17	00:20:00	154.521	154.543	154.519	154.536	212	0	64
2025.11.17	00:30:00	154.535	154.544	154.51	154.539	116	0	52
2025.11.17	00:40:00	154.537	154.544	154.49	154.495	113	0	50
2025.11.17	00:50:00	154.496	154.516	154.485	154.512	220	0	43
2025.11.17	01:00:00	154.499	154.518	154.432	154.473	701	0	20
2025.11.17	01:10:00	154.473	154.525	154.46	154.511	475	0	21
2025.11.17	01:20:00	154.512	154.576	154.512	154.561	505	0	20
2025.11.17	01:30:00	154.56	154.594	154.519	154.583	546	0	20
2025.11.17	01:40:00	154.584	154.598	154.543	154.558	379	0	20
2025.11.17	01:50:00	154.557	154.625	154.531	154.581	518	0	21
2025.11.17	02:00:00	154.58	154.633	154.521	154.538	1243	0	20
2025.11.17	02:10:00	154.537	154.562	154.465	154.48	959	0	20
2025.11.17	02:20:00	154.48	154.53	154.405	154.524	893	0	20
2025.11.17	02:30:00	154.521	154.612	154.514	154.572	957	0	20
2025.11.17	02:40:00	154.572	154.606	154.541	154.58	726	0	20
2025.11.17	02:50:00	154.58	154.649	154.55	154.627	1278	0	20
2025.11.17	03:00:00	154.628	154.644	154.537	154.571	1128	0	20
2025.11.17	03:10:00	154.572	154.641	154.541	154.594	775	0	20
2025.11.17	03:20:00	154.605	154.624	154.564	154.594	499	0	20
2025.11.17	03:30:00	154.595	154.605	154.536	154.536	611	0	20
2025.11.17	03:40:00	154.535	154.568	154.5	154.539	459	0	20
2025.11.17	03:50:00	154.544	154.589	154.524	154.565	409	0	20
2025.11.17	04:00:00	154.565	154.622	154.561	154.59	604	0	20
2025.11.17	04:10:00	154.593	154.643	154.586	154.629	509	0	20
2025.11.17	04:20:00	154.629	154.658	154.588	154.59	525	0	20
2025.11.17	04:30:00	154.589	154.637	154.588	154.633	309	0	21
2025.11.17	04:40:00	154.632	154.684	154.629	154.63	452	0	20
2025.11.17	04:50:00	154.63	154.7	154.627	154.681	432	0	20
2025.11.17	05:00:00	154.692	154.764	154.691	154.755	655	0	20
2025.11.17	05:10:00	154.754	154.778	154.733	154.751	426	0	20
2025.11.17	05:20:00	154.75	154.758	154.709	154.715	380	0	20
2025.11.17	05:30:00	154.716	154.727	154.677	154.688	365	0	20
2025.11.17	05:40:00	154.688	154.75	154.688	154.736	289	0	20
2025.11.17	05:50:00	154.737	154.749	154.697	154.704	335	0	20
2025.11.17	06:00:00	154.706	154.721	154.655	154.663	320	0	20
2025.11.17	06:10:00	154.663	154.682	154.653	154.653	215	0	20
2025.11.17	06:20:00	154.654	154.658	154.627	154.629	321	0	20
2025.11.17	06:30:00	154.629	154.647	154.599	154.625	315	0	21
2025.11.17	06:40:00	154.626	154.662	154.625	154.625	217	0	21
2025.11.17	06:50:00	154.626	154.654	154.62	154.62	246	0	20
2025.11.17	07:00:00	154.619	154.647	154.601	154.61	412	0	20
2025.11.17	07:10:00	154.607	154.623	154.596	154.616	279	0	20
2025.11.17	07:20:00	154.615	154.632	154.582	154.63	270	0	20
2025.11.17	07:30:00	154.631	154.633	154.581	154.598	280	0	20
2025.11.17	07:40:00	154.6	154.66	154.586	154.635	274	0	20
2025.11.17	07:50:00	154.635	154.707	154.633	154.678	331	0	20
2025.11.17	08:00:00	154.678	154.783	154.673	154.778	596	0	20
2025.11.17	08:10:00	154.778	154.802	154.746	154.776	667	0	20
2025.11.17	08:20:00	154.776	154.791	154.713	154.719	564	0	20
2025.11.17	08:30:00	154.723	154.728	154.656	154.686	612	0	20
2025.11.17	08:40:00	154.687	154.702	154.66	154.665	347	0	20
2025.11.17	08:50:00	154.664	154.669	154.629	154.668	347	0	20
2025.11.17	09:00:00	154.669	154.71	154.635	154.708	571	0	20
2025.11.17	09:10:00	154.707	154.745	154.706	154.729	322	0	20
2025.11.17	09:20:00	154.728	154.782	154.717	154.719	716	0	20
2025.11.17	09:30:00	154.72	154.758	154.665	154.689	629	0	20
2025.11.17	09:40:00	154.692	154.704	154.64	154.696	481	0	20
2025.11.17	09:50:00	154.697	154.723	154.674	154.68	568	0	20
2025.11.17	10:00:00	154.681	154.73	154.617	154.619	1230	0	20
2025.11.17	10:10:00	154.62	154.728	154.615	154.705	799	0	20
2025.11.17	10:20:00	154.704	154.75	154.685	154.711	736	0	20
2025.11.17	10:30:00	154.712	154.821	154.708	154.759	1028	0	20
2025.11.17	10:40:00	154.757	154.781	154.701	154.734	687	0	20
2025.11.17	10:50:00	154.736	154.748	154.653	154.702	607	0	20
2025.11.17	11:00:00	154.701	154.725	154.687	154.692	657	0	20
2025.11.17	11:10:00	154.7	154.732	154.698	154.715	647	0	20
2025.11.17	11:20:00	154.714	154.73	154.693	154.716	574	0	20
2025.11.17	11:30:00	154.717	154.729	154.645	154.693	569	0	20
2025.11.17	11:40:00	154.693	154.766	154.685	154.759	413	0	20
2025.11.17	11:50:00	154.762	154.777	154.732	154.743	594	0	20
2025.11.17	12:00:00	154.744	154.759	154.72	154.733	376	0	20
2025.11.17	12:10:00	154.733	154.758	154.701	154.712	339	0	20
2025.11.17	12:20:00	154.711	154.746	154.684	154.721	459	0	20
2025.11.17	12:30:00	154.722	154.769	154.719	154.735	494	0	20
2025.11.17	12:40:00	154.736	154.795	154.733	154.762	387	0	20
2025.11.17	12:50:00	154.762	154.833	154.761	154.832	626	0	20
2025.11.17	13:00:00	154.826	154.854	154.803	154.843	543	0	20
2025.11.17	13:10:00	154.844	154.861	154.813	154.835	223	0	20
2025.11.17	13:20:00	154.835	154.839	154.809	154.813	147	0	20
2025.11.17	13:30:00	154.814	154.837	154.801	154.818	334	0	20
2025.11.17	13:40:00	154.817	154.819	154.775	154.784	309	0	20
2025.11.17	13:50:00	154.785	154.799	154.758	154.784	422	0	20
2025.11.17	14:00:00	154.785	154.81	154.753	154.772	400	0	20
2025.11.17	14:10:00	154.771	154.787	154.761	154.775	272	0	20
2025.11.17	14:20:00	154.776	154.778	154.738	154.739	280	0	20
2025.11.17	14:30:00	154.738	154.784	154.727	154.777	269	0	20
2025.11.17	14:40:00	154.777	154.811	154.747	154.808	390	0	20
2025.11.17	14:50:00	154.808	154.862	154.804	154.837	451	0	20
2025.11.17	15:00:00	154.836	154.885	154.828	154.885	571	0	20
2025.11.17	15:10:00	154.885	154.907	154.839	154.855	562	0	20
2025.11.17	15:20:00	154.853	154.875	154.833	154.854	424	0	20
2025.11.17	15:30:00	154.855	154.892	154.835	154.868	661	0	20
2025.11.17	15:40:00	154.869	154.886	154.828	154.876	431	0	20
2025.11.17	15:50:00	154.876	154.883	154.851	154.88	491	0	20
2025.11.17	16:00:00	154.878	154.899	154.855	154.891	502	0	20
2025.11.17	16:10:00	154.891	154.903	154.865	154.902	373	0	20
2025.11.17	16:20:00	154.902	154.92	154.894	154.912	385	0	20
2025.11.17	16:30:00	154.913	154.972	154.89	154.963	921	0	20
2025.11.17	16:40:00	154.963	154.986	154.947	154.984	742	0	20
2025.11.17	16:50:00	154.985	155.023	154.878	155.023	1454	0	20
2025.11.17	17:00:00	155.023	155.194	154.994	155.181	1801	0	20
2025.11.17	17:10:00	155.185	155.288	155.18	155.188	1284	0	20
2025.11.17	17:20:00	155.19	155.239	155.136	155.217	939	0	20
2025.11.17	17:30:00	155.218	155.285	155.208	155.226	926	0	20
2025.11.17	17:40:00	155.225	155.294	155.215	155.26	1052	0	20
2025.11.17	17:50:00	155.262	155.291	155.176	155.187	1094	0	20
2025.11.17	18:00:00	155.186	155.192	155.122	155.132	743	0	20
2025.11.17	18:10:00	155.132	155.136	155.059	155.06	687	0	20
2025.11.17	18:20:00	155.059	155.135	155.048	155.133	512	0	20
2025.11.17	18:30:00	155.132	155.181	155.124	155.175	773	0	20
2025.11.17	18:40:00	155.176	155.193	155.156	155.177	526	0	20
2025.11.17	18:50:00	155.178	155.195	155.162	155.192	428	0	20
2025.11.17	19:00:00	155.192	155.219	155.175	155.215	398	0	20
2025.11.17	19:10:00	155.214	155.219	155.144	155.148	335	0	20
2025.11.17	19:20:00	155.15	155.178	155.132	155.167	435	0	20
2025.11.17	19:30:00	155.166	155.211	155.163	155.194	651	0	20
2025.11.17	19:40:00	155.194	155.199	155.151	155.19	534	0	20
2025.11.17	19:50:00	155.189	155.202	155.139	155.148	628	0	20
2025.11.17	20:00:00	155.148	155.167	155.126	155.143	488	0	20
2025.11.17	20:10:00	155.143	155.191	155.142	155.168	552	0	20
2025.11.17	20:20:00	155.169	155.189	155.165	155.173	254	0	20
2025.11.17	20:30:00	155.172	155.197	155.166	155.179	343	0	20
2025.11.17	20:40:00	155.179	155.185	155.157	155.164	545	0	20
2025.11.17	20:50:00	155.165	155.165	155.117	155.131	286	0	20
2025.11.17	21:00:00	155.132	155.134	155.095	155.121	364	0	20
2025.11.17	21:10:00	155.121	155.136	155.111	155.119	208	0	20
2025.11.17	21:20:00	155.119	155.121	155.06	155.076	437	0	20
2025.11.17	21:30:00	155.075	155.171	155.072	155.155	670	0	20
2025.11.17	21:40:00	155.151	155.2	155.117	155.198	710	0	20
2025.11.17	21:50:00	155.198	155.244	155.19	155.236	1102	0	20
2025.11.17	22:00:00	155.237	155.25	155.175	155.175	561	0	20
2025.11.17	22:10:00	155.175	155.203	155.156	155.184	558	0	20
2025.11.17	22:20:00	155.185	155.225	155.18	155.19	300	0	20
2025.11.17	22:30:00	155.19	155.215	155.165	155.185	571	0	20
2025.11.17	22:40:00	155.186	155.214	155.177	155.21	372	0	20
2025.11.17	22:50:00	155.212	155.241	155.185	155.214	770	0	20
2025.11.17	23:00:00	155.219	155.238	155.208	155.221	451	0	20
2025.11.17	23:10:00	155.22	155.229	155.214	155.224	237	0	20
2025.11.17	23:20:00	155.225	155.232	155.209	155.221	186	0	20
2025.11.17	23:30:00	155.22	155.226	155.206	155.224	151	0	21
2025.11.17	23:40:00	155.224	155.227	155.207	155.226	129	0	20
2025.11.17	23:50:00	155.226	155.245	155.206	155.217	332	0	22
2025.11.18	00:00:00	155.216	155.222	155.136	155.222	42	0	58
2025.11.18	00:10:00	155.222	155.227	155.207	155.217	12	0	40
2025.11.18	00:20:00	155.216	155.216	155.198	155.201	31	0	41
2025.11.18	00:30:00	155.2	155.213	155.199	155.206	91	0	40
2025.11.18	00:40:00	155.207	155.207	155.197	155.197	102	0	40
2025.11.18	00:50:00	155.197	155.202	155.171	155.176	216	0	22
2025.11.18	01:00:00	155.186	155.266	155.175	155.201	302	0	20
2025.11.18	01:10:00	155.202	155.209	155.167	155.189	234	0	23
2025.11.18	01:20:00	155.19	155.218	155.183	155.208	229	0	22
2025.11.18	01:30:00	155.212	155.227	155.187	155.224	161	0	23
2025.11.18	01:40:00	155.225	155.276	155.223	155.272	523	0	20
2025.11.18	01:50:00	155.272	155.278	155.223	155.269	344	0	21
2025.11.18	02:00:00	155.269	155.368	155.244	155.286	997	0	20
2025.11.18	02:10:00	155.285	155.309	155.168	155.214	1017	0	20
2025.11.18	02:20:00	155.214	155.254	155.188	155.214	428	0	20
2025.11.18	02:30:00	155.214	155.241	155.174	155.202	667	0	20
2025.11.18	02:40:00	155.202	155.239	155.185	155.226	914	0	20
2025.11.18	02:50:00	155.226	155.318	155.222	155.249	1345	0	20
2025.11.18	03:00:00	155.25	155.302	155.204	155.258	1001	0	20
2025.11.18	03:10:00	155.258	155.352	155.256	155.317	976	0	20
2025.11.18	03:20:00	155.316	155.317	155.201	155.221	858	0	20
2025.11.18	03:30:00	155.22	155.249	155.135	155.155	720	0	20
2025.11.18	03:40:00	155.153	155.19	155.141	155.166	506	0	20
2025.11.18	03:50:00	155.165	155.207	155.161	155.19	553	0	20
2025.11.18	04:00:00	155.191	155.256	155.182	155.251	564	0	21
2025.11.18	04:10:00	155.252	155.275	155.197	155.199	419	0	20
2025.11.18	04:20:00	155.198	155.211	155.16	155.178	565	0	20
2025.11.18	04:30:00	155.177	155.195	155.163	155.176	725	0	20
2025.11.18	04:40:00	155.176	155.236	155.17	155.229	421	0	20
2025.11.18	04:50:00	155.229	155.255	155.175	155.177	691	0	20
2025.11.18	05:00:00	155.177	155.178	155.101	155.14	740	0	20
2025.11.18	05:10:00	155.141	155.178	155.13	155.164	585	0	20
2025.11.18	05:20:00	155.165	155.187	155.15	155.162	461	0	20
2025.11.18	05:30:00	155.163	155.186	155.141	155.177	750	0	20
2025.11.18	05:40:00	155.177	155.179	155.147	155.167	615	0	20
2025.11.18	05:50:00	155.167	155.19	155.154	155.166	478	0	20
2025.11.18	06:00:00	155.166	155.181	155.151	155.166	493	0	20
2025.11.18	06:10:00	155.165	155.166	154.968	154.984	1313	0	20
2025.11.18	06:20:00	154.986	155.001	154.805	154.867	2043	0	20
2025.11.18	06:30:00	154.866	154.931	154.835	154.93	1083	0	20
2025.11.18	06:40:00	154.93	154.967	154.916	154.962	900	0	20
2025.11.18	06:50:00	154.963	155.096	154.949	155.042	1165	0	20
2025.11.18	07:00:00	155.041	155.059	154.984	155.024	814	0	20
2025.11.18	07:10:00	155.024	155.086	155.022	155.063	589	0	20
2025.11.18	07:20:00	155.07	155.091	155.038	155.053	528	0	20
2025.11.18	07:30:00	155.054	155.057	155.017	155.021	523	0	20
2025.11.18	07:40:00	155.021	155.069	155.0	155.056	563	0	20
2025.11.18	07:50:00	155.058	155.093	155.019	155.073	692	0	20
2025.11.18	08:00:00	155.075	155.181	155.075	155.121	854	0	20
2025.11.18	08:10:00	155.121	155.158	155.101	155.131	414	0	20
2025.11.18	08:20:00	155.131	155.131	155.054	155.073	719	0	20
2025.11.18	08:30:00	155.072	155.072	154.859	154.944	1288	0	20
2025.11.18	08:40:00	154.944	155.046	154.943	155.046	1131	0	20
2025.11.18	08:50:00	155.046	155.207	155.022	155.167	1004	0	20
2025.11.18	09:00:00	155.169	155.205	155.005	155.031	2028	0	20
2025.11.18	09:10:00	155.032	155.083	154.873	154.876	1532	0	20
2025.11.18	09:20:00	154.875	155.01	154.862	154.972	1533	0	20
2025.11.18	09:30:00	154.972	155.08	154.94	155.004	1544	0	20
2025.11.18	09:40:00	155.005	155.06	154.982	154.991	1176	0	20
2025.11.18	09:50:00	154.99	155.027	154.94	154.987	1242	0	20
2025.11.18	10:00:00	154.988	155.07	154.933	154.987	1856	0	20
2025.11.18	10:10:00	154.987	154.992	154.9	154.955	1155	0	20
2025.11.18	10:20:00	154.956	155.032	154.934	155.029	1032	0	20
2025.11.18	10:30:00	155.029	155.19	155.014	155.171	1117	0	20
2025.11.18	10:40:00	155.17	155.209	155.133	155.138	879	0	20
2025.11.18	10:50:00	155.139	155.139	155.073	155.12	768	0	20
2025.11.18	11:00:00	155.125	155.166	155.073	155.153	1201	0	20
2025.11.18	11:10:00	155.153	155.242	155.121	155.209	904	0	20
2025.11.18	11:20:00	155.209	155.213	155.18	155.201	726	0	20
2025.11.18	11:30:00	155.2	155.234	155.159	155.186	704	0	20
2025.11.18	11:40:00	155.185	155.213	155.161	155.212	664	0	20
2025.11.18	11:50:00	155.213	155.256	155.209	155.223	711	0	20
2025.11.18	12:00:00	155.224	155.256	155.195	155.209	823	0	20
2025.11.18	12:10:00	155.209	155.246	155.2	155.239	582	0	20
2025.11.18	12:20:00	155.236	155.273	155.222	155.272	603	0	20
2025.11.18	12:30:00	155.271	155.309	155.271	155.295	751	0	20
2025.11.18	12:40:00	155.296	155.385	155.295	155.354	582	0	20
2025.11.18	12:50:00	155.355	155.414	155.346	155.412	805	0	20
2025.11.18	13:00:00	155.413	155.413	155.36	155.405	565	0	20
2025.11.18	13:10:00	155.404	155.413	155.351	155.387	597	0	20
2025.11.18	13:20:00	155.387	155.416	155.385	155.4	505	0	20
2025.11.18	13:30:00	155.401	155.406	155.35	155.374	428	0	20
2025.11.18	13:40:00	155.376	155.431	155.376	155.415	573	0	20
2025.11.18	13:50:00	155.415	155.43	155.393	155.416	876	0	20
2025.11.18	14:00:00	155.415	155.429	155.292	155.33	1008	0	20
2025.11.18	14:10:00	155.331	155.362	155.288	155.355	867	0	20
2025.11.18	14:20:00	155.356	155.364	155.303	155.34	652	0	20
2025.11.18	14:30:00	155.341	155.359	155.287	155.292	745	0	20
2025.11.18	14:40:00	155.294	155.304	155.246	155.26	957	0	20
2025.11.18	14:50:00	155.26	155.26	155.165	155.17	1000	0	20
2025.11.18	15:00:00	155.17	155.247	155.138	155.247	1306	0	20
2025.11.18	15:10:00	155.246	155.253	155.173	155.188	987	0	20
2025.11.18	15:20:00	155.188	155.191	155.081	155.12	1267	0	20
2025.11.18	15:30:00	155.12	155.221	155.052	155.083	1848	0	20
2025.11.18	15:40:00	155.082	155.165	155.066	155.15	1060	0	20
2025.11.18	15:50:00	155.151	155.19	155.11	155.16	1178	0	20
2025.11.18	16:00:00	155.159	155.218	155.131	155.218	967	0	20
2025.11.18	16:10:00	155.216	155.283	155.163	155.251	886	0	20
2025.11.18	16:20:00	155.251	155.287	155.219	155.268	1082	0	20
2025.11.18	16:30:00	155.266	155.372	155.255	155.313	2120	0	20
2025.11.18	16:40:00	155.31	155.351	155.289	155.32	1805	0	20
2025.11.18	16:50:00	155.319	155.336	155.22	155.22	1612	0	20
2025.11.18	17:00:00	155.219	155.242	155.041	155.14	2346	0	20
2025.11.18	17:10:00	155.139	155.163	155.059	155.123	1847	0	20
2025.11.18	17:20:00	155.12	155.234	155.109	155.125	2235	0	20
2025.11.18	17:30:00	155.124	155.151	155.063	155.088	2064	0	20
2025.11.18	17:40:00	155.087	155.13	155.06	155.092	1549	0	20
2025.11.18	17:50:00	155.092	155.274	155.068	155.264	1770	0	20
2025.11.18	18:00:00	155.263	155.383	155.248	155.366	1565	0	20
2025.11.18	18:10:00	155.365	155.422	155.313	155.382	1569	0	20
2025.11.18	18:20:00	155.381	155.476	155.372	155.475	1355	0	20
2025.11.18	18:30:00	155.476	155.489	155.452	155.472	1497	0	20
2025.11.18	18:40:00	155.472	155.496	155.408	155.412	1402	0	20
2025.11.18	18:50:00	155.417	155.461	155.404	155.433	1323	0	20
2025.11.18	19:00:00	155.433	155.476	155.418	155.476	944	0	20
2025.11.18	19:10:00	155.476	155.573	155.476	155.566	1183	0	20
2025.11.18	19:20:00	155.567	155.594	155.524	155.539	1140	0	20
2025.11.18	19:30:00	155.543	155.576	155.508	155.57	1100	0	20
2025.11.18	19:40:00	155.569	155.63	155.569	155.625	1024	0	20
2025.11.18	19:50:00	155.625	155.685	155.61	155.682	897	0	20
2025.11.18	20:00:00	155.682	155.722	155.652	155.692	1144	0	20
2025.11.18	20:10:00	155.697	155.723	155.632	155.664	1037	0	20
2025.11.18	20:20:00	155.664	155.666	155.619	155.63	1169	0	20
2025.11.18	20:30:00	155.63	155.661	155.596	155.622	1018	0	20
2025.11.18	20:40:00	155.622	155.656	155.55	155.583	865	0	20
2025.11.18	20:50:00	155.581	155.602	155.575	155.587	868	0	20
2025.11.18	21:00:00	155.586	155.627	155.558	155.574	702	0	20
2025.11.18	21:10:00	155.574	155.576	155.521	155.547	713	0	20
2025.11.18	21:20:00	155.546	155.55	155.505	155.513	585	0	20
2025.11.18	21:30:00	155.514	155.563	155.508	155.559	839	0	20
2025.11.18	21:40:00	155.56	155.573	155.537	155.56	906	0	20
2025.11.18	21:50:00	155.559	155.56	155.488	155.513	929	0	20
2025.11.18	22:00:00	155.513	155.525	155.488	155.491	554	0	20
2025.11.18	22:10:00	155.491	155.513	155.468	155.509	570	0	20
2025.11.18	22:20:00	155.509	155.527	155.491	155.525	526	0	20
2025.11.18	22:30:00	155.525	155.542	155.517	155.521	446	0	20
2025.11.18	22:40:00	155.521	155.54	155.505	155.512	302	0	20
2025.11.18	22:50:00	155.511	155.551	155.511	155.518	448	0	20
2025.11.18	23:00:00	155.517	155.528	155.508	155.512	333	0	20
2025.11.18	23:10:00	155.515	155.524	155.486	155.5	306	0	20
2025.11.18	23:20:00	155.501	155.514	155.483	155.506	435	0	20
2025.11.18	23:30:00	155.505	155.517	155.5	155.513	324	0	22
2025.11.18	23:40:00	155.513	155.539	155.501	155.536	364	0	20
2025.11.18	23:50:00	155.536	155.537	155.476	155.478	525	0	22
2025.11.19	00:00:00	155.481	155.49	155.424	155.462	47	0	55
2025.11.19	00:10:00	155.462	155.466	155.446	155.451	44	0	38
2025.11.19	00:20:00	155.451	155.485	155.41	155.432	63	0	39
2025.11.19	00:30:00	155.434	155.469	155.434	155.465	119	0	40
2025.11.19	00:40:00	155.465	155.482	155.459	155.47	165	0	38
2025.11.19	00:50:00	155.476	155.532	155.47	155.503	119	0	28
2025.11.19	01:00:00	155.494	155.528	155.483	155.506	274	0	24
2025.11.19	01:10:00	155.507	155.533	155.506	155.529	322	0	20
2025.11.19	01:20:00	155.53	155.536	155.508	155.508	327	0	21
2025.11.19	01:30:00	155.508	155.536	155.504	155.524	209	0	22
2025.11.19	01:40:00	155.522	155.581	155.522	155.543	386	0	20
2025.11.19	01:50:00	155.542	155.558	155.518	155.522	538	0	22
2025.11.19	02:00:00	155.521	155.57	155.43	155.449	1164	0	20
2025.11.19	02:10:00	155.45	155.489	155.404	155.429	1106	0	20
2025.11.19	02:20:00	155.429	155.441	155.385	155.412	930	0	20
2025.11.19	02:30:00	155.411	155.463	155.411	155.448	914	0	20
2025.11.19	02:40:00	155.447	155.447	155.374	155.388	800	0	20
2025.11.19	02:50:00	155.387	155.477	155.363	155.463	1634	0	20
2025.11.19	03:00:00	155.463	155.505	155.421	155.451	1554	0	20
2025.11.19	03:10:00	155.45	155.475	155.428	155.437	1081	0	20
2025.11.19	03:20:00	155.437	155.529	155.436	155.484	1037	0	20
2025.11.19	03:30:00	155.483	155.493	155.422	155.451	868	0	20
2025.11.19	03:40:00	155.452	155.472	155.436	155.471	659	0	20
2025.11.19	03:50:00	155.472	155.501	155.46	155.487	1043	0	20
2025.11.19	04:00:00	155.486	155.538	155.481	155.506	895	0	20
2025.11.19	04:10:00	155.506	155.544	155.371	155.377	1200	0	20
2025.11.19	04:20:00	155.377	155.425	155.35	155.386	873	0	20
2025.11.19	04:30:00	155.386	155.401	155.352	155.365	738	0	20
2025.11.19	04:40:00	155.366	155.375	155.315	155.353	602	0	20
2025.11.19	04:50:00	155.353	155.359	155.316	155.343	526	0	20
2025.11.19	05:00:00	155.342	155.342	155.284	155.302	726	0	20
2025.11.19	05:10:00	155.301	155.317	155.242	155.255	753	0	20
2025.11.19	05:20:00	155.256	155.37	155.252	155.282	1011	0	20
2025.11.19	05:30:00	155.281	155.335	155.278	155.303	834	0	20
2025.11.19	05:40:00	155.302	155.307	155.203	155.22	892	0	20
2025.11.19	05:50:00	155.219	155.289	155.212	155.284	680	0	20
2025.11.19	06:00:00	155.283	155.359	155.283	155.351	658	0	20
2025.11.19	06:10:00	155.35	155.449	155.338	155.41	905	0	20
2025.11.19	06:20:00	155.409	155.457	155.402	155.446	722	0	20
2025.11.19	06:30:00	155.453	155.454	155.408	155.414	817	0	20
2025.11.19	06:40:00	155.413	155.415	155.359	155.365	822	0	20
2025.11.19	06:50:00	155.364	155.375	155.305	155.311	654	0	20
2025.11.19	07:00:00	155.311	155.339	155.276	155.329	825	0	20
2025.11.19	07:10:00	155.33	155.348	155.311	155.327	668	0	20
2025.11.19	07:20:00	155.328	155.372	155.325	155.351	623	0	20
2025.11.19	07:30:00	155.351	155.351	155.315	155.326	641	0	20
2025.11.19	07:40:00	155.326	155.33	155.251	155.29	798	0	20
2025.11.19	07:50:00	155.291	155.362	155.289	155.358	1240	0	20
2025.11.19	08:00:00	155.358	155.391	155.327	155.33	640	0	20
2025.11.19	08:10:00	155.33	155.413	155.33	155.38	685	0	20
2025.11.19	08:20:00	155.38	155.382	155.317	155.338	474	0	20
2025.11.19	08:30:00	155.34	155.367	155.315	155.334	625	0	20
2025.11.19	08:40:00	155.333	155.383	155.329	155.352	620	0	20
2025.11.19	08:50:00	155.353	155.449	155.347	155.438	699	0	20
2025.11.19	09:00:00	155.439	155.509	155.439	155.509	941	0	20
2025.11.19	09:10:00	155.509	155.517	155.462	155.473	545	0	20
2025.11.19	09:20:00	155.472	155.507	155.427	155.444	586	0	20
2025.11.19	09:30:00	155.445	155.458	155.397	155.435	785	0	20
2025.11.19	09:40:00	155.434	155.467	155.408	155.455	557	0	20
2025.11.19	09:50:00	155.456	155.521	155.42	155.507	1178	0	20
2025.11.19	10:00:00	155.508	155.522	155.47	155.491	973	0	20
2025.11.19	10:10:00	155.491	155.549	155.491	155.548	656	0	20
2025.11.19	10:20:00	155.549	155.663	155.549	155.65	974	0	20
2025.11.19	10:30:00	155.65	155.668	155.61	155.615	775	0	20
2025.11.19	10:40:00	155.615	155.642	155.55	155.565	844	0	20
2025.11.19	10:50:00	155.565	155.643	155.552	155.626	810	0	20
2025.11.19	11:00:00	155.627	155.653	155.55	155.556	839	0	20
2025.11.19	11:10:00	155.555	155.616	155.545	155.602	497	0	20
2025.11.19	11:20:00	155.602	155.641	155.6	155.63	623	0	20
2025.11.19	11:30:00	155.631	155.826	155.546	155.784	1242	0	20
2025.11.19	11:40:00	155.783	155.939	155.754	155.928	1626	0	20
2025.11.19	11:50:00	155.929	155.956	155.87	155.943	1083	0	20
2025.11.19	12:00:00	155.942	155.98	155.925	155.969	1028	0	20
2025.11.19	12:10:00	155.968	155.984	155.951	155.977	755	0	20
2025.11.19	12:20:00	155.976	155.988	155.94	155.985	583	0	20
2025.11.19	12:30:00	155.986	156.096	155.963	156.096	1117	0	20
2025.11.19	12:40:00	156.1	156.194	156.093	156.172	1047	0	21
2025.11.19	12:50:00	156.171	156.241	156.171	156.232	1100	0	21
2025.11.19	13:00:00	156.232	156.285	156.222	156.229	953	0	21
2025.11.19	13:10:00	156.231	156.235	156.14	156.158	975	0	21
2025.11.19	13:20:00	156.158	156.222	156.158	156.166	679	0	21
2025.11.19	13:30:00	156.167	156.174	156.129	156.164	753	0	21
2025.11.19	13:40:00	156.166	156.167	156.1	156.121	554	0	21
2025.11.19	13:50:00	156.12	156.157	156.072	156.095	720	0	21
2025.11.19	14:00:00	156.089	156.113	156.054	156.107	911	0	21
2025.11.19	14:10:00	156.107	156.142	156.08	156.139	625	0	21
2025.11.19	14:20:00	156.139	156.181	156.133	156.17	571	0	21
2025.11.19	14:30:00	156.171	156.235	156.139	156.221	728	0	21
2025.11.19	14:40:00	156.221	156.245	156.199	156.221	488	0	21
2025.11.19	14:50:00	156.221	156.252	156.202	156.237	451	0	21
2025.11.19	15:00:00	156.236	156.245	156.098	156.125	840	0	21
2025.11.19	15:10:00	156.124	156.124	156.029	156.073	724	0	21
2025.11.19	15:20:00	156.073	156.175	156.051	156.172	616	0	21
2025.11.19	15:30:00	156.172	156.212	156.146	156.193	765	0	21
2025.11.19	15:40:00	156.192	156.213	156.138	156.157	969	0	21
2025.11.19	15:50:00	156.157	156.281	156.154	156.273	1014	0	21
2025.11.19	16:00:00	156.272	156.392	156.253	156.365	1370	0	21
2025.11.19	16:10:00	156.365	156.38	156.303	156.379	1055	0	21
2025.11.19	16:20:00	156.38	156.42	156.336	156.36	1070	0	21
2025.11.19	16:30:00	156.36	156.438	156.301	156.43	1533	0	21
2025.11.19	16:40:00	156.43	156.535	156.409	156.508	1361	0	21
2025.11.19	16:50:00	156.509	156.615	156.461	156.613	1492	0	21
2025.11.19	17:00:00	156.613	156.71	156.584	156.661	1532	0	21
2025.11.19	17:10:00	156.661	156.684	156.567	156.582	1538	0	21
2025.11.19	17:20:00	156.582	156.604	156.532	156.585	1168	0	21
2025.11.19	17:30:00	156.586	156.654	156.55	156.561	1357	0	21
2025.11.19	17:40:00	156.565	156.67	156.535	156.612	1289	0	21
2025.11.19	17:50:00	156.611	156.625	156.486	156.498	1455	0	21
2025.11.19	18:00:00	156.494	156.52	156.453	156.503	1486	0	21
2025.11.19	18:10:00	156.502	156.578	156.473	156.575	962	0	21
2025.11.19	18:20:00	156.575	156.662	156.565	156.661	962	0	21
2025.11.19	18:30:00	156.662	156.697	156.63	156.664	1252	0	21
2025.11.19	18:40:00	156.662	156.663	156.581	156.6	1196	0	21
2025.11.19	18:50:00	156.599	156.627	156.583	156.626	931	0	21
2025.11.19	19:00:00	156.626	156.683	156.609	156.681	1382	0	21
2025.11.19	19:10:00	156.676	156.679	156.643	156.67	929	0	21
2025.11.19	19:20:00	156.671	156.799	156.669	156.785	1501	0	21
2025.11.19	19:30:00	156.784	156.804	156.766	156.794	987	0	21
2025.11.19	19:40:00	156.792	156.855	156.769	156.781	759	0	21
2025.11.19	19:50:00	156.781	156.788	156.736	156.743	818	0	21
2025.11.19	20:00:00	156.74	156.822	156.735	156.808	742	0	21
2025.11.19	20:10:00	156.808	156.815	156.775	156.793	563	0	21
2025.11.19	20:20:00	156.793	156.831	156.793	156.805	595	0	21
2025.11.19	20:30:00	156.804	156.838	156.783	156.815	862	0	21
2025.11.19	20:40:00	156.815	156.817	156.68	156.72	991	0	21
2025.11.19	20:50:00	156.721	156.794	156.709	156.786	654	0	21
2025.11.19	21:00:00	156.785	156.916	156.76	156.859	1263	0	21
2025.11.19	21:10:00	156.861	156.888	156.829	156.876	821	0	21
2025.11.19	21:20:00	156.875	156.888	156.841	156.876	772	0	21
2025.11.19	21:30:00	156.879	156.947	156.839	156.944	649	0	21
2025.11.19	21:40:00	156.945	156.978	156.919	156.969	675	0	21
2025.11.19	21:50:00	156.969	157.028	156.963	157.019	1003	0	21
2025.11.19	22:00:00	157.018	157.036	156.964	156.978	878	0	21
2025.11.19	22:10:00	156.979	156.986	156.95	156.964	617	0	21
2025.11.19	22:20:00	156.964	156.99	156.961	156.974	708	0	21
2025.11.19	22:30:00	156.974	156.997	156.959	156.964	445	0	21
2025.11.19	22:40:00	156.963	156.985	156.955	156.967	305	0	21
2025.11.19	22:50:00	156.966	156.976	156.927	156.95	464	0	21
2025.11.19	23:00:00	156.949	157.007	156.949	157.003	390	0	21
2025.11.19	23:10:00	157.004	157.054	156.997	157.031	383	0	21
2025.11.19	23:20:00	157.033	157.134	157.008	157.054	925	0	21
2025.11.19	23:30:00	157.054	157.137	157.053	157.115	394	0	21
2025.11.19	23:40:00	157.114	157.172	157.11	157.162	382	0	21
2025.11.19	23:50:00	157.162	157.168	157.124	157.124	946	0	23
2025.11.20	00:00:00	157.123	157.129	157.022	157.024	58	0	29
2025.11.20	00:10:00	157.022	157.063	157.022	157.063	82	0	36
2025.11.20	00:20:00	157.063	157.088	157.063	157.077	38	0	57
2025.11.20	00:30:00	157.077	157.077	157.057	157.065	71	0	54
2025.11.20	00:40:00	157.064	157.066	157.04	157.053	278	0	37
2025.11.20	00:50:00	157.053	157.07	157.049	157.061	135	0	44
2025.11.20	01:00:00	157.061	157.144	156.965	157.051	491	0	21
2025.11.20	01:10:00	157.053	157.066	157.008	157.011	346	0	21
2025.11.20	01:20:00	157.012	157.04	156.989	157.025	591	0	22
2025.11.20	01:30:00	157.033	157.065	157.003	157.063	704	0	21
2025.11.20	01:40:00	157.063	157.073	157.014	157.023	620	0	21
2025.11.20	01:50:00	157.032	157.036	156.972	156.984	378	0	22
2025.11.20	02:00:00	156.984	157.026	156.871	156.887	1180	0	21
2025.11.20	02:10:00	156.887	156.955	156.867	156.945	1131	0	21
2025.11.20	02:20:00	156.945	157.167	156.93	157.162	1124	0	21
2025.11.20	02:30:00	157.163	157.168	157.067	157.103	1175	0	21
2025.11.20	02:40:00	157.103	157.168	157.067	157.109	1256	0	21
2025.11.20	02:50:00	157.109	157.199	157.057	157.065	1711	0	21
2025.11.20	03:00:00	157.064	157.11	157.025	157.079	850	0	21
2025.11.20	03:10:00	157.09	157.109	157.055	157.084	828	0	21
2025.11.20	03:20:00	157.085	157.168	157.032	157.125	764	0	21
2025.11.20	03:30:00	157.127	157.217	157.023	157.127	1523	0	21
2025.11.20	03:40:00	157.127	157.325	157.127	157.299	1320	0	21
2025.11.20	03:50:00	157.299	157.425	157.297	157.412	1054	0	21
2025.11.20	04:00:00	157.412	157.461	157.395	157.45	1042	0	21
2025.11.20	04:10:00	157.449	157.453	157.317	157.425	1080	0	21
2025.11.20	04:20:00	157.431	157.463	157.366	157.384	938	0	21
2025.11.20	04:30:00	157.384	157.393	157.278	157.312	615	0	21
2025.11.20	04:40:00	157.311	157.339	157.295	157.311	584	0	21
2025.11.20	04:50:00	157.312	157.34	157.292	157.305	460	0	21
2025.11.20	05:00:00	157.309	157.381	157.271	157.37	1016	0	21
2025.11.20	05:10:00	157.37	157.421	157.336	157.38	469	0	21
2025.11.20	05:20:00	157.38	157.388	157.328	157.345	429	0	21
2025.11.20	05:30:00	157.344	157.373	157.269	157.324	446	0	21
2025.11.20	05:40:00	157.323	157.393	157.31	157.334	644	0	21
2025.11.20	05:50:00	157.334	157.405	157.329	157.405	595	0	21
2025.11.20	06:00:00	157.405	157.409	157.279	157.28	545	0	21
2025.11.20	06:10:00	157.279	157.333	157.268	157.298	551	0	21
2025.11.20	06:20:00	157.299	157.345	157.293	157.321	469	0	21
2025.11.20	06:30:00	157.32	157.332	157.251	157.253	555	0	21
2025.11.20	06:40:00	157.255	157.36	157.254	157.355	532	0	21
2025.11.20	06:50:00	157.355	157.407	157.333	157.387	414	0	21
2025.11.20	07:00:00	157.386	157.53	157.385	157.508	810	0	21
2025.11.20	07:10:00	157.509	157.524	157.447	157.52	587	0	21
2025.11.20	07:20:00	157.519	157.519	157.461	157.468	330	0	21
2025.11.20	07:30:00	157.468	157.53	157.418	157.495	527	0	21
2025.11.20	07:40:00	157.495	157.532	157.448	157.482	583	0	21
2025.11.20	07:50:00	157.484	157.561	157.418	157.547	881	0	21
2025.11.20	08:00:00	157.548	157.584	157.477	157.515	1140	0	21
2025.11.20	08:10:00	157.516	157.601	157.492	157.587	684	0	21
2025.11.20	08:20:00	157.588	157.617	157.518	157.53	800	0	21
2025.11.20	08:30:00	157.531	157.617	157.531	157.611	700	0	21
2025.11.20	08:40:00	157.61	157.682	157.61	157.67	734	0	21
2025.11.20	08:50:00	157.673	157.727	157.663	157.724	596	0	21
2025.11.20	09:00:00	157.724	157.768	157.602	157.656	1165	0	21
2025.11.20	09:10:00	157.656	157.698	157.568	157.589	1102	0	21
2025.11.20	09:20:00	157.59	157.657	157.544	157.607	875	0	21
2025.11.20	09:30:00	157.607	157.611	157.523	157.529	780	0	21
2025.11.20	09:40:00	157.53	157.548	157.365	157.39	1129	0	21
2025.11.20	09:50:00	157.391	157.491	157.389	157.446	1116	0	21
2025.11.20	10:00:00	157.445	157.485	157.351	157.372	1354	0	21
2025.11.20	10:10:00	157.371	157.38	157.265	157.349	1173	0	21
2025.11.20	10:20:00	157.349	157.361	157.253	157.314	907	0	21
2025.11.20	10:30:00	157.313	157.333	157.199	157.2	1072	0	21
2025.11.20	10:40:00	157.2	157.212	157.109	157.141	1089	0	21
2025.11.20	10:50:00	157.147	157.15	157.097	157.141	798	0	21
2025.11.20	11:00:00	157.152	157.212	157.15	157.154	1040	0	21
2025.11.20	11:10:00	157.154	157.261	157.152	157.219	732	0	21
2025.11.20	11:20:00	157.22	157.228	157.164	157.195	681	0	21
2025.11.20	11:30:00	157.196	157.2	157.131	157.188	944	0	21
2025.11.20	11:40:00	157.189	157.21	157.113	157.155	890	0	21
2025.11.20	11:50:00	157.155	157.176	157.123	157.169	553	0	21
2025.11.20	12:00:00	157.168	157.232	157.14	157.223	682	0	21
2025.11.20	12:10:00	157.222	157.28	157.222	157.28	577	0	21
2025.11.20	12:20:00	157.28	157.314	157.261	157.312	477	0	21
2025.11.20	12:30:00	157.312	157.314	157.267	157.301	448	0	21
2025.11.20	12:40:00	157.302	157.339	157.293	157.337	292	0	21
2025.11.20	12:50:00	157.337	157.401	157.326	157.371	601	0	21
2025.11.20	13:00:00	157.371	157.41	157.364	157.396	417	0	21
2025.11.20	13:10:00	157.397	157.417	157.344	157.374	542	0	21
2025.11.20	13:20:00	157.374	157.448	157.351	157.447	510	0	21
2025.11.20	13:30:00	157.456	157.464	157.41	157.424	385	0	21
2025.11.20	13:40:00	157.43	157.487	157.427	157.484	452	0	21
2025.11.20	13:50:00	157.485	157.528	157.483	157.499	465	0	21
2025.11.20	14:00:00	157.498	157.601	157.495	157.595	552	0	21
2025.11.20	14:10:00	157.596	157.668	157.581	157.62	725	0	21
2025.11.20	14:20:00	157.62	157.661	157.617	157.639	486	0	21
2025.11.20	14:30:00	157.64	157.676	157.63	157.659	649	0	21
2025.11.20	14:40:00	157.658	157.728	157.658	157.69	548	0	21
2025.11.20	14:50:00	157.691	157.718	157.682	157.689	608	0	21
2025.11.20	15:00:00	157.69	157.697	157.583	157.588	829	0	21
2025.11.20	15:10:00	157.587	157.69	157.568	157.623	986	0	21
2025.11.20	15:20:00	157.622	157.662	157.568	157.568	1311	0	21
2025.11.20	15:30:00	157.556	157.869	157.214	157.356	3695	0	21
2025.11.20	15:40:00	157.353	157.733	157.283	157.64	2839	0	21
2025.11.20	15:50:00	157.639	157.677	157.499	157.561	2217	0	21
2025.11.20	16:00:00	157.561	157.726	157.483	157.677	2169	0	21
2025.11.20	16:10:00	157.677	157.819	157.632	157.641	2179	0	21
2025.11.20	16:20:00	157.644	157.744	157.591	157.604	1782	0	21
2025.11.20	16:30:00	157.604	157.633	157.493	157.594	2176	0	21
2025.11.20	16:40:00	157.595	157.681	157.551	157.608	1959	0	21
2025.11.20	16:50:00	157.608	157.646	157.554	157.616	1322	0	21
2025.11.20	17:00:00	157.615	157.685	157.615	157.63	1281	0	21
2025.11.20	17:10:00	157.631	157.77	157.627	157.754	1454	0	21
2025.11.20	17:20:00	157.761	157.865	157.748	157.78	1237	0	21
2025.11.20	17:30:00	157.782	157.874	157.781	157.85	939	0	21
2025.11.20	17:40:00	157.849	157.882	157.779	157.856	1236	0	21
2025.11.20	17:50:00	157.858	157.869	157.668	157.669	1552	0	21
2025.11.20	18:00:00	157.669	157.673	157.428	157.478	1938	0	21
2025.11.20	18:10:00	157.478	157.488	157.275	157.375	1919	0	21
2025.11.20	18:20:00	157.373	157.54	157.342	157.486	2335	0	21
2025.11.20	18:30:00	157.486	157.556	157.393	157.539	2073	0	21
2025.11.20	18:40:00	157.542	157.597	157.479	157.543	1753	0	21
2025.11.20	18:50:00	157.543	157.635	157.401	157.41	2100	0	21
2025.11.20	19:00:00	157.407	157.527	157.389	157.427	2873	0	21
2025.11.20	19:10:00	157.425	157.429	157.252	157.325	2621	0	21
2025.11.20	19:20:00	157.324	157.459	157.282	157.444	2613	0	21
2025.11.20	19:30:00	157.444	157.49	157.343	157.465	2311	0	21
2025.11.20	19:40:00	157.463	157.483	157.368	157.398	2053	0	21
2025.11.20	19:50:00	157.399	157.519	157.397	157.506	2059	0	21
2025.11.20	20:00:00	157.507	157.64	157.494	157.632	1340	0	21
2025.11.20	20:10:00	157.633	157.685	157.544	157.545	1498	0	21
2025.11.20	20:20:00	157.544	157.61	157.54	157.59	1722	0	21
2025.11.20	20:30:00	157.588	157.597	157.519	157.535	1630	0	21
2025.11.20	20:40:00	157.532	157.543	157.465	157.474	837	0	21
2025.11.20	20:50:00	157.471	157.474	157.416	157.449	826	0	21
2025.11.20	21:00:00	157.45	157.479	157.441	157.458	758	0	21
2025.11.20	21:10:00	157.459	157.524	157.454	157.51	947	0	21
2025.11.20	21:20:00	157.511	157.532	157.442	157.51	1258	0	21
2025.11.20	21:30:00	157.509	157.553	157.48	157.482	1197	0	21
2025.11.20	21:40:00	157.482	157.529	157.451	157.493	884	0	21
2025.11.20	21:50:00	157.493	157.54	157.489	157.528	1004	0	21
2025.11.20	22:00:00	157.529	157.583	157.506	157.556	764	0	21
2025.11.20	22:10:00	157.556	157.601	157.534	157.564	595	0	21
2025.11.20	22:20:00	157.564	157.631	157.564	157.62	530	0	21
2025.11.20	22:30:00	157.621	157.634	157.598	157.609	523	0	21
2025.11.20	22:40:00	157.609	157.61	157.583	157.606	465	0	21
2025.11.20	22:50:00	157.61	157.637	157.539	157.565	1018	0	21
2025.11.20	23:00:00	157.565	157.575	157.468	157.518	789	0	21
2025.11.20	23:10:00	157.519	157.58	157.519	157.545	380	0	21
2025.11.20	23:20:00	157.545	157.557	157.532	157.543	244	0	22
2025.11.20	23:30:00	157.544	157.556	157.517	157.53	192	0	22
2025.11.20	23:40:00	157.531	157.534	157.433	157.452	423	0	21
2025.11.20	23:50:00	157.452	157.487	157.428	157.447	725	0	22
2025.11.21	00:00:00	157.448	157.51	157.408	157.411	50	0	51
2025.11.21	00:10:00	157.427	157.459	157.423	157.446	67	0	49
2025.11.21	00:20:00	157.458	157.485	157.457	157.482	39	0	42
2025.11.21	00:30:00	157.481	157.482	157.454	157.466	177	0	35
2025.11.21	00:40:00	157.465	157.467	157.405	157.414	377	0	25
2025.11.21	00:50:00	157.412	157.441	157.411	157.437	283	0	34
2025.11.21	01:00:00	157.434	157.457	157.326	157.36	294	0	21
2025.11.21	01:10:00	157.362	157.441	157.323	157.402	559	0	22
2025.11.21	01:20:00	157.402	157.44	157.38	157.414	356	0	24
2025.11.21	01:30:00	157.415	157.462	157.321	157.353	494	0	21
2025.11.21	01:40:00	157.354	157.373	157.18	157.285	1563	0	21
2025.11.21	01:50:00	157.285	157.387	157.221	157.377	1097	0	21
2025.11.21	02:00:00	157.377	157.501	157.357	157.492	1490	0	21
2025.11.21	02:10:00	157.492	157.531	157.41	157.427	1292	0	21
2025.11.21	02:20:00	157.428	157.521	157.427	157.475	1005	0	21
2025.11.21	02:30:00	157.476	157.494	157.38	157.393	839	0	21
2025.11.21	02:40:00	157.393	157.396	157.21	157.223	1051	0	21
2025.11.21	02:50:00	157.223	157.404	157.221	157.304	1638	0	21
2025.11.21	03:00:00	157.305	157.371	157.196	157.238	1373	0	21
2025.11.21	03:10:00	157.237	157.335	157.229	157.335	822	0	21
2025.11.21	03:20:00	157.334	157.44	157.315	157.42	632	0	21
2025.11.21	03:30:00	157.421	157.436	157.299	157.393	878	0	21
2025.11.21	03:40:00	157.394	157.431	157.339	157.341	634	0	21
2025.11.21	03:50:00	157.34	157.486	157.339	157.476	677	0	21
2025.11.21	04:00:00	157.476	157.479	157.359	157.369	987	0	21
2025.11.21	04:10:00	157.368	157.451	157.368	157.426	978	0	21
2025.11.21	04:20:00	157.428	157.449	157.339	157.343	842	0	21
2025.11.21	04:30:00	157.343	157.405	157.285	157.371	1245	0	21
2025.11.21	04:40:00	157.371	157.413	157.37	157.398	455	0	21
2025.11.21	04:50:00	157.412	157.433	157.334	157.338	463	0	21
2025.11.21	05:00:00	157.338	157.394	157.331	157.356	545	0	21
2025.11.21	05:10:00	157.357	157.418	157.357	157.387	455	0	21
2025.11.21	05:20:00	157.385	157.385	157.356	157.37	499	0	21
2025.11.21	05:30:00	157.37	157.39	157.352	157.369	534	0	21
2025.11.21	05:40:00	157.368	157.405	157.34	157.393	658	0	21
2025.11.21	05:50:00	157.393	157.393	157.284	157.291	501	0	21
2025.11.21	06:00:00	157.29	157.293	157.073	157.171	1277	0	21
2025.11.21	06:10:00	157.171	157.214	157.113	157.183	916	0	21
2025.11.21	06:20:00	157.186	157.207	157.142	157.181	624	0	21
2025.11.21	06:30:00	157.183	157.201	157.121	157.163	748	0	21
2025.11.21	06:40:00	157.163	157.244	157.146	157.241	528	0	21
2025.11.21	06:50:00	157.24	157.283	157.229	157.259	802	0	21
2025.11.21	07:00:00	157.259	157.269	157.163	157.206	581	0	21
2025.11.21	07:10:00	157.207	157.218	157.181	157.198	488	0	21
2025.11.21	07:20:00	157.202	157.293	157.202	157.225	532	0	21
2025.11.21	07:30:00	157.226	157.253	157.154	157.217	786	0	21
2025.11.21	07:40:00	157.217	157.221	157.164	157.214	763	0	21
2025.11.21	07:50:00	157.215	157.279	157.159	157.215	976	0	21
2025.11.21	08:00:00	157.216	157.246	157.043	157.072	1092	0	21
2025.11.21	08:10:00	157.073	157.109	157.04	157.061	1379	0	21
2025.11.21	08:20:00	157.064	157.133	157.048	157.089	973	0	21
2025.11.21	08:30:00	157.089	157.154	157.085	157.143	544	0	21
2025.11.21	08:40:00	157.144	157.195	157.129	157.18	558	0	21
2025.11.21	08:50:00	157.181	157.189	157.151	157.156	495	0	22
2025.11.21	09:00:00	157.159	157.182	157.086	157.092	903	0	21
2025.11.21	09:10:00	157.091	157.145	157.067	157.107	629	0	21
2025.11.21	09:20:00	157.109	157.109	157.002	157.057	879	0	21
2025.11.21	09:30:00	157.056	157.07	156.825	156.925	1728	0	21
2025.11.21	09:40:00	156.925	156.926	156.667	156.713	1544	0	21
2025.11.21	09:50:00	156.714	156.754	156.6	156.723	1468	0	21
2025.11.21	10:00:00	156.722	156.831	156.645	156.804	1722	0	21
2025.11.21	10:10:00	156.806	156.807	156.577	156.617	1464	0	21
2025.11.21	10:20:00	156.617	156.676	156.554	156.598	1478	0	21
2025.11.21	10:30:00	156.606	156.777	156.591	156.775	998	0	21
2025.11.21	10:40:00	156.776	156.857	156.73	156.843	1091	0	21
2025.11.21	10:50:00	156.842	156.941	156.821	156.9	1250	0	21
2025.11.21	11:00:00	156.901	156.926	156.828	156.913	1091	0	21
2025.11.21	11:10:00	156.914	156.941	156.853	156.854	1031	0	21
2025.11.21	11:20:00	156.855	156.855	156.728	156.833	1126	0	21
2025.11.21	11:30:00	156.836	156.843	156.732	156.75	954	0	21
2025.11.21	11:40:00	156.751	156.781	156.662	156.756	1131	0	21
2025.11.21	11:50:00	156.759	156.788	156.702	156.75	925	0	21
2025.11.21	12:00:00	156.75	156.756	156.544	156.547	1721	0	21
2025.11.21	12:10:00	156.545	156.649	156.545	156.61	1430	0	21
2025.11.21	12:20:00	156.608	156.647	156.587	156.647	1081	0	21
2025.11.21	12:30:00	156.649	156.738	156.648	156.687	1212	0	21
2025.11.21	12:40:00	156.688	156.757	156.664	156.755	1085	0	21
2025.11.21	12:50:00	156.752	156.808	156.745	156.771	973	0	21
2025.11.21	13:00:00	156.771	156.816	156.739	156.806	1235	0	21
2025.11.21	13:10:00	156.805	156.884	156.805	156.856	828	0	21
2025.11.21	13:20:00	156.854	156.866	156.762	156.769	600	0	21
2025.11.21	13:30:00	156.766	156.833	156.759	156.821	639	0	21
2025.11.21	13:40:00	156.823	156.87	156.751	156.781	857	0	21
2025.11.21	13:50:00	156.781	156.851	156.769	156.842	962	0	21
2025.11.21	14:00:00	156.843	156.844	156.739	156.766	1060	0	21
2025.11.21	14:10:00	156.766	156.874	156.757	156.87	963	0	21
2025.11.21	14:20:00	156.868	156.884	156.803	156.812	1495	0	21
2025.11.21	14:30:00	156.81	156.815	156.597	156.701	2976	0	21
2025.11.21	14:40:00	156.7	156.744	156.616	156.73	2277	0	21
2025.11.21	14:50:00	156.73	156.858	156.73	156.738	1682	0	21
2025.11.21	15:00:00	156.74	156.792	156.668	156.713	1807	0	21
2025.11.21	15:10:00	156.714	156.838	156.709	156.814	1342	0	21
2025.11.21	15:20:00	156.817	156.822	156.717	156.792	1368	0	21
2025.11.21	15:30:00	156.794	156.854	156.771	156.819	1064	0	21
2025.11.21	15:40:00	156.818	156.85	156.751	156.759	885	0	21
2025.11.21	15:50:00	156.759	156.811	156.729	156.803	1107	0	21
2025.11.21	16:00:00	156.803	156.83	156.746	156.815	1783	0	21
2025.11.21	16:10:00	156.814	156.857	156.79	156.819	1292	0	21
2025.11.21	16:20:00	156.82	156.846	156.778	156.828	1027	0	21
2025.11.21	16:30:00	156.829	156.955	156.812	156.882	2242	0	21
2025.11.21	16:40:00	156.881	156.931	156.643	156.65	1836	0	21
2025.11.21	16:50:00	156.65	156.754	156.645	156.689	2088	0	21
2025.11.21	17:00:00	156.699	156.705	156.188	156.543	3020	0	21
2025.11.21	17:10:00	156.544	156.546	156.339	156.373	2703	0	21
2025.11.21	17:20:00	156.374	156.505	156.293	156.405	2509	0	21
2025.11.21	17:30:00	156.4	156.473	156.231	156.244	2560	0	21
2025.11.21	17:40:00	156.245	156.509	156.213	156.327	2806	0	21
2025.11.21	17:50:00	156.325	156.545	156.282	156.525	2711	0	21
2025.11.21	18:00:00	156.525	156.637	156.477	156.625	2180	0	21
2025.11.21	18:10:00	156.625	156.744	156.61	156.635	2053	0	21
2025.11.21	18:20:00	156.63	156.744	156.622	156.694	1590	0	21
2025.11.21	18:30:00	156.694	156.696	156.453	156.607	1859	0	21
2025.11.21	18:40:00	156.606	156.688	156.519	156.534	1469	0	21
2025.11.21	18:50:00	156.535	156.568	156.485	156.561	1441	0	21
2025.11.21	19:00:00	156.561	156.581	156.524	156.548	1449	0	21
2025.11.21	19:10:00	156.548	156.627	156.488	156.626	1015	0	21
2025.11.21	19:20:00	156.626	156.72	156.619	156.627	1147	0	21
2025.11.21	19:30:00	156.627	156.627	156.509	156.512	876	0	21
2025.11.21	19:40:00	156.512	156.575	156.502	156.547	817	0	21
2025.11.21	19:50:00	156.547	156.551	156.494	156.53	698	0	21
2025.11.21	20:00:00	156.531	156.575	156.513	156.534	673	0	21
2025.11.21	20:10:00	156.531	156.538	156.482	156.494	686	0	21
2025.11.21	20:20:00	156.495	156.505	156.449	156.488	741	0	21
2025.11.21	20:30:00	156.488	156.542	156.478	156.525	857	0	21
2025.11.21	20:40:00	156.526	156.63	156.481	156.597	932	0	21
2025.11.21	20:50:00	156.597	156.632	156.528	156.563	1006	0	21
2025.11.21	21:00:00	156.56	156.572	156.463	156.465	830	0	21
2025.11.21	21:10:00	156.464	156.521	156.427	156.502	699	0	21
2025.11.21	21:20:00	156.502	156.516	156.456	156.462	452	0	21
2025.11.21	21:30:00	156.463	156.467	156.362	156.365	649	0	21
2025.11.21	21:40:00	156.364	156.366	156.285	156.292	846	0	21
2025.11.21	21:50:00	156.291	156.331	156.251	156.318	719	0	21
2025.11.21	22:00:00	156.318	156.368	156.308	156.367	504	0	21
2025.11.21	22:10:00	156.367	156.393	156.355	156.379	327	0	21
2025.11.21	22:20:00	156.379	156.429	156.351	156.368	630	0	21
2025.11.21	22:30:00	156.368	156.427	156.351	156.405	609	0	21
2025.11.21	22:40:00	156.4	156.439	156.392	156.409	386	0	21
2025.11.21	22:50:00	156.408	156.408	156.309	156.378	727	0	21
2025.11.21	23:00:00	156.379	156.446	156.352	156.409	392	0	21
2025.11.21	23:10:00	156.407	156.415	156.367	156.379	243	0	21
2025.11.21	23:20:00	156.38	156.426	156.351	156.401	357	0	21
2025.11.21	23:30:00	156.401	156.491	156.392	156.412	291	0	23
2025.11.21	23:40:00	156.411	156.454	156.399	156.422	476	0	25
2025.11.21	23:50:00	156.422	156.433	156.315	156.392	583	0	26
2025.11.24	00:00:00	156.269	156.409	156.269	156.409	35	0	101
2025.11.24	00:10:00	156.412	156.444	156.401	156.431	163	0	53
2025.11.24	00:20:00	156.431	156.468	156.359	156.455	63	0	48
2025.11.24	00:30:00	156.459	156.537	156.412	156.492	283	0	42
2025.11.24	00:40:00	156.498	156.56	156.415	156.449	394	0	72
2025.11.24	00:50:00	156.45	156.468	156.45	156.465	50	0	54
2025.11.24	01:00:00	156.463	156.599	156.455	156.574	427	0	23
2025.11.24	01:10:00	156.574	156.609	156.534	156.548	491	0	22
2025.11.24	01:20:00	156.548	156.639	156.546	156.598	500	0	21
2025.11.24	01:30:00	156.599	156.665	156.596	156.629	541	0	21
2025.11.24	01:40:00	156.638	156.687	156.629	156.651	477	0	21
2025.11.24	01:50:00	156.65	156.701	156.65	156.675	633	0	21
2025.11.24	02:00:00	156.676	156.727	156.65	156.674	848	0	21
2025.11.24	02:10:00	156.673	156.734	156.672	156.728	715	0	22
2025.11.24	02:20:00	156.731	156.749	156.685	156.736	750	0	23
2025.11.24	02:30:00	156.735	156.784	156.733	156.769	805	0	21
2025.11.24	02:40:00	156.768	156.777	156.751	156.758	700	0	23
2025.11.24	02:50:00	156.758	156.786	156.723	156.725	864	0	21
2025.11.24	03:00:00	156.725	156.73	156.656	156.684	812	0	21
2025.11.24	03:10:00	156.685	156.703	156.651	156.703	731	0	21
2025.11.24	03:20:00	156.704	156.739	156.687	156.687	952	0	22
2025.11.24	03:30:00	156.686	156.687	156.627	156.649	1027	0	21
2025.11.24	03:40:00	156.648	156.661	156.634	156.651	427	0	22
2025.11.24	03:50:00	156.651	156.741	156.65	156.711	352	0	21
2025.11.24	04:00:00	156.708	156.725	156.684	156.69	389	0	21
2025.11.24	04:10:00	156.69	156.704	156.639	156.674	525	0	21
2025.11.24	04:20:00	156.674	156.714	156.652	156.699	477	0	21
2025.11.24	04:30:00	156.7	156.702	156.64	156.648	422	0	21
2025.11.24	04:40:00	156.647	156.653	156.596	156.636	398	0	21
2025.11.24	04:50:00	156.637	156.679	156.614	156.676	523	0	22
2025.11.24	05:00:00	156.676	156.68	156.6	156.617	488	0	21
2025.11.24	05:10:00	156.617	156.67	156.617	156.65	309	0	21
2025.11.24	05:20:00	156.65	156.665	156.603	156.607	404	0	21
2025.11.24	05:30:00	156.607	156.615	156.578	156.603	320	0	21
2025.11.24	05:40:00	156.602	156.618	156.594	156.609	159	0	22
2025.11.24	05:50:00	156.612	156.633	156.6	156.633	313	0	21
2025.11.24	06:00:00	156.631	156.651	156.616	156.626	318	0	21
2025.11.24	06:10:00	156.625	156.625	156.587	156.6	275	0	21
2025.11.24	06:20:00	156.6	156.616	156.565	156.568	285	0	21
2025.11.24	06:30:00	156.567	156.586	156.559	156.564	239	0	22
2025.11.24	06:40:00	156.567	156.585	156.539	156.541	253	0	21
2025.11.24	06:50:00	156.54	156.56	156.499	156.542	520	0	21
2025.11.24	07:00:00	156.542	156.543	156.487	156.518	460	0	21
2025.11.24	07:10:00	156.518	156.577	156.518	156.528	560	0	21
2025.11.24	07:20:00	156.529	156.554	156.515	156.545	409	0	21
2025.11.24	07:30:00	156.544	156.545	156.518	156.531	368	0	23
2025.11.24	07:40:00	156.531	156.539	156.503	156.53	302	0	21
2025.11.24	07:50:00	156.529	156.581	156.528	156.57	446	0	21
2025.11.24	08:00:00	156.571	156.626	156.533	156.617	335	0	21
2025.11.24	08:10:00	156.618	156.652	156.59	156.644	402	0	21
2025.11.24	08:20:00	156.644	156.644	156.584	156.61	504	0	21
2025.11.24	08:30:00	156.61	156.651	156.609	156.639	264	0	21
2025.11.24	08:40:00	156.64	156.665	156.629	156.655	356	0	21
2025.11.24	08:50:00	156.656	156.727	156.654	156.715	507	0	21
2025.11.24	09:00:00	156.715	156.736	156.665	156.725	687	0	21
2025.11.24	09:10:00	156.726	156.747	156.719	156.745	534	0	21
2025.11.24	09:20:00	156.745	156.766	156.698	156.752	542	0	21
2025.11.24	09:30:00	156.752	156.755	156.72	156.739	409	0	21
2025.11.24	09:40:00	156.738	156.828	156.734	156.827	600	0	21
2025.11.24	09:50:00	156.827	156.876	156.808	156.83	785	0	21
2025.11.24	10:00:00	156.825	156.825	156.675	156.726	1096	0	21
2025.11.24	10:10:00	156.729	156.76	156.653	156.749	766	0	21
2025.11.24	10:20:00	156.749	156.749	156.636	156.714	942	0	21
2025.11.24	10:30:00	156.715	156.794	156.71	156.748	768	0	21
2025.11.24	10:40:00	156.747	156.856	156.745	156.848	726	0	21
2025.11.24	10:50:00	156.847	156.924	156.845	156.891	743	0	21
2025.11.24	11:00:00	156.891	156.924	156.834	156.837	661	0	21
2025.11.24	11:10:00	156.836	156.906	156.823	156.866	779	0	21
2025.11.24	11:20:00	156.865	156.866	156.702	156.737	1238	0	21
2025.11.24	11:30:00	156.737	156.761	156.669	156.702	984	0	21
2025.11.24	11:40:00	156.702	156.762	156.691	156.761	707	0	21
2025.11.24	11:50:00	156.76	156.771	156.728	156.736	733	0	21
2025.11.24	12:00:00	156.737	156.748	156.688	156.727	794	0	21
2025.11.24	12:10:00	156.726	156.75	156.698	156.747	589	0	21
2025.11.24	12:20:00	156.746	156.771	156.689	156.695	773	0	21
2025.11.24	12:30:00	156.694	156.749	156.688	156.712	504	0	21
2025.11.24	12:40:00	156.711	156.731	156.7	156.724	326	0	21
2025.11.24	12:50:00	156.731	156.75	156.699	156.701	605	0	21
2025.11.24	13:00:00	156.701	156.733	156.689	156.724	360	0	21
2025.11.24	13:10:00	156.717	156.74	156.699	156.738	262	0	21
2025.11.24	13:20:00	156.737	156.754	156.709	156.718	429	0	21
2025.11.24	13:30:00	156.719	156.743	156.701	156.723	433	0	21
2025.11.24	13:40:00	156.724	156.805	156.724	156.797	649	0	21
2025.11.24	13:50:00	156.796	156.855	156.794	156.825	589	0	21
2025.11.24	14:00:00	156.824	156.849	156.815	156.834	623	0	21
2025.11.24	14:10:00	156.833	156.858	156.819	156.83	582	0	21
2025.11.24	14:20:00	156.831	156.835	156.803	156.81	357	0	21
2025.11.24	14:30:00	156.809	156.821	156.779	156.81	409	0	21
2025.11.24	14:40:00	156.811	156.834	156.736	156.784	689	0	21
2025.11.24	14:50:00	156.785	156.862	156.771	156.841	494	0	21
2025.11.24	15:00:00	156.84	156.974	156.839	156.965	991	0	21
2025.11.24	15:10:00	156.965	156.975	156.899	156.91	645	0	21
2025.11.24	15:20:00	156.91	156.944	156.884	156.922	567	0	21
2025.11.24	15:30:00	156.922	156.929	156.854	156.905	508	0	21
2025.11.24	15:40:00	156.904	156.942	156.893	156.895	472	0	21
2025.11.24	15:50:00	156.894	156.92	156.862	156.904	724	0	21
2025.11.24	16:00:00	156.905	156.941	156.875	156.934	591	0	21
2025.11.24	16:10:00	156.933	157.021	156.932	156.997	679	0	21
2025.11.24	16:20:00	156.997	157.079	156.978	157.065	738	0	21
2025.11.24	16:30:00	157.064	157.153	157.03	157.03	1369	0	21
2025.11.24	16:40:00	157.033	157.076	157.012	157.015	1342	0	21
2025.11.24	16:50:00	157.014	157.04	156.976	157.039	1281	0	21
2025.11.24	17:00:00	157.04	157.167	157.039	157.152	1206	0	21
2025.11.24	17:10:00	157.151	157.176	157.102	157.102	933	0	21
2025.11.24	17:20:00	157.103	157.13	157.049	157.052	1072	0	21
2025.11.24	17:30:00	157.053	157.053	156.908	156.908	806	0	21
2025.11.24	17:40:00	156.909	156.997	156.873	156.997	749	0	21
2025.11.24	17:50:00	156.995	157.006	156.729	156.781	2906	0	21
2025.11.24	18:00:00	156.785	156.865	156.771	156.846	1270	0	21
2025.11.24	18:10:00	156.846	156.846	156.757	156.798	644	0	21
2025.11.24	18:20:00	156.799	156.886	156.799	156.871	421	0	21
2025.11.24	18:30:00	156.872	156.874	156.827	156.872	538	0	21
2025.11.24	18:40:00	156.871	156.911	156.859	156.86	444	0	21
2025.11.24	18:50:00	156.861	156.935	156.859	156.929	451	0	21
2025.11.24	19:00:00	156.93	156.95	156.909	156.932	582	0	21
2025.11.24	19:10:00	156.931	156.972	156.851	156.967	768	0	21
2025.11.24	19:20:00	156.968	156.969	156.914	156.929	591	0	21
2025.11.24	19:30:00	156.93	156.945	156.9	156.911	518	0	21
2025.11.24	19:40:00	156.927	156.935	156.846	156.849	773	0	21
2025.11.24	19:50:00	156.848	156.887	156.848	156.874	593	0	21
2025.11.24	20:00:00	156.874	156.874	156.831	156.855	538	0	21
2025.11.24	20:10:00	156.855	156.884	156.847	156.869	263	0	21
2025.11.24	20:20:00	156.87	156.881	156.839	156.847	386	0	21
2025.11.24	20:30:00	156.849	156.864	156.819	156.82	512	0	21
2025.11.24	20:40:00	156.821	156.839	156.808	156.83	570	0	21
2025.11.24	20:50:00	156.83	156.845	156.776	156.778	471	0	21
2025.11.24	21:00:00	156.779	156.817	156.778	156.804	448	0	21
2025.11.24	21:10:00	156.804	156.866	156.801	156.866	407	0	21
2025.11.24	21:20:00	156.867	156.868	156.783	156.797	441	0	21
2025.11.24	21:30:00	156.797	156.809	156.784	156.787	375	0	21
2025.11.24	21:40:00	156.787	156.836	156.787	156.798	277	0	21
2025.11.24	21:50:00	156.798	156.833	156.701	156.727	706	0	21
2025.11.24	22:00:00	156.728	156.808	156.721	156.792	580	0	21
2025.11.24	22:10:00	156.793	156.819	156.764	156.79	387	0	21
2025.11.24	22:20:00	156.791	156.829	156.788	156.823	316	0	21
2025.11.24	22:30:00	156.824	156.835	156.784	156.795	457	0	21
2025.11.24	22:40:00	156.794	156.806	156.782	156.796	524	0	21
2025.11.24	22:50:00	156.798	156.822	156.771	156.82	634	0	21
2025.11.24	23:00:00	156.819	156.855	156.809	156.855	345	0	22
2025.11.24	23:10:00	156.855	156.857	156.838	156.842	128	0	21
2025.11.24	23:20:00	156.842	156.883	156.836	156.883	74	0	23
2025.11.24	23:30:00	156.882	156.897	156.876	156.879	129	0	24
2025.11.24	23:40:00	156.88	156.896	156.871	156.881	194	0	22
2025.11.24	23:50:00	156.88	156.911	156.863	156.866	792	0	24
2025.11.25	00:00:00	156.824	156.88	156.801	156.874	43	0	55
2025.11.25	00:10:00	156.808	156.886	156.805	156.869	74	0	42
2025.11.25	00:20:00	156.863	156.867	156.853	156.854	52	0	43
2025.11.25	00:30:00	156.854	156.866	156.835	156.854	105	0	37
2025.11.25	00:40:00	156.855	156.859	156.824	156.826	142	0	22
2025.11.25	00:50:00	156.826	156.854	156.795	156.854	150	0	21
2025.11.25	01:00:00	156.854	156.912	156.839	156.899	207	0	21
2025.11.25	01:10:00	156.9	156.912	156.885	156.898	291	0	23
2025.11.25	01:20:00	156.899	156.915	156.898	156.913	163	0	23
2025.11.25	01:30:00	156.912	156.94	156.898	156.938	230	0	21
2025.11.25	01:40:00	156.937	156.945	156.883	156.888	454	0	21
2025.11.25	01:50:00	156.887	156.934	156.882	156.896	260	0	21
2025.11.25	02:00:00	156.896	156.896	156.827	156.85	708	0	21
2025.11.25	02:10:00	156.851	156.882	156.807	156.878	612	0	21
2025.11.25	02:20:00	156.877	156.952	156.873	156.945	535	0	21
2025.11.25	02:30:00	156.946	156.971	156.882	156.919	795	0	21
2025.11.25	02:40:00	156.918	156.953	156.874	156.91	770	0	21
2025.11.25	02:50:00	156.909	156.92	156.663	156.676	1743	0	21
2025.11.25	03:00:00	156.675	156.735	156.592	156.705	1542	0	21
2025.11.25	03:10:00	156.707	156.73	156.574	156.581	812	0	21
2025.11.25	03:20:00	156.581	156.688	156.569	156.665	808	0	21
2025.11.25	03:30:00	156.664	156.668	156.543	156.577	728	0	21
2025.11.25	03:40:00	156.572	156.647	156.564	156.603	660	0	21
2025.11.25	03:50:00	156.602	156.683	156.596	156.641	637	0	21
2025.11.25	04:00:00	156.641	156.679	156.606	156.626	759	0	21
2025.11.25	04:10:00	156.626	156.64	156.598	156.614	510	0	21
2025.11.25	04:20:00	156.608	156.642	156.596	156.63	488	0	21
2025.11.25	04:30:00	156.631	156.719	156.626	156.711	508	0	21
2025.11.25	04:40:00	156.71	156.718	156.637	156.648	289	0	21
2025.11.25	04:50:00	156.648	156.694	156.635	156.663	512	0	21
2025.11.25	05:00:00	156.663	156.663	156.6	156.616	418	0	21
2025.11.25	05:10:00	156.619	156.667	156.604	156.663	329	0	21
2025.11.25	05:20:00	156.663	156.701	156.661	156.69	556	0	21
2025.11.25	05:30:00	156.69	156.7	156.648	156.69	467	0	21
2025.11.25	05:40:00	156.69	156.74	156.665	156.734	533	0	21
2025.11.25	05:50:00	156.73	156.771	156.72	156.765	674	0	21
2025.11.25	06:00:00	156.765	156.798	156.764	156.796	311	0	21
2025.11.25	06:10:00	156.795	156.838	156.794	156.81	199	0	21
2025.11.25	06:20:00	156.811	156.82	156.787	156.797	154	0	21
2025.11.25	06:30:00	156.796	156.81	156.748	156.778	205	0	21
2025.11.25	06:40:00	156.777	156.809	156.774	156.784	149	0	21
2025.11.25	06:50:00	156.784	156.793	156.769	156.792	119	0	21
2025.11.25	07:00:00	156.79	156.814	156.781	156.806	223	0	21
2025.11.25	07:10:00	156.807	156.833	156.796	156.815	155	0	21
2025.11.25	07:20:00	156.816	156.819	156.707	156.71	206	0	21
2025.11.25	07:30:00	156.711	156.769	156.709	156.736	232	0	21
2025.11.25	07:40:00	156.737	156.745	156.706	156.729	171	0	21
2025.11.25	07:50:00	156.728	156.733	156.684	156.722	563	0	21
2025.11.25	08:00:00	156.723	156.787	156.702	156.713	717	0	21
2025.11.25	08:10:00	156.719	156.762	156.683	156.745	410	0	21
2025.11.25	08:20:00	156.745	156.759	156.728	156.728	505	0	21
2025.11.25	08:30:00	156.729	156.753	156.695	156.732	524	0	21
2025.11.25	08:40:00	156.733	156.737	156.658	156.694	454	0	21
2025.11.25	08:50:00	156.696	156.734	156.662	156.669	436	0	21
2025.11.25	09:00:00	156.674	156.687	156.595	156.595	714	0	21
2025.11.25	09:10:00	156.596	156.633	156.551	156.58	648	0	21
2025.11.25	09:20:00	156.583	156.622	156.568	156.577	416	0	21
2025.11.25	09:30:00	156.578	156.581	156.512	156.551	704	0	21
2025.11.25	09:40:00	156.551	156.594	156.524	156.529	734	0	21
2025.11.25	09:50:00	156.529	156.664	156.514	156.605	1256	0	21
2025.11.25	10:00:00	156.61	156.692	156.603	156.628	1063	0	21
2025.11.25	10:10:00	156.627	156.627	156.554	156.603	777	0	21
2025.11.25	10:20:00	156.604	156.679	156.599	156.608	661	0	21
2025.11.25	10:30:00	156.607	156.63	156.519	156.541	630	0	21
2025.11.25	10:40:00	156.541	156.558	156.455	156.468	721	0	21
2025.11.25	10:50:00	156.468	156.494	156.427	156.483	1101	0	21
2025.11.25	11:00:00	156.483	156.484	156.327	156.37	979	0	21
2025.11.25	11:10:00	156.371	156.411	156.289	156.29	711	0	21
2025.11.25	11:20:00	156.288	156.312	156.253	156.303	768	0	21
2025.11.25	11:30:00	156.302	156.314	156.153	156.167	911	0	21
2025.11.25	11:40:00	156.168	156.244	156.132	156.241	928	0	21
2025.11.25	11:50:00	156.24	156.293	156.21	156.289	786	0	21
2025.11.25	12:00:00	156.29	156.32	156.208	156.209	717	0	21
2025.11.25	12:10:00	156.219	156.275	156.19	156.25	730	0	21
2025.11.25	12:20:00	156.253	156.267	156.211	156.239	676	0	21
2025.11.25	12:30:00	156.239	156.361	156.225	156.361	498	0	21
2025.11.25	12:40:00	156.362	156.375	156.34	156.365	492	0	21
2025.11.25	12:50:00	156.365	156.388	156.321	156.337	461	0	21
2025.11.25	13:00:00	156.338	156.473	156.338	156.462	601	0	21
2025.11.25	13:10:00	156.461	156.479	156.437	156.461	502	0	21
2025.11.25	13:20:00	156.462	156.481	156.453	156.458	397	0	21
2025.11.25	13:30:00	156.457	156.507	156.443	156.5	457	0	21
2025.11.25	13:40:00	156.499	156.509	156.427	156.441	332	0	21
2025.11.25	13:50:00	156.441	156.481	156.416	156.431	478	0	21
2025.11.25	14:00:00	156.432	156.45	156.385	156.444	717	0	21
2025.11.25	14:10:00	156.445	156.465	156.394	156.432	449	0	21
2025.11.25	14:20:00	156.431	156.442	156.372	156.38	673	0	21
2025.11.25	14:30:00	156.38	156.392	156.348	156.385	422	0	21
2025.11.25	14:40:00	156.384	156.501	156.369	156.404	1849	0	21
2025.11.25	14:50:00	156.404	156.431	156.285	156.288	1057	0	21
2025.11.25	15:00:00	156.285	156.3	156.134	156.179	1241	0	21
2025.11.25	15:10:00	156.179	156.208	156.017	156.092	1505	0	21
2025.11.25	15:20:00	156.093	156.188	156.092	156.17	918	0	21
2025.11.25	15:30:00	156.167	156.332	156.019	156.284	2019	0	21
2025.11.25	15:40:00	156.284	156.285	156.136	156.162	1236	0	21
2025.11.25	15:50:00	156.16	156.201	156.114	156.135	1033	0	21
2025.11.25	16:00:00	156.133	156.137	156.025	156.057	985	0	21
2025.11.25	16:10:00	156.058	156.249	156.058	156.246	1043	0	21
2025.11.25	16:20:00	156.248	156.265	156.155	156.241	1149	0	21
2025.11.25	16:30:00	156.241	156.242	156.183	156.201	1743	0	21
2025.11.25	16:40:00	156.199	156.216	155.887	155.929	2015	0	21
2025.11.25	16:50:00	155.93	156.056	155.888	156.051	1677	0	21
2025.11.25	17:00:00	156.048	156.048	155.882	155.969	1686	0	21
2025.11.25	17:10:00	155.968	156.08	155.953	156.058	1799	0	21
2025.11.25	17:20:00	156.057	156.072	155.895	156.005	1865	0	21
2025.11.25	17:30:00	156.005	156.06	155.91	155.967	1359	0	21
2025.11.25	17:40:00	155.967	156.1	155.93	156.045	1469	0	21
2025.11.25	17:50:00	156.044	156.162	156.017	156.135	1817	0	21
2025.11.25	18:00:00	156.136	156.156	156.086	156.098	1170	0	21
2025.11.25	18:10:00	156.099	156.124	156.051	156.083	925	0	21
2025.11.25	18:20:00	156.082	156.145	156.075	156.144	697	0	21
2025.11.25	18:30:00	156.143	156.189	156.115	156.172	780	0	21
2025.11.25	18:40:00	156.174	156.269	156.165	156.263	684	0	21
2025.11.25	18:50:00	156.262	156.302	156.241	156.295	689	0	21
2025.11.25	19:00:00	156.296	156.324	155.996	156.019	2387	0	21
2025.11.25	19:10:00	156.02	156.08	155.93	155.932	1477	0	21
2025.11.25	19:20:00	155.928	155.938	155.791	155.901	1442	0	21
2025.11.25	19:30:00	155.906	155.96	155.842	155.937	952	0	21
2025.11.25	19:40:00	155.937	155.986	155.909	155.935	798	0	21
2025.11.25	19:50:00	155.936	155.952	155.856	155.888	769	0	21
2025.11.25	20:00:00	155.887	155.935	155.824	155.848	870	0	21
2025.11.25	20:10:00	155.848	155.964	155.836	155.896	1398	0	21
2025.11.25	20:20:00	155.895	155.926	155.864	155.922	853	0	21
2025.11.25	20:30:00	155.923	155.928	155.884	155.894	544	0	21
2025.11.25	20:40:00	155.894	155.912	155.873	155.903	542	0	21
2025.11.25	20:50:00	155.903	155.927	155.886	155.902	491	0	21
2025.11.25	21:00:00	155.903	155.933	155.887	155.924	408	0	21
2025.11.25	21:10:00	155.925	155.94	155.898	155.933	498	0	21
2025.11.25	21:20:00	155.932	155.948	155.922	155.937	415	0	21
2025.11.25	21:30:00	155.935	155.94	155.899	155.907	343	0	21
2025.11.25	21:40:00	155.906	155.91	155.863	155.898	421	0	21
2025.11.25	21:50:00	155.898	155.898	155.796	155.817	512	0	21
2025.11.25	22:00:00	155.816	155.892	155.808	155.883	454	0	21
2025.11.25	22:10:00	155.883	155.993	155.873	155.992	714	0	21
2025.11.25	22:20:00	155.992	156.073	155.971	156.07	684	0	21
2025.11.25	22:30:00	156.071	156.124	156.066	156.098	677	0	21
2025.11.25	22:40:00	156.099	156.175	156.099	156.143	454	0	21
2025.11.25	22:50:00	156.144	156.176	156.088	156.089	682	0	21
2025.11.25	23:00:00	156.088	156.104	156.051	156.058	398	0	21
2025.11.25	23:10:00	156.057	156.091	156.049	156.063	251	0	21
2025.11.25	23:20:00	156.062	156.083	156.043	156.052	185	0	21
2025.11.25	23:30:00	156.053	156.072	156.03	156.045	225	0	23
2025.11.25	23:40:00	156.043	156.074	156.042	156.065	183	0	22
2025.11.25	23:50:00	156.063	156.074	156.016	156.027	579	0	23
2025.11.26	00:00:00	155.901	155.992	155.897	155.899	32	0	90
2025.11.26	00:10:00	155.899	155.97	155.899	155.941	55	0	86
2025.11.26	00:20:00	155.944	155.973	155.936	155.956	60	0	58
2025.11.26	00:30:00	155.956	156.097	155.953	155.968	138	0	71
2025.11.26	00:40:00	155.969	156.012	155.96	155.992	101	0	61
2025.11.26	00:50:00	155.992	156.021	155.983	156.015	73	0	49
2025.11.26	01:00:00	156.013	156.067	155.999	156.064	398	0	21
2025.11.26	01:10:00	156.065	156.144	156.061	156.127	412	0	21
2025.11.26	01:20:00	156.127	156.136	156.087	156.09	240	0	23
2025.11.26	01:30:00	156.093	156.141	156.089	156.136	296	0	21
2025.11.26	01:40:00	156.137	156.212	156.126	156.202	449	0	21
2025.11.26	01:50:00	156.203	156.221	156.174	156.187	512	0	22
2025.11.26	02:00:00	156.187	156.198	156.094	156.15	1087	0	21
2025.11.26	02:10:00	156.151	156.249	156.128	156.204	630	0	21
2025.11.26	02:20:00	156.204	156.209	156.132	156.156	469	0	21
2025.11.26	02:30:00	156.156	156.169	156.083	156.157	939	0	21
2025.11.26	02:40:00	156.156	156.235	156.15	156.217	979	0	21
2025.11.26	02:50:00	156.22	156.338	156.199	156.244	1362	0	21
2025.11.26	03:00:00	156.244	156.274	156.169	156.262	953	0	21
2025.11.26	03:10:00	156.261	156.35	156.261	156.333	974	0	21
2025.11.26	03:20:00	156.333	156.362	156.301	156.342	803	0	21
2025.11.26	03:30:00	156.341	156.341	155.872	155.873	2118	0	21
2025.11.26	03:40:00	155.869	156.073	155.808	155.97	1428	0	21
2025.11.26	03:50:00	155.969	155.992	155.801	155.933	1572	0	21
2025.11.26	04:00:00	155.935	156.01	155.858	155.868	1110	0	21
2025.11.26	04:10:00	155.87	155.885	155.726	155.727	1544	0	21
2025.11.26	04:20:00	155.728	155.799	155.649	155.667	1274	0	21
2025.11.26	04:30:00	155.671	155.765	155.641	155.758	1210	0	21
2025.11.26	04:40:00	155.758	155.819	155.708	155.772	1159	0	21
2025.11.26	04:50:00	155.772	155.844	155.703	155.837	1074	0	21
2025.11.26	05:00:00	155.837	155.857	155.736	155.742	979	0	21
2025.11.26	05:10:00	155.742	155.863	155.742	155.857	638	0	21
2025.11.26	05:20:00	155.857	155.897	155.828	155.884	579	0	21
2025.11.26	05:30:00	155.885	155.885	155.75	155.798	849	0	21
2025.11.26	05:40:00	155.798	155.874	155.791	155.871	675	0	21
2025.11.26	05:50:00	155.871	155.895	155.845	155.869	648	0	21
2025.11.26	06:00:00	155.87	155.978	155.865	155.965	622	0	21
2025.11.26	06:10:00	155.966	156.017	155.945	156.016	580	0	21
2025.11.26	06:20:00	156.016	156.102	156.002	156.101	596	0	21
2025.11.26	06:30:00	156.102	156.115	156.035	156.064	477	0	21
2025.11.26	06:40:00	156.065	156.082	156.024	156.063	596	0	21
2025.11.26	06:50:00	156.064	156.075	156.017	156.027	564	0	21
2025.11.26	07:00:00	156.025	156.097	156.016	156.08	553	0	21
2025.11.26	07:10:00	156.08	156.173	156.077	156.161	732	0	21
2025.11.26	07:20:00	156.16	156.16	156.065	156.095	530	0	21
2025.11.26	07:30:00	156.092	156.123	156.041	156.059	757	0	21
2025.11.26	07:40:00	156.059	156.149	156.053	156.109	901	0	21
2025.11.26	07:50:00	156.108	156.129	156.046	156.102	997	0	21
2025.11.26	08:00:00	156.103	156.186	156.103	156.177	830	0	21
2025.11.26	08:10:00	156.178	156.183	156.109	156.16	875	0	21
2025.11.26	08:20:00	156.16	156.162	156.05	156.05	868	0	21
2025.11.26	08:30:00	156.049	156.142	156.038	156.135	707	0	21
2025.11.26	08:40:00	156.136	156.237	156.095	156.222	823	0	21
2025.11.26	08:50:00	156.223	156.275	156.195	156.197	714	0	21
2025.11.26	09:00:00	156.197	156.197	156.137	156.178	1060	0	21
2025.11.26	09:10:00	156.179	156.265	156.17	156.251	724	0	21
2025.11.26	09:20:00	156.252	156.391	156.25	156.388	876	0	21
2025.11.26	09:30:00	156.389	156.452	156.316	156.366	1382	0	21
2025.11.26	09:40:00	156.368	156.443	156.367	156.434	1204	0	21
2025.11.26	09:50:00	156.433	156.443	156.353	156.374	1124	0	21
2025.11.26	10:00:00	156.373	156.438	156.315	156.354	1163	0	21
2025.11.26	10:10:00	156.355	156.393	156.32	156.337	996	0	21
2025.11.26	10:20:00	156.336	156.428	156.334	156.36	1251	0	21
2025.11.26	10:30:00	156.359	156.418	156.307	156.333	1072	0	21
2025.11.26	10:40:00	156.333	156.402	156.319	156.392	694	0	21
2025.11.26	10:50:00	156.389	156.482	156.377	156.432	925	0	21
2025.11.26	11:00:00	156.433	156.472	156.348	156.373	960	0	21
2025.11.26	11:10:00	156.373	156.395	156.326	156.378	656	0	21
2025.11.26	11:20:00	156.378	156.386	156.325	156.382	429	0	21
2025.11.26	11:30:00	156.384	156.472	156.344	156.394	605	0	21
2025.11.26	11:40:00	156.394	156.422	156.334	156.406	547	0	21
2025.11.26	11:50:00	156.407	156.491	156.402	156.442	898	0	21
2025.11.26	12:00:00	156.441	156.445	156.316	156.391	1002	0	21
2025.11.26	12:10:00	156.386	156.389	156.333	156.384	529	0	21
2025.11.26	12:20:00	156.384	156.446	156.364	156.407	792	0	21
2025.11.26	12:30:00	156.408	156.42	156.377	156.379	611	0	21
2025.11.26	12:40:00	156.379	156.436	156.379	156.406	621	0	21
2025.11.26	12:50:00	156.406	156.5	156.404	156.466	683	0	21
2025.11.26	13:00:00	156.467	156.501	156.42	156.468	638	0	21
2025.11.26	13:10:00	156.469	156.566	156.469	156.542	613	0	21
2025.11.26	13:20:00	156.543	156.563	156.503	156.503	878	0	21
2025.11.26	13:30:00	156.505	156.535	156.492	156.501	422	0	21
2025.11.26	13:40:00	156.503	156.504	156.367	156.405	1523	0	21
2025.11.26	13:50:00	156.405	156.48	156.399	156.463	1288	0	21
2025.11.26	14:00:00	156.465	156.564	156.448	156.546	1801	0	21
2025.11.26	14:10:00	156.546	156.577	156.502	156.504	1374	0	21
2025.11.26	14:20:00	156.504	156.511	156.441	156.448	774	0	21
2025.11.26	14:30:00	156.448	156.564	156.436	156.551	798	0	21
2025.11.26	14:40:00	156.553	156.574	156.487	156.538	1009	0	21
2025.11.26	14:50:00	156.538	156.541	156.43	156.468	967	0	21
2025.11.26	15:00:00	156.467	156.507	156.395	156.419	1054	0	21
2025.11.26	15:10:00	156.42	156.439	156.33	156.347	852	0	21
2025.11.26	15:20:00	156.347	156.38	156.319	156.334	1098	0	21
2025.11.26	15:30:00	156.338	156.666	156.338	156.563	1822	0	21
2025.11.26	15:40:00	156.561	156.667	156.481	156.66	2179	0	21
2025.11.26	15:50:00	156.661	156.677	156.619	156.651	1571	0	21
2025.11.26	16:00:00	156.652	156.666	156.592	156.644	1292	0	21
2025.11.26	16:10:00	156.643	156.654	156.614	156.615	888	0	21
2025.11.26	16:20:00	156.616	156.726	156.611	156.706	869	0	21
2025.11.26	16:30:00	156.707	156.725	156.6	156.63	1225	0	21
2025.11.26	16:40:00	156.63	156.658	156.492	156.554	917	0	21
2025.11.26	16:50:00	156.558	156.607	156.488	156.597	1501	0	21
2025.11.26	17:00:00	156.603	156.631	156.477	156.518	1321	0	21
2025.11.26	17:10:00	156.518	156.523	156.426	156.432	1255	0	21
2025.11.26	17:20:00	156.433	156.539	156.419	156.474	1125	0	21
2025.11.26	17:30:00	156.474	156.581	156.459	156.519	1074	0	21
2025.11.26	17:40:00	156.52	156.541	156.449	156.48	888	0	21
2025.11.26	17:50:00	156.481	156.542	156.405	156.405	1421	0	21
2025.11.26	18:00:00	156.404	156.455	156.378	156.431	1133	0	21
2025.11.26	18:10:00	156.432	156.435	156.315	156.321	730	0	21
2025.11.26	18:20:00	156.322	156.387	156.3	156.331	746	0	21
2025.11.26	18:30:00	156.334	156.357	156.276	156.334	658	0	21
2025.11.26	18:40:00	156.333	156.388	156.31	156.374	581	0	21
2025.11.26	18:50:00	156.374	156.435	156.37	156.373	611	0	21
2025.11.26	19:00:00	156.372	156.372	156.33	156.357	568	0	21
2025.11.26	19:10:00	156.356	156.43	156.346	156.407	448	0	21
2025.11.26	19:20:00	156.407	156.443	156.39	156.43	472	0	21
2025.11.26	19:30:00	156.429	156.452	156.419	156.444	539	0	21
2025.11.26	19:40:00	156.445	156.446	156.399	156.403	399	0	21
2025.11.26	19:50:00	156.403	156.413	156.381	156.395	508	0	21
2025.11.26	20:00:00	156.395	156.401	156.336	156.371	379	0	21
2025.11.26	20:10:00	156.365	156.412	156.335	156.396	600	0	21
2025.11.26	20:20:00	156.395	156.421	156.382	156.412	409	0	23
2025.11.26	20:30:00	156.411	156.498	156.409	156.479	464	0	21
2025.11.26	20:40:00	156.48	156.483	156.443	156.479	567	0	21
2025.11.26	20:50:00	156.479	156.48	156.443	156.453	491	0	21
2025.11.26	21:00:00	156.451	156.482	156.443	156.475	388	0	21
2025.11.26	21:10:00	156.475	156.494	156.463	156.468	281	0	22
2025.11.26	21:20:00	156.465	156.482	156.455	156.469	317	0	21
2025.11.26	21:30:00	156.469	156.47	156.424	156.43	367	0	21
2025.11.26	21:40:00	156.43	156.454	156.418	156.431	396	0	21
2025.11.26	21:50:00	156.433	156.456	156.429	156.446	358	0	21
2025.11.26	22:00:00	156.447	156.483	156.421	156.436	474	0	21
2025.11.26	22:10:00	156.435	156.444	156.412	156.418	640	0	21
2025.11.26	22:20:00	156.418	156.446	156.41	156.44	372	0	21
2025.11.26	22:30:00	156.44	156.444	156.411	156.417	424	0	21
2025.11.26	22:40:00	156.416	156.423	156.399	156.4	482	0	21
2025.11.26	22:50:00	156.396	156.442	156.396	156.439	575	0	21
2025.11.26	23:00:00	156.437	156.466	156.434	156.445	379	0	21
2025.11.26	23:10:00	156.445	156.468	156.444	156.457	175	0	21
2025.11.26	23:20:00	156.456	156.459	156.436	156.436	191	0	23
2025.11.26	23:30:00	156.435	156.444	156.407	156.407	100	0	25
2025.11.26	23:40:00	156.407	156.44	156.396	156.439	119	0	24
2025.11.26	23:50:00	156.439	156.457	156.43	156.442	423	0	26
2025.11.27	00:00:00	156.442	156.454	156.371	156.392	67	0	67
2025.11.27	00:10:00	156.391	156.421	156.379	156.415	373	0	77
2025.11.27	00:20:00	156.41	156.436	156.391	156.417	147	0	52
2025.11.27	00:30:00	156.42	156.421	156.391	156.41	294	0	37
2025.11.27	00:40:00	156.41	156.41	156.396	156.396	47	0	36
2025.11.27	00:50:00	156.397	156.403	156.38	156.399	100	0	44
2025.11.27	01:00:00	156.398	156.402	156.312	156.333	313	0	25
2025.11.27	01:10:00	156.332	156.338	156.315	156.33	87	0	23
2025.11.27	01:20:00	156.33	156.335	156.276	156.279	203	0	21
2025.11.27	01:30:00	156.281	156.322	156.251	156.319	261	0	23
2025.11.27	01:40:00	156.317	156.332	156.227	156.253	432	0	21
2025.11.27	01:50:00	156.253	156.271	156.206	156.208	372	0	21
2025.11.27	02:00:00	156.207	156.223	156.065	156.108	739	0	21
2025.11.27	02:10:00	156.108	156.153	156.098	156.149	515	0	21
2025.11.27	02:20:00	156.152	156.159	156.057	156.058	354	0	21
2025.11.27	02:30:00	156.059	156.106	156.035	156.102	479	0	21
2025.11.27	02:40:00	156.103	156.104	156.036	156.053	433	0	21
2025.11.27	02:50:00	156.052	156.079	155.855	156.026	1499	0	21
2025.11.27	03:00:00	156.027	156.028	155.886	155.93	1129	0	21
2025.11.27	03:10:00	155.93	155.941	155.866	155.917	883	0	21
2025.11.27	03:20:00	155.915	155.944	155.799	155.818	780	0	21
2025.11.27	03:30:00	155.817	155.994	155.71	155.993	1358	0	21
2025.11.27	03:40:00	155.994	156.167	155.978	156.051	1019	0	21
2025.11.27	03:50:00	156.052	156.088	155.999	156.041	1018	0	21
2025.11.27	04:00:00	156.034	156.041	155.918	155.938	723	0	21
2025.11.27	04:10:00	155.938	156.109	155.927	156.102	713	0	21
2025.11.27	04:20:00	156.101	156.172	156.099	156.116	623	0	21
2025.11.27	04:30:00	156.116	156.173	156.074	156.088	434	0	21
2025.11.27	04:40:00	156.093	156.112	156.043	156.074	372	0	21
2025.11.27	04:50:00	156.075	156.146	156.059	156.108	662	0	21
2025.11.27	05:00:00	156.108	156.141	156.081	156.138	410	0	21
2025.11.27	05:10:00	156.138	156.144	156.072	156.077	416	0	21
2025.11.27	05:20:00	156.078	156.107	156.078	156.085	278	0	21
2025.11.27	05:30:00	156.085	156.099	156.03	156.046	328	0	21
2025.11.27	05:40:00	156.05	156.062	156.019	156.024	266	0	21
2025.11.27	05:50:00	156.023	156.085	156.021	156.069	401	0	21
2025.11.27	06:00:00	156.07	156.09	156.037	156.068	368	0	21
2025.11.27	06:10:00	156.069	156.085	156.009	156.025	303	0	21
2025.11.27	06:20:00	156.024	156.077	156.008	156.01	379	0	21
2025.11.27	06:30:00	156.008	156.014	155.928	155.957	357	0	21
2025.11.27	06:40:00	155.958	156.041	155.951	156.026	323	0	21
2025.11.27	06:50:00	156.027	156.036	155.964	155.996	405	0	21
2025.11.27	07:00:00	155.996	156.002	155.92	155.928	493	0	21
2025.11.27	07:10:00	155.928	155.928	155.81	155.817	651	0	21
2025.11.27	07:20:00	155.817	155.862	155.805	155.861	606	0	21
2025.11.27	07:30:00	155.862	155.907	155.804	155.88	568	0	21
2025.11.27	07:40:00	155.881	155.937	155.855	155.916	685	0	21
2025.11.27	07:50:00	155.918	155.983	155.855	155.98	901	0	21
2025.11.27	08:00:00	155.979	156.013	155.902	155.97	830	0	21
2025.11.27	08:10:00	155.969	156.064	155.969	156.047	583	0	21
2025.11.27	08:20:00	156.047	156.125	156.039	156.113	499	0	21
2025.11.27	08:30:00	156.113	156.152	156.099	156.145	504	0	21
2025.11.27	08:40:00	156.147	156.195	156.142	156.158	553	0	21
2025.11.27	08:50:00	156.156	156.184	156.124	156.125	642	0	21
2025.11.27	09:00:00	156.126	156.196	156.12	156.195	506	0	21
2025.11.27	09:10:00	156.194	156.225	156.172	156.219	439	0	21
2025.11.27	09:20:00	156.219	156.244	156.197	156.236	486	0	21
2025.11.27	09:30:00	156.235	156.245	156.183	156.223	313	0	21
2025.11.27	09:40:00	156.223	156.289	156.22	156.232	335	0	21
2025.11.27	09:50:00	156.234	156.234	156.097	156.098	588	0	21
2025.11.27	10:00:00	156.097	156.2	156.069	156.172	840	0	21
2025.11.27	10:10:00	156.172	156.221	156.144	156.217	446	0	21
2025.11.27	10:20:00	156.217	156.293	156.201	156.205	668	0	21
2025.11.27	10:30:00	156.203	156.221	156.13	156.208	621	0	21
2025.11.27	10:40:00	156.208	156.306	156.203	156.277	654	0	21
2025.11.27	10:50:00	156.278	156.354	156.277	156.309	840	0	21
2025.11.27	11:00:00	156.31	156.375	156.31	156.343	774	0	21
2025.11.27	11:10:00	156.344	156.38	156.306	156.354	682	0	21
2025.11.27	11:20:00	156.354	156.393	156.34	156.384	434	0	21
2025.11.27	11:30:00	156.385	156.392	156.312	156.321	410	0	21
2025.11.27	11:40:00	156.32	156.357	156.3	156.341	455	0	22
2025.11.27	11:50:00	156.34	156.38	156.337	156.346	314	0	21
2025.11.27	12:00:00	156.345	156.349	156.309	156.32	403	0	21
2025.11.27	12:10:00	156.321	156.343	156.311	156.313	355	0	21
2025.11.27	12:20:00	156.315	156.319	156.247	156.279	351	0	21
2025.11.27	12:30:00	156.279	156.321	156.271	156.292	230	0	21
2025.11.27	12:40:00	156.293	156.293	156.259	156.271	204	0	21
2025.11.27	12:50:00	156.27	156.307	156.268	156.273	351	0	21
2025.11.27	13:00:00	156.274	156.284	156.24	156.262	353	0	21
2025.11.27	13:10:00	156.261	156.299	156.255	156.271	320	0	21
2025.11.27	13:20:00	156.272	156.283	156.256	156.263	367	0	21
2025.11.27	13:30:00	156.264	156.281	156.252	156.276	233	0	21
2025.11.27	13:40:00	156.276	156.339	156.269	156.333	303	0	21
2025.11.27	13:50:00	156.332	156.334	156.294	156.3	279	0	21
2025.11.27	14:00:00	156.301	156.332	156.289	156.303	541	0	21
2025.11.27	14:10:00	156.302	156.307	156.255	156.256	251	0	21
2025.11.27	14:20:00	156.257	156.306	156.257	156.288	215	0	21
2025.11.27	14:30:00	156.288	156.319	156.282	156.31	317	0	21
2025.11.27	14:40:00	156.309	156.378	156.309	156.368	389	0	21
2025.11.27	14:50:00	156.368	156.375	156.342	156.365	707	0	21
2025.11.27	15:00:00	156.366	156.371	156.306	156.309	602	0	21
2025.11.27	15:10:00	156.31	156.323	156.277	156.28	224	0	22
2025.11.27	15:20:00	156.279	156.31	156.254	156.258	289	0	21
2025.11.27	15:30:00	156.26	156.305	156.256	156.284	475	0	21
2025.11.27	15:40:00	156.285	156.322	156.285	156.3	364	0	21
2025.11.27	15:50:00	156.299	156.307	156.234	156.254	542	0	21
2025.11.27	16:00:00	156.253	156.28	156.222	156.273	465	0	21
2025.11.27	16:10:00	156.273	156.292	156.264	156.28	553	0	21
2025.11.27	16:20:00	156.279	156.333	156.278	156.325	463	0	21
2025.11.27	16:30:00	156.325	156.351	156.325	156.343	414	0	21
2025.11.27	16:40:00	156.344	156.351	156.304	156.308	311	0	21
2025.11.27	16:50:00	156.311	156.33	156.307	156.316	389	0	21
2025.11.27	17:00:00	156.317	156.333	156.293	156.294	385	0	21
2025.11.27	17:10:00	156.294	156.301	156.271	156.281	295	0	21
2025.11.27	17:20:00	156.282	156.293	156.253	156.259	326	0	21
2025.11.27	17:30:00	156.259	156.292	156.256	156.279	328	0	21
2025.11.27	17:40:00	156.28	156.285	156.244	156.246	245	0	21
2025.11.27	17:50:00	156.246	156.307	156.24	156.295	775	0	21
2025.11.27	18:00:00	156.295	156.347	156.289	156.314	617	0	21
2025.11.27	18:10:00	156.31	156.314	156.288	156.29	791	0	21
2025.11.27	18:20:00	156.289	156.294	156.248	156.263	438	0	22
2025.11.27	18:30:00	156.263	156.3	156.26	156.281	283	0	21
2025.11.27	18:40:00	156.281	156.295	156.279	156.282	185	0	23
2025.11.27	18:50:00	156.283	156.292	156.254	156.267	156	0	22
2025.11.27	19:00:00	156.266	156.304	156.259	156.298	327	0	22
2025.11.27	19:10:00	156.297	156.309	156.294	156.309	191	0	21
2025.11.27	19:20:00	156.308	156.338	156.308	156.321	242	0	22
2025.11.27	19:30:00	156.318	156.351	156.315	156.338	327	0	21
2025.11.27	19:40:00	156.337	156.356	156.337	156.341	113	0	22
2025.11.27	19:50:00	156.342	156.342	156.317	156.318	183	0	21
2025.11.27	20:00:00	156.318	156.334	156.313	156.331	121	0	24
2025.11.27	20:10:00	156.331	156.35	156.328	156.338	116	0	24
2025.11.27	20:20:00	156.339	156.353	156.338	156.353	127	0	23
2025.11.27	20:30:00	156.352	156.357	156.35	156.352	116	0	24
2025.11.27	20:40:00	156.352	156.354	156.339	156.34	143	0	22
2025.11.27	20:50:00	156.339	156.353	156.338	156.349	86	0	23
2025.11.27	21:00:00	156.349	156.351	156.335	156.335	111	0	22
2025.11.27	21:10:00	156.335	156.339	156.335	156.337	58	0	23
2025.11.27	21:20:00	156.337	156.342	156.336	156.337	98	0	21
2025.11.27	21:30:00	156.337	156.343	156.336	156.339	49	0	23
2025.11.27	21:40:00	156.339	156.341	156.312	156.314	206	0	23
2025.11.27	21:50:00	156.313	156.332	156.311	156.324	281	0	22
2025.11.27	22:00:00	156.324	156.326	156.302	156.314	186	0	22
2025.11.27	22:10:00	156.313	156.319	156.308	156.309	213	0	24
2025.11.27	22:20:00	156.31	156.313	156.305	156.311	167	0	25
2025.11.27	22:30:00	156.312	156.314	156.255	156.276	322	0	22
2025.11.27	22:40:00	156.277	156.295	156.273	156.287	446	0	23
2025.11.27	22:50:00	156.286	156.311	156.278	156.304	222	0	24
2025.11.27	23:00:00	156.299	156.303	156.287	156.294	225	0	23
2025.11.27	23:10:00	156.293	156.294	156.276	156.28	56	0	26
2025.11.27	23:20:00	156.276	156.282	156.252	156.277	128	0	24
2025.11.27	23:30:00	156.277	156.284	156.275	156.277	83	0	25
2025.11.27	23:40:00	156.277	156.278	156.262	156.267	94	0	28
2025.11.27	23:50:00	156.267	156.291	156.254	156.254	145	0	29
2025.11.28	00:00:00	156.252	156.268	156.224	156.268	30	0	83
2025.11.28	00:10:00	156.268	156.298	156.268	156.297	62	0	63
2025.11.28	00:20:00	156.296	156.303	156.291	156.295	83	0	55
2025.11.28	00:30:00	156.294	156.296	156.25	156.272	240	0	39
2025.11.28	00:40:00	156.27	156.277	156.258	156.26	143	0	49
2025.11.28	00:50:00	156.259	156.259	156.248	156.257	104	0	48
2025.11.28	01:00:00	156.257	156.27	156.203	156.261	198	0	21
2025.11.28	01:10:00	156.262	156.262	156.203	156.215	247	0	25
2025.11.28	01:20:00	156.215	156.238	156.211	156.226	140	0	23
2025.11.28	01:30:00	156.226	156.299	156.191	156.252	354	0	22
2025.11.28	01:40:00	156.254	156.296	156.252	156.289	281	0	25
2025.11.28	01:50:00	156.289	156.29	156.262	156.277	80	0	23
2025.11.28	02:00:00	156.277	156.313	156.18	156.217	632	0	21
2025.11.28	02:10:00	156.217	156.239	156.163	156.229	526	0	21
2025.11.28	02:20:00	156.229	156.322	156.227	156.312	797	0	21
2025.11.28	02:30:00	156.311	156.347	156.238	156.312	838	0	21
2025.11.28	02:40:00	156.311	156.45	156.303	156.448	1437	0	21
2025.11.28	02:50:00	156.449	156.57	156.409	156.434	1917	0	21
2025.11.28	03:00:00	156.433	156.435	156.309	156.36	1106	0	21
2025.11.28	03:10:00	156.367	156.426	156.338	156.352	856	0	21
2025.11.28	03:20:00	156.35	156.394	156.334	156.38	660	0	21
2025.11.28	03:30:00	156.38	156.447	156.359	156.402	671	0	21
2025.11.28	03:40:00	156.403	156.412	156.379	156.381	330	0	21
2025.11.28	03:50:00	156.377	156.397	156.365	156.367	463	0	21
2025.11.28	04:00:00	156.366	156.371	156.323	156.345	566	0	21
2025.11.28	04:10:00	156.344	156.353	156.311	156.321	351	0	21
2025.11.28	04:20:00	156.32	156.323	156.269	156.273	1091	0	21
2025.11.28	04:30:00	156.275	156.279	156.079	156.257	1816	0	21
2025.11.28	04:40:00	156.258	156.282	156.214	156.282	2890	0	21
2025.11.28	04:50:00	156.282	156.333	156.224	156.267	3081	0	24
2025.11.28	05:00:00	156.267	156.296	156.212	156.26	2905	0	24
2025.11.28	05:10:00	156.259	156.287	156.096	156.264	3197	0	24
2025.11.28	05:20:00	156.263	156.294	156.239	156.26	3450	0	23
2025.11.28	05:30:00	156.261	156.272	156.214	156.232	3698	0	21
2025.11.28	05:40:00	156.23	156.27	156.171	156.184	3866	0	27
2025.11.28	05:50:00	156.183	156.261	156.171	156.254	1891	0	25
2025.11.28	06:00:00	156.255	156.274	156.186	156.22	3415	0	26
2025.11.28	06:10:00	156.22	156.235	156.176	156.203	3183	0	24
2025.11.28	06:20:00	156.201	156.234	156.174	156.205	2050	0	24
2025.11.28	06:30:00	156.207	156.233	156.199	156.22	3168	0	24
2025.11.28	06:40:00	156.223	156.228	156.175	156.197	2843	0	24
2025.11.28	06:50:00	156.197	156.237	156.181	156.208	2809	0	23
2025.11.28	07:00:00	156.207	156.296	156.197	156.242	3232	0	21
2025.11.28	07:10:00	156.242	156.386	156.224	156.303	3376	0	21
2025.11.28	07:20:00	156.303	156.368	156.262	156.288	3471	0	21
2025.11.28	07:30:00	156.288	156.349	156.274	156.297	3841	0	21
2025.11.28	07:40:00	156.296	156.352	156.293	156.336	3196	0	21
2025.11.28	07:50:00	156.338	156.391	156.319	156.332	3002	0	24
2025.11.28	08:00:00	156.332	156.385	156.32	156.352	3178	0	23
2025.11.28	08:10:00	156.351	156.426	156.338	156.393	3013	0	21
2025.11.28	08:20:00	156.395	156.4	156.34	156.365	2322	0	21
2025.11.28	08:30:00	156.367	156.389	156.335	156.337	2672	0	23
2025.11.28	08:40:00	156.338	156.416	156.335	156.407	3085	0	21
2025.11.28	08:50:00	156.405	156.421	156.355	156.367	2336	0	21
2025.11.28	09:00:00	156.367	156.385	156.336	156.372	2222	0	23
2025.11.28	09:10:00	156.372	156.382	156.334	156.368	3058	0	22
2025.11.28	09:20:00	156.367	156.39	156.337	156.363	2624	0	21
2025.11.28	09:30:00	156.364	156.389	156.335	156.374	2542	0	21
2025.11.28	09:40:00	156.374	156.387	156.308	156.364	2489	0	21
2025.11.28	09:50:00	156.366	156.372	156.269	156.29	3853	0	21
2025.11.28	10:00:00	156.285	156.362	156.27	156.345	3809	0	23
2025.11.28	10:10:00	156.342	156.372	156.314	156.352	2354	0	21
2025.11.28	10:20:00	156.351	156.362	156.325	156.337	3079	0	23
2025.11.28	10:30:00	156.34	156.358	156.278	156.343	3930	0	22
2025.11.28	10:40:00	156.343	156.355	156.271	156.316	3889	0	21
2025.11.28	10:50:00	156.318	156.359	156.266	156.341	3504	0	21
2025.11.28	11:00:00	156.341	156.362	156.266	156.294	3559	0	21
2025.11.28	11:10:00	156.294	156.324	156.24	156.305	3424	0	21
2025.11.28	11:20:00	156.311	156.339	156.242	156.297	3647	0	21
2025.11.28	11:30:00	156.298	156.329	156.243	156.284	3544	0	21
2025.11.28	11:40:00	156.286	156.291	156.206	156.282	3694	0	27
2025.11.28	11:50:00	156.283	156.352	156.242	156.305	2719	0	26
2025.11.28	12:00:00	156.305	156.334	156.291	156.321	2010	0	21
2025.11.28	12:10:00	156.319	156.368	156.253	156.3	3207	0	21
2025.11.28	12:20:00	156.301	156.347	156.244	156.3	3059	0	21
2025.11.28	12:30:00	156.298	156.328	156.254	156.313	2758	0	26
2025.11.28	12:40:00	156.313	156.32	156.246	156.304	2726	0	25
2025.11.28	12:50:00	156.303	156.316	156.237	156.253	2267	0	21
2025.11.28	13:00:00	156.252	156.287	156.232	156.262	2183	0	34
2025.11.28	13:10:00	156.261	156.285	156.229	156.242	2627	0	21
2025.11.28	13:20:00	156.242	156.258	156.206	156.216	2291	0	23
2025.11.28	13:30:00	156.215	156.244	156.178	156.218	2390	0	25
2025.11.28	13:40:00	156.218	156.264	156.198	156.242	2411	0	21
2025.11.28	13:50:00	156.243	156.247	156.141	156.192	2005	0	24
2025.11.28	14:00:00	156.193	156.248	156.158	156.204	1610	0	21
2025.11.28	14:10:00	156.204	156.226	156.154	156.154	1847	0	21
2025.11.28	14:20:00	156.154	156.17	156.141	156.141	627	0	21
2025.11.28	14:30:00	156.142	156.143	156.081	156.086	1281	0	21
2025.11.28	14:40:00	156.087	156.146	156.086	156.092	2070	0	22
2025.11.28	14:50:00	156.093	156.127	156.083	156.104	2259	0	21
2025.11.28	15:00:00	156.103	156.129	156.097	156.11	1641	0	21
2025.11.28	15:10:00	156.11	156.138	156.098	156.123	2350	0	21
2025.11.28	15:20:00	156.126	156.137	156.107	156.115	2010	0	21
2025.11.28	15:30:00	156.12	156.141	156.092	156.113	2123	0	21
2025.11.28	15:40:00	156.113	156.146	156.092	156.1	1351	0	21
2025.11.28	15:50:00	156.099	156.108	155.993	156.009	1281	0	21
2025.11.28	16:00:00	156.009	156.038	155.979	155.993	1511	0	21
2025.11.28	16:10:00	155.993	156.132	155.97	156.132	692	0	21
2025.11.28	16:20:00	156.132	156.339	156.116	156.268	878	0	21
2025.11.28	16:30:00	156.269	156.379	156.247	156.271	940	0	21
2025.11.28	16:40:00	156.27	156.377	156.221	156.313	1057	0	21
2025.11.28	16:50:00	156.315	156.349	156.215	156.232	918	0	21
2025.11.28	17:00:00	156.232	156.252	156.137	156.236	668	0	21
2025.11.28	17:10:00	156.237	156.299	156.235	156.293	462	0	23
2025.11.28	17:20:00	156.292	156.295	156.22	156.226	1082	0	21
2025.11.28	17:30:00	156.225	156.295	156.219	156.22	1946	0	21
2025.11.28	17:40:00	156.22	156.329	156.148	156.161	1064	0	21
2025.11.28	17:50:00	156.162	156.262	155.986	156.023	2445	0	21
2025.11.28	18:00:00	156.022	156.136	155.983	156.112	1794	0	21
2025.11.28	18:10:00	156.112	156.179	156.092	156.141	1177	0	21
2025.11.28	18:20:00	156.141	156.182	156.106	156.155	877	0	22
2025.11.28	18:30:00	156.155	156.184	156.138	156.149	747	0	21
2025.11.28	18:40:00	156.148	156.155	156.116	156.15	462	0	21
2025.11.28	18:50:00	156.15	156.191	156.143	156.165	564	0	22
2025.11.28	19:00:00	156.164	156.252	156.146	156.226	823	0	21
2025.11.28	19:10:00	156.225	156.239	156.196	156.2	572	0	21
2025.11.28	19:20:00	156.201	156.256	156.197	156.22	747	0	21
2025.11.28	19:30:00	156.22	156.229	156.122	156.141	796	0	21
2025.11.28	19:40:00	156.141	156.189	156.119	156.183	379	0	21
2025.11.28	19:50:00	156.184	156.208	156.141	156.198	963	0	22
2025.11.28	20:00:00	156.202	156.226	156.157	156.186	771	0	21
2025.11.28	20:10:00	156.186	156.203	156.141	156.142	363	0	21
2025.11.28	20:20:00	156.143	156.15	156.109	156.114	807	0	24
2025.11.28	20:30:00	156.114	156.157	156.072	156.148	817	0	22
2025.11.28	20:40:00	156.146	156.18	156.116	156.139	449	0	22
2025.11.28	20:50:00	156.139	156.152	156.114	156.124	451	0	22
2025.11.28	21:00:00	156.123	156.159	156.117	156.125	950	0	21
2025.11.28	21:10:00	156.124	156.146	156.113	156.123	580	0	21
2025.11.28	21:20:00	156.124	156.125	156.096	156.1	376	0	21
2025.11.28	21:30:00	156.099	156.104	156.063	156.092	399	0	21
2025.11.28	21:40:00	156.091	156.092	156.058	156.078	528	0	21
2025.11.28	21:50:00	156.079	156.111	156.068	156.109	502	0	22
2025.11.28	22:00:00	156.108	156.111	156.073	156.083	670	0	21
2025.11.28	22:10:00	156.082	156.096	156.051	156.083	498	0	21
2025.11.28	22:20:00	156.083	156.102	156.079	156.092	634	0	21
2025.11.28	22:30:00	156.092	156.101	156.067	156.086	472	0	21
2025.11.28	22:40:00	156.087	156.1	156.072	156.077	285	0	22
2025.11.28	22:50:00	156.078	156.139	156.075	156.133	449	0	21
2025.11.28	23:00:00	156.135	156.154	156.11	156.112	687	0	21
2025.11.28	23:10:00	156.112	156.125	156.11	156.118	368	0	23
2025.11.28	23:20:00	156.119	156.126	156.112	156.119	518	0	21
2025.11.28	23:30:00	156.119	156.127	156.112	156.119	357	0	23
2025.11.28	23:40:00	156.118	156.162	156.085	156.15	152	0	25
2025.11.28	23:50:00	156.149	156.165	156.127	156.158	443	0	21
2025.12.01	00:00:00	156.043	156.105	156.043	156.105	46	0	51
2025.12.01	00:10:00	156.105	156.11	156.093	156.099	59	0	64
2025.12.01	00:20:00	156.097	156.11	156.072	156.082	206	0	53
2025.12.01	00:30:00	156.081	156.094	156.039	156.072	232	0	37
2025.12.01	00:40:00	156.073	156.084	156.069	156.08	158	0	56
2025.12.01	00:50:00	156.08	156.08	156.048	156.068	297	0	65
2025.12.01	01:00:00	156.06	156.107	156.007	156.027	447	0	21
2025.12.01	01:10:00	156.027	156.089	156.02	156.071	648	0	21
2025.12.01	01:20:00	156.07	156.077	156.012	156.026	913	0	24
2025.12.01	01:30:00	156.025	156.139	156.02	156.111	611	0	21
2025.12.01	01:40:00	156.112	156.112	156.014	156.021	597	0	21
2025.12.01	01:50:00	156.023	156.025	155.892	155.896	628	0	21
2025.12.01	02:00:00	155.897	155.899	155.753	155.844	1378	0	21
2025.12.01	02:10:00	155.846	155.883	155.772	155.801	1085	0	21
2025.12.01	02:20:00	155.8	155.802	155.72	155.725	1016	0	21
2025.12.01	02:30:00	155.724	155.756	155.693	155.717	855	0	21
2025.12.01	02:40:00	155.716	155.732	155.663	155.694	925	0	21
2025.12.01	02:50:00	155.693	155.849	155.677	155.796	1379	0	21
2025.12.01	03:00:00	155.794	155.981	155.498	155.499	2254	0	21
2025.12.01	03:10:00	155.498	155.683	155.471	155.637	1861	0	21
2025.12.01	03:20:00	155.637	155.672	155.529	155.592	1577	0	21
2025.12.01	03:30:00	155.591	155.815	155.578	155.678	1330	0	21
2025.12.01	03:40:00	155.677	155.769	155.67	155.699	933	0	21
2025.12.01	03:50:00	155.7	155.703	155.524	155.63	809	0	21
2025.12.01	04:00:00	155.63	155.643	155.523	155.58	1089	0	21
2025.12.01	04:10:00	155.581	155.598	155.514	155.522	783	0	21
2025.12.01	04:20:00	155.526	155.603	155.516	155.58	740	0	21
2025.12.01	04:30:00	155.581	155.608	155.465	155.478	807	0	21
2025.12.01	04:40:00	155.477	155.487	155.441	155.46	800	0	21
2025.12.01	04:50:00	155.46	155.496	155.418	155.491	594	0	21
2025.12.01	05:00:00	155.49	155.586	155.488	155.545	612	0	21
2025.12.01	05:10:00	155.543	155.549	155.434	155.463	383	0	21
2025.12.01	05:20:00	155.462	155.497	155.448	155.488	279	0	21
2025.12.01	05:30:00	155.487	155.5	155.45	155.487	287	0	21
2025.12.01	05:40:00	155.487	155.497	155.402	155.414	427	0	21
2025.12.01	05:50:00	155.413	155.484	155.41	155.451	324	0	21
2025.12.01	06:00:00	155.452	155.468	155.42	155.424	401	0	21
2025.12.01	06:10:00	155.423	155.485	155.416	155.477	334	0	21
2025.12.01	06:20:00	155.476	155.477	155.425	155.426	283	0	21
2025.12.01	06:30:00	155.425	155.427	155.385	155.415	285	0	21
2025.12.01	06:40:00	155.416	155.592	155.416	155.566	648	0	21
2025.12.01	06:50:00	155.567	155.584	155.528	155.537	441	0	21
2025.12.01	07:00:00	155.536	155.574	155.488	155.547	585	0	21
2025.12.01	07:10:00	155.547	155.55	155.431	155.452	734	0	21
2025.12.01	07:20:00	155.451	155.483	155.399	155.464	705	0	21
2025.12.01	07:30:00	155.463	155.58	155.431	155.534	522	0	21
2025.12.01	07:40:00	155.535	155.59	155.527	155.544	584	0	21
2025.12.01	07:50:00	155.544	155.607	155.535	155.58	562	0	21
2025.12.01	08:00:00	155.582	155.677	155.58	155.658	797	0	21
2025.12.01	08:10:00	155.657	155.668	155.611	155.619	462	0	21
2025.12.01	08:20:00	155.612	155.681	155.609	155.632	428	0	21
2025.12.01	08:30:00	155.632	155.646	155.549	155.555	684	0	21
2025.12.01	08:40:00	155.555	155.655	155.547	155.644	730	0	21
2025.12.01	08:50:00	155.645	155.654	155.549	155.552	428	0	21
2025.12.01	09:00:00	155.543	155.616	155.509	155.52	849	0	21
2025.12.01	09:10:00	155.522	155.572	155.497	155.507	624	0	21
2025.12.01	09:20:00	155.507	155.507	155.386	155.394	718	0	21
2025.12.01	09:30:00	155.393	155.429	155.36	155.363	704	0	21
2025.12.01	09:40:00	155.364	155.378	155.295	155.308	924	0	21
2025.12.01	09:50:00	155.307	155.38	155.295	155.349	1230	0	21
2025.12.01	10:00:00	155.349	155.426	155.295	155.321	1486	0	21
2025.12.01	10:10:00	155.32	155.368	155.288	155.318	1105	0	21
2025.12.01	10:20:00	155.317	155.331	155.248	155.306	1054	0	21
2025.12.01	10:30:00	155.307	155.482	155.303	155.468	1082	0	21
2025.12.01	10:40:00	155.466	155.549	155.452	155.483	1316	0	21
2025.12.01	10:50:00	155.482	155.545	155.456	155.473	1484	0	21
2025.12.01	11:00:00	155.473	155.474	155.422	155.448	1124	0	21
2025.12.01	11:10:00	155.446	155.522	155.38	155.482	1013	0	21
2025.12.01	11:20:00	155.482	155.488	155.337	155.338	679	0	21
2025.12.01	11:30:00	155.338	155.376	155.321	155.348	683	0	21
2025.12.01	11:40:00	155.348	155.354	155.25	155.268	1027	0	21
2025.12.01	11:50:00	155.267	155.306	155.254	155.276	984	0	21
2025.12.01	12:00:00	155.276	155.295	155.22	155.234	753	0	21
2025.12.01	12:10:00	155.233	155.271	155.222	155.241	469	0	21
2025.12.01	12:20:00	155.241	155.245	155.15	155.163	661	0	21
2025.12.01	12:30:00	155.162	155.217	155.154	155.21	513	0	21
2025.12.01	12:40:00	155.21	155.298	155.196	155.242	759	0	21
2025.12.01	12:50:00	155.241	155.26	155.196	155.243	875	0	21
2025.12.01	13:00:00	155.244	155.282	155.231	155.276	817	0	21
2025.12.01	13:10:00	155.278	155.331	155.266	155.326	706	0	21
2025.12.01	13:20:00	155.327	155.328	155.184	155.198	817	0	21
2025.12.01	13:30:00	155.2	155.201	155.151	155.179	625	0	21
2025.12.01	13:40:00	155.177	155.177	155.118	155.125	530	0	21
2025.12.01	13:50:00	155.127	155.139	155.091	155.096	632	0	21
2025.12.01	14:00:00	155.096	155.14	155.054	155.059	726	0	21
2025.12.01	14:10:00	155.059	155.067	155.032	155.055	749	0	21
2025.12.01	14:20:00	155.056	155.063	154.992	154.997	825	0	21
2025.12.01	14:30:00	154.996	155.026	154.928	154.942	776	0	21
2025.12.01	14:40:00	154.941	154.974	154.845	154.866	861	0	21
2025.12.01	14:50:00	154.866	154.887	154.752	154.78	1015	0	21
2025.12.01	15:00:00	154.779	154.792	154.688	154.778	1693	0	21
2025.12.01	15:10:00	154.78	154.84	154.749	154.78	1113	0	21
2025.12.01	15:20:00	154.779	154.828	154.746	154.76	1136	0	21
2025.12.01	15:30:00	154.759	154.866	154.751	154.77	1241	0	21
2025.12.01	15:40:00	154.769	154.78	154.654	154.767	1261	0	21
2025.12.01	15:50:00	154.767	154.886	154.765	154.832	1191	0	21
2025.12.01	16:00:00	154.833	154.993	154.825	154.961	1324	0	21
2025.12.01	16:10:00	154.965	155.001	154.873	154.882	1190	0	21
2025.12.01	16:20:00	154.882	154.962	154.882	154.931	1064	0	21
2025.12.01	16:30:00	154.93	155.002	154.894	154.917	1873	0	21
2025.12.01	16:40:00	154.917	155.027	154.894	154.974	1528	0	21
2025.12.01	16:50:00	154.974	155.052	154.968	154.984	1368	0	21
2025.12.01	17:00:00	154.982	155.067	154.85	155.041	1824	0	21
2025.12.01	17:10:00	155.04	155.133	155.04	155.085	1116	0	21
2025.12.01	17:20:00	155.084	155.132	155.035	155.037	1153	0	21
2025.12.01	17:30:00	155.035	155.17	155.031	155.161	1574	0	21
2025.12.01	17:40:00	155.16	155.187	155.075	155.075	1110	0	21
2025.12.01	17:50:00	155.075	155.132	155.032	155.087	1553	0	21
2025.12.01	18:00:00	155.087	155.176	155.087	155.109	1376	0	21
2025.12.01	18:10:00	155.11	155.227	155.085	155.222	1248	0	21
2025.12.01	18:20:00	155.222	155.28	155.2	155.264	1077	0	21
2025.12.01	18:30:00	155.265	155.293	155.242	155.279	939	0	21
2025.12.01	18:40:00	155.279	155.294	155.242	155.278	979	0	21
2025.12.01	18:50:00	155.277	155.303	155.267	155.274	717	0	21
2025.12.01	19:00:00	155.275	155.303	155.25	155.3	755	0	21
2025.12.01	19:10:00	155.303	155.345	155.29	155.334	749	0	21
2025.12.01	19:20:00	155.334	155.355	155.299	155.299	750	0	21
2025.12.01	19:30:00	155.298	155.305	155.273	155.274	484	0	21
2025.12.01	19:40:00	155.273	155.349	155.273	155.333	652	0	21
2025.12.01	19:50:00	155.333	155.373	155.329	155.34	792	0	21
2025.12.01	20:00:00	155.338	155.375	155.329	155.374	750	0	21
2025.12.01	20:10:00	155.374	155.39	155.362	155.38	326	0	21
2025.12.01	20:20:00	155.38	155.444	155.378	155.435	459	0	21
2025.12.01	20:30:00	155.435	155.455	155.433	155.445	405	0	21
2025.12.01	20:40:00	155.445	155.486	155.437	155.482	423	0	21
2025.12.01	20:50:00	155.482	155.488	155.463	155.482	497	0	21
2025.12.01	21:00:00	155.483	155.51	155.474	155.508	535	0	21
2025.12.01	21:10:00	155.507	155.512	155.494	155.497	541	0	21
2025.12.01	21:20:00	155.497	155.507	155.471	155.48	358	0	21
2025.12.01	21:30:00	155.48	155.485	155.448	155.458	333	0	21
2025.12.01	21:40:00	155.468	155.494	155.438	155.493	420	0	21
2025.12.01	21:50:00	155.493	155.5	155.463	155.47	478	0	21
2025.12.01	22:00:00	155.469	155.472	155.433	155.45	532	0	22
2025.12.01	22:10:00	155.451	155.469	155.444	155.463	367	0	21
2025.12.01	22:20:00	155.462	155.491	155.454	155.489	282	0	21
2025.12.01	22:30:00	155.491	155.501	155.475	155.482	278	0	21
2025.12.01	22:40:00	155.481	155.508	155.481	155.495	301	0	21
2025.12.01	22:50:00	155.497	155.507	155.425	155.435	416	0	21
2025.12.01	23:00:00	155.434	155.446	155.427	155.43	337	0	21
2025.12.01	23:10:00	155.429	155.451	155.428	155.432	202	0	21
2025.12.01	23:20:00	155.43	155.459	155.427	155.444	171	0	21
2025.12.01	23:30:00	155.45	155.471	155.444	155.469	142	0	21
2025.12.01	23:40:00	155.469	155.496	155.457	155.492	256	0	23
2025.12.01	23:50:00	155.492	155.5	155.417	155.418	587	0	21
2025.12.02	00:00:00	155.417	155.429	155.393	155.429	25	0	88
2025.12.02	00:10:00	155.429	155.437	155.429	155.435	34	0	75
2025.12.02	00:20:00	155.436	155.452	155.427	155.447	70	0	42
2025.12.02	00:30:00	155.447	155.45	155.444	155.447	68	0	42
2025.12.02	00:40:00	155.448	155.45	155.405	155.407	79	0	34
2025.12.02	00:50:00	155.407	155.422	155.403	155.417	240	0	48
2025.12.02	01:00:00	155.418	155.455	155.418	155.43	241	0	25
2025.12.02	01:10:00	155.43	155.453	155.422	155.441	137	0	21
2025.12.02	01:20:00	155.44	155.486	155.439	155.456	279	0	22
2025.12.02	01:30:00	155.456	155.484	155.456	155.479	142	0	21
2025.12.02	01:40:00	155.478	155.544	155.478	155.525	207	0	22
2025.12.02	01:50:00	155.524	155.563	155.513	155.551	373	0	21
2025.12.02	02:00:00	155.55	155.55	155.448	155.505	1001	0	21
2025.12.02	02:10:00	155.504	155.603	155.473	155.6	549	0	21
2025.12.02	02:20:00	155.6	155.641	155.573	155.599	611	0	21
2025.12.02	02:30:00	155.6	155.614	155.549	155.579	618	0	21
2025.12.02	02:40:00	155.579	155.63	155.568	155.613	647	0	21
2025.12.02	02:50:00	155.613	155.669	155.602	155.625	1110	0	21
2025.12.02	03:00:00	155.624	155.721	155.624	155.698	1110	0	21
2025.12.02	03:10:00	155.697	155.763	155.688	155.707	940	0	21
2025.12.02	03:20:00	155.707	155.72	155.64	155.653	475	0	21
2025.12.02	03:30:00	155.654	155.654	155.601	155.615	571	0	21
2025.12.02	03:40:00	155.616	155.618	155.591	155.602	460	0	21
2025.12.02	03:50:00	155.603	155.635	155.582	155.62	418	0	21
2025.12.02	04:00:00	155.62	155.624	155.58	155.612	373	0	21
2025.12.02	04:10:00	155.613	155.624	155.579	155.599	258	0	21
2025.12.02	04:20:00	155.603	155.627	155.587	155.616	352	0	21
2025.12.02	04:30:00	155.615	155.666	155.614	155.656	243	0	21
2025.12.02	04:40:00	155.658	155.695	155.658	155.674	296	0	21
2025.12.02	04:50:00	155.674	155.696	155.646	155.649	382	0	21
2025.12.02	05:00:00	155.648	155.709	155.646	155.669	390	0	21
2025.12.02	05:10:00	155.669	155.669	155.644	155.649	231	0	21
2025.12.02	05:20:00	155.649	155.664	155.597	155.597	380	0	21
2025.12.02	05:30:00	155.596	155.617	155.585	155.606	456	0	21
2025.12.02	05:40:00	155.606	155.625	155.583	155.583	407	0	21
2025.12.02	05:50:00	155.585	155.623	155.548	155.621	639	0	21
2025.12.02	06:00:00	155.621	155.626	155.54	155.562	336	0	21
2025.12.02	06:10:00	155.563	155.597	155.553	155.59	219	0	21
2025.12.02	06:20:00	155.59	155.639	155.574	155.63	313	0	21
2025.12.02	06:30:00	155.629	155.655	155.614	155.615	272	0	21
2025.12.02	06:40:00	155.616	155.639	155.601	155.636	258	0	21
2025.12.02	06:50:00	155.637	155.643	155.603	155.628	352	0	21
2025.12.02	07:00:00	155.631	155.68	155.621	155.674	441	0	21
2025.12.02	07:10:00	155.674	155.723	155.661	155.697	514	0	21
2025.12.02	07:20:00	155.698	155.703	155.67	155.679	398	0	21
2025.12.02	07:30:00	155.678	155.697	155.642	155.649	412	0	21
2025.12.02	07:40:00	155.649	155.652	155.621	155.635	309	0	21
2025.12.02	07:50:00	155.638	155.68	155.635	155.643	485	0	21
2025.12.02	08:00:00	155.642	155.712	155.628	155.708	744	0	21
2025.12.02	08:10:00	155.708	155.751	155.707	155.714	409	0	21
2025.12.02	08:20:00	155.714	155.786	155.714	155.771	634	0	21
2025.12.02	08:30:00	155.77	155.798	155.731	155.736	630	0	21
2025.12.02	08:40:00	155.737	155.807	155.735	155.775	568	0	21
2025.12.02	08:50:00	155.774	155.785	155.749	155.75	434	0	21
2025.12.02	09:00:00	155.749	155.765	155.728	155.745	716	0	21
2025.12.02	09:10:00	155.746	155.795	155.732	155.773	689	0	21
2025.12.02	09:20:00	155.773	155.826	155.759	155.788	639	0	21
2025.12.02	09:30:00	155.788	155.823	155.782	155.805	448	0	21
2025.12.02	09:40:00	155.806	155.807	155.716	155.721	671	0	21
2025.12.02	09:50:00	155.722	155.765	155.704	155.756	838	0	21
2025.12.02	10:00:00	155.757	155.828	155.755	155.791	891	0	21
2025.12.02	10:10:00	155.79	155.856	155.789	155.854	714	0	21
2025.12.02	10:20:00	155.853	155.939	155.845	155.939	803	0	21
2025.12.02	10:30:00	155.94	155.954	155.88	155.888	935	0	21
2025.12.02	10:40:00	155.889	155.968	155.889	155.92	744	0	21
2025.12.02	10:50:00	155.921	155.994	155.921	155.983	682	0	21
2025.12.02	11:00:00	155.984	156.005	155.92	155.957	795	0	21
2025.12.02	11:10:00	155.96	156.015	155.96	155.987	836	0	21
2025.12.02	11:20:00	155.987	156.074	155.983	156.053	762	0	21
2025.12.02	11:30:00	156.054	156.073	156.008	156.018	649	0	21
2025.12.02	11:40:00	156.02	156.041	155.995	156.012	846	0	21
2025.12.02	11:50:00	156.012	156.016	155.928	155.952	806	0	21
2025.12.02	12:00:00	155.953	155.994	155.925	155.948	527	0	21
2025.12.02	12:10:00	155.949	156.015	155.949	156.013	594	0	21
2025.12.02	12:20:00	156.012	156.056	156.011	156.038	657	0	21
2025.12.02	12:30:00	156.038	156.048	156.005	156.006	484	0	21
2025.12.02	12:40:00	156.007	156.028	155.992	156.0	503	0	21
2025.12.02	12:50:00	156.0	156.037	155.996	156.024	481	0	21
2025.12.02	13:00:00	156.025	156.039	155.996	155.997	392	0	21
2025.12.02	13:10:00	155.997	156.0	155.968	155.985	437	0	21
2025.12.02	13:20:00	155.985	155.991	155.928	155.951	374	0	21
2025.12.02	13:30:00	155.95	155.964	155.883	155.945	497	0	21
2025.12.02	13:40:00	155.945	155.978	155.938	155.963	528	0	21
2025.12.02	13:50:00	155.964	155.966	155.904	155.914	471	0	21
2025.12.02	14:00:00	155.913	155.93	155.899	155.901	550	0	21
2025.12.02	14:10:00	155.902	156.003	155.901	156.002	480	0	21
2025.12.02	14:20:00	156.003	156.007	155.946	155.968	689	0	21
2025.12.02	14:30:00	155.969	155.99	155.964	155.98	565	0	22
2025.12.02	14:40:00	155.979	155.989	155.925	155.945	552	0	21
2025.12.02	14:50:00	155.944	156.019	155.94	155.999	522	0	21
2025.12.02	15:00:00	155.998	156.062	155.994	156.062	736	0	21
2025.12.02	15:10:00	156.062	156.062	155.994	156.005	750	0	21
2025.12.02	15:20:00	156.004	156.047	155.997	156.032	688	0	21
2025.12.02	15:30:00	156.035	156.037	155.997	156.009	717	0	21
2025.12.02	15:40:00	156.009	156.039	155.968	156.03	706	0	21
2025.12.02	15:50:00	156.029	156.051	155.954	155.964	860	0	21
2025.12.02	16:00:00	155.963	156.052	155.945	156.05	1238	0	21
2025.12.02	16:10:00	156.049	156.073	156.031	156.065	714	0	21
2025.12.02	16:20:00	156.066	156.076	155.992	155.997	646	0	21
2025.12.02	16:30:00	155.998	156.044	155.985	156.035	1030	0	21
2025.12.02	16:40:00	156.033	156.04	155.986	155.995	1205	0	21
2025.12.02	16:50:00	155.995	156.004	155.92	155.94	1144	0	21
2025.12.02	17:00:00	155.94	156.12	155.936	156.117	1304	0	21
2025.12.02	17:10:00	156.117	156.169	156.11	156.127	1478	0	21
2025.12.02	17:20:00	156.126	156.136	156.028	156.029	1297	0	21
2025.12.02	17:30:00	156.024	156.024	155.809	155.885	1414	0	21
2025.12.02	17:40:00	155.884	155.949	155.88	155.906	895	0	21
2025.12.02	17:50:00	155.905	155.948	155.843	155.861	1679	0	21
2025.12.02	18:00:00	155.861	155.917	155.848	155.88	1207	0	21
2025.12.02	18:10:00	155.883	155.895	155.769	155.832	1215	0	21
2025.12.02	18:20:00	155.832	155.84	155.744	155.757	1044	0	21
2025.12.02	18:30:00	155.757	155.871	155.742	155.856	1108	0	21
2025.12.02	18:40:00	155.856	155.882	155.852	155.88	700	0	21
2025.12.02	18:50:00	155.881	155.975	155.872	155.909	1216	0	21
2025.12.02	19:00:00	155.908	156.016	155.905	156.015	939	0	21
2025.12.02	19:10:00	156.019	156.076	156.009	156.068	765	0	21
2025.12.02	19:20:00	156.069	156.07	155.998	156.008	838	0	21
2025.12.02	19:30:00	156.008	156.02	155.958	155.979	884	0	21
2025.12.02	19:40:00	155.98	155.98	155.94	155.951	671	0	21
2025.12.02	19:50:00	155.95	155.96	155.916	155.933	1009	0	21
2025.12.02	20:00:00	155.933	155.935	155.9	155.917	1012	0	21
2025.12.02	20:10:00	155.918	155.932	155.913	155.923	662	0	21
2025.12.02	20:20:00	155.924	155.947	155.91	155.94	758	0	21
2025.12.02	20:30:00	155.941	155.986	155.922	155.973	723	0	21
2025.12.02	20:40:00	155.973	155.989	155.964	155.98	611	0	21
2025.12.02	20:50:00	155.979	156.008	155.97	155.981	759	0	21
2025.12.02	21:00:00	155.981	155.987	155.939	155.94	581	0	21
2025.12.02	21:10:00	155.94	155.961	155.918	155.923	478	0	21
2025.12.02	21:20:00	155.923	155.928	155.882	155.891	542	0	21
2025.12.02	21:30:00	155.891	155.925	155.888	155.913	402	0	21
2025.12.02	21:40:00	155.914	155.92	155.884	155.914	568	0	21
2025.12.02	21:50:00	155.914	155.929	155.833	155.885	949	0	21
2025.12.02	22:00:00	155.884	155.885	155.816	155.842	938	0	21
2025.12.02	22:10:00	155.841	155.868	155.836	155.86	394	0	21
2025.12.02	22:20:00	155.861	155.881	155.854	155.876	571	0	21
2025.12.02	22:30:00	155.876	155.89	155.849	155.85	680	0	21
2025.12.02	22:40:00	155.849	155.85	155.798	155.798	630	0	21
2025.12.02	22:50:00	155.798	155.831	155.793	155.819	496	0	21
2025.12.02	23:00:00	155.817	155.874	155.816	155.867	375	0	21
2025.12.02	23:10:00	155.867	155.879	155.854	155.854	219	0	21
2025.12.02	23:20:00	155.855	155.858	155.828	155.832	320	0	21
2025.12.02	23:30:00	155.831	155.89	155.831	155.866	127	0	21
2025.12.02	23:40:00	155.866	155.891	155.86	155.861	350	0	21
2025.12.02	23:50:00	155.862	155.873	155.789	155.789	371	0	26
2025.12.03	00:00:00	155.788	155.788	155.743	155.761	19	0	164
2025.12.03	00:10:00	155.763	155.788	155.762	155.778	63	0	164
2025.12.03	00:20:00	155.779	155.811	155.755	155.811	114	0	64
2025.12.03	00:30:00	155.814	155.855	155.814	155.845	72	0	51
2025.12.03	00:40:00	155.845	155.846	155.825	155.83	149	0	44
2025.12.03	00:50:00	155.829	155.864	155.813	155.842	152	0	45
2025.12.03	01:00:00	155.843	155.892	155.813	155.837	161	0	23
2025.12.03	01:10:00	155.838	155.85	155.82	155.838	76	0	21
2025.12.03	01:20:00	155.838	155.86	155.82	155.835	326	0	24
2025.12.03	01:30:00	155.835	155.835	155.788	155.811	318	0	21
2025.12.03	01:40:00	155.811	155.824	155.799	155.805	178	0	21
2025.12.03	01:50:00	155.805	155.815	155.751	155.751	261	0	21
2025.12.03	02:00:00	155.752	155.773	155.657	155.705	904	0	21
2025.12.03	02:10:00	155.705	155.747	155.684	155.704	496	0	21
2025.12.03	02:20:00	155.705	155.712	155.648	155.694	336	0	21
2025.12.03	02:30:00	155.694	155.747	155.65	155.742	551	0	21
2025.12.03	02:40:00	155.742	155.771	155.724	155.743	529	0	21
2025.12.03	02:50:00	155.743	155.805	155.719	155.769	927	0	21
2025.12.03	03:00:00	155.77	155.781	155.7	155.707	545	0	21
2025.12.03	03:10:00	155.709	155.71	155.637	155.655	691	0	21
2025.12.03	03:20:00	155.656	155.657	155.595	155.621	613	0	21
2025.12.03	03:30:00	155.621	155.669	155.618	155.652	541	0	21
2025.12.03	03:40:00	155.649	155.655	155.599	155.631	407	0	21
2025.12.03	03:50:00	155.632	155.663	155.619	155.645	524	0	21
2025.12.03	04:00:00	155.646	155.692	155.64	155.691	353	0	21
2025.12.03	04:10:00	155.691	155.776	155.688	155.775	451	0	21
2025.12.03	04:20:00	155.776	155.794	155.749	155.762	525	0	21
2025.12.03	04:30:00	155.761	155.764	155.729	155.75	278	0	21
2025.12.03	04:40:00	155.751	155.77	155.729	155.737	210	0	21
2025.12.03	04:50:00	155.738	155.742	155.693	155.7	401	0	21
2025.12.03	05:00:00	155.699	155.711	155.678	155.704	271	0	21
2025.12.03	05:10:00	155.703	155.717	155.686	155.688	260	0	21
2025.12.03	05:20:00	155.688	155.694	155.665	155.674	252	0	22
2025.12.03	05:30:00	155.674	155.71	155.674	155.678	331	0	21
2025.12.03	05:40:00	155.679	155.689	155.655	155.672	312	0	21
2025.12.03	05:50:00	155.671	155.676	155.617	155.645	462	0	21
2025.12.03	06:00:00	155.644	155.735	155.643	155.722	312	0	21
2025.12.03	06:10:00	155.721	155.742	155.703	155.723	287	0	21
2025.12.03	06:20:00	155.722	155.731	155.704	155.717	256	0	21
2025.12.03	06:30:00	155.716	155.717	155.675	155.7	285	0	21
2025.12.03	06:40:00	155.7	155.7	155.668	155.68	303	0	21
2025.12.03	06:50:00	155.679	155.68	155.642	155.65	349	0	21
2025.12.03	07:00:00	155.65	155.66	155.617	155.646	315	0	21
2025.12.03	07:10:00	155.646	155.667	155.63	155.654	270	0	21
2025.12.03	07:20:00	155.655	155.695	155.652	155.679	408	0	21
2025.12.03	07:30:00	155.678	155.685	155.65	155.664	283	0	21
2025.12.03	07:40:00	155.664	155.665	155.644	155.654	284	0	21
2025.12.03	07:50:00	155.653	155.694	155.652	155.681	348	0	21
2025.12.03	08:00:00	155.681	155.681	155.615	155.62	436	0	21
2025.12.03	08:10:00	155.619	155.638	155.614	155.633	390	0	21
2025.12.03	08:20:00	155.632	155.636	155.509	155.51	699	0	21
2025.12.03	08:30:00	155.511	155.566	155.499	155.542	693	0	21
2025.12.03	08:40:00	155.542	155.611	155.535	155.596	685	0	21
2025.12.03	08:50:00	155.596	155.622	155.584	155.598	322	0	21
2025.12.03	09:00:00	155.598	155.598	155.503	155.508	671	0	21
2025.12.03	09:10:00	155.508	155.551	155.508	155.525	461	0	21
2025.12.03	09:20:00	155.525	155.635	155.523	155.633	300	0	21
2025.12.03	09:30:00	155.639	155.669	155.62	155.637	594	0	21
2025.12.03	09:40:00	155.637	155.675	155.627	155.66	563	0	21
2025.12.03	09:50:00	155.66	155.698	155.641	155.675	813	0	21
2025.12.03	10:00:00	155.674	155.724	155.66	155.71	817	0	21
2025.12.03	10:10:00	155.71	155.745	155.675	155.735	531	0	21
2025.12.03	10:20:00	155.735	155.743	155.67	155.691	577	0	21
2025.12.03	10:30:00	155.69	155.734	155.664	155.714	726	0	21
2025.12.03	10:40:00	155.716	155.741	155.679	155.717	516	0	21
2025.12.03	10:50:00	155.718	155.73	155.652	155.664	600	0	21
2025.12.03	11:00:00	155.663	155.669	155.605	155.614	783	0	21
2025.12.03	11:10:00	155.616	155.658	155.606	155.629	554	0	21
2025.12.03	11:20:00	155.63	155.67	155.629	155.653	345	0	21
2025.12.03	11:30:00	155.652	155.667	155.569	155.579	659	0	21
2025.12.03	11:40:00	155.58	155.583	155.517	155.57	776	0	21
2025.12.03	11:50:00	155.569	155.611	155.555	155.611	479	0	21
2025.12.03	12:00:00	155.61	155.632	155.559	155.559	710	0	21
2025.12.03	12:10:00	155.561	155.601	155.556	155.567	780	0	21
2025.12.03	12:20:00	155.568	155.572	155.513	155.517	960	0	21
2025.12.03	12:30:00	155.517	155.53	155.492	155.511	601	0	21
2025.12.03	12:40:00	155.51	155.538	155.508	155.51	465	0	21
2025.12.03	12:50:00	155.509	155.561	155.496	155.516	817	0	21
2025.12.03	13:00:00	155.515	155.516	155.435	155.45	762	0	21
2025.12.03	13:10:00	155.457	155.48	155.445	155.45	464	0	21
2025.12.03	13:20:00	155.451	155.452	155.412	155.427	407	0	21
2025.12.03	13:30:00	155.426	155.465	155.423	155.453	424	0	21
2025.12.03	13:40:00	155.454	155.456	155.4	155.436	444	0	21
2025.12.03	13:50:00	155.439	155.452	155.407	155.407	386	0	21
2025.12.03	14:00:00	155.406	155.406	155.349	155.391	651	0	21
2025.12.03	14:10:00	155.392	155.402	155.364	155.385	567	0	21
2025.12.03	14:20:00	155.384	155.399	155.369	155.385	419	0	21
2025.12.03	14:30:00	155.385	155.421	155.368	155.369	453	0	21
2025.12.03	14:40:00	155.369	155.412	155.351	155.408	408	0	21
2025.12.03	14:50:00	155.41	155.41	155.362	155.404	479	0	21
2025.12.03	15:00:00	155.404	155.435	155.337	155.346	849	0	21
2025.12.03	15:10:00	155.347	155.383	155.192	155.305	1249	0	21
2025.12.03	15:20:00	155.304	155.441	155.284	155.44	1417	0	21
2025.12.03	15:30:00	155.441	155.514	155.392	155.403	1495	0	21
2025.12.03	15:40:00	155.404	155.437	155.352	155.396	983	0	21
2025.12.03	15:50:00	155.393	155.491	155.39	155.478	968	0	21
2025.12.03	16:00:00	155.478	155.497	155.268	155.307	2043	0	21
2025.12.03	16:10:00	155.306	155.422	155.286	155.398	1287	0	21
2025.12.03	16:20:00	155.399	155.508	155.386	155.508	1254	0	21
2025.12.03	16:30:00	155.509	155.51	155.344	155.37	1762	0	21
2025.12.03	16:40:00	155.369	155.429	155.362	155.383	1433	0	21
2025.12.03	16:50:00	155.385	155.443	155.339	155.375	1563	0	21
2025.12.03	17:00:00	155.335	155.588	155.335	155.351	2097	0	21
2025.12.03	17:10:00	155.351	155.47	155.288	155.319	2095	0	21
2025.12.03	17:20:00	155.319	155.346	155.223	155.258	1782	0	21
2025.12.03	17:30:00	155.257	155.43	155.207	155.379	2028	0	21
2025.12.03	17:40:00	155.379	155.402	155.281	155.308	1325	0	21
2025.12.03	17:50:00	155.309	155.335	155.2	155.207	1680	0	21
2025.12.03	18:00:00	155.206	155.236	155.125	155.125	1129	0	21
2025.12.03	18:10:00	155.126	155.13	155.064	155.065	1011	0	21
2025.12.03	18:20:00	155.065	155.071	155.001	155.012	802	0	21
2025.12.03	18:30:00	155.012	155.12	155.001	155.032	1147	0	21
2025.12.03	18:40:00	155.032	155.081	155.03	155.071	694	0	21
2025.12.03	18:50:00	155.072	155.169	155.071	155.158	982	0	21
2025.12.03	19:00:00	155.157	155.202	155.102	155.177	850	0	21
2025.12.03	19:10:00	155.176	155.185	155.076	155.089	689	0	21
2025.12.03	19:20:00	155.09	155.165	155.088	155.164	641	0	21
2025.12.03	19:30:00	155.165	155.179	155.127	155.146	594	0	21
2025.12.03	19:40:00	155.146	155.161	155.104	155.116	592	0	21
2025.12.03	19:50:00	155.123	155.164	155.089	155.115	758	0	21
2025.12.03	20:00:00	155.114	155.124	155.063	155.1	729	0	21
2025.12.03	20:10:00	155.099	155.132	155.064	155.131	434	0	21
2025.12.03	20:20:00	155.13	155.14	155.104	155.123	759	0	21
2025.12.03	20:30:00	155.123	155.131	155.088	155.126	430	0	21
2025.12.03	20:40:00	155.125	155.166	155.08	155.101	568	0	21
2025.12.03	20:50:00	155.098	155.15	155.094	155.113	545	0	21
2025.12.03	21:00:00	155.113	155.135	155.078	155.116	397	0	21
2025.12.03	21:10:00	155.117	155.118	155.068	155.069	680	0	21
2025.12.03	21:20:00	155.069	155.107	155.068	155.105	466	0	21
2025.12.03	21:30:00	155.106	155.144	155.103	155.127	582	0	21
2025.12.03	21:40:00	155.126	155.153	155.125	155.143	501	0	21
2025.12.03	21:50:00	155.142	155.15	155.1	155.138	577	0	21
2025.12.03	22:00:00	155.138	155.164	155.135	155.136	390	0	21
2025.12.03	22:10:00	155.137	155.162	155.114	155.157	414	0	21
2025.12.03	22:20:00	155.156	155.177	155.152	155.172	208	0	21
2025.12.03	22:30:00	155.172	155.206	155.168	155.183	395	0	21
2025.12.03	22:40:00	155.182	155.233	155.176	155.232	232	0	21
2025.12.03	22:50:00	155.232	155.238	155.2	155.227	394	0	21
2025.12.03	23:00:00	155.225	155.267	155.222	155.262	142	0	21
2025.12.03	23:10:00	155.261	155.306	155.257	155.263	181	0	21
2025.12.03	23:20:00	155.263	155.267	155.236	155.267	178	0	21
2025.12.03	23:30:00	155.266	155.273	155.218	155.221	194	0	22
2025.12.03	23:40:00	155.22	155.232	155.195	155.224	294	0	23
2025.12.03	23:50:00	155.224	155.23	155.199	155.199	281	0	26
2025.12.04	00:00:00	155.211	155.216	155.197	155.203	33	0	108
2025.12.04	00:10:00	155.203	155.21	155.092	155.146	69	0	68
2025.12.04	00:20:00	155.146	155.175	155.145	155.153	41	0	50
2025.12.04	00:30:00	155.153	155.159	155.153	155.159	12	0	64
2025.12.04	00:40:00	155.159	155.186	155.146	155.156	195	0	42
2025.12.04	00:50:00	155.146	155.178	155.102	155.112	421	0	63
2025.12.04	01:00:00	155.112	155.213	155.112	155.186	146	0	22
2025.12.04	01:10:00	155.187	155.231	155.174	155.22	124	0	23
2025.12.04	01:20:00	155.217	155.222	155.195	155.198	163	0	25
2025.12.04	01:30:00	155.199	155.208	155.098	155.115	508	0	21
2025.12.04	01:40:00	155.116	155.117	155.073	155.104	463	0	21
2025.12.04	01:50:00	155.104	155.125	155.082	155.101	377	0	21
2025.12.04	02:00:00	155.102	155.103	155.009	155.065	842	0	21
2025.12.04	02:10:00	155.066	155.197	155.065	155.162	646	0	21
2025.12.04	02:20:00	155.163	155.216	155.108	155.215	620	0	21
2025.12.04	02:30:00	155.22	155.227	155.164	155.175	825	0	21
2025.12.04	02:40:00	155.176	155.202	155.144	155.172	678	0	21
2025.12.04	02:50:00	155.172	155.238	155.107	155.108	1178	0	21
2025.12.04	03:00:00	155.107	155.196	155.089	155.175	962	0	21
2025.12.04	03:10:00	155.176	155.189	155.129	155.16	711	0	21
2025.12.04	03:20:00	155.16	155.334	155.16	155.295	984	0	21
2025.12.04	03:30:00	155.294	155.398	155.294	155.319	835	0	21
2025.12.04	03:40:00	155.32	155.323	155.229	155.245	668	0	21
2025.12.04	03:50:00	155.246	155.267	155.233	155.25	565	0	21
2025.12.04	04:00:00	155.249	155.347	155.244	155.332	593	0	21
2025.12.04	04:10:00	155.333	155.366	155.284	155.352	615	0	21
2025.12.04	04:20:00	155.353	155.378	155.342	155.366	568	0	21
2025.12.04	04:30:00	155.366	155.418	155.34	155.392	562	0	21
2025.12.04	04:40:00	155.391	155.392	155.327	155.364	608	0	21
2025.12.04	04:50:00	155.365	155.413	155.332	155.401	397	0	21
2025.12.04	05:00:00	155.402	155.464	155.402	155.442	467	0	21
2025.12.04	05:10:00	155.443	155.483	155.429	155.464	418	0	21
2025.12.04	05:20:00	155.464	155.52	155.463	155.514	651	0	21
2025.12.04	05:30:00	155.514	155.53	155.475	155.497	663	0	21
2025.12.04	05:40:00	155.498	155.499	155.412	155.43	531	0	21
2025.12.04	05:50:00	155.429	155.443	155.374	155.379	457	0	21
2025.12.04	06:00:00	155.379	155.381	155.333	155.367	392	0	21
2025.12.04	06:10:00	155.365	155.38	155.342	155.344	325	0	21
2025.12.04	06:20:00	155.344	155.365	155.331	155.331	316	0	21
2025.12.04	06:30:00	155.334	155.385	155.314	155.381	428	0	22
2025.12.04	06:40:00	155.381	155.446	155.381	155.444	403	0	21
2025.12.04	06:50:00	155.444	155.456	155.423	155.451	381	0	21
2025.12.04	07:00:00	155.452	155.463	155.421	155.438	452	0	21
2025.12.04	07:10:00	155.439	155.494	155.437	155.478	341	0	21
2025.12.04	07:20:00	155.478	155.486	155.461	155.474	436	0	21
2025.12.04	07:30:00	155.473	155.475	155.276	155.351	1169	0	21
2025.12.04	07:40:00	155.352	155.374	155.205	155.21	1308	0	21
2025.12.04	07:50:00	155.209	155.282	155.172	155.211	1143	0	21
2025.12.04	08:00:00	155.21	155.323	155.202	155.31	897	0	21
2025.12.04	08:10:00	155.31	155.391	155.285	155.338	552	0	21
2025.12.04	08:20:00	155.339	155.387	155.335	155.361	439	0	21
2025.12.04	08:30:00	155.362	155.439	155.361	155.379	514	0	21
2025.12.04	08:40:00	155.376	155.39	155.312	155.354	537	0	21
2025.12.04	08:50:00	155.355	155.356	155.234	155.284	810	0	21
2025.12.04	09:00:00	155.283	155.342	155.242	155.31	1170	0	21
2025.12.04	09:10:00	155.309	155.33	155.274	155.284	866	0	21
2025.12.04	09:20:00	155.29	155.318	155.267	155.284	693	0	21
2025.12.04	09:30:00	155.283	155.312	155.27	155.286	503	0	21
2025.12.04	09:40:00	155.285	155.296	155.195	155.274	801	0	21
2025.12.04	09:50:00	155.274	155.28	155.198	155.232	929	0	21
2025.12.04	10:00:00	155.233	155.241	154.956	155.005	1458	0	21
2025.12.04	10:10:00	155.006	155.006	154.867	154.914	1509	0	21
2025.12.04	10:20:00	154.914	154.915	154.761	154.805	1528	0	21
2025.12.04	10:30:00	154.804	154.879	154.794	154.822	1183	0	21
2025.12.04	10:40:00	154.823	154.934	154.817	154.915	876	0	21
2025.12.04	10:50:00	154.914	154.982	154.857	154.976	844	0	21
2025.12.04	11:00:00	154.978	155.045	154.897	154.92	996	0	21
2025.12.04	11:10:00	154.921	154.985	154.895	154.919	732	0	21
2025.12.04	11:20:00	154.92	154.922	154.866	154.869	604	0	21
2025.12.04	11:30:00	154.869	154.924	154.829	154.876	895	0	21
2025.12.04	11:40:00	154.876	154.938	154.873	154.91	759	0	21
2025.12.04	11:50:00	154.91	154.928	154.785	154.802	875	0	21
2025.12.04	12:00:00	154.805	154.84	154.731	154.756	1081	0	21
2025.12.04	12:10:00	154.755	154.803	154.737	154.775	937	0	21
2025.12.04	12:20:00	154.776	154.853	154.775	154.828	651	0	21
2025.12.04	12:30:00	154.83	154.862	154.809	154.857	459	0	21
2025.12.04	12:40:00	154.856	154.88	154.786	154.799	489	0	21
2025.12.04	12:50:00	154.799	154.809	154.729	154.741	586	0	21
2025.12.04	13:00:00	154.74	154.781	154.553	154.568	1080	0	21
2025.12.04	13:10:00	154.567	154.613	154.53	154.581	816	0	21
2025.12.04	13:20:00	154.581	154.619	154.556	154.569	637	0	21
2025.12.04	13:30:00	154.569	154.594	154.541	154.561	664	0	21
2025.12.04	13:40:00	154.56	154.618	154.542	154.614	461	0	21
2025.12.04	13:50:00	154.613	154.629	154.512	154.518	601	0	21
2025.12.04	14:00:00	154.517	154.604	154.497	154.541	735	0	21
2025.12.04	14:10:00	154.54	154.554	154.515	154.543	546	0	21
2025.12.04	14:20:00	154.542	154.607	154.523	154.566	601	0	21
2025.12.04	14:30:00	154.567	154.656	154.567	154.642	811	0	21
2025.12.04	14:40:00	154.64	154.769	154.614	154.716	905	0	21
2025.12.04	14:50:00	154.715	154.738	154.641	154.658	774	0	21
2025.12.04	15:00:00	154.659	154.795	154.65	154.746	808	0	21
2025.12.04	15:10:00	154.747	154.819	154.747	154.804	847	0	21
2025.12.04	15:20:00	154.803	154.848	154.783	154.802	757	0	21
2025.12.04	15:30:00	154.804	155.043	154.803	154.862	2199	0	21
2025.12.04	15:40:00	154.863	154.893	154.765	154.768	1385	0	21
2025.12.04	15:50:00	154.773	154.858	154.773	154.791	1491	0	21
2025.12.04	16:00:00	154.792	154.792	154.715	154.74	1332	0	21
2025.12.04	16:10:00	154.741	154.769	154.603	154.61	1295	0	21
2025.12.04	16:20:00	154.611	154.638	154.551	154.593	1263	0	21
2025.12.04	16:30:00	154.592	154.683	154.564	154.649	1887	0	21
2025.12.04	16:40:00	154.649	154.816	154.648	154.805	1658	0	21
2025.12.04	16:50:00	154.806	154.846	154.727	154.749	1228	0	21
2025.12.04	17:00:00	154.753	154.885	154.712	154.86	1704	0	21
2025.12.04	17:10:00	154.859	154.885	154.743	154.761	1156	0	21
2025.12.04	17:20:00	154.76	154.78	154.646	154.662	1187	0	21
2025.12.04	17:30:00	154.659	154.685	154.589	154.63	1279	0	21
2025.12.04	17:40:00	154.63	154.639	154.546	154.591	1062	0	21
2025.12.04	17:50:00	154.592	154.66	154.592	154.625	1197	0	21
2025.12.04	18:00:00	154.623	154.747	154.622	154.721	1182	0	21
2025.12.04	18:10:00	154.722	154.746	154.675	154.683	941	0	21
2025.12.04	18:20:00	154.684	154.752	154.675	154.747	836	0	21
2025.12.04	18:30:00	154.746	154.858	154.746	154.852	805	0	21
2025.12.04	18:40:00	154.851	154.901	154.843	154.898	1055	0	21
2025.12.04	18:50:00	154.899	154.907	154.853	154.895	691	0	21
2025.12.04	19:00:00	154.895	154.954	154.882	154.946	867	0	21
2025.12.04	19:10:00	154.945	154.952	154.918	154.921	630	0	21
2025.12.04	19:20:00	154.918	154.923	154.878	154.883	504	0	21
2025.12.04	19:30:00	154.884	154.945	154.884	154.923	639	0	21
2025.12.04	19:40:00	154.923	154.95	154.883	154.92	700	0	21
2025.12.04	19:50:00	154.921	154.941	154.909	154.924	568	0	21
2025.12.04	20:00:00	154.925	154.968	154.923	154.963	874	0	21
2025.12.04	20:10:00	154.962	154.978	154.918	154.922	614	0	21
2025.12.04	20:20:00	154.923	154.924	154.884	154.909	537	0	21
2025.12.04	20:30:00	154.909	154.947	154.901	154.913	735	0	21
2025.12.04	20:40:00	154.914	154.943	154.895	154.937	886	0	21
2025.12.04	20:50:00	154.937	154.981	154.936	154.975	640	0	21
2025.12.04	21:00:00	154.975	154.997	154.956	154.994	782	0	22
2025.12.04	21:10:00	154.994	155.01	154.956	154.982	560	0	21
2025.12.04	21:20:00	154.98	154.989	154.944	154.977	650	0	21
2025.12.04	21:30:00	154.978	154.987	154.969	154.982	630	0	21
2025.12.04	21:40:00	154.982	154.989	154.972	154.985	785	0	22
2025.12.04	21:50:00	154.985	155.029	154.973	155.007	645	0	21
2025.12.04	22:00:00	155.008	155.043	154.992	154.996	674	0	21
2025.12.04	22:10:00	154.996	155.017	154.985	155.009	856	0	21
2025.12.04	22:20:00	155.007	155.025	154.992	155.024	714	0	21
2025.12.04	22:30:00	155.024	155.066	155.012	155.061	1044	0	22
2025.12.04	22:40:00	155.061	155.076	155.046	155.075	348	0	21
2025.12.04	22:50:00	155.076	155.12	155.068	155.093	622	0	21
2025.12.04	23:00:00	155.093	155.096	155.065	155.07	436	0	21
2025.12.04	23:10:00	155.07	155.107	155.07	155.106	274	0	21
2025.12.04	23:20:00	155.105	155.125	155.102	155.112	212	0	21
2025.12.04	23:30:00	155.111	155.117	155.107	155.114	51	0	21
2025.12.04	23:40:00	155.115	155.13	155.107	155.113	192	0	23
2025.12.04	23:50:00	155.114	155.125	155.064	155.064	451	0	24
2025.12.05	00:00:00	155.064	155.064	155.004	155.015	31	0	66
2025.12.05	00:10:00	155.012	155.051	155.012	155.045	61	0	59
2025.12.05	00:20:00	155.047	155.047	154.964	154.965	86	0	48
2025.12.05	00:30:00	154.965	155.044	154.965	155.035	221	0	41
2025.12.05	00:40:00	155.035	155.035	155.023	155.03	63	0	46
2025.12.05	00:50:00	155.03	155.042	155.023	155.026	69	0	39
2025.12.05	01:00:00	155.029	155.108	155.029	155.101	277	0	21
2025.12.05	01:10:00	155.102	155.149	155.102	155.139	237	0	21
2025.12.05	01:20:00	155.14	155.148	155.117	155.119	398	0	24
2025.12.05	01:30:00	155.12	155.143	155.083	155.085	378	0	22
2025.12.05	01:40:00	155.084	155.119	155.083	155.101	396	0	24
2025.12.05	01:50:00	155.1	155.151	155.098	155.121	425	0	21
2025.12.05	02:00:00	155.121	155.22	155.09	155.179	1041	0	21
2025.12.05	02:10:00	155.18	155.194	155.144	155.188	593	0	21
2025.12.05	02:20:00	155.189	155.19	155.097	155.098	502	0	21
2025.12.05	02:30:00	155.099	155.174	155.089	155.124	577	0	21
2025.12.05	02:40:00	155.126	155.148	155.076	155.135	703	0	21
2025.12.05	02:50:00	155.134	155.136	154.94	154.957	1073	0	21
2025.12.05	03:00:00	154.957	154.991	154.906	154.907	831	0	21
2025.12.05	03:10:00	154.906	154.982	154.904	154.945	663	0	21
2025.12.05	03:20:00	154.946	155.073	154.946	155.064	559	0	21
2025.12.05	03:30:00	155.065	155.089	154.998	155.062	603	0	21
2025.12.05	03:40:00	155.062	155.066	154.953	154.98	470	0	21
2025.12.05	03:50:00	154.979	155.036	154.959	155.005	593	0	21
2025.12.05	04:00:00	155.004	155.052	154.995	155.026	579	0	21
2025.12.05	04:10:00	155.026	155.063	155.015	155.062	388	0	21
2025.12.05	04:20:00	155.063	155.087	155.052	155.077	598	0	21
2025.12.05	04:30:00	155.078	155.078	155.03	155.03	285	0	21
2025.12.05	04:40:00	155.029	155.062	155.011	155.06	356	0	21
2025.12.05	04:50:00	155.059	155.064	155.015	155.04	345	0	21
2025.12.05	05:00:00	155.041	155.054	155.028	155.05	252	0	21
2025.12.05	05:10:00	155.049	155.07	155.031	155.063	233	0	22
2025.12.05	05:20:00	155.062	155.127	155.05	155.123	236	0	21
2025.12.05	05:30:00	155.124	155.147	155.099	155.101	372	0	21
2025.12.05	05:40:00	155.101	155.117	155.095	155.113	230	0	21
2025.12.05	05:50:00	155.114	155.128	155.1	155.109	263	0	21
2025.12.05	06:00:00	155.108	155.113	155.051	155.058	521	0	21
2025.12.05	06:10:00	155.057	155.063	155.026	155.04	393	0	21
2025.12.05	06:20:00	155.039	155.039	154.784	154.897	963	0	21
2025.12.05	06:30:00	154.899	155.016	154.877	154.981	1102	0	21
2025.12.05	06:40:00	154.98	154.982	154.899	154.924	580	0	21
2025.12.05	06:50:00	154.925	154.931	154.871	154.909	416	0	21
2025.12.05	07:00:00	154.91	154.91	154.828	154.89	543	0	21
2025.12.05	07:10:00	154.89	154.89	154.813	154.818	615	0	21
2025.12.05	07:20:00	154.819	154.82	154.702	154.722	588	0	22
2025.12.05	07:30:00	154.722	154.723	154.548	154.549	735	0	21
2025.12.05	07:40:00	154.549	154.631	154.543	154.598	810	0	21
2025.12.05	07:50:00	154.585	154.638	154.533	154.589	887	0	21
2025.12.05	08:00:00	154.588	154.635	154.574	154.601	606	0	21
2025.12.05	08:10:00	154.6	154.687	154.6	154.612	518	0	21
2025.12.05	08:20:00	154.611	154.663	154.577	154.584	652	0	21
2025.12.05	08:30:00	154.584	154.622	154.447	154.464	1017	0	21
2025.12.05	08:40:00	154.464	154.589	154.449	154.572	825	0	21
2025.12.05	08:50:00	154.571	154.594	154.514	154.557	852	0	21
2025.12.05	09:00:00	154.555	154.638	154.5	154.533	1105	0	21
2025.12.05	09:10:00	154.533	154.602	154.478	154.573	1040	0	21
2025.12.05	09:20:00	154.574	154.576	154.382	154.405	1047	0	21
2025.12.05	09:30:00	154.404	154.468	154.332	154.405	1264	0	21
2025.12.05	09:40:00	154.406	154.567	154.383	154.551	1130	0	21
2025.12.05	09:50:00	154.55	154.639	154.513	154.618	1209	0	21
2025.12.05	10:00:00	154.619	154.764	154.595	154.76	1494	0	21
2025.12.05	10:10:00	154.759	154.826	154.727	154.738	1095	0	21
2025.12.05	10:20:00	154.737	154.795	154.704	154.761	1176	0	21
2025.12.05	10:30:00	154.763	154.824	154.746	154.765	1019	0	21
2025.12.05	10:40:00	154.772	154.871	154.746	154.825	742	0	21
2025.12.05	10:50:00	154.826	154.882	154.822	154.845	688	0	21
2025.12.05	11:00:00	154.844	154.92	154.821	154.919	713	0	21
2025.12.05	11:10:00	154.919	154.935	154.884	154.884	470	0	21
2025.12.05	11:20:00	154.884	154.941	154.856	154.94	579	0	21
2025.12.05	11:30:00	154.94	154.943	154.902	154.929	459	0	21
2025.12.05	11:40:00	154.929	154.954	154.909	154.927	597	0	21
2025.12.05	11:50:00	154.928	154.928	154.89	154.904	529	0	21
2025.12.05	12:00:00	154.905	154.979	154.878	154.976	766	0	21
2025.12.05	12:10:00	154.976	155.085	154.976	155.085	926	0	21
2025.12.05	12:20:00	155.084	155.087	155.052	155.082	832	0	21
2025.12.05	12:30:00	155.082	155.129	155.047	155.079	606	0	21
2025.12.05	12:40:00	155.079	155.123	155.042	155.08	676	0	21
2025.12.05	12:50:00	155.082	155.162	155.077	155.124	729	0	21
2025.12.05	13:00:00	155.124	155.167	155.11	155.124	634	0	21
2025.12.05	13:10:00	155.125	155.157	155.121	155.13	638	0	21
2025.12.05	13:20:00	155.131	155.162	155.104	155.158	671	0	21
2025.12.05	13:30:00	155.158	155.212	155.157	155.194	793	0	21
2025.12.05	13:40:00	155.193	155.198	155.142	155.146	667	0	21
2025.12.05	13:50:00	155.148	155.165	155.117	155.132	652	0	21
2025.12.05	14:00:00	155.134	155.139	155.072	155.1	650	0	21
2025.12.05	14:10:00	155.107	155.161	155.073	155.161	656	0	21
2025.12.05	14:20:00	155.161	155.251	155.161	155.182	1155	0	21
2025.12.05	14:30:00	155.183	155.208	155.139	155.141	791	0	21
2025.12.05	14:40:00	155.14	155.189	155.12	155.17	1070	0	21
2025.12.05	14:50:00	155.17	155.207	155.153	155.16	940	0	21
2025.12.05	15:00:00	155.164	155.218	155.136	155.209	951	0	21
2025.12.05	15:10:00	155.209	155.233	155.193	155.219	957	0	21
2025.12.05	15:20:00	155.22	155.248	155.124	155.151	691	0	21
2025.12.05	15:30:00	155.15	155.239	155.139	155.169	1173	0	21
2025.12.05	15:40:00	155.168	155.182	155.094	155.134	1228	0	21
2025.12.05	15:50:00	155.134	155.187	155.115	155.185	960	0	21
2025.12.05	16:00:00	155.184	155.185	155.103	155.138	1074	0	21
2025.12.05	16:10:00	155.139	155.163	155.11	155.132	1059	0	21
2025.12.05	16:20:00	155.131	155.187	155.107	155.187	826	0	21
2025.12.05	16:30:00	155.186	155.271	155.183	155.194	1629	0	21
2025.12.05	16:40:00	155.193	155.207	155.12	155.161	1619	0	21
2025.12.05	16:50:00	155.162	155.22	155.135	155.208	849	0	21
2025.12.05	17:00:00	155.207	155.345	155.151	155.288	1510	0	21
2025.12.05	17:10:00	155.289	155.291	155.147	155.182	1636	0	21
2025.12.05	17:20:00	155.181	155.209	155.105	155.148	1205	0	21
2025.12.05	17:30:00	155.149	155.196	155.106	155.12	1099	0	21
2025.12.05	17:40:00	155.121	155.236	155.11	155.218	1239	0	21
2025.12.05	17:50:00	155.217	155.306	155.193	155.242	1456	0	21
2025.12.05	18:00:00	155.243	155.336	155.196	155.329	950	0	21
2025.12.05	18:10:00	155.329	155.461	155.322	155.454	1482	0	21
2025.12.05	18:20:00	155.455	155.482	155.386	155.403	1003	0	21
2025.12.05	18:30:00	155.404	155.428	155.332	155.352	1225	0	21
2025.12.05	18:40:00	155.351	155.356	155.255	155.255	1044	0	21
2025.12.05	18:50:00	155.255	155.305	155.245	155.288	1144	0	21
2025.12.05	19:00:00	155.289	155.307	155.255	155.281	860	0	21
2025.12.05	19:10:00	155.281	155.29	155.248	155.268	655	0	21
2025.12.05	19:20:00	155.267	155.327	155.257	155.306	520	0	21
2025.12.05	19:30:00	155.307	155.332	155.291	155.327	624	0	21
2025.12.05	19:40:00	155.32	155.335	155.255	155.292	537	0	21
2025.12.05	19:50:00	155.292	155.3	155.26	155.275	545	0	21
2025.12.05	20:00:00	155.275	155.289	155.229	155.242	606	0	21
2025.12.05	20:10:00	155.243	155.281	155.242	155.256	346	0	21
2025.12.05	20:20:00	155.256	155.309	155.256	155.292	377	0	21
2025.12.05	20:30:00	155.293	155.297	155.259	155.267	474	0	21
2025.12.05	20:40:00	155.267	155.289	155.254	155.259	479	0	21
2025.12.05	20:50:00	155.259	155.291	155.259	155.271	339	0	21
2025.12.05	21:00:00	155.27	155.312	155.254	155.281	542	0	21
2025.12.05	21:10:00	155.28	155.3	155.268	155.297	398	0	21
2025.12.05	21:20:00	155.296	155.305	155.255	155.257	561	0	21
2025.12.05	21:30:00	155.257	155.281	155.252	155.269	411	0	21
2025.12.05	21:40:00	155.269	155.285	155.258	155.281	283	0	21
2025.12.05	21:50:00	155.282	155.311	155.278	155.281	515	0	21
2025.12.05	22:00:00	155.28	155.306	155.276	155.288	363	0	21
2025.12.05	22:10:00	155.288	155.294	155.258	155.279	287	0	21
2025.12.05	22:20:00	155.279	155.301	155.275	155.29	211	0	21
2025.12.05	22:30:00	155.289	155.314	155.279	155.302	275	0	21
2025.12.05	22:40:00	155.303	155.303	155.278	155.291	367	0	21
2025.12.05	22:50:00	155.291	155.313	155.283	155.291	530	0	21
2025.12.05	23:00:00	155.294	155.304	155.279	155.295	287	0	21
2025.12.05	23:10:00	155.295	155.304	155.29	155.302	187	0	22
2025.12.05	23:20:00	155.303	155.316	155.282	155.303	329	0	21
2025.12.05	23:30:00	155.305	155.331	155.304	155.327	132	0	23
2025.12.05	23:40:00	155.326	155.339	155.299	155.321	209	0	23
2025.12.05	23:50:00	155.322	155.356	155.307	155.341	278	0	27
2025.12.08	00:00:00	155.146	155.182	155.139	155.15	102	0	68
2025.12.08	00:10:00	155.15	155.198	155.142	155.196	43	0	60
2025.12.08	00:20:00	155.196	155.2	155.196	155.2	11	0	60
2025.12.08	00:30:00	155.202	155.203	155.2	155.202	19	0	56
2025.12.08	00:40:00	155.202	155.203	155.192	155.197	24	0	53
2025.12.08	00:50:00	155.196	155.213	155.193	155.202	88	0	49
2025.12.08	01:00:00	155.198	155.281	155.194	155.235	446	0	21
2025.12.08	01:10:00	155.235	155.266	155.216	155.26	578	0	28
2025.12.08	01:20:00	155.26	155.27	155.237	155.261	693	0	22
2025.12.08	01:30:00	155.268	155.279	155.228	155.275	746	0	21
2025.12.08	01:40:00	155.274	155.321	155.273	155.31	276	0	23
2025.12.08	01:50:00	155.311	155.37	155.3	155.3	398	0	22
2025.12.08	02:00:00	155.3	155.313	155.129	155.206	1103	0	21
2025.12.08	02:10:00	155.205	155.251	155.158	155.242	687	0	21
2025.12.08	02:20:00	155.243	155.249	155.145	155.172	508	0	21
2025.12.08	02:30:00	155.172	155.172	155.086	155.107	598	0	21
2025.12.08	02:40:00	155.107	155.177	155.084	155.146	547	0	21
2025.12.08	02:50:00	155.146	155.18	155.05	155.06	952	0	21
2025.12.08	03:00:00	155.059	155.137	155.037	155.075	932	0	21
2025.12.08	03:10:00	155.075	155.075	154.982	155.023	754	0	21
2025.12.08	03:20:00	155.023	155.042	154.962	155.025	785	0	21
2025.12.08	03:30:00	155.026	155.027	154.93	154.947	835	0	21
2025.12.08	03:40:00	154.947	154.979	154.913	154.948	629	0	21
2025.12.08	03:50:00	154.941	154.955	154.9	154.907	711	0	21
2025.12.08	04:00:00	154.904	154.917	154.888	154.912	560	0	21
2025.12.08	04:10:00	154.911	155.028	154.911	155.004	503	0	21
2025.12.08	04:20:00	155.004	155.019	154.948	155.018	610	0	21
2025.12.08	04:30:00	155.018	155.057	155.017	155.035	475	0	21
2025.12.08	04:40:00	155.035	155.036	154.969	154.992	477	0	21
2025.12.08	04:50:00	154.992	155.005	154.973	154.994	550	0	21
2025.12.08	05:00:00	154.994	155.002	154.963	154.972	341	0	21
2025.12.08	05:10:00	154.973	155.026	154.97	155.001	378	0	21
2025.12.08	05:20:00	155.0	155.033	154.988	155.018	398	0	21
2025.12.08	05:30:00	155.017	155.048	155.011	155.038	437	0	21
2025.12.08	05:40:00	155.039	155.077	155.039	155.066	344	0	21
2025.12.08	05:50:00	155.067	155.105	155.062	155.091	426	0	22
2025.12.08	06:00:00	155.093	155.111	155.046	155.069	465	0	21
2025.12.08	06:10:00	155.07	155.096	155.068	155.071	373	0	21
2025.12.08	06:20:00	155.07	155.087	155.048	155.085	405	0	22
2025.12.08	06:30:00	155.086	155.09	155.048	155.077	342	0	22
2025.12.08	06:40:00	155.079	155.094	155.053	155.066	472	0	23
2025.12.08	06:50:00	155.067	155.087	155.048	155.064	261	0	22
2025.12.08	07:00:00	155.063	155.11	155.057	155.1	380	0	21
2025.12.08	07:10:00	155.101	155.16	155.1	155.159	391	0	21
2025.12.08	07:20:00	155.158	155.212	155.144	155.195	434	0	21
2025.12.08	07:30:00	155.195	155.209	155.171	155.18	449	0	21
2025.12.08	07:40:00	155.18	155.208	155.169	155.194	383	0	21
2025.12.08	07:50:00	155.197	155.257	155.182	155.189	732	0	21
2025.12.08	08:00:00	155.19	155.192	155.118	155.149	965	0	21
2025.12.08	08:10:00	155.148	155.193	155.093	155.192	682	0	21
2025.12.08	08:20:00	155.192	155.277	155.191	155.254	471	0	21
2025.12.08	08:30:00	155.255	155.266	155.166	155.176	494	0	21
2025.12.08	08:40:00	155.175	155.255	155.17	155.232	387	0	21
2025.12.08	08:50:00	155.234	155.257	155.198	155.218	546	0	21
2025.12.08	09:00:00	155.218	155.263	155.202	155.208	741	0	21
2025.12.08	09:10:00	155.208	155.217	155.156	155.217	619	0	21
2025.12.08	09:20:00	155.222	155.3	155.207	155.29	674	0	21
2025.12.08	09:30:00	155.291	155.293	155.208	155.219	761	0	21
2025.12.08	09:40:00	155.22	155.324	155.205	155.323	584	0	21
2025.12.08	09:50:00	155.323	155.342	155.299	155.341	582	0	21
2025.12.08	10:00:00	155.343	155.376	155.266	155.279	1007	0	21
2025.12.08	10:10:00	155.28	155.351	155.25	155.348	914	0	21
2025.12.08	10:20:00	155.348	155.446	155.33	155.434	1141	0	21
2025.12.08	10:30:00	155.433	155.452	155.412	155.441	849	0	21
2025.12.08	10:40:00	155.44	155.444	155.381	155.384	494	0	21
2025.12.08	10:50:00	155.384	155.411	155.361	155.38	651	0	21
2025.12.08	11:00:00	155.38	155.459	155.38	155.445	864	0	21
2025.12.08	11:10:00	155.447	155.523	155.444	155.521	999	0	21
2025.12.08	11:20:00	155.52	155.532	155.43	155.43	940	0	21
2025.12.08	11:30:00	155.428	155.448	155.409	155.425	672	0	21
2025.12.08	11:40:00	155.425	155.456	155.399	155.453	757	0	21
2025.12.08	11:50:00	155.453	155.482	155.429	155.465	757	0	21
2025.12.08	12:00:00	155.464	155.511	155.424	155.426	917	0	21
2025.12.08	12:10:00	155.427	155.446	155.398	155.425	828	0	21
2025.12.08	12:20:00	155.423	155.456	155.418	155.433	656	0	21
2025.12.08	12:30:00	155.433	155.435	155.399	155.425	561	0	21
2025.12.08	12:40:00	155.425	155.47	155.408	155.464	527	0	21
2025.12.08	12:50:00	155.468	155.519	155.457	155.501	569	0	22
2025.12.08	13:00:00	155.502	155.564	155.487	155.528	587	0	21
2025.12.08	13:10:00	155.527	155.527	155.462	155.506	390	0	21
2025.12.08	13:20:00	155.507	155.533	155.505	155.516	757	0	21
2025.12.08	13:30:00	155.516	155.518	155.487	155.493	662	0	21
2025.12.08	13:40:00	155.493	155.533	155.488	155.532	614	0	21
2025.12.08	13:50:00	155.532	155.579	155.529	155.575	803	0	21
2025.12.08	14:00:00	155.576	155.643	155.532	155.612	1094	0	21
2025.12.08	14:10:00	155.613	155.627	155.577	155.627	624	0	21
2025.12.08	14:20:00	155.627	155.631	155.594	155.604	555	0	21
2025.12.08	14:30:00	155.605	155.646	155.6	155.614	466	0	21
2025.12.08	14:40:00	155.614	155.641	155.59	155.594	629	0	21
2025.12.08	14:50:00	155.596	155.605	155.532	155.549	797	0	21
2025.12.08	15:00:00	155.547	155.583	155.519	155.53	785	0	21
2025.12.08	15:10:00	155.533	155.533	155.463	155.479	1117	0	21
2025.12.08	15:20:00	155.477	155.535	155.477	155.504	875	0	21
2025.12.08	15:30:00	155.501	155.611	155.496	155.605	1127	0	21
2025.12.08	15:40:00	155.606	155.63	155.562	155.58	1023	0	21
2025.12.08	15:50:00	155.581	155.65	155.58	155.616	926	0	21
2025.12.08	16:00:00	155.616	155.63	155.557	155.598	1058	0	21
2025.12.08	16:10:00	155.597	155.598	155.51	155.522	893	0	21
2025.12.08	16:20:00	155.521	155.547	155.381	155.479	1550	0	21
2025.12.08	16:30:00	155.479	155.727	155.471	155.699	1766	0	21
2025.12.08	16:40:00	155.695	155.746	155.67	155.733	1689	0	21
2025.12.08	16:50:00	155.733	155.867	155.698	155.814	1902	0	21
2025.12.08	17:00:00	155.814	155.88	155.809	155.853	1489	0	21
2025.12.08	17:10:00	155.854	155.906	155.817	155.863	1285	0	21
2025.12.08	17:20:00	155.863	155.868	155.744	155.804	1358	0	21
2025.12.08	17:30:00	155.804	155.948	155.785	155.942	1088	0	21
2025.12.08	17:40:00	155.941	155.973	155.924	155.924	1135	0	21
2025.12.08	17:50:00	155.925	155.939	155.844	155.847	1285	0	21
2025.12.08	18:00:00	155.846	155.878	155.817	155.878	974	0	21
2025.12.08	18:10:00	155.877	155.877	155.821	155.833	732	0	21
2025.12.08	18:20:00	155.832	155.942	155.832	155.935	761	0	21
2025.12.08	18:30:00	155.934	155.945	155.856	155.913	1154	0	21
2025.12.08	18:40:00	155.914	155.916	155.853	155.86	740	0	21
2025.12.08	18:50:00	155.86	155.909	155.853	155.886	572	0	21
2025.12.08	19:00:00	155.885	155.914	155.874	155.883	602	0	21
2025.12.08	19:10:00	155.884	155.896	155.82	155.822	492	0	21
2025.12.08	19:20:00	155.822	155.835	155.789	155.809	731	0	21
2025.12.08	19:30:00	155.81	155.841	155.775	155.807	693	0	21
2025.12.08	19:40:00	155.808	155.818	155.744	155.745	717	0	21
2025.12.08	19:50:00	155.744	155.771	155.715	155.739	731	0	21
2025.12.08	20:00:00	155.738	155.748	155.711	155.734	600	0	21
2025.12.08	20:10:00	155.733	155.765	155.725	155.738	331	0	21
2025.12.08	20:20:00	155.737	155.766	155.719	155.766	340	0	21
2025.12.08	20:30:00	155.764	155.773	155.725	155.735	369	0	21
2025.12.08	20:40:00	155.731	155.747	155.693	155.715	414	0	21
2025.12.08	20:50:00	155.716	155.746	155.714	155.738	390	0	21
2025.12.08	21:00:00	155.739	155.766	155.725	155.735	333	0	21
2025.12.08	21:10:00	155.736	155.759	155.728	155.729	325	0	21
2025.12.08	21:20:00	155.728	155.775	155.723	155.77	262	0	21
2025.12.08	21:30:00	155.77	155.836	155.77	155.799	380	0	21
2025.12.08	21:40:00	155.8	155.858	155.783	155.856	542	0	21
2025.12.08	21:50:00	155.856	155.905	155.833	155.899	861	0	21
2025.12.08	22:00:00	155.899	155.905	155.84	155.903	568	0	21
2025.12.08	22:10:00	155.902	155.924	155.894	155.914	350	0	21
2025.12.08	22:20:00	155.914	155.92	155.873	155.879	274	0	21
2025.12.08	22:30:00	155.88	155.89	155.862	155.876	284	0	21
2025.12.08	22:40:00	155.875	155.892	155.865	155.877	352	0	21
2025.12.08	22:50:00	155.877	155.924	155.877	155.921	380	0	21
2025.12.08	23:00:00	155.922	155.932	155.914	155.927	270	0	21
2025.12.08	23:10:00	155.927	155.938	155.924	155.925	225	0	21
2025.12.08	23:20:00	155.925	155.948	155.914	155.941	304	0	21
2025.12.08	23:30:00	155.94	155.949	155.921	155.929	360	0	21
2025.12.08	23:40:00	155.929	155.934	155.92	155.924	200	0	21
2025.12.08	23:50:00	155.924	155.925	155.896	155.905	423	0	21
2025.12.09	00:00:00	155.901	155.901	155.799	155.855	20	0	31
2025.12.09	00:10:00	155.855	155.861	155.846	155.852	39	0	32
2025.12.09	00:20:00	155.852	155.856	155.849	155.854	48	0	59
2025.12.09	00:30:00	155.854	155.861	155.846	155.858	61	0	59
2025.12.09	00:40:00	155.858	155.898	155.858	155.898	54	0	32
2025.12.09	00:50:00	155.898	155.919	155.873	155.898	79	0	28
2025.12.09	01:00:00	155.899	155.943	155.875	155.927	213	0	22
2025.12.09	01:10:00	155.927	155.965	155.926	155.947	163	0	22
2025.12.09	01:20:00	155.943	155.958	155.881	155.886	199	0	22
2025.12.09	01:30:00	155.886	155.911	155.88	155.896	280	0	21
2025.12.09	01:40:00	155.896	155.926	155.893	155.897	253	0	24
2025.12.09	01:50:00	155.896	155.916	155.827	155.834	344	0	21
2025.12.09	02:00:00	155.837	155.854	155.763	155.83	762	0	21
2025.12.09	02:10:00	155.83	155.843	155.758	155.839	488	0	21
2025.12.09	02:20:00	155.838	155.876	155.831	155.853	316	0	21
2025.12.09	02:30:00	155.854	155.891	155.821	155.886	451	0	21
2025.12.09	02:40:00	155.886	155.9	155.855	155.872	508	0	21
2025.12.09	02:50:00	155.871	156.01	155.85	155.999	1206	0	21
2025.12.09	03:00:00	155.999	156.025	155.929	155.935	1122	0	21
2025.12.09	03:10:00	155.935	155.942	155.89	155.903	675	0	21
2025.12.09	03:20:00	155.903	155.906	155.862	155.869	476	0	21
2025.12.09	03:30:00	155.869	155.872	155.818	155.866	560	0	21
2025.12.09	03:40:00	155.866	155.889	155.819	155.829	478	0	21
2025.12.09	03:50:00	155.828	155.834	155.756	155.785	353	0	21
2025.12.09	04:00:00	155.786	155.811	155.732	155.77	437	0	21
2025.12.09	04:10:00	155.772	155.881	155.762	155.88	314	0	21
2025.12.09	04:20:00	155.881	155.881	155.831	155.832	197	0	21
2025.12.09	04:30:00	155.831	155.881	155.816	155.862	363	0	21
2025.12.09	04:40:00	155.861	155.894	155.853	155.88	364	0	21
2025.12.09	04:50:00	155.88	155.89	155.845	155.858	349	0	21
2025.12.09	05:00:00	155.857	155.878	155.844	155.871	303	0	21
2025.12.09	05:10:00	155.87	155.876	155.847	155.865	254	0	21
2025.12.09	05:20:00	155.866	155.867	155.839	155.862	190	0	23
2025.12.09	05:30:00	155.862	155.862	155.8	155.807	509	0	21
2025.12.09	05:40:00	155.808	155.847	155.808	155.839	210	0	21
2025.12.09	05:50:00	155.839	155.843	155.791	155.812	182	0	21
2025.12.09	06:00:00	155.812	155.851	155.799	155.848	335	0	21
2025.12.09	06:10:00	155.847	155.881	155.838	155.876	238	0	21
2025.12.09	06:20:00	155.875	155.886	155.849	155.886	256	0	21
2025.12.09	06:30:00	155.885	155.93	155.885	155.911	357	0	21
2025.12.09	06:40:00	155.911	155.974	155.909	155.967	334	0	21
2025.12.09	06:50:00	155.966	155.967	155.924	155.924	193	0	21
2025.12.09	07:00:00	155.923	156.099	155.919	156.053	576	0	21
2025.12.09	07:10:00	156.053	156.054	155.961	155.982	595	0	21
2025.12.09	07:20:00	155.984	155.984	155.862	155.864	464	0	21
2025.12.09	07:30:00	155.863	155.895	155.849	155.895	254	0	21
2025.12.09	07:40:00	155.896	155.958	155.867	155.903	903	0	21
2025.12.09	07:50:00	155.903	156.006	155.903	155.998	1146	0	21
2025.12.09	08:00:00	155.997	156.072	155.972	156.031	806	0	21
2025.12.09	08:10:00	156.032	156.115	156.029	156.083	843	0	21
2025.12.09	08:20:00	156.082	156.091	156.044	156.075	642	0	21
2025.12.09	08:30:00	156.075	156.105	155.999	156.047	690	0	21
2025.12.09	08:40:00	156.045	156.048	155.99	155.996	607	0	21
2025.12.09	08:50:00	155.995	156.019	155.95	155.995	654	0	21
2025.12.09	09:00:00	155.995	156.099	155.973	156.099	634	0	21
2025.12.09	09:10:00	156.098	156.152	156.077	156.127	667	0	21
2025.12.09	09:20:00	156.127	156.135	156.073	156.098	718	0	21
2025.12.09	09:30:00	156.097	156.134	156.024	156.048	603	0	21
2025.12.09	09:40:00	156.047	156.147	156.047	156.144	620	0	21
2025.12.09	09:50:00	156.145	156.186	156.13	156.181	933	0	21
2025.12.09	10:00:00	156.181	156.268	156.172	156.241	1330	0	21
2025.12.09	10:10:00	156.242	156.304	156.233	156.299	1020	0	21
2025.12.09	10:20:00	156.304	156.367	156.271	156.354	881	0	21
2025.12.09	10:30:00	156.355	156.417	156.3	156.413	1131	0	21
2025.12.09	10:40:00	156.414	156.42	156.343	156.362	768	0	21
2025.12.09	10:50:00	156.362	156.365	156.297	156.323	765	0	21
2025.12.09	11:00:00	156.323	156.329	156.187	156.248	1222	0	21
2025.12.09	11:10:00	156.249	156.261	156.054	156.054	1389	0	21
2025.12.09	11:20:00	156.054	156.055	155.965	156.028	1345	0	21
2025.12.09	11:30:00	156.027	156.096	156.02	156.055	856	0	21
2025.12.09	11:40:00	156.056	156.109	156.017	156.039	805	0	21
2025.12.09	11:50:00	156.042	156.074	156.015	156.074	833	0	21
2025.12.09	12:00:00	156.075	156.16	156.074	156.127	968	0	21
2025.12.09	12:10:00	156.126	156.192	156.123	156.164	793	0	21
2025.12.09	12:20:00	156.165	156.191	156.133	156.161	838	0	21
2025.12.09	12:30:00	156.161	156.167	156.072	156.072	1142	0	21
2025.12.09	12:40:00	156.07	156.096	156.034	156.085	733	0	21
2025.12.09	12:50:00	156.084	156.123	156.063	156.063	991	0	21
2025.12.09	13:00:00	156.063	156.125	156.057	156.108	695	0	21
2025.12.09	13:10:00	156.109	156.124	156.084	156.11	723	0	21
2025.12.09	13:20:00	156.109	156.138	156.08	156.11	762	0	21
2025.12.09	13:30:00	156.11	156.128	156.061	156.089	847	0	21
2025.12.09	13:40:00	156.089	156.121	156.088	156.112	586	0	21
2025.12.09	13:50:00	156.116	156.187	156.093	156.177	646	0	21
2025.12.09	14:00:00	156.177	156.248	156.176	156.222	993	0	21
2025.12.09	14:10:00	156.223	156.283	156.221	156.268	664	0	21
2025.12.09	14:20:00	156.267	156.281	156.241	156.269	505	0	21
2025.12.09	14:30:00	156.27	156.278	156.24	156.268	560	0	21
2025.12.09	14:40:00	156.267	156.312	156.267	156.269	611	0	21
2025.12.09	14:50:00	156.269	156.346	156.245	156.344	1419	0	21
2025.12.09	15:00:00	156.345	156.359	156.298	156.358	994	0	21
2025.12.09	15:10:00	156.359	156.395	156.341	156.343	784	0	21
2025.12.09	15:20:00	156.339	156.473	156.338	156.468	1035	0	21
2025.12.09	15:30:00	156.468	156.503	156.379	156.381	1024	0	21
2025.12.09	15:40:00	156.382	156.425	156.331	156.372	1166	0	21
2025.12.09	15:50:00	156.373	156.381	156.274	156.332	1207	0	21
2025.12.09	16:00:00	156.331	156.362	156.302	156.314	1195	0	21
2025.12.09	16:10:00	156.315	156.432	156.315	156.431	1091	0	21
2025.12.09	16:20:00	156.432	156.522	156.432	156.456	1164	0	21
2025.12.09	16:30:00	156.456	156.522	156.374	156.438	2074	0	21
2025.12.09	16:40:00	156.443	156.498	156.412	156.453	1363	0	21
2025.12.09	16:50:00	156.453	156.454	156.389	156.394	1097	0	21
2025.12.09	17:00:00	156.391	156.815	156.385	156.811	2413	0	21
2025.12.09	17:10:00	156.812	156.847	156.718	156.727	1805	0	21
2025.12.09	17:20:00	156.73	156.752	156.605	156.609	1557	0	21
2025.12.09	17:30:00	156.61	156.755	156.559	156.748	1425	0	21
2025.12.09	17:40:00	156.748	156.843	156.734	156.831	1524	0	21
2025.12.09	17:50:00	156.83	156.905	156.805	156.856	1062	0	21
2025.12.09	18:00:00	156.855	156.909	156.798	156.868	1127	0	21
2025.12.09	18:10:00	156.865	156.884	156.832	156.841	813	0	21
2025.12.09	18:20:00	156.841	156.904	156.812	156.897	986	0	21
2025.12.09	18:30:00	156.898	156.906	156.873	156.902	1082	0	21
2025.12.09	18:40:00	156.901	156.902	156.84	156.851	908	0	21
2025.12.09	18:50:00	156.85	156.876	156.832	156.847	743	0	21
2025.12.09	19:00:00	156.846	156.89	156.819	156.888	516	0	21
2025.12.09	19:10:00	156.888	156.906	156.874	156.888	643	0	21
2025.12.09	19:20:00	156.889	156.893	156.84	156.89	636	0	21
2025.12.09	19:30:00	156.89	156.909	156.869	156.874	654	0	21
2025.12.09	19:40:00	156.875	156.885	156.864	156.874	452	0	21
2025.12.09	19:50:00	156.874	156.914	156.868	156.906	515	0	21
2025.12.09	20:00:00	156.908	156.911	156.868	156.88	517	0	21
2025.12.09	20:10:00	156.88	156.914	156.875	156.894	361	0	21
2025.12.09	20:20:00	156.894	156.905	156.867	156.879	238	0	21
2025.12.09	20:30:00	156.877	156.915	156.874	156.907	381	0	21
2025.12.09	20:40:00	156.907	156.915	156.901	156.903	243	0	21
2025.12.09	20:50:00	156.903	156.912	156.883	156.885	346	0	21
2025.12.09	21:00:00	156.885	156.938	156.876	156.933	434	0	21
2025.12.09	21:10:00	156.932	156.943	156.897	156.906	375	0	21
2025.12.09	21:20:00	156.905	156.916	156.871	156.873	315	0	21
2025.12.09	21:30:00	156.872	156.881	156.834	156.835	468	0	21
2025.12.09	21:40:00	156.834	156.868	156.83	156.851	328	0	21
2025.12.09	21:50:00	156.85	156.851	156.797	156.824	574	0	21
2025.12.09	22:00:00	156.824	156.836	156.817	156.827	496	0	21
2025.12.09	22:10:00	156.826	156.849	156.809	156.847	209	0	21
2025.12.09	22:20:00	156.848	156.873	156.848	156.864	155	0	21
2025.12.09	22:30:00	156.868	156.902	156.866	156.892	178	0	21
2025.12.09	22:40:00	156.892	156.912	156.886	156.896	191	0	21
2025.12.09	22:50:00	156.896	156.9	156.857	156.888	377	0	21
2025.12.09	23:00:00	156.891	156.925	156.884	156.895	163	0	21
2025.12.09	23:10:00	156.896	156.908	156.89	156.906	133	0	21
2025.12.09	23:20:00	156.907	156.927	156.895	156.922	168	0	21
2025.12.09	23:30:00	156.921	156.93	156.904	156.916	166	0	21
2025.12.09	23:40:00	156.915	156.917	156.901	156.908	436	0	24
2025.12.09	23:50:00	156.908	156.909	156.84	156.84	438	0	23
2025.12.10	00:00:00	156.842	156.842	156.657	156.756	30	0	73
2025.12.10	00:10:00	156.756	156.829	156.756	156.806	111	0	61
2025.12.10	00:20:00	156.802	156.864	156.787	156.833	170	0	53
2025.12.10	00:30:00	156.831	156.9	156.831	156.864	106	0	48
2025.12.10	00:40:00	156.864	156.866	156.849	156.864	150	0	42
2025.12.10	00:50:00	156.863	156.864	156.804	156.823	147	0	39
2025.12.10	01:00:00	156.818	156.9	156.807	156.816	241	0	22
2025.12.10	01:10:00	156.814	156.852	156.787	156.841	183	0	23
2025.12.10	01:20:00	156.841	156.851	156.831	156.841	228	0	25
2025.12.10	01:30:00	156.841	156.851	156.826	156.832	152	0	25
2025.12.10	01:40:00	156.833	156.865	156.801	156.829	299	0	21
2025.12.10	01:50:00	156.828	156.831	156.793	156.793	174	0	22
2025.12.10	02:00:00	156.792	156.858	156.763	156.83	609	0	21
2025.12.10	02:10:00	156.83	156.891	156.77	156.843	551	0	21
2025.12.10	02:20:00	156.842	156.924	156.842	156.923	495	0	21
2025.12.10	02:30:00	156.921	156.921	156.841	156.842	539	0	21
2025.12.10	02:40:00	156.842	156.842	156.793	156.809	419	0	21
2025.12.10	02:50:00	156.809	156.884	156.691	156.704	1238	0	21
2025.12.10	03:00:00	156.704	156.737	156.659	156.676	831	0	21
2025.12.10	03:10:00	156.677	156.733	156.659	156.681	644	0	21
2025.12.10	03:20:00	156.681	156.736	156.681	156.72	457	0	21
2025.12.10	03:30:00	156.719	156.759	156.698	156.725	638	0	21
2025.12.10	03:40:00	156.732	156.746	156.69	156.697	615	0	21
2025.12.10	03:50:00	156.697	156.724	156.662	156.696	626	0	21
2025.12.10	04:00:00	156.697	156.698	156.624	156.653	431	0	21
2025.12.10	04:10:00	156.652	156.658	156.625	156.644	349	0	21
2025.12.10	04:20:00	156.643	156.677	156.62	156.67	278	0	21
2025.12.10	04:30:00	156.67	156.671	156.633	156.648	230	0	22
2025.12.10	04:40:00	156.649	156.673	156.645	156.673	159	0	22
2025.12.10	04:50:00	156.68	156.713	156.638	156.644	450	0	21
2025.12.10	05:00:00	156.644	156.671	156.635	156.645	307	0	21
2025.12.10	05:10:00	156.644	156.654	156.592	156.595	388	0	21
2025.12.10	05:20:00	156.596	156.62	156.582	156.609	320	0	21
2025.12.10	05:30:00	156.608	156.617	156.557	156.57	329	0	21
2025.12.10	05:40:00	156.57	156.586	156.547	156.562	281	0	21
2025.12.10	05:50:00	156.561	156.585	156.55	156.579	331	0	21
2025.12.10	06:00:00	156.579	156.613	156.576	156.609	226	0	21
2025.12.10	06:10:00	156.609	156.613	156.583	156.609	176	0	21
2025.12.10	06:20:00	156.61	156.651	156.606	156.633	139	0	21
2025.12.10	06:30:00	156.633	156.652	156.607	156.607	149	0	21
2025.12.10	06:40:00	156.606	156.62	156.57	156.584	211	0	21
2025.12.10	06:50:00	156.584	156.617	156.582	156.614	183	0	22
2025.12.10	07:00:00	156.615	156.62	156.595	156.605	259	0	21
2025.12.10	07:10:00	156.606	156.616	156.585	156.586	220	0	21
2025.12.10	07:20:00	156.584	156.657	156.584	156.649	407	0	21
2025.12.10	07:30:00	156.648	156.654	156.608	156.636	373	0	21
2025.12.10	07:40:00	156.637	156.661	156.632	156.654	290	0	21
2025.12.10	07:50:00	156.656	156.709	156.641	156.694	446	0	21
2025.12.10	08:00:00	156.694	156.728	156.681	156.71	410	0	21
2025.12.10	08:10:00	156.71	156.711	156.684	156.709	256	0	21
2025.12.10	08:20:00	156.709	156.744	156.7	156.72	315	0	21
2025.12.10	08:30:00	156.721	156.748	156.685	156.744	257	0	21
2025.12.10	08:40:00	156.745	156.754	156.699	156.699	317	0	21
2025.12.10	08:50:00	156.699	156.705	156.649	156.66	400	0	21
2025.12.10	09:00:00	156.66	156.687	156.64	156.67	444	0	21
2025.12.10	09:10:00	156.669	156.682	156.634	156.648	431	0	21
2025.12.10	09:20:00	156.647	156.685	156.647	156.673	298	0	21
2025.12.10	09:30:00	156.674	156.741	156.671	156.717	316	0	21
2025.12.10	09:40:00	156.718	156.724	156.672	156.672	552	0	21
2025.12.10	09:50:00	156.672	156.701	156.625	156.642	1060	0	21
2025.12.10	10:00:00	156.642	156.661	156.568	156.641	850	0	21
2025.12.10	10:10:00	156.642	156.696	156.642	156.647	555	0	21
2025.12.10	10:20:00	156.646	156.647	156.597	156.597	616	0	21
2025.12.10	10:30:00	156.598	156.648	156.588	156.634	570	0	21
2025.12.10	10:40:00	156.634	156.66	156.603	156.643	601	0	21
2025.12.10	10:50:00	156.643	156.682	156.635	156.662	695	0	21
2025.12.10	11:00:00	156.663	156.716	156.663	156.705	652	0	21
2025.12.10	11:10:00	156.704	156.774	156.697	156.755	645	0	21
2025.12.10	11:20:00	156.76	156.807	156.758	156.785	362	0	21
2025.12.10	11:30:00	156.786	156.845	156.777	156.812	495	0	21
2025.12.10	11:40:00	156.813	156.827	156.794	156.825	589	0	21
2025.12.10	11:50:00	156.824	156.877	156.805	156.807	803	0	21
2025.12.10	12:00:00	156.808	156.847	156.766	156.817	769	0	21
2025.12.10	12:10:00	156.817	156.824	156.738	156.758	546	0	21
2025.12.10	12:20:00	156.759	156.817	156.758	156.76	468	0	21
2025.12.10	12:30:00	156.76	156.769	156.729	156.763	666	0	21
2025.12.10	12:40:00	156.762	156.773	156.727	156.768	796	0	21
2025.12.10	12:50:00	156.769	156.772	156.734	156.758	784	0	21
2025.12.10	13:00:00	156.758	156.76	156.678	156.698	776	0	21
2025.12.10	13:10:00	156.697	156.752	156.697	156.734	537	0	21
2025.12.10	13:20:00	156.733	156.736	156.695	156.697	509	0	21
2025.12.10	13:30:00	156.696	156.739	156.684	156.734	331	0	21
2025.12.10	13:40:00	156.733	156.74	156.715	156.74	332	0	21
2025.12.10	13:50:00	156.737	156.766	156.698	156.699	338	0	21
2025.12.10	14:00:00	156.699	156.711	156.662	156.709	393	0	21
2025.12.10	14:10:00	156.71	156.731	156.699	156.711	289	0	21
2025.12.10	14:20:00	156.711	156.745	156.711	156.716	284	0	21
2025.12.10	14:30:00	156.717	156.717	156.68	156.691	441	0	21
2025.12.10	14:40:00	156.691	156.71	156.679	156.69	238	0	21
2025.12.10	14:50:00	156.689	156.711	156.673	156.704	512	0	21
2025.12.10	15:00:00	156.705	156.705	156.639	156.688	576	0	21
2025.12.10	15:10:00	156.689	156.705	156.645	156.686	770	0	21
2025.12.10	15:20:00	156.684	156.707	156.609	156.651	728	0	21
2025.12.10	15:30:00	156.651	156.651	156.571	156.6	916	0	21
2025.12.10	15:40:00	156.6	156.629	156.56	156.604	695	0	21
2025.12.10	15:50:00	156.605	156.605	156.54	156.541	782	0	21
2025.12.10	16:00:00	156.54	156.582	156.524	156.529	789	0	21
2025.12.10	16:10:00	156.528	156.577	156.49	156.565	816	0	21
2025.12.10	16:20:00	156.564	156.617	156.562	156.604	716	0	21
2025.12.10	16:30:00	156.603	156.611	156.54	156.591	1026	0	21
2025.12.10	16:40:00	156.592	156.592	156.433	156.468	991	0	21
2025.12.10	16:50:00	156.469	156.504	156.428	156.488	1282	0	21
2025.12.10	17:00:00	156.487	156.487	156.341	156.38	900	0	21
2025.12.10	17:10:00	156.375	156.459	156.349	156.456	942	0	21
2025.12.10	17:20:00	156.456	156.461	156.402	156.428	783	0	21
2025.12.10	17:30:00	156.429	156.472	156.372	156.464	757	0	21
2025.12.10	17:40:00	156.465	156.483	156.427	156.476	693	0	21
2025.12.10	17:50:00	156.477	156.522	156.462	156.467	795	0	21
2025.12.10	18:00:00	156.47	156.478	156.407	156.457	826	0	21
2025.12.10	18:10:00	156.456	156.468	156.398	156.4	801	0	21
2025.12.10	18:20:00	156.401	156.402	156.328	156.351	827	0	21
2025.12.10	18:30:00	156.351	156.361	156.314	156.316	574	0	21
2025.12.10	18:40:00	156.316	156.346	156.315	156.342	617	0	21
2025.12.10	18:50:00	156.342	156.392	156.322	156.325	707	0	21
2025.12.10	19:00:00	156.325	156.386	156.323	156.352	619	0	21
2025.12.10	19:10:00	156.351	156.352	156.264	156.269	569	0	21
2025.12.10	19:20:00	156.268	156.273	156.249	156.27	441	0	21
2025.12.10	19:30:00	156.269	156.307	156.255	156.27	326	0	21
2025.12.10	19:40:00	156.27	156.313	156.269	156.3	470	0	21
2025.12.10	19:50:00	156.3	156.312	156.234	156.294	507	0	21
2025.12.10	20:00:00	156.296	156.333	156.285	156.324	375	0	21
2025.12.10	20:10:00	156.325	156.373	156.313	156.372	291	0	21
2025.12.10	20:20:00	156.372	156.393	156.334	156.334	443	0	21
2025.12.10	20:30:00	156.334	156.451	156.33	156.449	428	0	21
2025.12.10	20:40:00	156.448	156.467	156.391	156.402	572	0	21
2025.12.10	20:50:00	156.401	156.429	156.382	156.406	611	0	21
2025.12.10	21:00:00	156.391	156.432	156.089	156.234	2822	0	21
2025.12.10	21:10:00	156.234	156.351	156.161	156.282	1804	0	21
2025.12.10	21:20:00	156.283	156.479	156.265	156.436	1353	0	21
2025.12.10	21:30:00	156.436	156.543	156.13	156.361	2986	0	21
2025.12.10	21:40:00	156.362	156.665	156.329	156.589	2885	0	21
2025.12.10	21:50:00	156.588	156.644	156.194	156.248	2358	0	21
2025.12.10	22:00:00	156.249	156.297	155.862	155.862	2341	0	21
2025.12.10	22:10:00	155.861	155.982	155.783	155.874	1940	0	21
2025.12.10	22:20:00	155.883	156.003	155.854	155.897	1720	0	21
2025.12.10	22:30:00	155.897	156.021	155.844	155.921	1409	0	21
2025.12.10	22:40:00	155.924	155.988	155.88	155.902	943	0	21
2025.12.10	22:50:00	155.903	155.949	155.883	155.921	935	0	21
2025.12.10	23:00:00	155.92	155.976	155.917	155.954	487	0	21
2025.12.10	23:10:00	155.954	156.003	155.932	155.956	264	0	21
2025.12.10	23:20:00	155.956	156.018	155.956	156.017	438	0	21
2025.12.10	23:30:00	156.026	156.079	156.025	156.066	304	0	21
2025.12.10	23:40:00	156.066	156.086	156.026	156.057	301	0	24
2025.12.10	23:50:00	156.057	156.061	155.972	155.992	603	0	25
2025.12.11	00:00:00	155.851	155.869	155.832	155.858	26	0	194
2025.12.11	00:10:00	155.845	155.99	155.845	155.965	107	0	52
2025.12.11	00:20:00	155.965	155.965	155.879	155.899	53	0	75
2025.12.11	00:30:00	155.899	155.943	155.899	155.94	53	0	49
2025.12.11	00:40:00	155.939	155.959	155.939	155.95	55	0	50
2025.12.11	00:50:00	155.95	156.013	155.948	156.002	1156	0	38
2025.12.11	01:00:00	155.993	156.014	155.927	155.945	215	0	21
2025.12.11	01:10:00	155.936	155.948	155.869	155.871	177	0	23
2025.12.11	01:20:00	155.871	155.875	155.746	155.799	440	0	21
2025.12.11	01:30:00	155.806	155.807	155.653	155.661	537	0	21
2025.12.11	01:40:00	155.66	155.75	155.617	155.711	509	0	21
2025.12.11	01:50:00	155.711	155.791	155.649	155.739	496	0	21
2025.12.11	02:00:00	155.74	155.766	155.559	155.609	1238	0	21
2025.12.11	02:10:00	155.61	155.646	155.566	155.569	849	0	21
2025.12.11	02:20:00	155.568	155.669	155.568	155.666	566	0	21
2025.12.11	02:30:00	155.666	155.673	155.613	155.65	737	0	21
2025.12.11	02:40:00	155.646	155.797	155.638	155.757	673	0	21
2025.12.11	02:50:00	155.757	155.874	155.723	155.794	1272	0	21
2025.12.11	03:00:00	155.795	155.812	155.669	155.685	1055	0	21
2025.12.11	03:10:00	155.684	155.718	155.655	155.677	867	0	21
2025.12.11	03:20:00	155.678	155.689	155.614	155.618	608	0	21
2025.12.11	03:30:00	155.617	155.686	155.559	155.682	812	0	21
2025.12.11	03:40:00	155.681	155.731	155.645	155.72	689	0	21
2025.12.11	03:50:00	155.721	155.728	155.641	155.708	622	0	21
2025.12.11	04:00:00	155.707	155.711	155.568	155.619	683	0	21
2025.12.11	04:10:00	155.619	155.688	155.578	155.609	611	0	21
2025.12.11	04:20:00	155.61	155.639	155.532	155.536	865	0	21
2025.12.11	04:30:00	155.535	155.616	155.477	155.615	971	0	21
2025.12.11	04:40:00	155.614	155.671	155.597	155.641	559	0	21
2025.12.11	04:50:00	155.64	155.765	155.617	155.761	660	0	21
2025.12.11	05:00:00	155.762	155.765	155.678	155.696	813	0	21
2025.12.11	05:10:00	155.693	155.7	155.626	155.691	973	0	21
2025.12.11	05:20:00	155.693	155.755	155.687	155.751	486	0	21
2025.12.11	05:30:00	155.75	155.776	155.64	155.641	835	0	21
2025.12.11	05:40:00	155.642	155.691	155.631	155.664	552	0	21
2025.12.11	05:50:00	155.665	155.687	155.642	155.685	576	0	21
2025.12.11	06:00:00	155.686	155.69	155.607	155.653	504	0	21
2025.12.11	06:10:00	155.654	155.756	155.651	155.756	488	0	21
2025.12.11	06:20:00	155.756	155.775	155.738	155.771	391	0	21
2025.12.11	06:30:00	155.77	155.77	155.722	155.76	346	0	21
2025.12.11	06:40:00	155.76	155.792	155.757	155.773	328	0	21
2025.12.11	06:50:00	155.774	155.847	155.751	155.834	619	0	21
2025.12.11	07:00:00	155.833	155.886	155.824	155.861	555	0	21
2025.12.11	07:10:00	155.862	155.92	155.862	155.906	400	0	21
2025.12.11	07:20:00	155.908	155.944	155.879	155.883	435	0	21
2025.12.11	07:30:00	155.884	155.915	155.884	155.907	330	0	21
2025.12.11	07:40:00	155.907	155.995	155.906	155.973	510	0	21
2025.12.11	07:50:00	155.973	156.062	155.968	156.053	500	0	21
2025.12.11	08:00:00	156.05	156.1	156.017	156.041	641	0	21
2025.12.11	08:10:00	156.041	156.086	156.033	156.086	495	0	21
2025.12.11	08:20:00	156.088	156.152	156.077	156.083	626	0	21
2025.12.11	08:30:00	156.086	156.105	156.025	156.066	486	0	21
2025.12.11	08:40:00	156.067	156.081	156.029	156.043	409	0	21
2025.12.11	08:50:00	156.043	156.059	155.93	155.952	727	0	21
2025.12.11	09:00:00	155.953	156.042	155.94	155.985	987	0	21
2025.12.11	09:10:00	155.984	156.008	155.892	155.946	882	0	21
2025.12.11	09:20:00	155.947	155.952	155.895	155.91	564	0	21
2025.12.11	09:30:00	155.911	155.947	155.857	155.879	725	0	21
2025.12.11	09:40:00	155.88	155.946	155.877	155.925	626	0	21
2025.12.11	09:50:00	155.926	156.032	155.919	156.021	720	0	21
2025.12.11	10:00:00	156.021	156.058	155.925	155.925	998	0	21
2025.12.11	10:10:00	155.926	156.034	155.915	155.97	1223	0	21
2025.12.11	10:20:00	155.97	155.975	155.895	155.896	911	0	21
2025.12.11	10:30:00	155.896	155.897	155.784	155.784	1059	0	21
2025.12.11	10:40:00	155.784	155.854	155.773	155.803	599	0	21
2025.12.11	10:50:00	155.803	155.876	155.79	155.874	875	0	21
2025.12.11	11:00:00	155.873	155.98	155.843	155.968	1220	0	21
2025.12.11	11:10:00	155.968	156.02	155.955	155.994	879	0	21
2025.12.11	11:20:00	155.993	156.014	155.952	155.99	912	0	21
2025.12.11	11:30:00	155.991	155.991	155.835	155.851	804	0	21
2025.12.11	11:40:00	155.852	155.896	155.842	155.859	796	0	21
2025.12.11	11:50:00	155.859	155.914	155.835	155.853	833	0	21
2025.12.11	12:00:00	155.853	155.855	155.789	155.842	891	0	21
2025.12.11	12:10:00	155.842	155.885	155.805	155.875	683	0	21
2025.12.11	12:20:00	155.875	155.875	155.808	155.847	860	0	21
2025.12.11	12:30:00	155.846	155.864	155.812	155.846	690	0	21
2025.12.11	12:40:00	155.845	155.937	155.838	155.925	639	0	21
2025.12.11	12:50:00	155.924	155.924	155.844	155.855	998	0	21
2025.12.11	13:00:00	155.854	155.87	155.8	155.82	865	0	21
2025.12.11	13:10:00	155.819	155.826	155.751	155.787	780	0	21
2025.12.11	13:20:00	155.788	155.799	155.746	155.753	682	0	21
2025.12.11	13:30:00	155.753	155.821	155.748	155.813	552	0	21
2025.12.11	13:40:00	155.812	155.818	155.752	155.783	512	0	21
2025.12.11	13:50:00	155.782	155.816	155.752	155.754	1193	0	21
2025.12.11	14:00:00	155.753	155.808	155.687	155.715	982	0	21
2025.12.11	14:10:00	155.716	155.716	155.601	155.63	960	0	21
2025.12.11	14:20:00	155.631	155.672	155.598	155.639	459	0	21
2025.12.11	14:30:00	155.638	155.677	155.615	155.668	493	0	21
2025.12.11	14:40:00	155.667	155.669	155.509	155.513	910	0	21
2025.12.11	14:50:00	155.513	155.617	155.513	155.575	926	0	21
2025.12.11	15:00:00	155.574	155.613	155.495	155.57	1498	0	21
2025.12.11	15:10:00	155.569	155.57	155.492	155.506	1117	0	21
2025.12.11	15:20:00	155.505	155.552	155.459	155.459	1109	0	21
2025.12.11	15:30:00	155.46	155.537	155.337	155.349	2010	0	21
2025.12.11	15:40:00	155.351	155.379	155.294	155.305	1544	0	21
2025.12.11	15:50:00	155.306	155.306	155.216	155.271	1168	0	21
2025.12.11	16:00:00	155.271	155.283	155.12	155.139	1356	0	21
2025.12.11	16:10:00	155.139	155.156	155.114	155.129	993	0	21
2025.12.11	16:20:00	155.13	155.137	155.051	155.055	907	0	21
2025.12.11	16:30:00	155.055	155.083	155.004	155.027	1270	0	21
2025.12.11	16:40:00	155.027	155.13	155.006	155.05	1385	0	21
2025.12.11	16:50:00	155.049	155.101	154.936	154.971	1484	0	21
2025.12.11	17:00:00	154.97	155.119	154.969	155.025	1574	0	21
2025.12.11	17:10:00	155.025	155.161	155.005	155.13	1176	0	21
2025.12.11	17:20:00	155.129	155.13	155.054	155.076	1075	0	21
2025.12.11	17:30:00	155.078	155.125	155.043	155.102	1116	0	21
2025.12.11	17:40:00	155.101	155.104	154.968	154.993	1105	0	21
2025.12.11	17:50:00	154.993	155.169	154.943	155.16	1908	0	21
2025.12.11	18:00:00	155.16	155.2	155.097	155.175	1015	0	21
2025.12.11	18:10:00	155.176	155.192	155.105	155.16	1015	0	21
2025.12.11	18:20:00	155.16	155.277	155.145	155.245	1321	0	21
2025.12.11	18:30:00	155.246	155.274	155.188	155.27	1106	0	21
2025.12.11	18:40:00	155.271	155.278	155.167	155.199	934	0	21
2025.12.11	18:50:00	155.199	155.2	155.129	155.139	1117	0	21
2025.12.11	19:00:00	155.139	155.159	155.092	155.111	890	0	21
2025.12.11	19:10:00	155.117	155.123	155.059	155.109	707	0	21
2025.12.11	19:20:00	155.109	155.189	155.104	155.188	516	0	21
2025.12.11	19:30:00	155.188	155.271	155.188	155.248	660	0	21
2025.12.11	19:40:00	155.249	155.28	155.241	155.248	627	0	21
2025.12.11	19:50:00	155.249	155.255	155.206	155.227	529	0	22
2025.12.11	20:00:00	155.227	155.276	155.201	155.213	568	0	21
2025.12.11	20:10:00	155.212	155.258	155.208	155.255	802	0	21
2025.12.11	20:20:00	155.255	155.352	155.254	155.336	710	0	21
2025.12.11	20:30:00	155.337	155.392	155.33	155.386	872	0	21
2025.12.11	20:40:00	155.385	155.402	155.345	155.345	654	0	21
2025.12.11	20:50:00	155.344	155.357	155.325	155.35	423	0	21
2025.12.11	21:00:00	155.351	155.459	155.351	155.448	567	0	21
2025.12.11	21:10:00	155.449	155.485	155.445	155.477	521	0	21
2025.12.11	21:20:00	155.477	155.493	155.433	155.437	404	0	21
2025.12.11	21:30:00	155.437	155.485	155.437	155.484	530	0	21
2025.12.11	21:40:00	155.486	155.521	155.479	155.496	654	0	21
2025.12.11	21:50:00	155.495	155.589	155.488	155.582	598	0	21
2025.12.11	22:00:00	155.582	155.649	155.582	155.626	952	0	21
2025.12.11	22:10:00	155.627	155.661	155.613	155.614	573	0	21
2025.12.11	22:20:00	155.614	155.632	155.524	155.543	562	0	21
2025.12.11	22:30:00	155.543	155.567	155.498	155.538	717	0	21
2025.12.11	22:40:00	155.538	155.545	155.496	155.525	623	0	21
2025.12.11	22:50:00	155.526	155.581	155.518	155.581	561	0	21
2025.12.11	23:00:00	155.581	155.613	155.546	155.566	376	0	21
2025.12.11	23:10:00	155.565	155.593	155.554	155.569	220	0	21
2025.12.11	23:20:00	155.57	155.577	155.551	155.554	146	0	21
2025.12.11	23:30:00	155.554	155.591	155.551	155.566	157	0	21
2025.12.11	23:40:00	155.568	155.57	155.54	155.567	325	0	23
2025.12.11	23:50:00	155.567	155.581	155.537	155.551	442	0	25
2025.12.12	00:00:00	155.551	155.569	155.507	155.524	110	0	49
2025.12.12	00:10:00	155.522	155.547	155.515	155.521	177	0	37
2025.12.12	00:20:00	155.521	155.554	155.518	155.534	59	0	42
2025.12.12	00:30:00	155.534	155.54	155.518	155.52	47	0	53
2025.12.12	00:40:00	155.52	155.52	155.495	155.517	97	0	36
2025.12.12	00:50:00	155.515	155.532	155.513	155.519	99	0	39
2025.12.12	01:00:00	155.515	155.524	155.479	155.481	160	0	21
2025.12.12	01:10:00	155.48	155.556	155.435	155.536	245	0	23
2025.12.12	01:20:00	155.534	155.551	155.498	155.503	127	0	22
2025.12.12	01:30:00	155.504	155.606	155.504	155.595	577	0	21
2025.12.12	01:40:00	155.592	155.602	155.531	155.543	299	0	23
2025.12.12	01:50:00	155.544	155.568	155.489	155.492	190	0	23
2025.12.12	02:00:00	155.493	155.573	155.446	155.564	1120	0	21
2025.12.12	02:10:00	155.563	155.634	155.521	155.623	578	0	21
2025.12.12	02:20:00	155.625	155.666	155.613	155.65	772	0	21
2025.12.12	02:30:00	155.647	155.715	155.627	155.652	788	0	21
2025.12.12	02:40:00	155.651	155.678	155.623	155.624	549	0	21
2025.12.12	02:50:00	155.613	155.71	155.592	155.685	1325	0	21
2025.12.12	03:00:00	155.686	155.76	155.646	155.69	1097	0	21
2025.12.12	03:10:00	155.692	155.695	155.61	155.611	715	0	21
2025.12.12	03:20:00	155.611	155.616	155.57	155.578	589	0	21
2025.12.12	03:30:00	155.578	155.608	155.535	155.596	659	0	21
2025.12.12	03:40:00	155.596	155.658	155.563	155.639	566	0	21
2025.12.12	03:50:00	155.64	155.699	155.631	155.657	543	0	21
2025.12.12	04:00:00	155.657	155.696	155.642	155.669	493	0	21
2025.12.12	04:10:00	155.671	155.715	155.646	155.708	428	0	21
2025.12.12	04:20:00	155.707	155.735	155.692	155.705	430	0	21
2025.12.12	04:30:00	155.704	155.705	155.652	155.652	444	0	21
2025.12.12	04:40:00	155.653	155.72	155.649	155.694	397	0	21
2025.12.12	04:50:00	155.693	155.697	155.66	155.665	399	0	21
2025.12.12	05:00:00	155.664	155.697	155.664	155.692	313	0	21
2025.12.12	05:10:00	155.692	155.699	155.675	155.682	145	0	22
2025.12.12	05:20:00	155.681	155.688	155.621	155.65	275	0	23
2025.12.12	05:30:00	155.65	155.689	155.639	155.668	215	0	23
2025.12.12	05:40:00	155.667	155.714	155.667	155.689	146	0	21
2025.12.12	05:50:00	155.691	155.712	155.674	155.7	161	0	22
2025.12.12	06:00:00	155.699	155.734	155.697	155.716	230	0	23
2025.12.12	06:10:00	155.714	155.753	155.709	155.748	368	0	22
2025.12.12	06:20:00	155.747	155.747	155.699	155.699	269	0	21
2025.12.12	06:30:00	155.7	155.713	155.679	155.69	234	0	21
2025.12.12	06:40:00	155.69	155.715	155.688	155.706	187	0	22
2025.12.12	06:50:00	155.707	155.742	155.699	155.733	230	0	22
2025.12.12	07:00:00	155.735	155.753	155.707	155.729	213	0	21
2025.12.12	07:10:00	155.73	155.742	155.709	155.74	176	0	21
2025.12.12	07:20:00	155.741	155.759	155.738	155.749	102	0	21
2025.12.12	07:30:00	155.749	155.749	155.674	155.683	237	0	21
2025.12.12	07:40:00	155.682	155.689	155.663	155.681	135	0	21
2025.12.12	07:50:00	155.681	155.732	155.679	155.73	312	0	21
2025.12.12	08:00:00	155.731	155.751	155.677	155.691	318	0	21
2025.12.12	08:10:00	155.689	155.738	155.668	155.735	318	0	21
2025.12.12	08:20:00	155.735	155.788	155.734	155.784	331	0	21
2025.12.12	08:30:00	155.784	155.815	155.768	155.782	392	0	21
2025.12.12	08:40:00	155.782	155.79	155.71	155.752	382	0	21
2025.12.12	08:50:00	155.753	155.755	155.643	155.644	474	0	21
2025.12.12	09:00:00	155.643	155.687	155.608	155.636	585	0	21
2025.12.12	09:10:00	155.637	155.642	155.554	155.633	513	0	21
2025.12.12	09:20:00	155.631	155.715	155.619	155.653	462	0	21
2025.12.12	09:30:00	155.654	155.663	155.541	155.578	607	0	21
2025.12.12	09:40:00	155.578	155.609	155.529	155.558	611	0	21
2025.12.12	09:50:00	155.557	155.644	155.548	155.636	471	0	21
2025.12.12	10:00:00	155.637	155.695	155.626	155.675	1000	0	21
2025.12.12	10:10:00	155.676	155.781	155.608	155.733	1310	0	21
2025.12.12	10:20:00	155.734	155.765	155.706	155.715	841	0	21
2025.12.12	10:30:00	155.715	155.737	155.654	155.675	703	0	21
2025.12.12	10:40:00	155.675	155.771	155.645	155.769	908	0	21
2025.12.12	10:50:00	155.768	155.833	155.744	155.827	932	0	21
2025.12.12	11:00:00	155.829	155.848	155.745	155.781	1135	0	21
2025.12.12	11:10:00	155.782	155.848	155.754	155.837	580	0	21
2025.12.12	11:20:00	155.835	155.87	155.821	155.866	777	0	21
2025.12.12	11:30:00	155.865	155.888	155.845	155.881	611	0	21
2025.12.12	11:40:00	155.881	155.89	155.862	155.886	713	0	21
2025.12.12	11:50:00	155.885	155.9	155.845	155.876	664	0	21
2025.12.12	12:00:00	155.877	155.908	155.838	155.907	570	0	21
2025.12.12	12:10:00	155.907	155.923	155.873	155.898	470	0	21
2025.12.12	12:20:00	155.899	155.954	155.899	155.934	551	0	21
2025.12.12	12:30:00	155.937	155.953	155.898	155.919	522	0	21
2025.12.12	12:40:00	155.918	155.93	155.893	155.896	298	0	21
2025.12.12	12:50:00	155.897	155.928	155.885	155.905	354	0	21
2025.12.12	13:00:00	155.905	155.94	155.905	155.927	268	0	21
2025.12.12	13:10:00	155.928	155.938	155.905	155.93	341	0	21
2025.12.12	13:20:00	155.932	155.977	155.924	155.975	339	0	21
2025.12.12	13:30:00	155.975	155.984	155.941	155.948	381	0	21
2025.12.12	13:40:00	155.949	155.954	155.918	155.924	361	0	21
2025.12.12	13:50:00	155.925	155.933	155.897	155.902	466	0	21
2025.12.12	14:00:00	155.902	155.95	155.761	155.924	989	0	21
2025.12.12	14:10:00	155.924	155.978	155.924	155.932	632	0	21
2025.12.12	14:20:00	155.933	155.944	155.91	155.935	536	0	21
2025.12.12	14:30:00	155.931	155.991	155.923	155.981	546	0	21
2025.12.12	14:40:00	155.982	156.116	155.962	156.11	718	0	21
2025.12.12	14:50:00	156.109	156.114	156.022	156.025	971	0	21
2025.12.12	15:00:00	156.025	156.037	155.944	155.976	980	0	21
2025.12.12	15:10:00	155.975	156.001	155.915	155.948	714	0	21
2025.12.12	15:20:00	155.949	155.988	155.923	155.937	629	0	21
2025.12.12	15:30:00	155.936	155.964	155.89	155.902	623	0	21
2025.12.12	15:40:00	155.904	155.949	155.9	155.929	630	0	21
2025.12.12	15:50:00	155.931	156.043	155.921	156.036	740	0	21
2025.12.12	16:00:00	156.036	156.09	155.98	156.0	979	0	21
2025.12.12	16:10:00	156.0	156.083	155.984	156.058	980	0	21
2025.12.12	16:20:00	156.058	156.062	155.966	156.0	808	0	21
2025.12.12	16:30:00	155.999	156.005	155.903	155.957	1201	0	21
2025.12.12	16:40:00	155.959	155.986	155.902	155.904	1344	0	21
2025.12.12	16:50:00	155.905	155.905	155.837	155.894	1297	0	21
2025.12.12	17:00:00	155.896	155.934	155.799	155.805	1283	0	21
2025.12.12	17:10:00	155.804	155.962	155.802	155.937	1494	0	21
2025.12.12	17:20:00	155.943	155.96	155.823	155.83	1343	0	21
2025.12.12	17:30:00	155.83	155.931	155.816	155.89	1390	0	21
2025.12.12	17:40:00	155.889	156.051	155.866	156.004	1402	0	21
2025.12.12	17:50:00	156.004	156.018	155.859	155.874	1505	0	21
2025.12.12	18:00:00	155.875	155.875	155.756	155.78	1753	0	21
2025.12.12	18:10:00	155.779	155.784	155.706	155.707	1227	0	21
2025.12.12	18:20:00	155.707	155.777	155.663	155.755	1060	0	21
2025.12.12	18:30:00	155.755	155.788	155.719	155.771	889	0	21
2025.12.12	18:40:00	155.771	155.871	155.75	155.833	1018	0	21
2025.12.12	18:50:00	155.833	155.833	155.776	155.804	973	0	21
2025.12.12	19:00:00	155.803	155.892	155.793	155.88	746	0	21
2025.12.12	19:10:00	155.88	155.89	155.845	155.854	563	0	21
2025.12.12	19:20:00	155.853	155.869	155.742	155.743	647	0	21
2025.12.12	19:30:00	155.744	155.816	155.74	155.816	667	0	21
2025.12.12	19:40:00	155.817	155.823	155.742	155.791	592	0	21
2025.12.12	19:50:00	155.789	155.815	155.77	155.774	459	0	21
2025.12.12	20:00:00	155.773	155.804	155.746	155.78	707	0	21
2025.12.12	20:10:00	155.779	155.803	155.752	155.77	786	0	21
2025.12.12	20:20:00	155.769	155.782	155.718	155.718	472	0	21
2025.12.12	20:30:00	155.717	155.731	155.706	155.721	328	0	21
2025.12.12	20:40:00	155.722	155.764	155.715	155.758	371	0	21
2025.12.12	20:50:00	155.758	155.783	155.74	155.772	416	0	21
2025.12.12	21:00:00	155.771	155.834	155.771	155.827	399	0	21
2025.12.12	21:10:00	155.827	155.861	155.817	155.861	222	0	21
2025.12.12	21:20:00	155.863	155.914	155.859	155.906	343	0	21
2025.12.12	21:30:00	155.906	155.92	155.871	155.913	350	0	21
2025.12.12	21:40:00	155.914	155.92	155.903	155.912	366	0	21
2025.12.12	21:50:00	155.911	155.928	155.877	155.888	536	0	21
2025.12.12	22:00:00	155.889	155.898	155.777	155.778	538	0	21
2025.12.12	22:10:00	155.777	155.801	155.763	155.783	328	0	21
2025.12.12	22:20:00	155.782	155.819	155.781	155.806	342	0	21
2025.12.12	22:30:00	155.806	155.82	155.771	155.813	326	0	21
2025.12.12	22:40:00	155.814	155.893	155.813	155.852	687	0	21
2025.12.12	22:50:00	155.852	155.884	155.823	155.867	602	0	21
2025.12.12	23:00:00	155.868	155.88	155.799	155.806	262	0	21
2025.12.12	23:10:00	155.813	155.819	155.791	155.813	189	0	21
2025.12.12	23:20:00	155.811	155.825	155.789	155.825	191	0	21
2025.12.12	23:30:00	155.827	155.851	155.793	155.801	157	0	21
2025.12.12	23:40:00	155.801	155.839	155.78	155.797	316	0	23
2025.12.12	23:50:00	155.797	155.847	155.795	155.799	630	0	25
2025.12.15	00:00:00	155.743	155.826	155.743	155.789	9	0	97
2025.12.15	00:10:00	155.789	155.889	155.789	155.883	54	0	63
2025.12.15	00:20:00	155.883	155.903	155.853	155.853	23	0	23
2025.12.15	00:30:00	155.837	155.853	155.777	155.789	88	0	43
2025.12.15	00:40:00	155.779	155.793	155.734	155.737	46	0	43
2025.12.15	00:50:00	155.734	155.796	155.734	155.795	44	0	43
2025.12.15	01:00:00	155.795	155.815	155.755	155.757	380	0	21
2025.12.15	01:10:00	155.757	155.802	155.75	155.767	133	0	21
2025.12.15	01:20:00	155.768	155.795	155.763	155.793	111	0	21
2025.12.15	01:30:00	155.796	155.805	155.777	155.801	109	0	21
2025.12.15	01:40:00	155.801	155.81	155.762	155.762	111	0	23
2025.12.15	01:50:00	155.762	155.886	155.762	155.855	509	0	21
2025.12.15	02:00:00	155.855	155.968	155.853	155.961	661	0	21
2025.12.15	02:10:00	155.961	155.967	155.917	155.928	379	0	21
2025.12.15	02:20:00	155.928	155.942	155.918	155.932	252	0	21
2025.12.15	02:30:00	155.932	155.965	155.894	155.921	620	0	21
2025.12.15	02:40:00	155.921	155.955	155.906	155.944	443	0	21
2025.12.15	02:50:00	155.943	155.975	155.862	155.883	1075	0	21
2025.12.15	03:00:00	155.884	155.885	155.821	155.84	534	0	21
2025.12.15	03:10:00	155.841	155.864	155.831	155.845	434	0	21
2025.12.15	03:20:00	155.84	155.856	155.783	155.794	537	0	21
2025.12.15	03:30:00	155.792	155.811	155.77	155.792	545	0	21
2025.12.15	03:40:00	155.793	155.793	155.698	155.704	427	0	21
2025.12.15	03:50:00	155.702	155.702	155.593	155.6	760	0	21
2025.12.15	04:00:00	155.599	155.638	155.579	155.589	641	0	21
2025.12.15	04:10:00	155.59	155.612	155.538	155.57	597	0	21
2025.12.15	04:20:00	155.574	155.579	155.49	155.512	731	0	21
2025.12.15	04:30:00	155.513	155.555	155.421	155.421	859	0	21
2025.12.15	04:40:00	155.423	155.448	155.349	155.351	887	0	21
2025.12.15	04:50:00	155.352	155.433	155.347	155.419	694	0	21
2025.12.15	05:00:00	155.419	155.42	155.292	155.296	429	0	21
2025.12.15	05:10:00	155.296	155.371	155.293	155.357	477	0	21
2025.12.15	05:20:00	155.357	155.416	155.357	155.399	479	0	21
2025.12.15	05:30:00	155.4	155.41	155.337	155.364	421	0	21
2025.12.15	05:40:00	155.365	155.4	155.344	155.394	411	0	21
2025.12.15	05:50:00	155.395	155.464	155.374	155.411	557	0	21
2025.12.15	06:00:00	155.41	155.411	155.31	155.325	646	0	21
2025.12.15	06:10:00	155.327	155.351	155.324	155.326	284	0	21
2025.12.15	06:20:00	155.325	155.339	155.23	155.263	504	0	21
2025.12.15	06:30:00	155.262	155.265	155.198	155.218	424	0	21
2025.12.15	06:40:00	155.219	155.22	155.173	155.196	417	0	21
2025.12.15	06:50:00	155.196	155.247	155.195	155.244	340	0	21
2025.12.15	07:00:00	155.244	155.244	155.181	155.223	302	0	21
2025.12.15	07:10:00	155.222	155.236	155.194	155.208	350	0	21
2025.12.15	07:20:00	155.209	155.209	155.143	155.147	414	0	21
2025.12.15	07:30:00	155.146	155.149	155.065	155.078	727	0	21
2025.12.15	07:40:00	155.078	155.09	155.061	155.068	407	0	21
2025.12.15	07:50:00	155.068	155.101	155.022	155.023	492	0	21
2025.12.15	08:00:00	155.024	155.113	155.012	155.05	699	0	21
2025.12.15	08:10:00	155.051	155.103	155.041	155.067	486	0	21
2025.12.15	08:20:00	155.066	155.085	154.974	154.979	721	0	21
2025.12.15	08:30:00	154.978	155.037	154.939	155.018	579	0	21
2025.12.15	08:40:00	155.019	155.147	155.012	155.112	630	0	21
2025.12.15	08:50:00	155.111	155.123	155.032	155.079	620	0	21
2025.12.15	09:00:00	155.082	155.174	155.061	155.157	928	0	21
2025.12.15	09:10:00	155.16	155.2	155.132	155.137	692	0	21
2025.12.15	09:20:00	155.136	155.204	155.111	155.191	621	0	21
2025.12.15	09:30:00	155.192	155.217	155.141	155.154	737	0	21
2025.12.15	09:40:00	155.166	155.283	155.166	155.25	489	0	21
2025.12.15	09:50:00	155.251	155.273	155.199	155.251	835	0	21
2025.12.15	10:00:00	155.254	155.275	155.125	155.211	1052	0	21
2025.12.15	10:10:00	155.212	155.225	155.105	155.162	901	0	21
2025.12.15	10:20:00	155.161	155.207	155.129	155.179	657	0	21
2025.12.15	10:30:00	155.179	155.18	155.092	155.142	572	0	21
2025.12.15	10:40:00	155.143	155.175	155.131	155.144	603	0	21
2025.12.15	10:50:00	155.144	155.176	155.103	155.174	891	0	21
2025.12.15	11:00:00	155.175	155.19	154.995	155.003	826	0	21
2025.12.15	11:10:00	155.003	155.016	154.954	154.986	952	0	21
2025.12.15	11:20:00	154.987	155.039	154.985	154.987	736	0	21
2025.12.15	11:30:00	154.986	155.017	154.929	155.01	976	0	21
2025.12.15	11:40:00	155.011	155.015	154.941	154.974	741	0	21
2025.12.15	11:50:00	154.974	155.009	154.953	154.955	427	0	21
2025.12.15	12:00:00	154.956	155.013	154.949	154.99	405	0	21
2025.12.15	12:10:00	154.989	155.08	154.989	155.04	603	0	21
2025.12.15	12:20:00	155.039	155.099	155.038	155.095	511	0	21
2025.12.15	12:30:00	155.095	155.141	155.09	155.104	669	0	21
2025.12.15	12:40:00	155.103	155.136	155.082	155.1	463	0	21
2025.12.15	12:50:00	155.103	155.118	155.056	155.071	457	0	21
2025.12.15	13:00:00	155.07	155.09	155.05	155.076	322	0	21
2025.12.15	13:10:00	155.075	155.075	154.992	155.008	409	0	21
2025.12.15	13:20:00	155.007	155.02	154.995	154.996	366	0	21
2025.12.15	13:30:00	154.996	155.013	154.951	154.975	452	0	21
2025.12.15	13:40:00	154.974	154.989	154.941	154.985	384	0	21
2025.12.15	13:50:00	154.986	154.986	154.842	154.912	761	0	21
2025.12.15	14:00:00	154.912	154.985	154.88	154.956	781	0	21
2025.12.15	14:10:00	154.957	155.012	154.953	154.971	558	0	21
2025.12.15	14:20:00	154.97	155.033	154.97	155.015	459	0	21
2025.12.15	14:30:00	155.014	155.035	154.965	155.033	441	0	21
2025.12.15	14:40:00	155.033	155.054	155.005	155.022	418	0	21
2025.12.15	14:50:00	155.023	155.083	154.956	155.066	887	0	21
2025.12.15	15:00:00	155.067	155.125	155.034	155.113	687	0	21
2025.12.15	15:10:00	155.113	155.119	155.039	155.044	423	0	21
2025.12.15	15:20:00	155.045	155.089	155.038	155.065	500	0	21
2025.12.15	15:30:00	155.065	155.07	154.955	155.037	888	0	21
2025.12.15	15:40:00	155.036	155.083	155.034	155.056	824	0	21
2025.12.15	15:50:00	155.057	155.147	155.051	155.147	819	0	21
2025.12.15	16:00:00	155.156	155.214	155.099	155.155	1121	0	21
2025.12.15	16:10:00	155.153	155.171	155.118	155.155	807	0	21
2025.12.15	16:20:00	155.155	155.177	155.04	155.046	809	0	21
2025.12.15	16:30:00	155.048	155.061	154.92	154.962	1443	0	21
2025.12.15	16:40:00	154.961	154.977	154.842	154.895	1322	0	21
2025.12.15	16:50:00	154.896	154.926	154.843	154.902	1505	0	21
2025.12.15	17:00:00	154.902	154.967	154.841	154.936	1441	0	21
2025.12.15	17:10:00	154.937	155.062	154.884	155.052	1152	0	21
2025.12.15	17:20:00	155.057	155.075	154.826	155.006	1994	0	21
2025.12.15	17:30:00	155.007	155.04	154.919	154.944	1209	0	21
2025.12.15	17:40:00	154.943	154.988	154.862	154.935	1125	0	21
2025.12.15	17:50:00	154.931	155.148	154.922	155.146	1451	0	21
2025.12.15	18:00:00	155.146	155.189	155.139	155.182	1169	0	21
2025.12.15	18:10:00	155.182	155.231	155.147	155.195	751	0	21
2025.12.15	18:20:00	155.195	155.259	155.188	155.256	793	0	21
2025.12.15	18:30:00	155.255	155.319	155.23	155.289	858	0	21
2025.12.15	18:40:00	155.291	155.305	155.266	155.27	580	0	21
2025.12.15	18:50:00	155.27	155.28	155.233	155.279	546	0	21
2025.12.15	19:00:00	155.278	155.32	155.258	155.313	490	0	21
2025.12.15	19:10:00	155.314	155.322	155.247	155.29	327	0	21
2025.12.15	19:20:00	155.288	155.313	155.263	155.313	300	0	21
2025.12.15	19:30:00	155.313	155.356	155.302	155.328	516	0	21
2025.12.15	19:40:00	155.329	155.351	155.321	155.331	297	0	21
2025.12.15	19:50:00	155.333	155.334	155.28	155.296	468	0	21
2025.12.15	20:00:00	155.296	155.307	155.269	155.289	381	0	21
2025.12.15	20:10:00	155.29	155.317	155.272	155.316	251	0	21
2025.12.15	20:20:00	155.315	155.355	155.311	155.348	403	0	21
2025.12.15	20:30:00	155.349	155.376	155.346	155.374	353	0	21
2025.12.15	20:40:00	155.374	155.374	155.324	155.348	399	0	21
2025.12.15	20:50:00	155.349	155.353	155.326	155.345	375	0	21
2025.12.15	21:00:00	155.344	155.361	155.335	155.359	330	0	21
2025.12.15	21:10:00	155.358	155.384	155.356	155.38	261	0	21
2025.12.15	21:20:00	155.379	155.388	155.374	155.385	198	0	21
2025.12.15	21:30:00	155.384	155.385	155.317	155.323	326	0	21
2025.12.15	21:40:00	155.322	155.324	155.282	155.29	344	0	21
2025.12.15	21:50:00	155.288	155.289	155.208	155.234	509	0	21
2025.12.15	22:00:00	155.234	155.257	155.227	155.239	427	0	21
2025.12.15	22:10:00	155.24	155.241	155.218	155.219	286	0	21
2025.12.15	22:20:00	155.218	155.248	155.218	155.246	309	0	21
2025.12.15	22:30:00	155.246	155.248	155.23	155.23	369	0	21
2025.12.15	22:40:00	155.231	155.24	155.208	155.24	256	0	21
2025.12.15	22:50:00	155.239	155.25	155.221	155.24	399	0	21
2025.12.15	23:00:00	155.241	155.249	155.233	155.238	290	0	21
2025.12.15	23:10:00	155.239	155.239	155.185	155.188	137	0	21
2025.12.15	23:20:00	155.187	155.202	155.18	155.185	321	0	21
2025.12.15	23:30:00	155.184	155.211	155.181	155.211	79	0	21
2025.12.15	23:40:00	155.211	155.226	155.211	155.218	128	0	21
2025.12.15	23:50:00	155.218	155.22	155.165	155.182	415	0	28
2025.12.16	00:00:00	155.186	155.286	155.098	155.136	71	0	57
2025.12.16	00:10:00	155.131	155.255	155.106	155.147	469	0	68
2025.12.16	00:20:00	155.148	155.21	155.148	155.188	267	0	52
2025.12.16	00:30:00	155.198	155.207	155.19	155.206	113	0	49
2025.12.16	00:40:00	155.207	155.211	155.195	155.204	109	0	42
2025.12.16	00:50:00	155.203	155.219	155.178	155.209	386	0	38
2025.12.16	01:00:00	155.207	155.215	155.06	155.085	329	0	21
2025.12.16	01:10:00	155.085	155.112	155.079	155.111	154	0	21
2025.12.16	01:20:00	155.113	155.125	155.089	155.091	215	0	21
2025.12.16	01:30:00	155.091	155.091	155.029	155.058	259	0	24
2025.12.16	01:40:00	155.057	155.072	155.014	155.015	193	0	22
2025.12.16	01:50:00	155.014	155.027	154.969	155.021	272	0	21
2025.12.16	02:00:00	155.022	155.024	154.752	154.763	1373	0	21
2025.12.16	02:10:00	154.764	154.865	154.723	154.839	1152	0	21
2025.12.16	02:20:00	154.839	154.931	154.815	154.931	1095	0	21
2025.12.16	02:30:00	154.932	154.977	154.911	154.976	903	0	21
2025.12.16	02:40:00	154.976	155.032	154.953	154.963	1034	0	21
2025.12.16	02:50:00	154.963	155.092	154.963	154.997	1589	0	21
2025.12.16	03:00:00	154.998	155.038	154.892	155.021	1075	0	21
2025.12.16	03:10:00	155.021	155.067	155.021	155.059	789	0	21
2025.12.16	03:20:00	155.06	155.109	155.024	155.105	848	0	21
2025.12.16	03:30:00	155.106	155.107	154.839	154.875	1109	0	21
2025.12.16	03:40:00	154.876	154.947	154.85	154.944	1319	0	21
2025.12.16	03:50:00	154.944	155.01	154.842	154.851	1311	0	21
2025.12.16	04:00:00	154.851	154.911	154.819	154.819	1228	0	21
2025.12.16	04:10:00	154.82	154.886	154.818	154.883	863	0	21
2025.12.16	04:20:00	154.884	154.903	154.863	154.886	724	0	21
2025.12.16	04:30:00	154.886	154.888	154.8	154.812	615	0	21
2025.12.16	04:40:00	154.812	154.838	154.8	154.813	490	0	21
2025.12.16	04:50:00	154.812	154.834	154.752	154.77	595	0	21
2025.12.16	05:00:00	154.77	154.779	154.692	154.718	758	0	21
2025.12.16	05:10:00	154.719	154.772	154.706	154.765	677	0	21
2025.12.16	05:20:00	154.767	154.865	154.762	154.863	504	0	21
2025.12.16	05:30:00	154.864	154.883	154.805	154.822	732	0	21
2025.12.16	05:40:00	154.822	154.875	154.818	154.869	597	0	21
2025.12.16	05:50:00	154.87	154.897	154.864	154.879	407	0	21
2025.12.16	06:00:00	154.879	154.88	154.83	154.856	249	0	21
2025.12.16	06:10:00	154.856	154.907	154.854	154.889	297	0	21
2025.12.16	06:20:00	154.889	154.891	154.787	154.797	315	0	21
2025.12.16	06:30:00	154.796	154.833	154.788	154.8	276	0	21
2025.12.16	06:40:00	154.801	154.801	154.758	154.785	371	0	21
2025.12.16	06:50:00	154.784	154.839	154.784	154.807	479	0	21
2025.12.16	07:00:00	154.808	154.808	154.733	154.742	542	0	21
2025.12.16	07:10:00	154.742	154.762	154.681	154.719	527	0	21
2025.12.16	07:20:00	154.719	154.741	154.673	154.733	492	0	21
2025.12.16	07:30:00	154.733	154.748	154.703	154.738	571	0	21
2025.12.16	07:40:00	154.737	154.755	154.716	154.75	298	0	21
2025.12.16	07:50:00	154.75	154.845	154.745	154.83	678	0	21
2025.12.16	08:00:00	154.831	154.864	154.808	154.827	570	0	21
2025.12.16	08:10:00	154.827	154.9	154.814	154.886	548	0	21
2025.12.16	08:20:00	154.885	154.933	154.879	154.918	490	0	21
2025.12.16	08:30:00	154.92	154.927	154.899	154.924	435	0	21
2025.12.16	08:40:00	154.924	154.936	154.844	154.862	355	0	21
2025.12.16	08:50:00	154.859	154.867	154.81	154.843	379	0	21
2025.12.16	09:00:00	154.844	154.947	154.825	154.947	585	0	21
2025.12.16	09:10:00	154.946	154.967	154.901	154.92	373	0	21
2025.12.16	09:20:00	154.921	154.934	154.859	154.931	537	0	21
2025.12.16	09:30:00	154.931	154.958	154.866	154.921	738	0	21
2025.12.16	09:40:00	154.92	154.934	154.831	154.924	629	0	21
2025.12.16	09:50:00	154.923	154.923	154.858	154.874	866	0	21
2025.12.16	10:00:00	154.873	154.932	154.853	154.882	1120	0	21
2025.12.16	10:10:00	154.885	154.894	154.819	154.834	727	0	21
2025.12.16	10:20:00	154.83	154.897	154.785	154.876	807	0	21
2025.12.16	10:30:00	154.881	154.922	154.81	154.895	1002	0	21
2025.12.16	10:40:00	154.896	154.897	154.822	154.838	1026	0	21
2025.12.16	10:50:00	154.839	154.862	154.828	154.852	862	0	21
2025.12.16	11:00:00	154.851	154.868	154.802	154.851	813	0	21
2025.12.16	11:10:00	154.85	154.884	154.821	154.862	668	0	21
2025.12.16	11:20:00	154.861	154.873	154.825	154.855	693	0	21
2025.12.16	11:30:00	154.854	154.86	154.788	154.795	881	0	21
2025.12.16	11:40:00	154.794	154.867	154.76	154.836	944	0	21
2025.12.16	11:50:00	154.837	154.872	154.824	154.825	640	0	21
2025.12.16	12:00:00	154.824	154.826	154.766	154.777	777	0	21
2025.12.16	12:10:00	154.78	154.848	154.776	154.825	482	0	21
2025.12.16	12:20:00	154.824	154.861	154.8	154.859	529	0	21
2025.12.16	12:30:00	154.859	154.894	154.824	154.883	769	0	21
2025.12.16	12:40:00	154.884	154.891	154.822	154.844	527	0	21
2025.12.16	12:50:00	154.844	154.875	154.844	154.86	463	0	21
2025.12.16	13:00:00	154.86	154.884	154.847	154.857	474	0	21
2025.12.16	13:10:00	154.858	154.89	154.849	154.885	314	0	21
2025.12.16	13:20:00	154.885	154.89	154.858	154.86	249	0	21
2025.12.16	13:30:00	154.86	154.86	154.823	154.839	354	0	21
2025.12.16	13:40:00	154.84	154.843	154.799	154.811	306	0	21
2025.12.16	13:50:00	154.812	154.826	154.779	154.806	444	0	21
2025.12.16	14:00:00	154.802	154.844	154.79	154.801	307	0	21
2025.12.16	14:10:00	154.801	154.825	154.765	154.775	499	0	21
2025.12.16	14:20:00	154.775	154.79	154.739	154.739	561	0	21
2025.12.16	14:30:00	154.737	154.742	154.709	154.731	551	0	21
2025.12.16	14:40:00	154.731	154.747	154.674	154.679	541	0	21
2025.12.16	14:50:00	154.678	154.678	154.592	154.598	758	0	21
2025.12.16	15:00:00	154.594	154.642	154.551	154.593	997	0	21
2025.12.16	15:10:00	154.593	154.676	154.59	154.643	1082	0	21
2025.12.16	15:20:00	154.644	154.68	154.62	154.68	935	0	21
2025.12.16	15:30:00	154.69	154.784	154.381	154.669	3810	0	21
2025.12.16	15:40:00	154.67	154.86	154.631	154.793	3422	0	21
2025.12.16	15:50:00	154.792	154.851	154.702	154.703	2350	0	21
2025.12.16	16:00:00	154.702	154.845	154.638	154.791	1915	0	21
2025.12.16	16:10:00	154.791	154.987	154.765	154.943	1802	0	21
2025.12.16	16:20:00	154.942	154.95	154.761	154.778	1536	0	21
2025.12.16	16:30:00	154.779	154.834	154.696	154.744	1942	0	21
2025.12.16	16:40:00	154.742	154.763	154.615	154.669	1965	0	21
2025.12.16	16:50:00	154.669	154.749	154.585	154.588	1549	0	21
2025.12.16	17:00:00	154.588	154.606	154.461	154.558	2092	0	21
2025.12.16	17:10:00	154.559	154.718	154.554	154.573	1941	0	21
2025.12.16	17:20:00	154.573	154.632	154.494	154.499	1759	0	21
2025.12.16	17:30:00	154.498	154.568	154.451	154.5	1852	0	21
2025.12.16	17:40:00	154.5	154.618	154.467	154.595	1714	0	21
2025.12.16	17:50:00	154.594	154.771	154.551	154.765	1942	0	21
2025.12.16	18:00:00	154.765	154.884	154.763	154.884	1834	0	21
2025.12.16	18:10:00	154.883	154.895	154.772	154.818	1435	0	21
2025.12.16	18:20:00	154.817	154.833	154.739	154.804	1343	0	21
2025.12.16	18:30:00	154.805	154.872	154.779	154.798	1057	0	21
2025.12.16	18:40:00	154.799	154.87	154.796	154.841	1059	0	21
2025.12.16	18:50:00	154.842	154.853	154.793	154.797	991	0	21
2025.12.16	19:00:00	154.796	154.828	154.72	154.735	1046	0	21
2025.12.16	19:10:00	154.735	154.756	154.709	154.734	580	0	21
2025.12.16	19:20:00	154.734	154.734	154.644	154.665	672	0	21
2025.12.16	19:30:00	154.665	154.675	154.557	154.594	692	0	21
2025.12.16	19:40:00	154.594	154.655	154.592	154.642	592	0	21
2025.12.16	19:50:00	154.643	154.725	154.643	154.67	750	0	21
2025.12.16	20:00:00	154.669	154.725	154.662	154.701	970	0	21
2025.12.16	20:10:00	154.7	154.736	154.697	154.736	615	0	21
2025.12.16	20:20:00	154.737	154.762	154.698	154.762	574	0	21
2025.12.16	20:30:00	154.761	154.795	154.727	154.745	630	0	21
2025.12.16	20:40:00	154.744	154.746	154.708	154.71	338	0	21
2025.12.16	20:50:00	154.709	154.741	154.697	154.736	440	0	21
2025.12.16	21:00:00	154.736	154.782	154.733	154.764	450	0	21
2025.12.16	21:10:00	154.763	154.772	154.684	154.691	533	0	21
2025.12.16	21:20:00	154.69	154.908	154.655	154.758	1264	0	21
2025.12.16	21:30:00	154.757	154.759	154.655	154.677	932	0	21
2025.12.16	21:40:00	154.676	154.685	154.608	154.625	745	0	21
2025.12.16	21:50:00	154.627	154.661	154.594	154.655	961	0	21
2025.12.16	22:00:00	154.655	154.665	154.558	154.574	625	0	21
2025.12.16	22:10:00	154.574	154.66	154.567	154.649	580	0	21
2025.12.16	22:20:00	154.646	154.665	154.635	154.647	555	0	21
2025.12.16	22:30:00	154.646	154.696	154.642	154.652	567	0	21
2025.12.16	22:40:00	154.652	154.694	154.651	154.67	401	0	21
2025.12.16	22:50:00	154.672	154.787	154.664	154.787	816	0	21
2025.12.16	23:00:00	154.789	154.825	154.716	154.72	476	0	21
2025.12.16	23:10:00	154.719	154.745	154.718	154.734	226	0	21
2025.12.16	23:20:00	154.733	154.747	154.721	154.736	178	0	21
2025.12.16	23:30:00	154.735	154.735	154.693	154.72	291	0	24
2025.12.16	23:40:00	154.721	154.755	154.721	154.73	270	0	23
2025.12.16	23:50:00	154.729	154.732	154.684	154.687	823	0	23
2025.12.17	00:00:00	154.687	154.687	154.672	154.68	13	0	49
2025.12.17	00:10:00	154.684	154.715	154.675	154.715	45	0	43
2025.12.17	00:20:00	154.715	154.759	154.702	154.755	159	0	50
2025.12.17	00:30:00	154.763	154.763	154.703	154.715	178	0	38
2025.12.17	00:40:00	154.715	154.739	154.711	154.736	234	0	42
2025.12.17	00:50:00	154.735	154.751	154.668	154.71	445	0	41
2025.12.17	01:00:00	154.71	154.748	154.682	154.721	119	0	23
2025.12.17	01:10:00	154.722	154.751	154.72	154.731	129	0	24
2025.12.17	01:20:00	154.727	154.767	154.719	154.757	140	0	24
2025.12.17	01:30:00	154.757	154.761	154.721	154.742	478	0	23
2025.12.17	01:40:00	154.741	154.8	154.74	154.769	435	0	21
2025.12.17	01:50:00	154.767	154.784	154.736	154.761	280	0	23
2025.12.17	02:00:00	154.76	154.826	154.698	154.816	1057	0	21
2025.12.17	02:10:00	154.817	154.857	154.807	154.835	716	0	21
2025.12.17	02:20:00	154.834	154.862	154.793	154.795	584	0	21
2025.12.17	02:30:00	154.799	154.799	154.733	154.777	756	0	21
2025.12.17	02:40:00	154.778	154.78	154.602	154.661	843	0	21
2025.12.17	02:50:00	154.661	154.692	154.555	154.572	1412	0	21
2025.12.17	03:00:00	154.572	154.644	154.556	154.623	1013	0	21
2025.12.17	03:10:00	154.623	154.638	154.504	154.523	1089	0	21
2025.12.17	03:20:00	154.523	154.59	154.497	154.557	892	0	21
2025.12.17	03:30:00	154.557	154.658	154.557	154.618	684	0	21
2025.12.17	03:40:00	154.617	154.67	154.611	154.649	753	0	22
2025.12.17	03:50:00	154.65	154.693	154.621	154.662	760	0	21
2025.12.17	04:00:00	154.662	154.819	154.662	154.78	892	0	21
2025.12.17	04:10:00	154.78	154.875	154.78	154.843	967	0	21
2025.12.17	04:20:00	154.842	154.897	154.834	154.893	720	0	21
2025.12.17	04:30:00	154.893	154.936	154.876	154.918	821	0	21
2025.12.17	04:40:00	154.916	154.966	154.907	154.963	747	0	21
2025.12.17	04:50:00	154.962	155.014	154.962	154.998	815	0	21
2025.12.17	05:00:00	154.998	155.015	154.939	154.954	733	0	21
2025.12.17	05:10:00	154.954	154.955	154.892	154.895	532	0	21
2025.12.17	05:20:00	154.896	154.943	154.896	154.914	413	0	22
2025.12.17	05:30:00	154.911	154.914	154.875	154.884	542	0	21
2025.12.17	05:40:00	154.884	154.9	154.86	154.9	356	0	21
2025.12.17	05:50:00	154.9	154.904	154.853	154.877	353	0	21
2025.12.17	06:00:00	154.878	154.948	154.864	154.934	347	0	21
2025.12.17	06:10:00	154.935	154.996	154.933	154.984	347	0	21
2025.12.17	06:20:00	154.984	155.056	154.963	155.044	529	0	21
2025.12.17	06:30:00	155.05	155.108	155.041	155.068	775	0	21
2025.12.17	06:40:00	155.067	155.12	155.065	155.102	622	0	21
2025.12.17	06:50:00	155.101	155.138	155.101	155.124	503	0	21
2025.12.17	07:00:00	155.125	155.128	155.06	155.065	538	0	21
2025.12.17	07:10:00	155.065	155.1	155.058	155.091	320	0	21
2025.12.17	07:20:00	155.092	155.108	155.068	155.079	659	0	21
2025.12.17	07:30:00	155.08	155.124	155.077	155.077	651	0	21
2025.12.17	07:40:00	155.078	155.159	155.067	155.148	507	0	21
2025.12.17	07:50:00	155.148	155.152	155.072	155.14	505	0	21
2025.12.17	08:00:00	155.14	155.193	155.115	155.186	547	0	21
2025.12.17	08:10:00	155.185	155.28	155.176	155.231	729	0	21
2025.12.17	08:20:00	155.231	155.329	155.224	155.318	711	0	21
2025.12.17	08:30:00	155.319	155.385	155.307	155.374	605	0	21
2025.12.17	08:40:00	155.375	155.386	155.326	155.35	473	0	21
2025.12.17	08:50:00	155.351	155.434	155.328	155.358	814	0	21
2025.12.17	09:00:00	155.358	155.452	155.345	155.442	1271	0	21
2025.12.17	09:10:00	155.443	155.475	155.4	155.474	1054	0	21
2025.12.17	09:20:00	155.475	155.494	155.413	155.481	778	0	21
2025.12.17	09:30:00	155.481	155.496	155.362	155.374	906	0	21
2025.12.17	09:40:00	155.375	155.517	155.375	155.509	1025	0	21
2025.12.17	09:50:00	155.509	155.557	155.48	155.491	959	0	21
2025.12.17	10:00:00	155.493	155.579	155.44	155.573	1191	0	21
2025.12.17	10:10:00	155.574	155.586	155.515	155.55	884	0	21
2025.12.17	10:20:00	155.549	155.558	155.469	155.481	742	0	21
2025.12.17	10:30:00	155.48	155.516	155.417	155.482	1122	0	21
2025.12.17	10:40:00	155.482	155.504	155.429	155.457	690	0	21
2025.12.17	10:50:00	155.457	155.506	155.435	155.505	549	0	21
2025.12.17	11:00:00	155.504	155.512	155.447	155.496	942	0	21
2025.12.17	11:10:00	155.496	155.546	155.491	155.519	782	0	21
2025.12.17	11:20:00	155.518	155.536	155.483	155.512	763	0	21
2025.12.17	11:30:00	155.516	155.537	155.46	155.504	640	0	21
2025.12.17	11:40:00	155.504	155.53	155.487	155.496	613	0	21
2025.12.17	11:50:00	155.497	155.523	155.466	155.52	590	0	21
2025.12.17	12:00:00	155.521	155.536	155.491	155.497	636	0	21
2025.12.17	12:10:00	155.498	155.533	155.489	155.511	447	0	22
2025.12.17	12:20:00	155.511	155.512	155.488	155.489	522	0	21
2025.12.17	12:30:00	155.49	155.514	155.474	155.479	412	0	21
2025.12.17	12:40:00	155.478	155.496	155.434	155.434	513	0	21
2025.12.17	12:50:00	155.433	155.464	155.43	155.452	508	0	21
2025.12.17	13:00:00	155.451	155.517	155.443	155.489	563	0	21
2025.12.17	13:10:00	155.488	155.515	155.474	155.511	532	0	21
2025.12.17	13:20:00	155.512	155.524	155.489	155.501	537	0	21
2025.12.17	13:30:00	155.501	155.549	155.497	155.547	804	0	21
2025.12.17	13:40:00	155.548	155.585	155.533	155.533	640	0	21
2025.12.17	13:50:00	155.534	155.536	155.517	155.534	457	0	21
2025.12.17	14:00:00	155.534	155.565	155.509	155.547	589	0	21
2025.12.17	14:10:00	155.547	155.558	155.518	155.533	623	0	21
2025.12.17	14:20:00	155.534	155.535	155.489	155.492	606	0	21
2025.12.17	14:30:00	155.491	155.492	155.442	155.457	566	0	21
2025.12.17	14:40:00	155.458	155.534	155.457	155.497	393	0	21
2025.12.17	14:50:00	155.497	155.503	155.466	155.476	600	0	21
2025.12.17	15:00:00	155.476	155.575	155.467	155.569	1070	0	21
2025.12.17	15:10:00	155.569	155.626	155.407	155.439	1611	0	21
2025.12.17	15:20:00	155.437	155.552	155.374	155.525	1363	0	21
2025.12.17	15:30:00	155.524	155.559	155.488	155.524	1105	0	21
2025.12.17	15:40:00	155.524	155.54	155.399	155.404	947	0	21
2025.12.17	15:50:00	155.404	155.454	155.39	155.426	742	0	21
2025.12.17	16:00:00	155.427	155.431	155.341	155.429	981	0	21
2025.12.17	16:10:00	155.429	155.56	155.426	155.548	1167	0	21
2025.12.17	16:20:00	155.547	155.616	155.518	155.598	890	0	21
2025.12.17	16:30:00	155.599	155.62	155.534	155.564	1238	0	21
2025.12.17	16:40:00	155.563	155.571	155.488	155.532	1306	0	21
2025.12.17	16:50:00	155.533	155.533	155.429	155.476	1254	0	21
2025.12.17	17:00:00	155.476	155.524	155.444	155.512	1039	0	21
2025.12.17	17:10:00	155.514	155.515	155.421	155.461	1324	0	21
2025.12.17	17:20:00	155.462	155.533	155.449	155.462	918	0	21
2025.12.17	17:30:00	155.462	155.467	155.347	155.348	1058	0	21
2025.12.17	17:40:00	155.348	155.478	155.344	155.454	1277	0	21
2025.12.17	17:50:00	155.453	155.497	155.342	155.392	1712	0	21
2025.12.17	18:00:00	155.392	155.506	155.387	155.489	1354	0	21
2025.12.17	18:10:00	155.488	155.502	155.373	155.398	1195	0	21
2025.12.17	18:20:00	155.398	155.549	155.379	155.532	1132	0	21
2025.12.17	18:30:00	155.533	155.544	155.459	155.504	844	0	21
2025.12.17	18:40:00	155.504	155.561	155.477	155.559	1155	0	21
2025.12.17	18:50:00	155.56	155.588	155.527	155.585	994	0	21
2025.12.17	19:00:00	155.587	155.589	155.547	155.547	919	0	21
2025.12.17	19:10:00	155.545	155.57	155.524	155.549	593	0	21
2025.12.17	19:20:00	155.547	155.569	155.537	155.561	602	0	21
2025.12.17	19:30:00	155.56	155.586	155.545	155.585	500	0	21
2025.12.17	19:40:00	155.584	155.6	155.523	155.524	747	0	21
2025.12.17	19:50:00	155.522	155.566	155.516	155.521	583	0	21
2025.12.17	20:00:00	155.524	155.525	155.484	155.512	522	0	21
2025.12.17	20:10:00	155.511	155.562	155.5	155.561	393	0	21
2025.12.17	20:20:00	155.561	155.62	155.561	155.61	385	0	21
2025.12.17	20:30:00	155.61	155.648	155.582	155.583	533	0	21
2025.12.17	20:40:00	155.582	155.621	155.555	155.621	666	0	21
2025.12.17	20:50:00	155.621	155.664	155.621	155.632	630	0	21
2025.12.17	21:00:00	155.633	155.633	155.579	155.608	500	0	21
2025.12.17	21:10:00	155.608	155.628	155.602	155.622	246	0	21
2025.12.17	21:20:00	155.623	155.626	155.598	155.609	284	0	21
2025.12.17	21:30:00	155.608	155.647	155.606	155.647	289	0	21
2025.12.17	21:40:00	155.647	155.679	155.64	155.659	442	0	21
2025.12.17	21:50:00	155.659	155.67	155.616	155.632	480	0	21
2025.12.17	22:00:00	155.632	155.645	155.609	155.638	254	0	21
2025.12.17	22:10:00	155.639	155.681	155.634	155.681	295	0	21
2025.12.17	22:20:00	155.682	155.697	155.672	155.686	315	0	21
2025.12.17	22:30:00	155.685	155.697	155.681	155.692	305	0	21
2025.12.17	22:40:00	155.692	155.699	155.66	155.67	266	0	21
2025.12.17	22:50:00	155.669	155.738	155.664	155.689	486	0	21
2025.12.17	23:00:00	155.69	155.727	155.683	155.707	287	0	21
2025.12.17	23:10:00	155.708	155.722	155.698	155.708	166	0	21
2025.12.17	23:20:00	155.707	155.734	155.7	155.728	202	0	22
2025.12.17	23:30:00	155.725	155.726	155.666	155.666	202	0	22
2025.12.17	23:40:00	155.666	155.697	155.654	155.695	194	0	22
2025.12.17	23:50:00	155.695	155.696	155.652	155.652	766	0	26
2025.12.18	00:00:00	155.645	155.645	155.514	155.6	54	0	61
2025.12.18	00:10:00	155.604	155.624	155.604	155.613	220	0	45
2025.12.18	00:20:00	155.614	155.615	155.574	155.599	171	0	40
2025.12.18	00:30:00	155.598	155.606	155.598	155.604	64	0	48
2025.12.18	00:40:00	155.604	155.604	155.578	155.582	250	0	51
2025.12.18	00:50:00	155.583	155.598	155.559	155.583	169	0	43
2025.12.18	01:00:00	155.583	155.632	155.58	155.62	121	0	25
2025.12.18	01:10:00	155.621	155.629	155.6	155.601	146	0	25
2025.12.18	01:20:00	155.602	155.605	155.588	155.59	189	0	21
2025.12.18	01:30:00	155.593	155.593	155.502	155.521	458	0	21
2025.12.18	01:40:00	155.522	155.542	155.513	155.517	295	0	22
2025.12.18	01:50:00	155.518	155.524	155.461	155.477	372	0	21
2025.12.18	02:00:00	155.477	155.52	155.425	155.49	979	0	21
2025.12.18	02:10:00	155.491	155.554	155.466	155.534	717	0	21
2025.12.18	02:20:00	155.535	155.541	155.45	155.45	626	0	21
2025.12.18	02:30:00	155.451	155.469	155.412	155.455	573	0	21
2025.12.18	02:40:00	155.455	155.566	155.444	155.562	963	0	21
2025.12.18	02:50:00	155.563	155.572	155.459	155.469	1117	0	21
2025.12.18	03:00:00	155.47	155.524	155.448	155.469	689	0	21
2025.12.18	03:10:00	155.47	155.592	155.468	155.59	617	0	21
2025.12.18	03:20:00	155.589	155.64	155.551	155.575	910	0	21
2025.12.18	03:30:00	155.574	155.676	155.52	155.675	854	0	21
2025.12.18	03:40:00	155.674	155.752	155.669	155.724	691	0	21
2025.12.18	03:50:00	155.723	155.761	155.703	155.759	735	0	21
2025.12.18	04:00:00	155.759	155.775	155.649	155.725	845	0	21
2025.12.18	04:10:00	155.725	155.773	155.699	155.732	875	0	21
2025.12.18	04:20:00	155.726	155.73	155.674	155.722	574	0	21
2025.12.18	04:30:00	155.723	155.775	155.702	155.774	380	0	21
2025.12.18	04:40:00	155.776	155.797	155.734	155.744	480	0	21
2025.12.18	04:50:00	155.743	155.772	155.733	155.771	391	0	21
2025.12.18	05:00:00	155.772	155.784	155.699	155.701	338	0	21
2025.12.18	05:10:00	155.702	155.762	155.696	155.753	376	0	21
2025.12.18	05:20:00	155.754	155.766	155.739	155.749	291	0	21
2025.12.18	05:30:00	155.749	155.773	155.736	155.75	298	0	21
2025.12.18	05:40:00	155.75	155.764	155.717	155.743	280	0	21
2025.12.18	05:50:00	155.743	155.769	155.725	155.751	287	0	21
2025.12.18	06:00:00	155.753	155.771	155.732	155.752	412	0	21
2025.12.18	06:10:00	155.754	155.754	155.696	155.717	320	0	21
2025.12.18	06:20:00	155.717	155.727	155.698	155.71	211	0	21
2025.12.18	06:30:00	155.71	155.741	155.69	155.739	233	0	21
2025.12.18	06:40:00	155.74	155.744	155.722	155.74	309	0	21
2025.12.18	06:50:00	155.739	155.751	155.722	155.724	373	0	21
2025.12.18	07:00:00	155.723	155.737	155.698	155.733	305	0	21
2025.12.18	07:10:00	155.732	155.742	155.717	155.724	338	0	21
2025.12.18	07:20:00	155.725	155.743	155.719	155.742	429	0	21
2025.12.18	07:30:00	155.742	155.829	155.733	155.814	541	0	21
2025.12.18	07:40:00	155.812	155.851	155.801	155.85	508	0	21
2025.12.18	07:50:00	155.849	155.875	155.792	155.799	726	0	21
2025.12.18	08:00:00	155.798	155.847	155.756	155.841	898	0	21
2025.12.18	08:10:00	155.842	155.894	155.839	155.879	255	0	21
2025.12.18	08:20:00	155.88	155.896	155.836	155.849	358	0	21
2025.12.18	08:30:00	155.848	155.881	155.834	155.88	417	0	21
2025.12.18	08:40:00	155.881	155.895	155.864	155.881	389	0	21
2025.12.18	08:50:00	155.882	155.895	155.846	155.894	445	0	21
2025.12.18	09:00:00	155.896	155.924	155.844	155.903	604	0	21
2025.12.18	09:10:00	155.903	155.927	155.884	155.92	430	0	21
2025.12.18	09:20:00	155.919	155.931	155.89	155.891	532	0	21
2025.12.18	09:30:00	155.89	155.935	155.884	155.924	451	0	21
2025.12.18	09:40:00	155.925	155.944	155.802	155.814	605	0	21
2025.12.18	09:50:00	155.815	155.915	155.803	155.913	1143	0	21
2025.12.18	10:00:00	155.915	155.934	155.837	155.859	930	0	21
2025.12.18	10:10:00	155.859	155.875	155.823	155.832	625	0	21
2025.12.18	10:20:00	155.832	155.842	155.794	155.801	605	0	21
2025.12.18	10:30:00	155.801	155.848	155.789	155.834	638	0	21
2025.12.18	10:40:00	155.835	155.848	155.796	155.819	539	0	21
2025.12.18	10:50:00	155.816	155.864	155.801	155.842	546	0	21
2025.12.18	11:00:00	155.843	155.872	155.793	155.841	850	0	21
2025.12.18	11:10:00	155.843	155.902	155.816	155.842	701	0	21
2025.12.18	11:20:00	155.843	155.909	155.831	155.881	815	0	21
2025.12.18	11:30:00	155.879	155.916	155.879	155.91	596	0	21
2025.12.18	11:40:00	155.911	155.94	155.905	155.905	592	0	21
2025.12.18	11:50:00	155.905	155.932	155.885	155.923	787	0	21
2025.12.18	12:00:00	155.919	155.939	155.897	155.931	770	0	21
2025.12.18	12:10:00	155.932	155.947	155.922	155.933	608	0	21
2025.12.18	12:20:00	155.934	155.963	155.929	155.939	493	0	21
2025.12.18	12:30:00	155.939	155.939	155.917	155.925	242	0	22
2025.12.18	12:40:00	155.925	155.926	155.873	155.892	374	0	21
2025.12.18	12:50:00	155.896	155.901	155.838	155.849	361	0	21
2025.12.18	13:00:00	155.848	155.861	155.814	155.828	527	0	21
2025.12.18	13:10:00	155.828	155.835	155.81	155.832	331	0	21
2025.12.18	13:20:00	155.831	155.847	155.816	155.834	253	0	21
2025.12.18	13:30:00	155.835	155.848	155.806	155.815	276	0	22
2025.12.18	13:40:00	155.816	155.822	155.75	155.753	343	0	21
2025.12.18	13:50:00	155.753	155.784	155.71	155.779	534	0	21
2025.12.18	14:00:00	155.784	155.791	155.733	155.769	930	0	21
2025.12.18	14:10:00	155.768	155.797	155.756	155.782	641	0	21
2025.12.18	14:20:00	155.781	155.796	155.728	155.745	691	0	21
2025.12.18	14:30:00	155.744	155.841	155.743	155.837	758	0	21
2025.12.18	14:40:00	155.838	155.853	155.799	155.804	791	0	21
2025.12.18	14:50:00	155.805	155.827	155.776	155.809	803	0	21
2025.12.18	15:00:00	155.808	155.825	155.738	155.758	976	0	21
2025.12.18	15:10:00	155.759	155.784	155.671	155.726	1070	0	21
2025.12.18	15:20:00	155.728	155.774	155.71	155.717	1133	0	21
2025.12.18	15:30:00	155.708	155.708	155.295	155.6	3151	0	21
2025.12.18	15:40:00	155.598	155.614	155.489	155.489	2513	0	21
2025.12.18	15:50:00	155.49	155.595	155.41	155.584	2485	0	21
2025.12.18	16:00:00	155.581	155.595	155.373	155.378	2242	0	21
2025.12.18	16:10:00	155.378	155.432	155.336	155.416	1711	0	21
2025.12.18	16:20:00	155.415	155.448	155.374	155.385	1608	0	21
2025.12.18	16:30:00	155.384	155.423	155.341	155.342	1522	0	21
2025.12.18	16:40:00	155.342	155.409	155.271	155.333	1625	0	21
2025.12.18	16:50:00	155.333	155.481	155.289	155.481	1451	0	21
2025.12.18	17:00:00	155.481	155.514	155.442	155.481	1367	0	21
2025.12.18	17:10:00	155.481	155.56	155.432	155.537	1341	0	21
2025.12.18	17:20:00	155.54	155.653	155.53	155.637	1055	0	21
2025.12.18	17:30:00	155.638	155.682	155.584	155.587	1266	0	21
2025.12.18	17:40:00	155.588	155.632	155.5	155.55	1249	0	21
2025.12.18	17:50:00	155.549	155.58	155.509	155.512	1265	0	21
2025.12.18	18:00:00	155.513	155.54	155.464	155.464	889	0	21
2025.12.18	18:10:00	155.464	155.464	155.351	155.431	1166	0	21
2025.12.18	18:20:00	155.431	155.476	155.415	155.42	860	0	21
2025.12.18	18:30:00	155.42	155.492	155.406	155.446	843	0	21
2025.12.18	18:40:00	155.446	155.529	155.438	155.528	794	0	21
2025.12.18	18:50:00	155.527	155.565	155.51	155.517	759	0	21
2025.12.18	19:00:00	155.519	155.602	155.515	155.598	1009	0	21
2025.12.18	19:10:00	155.6	155.677	155.589	155.633	1303	0	21
2025.12.18	19:20:00	155.633	155.643	155.594	155.611	750	0	21
2025.12.18	19:30:00	155.612	155.645	155.594	155.596	642	0	21
2025.12.18	19:40:00	155.597	155.634	155.571	155.633	464	0	21
2025.12.18	19:50:00	155.634	155.67	155.619	155.631	584	0	21
2025.12.18	20:00:00	155.63	155.685	155.594	155.594	823	0	21
2025.12.18	20:10:00	155.594	155.634	155.566	155.633	491	0	21
2025.12.18	20:20:00	155.639	155.675	155.637	155.646	414	0	21
2025.12.18	20:30:00	155.645	155.659	155.629	155.645	338	0	21
2025.12.18	20:40:00	155.645	155.702	155.645	155.667	460	0	21
2025.12.18	20:50:00	155.665	155.668	155.617	155.621	502	0	21
2025.12.18	21:00:00	155.621	155.653	155.591	155.596	641	0	21
2025.12.18	21:10:00	155.596	155.619	155.576	155.605	427	0	21
2025.12.18	21:20:00	155.606	155.62	155.573	155.574	370	0	21
2025.12.18	21:30:00	155.573	155.575	155.513	155.546	566	0	21
2025.12.18	21:40:00	155.549	155.568	155.488	155.495	683	0	21
2025.12.18	21:50:00	155.495	155.517	155.483	155.504	613	0	21
2025.12.18	22:00:00	155.504	155.529	155.49	155.526	361	0	21
2025.12.18	22:10:00	155.526	155.56	155.526	155.54	276	0	21
2025.12.18	22:20:00	155.539	155.577	155.537	155.564	337	0	21
2025.12.18	22:30:00	155.564	155.584	155.536	155.567	419	0	21
2025.12.18	22:40:00	155.568	155.615	155.566	155.615	345	0	21
2025.12.18	22:50:00	155.616	155.62	155.593	155.6	540	0	21
2025.12.18	23:00:00	155.601	155.622	155.59	155.605	306	0	21
2025.12.18	23:10:00	155.604	155.604	155.567	155.592	180	0	21
2025.12.18	23:20:00	155.592	155.602	155.551	155.565	206	0	21
2025.12.18	23:30:00	155.564	155.574	155.556	155.563	136	0	23
2025.12.18	23:40:00	155.563	155.565	155.553	155.557	63	0	21
2025.12.18	23:50:00	155.558	155.565	155.524	155.527	397	0	21
2025.12.19	00:00:00	155.521	155.568	155.426	155.532	373	0	34
2025.12.19	00:10:00	155.532	155.532	155.418	155.476	50	0	58
2025.12.19	00:20:00	155.476	155.535	155.476	155.521	161	0	48
2025.12.19	00:30:00	155.519	155.537	155.518	155.53	80	0	45
2025.12.19	00:40:00	155.533	155.533	155.525	155.527	47	0	43
2025.12.19	00:50:00	155.527	155.539	155.524	155.528	103	0	44
2025.12.19	01:00:00	155.529	155.561	155.519	155.536	156	0	23
2025.12.19	01:10:00	155.537	155.603	155.535	155.54	279	0	22
2025.12.19	01:20:00	155.542	155.57	155.539	155.555	176	0	23
2025.12.19	01:30:00	155.555	155.556	155.504	155.52	184	0	23
2025.12.19	01:40:00	155.52	155.632	155.519	155.625	291	0	21
2025.12.19	01:50:00	155.624	155.624	155.562	155.564	319	0	22
2025.12.19	02:00:00	155.566	155.661	155.549	155.659	1005	0	21
2025.12.19	02:10:00	155.658	155.695	155.652	155.666	500	0	21
2025.12.19	02:20:00	155.665	155.68	155.629	155.654	324	0	21
2025.12.19	02:30:00	155.654	155.724	155.638	155.715	434	0	21
2025.12.19	02:40:00	155.716	155.758	155.682	155.684	693	0	21
2025.12.19	02:50:00	155.687	155.758	155.683	155.74	1137	0	21
2025.12.19	03:00:00	155.739	155.778	155.68	155.748	616	0	21
2025.12.19	03:10:00	155.749	155.755	155.698	155.724	308	0	21
2025.12.19	03:20:00	155.723	155.776	155.709	155.759	508	0	21
2025.12.19	03:30:00	155.76	155.781	155.707	155.713	438	0	21
2025.12.19	03:40:00	155.716	155.734	155.689	155.704	302	0	21
2025.12.19	03:50:00	155.705	155.745	155.695	155.73	429	0	21
2025.12.19	04:00:00	155.729	155.729	155.674	155.688	327	0	21
2025.12.19	04:10:00	155.689	155.71	155.672	155.684	354	0	21
2025.12.19	04:20:00	155.685	155.714	155.685	155.702	342	0	21
2025.12.19	04:30:00	155.702	155.753	155.691	155.744	228	0	21
2025.12.19	04:40:00	155.743	155.793	155.74	155.773	508	0	21
2025.12.19	04:50:00	155.773	155.844	155.746	155.821	519	0	22
2025.12.19	05:00:00	155.819	155.868	155.796	155.798	610	0	23
2025.12.19	05:10:00	155.798	155.837	155.569	155.668	508	0	21
2025.12.19	05:20:00	155.668	156.155	155.666	156.042	2096	0	21
2025.12.19	05:30:00	156.043	156.113	155.968	156.067	1384	0	21
2025.12.19	05:40:00	156.067	156.102	155.992	156.029	952	0	21
2025.12.19	05:50:00	156.029	156.042	155.863	155.863	1075	0	21
2025.12.19	06:00:00	155.863	155.868	155.721	155.841	991	0	21
2025.12.19	06:10:00	155.841	155.946	155.832	155.914	942	0	21
2025.12.19	06:20:00	155.914	155.982	155.901	155.975	780	0	21
2025.12.19	06:30:00	155.974	156.003	155.921	155.976	894	0	21
2025.12.19	06:40:00	155.976	156.067	155.951	156.063	753	0	21
2025.12.19	06:50:00	156.063	156.076	156.026	156.055	680	0	21
2025.12.19	07:00:00	156.056	156.058	155.995	156.001	607	0	21
2025.12.19	07:10:00	156.002	156.016	155.945	155.962	759	0	21
2025.12.19	07:20:00	155.963	155.973	155.902	155.903	469	0	21
2025.12.19	07:30:00	155.906	155.93	155.872	155.912	721	0	21
2025.12.19	07:40:00	155.912	155.942	155.877	155.913	501	0	21
2025.12.19	07:50:00	155.912	155.983	155.912	155.983	685	0	21
2025.12.19	08:00:00	155.983	156.016	155.965	155.986	575	0	21
2025.12.19	08:10:00	155.987	156.0	155.944	155.966	499	0	21
2025.12.19	08:20:00	155.967	156.025	155.942	155.943	693	0	21
2025.12.19	08:30:00	155.94	156.131	155.839	156.114	1210	0	21
2025.12.19	08:40:00	156.113	156.431	156.097	156.107	2725	0	21
2025.12.19	08:50:00	156.107	156.159	155.992	156.0	1362	0	21
2025.12.19	09:00:00	155.999	156.169	155.959	156.155	1214	0	21
2025.12.19	09:10:00	156.156	156.387	156.15	156.339	1761	0	21
2025.12.19	09:20:00	156.34	156.348	156.219	156.232	1506	0	21
2025.12.19	09:30:00	156.231	156.361	156.199	156.319	1293	0	21
2025.12.19	09:40:00	156.318	156.55	156.318	156.54	1467	0	21
2025.12.19	09:50:00	156.541	156.73	156.541	156.722	1733	0	21
2025.12.19	10:00:00	156.721	156.879	156.71	156.805	1626	0	21
2025.12.19	10:10:00	156.807	156.827	156.721	156.733	1057	0	21
2025.12.19	10:20:00	156.733	156.824	156.729	156.804	1019	0	21
2025.12.19	10:30:00	156.803	156.866	156.776	156.81	1064	0	21
2025.12.19	10:40:00	156.811	156.89	156.769	156.857	899	0	21
2025.12.19	10:50:00	156.858	156.927	156.84	156.919	900	0	21
2025.12.19	11:00:00	156.925	156.953	156.849	156.928	799	0	21
2025.12.19	11:10:00	156.928	156.975	156.914	156.965	693	0	21
2025.12.19	11:20:00	156.965	157.023	156.924	157.021	1136	0	21
2025.12.19	11:30:00	157.021	157.115	157.021	157.087	998	0	21
2025.12.19	11:40:00	157.088	157.125	156.989	157.124	1283	0	21
2025.12.19	11:50:00	157.125	157.201	157.079	157.188	1135	0	21
2025.12.19	12:00:00	157.191	157.245	157.12	157.18	1283	0	21
2025.12.19	12:10:00	157.179	157.243	157.133	157.194	730	0	21
2025.12.19	12:20:00	157.193	157.269	157.162	157.26	677	0	21
2025.12.19	12:30:00	157.265	157.387	157.256	157.355	1213	0	21
2025.12.19	12:40:00	157.355	157.388	157.315	157.355	920	0	21
2025.12.19	12:50:00	157.354	157.377	157.288	157.314	851	0	21
2025.12.19	13:00:00	157.308	157.336	157.223	157.29	893	0	21
2025.12.19	13:10:00	157.291	157.369	157.274	157.307	622	0	21
2025.12.19	13:20:00	157.308	157.33	157.257	157.27	666	0	21
2025.12.19	13:30:00	157.271	157.318	157.256	157.293	498	0	21
2025.12.19	13:40:00	157.291	157.329	157.238	157.242	627	0	21
2025.12.19	13:50:00	157.243	157.321	157.229	157.306	554	0	21
2025.12.19	14:00:00	157.307	157.341	157.277	157.281	555	0	21
2025.12.19	14:10:00	157.283	157.32	157.241	157.293	594	0	21
2025.12.19	14:20:00	157.293	157.316	157.261	157.279	675	0	21
2025.12.19	14:30:00	157.28	157.285	157.249	157.28	534	0	21
2025.12.19	14:40:00	157.281	157.281	157.202	157.221	500	0	21
2025.12.19	14:50:00	157.222	157.238	157.173	157.231	667	0	21
2025.12.19	15:00:00	157.229	157.278	157.196	157.223	812	0	21
2025.12.19	15:10:00	157.223	157.311	157.207	157.308	955	0	21
2025.12.19	15:20:00	157.309	157.366	157.258	157.26	1037	0	21
2025.12.19	15:30:00	157.26	157.305	157.222	157.294	1224	0	21
2025.12.19	15:40:00	157.296	157.37	157.296	157.307	1108	0	21
2025.12.19	15:50:00	157.307	157.338	157.265	157.312	1046	0	21
2025.12.19	16:00:00	157.311	157.317	157.229	157.237	1456	0	21
2025.12.19	16:10:00	157.238	157.254	156.92	157.118	2216	0	21
2025.12.19	16:20:00	157.117	157.197	157.082	157.191	1562	0	21
2025.12.19	16:30:00	157.192	157.315	157.159	157.301	1907	0	21
2025.12.19	16:40:00	157.301	157.371	157.266	157.339	1735	0	21
2025.12.19	16:50:00	157.34	157.413	157.311	157.404	1375	0	21
2025.12.19	17:00:00	157.407	157.466	157.343	157.375	1606	0	21
2025.12.19	17:10:00	157.373	157.447	157.362	157.404	1257	0	21
2025.12.19	17:20:00	157.404	157.419	157.368	157.408	1143	0	21
2025.12.19	17:30:00	157.409	157.48	157.393	157.467	1034	0	21
2025.12.19	17:40:00	157.466	157.477	157.4	157.404	936	0	21
2025.12.19	17:50:00	157.403	157.477	157.403	157.461	1624	0	21
2025.12.19	18:00:00	157.461	157.475	157.431	157.465	1012	0	21
2025.12.19	18:10:00	157.465	157.466	157.433	157.445	846	0	21
2025.12.19	18:20:00	157.445	157.476	157.439	157.458	794	0	21
2025.12.19	18:30:00	157.457	157.477	157.442	157.444	678	0	21
2025.12.19	18:40:00	157.445	157.449	157.393	157.405	637	0	21
2025.12.19	18:50:00	157.404	157.445	157.402	157.417	671	0	21
2025.12.19	19:00:00	157.418	157.467	157.414	157.443	602	0	21
2025.12.19	19:10:00	157.446	157.657	157.403	157.492	1314	0	21
2025.12.19	19:20:00	157.49	157.563	157.49	157.524	719	0	21
2025.12.19	19:30:00	157.524	157.53	157.483	157.526	554	0	21
2025.12.19	19:40:00	157.526	157.528	157.453	157.453	408	0	21
2025.12.19	19:50:00	157.452	157.457	157.412	157.426	478	0	21
2025.12.19	20:00:00	157.427	157.479	157.419	157.43	589	0	21
2025.12.19	20:10:00	157.43	157.441	157.399	157.402	438	0	21
2025.12.19	20:20:00	157.402	157.418	157.389	157.414	462	0	21
2025.12.19	20:30:00	157.415	157.475	157.407	157.442	417	0	21
2025.12.19	20:40:00	157.441	157.486	157.439	157.479	393	0	21
2025.12.19	20:50:00	157.479	157.52	157.464	157.51	601	0	21
2025.12.19	21:00:00	157.509	157.532	157.49	157.527	640	0	21
2025.12.19	21:10:00	157.527	157.55	157.504	157.532	531	0	21
2025.12.19	21:20:00	157.531	157.546	157.515	157.536	615	0	21
2025.12.19	21:30:00	157.535	157.577	157.535	157.568	472	0	22
2025.12.19	21:40:00	157.569	157.57	157.515	157.518	478	0	21
2025.12.19	21:50:00	157.517	157.538	157.505	157.519	744	0	21
2025.12.19	22:00:00	157.519	157.52	157.466	157.518	776	0	21
2025.12.19	22:10:00	157.517	157.543	157.517	157.541	597	0	21
2025.12.19	22:20:00	157.541	157.567	157.535	157.566	435	0	21
2025.12.19	22:30:00	157.567	157.592	157.56	157.587	311	0	21
2025.12.19	22:40:00	157.587	157.592	157.536	157.575	404	0	21
2025.12.19	22:50:00	157.575	157.688	157.569	157.68	870	0	21
2025.12.19	23:00:00	157.68	157.682	157.629	157.674	500	0	21
2025.12.19	23:10:00	157.673	157.704	157.668	157.678	312	0	21
2025.12.19	23:20:00	157.678	157.72	157.671	157.71	263	0	21
2025.12.19	23:30:00	157.708	157.747	157.705	157.738	206	0	22
2025.12.19	23:40:00	157.736	157.749	157.71	157.719	420	0	27
2025.12.19	23:50:00	157.72	157.767	157.71	157.714	1083	0	21
2025.12.22	00:00:00	157.664	157.668	157.374	157.559	132	0	53
2025.12.22	00:10:00	157.528	157.563	157.512	157.562	227	0	54
2025.12.22	00:20:00	157.562	157.595	157.541	157.589	78	0	51
2025.12.22	00:30:00	157.59	157.59	157.454	157.488	123	0	41
2025.12.22	00:40:00	157.489	157.516	157.392	157.476	293	0	39
2025.12.22	00:50:00	157.476	157.483	157.348	157.449	1310	0	37
2025.12.22	01:00:00	157.433	157.561	157.423	157.56	374	0	21
2025.12.22	01:10:00	157.562	157.575	157.527	157.556	414	0	21
2025.12.22	01:20:00	157.557	157.619	157.553	157.577	665	0	23
2025.12.22	01:30:00	157.577	157.616	157.577	157.593	516	0	23
2025.12.22	01:40:00	157.593	157.689	157.593	157.645	673	0	25
2025.12.22	01:50:00	157.648	157.691	157.594	157.614	577	0	23
2025.12.22	02:00:00	157.61	157.638	157.544	157.568	1560	0	21
2025.12.22	02:10:00	157.567	157.572	157.496	157.559	938	0	21
2025.12.22	02:20:00	157.559	157.58	157.509	157.575	1422	0	21
2025.12.22	02:30:00	157.574	157.65	157.545	157.624	1069	0	21
2025.12.22	02:40:00	157.622	157.624	157.519	157.576	1206	0	21
2025.12.22	02:50:00	157.575	157.627	157.522	157.544	1393	0	21
2025.12.22	03:00:00	157.542	157.562	157.476	157.479	805	0	21
2025.12.22	03:10:00	157.479	157.499	157.377	157.459	837	0	21
2025.12.22	03:20:00	157.459	157.462	157.36	157.374	593	0	23
2025.12.22	03:30:00	157.374	157.414	157.36	157.381	747	0	21
2025.12.22	03:40:00	157.38	157.399	157.299	157.33	790	0	21
2025.12.22	03:50:00	157.329	157.333	157.242	157.282	747	0	21
2025.12.22	04:00:00	157.281	157.296	157.235	157.258	507	0	21
2025.12.22	04:10:00	157.258	157.274	157.218	157.234	509	0	21
2025.12.22	04:20:00	157.235	157.284	157.235	157.261	353	0	21
2025.12.22	04:30:00	157.262	157.343	157.233	157.333	420	0	21
2025.12.22	04:40:00	157.333	157.411	157.333	157.394	498	0	21
2025.12.22	04:50:00	157.394	157.411	157.365	157.409	462	0	21
2025.12.22	05:00:00	157.409	157.444	157.386	157.439	381	0	21
2025.12.22	05:10:00	157.441	157.444	157.404	157.406	515	0	21
2025.12.22	05:20:00	157.413	157.45	157.397	157.441	619	0	21
2025.12.22	05:30:00	157.444	157.458	157.419	157.435	530	0	21
2025.12.22	05:40:00	157.439	157.445	157.291	157.314	570	0	21
2025.12.22	05:50:00	157.313	157.326	157.263	157.322	731	0	21
2025.12.22	06:00:00	157.323	157.352	157.269	157.282	678	0	21
2025.12.22	06:10:00	157.283	157.303	157.272	157.284	388	0	21
2025.12.22	06:20:00	157.285	157.334	157.283	157.312	436	0	21
2025.12.22	06:30:00	157.312	157.321	157.294	157.294	262	0	21
2025.12.22	06:40:00	157.29	157.302	157.25	157.286	388	0	21
2025.12.22	06:50:00	157.285	157.324	157.25	157.3	600	0	21
2025.12.22	07:00:00	157.301	157.38	157.295	157.341	471	0	21
2025.12.22	07:10:00	157.342	157.344	157.253	157.274	538	0	21
2025.12.22	07:20:00	157.274	157.313	157.259	157.309	341	0	21
2025.12.22	07:30:00	157.309	157.342	157.284	157.316	551	0	21
2025.12.22	07:40:00	157.317	157.326	157.289	157.298	499	0	21
2025.12.22	07:50:00	157.294	157.359	157.291	157.352	493	0	21
2025.12.22	08:00:00	157.351	157.386	157.31	157.312	561	0	21
2025.12.22	08:10:00	157.311	157.347	157.261	157.296	463	0	21
2025.12.22	08:20:00	157.293	157.346	157.273	157.318	561	0	21
2025.12.22	08:30:00	157.319	157.382	157.309	157.37	574	0	21
2025.12.22	08:40:00	157.371	157.373	157.31	157.365	408	0	21
2025.12.22	08:50:00	157.365	157.423	157.327	157.332	522	0	21
2025.12.22	09:00:00	157.333	157.376	157.299	157.375	571	0	21
2025.12.22	09:10:00	157.376	157.431	157.353	157.402	554	0	21
2025.12.22	09:20:00	157.402	157.453	157.402	157.42	463	0	21
2025.12.22	09:30:00	157.423	157.431	157.36	157.362	588	0	21
2025.12.22	09:40:00	157.362	157.389	157.335	157.381	476	0	21
2025.12.22	09:50:00	157.381	157.553	157.362	157.478	977	0	21
2025.12.22	10:00:00	157.479	157.486	157.404	157.448	1195	0	21
2025.12.22	10:10:00	157.449	157.471	157.389	157.398	819	0	21
2025.12.22	10:20:00	157.398	157.425	157.376	157.376	501	0	21
2025.12.22	10:30:00	157.375	157.512	157.361	157.498	585	0	21
2025.12.22	10:40:00	157.497	157.536	157.42	157.433	620	0	21
2025.12.22	10:50:00	157.434	157.539	157.434	157.536	738	0	21
2025.12.22	11:00:00	157.535	157.559	157.476	157.484	488	0	21
2025.12.22	11:10:00	157.483	157.509	157.434	157.494	512	0	21
2025.12.22	11:20:00	157.495	157.51	157.456	157.484	576	0	21
2025.12.22	11:30:00	157.484	157.484	157.41	157.411	670	0	21
2025.12.22	11:40:00	157.41	157.454	157.41	157.449	511	0	21
2025.12.22	11:50:00	157.45	157.457	157.42	157.446	538	0	21
2025.12.22	12:00:00	157.446	157.452	157.34	157.36	739	0	21
2025.12.22	12:10:00	157.359	157.382	157.342	157.363	479	0	21
2025.12.22	12:20:00	157.363	157.377	157.348	157.362	553	0	21
2025.12.22	12:30:00	157.363	157.393	157.362	157.363	508	0	21
2025.12.22	12:40:00	157.362	157.391	157.359	157.382	372	0	21
2025.12.22	12:50:00	157.382	157.407	157.372	157.386	469	0	21
2025.12.22	13:00:00	157.386	157.396	157.331	157.348	426	0	21
2025.12.22	13:10:00	157.348	157.364	157.326	157.361	384	0	21
2025.12.22	13:20:00	157.36	157.368	157.335	157.366	332	0	21
2025.12.22	13:30:00	157.367	157.415	157.364	157.392	490	0	22
2025.12.22	13:40:00	157.392	157.41	157.347	157.4	292	0	21
2025.12.22	13:50:00	157.402	157.415	157.379	157.401	366	0	21
2025.12.22	14:00:00	157.402	157.413	157.346	157.359	749	0	21
2025.12.22	14:10:00	157.359	157.402	157.353	157.386	523	0	21
2025.12.22	14:20:00	157.386	157.419	157.385	157.414	496	0	21
2025.12.22	14:30:00	157.415	157.419	157.384	157.401	490	0	22
2025.12.22	14:40:00	157.4	157.41	157.368	157.396	490	0	21
2025.12.22	14:50:00	157.396	157.406	157.362	157.386	474	0	21
2025.12.22	15:00:00	157.386	157.386	157.289	157.302	667	0	21
2025.12.22	15:10:00	157.303	157.303	156.854	157.229	2039	0	21
2025.12.22	15:20:00	157.229	157.293	157.213	157.251	1173	0	21
2025.12.22	15:30:00	157.25	157.25	157.012	157.073	1325	0	21
2025.12.22	15:40:00	157.074	157.121	156.984	157.106	1215	0	21
2025.12.22	15:50:00	157.106	157.181	157.05	157.176	1098	0	21
2025.12.22	16:00:00	157.173	157.21	157.133	157.174	971	0	21
2025.12.22	16:10:00	157.178	157.178	157.045	157.045	909	0	21
2025.12.22	16:20:00	157.044	157.065	156.934	156.937	1122	0	21
2025.12.22	16:30:00	156.936	157.008	156.911	156.981	1717	0	21
2025.12.22	16:40:00	156.981	156.988	156.896	156.977	1589	0	21
2025.12.22	16:50:00	156.979	157.042	156.949	157.009	1242	0	21
2025.12.22	17:00:00	157.009	157.063	156.958	157.044	1400	0	21
2025.12.22	17:10:00	157.042	157.108	156.996	157.022	1218	0	21
2025.12.22	17:20:00	157.022	157.08	156.996	157.04	910	0	21
2025.12.22	17:30:00	157.04	157.051	156.94	156.953	749	0	21
2025.12.22	17:40:00	156.954	157.007	156.936	156.969	765	0	21
2025.12.22	17:50:00	156.969	157.016	156.902	156.964	1295	0	21
2025.12.22	18:00:00	156.964	157.033	156.945	156.961	649	0	21
2025.12.22	18:10:00	156.961	156.961	156.846	156.87	626	0	21
2025.12.22	18:20:00	156.87	156.982	156.852	156.959	836	0	21
2025.12.22	18:30:00	156.959	156.98	156.915	156.967	1006	0	21
2025.12.22	18:40:00	156.968	156.979	156.905	156.909	615	0	21
2025.12.22	18:50:00	156.909	156.926	156.881	156.925	663	0	21
2025.12.22	19:00:00	156.926	156.929	156.828	156.871	721	0	21
2025.12.22	19:10:00	156.87	156.897	156.843	156.873	499	0	21
2025.12.22	19:20:00	156.874	156.874	156.826	156.832	422	0	21
2025.12.22	19:30:00	156.83	156.834	156.711	156.714	677	0	21
2025.12.22	19:40:00	156.714	156.822	156.695	156.793	505	0	21
2025.12.22	19:50:00	156.793	156.855	156.774	156.835	486	0	21
2025.12.22	20:00:00	156.835	156.911	156.835	156.909	538	0	21
2025.12.22	20:10:00	156.91	156.922	156.877	156.894	489	0	21
2025.12.22	20:20:00	156.894	156.972	156.883	156.956	597	0	21
2025.12.22	20:30:00	156.956	157.011	156.955	156.973	494	0	21
2025.12.22	20:40:00	156.974	157.001	156.972	156.974	369	0	21
2025.12.22	20:50:00	156.974	156.983	156.914	156.935	387	0	21
2025.12.22	21:00:00	156.935	156.973	156.933	156.967	281	0	21
2025.12.22	21:10:00	156.967	157.021	156.959	157.008	360	0	21
2025.12.22	21:20:00	157.007	157.02	156.962	156.971	413	0	21
2025.12.22	21:30:00	156.971	156.977	156.943	156.956	404	0	21
2025.12.22	21:40:00	156.956	156.973	156.932	156.946	579	0	21
2025.12.22	21:50:00	156.945	156.959	156.875	156.888	774	0	21
2025.12.22	22:00:00	156.889	156.985	156.889	156.94	529	0	21
2025.12.22	22:10:00	156.94	156.95	156.912	156.925	412	0	21
2025.12.22	22:20:00	156.924	156.933	156.899	156.912	339	0	21
2025.12.22	22:30:00	156.913	156.941	156.912	156.924	336	0	21
2025.12.22	22:40:00	156.924	156.982	156.916	156.977	399	0	21
2025.12.22	22:50:00	156.978	156.995	156.947	156.978	520	0	21
2025.12.22	23:00:00	156.98	157.001	156.977	156.99	241	0	21
2025.12.22	23:10:00	157.0	157.014	156.974	157.008	215	0	21
2025.12.22	23:20:00	157.007	157.012	156.967	157.001	234	0	21
2025.12.22	23:30:00	157.0	157.026	156.994	157.025	196	0	21
2025.12.22	23:40:00	157.024	157.034	157.012	157.03	255	0	21
2025.12.22	23:50:00	157.029	157.044	157.005	157.031	445	0	24
2025.12.23	00:00:00	157.031	157.046	156.726	156.943	194	0	24
2025.12.23	00:10:00	156.943	157.023	156.919	157.002	185	0	61
2025.12.23	00:20:00	157.013	157.028	156.919	157.01	611	0	45
2025.12.23	00:30:00	157.01	157.019	156.983	156.989	175	0	44
2025.12.23	00:40:00	156.986	157.011	156.986	157.002	41	0	40
2025.12.23	00:50:00	157.001	157.014	156.991	157.013	55	0	41
2025.12.23	01:00:00	157.011	157.011	156.907	156.956	479	0	22
2025.12.23	01:10:00	156.956	156.989	156.923	156.925	251	0	21
2025.12.23	01:20:00	156.925	156.925	156.855	156.873	219	0	23
2025.12.23	01:30:00	156.872	156.885	156.849	156.874	375	0	22
2025.12.23	01:40:00	156.876	156.882	156.823	156.85	304	0	21
2025.12.23	01:50:00	156.848	156.909	156.808	156.906	493	0	22
2025.12.23	02:00:00	156.909	156.915	156.748	156.76	985	0	21
2025.12.23	02:10:00	156.761	156.792	156.744	156.791	762	0	21
2025.12.23	02:20:00	156.792	156.823	156.759	156.766	714	0	22
2025.12.23	02:30:00	156.765	156.787	156.702	156.737	626	0	21
2025.12.23	02:40:00	156.735	156.757	156.69	156.717	640	0	21
2025.12.23	02:50:00	156.718	156.754	156.592	156.604	1348	0	21
2025.12.23	03:00:00	156.602	156.643	156.571	156.571	851	0	21
2025.12.23	03:10:00	156.572	156.593	156.507	156.54	825	0	21
2025.12.23	03:20:00	156.539	156.593	156.539	156.557	598	0	21
2025.12.23	03:30:00	156.556	156.586	156.522	156.522	511	0	21
2025.12.23	03:40:00	156.522	156.524	156.444	156.47	865	0	21
2025.12.23	03:50:00	156.471	156.471	156.41	156.449	551	0	21
2025.12.23	04:00:00	156.449	156.45	156.325	156.374	904	0	21
2025.12.23	04:10:00	156.375	156.469	156.361	156.423	653	0	21
2025.12.23	04:20:00	156.422	156.425	156.354	156.36	555	0	21
2025.12.23	04:30:00	156.36	156.36	156.298	156.326	562	0	21
2025.12.23	04:40:00	156.325	156.326	156.264	156.299	562	0	21
2025.12.23	04:50:00	156.299	156.374	156.275	156.341	783	0	21
2025.12.23	05:00:00	156.342	156.342	156.222	156.276	920	0	21
2025.12.23	05:10:00	156.276	156.307	156.27	156.286	459	0	21
2025.12.23	05:20:00	156.288	156.33	156.267	156.29	619	0	21
2025.12.23	05:30:00	156.291	156.305	156.266	156.266	511	0	21
2025.12.23	05:40:00	156.266	156.284	156.231	156.26	467	0	21
2025.12.23	05:50:00	156.261	156.308	156.176	156.177	629	0	21
2025.12.23	06:00:00	156.177	156.177	156.034	156.037	1063	0	21
2025.12.23	06:10:00	156.036	156.057	155.949	156.028	1007	0	21
2025.12.23	06:20:00	156.029	156.07	156.018	156.06	670	0	21
2025.12.23	06:30:00	156.06	156.086	155.985	156.039	527	0	22
2025.12.23	06:40:00	156.036	156.074	156.022	156.048	472	0	21
2025.12.23	06:50:00	156.049	156.08	155.976	155.982	862	0	21
2025.12.23	07:00:00	155.981	156.037	155.97	156.011	929	0	21
2025.12.23	07:10:00	156.012	156.013	155.902	155.924	733	0	21
2025.12.23	07:20:00	155.923	155.949	155.9	155.908	433	0	21
2025.12.23	07:30:00	155.908	156.016	155.904	155.987	562	0	21
2025.12.23	07:40:00	155.988	156.053	155.98	156.024	647	0	21
2025.12.23	07:50:00	156.024	156.065	155.999	156.0	855	0	21
2025.12.23	08:00:00	155.998	156.066	155.985	156.033	762	0	21
2025.12.23	08:10:00	156.034	156.084	156.03	156.032	698	0	21
2025.12.23	08:20:00	156.032	156.099	156.007	156.074	638	0	21
2025.12.23	08:30:00	156.075	156.177	156.075	156.125	759	0	21
2025.12.23	08:40:00	156.124	156.126	156.042	156.054	741	0	21
2025.12.23	08:50:00	156.054	156.11	156.029	156.102	583	0	21
2025.12.23	09:00:00	156.106	156.159	156.048	156.063	964	0	21
2025.12.23	09:10:00	156.063	156.151	156.063	156.115	548	0	21
2025.12.23	09:20:00	156.113	156.125	155.98	156.083	662	0	21
2025.12.23	09:30:00	156.085	156.092	155.958	155.959	804	0	21
2025.12.23	09:40:00	155.96	156.029	155.953	155.964	971	0	21
2025.12.23	09:50:00	155.964	156.109	155.938	156.064	1500	0	21
2025.12.23	10:00:00	156.063	156.103	155.94	155.981	1391	0	21
2025.12.23	10:10:00	155.982	156.088	155.969	156.052	957	0	21
2025.12.23	10:20:00	156.052	156.099	155.979	155.98	886	0	21
2025.12.23	10:30:00	155.98	156.056	155.957	156.044	726	0	21
2025.12.23	10:40:00	156.043	156.055	155.955	156.007	742	0	21
2025.12.23	10:50:00	156.006	156.01	155.947	155.948	758	0	21
2025.12.23	11:00:00	155.948	155.948	155.641	155.685	1720	0	21
2025.12.23	11:10:00	155.685	155.846	155.659	155.844	1267	0	21
2025.12.23	11:20:00	155.845	155.929	155.82	155.926	878	0	21
2025.12.23	11:30:00	155.928	155.977	155.871	155.896	1097	0	21
2025.12.23	11:40:00	155.89	155.925	155.857	155.902	948	0	21
2025.12.23	11:50:00	155.901	156.011	155.876	155.956	1303	0	21
2025.12.23	12:00:00	155.955	155.997	155.92	155.935	1075	0	21
2025.12.23	12:10:00	155.934	155.961	155.908	155.92	711	0	21
2025.12.23	12:20:00	155.92	155.957	155.91	155.935	802	0	21
2025.12.23	12:30:00	155.936	156.035	155.925	155.994	769	0	21
2025.12.23	12:40:00	155.995	156.019	155.856	155.886	848	0	21
2025.12.23	12:50:00	155.886	155.913	155.855	155.911	939	0	21
2025.12.23	13:00:00	155.912	155.956	155.861	155.95	729	0	21
2025.12.23	13:10:00	155.949	155.95	155.888	155.925	634	0	22
2025.12.23	13:20:00	155.924	155.961	155.878	155.886	406	0	21
2025.12.23	13:30:00	155.89	155.932	155.886	155.927	317	0	21
2025.12.23	13:40:00	155.926	155.984	155.922	155.973	439	0	21
2025.12.23	13:50:00	155.972	156.026	155.944	155.961	777	0	21
2025.12.23	14:00:00	155.962	155.973	155.914	155.927	639	0	21
2025.12.23	14:10:00	155.927	155.963	155.924	155.936	412	0	21
2025.12.23	14:20:00	155.936	155.957	155.918	155.938	407	0	22
2025.12.23	14:30:00	155.939	155.939	155.86	155.895	612	0	21
2025.12.23	14:40:00	155.894	155.939	155.879	155.938	628	0	21
2025.12.23	14:50:00	155.937	156.021	155.928	156.01	857	0	21
2025.12.23	15:00:00	156.015	156.09	156.006	156.048	1056	0	21
2025.12.23	15:10:00	156.048	156.049	155.95	155.984	605	0	21
2025.12.23	15:20:00	155.979	156.029	155.939	155.996	827	0	21
2025.12.23	15:30:00	155.984	156.264	155.97	156.133	1988	0	21
2025.12.23	15:40:00	156.129	156.215	156.081	156.193	1667	0	21
2025.12.23	15:50:00	156.192	156.353	156.192	156.326	1853	0	21
2025.12.23	16:00:00	156.325	156.44	156.325	156.422	1693	0	21
2025.12.23	16:10:00	156.421	156.497	156.397	156.448	1148	0	21
2025.12.23	16:20:00	156.448	156.481	156.399	156.412	1243	0	21
2025.12.23	16:30:00	156.417	156.532	156.417	156.432	1718	0	21
2025.12.23	16:40:00	156.43	156.479	156.402	156.41	1350	0	21
2025.12.23	16:50:00	156.41	156.455	156.359	156.39	916	0	21
2025.12.23	17:00:00	156.383	156.422	156.241	156.25	1686	0	21
2025.12.23	17:10:00	156.251	156.322	156.224	156.286	1473	0	21
2025.12.23	17:20:00	156.287	156.324	156.205	156.225	1409	0	21
2025.12.23	17:30:00	156.221	156.342	156.195	156.332	1369	0	21
2025.12.23	17:40:00	156.332	156.348	156.252	156.348	1055	0	21
2025.12.23	17:50:00	156.347	156.437	156.317	156.377	1527	0	21
2025.12.23	18:00:00	156.378	156.425	156.317	156.352	1021	0	21
2025.12.23	18:10:00	156.354	156.375	156.333	156.344	791	0	21
2025.12.23	18:20:00	156.345	156.374	156.331	156.364	664	0	21
2025.12.23	18:30:00	156.359	156.406	156.345	156.35	706	0	21
2025.12.23	18:40:00	156.35	156.353	156.304	156.313	500	0	21
2025.12.23	18:50:00	156.313	156.327	156.29	156.324	751	0	21
2025.12.23	19:00:00	156.323	156.339	156.271	156.301	596	0	21
2025.12.23	19:10:00	156.301	156.334	156.288	156.311	587	0	21
2025.12.23	19:20:00	156.31	156.315	156.25	156.264	405	0	21
2025.12.23	19:30:00	156.264	156.3	156.252	156.252	316	0	21
2025.12.23	19:40:00	156.253	156.286	156.239	156.274	314	0	21
2025.12.23	19:50:00	156.273	156.324	156.272	156.285	460	0	22
2025.12.23	20:00:00	156.283	156.331	156.283	156.301	573	0	21
2025.12.23	20:10:00	156.3	156.302	156.254	156.262	438	0	22
2025.12.23	20:20:00	156.262	156.281	156.235	156.275	519	0	21
2025.12.23	20:30:00	156.274	156.284	156.255	156.274	339	0	22
2025.12.23	20:40:00	156.274	156.301	156.271	156.275	346	0	22
2025.12.23	20:50:00	156.275	156.275	156.214	156.217	498	0	22
2025.12.23	21:00:00	156.216	156.224	156.185	156.203	511	0	21
2025.12.23	21:10:00	156.204	156.211	156.168	156.21	568	0	21
2025.12.23	21:20:00	156.21	156.229	156.191	156.228	357	0	21
2025.12.23	21:30:00	156.228	156.231	156.209	156.228	297	0	21
2025.12.23	21:40:00	156.228	156.239	156.215	156.234	188	0	21
2025.12.23	21:50:00	156.235	156.24	156.178	156.184	329	0	21
2025.12.23	22:00:00	156.186	156.242	156.167	156.228	511	0	21
2025.12.23	22:10:00	156.228	156.253	156.215	156.216	378	0	22
2025.12.23	22:20:00	156.217	156.234	156.217	156.227	345	0	23
2025.12.23	22:30:00	156.226	156.244	156.222	156.234	257	0	21
2025.12.23	22:40:00	156.235	156.272	156.228	156.265	296	0	21
2025.12.23	22:50:00	156.265	156.298	156.254	156.289	359	0	21
2025.12.23	23:00:00	156.29	156.305	156.265	156.266	236	0	22
2025.12.23	23:10:00	156.265	156.294	156.262	156.291	164	0	21
2025.12.23	23:20:00	156.287	156.305	156.277	156.283	230	0	21
2025.12.23	23:30:00	156.283	156.284	156.211	156.238	338	0	22
2025.12.23	23:40:00	156.238	156.24	156.195	156.209	435	0	25
2025.12.23	23:50:00	156.209	156.253	156.176	156.194	658	0	21
2025.12.24	00:00:00	156.147	156.182	156.131	156.164	34	0	42
2025.12.24	00:10:00	156.172	156.206	156.164	156.172	893	0	25
2025.12.24	00:20:00	156.173	156.181	156.166	156.168	43	0	36
2025.12.24	00:30:00	156.168	156.171	156.16	156.17	35	0	43
2025.12.24	00:40:00	156.169	156.175	156.169	156.174	37	0	41
2025.12.24	00:50:00	156.174	156.177	156.149	156.163	116	0	37
2025.12.24	01:00:00	156.176	156.178	156.127	156.129	361	0	23
2025.12.24	01:10:00	156.13	156.132	156.079	156.118	319	0	23
2025.12.24	01:20:00	156.118	156.149	156.118	156.132	218	0	23
2025.12.24	01:30:00	156.132	156.213	156.121	156.198	559	0	23
2025.12.24	01:40:00	156.198	156.269	156.192	156.225	922	0	21
2025.12.24	01:50:00	156.227	156.232	156.142	156.158	655	0	21
2025.12.24	02:00:00	156.158	156.158	155.963	155.999	1296	0	21
2025.12.24	02:10:00	156.001	156.195	155.997	156.143	976	0	21
2025.12.24	02:20:00	156.144	156.267	156.144	156.224	969	0	21
2025.12.24	02:30:00	156.224	156.251	156.18	156.192	1106	0	21
2025.12.24	02:40:00	156.193	156.196	156.074	156.096	1028	0	21
2025.12.24	02:50:00	156.099	156.178	155.971	155.979	1386	0	21
2025.12.24	03:00:00	155.978	156.048	155.961	156.009	1152	0	21
2025.12.24	03:10:00	156.008	156.14	155.969	155.969	756	0	21
2025.12.24	03:20:00	155.97	155.979	155.809	155.821	950	0	21
2025.12.24	03:30:00	155.822	155.823	155.724	155.742	1392	0	21
2025.12.24	03:40:00	155.749	155.755	155.631	155.678	1171	0	21
2025.12.24	03:50:00	155.679	155.686	155.587	155.643	1044	0	21
2025.12.24	04:00:00	155.641	155.645	155.566	155.594	992	0	21
2025.12.24	04:10:00	155.593	155.683	155.544	155.656	877	0	21
2025.12.24	04:20:00	155.657	155.664	155.593	155.653	861	0	21
2025.12.24	04:30:00	155.653	155.697	155.627	155.678	715	0	21
2025.12.24	04:40:00	155.68	155.712	155.669	155.688	591	0	21
2025.12.24	04:50:00	155.691	155.732	155.653	155.73	667	0	21
2025.12.24	05:00:00	155.729	155.823	155.728	155.808	903	0	21
2025.12.24	05:10:00	155.807	155.82	155.773	155.794	609	0	21
2025.12.24	05:20:00	155.794	155.864	155.783	155.854	512	0	21
2025.12.24	05:30:00	155.854	155.903	155.829	155.903	499	0	21
2025.12.24	05:40:00	155.902	155.975	155.891	155.965	527	0	21
2025.12.24	05:50:00	155.965	155.98	155.938	155.971	614	0	21
2025.12.24	06:00:00	155.971	155.985	155.935	155.97	547	0	21
2025.12.24	06:10:00	155.969	156.053	155.965	155.974	668	0	21
2025.12.24	06:20:00	155.975	155.996	155.939	155.963	379	0	21
2025.12.24	06:30:00	155.963	155.973	155.835	155.84	617	0	21
2025.12.24	06:40:00	155.845	155.853	155.789	155.804	728	0	21
2025.12.24	06:50:00	155.809	155.839	155.8	155.825	488	0	21
2025.12.24	07:00:00	155.826	155.836	155.734	155.79	601	0	21
2025.12.24	07:10:00	155.789	155.803	155.763	155.781	429	0	21
2025.12.24	07:20:00	155.78	155.83	155.78	155.793	323	0	21
2025.12.24	07:30:00	155.793	155.819	155.769	155.796	296	0	21
2025.12.24	07:40:00	155.797	155.825	155.767	155.797	480	0	21
2025.12.24	07:50:00	155.797	155.815	155.769	155.786	499	0	21
2025.12.24	08:00:00	155.786	155.786	155.654	155.694	893	0	21
2025.12.24	08:10:00	155.693	155.708	155.651	155.673	575	0	21
2025.12.24	08:20:00	155.672	155.757	155.67	155.72	594	0	21
2025.12.24	08:30:00	155.721	155.74	155.699	155.71	410	0	21
2025.12.24	08:40:00	155.709	155.785	155.705	155.724	536	0	21
2025.12.24	08:50:00	155.725	155.739	155.658	155.721	595	0	21
2025.12.24	09:00:00	155.722	155.807	155.692	155.76	984	0	21
2025.12.24	09:10:00	155.759	155.782	155.744	155.781	597	0	21
2025.12.24	09:20:00	155.781	155.842	155.722	155.759	962	0	21
2025.12.24	09:30:00	155.759	155.834	155.745	155.817	926	0	21
2025.12.24	09:40:00	155.817	155.833	155.771	155.804	707	0	21
2025.12.24	09:50:00	155.806	155.862	155.779	155.818	1014	0	21
2025.12.24	10:00:00	155.819	155.943	155.737	155.903	1661	0	21
2025.12.24	10:10:00	155.904	155.96	155.89	155.937	1136	0	21
2025.12.24	10:20:00	155.936	155.954	155.857	155.904	885	0	21
2025.12.24	10:30:00	155.903	155.917	155.808	155.916	1077	0	21
2025.12.24	10:40:00	155.917	155.917	155.768	155.786	1034	0	21
2025.12.24	10:50:00	155.785	155.798	155.74	155.744	817	0	21
2025.12.24	11:00:00	155.744	155.761	155.676	155.745	864	0	21
2025.12.24	11:10:00	155.745	155.785	155.696	155.782	736	0	21
2025.12.24	11:20:00	155.782	155.852	155.758	155.845	788	0	21
2025.12.24	11:30:00	155.846	155.87	155.809	155.812	519	0	21
2025.12.24	11:40:00	155.811	155.821	155.767	155.797	651	0	21
2025.12.24	11:50:00	155.794	155.827	155.767	155.822	827	0	21
2025.12.24	12:00:00	155.825	155.871	155.809	155.856	777	0	21
2025.12.24	12:10:00	155.855	155.895	155.841	155.888	489	0	21
2025.12.24	12:20:00	155.882	155.921	155.838	155.843	735	0	21
2025.12.24	12:30:00	155.842	155.918	155.84	155.903	649	0	21
2025.12.24	12:40:00	155.904	155.96	155.883	155.928	694	0	21
2025.12.24	12:50:00	155.926	155.939	155.898	155.924	727	0	21
2025.12.24	13:00:00	155.924	155.948	155.87	155.875	701	0	21
2025.12.24	13:10:00	155.876	155.908	155.856	155.893	490	0	21
2025.12.24	13:20:00	155.897	155.911	155.869	155.88	575	0	21
2025.12.24	13:30:00	155.885	155.964	155.883	155.934	814	0	21
2025.12.24	13:40:00	155.933	155.949	155.905	155.907	631	0	21
2025.12.24	13:50:00	155.908	155.917	155.891	155.915	744	0	21
2025.12.24	14:00:00	155.914	155.917	155.864	155.903	745	0	21
2025.12.24	14:10:00	155.902	155.928	155.882	155.903	883	0	21
2025.12.24	14:20:00	155.904	155.936	155.902	155.931	622	0	21
2025.12.24	14:30:00	155.929	155.935	155.899	155.926	624	0	21
2025.12.24	14:40:00	155.927	155.962	155.918	155.96	632	0	21
2025.12.24	14:50:00	155.959	156.033	155.938	156.032	866	0	21
2025.12.24	15:00:00	156.031	156.059	155.959	156.002	1007	0	21
2025.12.24	15:10:00	156.001	156.047	155.978	156.031	808	0	21
2025.12.24	15:20:00	156.029	156.031	155.984	156.002	987	0	21
2025.12.24	15:30:00	156.003	156.05	155.981	155.996	1557	0	21
2025.12.24	15:40:00	155.997	156.018	155.972	156.01	837	0	21
2025.12.24	15:50:00	156.006	156.024	155.983	156.0	764	0	21
2025.12.24	16:00:00	155.999	156.024	155.999	156.014	610	0	21
2025.12.24	16:10:00	156.016	156.023	155.989	156.002	557	0	21
2025.12.24	16:20:00	156.002	156.013	155.919	155.94	980	0	21
2025.12.24	16:30:00	155.94	155.958	155.868	155.883	1342	0	21
2025.12.24	16:40:00	155.883	155.897	155.764	155.779	971	0	21
2025.12.24	16:50:00	155.779	155.802	155.667	155.738	1495	0	21
2025.12.24	17:00:00	155.738	155.766	155.712	155.735	1294	0	21
2025.12.24	17:10:00	155.737	155.76	155.713	155.749	581	0	21
2025.12.24	17:20:00	155.749	155.819	155.749	155.81	700	0	21
2025.12.24	17:30:00	155.81	155.849	155.748	155.833	820	0	21
2025.12.24	17:40:00	155.832	155.858	155.801	155.852	930	0	22
2025.12.24	17:50:00	155.853	155.89	155.776	155.805	1324	0	21
2025.12.24	18:00:00	155.804	155.827	155.742	155.823	907	0	21
2025.12.24	18:10:00	155.824	155.876	155.812	155.851	712	0	21
2025.12.24	18:20:00	155.852	155.898	155.839	155.885	609	0	21
2025.12.24	18:30:00	155.885	155.909	155.792	155.794	910	0	21
2025.12.24	18:40:00	155.795	155.862	155.779	155.839	838	0	21
2025.12.24	18:50:00	155.838	155.865	155.807	155.823	858	0	21
2025.12.24	19:00:00	155.824	155.875	155.813	155.87	861	0	22
2025.12.24	19:10:00	155.871	155.916	155.86	155.907	571	0	21
2025.12.24	19:20:00	155.906	155.927	155.892	155.898	470	0	21
2025.12.24	19:30:00	155.898	155.931	155.894	155.925	508	0	21
2025.12.24	19:40:00	155.924	155.996	155.923	155.979	692	0	21
2025.12.24	19:50:00	155.98	156.012	155.937	155.958	949	0	21
2025.12.26	08:00:00	156.19	156.192	156.074	156.12	618	0	21
2025.12.26	08:10:00	156.12	156.218	156.11	156.216	361	0	22
2025.12.26	08:20:00	156.216	156.22	156.191	156.215	270	0	21
2025.12.26	08:30:00	156.216	156.268	156.203	156.226	460	0	22
2025.12.26	08:40:00	156.226	156.276	156.224	156.238	415	0	21
2025.12.26	08:50:00	156.239	156.303	156.238	156.267	592	0	21
2025.12.26	09:00:00	156.271	156.3	156.247	156.248	623	0	21
2025.12.26	09:10:00	156.249	156.265	156.226	156.264	342	0	23
2025.12.26	09:20:00	156.261	156.261	156.201	156.214	470	0	24
2025.12.26	09:30:00	156.215	156.358	156.21	156.349	574	0	22
2025.12.26	09:40:00	156.349	156.383	156.322	156.354	791	0	22
2025.12.26	09:50:00	156.354	156.431	156.329	156.362	901	0	21
2025.12.26	10:00:00	156.361	156.43	156.328	156.402	531	0	21
2025.12.26	10:10:00	156.403	156.425	156.333	156.353	526	0	24
2025.12.26	10:20:00	156.353	156.357	156.287	156.353	471	0	22
2025.12.26	10:30:00	156.353	156.357	156.3	156.315	447	0	23
2025.12.26	10:40:00	156.316	156.379	156.3	156.311	528	0	21
2025.12.26	10:50:00	156.31	156.356	156.304	156.311	341	0	21
2025.12.26	11:00:00	156.32	156.421	156.301	156.417	637	0	23
2025.12.26	11:10:00	156.417	156.428	156.393	156.413	564	0	22
2025.12.26	11:20:00	156.409	156.451	156.399	156.401	333	0	24
2025.12.26	11:30:00	156.403	156.435	156.4	156.414	299	0	22
2025.12.26	11:40:00	156.417	156.447	156.408	156.425	320	0	23
2025.12.26	11:50:00	156.424	156.457	156.408	156.448	528	0	21
2025.12.26	12:00:00	156.452	156.456	156.402	156.415	275	0	23
2025.12.26	12:10:00	156.414	156.416	156.35	156.355	265	0	25
2025.12.26	12:20:00	156.354	156.408	156.353	156.406	454	0	22
2025.12.26	12:30:00	156.406	156.411	156.374	156.394	514	0	21
2025.12.26	12:40:00	156.402	156.404	156.377	156.378	489	0	23
2025.12.26	12:50:00	156.378	156.392	156.362	156.389	241	0	23
2025.12.26	13:00:00	156.387	156.399	156.363	156.39	303	0	23
2025.12.26	13:10:00	156.388	156.409	156.374	156.389	440	0	22
2025.12.26	13:20:00	156.389	156.391	156.313	156.36	494	0	21
2025.12.26	13:30:00	156.361	156.365	156.32	156.35	582	0	21
2025.12.26	13:40:00	156.349	156.379	156.326	156.377	501	0	22
2025.12.26	13:50:00	156.375	156.394	156.356	156.39	466	0	21
2025.12.26	14:00:00	156.389	156.443	156.382	156.428	640	0	21
2025.12.26	14:10:00	156.427	156.451	156.424	156.449	572	0	22
2025.12.26	14:20:00	156.45	156.475	156.437	156.451	507	0	21
2025.12.26	14:30:00	156.45	156.452	156.403	156.404	395	0	22
2025.12.26	14:40:00	156.405	156.435	156.384	156.422	486	0	21
2025.12.26	14:50:00	156.421	156.44	156.395	156.408	542	0	22
2025.12.26	15:00:00	156.407	156.432	156.265	156.315	1125	0	21
2025.12.26	15:10:00	156.318	156.363	156.308	156.328	642	0	21
2025.12.26	15:20:00	156.329	156.358	156.276	156.276	706	0	21
2025.12.26	15:30:00	156.275	156.289	156.249	156.275	813	0	21
2025.12.26	15:40:00	156.275	156.284	156.215	156.273	903	0	21
2025.12.26	15:50:00	156.274	156.335	156.268	156.313	739	0	21
2025.12.26	16:00:00	156.31	156.33	156.265	156.307	710	0	21
2025.12.26	16:10:00	156.306	156.321	156.274	156.308	606	0	21
2025.12.26	16:20:00	156.308	156.351	156.303	156.339	490	0	21
2025.12.26	16:30:00	156.34	156.369	156.319	156.355	705	0	21
2025.12.26	16:40:00	156.355	156.469	156.339	156.452	909	0	21
2025.12.26	16:50:00	156.453	156.472	156.425	156.44	1053	0	21
2025.12.26	17:00:00	156.439	156.443	156.299	156.333	873	0	21
2025.12.26	17:10:00	156.333	156.358	156.329	156.347	441	0	21
2025.12.26	17:20:00	156.346	156.381	156.321	156.36	669	0	21
2025.12.26	17:30:00	156.36	156.41	156.354	156.393	606	0	21
2025.12.26	17:40:00	156.394	156.434	156.394	156.422	565	0	23
2025.12.26	17:50:00	156.422	156.522	156.391	156.414	1594	0	23
2025.12.26	18:00:00	156.412	156.502	156.357	156.501	1297	0	22
2025.12.26	18:10:00	156.5	156.578	156.472	156.529	1310	0	21
2025.12.26	18:20:00	156.529	156.63	156.511	156.624	771	0	21
2025.12.26	18:30:00	156.624	156.638	156.594	156.612	801	0	22
2025.12.26	18:40:00	156.612	156.621	156.598	156.609	602	0	22
2025.12.26	18:50:00	156.608	156.639	156.608	156.62	758	0	22
2025.12.26	19:00:00	156.62	156.633	156.598	156.608	836	0	23
2025.12.26	19:10:00	156.608	156.635	156.603	156.621	877	0	23
2025.12.26	19:20:00	156.621	156.645	156.597	156.636	908	0	21
2025.12.26	19:30:00	156.636	156.72	156.617	156.623	1035	0	21
2025.12.26	19:40:00	156.623	156.632	156.562	156.587	739	0	24
2025.12.26	19:50:00	156.587	156.606	156.542	156.557	807	0	24
2025.12.26	20:00:00	156.558	156.558	156.501	156.548	835	0	23
2025.12.26	20:10:00	156.547	156.574	156.546	156.572	522	0	22
2025.12.26	20:20:00	156.571	156.572	156.526	156.54	765	0	23
2025.12.26	20:30:00	156.54	156.541	156.464	156.475	865	0	21
2025.12.26	20:40:00	156.474	156.481	156.423	156.479	583	0	21
2025.12.26	20:50:00	156.48	156.533	156.478	156.53	733	0	24
2025.12.26	21:00:00	156.53	156.569	156.522	156.559	986	0	26
2025.12.26	21:10:00	156.559	156.583	156.526	156.538	404	0	22
2025.12.26	21:20:00	156.538	156.562	156.524	156.551	454	0	21
2025.12.26	21:30:00	156.551	156.566	156.545	156.556	348	0	23
2025.12.26	21:40:00	156.555	156.561	156.511	156.528	441	0	24
2025.12.26	21:50:00	156.529	156.541	156.493	156.493	686	0	21
2025.12.26	22:00:00	156.49	156.492	156.433	156.472	641	0	21
2025.12.26	22:10:00	156.473	156.499	156.468	156.494	317	0	22
2025.12.26	22:20:00	156.492	156.513	156.491	156.502	147	0	23
2025.12.26	22:30:00	156.501	156.51	156.479	156.483	152	0	22
2025.12.26	22:40:00	156.482	156.519	156.464	156.492	424	0	21
2025.12.26	22:50:00	156.492	156.507	156.463	156.482	844	0	22
2025.12.26	23:00:00	156.482	156.528	156.482	156.527	339	0	23
2025.12.26	23:10:00	156.526	156.529	156.512	156.523	133	0	26
2025.12.26	23:20:00	156.52	156.537	156.517	156.535	268	0	24
2025.12.26	23:30:00	156.533	156.565	156.532	156.545	419	0	29
2025.12.26	23:40:00	156.545	156.581	156.521	156.558	741	0	30
2025.12.26	23:50:00	156.558	156.59	156.502	156.551	766	0	27
2025.12.29	00:00:00	156.442	156.442	156.387	156.415	35	0	198
2025.12.29	00:10:00	156.42	156.439	156.385	156.429	85	0	172
2025.12.29	00:20:00	156.426	156.528	156.425	156.489	53	0	79
2025.12.29	00:30:00	156.489	156.489	156.439	156.463	774	0	56
2025.12.29	00:40:00	156.463	156.472	156.404	156.419	182	0	63
2025.12.29	00:50:00	156.419	156.45	156.419	156.441	409	0	134
2025.12.29	01:00:00	156.441	156.53	156.409	156.468	303	0	21
2025.12.29	01:10:00	156.468	156.468	156.406	156.421	183	0	22
2025.12.29	01:20:00	156.421	156.424	156.401	156.408	97	0	21
2025.12.29	01:30:00	156.408	156.507	156.401	156.507	227	0	21
2025.12.29	01:40:00	156.508	156.514	156.42	156.438	290	0	21
2025.12.29	01:50:00	156.438	156.476	156.394	156.472	478	0	21
2025.12.29	02:00:00	156.471	156.472	156.049	156.073	1675	0	21
2025.12.29	02:10:00	156.075	156.19	156.045	156.164	1064	0	21
2025.12.29	02:20:00	156.164	156.239	156.089	156.139	1575	0	21
2025.12.29	02:30:00	156.139	156.151	156.067	156.126	1266	0	21
2025.12.29	02:40:00	156.126	156.208	156.088	156.2	1069	0	21
2025.12.29	02:50:00	156.2	156.319	156.191	156.267	1776	0	21
2025.12.29	03:00:00	156.267	156.363	156.242	156.248	1438	0	21
2025.12.29	03:10:00	156.255	156.299	156.209	156.209	786	0	21
2025.12.29	03:20:00	156.208	156.242	156.177	156.221	654	0	21
2025.12.29	03:30:00	156.219	156.288	156.179	156.287	775	0	22
2025.12.29	03:40:00	156.287	156.314	156.25	156.264	604	0	21
2025.12.29	03:50:00	156.262	156.323	156.249	156.3	568	0	21
2025.12.29	04:00:00	156.301	156.387	156.289	156.377	818	0	21
2025.12.29	04:10:00	156.376	156.501	156.369	156.473	840	0	21
2025.12.29	04:20:00	156.474	156.497	156.418	156.445	602	0	21
2025.12.29	04:30:00	156.445	156.48	156.416	156.422	436	0	22
2025.12.29	04:40:00	156.421	156.444	156.37	156.401	695	0	21
2025.12.29	04:50:00	156.4	156.428	156.362	156.419	423	0	21
2025.12.29	05:00:00	156.419	156.433	156.379	156.404	426	0	21
2025.12.29	05:10:00	156.405	156.407	156.355	156.381	359	0	22
2025.12.29	05:20:00	156.378	156.399	156.332	156.382	615	0	22
2025.12.29	05:30:00	156.384	156.401	156.331	156.342	1060	0	21
2025.12.29	05:40:00	156.345	156.389	156.308	156.33	401	0	21
2025.12.29	05:50:00	156.331	156.375	156.323	156.367	417	0	21
2025.12.29	06:00:00	156.367	156.461	156.366	156.422	498	0	22
2025.12.29	06:10:00	156.421	156.425	156.371	156.408	319	0	21
2025.12.29	06:20:00	156.408	156.439	156.283	156.284	449	0	21
2025.12.29	06:30:00	156.284	156.314	156.236	156.3	486	0	21
2025.12.29	06:40:00	156.3	156.329	156.276	156.314	348	0	21
2025.12.29	06:50:00	156.313	156.361	156.301	156.359	427	0	21
2025.12.29	07:00:00	156.36	156.369	156.326	156.339	559	0	21
2025.12.29	07:10:00	156.338	156.36	156.301	156.309	416	0	21
2025.12.29	07:20:00	156.31	156.386	156.296	156.359	409	0	21
2025.12.29	07:30:00	156.36	156.369	156.309	156.323	430	0	22
2025.12.29	07:40:00	156.324	156.335	156.246	156.274	393	0	21
2025.12.29	07:50:00	156.27	156.3	156.23	156.294	429	0	21
2025.12.29	08:00:00	156.3	156.3	156.228	156.284	684	0	21
2025.12.29	08:10:00	156.285	156.311	156.249	156.249	281	0	21
2025.12.29	08:20:00	156.251	156.255	156.162	156.19	402	0	21
2025.12.29	08:30:00	156.196	156.276	156.19	156.266	393	0	21
2025.12.29	08:40:00	156.267	156.289	156.237	156.238	550	0	21
2025.12.29	08:50:00	156.242	156.28	156.16	156.172	672	0	21
2025.12.29	09:00:00	156.173	156.192	156.136	156.162	1136	0	21
2025.12.29	09:10:00	156.161	156.231	156.15	156.185	771	0	21
2025.12.29	09:20:00	156.186	156.198	156.115	156.16	1008	0	21
2025.12.29	09:30:00	156.161	156.171	156.092	156.161	756	0	21
2025.12.29	09:40:00	156.161	156.163	156.108	156.109	749	0	21
2025.12.29	09:50:00	156.112	156.115	156.04	156.07	906	0	21
2025.12.29	10:00:00	156.07	156.193	156.065	156.185	1126	0	21
2025.12.29	10:10:00	156.184	156.249	156.172	156.246	708	0	21
2025.12.29	10:20:00	156.247	156.247	156.194	156.244	551	0	21
2025.12.29	10:30:00	156.244	156.29	156.206	156.229	635	0	21
2025.12.29	10:40:00	156.229	156.298	156.217	156.228	503	0	21
2025.12.29	10:50:00	156.232	156.265	156.183	156.265	953	0	21
2025.12.29	11:00:00	156.266	156.389	156.252	156.327	1287	0	21
2025.12.29	11:10:00	156.334	156.352	156.261	156.28	867	0	21
2025.12.29	11:20:00	156.273	156.283	156.225	156.228	651	0	21
2025.12.29	11:30:00	156.229	156.231	156.134	156.136	748	0	21
2025.12.29	11:40:00	156.135	156.258	156.095	156.246	668	0	21
2025.12.29	11:50:00	156.247	156.32	156.242	156.316	676	0	21
2025.12.29	12:00:00	156.317	156.335	156.283	156.293	729	0	21
2025.12.29	12:10:00	156.292	156.317	156.251	156.254	574	0	21
2025.12.29	12:20:00	156.255	156.29	156.227	156.266	855	0	21
2025.12.29	12:30:00	156.265	156.271	156.193	156.215	666	0	21
2025.12.29	12:40:00	156.214	156.261	156.208	156.232	320	0	21
2025.12.29	12:50:00	156.232	156.319	156.214	156.315	636	0	21
2025.12.29	13:00:00	156.315	156.333	156.288	156.314	662	0	21
2025.12.29	13:10:00	156.315	156.343	156.303	156.316	597	0	21
2025.12.29	13:20:00	156.315	156.318	156.281	156.299	421	0	21
2025.12.29	13:30:00	156.299	156.301	156.275	156.278	502	0	21
2025.12.29	13:40:00	156.28	156.351	156.276	156.341	642	0	21
2025.12.29	13:50:00	156.34	156.402	156.339	156.388	779	0	21
2025.12.29	14:00:00	156.388	156.411	156.329	156.339	847	0	21
2025.12.29	14:10:00	156.343	156.354	156.308	156.325	539	0	21
2025.12.29	14:20:00	156.326	156.371	156.299	156.299	754	0	21
2025.12.29	14:30:00	156.3	156.367	156.298	156.337	613	0	21
2025.12.29	14:40:00	156.337	156.396	156.326	156.35	737	0	21
2025.12.29	14:50:00	156.35	156.361	156.298	156.321	671	0	21
2025.12.29	15:00:00	156.321	156.321	156.24	156.297	1116	0	21
2025.12.29	15:10:00	156.296	156.323	156.252	156.304	809	0	21
2025.12.29	15:20:00	156.303	156.355	156.267	156.336	1012	0	21
2025.12.29	15:30:00	156.337	156.352	156.243	156.253	873	0	21
2025.12.29	15:40:00	156.253	156.291	156.227	156.228	1001	0	21
2025.12.29	15:50:00	156.227	156.23	156.183	156.219	1143	0	21
2025.12.29	16:00:00	156.219	156.228	156.119	156.122	1098	0	21
2025.12.29	16:10:00	156.122	156.199	156.107	156.179	669	0	21
2025.12.29	16:20:00	156.18	156.18	156.12	156.13	751	0	21
2025.12.29	16:30:00	156.129	156.144	156.033	156.045	1325	0	21
2025.12.29	16:40:00	156.044	156.097	156.0	156.036	1187	0	21
2025.12.29	16:50:00	156.036	156.146	156.023	156.133	965	0	21
2025.12.29	17:00:00	156.133	156.232	156.096	156.108	1415	0	21
2025.12.29	17:10:00	156.107	156.166	156.073	156.121	1003	0	21
2025.12.29	17:20:00	156.12	156.202	156.116	156.156	1010	0	21
2025.12.29	17:30:00	156.157	156.279	156.148	156.207	1045	0	21
2025.12.29	17:40:00	156.207	156.219	155.993	156.048	1178	0	21
2025.12.29	17:50:00	156.046	156.085	155.905	155.926	1785	0	21
2025.12.29	18:00:00	155.925	156.026	155.919	156.004	1024	0	21
2025.12.29	18:10:00	156.005	156.023	155.922	156.008	608	0	21
2025.12.29	18:20:00	156.007	156.078	155.998	156.074	625	0	21
2025.12.29	18:30:00	156.074	156.09	156.013	156.034	787	0	21
2025.12.29	18:40:00	156.036	156.061	155.998	156.058	572	0	21
2025.12.29	18:50:00	156.058	156.106	156.045	156.094	710	0	21
2025.12.29	19:00:00	156.095	156.115	156.055	156.109	716	0	21
2025.12.29	19:10:00	156.11	156.119	156.069	156.095	840	0	22
2025.12.29	19:20:00	156.097	156.141	156.08	156.104	461	0	21
2025.12.29	19:30:00	156.104	156.134	156.084	156.13	314	0	21
2025.12.29	19:40:00	156.131	156.147	156.117	156.141	268	0	21
2025.12.29	19:50:00	156.142	156.204	156.142	156.174	432	0	21
2025.12.29	20:00:00	156.173	156.203	156.139	156.164	448	0	21
2025.12.29	20:10:00	156.163	156.178	156.125	156.149	321	0	21
2025.12.29	20:20:00	156.151	156.161	156.111	156.149	373	0	21
2025.12.29	20:30:00	156.151	156.21	156.145	156.185	359	0	21
2025.12.29	20:40:00	156.186	156.208	156.175	156.185	357	0	21
2025.12.29	20:50:00	156.186	156.211	156.162	156.209	243	0	21
2025.12.29	21:00:00	156.209	156.236	156.204	156.229	311	0	21
2025.12.29	21:10:00	156.229	156.237	156.182	156.184	273	0	21
2025.12.29	21:20:00	156.184	156.187	156.161	156.186	188	0	21
2025.12.29	21:30:00	156.187	156.188	156.125	156.125	267	0	21
2025.12.29	21:40:00	156.126	156.127	156.08	156.082	283	0	21
2025.12.29	21:50:00	156.083	156.104	155.997	156.024	518	0	21
2025.12.29	22:00:00	156.024	156.037	155.983	156.037	512	0	21
2025.12.29	22:10:00	156.039	156.039	155.975	155.989	407	0	21
2025.12.29	22:20:00	155.99	156.037	155.99	156.034	252	0	21
2025.12.29	22:30:00	156.033	156.061	156.024	156.059	267	0	21
2025.12.29	22:40:00	156.058	156.072	156.045	156.049	304	0	21
2025.12.29	22:50:00	156.05	156.071	156.039	156.058	519	0	21
2025.12.29	23:00:00	156.055	156.074	156.026	156.054	269	0	21
2025.12.29	23:10:00	156.054	156.057	156.023	156.024	125	0	21
2025.12.29	23:20:00	156.015	156.037	155.99	156.02	198	0	21
2025.12.29	23:30:00	156.019	156.035	156.002	156.035	75	0	21
2025.12.29	23:40:00	156.036	156.051	156.023	156.035	133	0	21
2025.12.29	23:50:00	156.035	156.043	156.0	156.022	488	0	22
2025.12.30	00:00:00	156.023	156.023	155.965	155.985	24	0	66
2025.12.30	00:10:00	155.966	156.067	155.965	156.052	177	0	50
2025.12.30	00:20:00	156.054	156.063	155.939	155.961	65	0	48
2025.12.30	00:30:00	155.961	156.044	155.948	156.044	60	0	57
2025.12.30	00:40:00	156.044	156.044	155.954	156.003	164	0	53
2025.12.30	00:50:00	156.004	156.035	156.004	156.017	162	0	52
2025.12.30	01:00:00	156.018	156.046	155.948	155.982	333	0	21
2025.12.30	01:10:00	155.983	156.044	155.972	156.02	264	0	21
2025.12.30	01:20:00	156.02	156.126	156.018	156.119	217	0	21
2025.12.30	01:30:00	156.119	156.119	156.04	156.068	290	0	23
2025.12.30	01:40:00	156.067	156.081	156.006	156.024	384	0	21
2025.12.30	01:50:00	156.022	156.071	155.977	155.979	482	0	21
2025.12.30	02:00:00	155.982	156.106	155.915	155.997	1235	0	21
2025.12.30	02:10:00	155.997	156.091	155.994	156.032	575	0	21
2025.12.30	02:20:00	156.033	156.059	155.981	156.045	650	0	21
2025.12.30	02:30:00	156.044	156.108	156.019	156.071	660	0	21
2025.12.30	02:40:00	156.078	156.213	156.068	156.192	808	0	21
2025.12.30	02:50:00	156.191	156.315	156.191	156.248	1665	0	21
2025.12.30	03:00:00	156.247	156.314	156.238	156.273	691	0	21
2025.12.30	03:10:00	156.275	156.289	156.222	156.249	500	0	21
2025.12.30	03:20:00	156.25	156.298	156.246	156.279	691	0	21
2025.12.30	03:30:00	156.278	156.293	156.242	156.277	689	0	21
2025.12.30	03:40:00	156.278	156.281	156.24	156.244	751	0	21
2025.12.30	03:50:00	156.243	156.262	156.2	156.209	456	0	21
2025.12.30	04:00:00	156.209	156.228	156.143	156.225	667	0	21
2025.12.30	04:10:00	156.225	156.292	156.2	156.283	632	0	21
2025.12.30	04:20:00	156.283	156.327	156.234	156.313	499	0	21
2025.12.30	04:30:00	156.313	156.316	156.254	156.262	587	0	21
2025.12.30	04:40:00	156.262	156.297	156.255	156.289	483	0	21
2025.12.30	04:50:00	156.289	156.313	156.263	156.294	571	0	22
2025.12.30	05:00:00	156.294	156.32	156.271	156.312	317	0	21
2025.12.30	05:10:00	156.311	156.322	156.293	156.294	205	0	21
2025.12.30	05:20:00	156.295	156.309	156.274	156.275	299	0	21
2025.12.30	05:30:00	156.274	156.274	156.225	156.249	290	0	22
2025.12.30	05:40:00	156.251	156.263	156.236	156.239	264	0	21
2025.12.30	05:50:00	156.244	156.257	156.203	156.256	288	0	22
2025.12.30	06:00:00	156.259	156.275	156.249	156.259	441	0	21
2025.12.30	06:10:00	156.258	156.271	156.231	156.233	324	0	22
2025.12.30	06:20:00	156.234	156.235	156.198	156.206	269	0	21
2025.12.30	06:30:00	156.205	156.207	156.153	156.157	296	0	22
2025.12.30	06:40:00	156.158	156.164	156.095	156.097	314	0	21
2025.12.30	06:50:00	156.098	156.108	156.039	156.071	586	0	21
2025.12.30	07:00:00	156.071	156.071	156.001	156.035	582	0	21
2025.12.30	07:10:00	156.035	156.085	156.033	156.068	397	0	21
2025.12.30	07:20:00	156.068	156.089	156.039	156.039	421	0	21
2025.12.30	07:30:00	156.039	156.085	156.01	156.024	594	0	21
2025.12.30	07:40:00	156.027	156.065	156.018	156.024	580	0	21
2025.12.30	07:50:00	156.021	156.092	156.015	156.03	595	0	21
2025.12.30	08:00:00	156.032	156.053	155.998	156.026	642	0	21
2025.12.30	08:10:00	156.025	156.034	155.927	155.958	598	0	21
2025.12.30	08:20:00	155.957	156.022	155.941	156.019	466	0	21
2025.12.30	08:30:00	156.02	156.086	156.004	156.024	670	0	21
2025.12.30	08:40:00	156.025	156.036	155.957	156.025	589	0	21
2025.12.30	08:50:00	156.024	156.058	156.018	156.027	488	0	21
2025.12.30	09:00:00	156.024	156.041	155.983	156.023	750	0	21
2025.12.30	09:10:00	156.022	156.032	155.974	156.001	615	0	21
2025.12.30	09:20:00	156.0	156.096	156.0	156.047	598	0	21
2025.12.30	09:30:00	156.046	156.054	155.962	155.969	505	0	21
2025.12.30	09:40:00	155.968	156.0	155.907	155.927	604	0	22
2025.12.30	09:50:00	155.928	156.001	155.925	155.97	515	0	21
2025.12.30	10:00:00	155.965	156.014	155.87	155.99	997	0	21
2025.12.30	10:10:00	155.99	156.002	155.901	155.926	772	0	21
2025.12.30	10:20:00	155.925	155.95	155.85	155.877	764	0	21
2025.12.30	10:30:00	155.876	155.922	155.844	155.916	663	0	21
2025.12.30	10:40:00	155.915	155.941	155.876	155.94	484	0	21
2025.12.30	10:50:00	155.941	155.971	155.909	155.97	563	0	21
2025.12.30	11:00:00	155.971	155.998	155.925	155.925	724	0	21
2025.12.30	11:10:00	155.926	155.935	155.857	155.904	703	0	21
2025.12.30	11:20:00	155.905	155.926	155.874	155.909	629	0	21
2025.12.30	11:30:00	155.908	155.963	155.896	155.952	653	0	21
2025.12.30	11:40:00	155.952	155.963	155.895	155.913	573	0	21
2025.12.30	11:50:00	155.913	155.917	155.878	155.912	657	0	21
2025.12.30	12:00:00	155.916	155.919	155.815	155.84	794	0	21
2025.12.30	12:10:00	155.839	155.858	155.824	155.843	447	0	21
2025.12.30	12:20:00	155.842	155.855	155.823	155.848	461	0	21
2025.12.30	12:30:00	155.847	155.854	155.755	155.76	647	0	21
2025.12.30	12:40:00	155.76	155.822	155.732	155.795	580	0	21
2025.12.30	12:50:00	155.796	155.843	155.763	155.84	534	0	21
2025.12.30	13:00:00	155.841	155.859	155.813	155.83	499	0	21
2025.12.30	13:10:00	155.83	155.846	155.816	155.835	367	0	21
2025.12.30	13:20:00	155.835	155.858	155.823	155.856	455	0	21
2025.12.30	13:30:00	155.855	155.878	155.827	155.867	438	0	22
2025.12.30	13:40:00	155.868	155.936	155.865	155.923	640	0	21
2025.12.30	13:50:00	155.924	155.925	155.86	155.88	723	0	21
2025.12.30	14:00:00	155.879	155.939	155.873	155.923	720	0	21
2025.12.30	14:10:00	155.922	155.951	155.895	155.941	529	0	21
2025.12.30	14:20:00	155.946	156.001	155.941	155.962	570	0	21
2025.12.30	14:30:00	155.961	155.976	155.939	155.949	534	0	21
2025.12.30	14:40:00	155.953	155.985	155.945	155.971	512	0	21
2025.12.30	14:50:00	155.97	155.972	155.933	155.939	581	0	23
2025.12.30	15:00:00	155.942	156.023	155.934	156.022	619	0	21
2025.12.30	15:10:00	156.022	156.131	156.022	156.099	731	0	21
2025.12.30	15:20:00	156.099	156.128	156.077	156.126	921	0	21
2025.12.30	15:30:00	156.125	156.139	156.073	156.092	848	0	21
2025.12.30	15:40:00	156.091	156.125	156.088	156.116	824	0	21
2025.12.30	15:50:00	156.116	156.2	156.101	156.184	822	0	21
2025.12.30	16:00:00	156.184	156.21	156.113	156.114	682	0	21
2025.12.30	16:10:00	156.115	156.191	156.111	156.17	588	0	21
2025.12.30	16:20:00	156.168	156.25	156.163	156.226	397	0	21
2025.12.30	16:30:00	156.226	156.299	156.226	156.256	637	0	21
2025.12.30	16:40:00	156.259	156.293	156.234	156.29	589	0	21
2025.12.30	16:50:00	156.29	156.308	156.221	156.26	1109	0	21
2025.12.30	17:00:00	156.26	156.358	156.26	156.321	1253	0	21
2025.12.30	17:10:00	156.32	156.425	156.282	156.406	1193	0	21
2025.12.30	17:20:00	156.406	156.48	156.404	156.477	701	0	21
2025.12.30	17:30:00	156.476	156.49	156.419	156.463	744	0	21
2025.12.30	17:40:00	156.462	156.554	156.455	156.53	1069	0	21
2025.12.30	17:50:00	156.531	156.532	156.311	156.317	1336	0	21
2025.12.30	18:00:00	156.314	156.361	156.296	156.354	848	0	21
2025.12.30	18:10:00	156.354	156.357	156.229	156.257	703	0	21
2025.12.30	18:20:00	156.255	156.276	156.213	156.263	613	0	21
2025.12.30	18:30:00	156.263	156.271	156.225	156.257	552	0	21
2025.12.30	18:40:00	156.256	156.27	156.229	156.241	306	0	21
2025.12.30	18:50:00	156.24	156.263	156.235	156.249	407	0	21
2025.12.30	19:00:00	156.25	156.325	156.234	156.316	319	0	21
2025.12.30	19:10:00	156.316	156.388	156.314	156.386	316	0	21
2025.12.30	19:20:00	156.386	156.395	156.349	156.362	371	0	21
2025.12.30	19:30:00	156.362	156.386	156.34	156.355	350	0	21
2025.12.30	19:40:00	156.354	156.363	156.336	156.354	385	0	21
2025.12.30	19:50:00	156.353	156.362	156.316	156.323	509	0	21
2025.12.30	20:00:00	156.323	156.34	156.297	156.321	664	0	21
2025.12.30	20:10:00	156.322	156.333	156.31	156.324	334	0	21
2025.12.30	20:20:00	156.325	156.355	156.324	156.331	380	0	21
2025.12.30	20:30:00	156.331	156.378	156.33	156.374	349	0	21
2025.12.30	20:40:00	156.374	156.405	156.365	156.393	275	0	21
2025.12.30	20:50:00	156.392	156.419	156.371	156.385	322	0	21
2025.12.30	21:00:00	156.384	156.46	156.378	156.418	473	0	21
2025.12.30	21:10:00	156.417	156.422	156.38	156.384	437	0	21
2025.12.30	21:20:00	156.383	156.392	156.366	156.369	320	0	21
2025.12.30	21:30:00	156.37	156.427	156.364	156.414	368	0	21
2025.12.30	21:40:00	156.414	156.474	156.389	156.468	441	0	21
2025.12.30	21:50:00	156.468	156.513	156.449	156.487	627	0	21
2025.12.30	22:00:00	156.485	156.485	156.44	156.453	472	0	21
2025.12.30	22:10:00	156.452	156.453	156.423	156.441	462	0	21
2025.12.30	22:20:00	156.441	156.449	156.417	156.442	397	0	21
2025.12.30	22:30:00	156.448	156.453	156.43	156.441	269	0	21
2025.12.30	22:40:00	156.441	156.453	156.426	156.429	289	0	21
2025.12.30	22:50:00	156.429	156.489	156.424	156.454	381	0	21
2025.12.30	23:00:00	156.453	156.456	156.391	156.414	323	0	21
2025.12.30	23:10:00	156.41	156.422	156.4	156.418	170	0	21
2025.12.30	23:20:00	156.417	156.436	156.404	156.405	153	0	22
2025.12.30	23:30:00	156.404	156.43	156.403	156.424	70	0	21
2025.12.30	23:40:00	156.426	156.426	156.395	156.4	274	0	24
2025.12.30	23:50:00	156.4	156.422	156.372	156.372	470	0	24
2025.12.31	00:00:00	156.372	156.372	156.258	156.325	29	0	65
2025.12.31	00:10:00	156.323	156.336	156.306	156.334	35	0	86
2025.12.31	00:20:00	156.333	156.345	156.329	156.336	32	0	84
2025.12.31	00:30:00	156.338	156.346	156.335	156.346	51	0	69
2025.12.31	00:40:00	156.347	156.368	156.347	156.363	286	0	48
2025.12.31	00:50:00	156.361	156.364	156.343	156.344	79	0	49
2025.12.31	01:00:00	156.346	156.361	156.317	156.351	110	0	28
2025.12.31	01:10:00	156.35	156.366	156.338	156.363	87	0	25
2025.12.31	01:20:00	156.366	156.394	156.362	156.387	106	0	25
2025.12.31	01:30:00	156.388	156.422	156.377	156.412	130	0	27
2025.12.31	01:40:00	156.411	156.452	156.411	156.44	191	0	23
2025.12.31	01:50:00	156.441	156.441	156.387	156.387	245	0	22
2025.12.31	02:00:00	156.386	156.394	156.318	156.353	523	0	21
2025.12.31	02:10:00	156.353	156.421	156.341	156.405	283	0	23
2025.12.31	02:20:00	156.406	156.437	156.387	156.388	386	0	21
2025.12.31	02:30:00	156.388	156.449	156.387	156.439	391	0	23
2025.12.31	02:40:00	156.437	156.454	156.409	156.428	309	0	21
2025.12.31	02:50:00	156.428	156.438	156.338	156.38	567	0	21
2025.12.31	03:00:00	156.38	156.441	156.345	156.382	585	0	21
2025.12.31	03:10:00	156.381	156.402	156.368	156.378	397	0	21
2025.12.31	03:20:00	156.378	156.394	156.342	156.366	265	0	21
2025.12.31	03:30:00	156.366	156.403	156.351	156.369	328	0	21
2025.12.31	03:40:00	156.369	156.405	156.363	156.388	434	0	21
2025.12.31	03:50:00	156.385	156.427	156.354	156.42	615	0	21
2025.12.31	04:00:00	156.421	156.452	156.414	156.438	564	0	21
2025.12.31	04:10:00	156.439	156.475	156.428	156.438	256	0	22
2025.12.31	04:20:00	156.437	156.442	156.412	156.438	308	0	22
2025.12.31	04:30:00	156.437	156.454	156.424	156.439	328	0	22
2025.12.31	04:40:00	156.44	156.465	156.414	156.451	500	0	22
2025.12.31	04:50:00	156.452	156.481	156.451	156.472	492	0	21
2025.12.31	05:00:00	156.47	156.473	156.437	156.45	287	0	21
2025.12.31	05:10:00	156.449	156.474	156.436	156.463	250	0	22
2025.12.31	05:20:00	156.464	156.473	156.451	156.461	417	0	21
2025.12.31	05:30:00	156.461	156.466	156.451	156.462	294	0	23
2025.12.31	05:40:00	156.463	156.484	156.462	156.477	246	0	22
2025.12.31	05:50:00	156.478	156.482	156.458	156.482	232	0	21
2025.12.31	06:00:00	156.481	156.511	156.481	156.501	377	0	21
2025.12.31	06:10:00	156.5	156.547	156.49	156.545	404	0	22
2025.12.31	06:20:00	156.547	156.563	156.52	156.529	476	0	21
2025.12.31	06:30:00	156.529	156.545	156.519	156.538	169	0	23
2025.12.31	06:40:00	156.538	156.573	156.537	156.571	291	0	25
2025.12.31	06:50:00	156.572	156.626	156.571	156.599	513	0	21
2025.12.31	07:00:00	156.599	156.604	156.57	156.58	329	0	22
2025.12.31	07:10:00	156.58	156.619	156.58	156.604	166	0	22
2025.12.31	07:20:00	156.604	156.609	156.578	156.58	199	0	24
2025.12.31	07:30:00	156.581	156.603	156.574	156.58	181	0	23
2025.12.31	07:40:00	156.58	156.586	156.537	156.558	232	0	23
2025.12.31	07:50:00	156.558	156.591	156.554	156.58	320	0	21
2025.12.31	08:00:00	156.58	156.629	156.578	156.617	530	0	21
2025.12.31	08:10:00	156.618	156.641	156.613	156.621	303	0	21
2025.12.31	08:20:00	156.622	156.625	156.604	156.605	358	0	21
2025.12.31	08:30:00	156.606	156.613	156.57	156.576	276	0	21
2025.12.31	08:40:00	156.576	156.593	156.575	156.579	248	0	23
2025.12.31	08:50:00	156.58	156.606	156.58	156.601	365	0	21
2025.12.31	09:00:00	156.601	156.621	156.573	156.618	651	0	21
2025.12.31	09:10:00	156.618	156.634	156.594	156.613	560	0	21
2025.12.31	09:20:00	156.612	156.618	156.583	156.605	384	0	21
2025.12.31	09:30:00	156.604	156.629	156.573	156.592	491	0	21
2025.12.31	09:40:00	156.592	156.601	156.559	156.572	428	0	21
2025.12.31	09:50:00	156.573	156.597	156.555	156.556	440	0	22
2025.12.31	10:00:00	156.555	156.58	156.529	156.548	619	0	21
2025.12.31	10:10:00	156.549	156.552	156.507	156.527	374	0	21
2025.12.31	10:20:00	156.526	156.575	156.522	156.559	578	0	21
2025.12.31	10:30:00	156.558	156.571	156.495	156.52	505	0	21
2025.12.31	10:40:00	156.52	156.582	156.513	156.582	376	0	21
2025.12.31	10:50:00	156.582	156.597	156.563	156.583	607	0	21
2025.12.31	11:00:00	156.584	156.608	156.572	156.602	721	0	21
2025.12.31	11:10:00	156.602	156.618	156.585	156.608	387	0	22
2025.12.31	11:20:00	156.607	156.607	156.545	156.585	543	0	22
2025.12.31	11:30:00	156.584	156.603	156.565	156.575	348	0	21
2025.12.31	11:40:00	156.574	156.597	156.567	156.591	415	0	21
2025.12.31	11:50:00	156.59	156.639	156.581	156.619	700	0	21
2025.12.31	12:00:00	156.618	156.645	156.597	156.64	468	0	21
2025.12.31	12:10:00	156.638	156.662	156.636	156.66	706	0	21
2025.12.31	12:20:00	156.66	156.66	156.633	156.634	263	0	21
2025.12.31	12:30:00	156.634	156.637	156.584	156.601	412	0	21
2025.12.31	12:40:00	156.6	156.638	156.599	156.612	302	0	21
2025.12.31	12:50:00	156.613	156.649	156.598	156.644	517	0	21
2025.12.31	13:00:00	156.645	156.664	156.635	156.648	394	0	21
2025.12.31	13:10:00	156.647	156.648	156.62	156.645	443	0	21
2025.12.31	13:20:00	156.644	156.65	156.624	156.635	333	0	21
2025.12.31	13:30:00	156.636	156.649	156.62	156.639	447	0	21
2025.12.31	13:40:00	156.638	156.65	156.623	156.643	311	0	21
2025.12.31	13:50:00	156.643	156.649	156.595	156.599	434	0	22
2025.12.31	14:00:00	156.598	156.599	156.541	156.592	647	0	21
2025.12.31	14:10:00	156.592	156.604	156.554	156.598	498	0	21
2025.12.31	14:20:00	156.598	156.602	156.578	156.602	563	0	21
2025.12.31	14:30:00	156.607	156.625	156.593	156.599	553	0	21
2025.12.31	14:40:00	156.6	156.632	156.596	156.625	814	0	21
2025.12.31	14:50:00	156.626	156.627	156.581	156.589	823	0	21
2025.12.31	15:00:00	156.59	156.657	156.576	156.645	1028	0	21
2025.12.31	15:10:00	156.646	156.659	156.609	156.611	668	0	21
2025.12.31	15:20:00	156.61	156.659	156.605	156.638	667	0	21
2025.12.31	15:30:00	156.64	156.79	156.637	156.768	1353	0	21
2025.12.31	15:40:00	156.768	156.788	156.745	156.779	972	0	21
2025.12.31	15:50:00	156.78	156.822	156.761	156.801	948	0	22
2025.12.31	16:00:00	156.802	156.931	156.789	156.891	986	0	21
2025.12.31	16:10:00	156.893	156.928	156.877	156.893	875	0	21
2025.12.31	16:20:00	156.892	156.935	156.892	156.92	900	0	21
2025.12.31	16:30:00	156.92	156.934	156.838	156.916	1142	0	21
2025.12.31	16:40:00	156.915	156.923	156.831	156.88	1081	0	21
2025.12.31	16:50:00	156.88	156.935	156.878	156.914	1044	0	21
2025.12.31	17:00:00	156.915	156.977	156.91	156.977	1038	0	21
2025.12.31	17:10:00	156.978	156.983	156.912	156.929	884	0	21
2025.12.31	17:20:00	156.929	156.94	156.901	156.927	1061	0	21
2025.12.31	17:30:00	156.926	156.926	156.848	156.879	1337	0	21
2025.12.31	17:40:00	156.881	156.933	156.838	156.907	883	0	21
2025.12.31	17:50:00	156.906	156.911	156.704	156.732	2129	0	21
2025.12.31	18:00:00	156.731	156.737	156.633	156.682	1587	0	21
2025.12.31	18:10:00	156.682	156.755	156.682	156.699	760	0	22
2025.12.31	18:20:00	156.698	156.796	156.695	156.772	727	0	21
2025.12.31	18:30:00	156.772	156.822	156.772	156.784	821	0	22
2025.12.31	18:40:00	156.785	156.833	156.783	156.827	585	0	21
2025.12.31	18:50:00	156.826	156.834	156.793	156.801	750	0	22
2025.12.31	19:00:00	156.798	156.831	156.752	156.772	793	0	21
2025.12.31	19:10:00	156.773	156.817	156.773	156.789	742	0	22
2025.12.31	19:20:00	156.79	156.801	156.757	156.79	652	0	21
2025.12.31	19:30:00	156.798	156.828	156.793	156.811	488	0	24
2025.12.31	19:40:00	156.811	156.817	156.76	156.778	618	0	21
2025.12.31	19:50:00	156.778	156.845	156.768	156.814	875	0	22
2026.01.02	08:00:00	156.901	156.956	156.899	156.943	395	0	21
2026.01.02	08:10:00	156.942	156.943	156.899	156.918	365	0	21
2026.01.02	08:20:00	156.921	156.953	156.918	156.943	290	0	21
2026.01.02	08:30:00	156.937	156.982	156.933	156.975	321	0	21
2026.01.02	08:40:00	156.976	156.983	156.969	156.972	309	0	21
2026.01.02	08:50:00	156.972	156.981	156.943	156.945	459	0	21
2026.01.02	09:00:00	156.946	156.982	156.898	156.925	821	0	21
2026.01.02	09:10:00	156.924	156.939	156.885	156.897	614	0	21
2026.01.02	09:20:00	156.899	156.912	156.87	156.882	671	0	21
2026.01.02	09:30:00	156.882	156.89	156.824	156.825	735	0	21
2026.01.02	09:40:00	156.824	156.884	156.819	156.834	602	0	21
2026.01.02	09:50:00	156.835	156.863	156.825	156.848	601	0	21
2026.01.02	10:00:00	156.849	156.973	156.808	156.962	995	0	21
2026.01.02	10:10:00	156.962	156.984	156.929	156.978	648	0	21
2026.01.02	10:20:00	156.978	156.986	156.947	156.968	730	0	21
2026.01.02	10:30:00	156.969	156.97	156.901	156.916	672	0	21
2026.01.02	10:40:00	156.917	156.937	156.894	156.895	454	0	21
2026.01.02	10:50:00	156.895	156.922	156.861	156.867	729	0	22
2026.01.02	11:00:00	156.866	156.9	156.821	156.839	819	0	21
2026.01.02	11:10:00	156.841	156.861	156.787	156.79	1181	0	21
2026.01.02	11:20:00	156.789	156.825	156.756	156.81	758	0	21
2026.01.02	11:30:00	156.809	156.843	156.782	156.842	362	0	21
2026.01.02	11:40:00	156.842	156.851	156.79	156.828	446	0	21
2026.01.02	11:50:00	156.839	156.905	156.836	156.902	362	0	21
2026.01.02	12:00:00	156.901	156.914	156.881	156.89	767	0	21
2026.01.02	12:10:00	156.891	156.914	156.86	156.875	482	0	21
2026.01.02	12:20:00	156.875	156.875	156.79	156.853	640	0	22
2026.01.02	12:30:00	156.853	156.858	156.814	156.854	278	0	21
2026.01.02	12:40:00	156.855	156.866	156.841	156.85	254	0	21
2026.01.02	12:50:00	156.852	156.862	156.804	156.83	416	0	22
2026.01.02	13:00:00	156.83	156.84	156.812	156.82	252	0	22
2026.01.02	13:10:00	156.819	156.885	156.819	156.877	403	0	21
2026.01.02	13:20:00	156.877	156.902	156.853	156.853	260	0	21
2026.01.02	13:30:00	156.853	156.914	156.851	156.912	404	0	21
2026.01.02	13:40:00	156.915	156.922	156.886	156.905	363	0	21
2026.01.02	13:50:00	156.906	156.936	156.905	156.909	382	0	21
2026.01.02	14:00:00	156.909	156.909	156.873	156.875	323	0	21
2026.01.02	14:10:00	156.875	156.93	156.86	156.928	385	0	22
2026.01.02	14:20:00	156.927	156.928	156.885	156.896	369	0	21
2026.01.02	14:30:00	156.898	156.97	156.896	156.963	429	0	21
2026.01.02	14:40:00	156.963	156.989	156.948	156.967	424	0	21
2026.01.02	14:50:00	156.966	156.969	156.928	156.928	302	0	22
2026.01.02	15:00:00	156.929	156.948	156.856	156.91	650	0	21
2026.01.02	15:10:00	156.912	156.912	156.819	156.82	728	0	21
2026.01.02	15:20:00	156.821	156.882	156.821	156.873	830	0	22
2026.01.02	15:30:00	156.872	156.936	156.869	156.908	741	0	21
2026.01.02	15:40:00	156.908	156.913	156.836	156.876	441	0	21
2026.01.02	15:50:00	156.879	156.931	156.862	156.895	626	0	21
2026.01.02	16:00:00	156.895	156.908	156.866	156.876	708	0	21
2026.01.02	16:10:00	156.877	156.902	156.848	156.877	371	0	21
2026.01.02	16:20:00	156.876	156.881	156.812	156.828	646	0	21
2026.01.02	16:30:00	156.825	156.874	156.81	156.858	1077	0	21
2026.01.02	16:40:00	156.859	156.863	156.796	156.799	876	0	21
2026.01.02	16:50:00	156.802	156.874	156.798	156.84	863	0	21
2026.01.02	17:00:00	156.841	156.881	156.649	156.714	1396	0	21
2026.01.02	17:10:00	156.713	156.744	156.677	156.713	934	0	21
2026.01.02	17:20:00	156.713	156.716	156.635	156.682	1202	0	21
2026.01.02	17:30:00	156.682	156.731	156.669	156.683	1079	0	21
2026.01.02	17:40:00	156.682	156.706	156.603	156.617	973	0	21
2026.01.02	17:50:00	156.617	156.631	156.55	156.579	1329	0	21
2026.01.02	18:00:00	156.579	156.617	156.551	156.595	1286	0	21
2026.01.02	18:10:00	156.596	156.667	156.581	156.619	914	0	21
2026.01.02	18:20:00	156.619	156.648	156.594	156.629	855	0	21
2026.01.02	18:30:00	156.63	156.689	156.626	156.669	621	0	21
2026.01.02	18:40:00	156.67	156.735	156.666	156.729	591	0	21
2026.01.02	18:50:00	156.728	156.758	156.712	156.713	597	0	21
2026.01.02	19:00:00	156.712	156.747	156.71	156.737	533	0	21
2026.01.02	19:10:00	156.737	156.762	156.718	156.735	467	0	21
2026.01.02	19:20:00	156.734	156.764	156.721	156.725	408	0	21
2026.01.02	19:30:00	156.725	156.735	156.696	156.728	433	0	21
2026.01.02	19:40:00	156.728	156.748	156.723	156.738	474	0	22
2026.01.02	19:50:00	156.738	156.771	156.738	156.759	416	0	21
2026.01.02	20:00:00	156.758	156.812	156.752	156.806	309	0	21
2026.01.02	20:10:00	156.807	156.857	156.807	156.848	462	0	21
2026.01.02	20:20:00	156.848	156.883	156.845	156.868	358	0	21
2026.01.02	20:30:00	156.867	156.927	156.867	156.909	579	0	21
2026.01.02	20:40:00	156.91	156.921	156.878	156.91	512	0	21
2026.01.02	20:50:00	156.91	156.937	156.876	156.881	589	0	21
2026.01.02	21:00:00	156.879	156.919	156.877	156.905	514	0	21
2026.01.02	21:10:00	156.904	156.936	156.902	156.912	391	0	21
2026.01.02	21:20:00	156.912	156.945	156.91	156.926	394	0	21
2026.01.02	21:30:00	156.926	156.935	156.905	156.914	437	0	21
2026.01.02	21:40:00	156.912	156.92	156.885	156.892	350	0	21
2026.01.02	21:50:00	156.891	156.893	156.834	156.845	535	0	21
2026.01.02	22:00:00	156.845	156.899	156.834	156.87	611	0	21
2026.01.02	22:10:00	156.87	156.87	156.845	156.858	436	0	21
2026.01.02	22:20:00	156.858	156.872	156.85	156.869	553	0	23
2026.01.02	22:30:00	156.869	156.887	156.838	156.846	644	0	21
2026.01.02	22:40:00	156.845	156.867	156.836	156.866	489	0	21
2026.01.02	22:50:00	156.866	156.878	156.856	156.865	548	0	21
2026.01.02	23:00:00	156.865	156.878	156.804	156.819	362	0	21
2026.01.02	23:10:00	156.818	156.831	156.81	156.818	115	0	22
2026.01.02	23:20:00	156.819	156.83	156.802	156.808	177	0	22
2026.01.02	23:30:00	156.807	156.836	156.799	156.832	109	0	24
2026.01.02	23:40:00	156.83	156.858	156.82	156.855	189	0	24
2026.01.02	23:50:00	156.855	156.858	156.821	156.854	730	0	26
2026.01.05	00:00:00	156.688	156.727	156.688	156.716	34	0	74
2026.01.05	00:10:00	156.718	156.768	156.716	156.733	65	0	65
2026.01.05	00:20:00	156.736	156.752	156.731	156.747	126	0	115
2026.01.05	00:30:00	156.744	156.77	156.727	156.735	334	0	49
2026.01.05	00:40:00	156.736	156.739	156.726	156.732	141	0	43
2026.01.05	00:50:00	156.733	156.733	156.681	156.718	443	0	46
2026.01.05	01:00:00	156.719	156.843	156.717	156.766	422	0	21
2026.01.05	01:10:00	156.766	156.767	156.705	156.743	300	0	21
2026.01.05	01:20:00	156.743	156.828	156.743	156.816	214	0	22
2026.01.05	01:30:00	156.817	156.931	156.816	156.902	443	0	21
2026.01.05	01:40:00	156.902	156.987	156.899	156.921	709	0	21
2026.01.05	01:50:00	156.919	157.001	156.905	156.987	707	0	21
2026.01.05	02:00:00	156.988	157.104	156.908	157.071	1437	0	21
2026.01.05	02:10:00	157.07	157.153	157.047	157.132	1190	0	21
2026.01.05	02:20:00	157.132	157.146	157.057	157.109	936	0	21
2026.01.05	02:30:00	157.109	157.191	157.095	157.181	915	0	21
2026.01.05	02:40:00	157.182	157.209	157.158	157.171	728	0	21
2026.01.05	02:50:00	157.17	157.24	157.109	157.138	1337	0	21
2026.01.05	03:00:00	157.139	157.171	157.095	157.117	1246	0	21
2026.01.05	03:10:00	157.118	157.125	157.024	157.038	972	0	21
2026.01.05	03:20:00	157.039	157.158	157.015	157.155	991	0	21
2026.01.05	03:30:00	157.155	157.166	157.095	157.095	887	0	21
2026.01.05	03:40:00	157.095	157.109	156.928	156.979	1187	0	21
2026.01.05	03:50:00	156.98	157.067	156.95	157.004	990	0	21
2026.01.05	04:00:00	157.003	157.065	156.999	157.048	950	0	21
2026.01.05	04:10:00	157.049	157.054	156.94	157.039	840	0	21
2026.01.05	04:20:00	157.04	157.136	157.037	157.11	582	0	21
2026.01.05	04:30:00	157.118	157.188	157.118	157.181	604	0	21
2026.01.05	04:40:00	157.18	157.194	157.12	157.132	680	0	21
2026.01.05	04:50:00	157.132	157.142	157.103	157.135	329	0	21
2026.01.05	05:00:00	157.137	157.193	157.118	157.166	694	0	21
2026.01.05	05:10:00	157.167	157.19	157.117	157.118	412	0	21
2026.01.05	05:20:00	157.119	157.205	157.118	157.198	477	0	21
2026.01.05	05:30:00	157.198	157.225	157.155	157.169	618	0	21
2026.01.05	05:40:00	157.168	157.201	157.154	157.179	266	0	21
2026.01.05	05:50:00	157.179	157.22	157.155	157.219	382	0	21
2026.01.05	06:00:00	157.22	157.261	157.22	157.256	583	0	21
2026.01.05	06:10:00	157.257	157.284	157.235	157.239	508	0	21
2026.01.05	06:20:00	157.237	157.279	157.235	157.276	239	0	21
2026.01.05	06:30:00	157.276	157.285	157.21	157.23	301	0	21
2026.01.05	06:40:00	157.229	157.25	157.214	157.225	312	0	21
2026.01.05	06:50:00	157.224	157.271	157.224	157.269	216	0	21
2026.01.05	07:00:00	157.269	157.281	157.219	157.222	492	0	21
2026.01.05	07:10:00	157.223	157.23	157.192	157.199	427	0	22
2026.01.05	07:20:00	157.198	157.214	157.172	157.179	304	0	21
2026.01.05	07:30:00	157.178	157.178	157.112	157.144	416	0	21
2026.01.05	07:40:00	157.144	157.148	157.103	157.147	382	0	21
2026.01.05	07:50:00	157.146	157.185	157.145	157.171	526	0	21
2026.01.05	08:00:00	157.174	157.222	157.133	157.196	472	0	21
2026.01.05	08:10:00	157.196	157.209	157.145	157.169	524	0	21
2026.01.05	08:20:00	157.17	157.171	157.1	157.102	467	0	21
2026.01.05	08:30:00	157.102	157.11	157.008	157.035	785	0	21
2026.01.05	08:40:00	157.035	157.067	157.023	157.05	527	0	21
2026.01.05	08:50:00	157.049	157.08	157.004	157.019	480	0	21
2026.01.05	09:00:00	157.019	157.034	156.974	156.989	839	0	21
2026.01.05	09:10:00	156.988	157.019	156.963	156.999	614	0	21
2026.01.05	09:20:00	156.998	157.025	156.964	157.017	418	0	21
2026.01.05	09:30:00	157.017	157.056	156.969	156.991	522	0	21
2026.01.05	09:40:00	156.99	157.07	156.967	157.062	534	0	21
2026.01.05	09:50:00	157.063	157.066	156.968	156.979	635	0	21
2026.01.05	10:00:00	156.979	157.029	156.892	156.97	1207	0	21
2026.01.05	10:10:00	156.971	157.006	156.803	156.809	975	0	21
2026.01.05	10:20:00	156.81	156.851	156.696	156.704	1173	0	21
2026.01.05	10:30:00	156.704	156.848	156.676	156.829	1141	0	21
2026.01.05	10:40:00	156.828	156.871	156.788	156.83	972	0	21
2026.01.05	10:50:00	156.831	156.863	156.798	156.821	710	0	21
2026.01.05	11:00:00	156.818	156.853	156.771	156.818	854	0	21
2026.01.05	11:10:00	156.817	156.867	156.782	156.832	885	0	21
2026.01.05	11:20:00	156.832	156.839	156.782	156.821	809	0	21
2026.01.05	11:30:00	156.821	156.896	156.814	156.881	769	0	21
2026.01.05	11:40:00	156.882	156.988	156.88	156.968	907	0	21
2026.01.05	11:50:00	156.967	156.98	156.912	156.915	816	0	21
2026.01.05	12:00:00	156.914	156.927	156.829	156.838	888	0	21
2026.01.05	12:10:00	156.837	156.867	156.77	156.77	732	0	21
2026.01.05	12:20:00	156.771	156.786	156.73	156.757	739	0	21
2026.01.05	12:30:00	156.758	156.76	156.685	156.722	764	0	21
2026.01.05	12:40:00	156.722	156.736	156.597	156.603	702	0	21
2026.01.05	12:50:00	156.603	156.617	156.561	156.591	1104	0	21
2026.01.05	13:00:00	156.591	156.591	156.52	156.53	1029	0	21
2026.01.05	13:10:00	156.529	156.597	156.523	156.547	850	0	21
2026.01.05	13:20:00	156.547	156.617	156.534	156.604	769	0	21
2026.01.05	13:30:00	156.605	156.614	156.554	156.601	675	0	21
2026.01.05	13:40:00	156.602	156.634	156.575	156.625	563	0	21
2026.01.05	13:50:00	156.626	156.649	156.582	156.61	641	0	21
2026.01.05	14:00:00	156.612	156.612	156.542	156.577	575	0	21
2026.01.05	14:10:00	156.576	156.603	156.544	156.592	513	0	21
2026.01.05	14:20:00	156.593	156.605	156.528	156.535	702	0	21
2026.01.05	14:30:00	156.535	156.543	156.455	156.541	780	0	21
2026.01.05	14:40:00	156.541	156.642	156.528	156.629	862	0	21
2026.01.05	14:50:00	156.63	156.674	156.614	156.636	1038	0	21
2026.01.05	15:00:00	156.635	156.837	156.631	156.823	1592	0	21
2026.01.05	15:10:00	156.823	156.873	156.793	156.814	1332	0	21
2026.01.05	15:20:00	156.814	156.915	156.809	156.902	1039	0	21
2026.01.05	15:30:00	156.904	156.957	156.88	156.955	1259	0	21
2026.01.05	15:40:00	156.955	156.965	156.907	156.909	777	0	21
2026.01.05	15:50:00	156.911	156.926	156.799	156.815	1176	0	21
2026.01.05	16:00:00	156.814	156.843	156.731	156.745	931	0	21
2026.01.05	16:10:00	156.745	156.745	156.695	156.721	731	0	21
2026.01.05	16:20:00	156.721	156.786	156.696	156.762	956	0	21
2026.01.05	16:30:00	156.761	156.839	156.69	156.715	1779	0	21
2026.01.05	16:40:00	156.719	156.802	156.706	156.735	1707	0	21
2026.01.05	16:50:00	156.735	156.763	156.697	156.736	1163	0	21
2026.01.05	17:00:00	156.713	156.737	156.579	156.633	1585	0	21
2026.01.05	17:10:00	156.634	156.694	156.631	156.671	1365	0	21
2026.01.05	17:20:00	156.67	156.67	156.553	156.597	1397	0	21
2026.01.05	17:30:00	156.597	156.626	156.444	156.482	1362	0	21
2026.01.05	17:40:00	156.48	156.602	156.469	156.567	1185	0	21
2026.01.05	17:50:00	156.566	156.665	156.553	156.567	1161	0	21
2026.01.05	18:00:00	156.567	156.576	156.478	156.482	1287	0	21
2026.01.05	18:10:00	156.483	156.502	156.436	156.49	1020	0	21
2026.01.05	18:20:00	156.489	156.497	156.435	156.435	822	0	21
2026.01.05	18:30:00	156.435	156.446	156.332	156.358	1151	0	21
2026.01.05	18:40:00	156.358	156.358	156.309	156.322	834	0	21
2026.01.05	18:50:00	156.321	156.365	156.294	156.312	946	0	21
2026.01.05	19:00:00	156.313	156.363	156.289	156.361	840	0	21
2026.01.05	19:10:00	156.36	156.371	156.32	156.321	731	0	21
2026.01.05	19:20:00	156.321	156.323	156.258	156.29	586	0	21
2026.01.05	19:30:00	156.29	156.298	156.255	156.297	477	0	21
2026.01.05	19:40:00	156.305	156.337	156.285	156.322	390	0	21
2026.01.05	19:50:00	156.321	156.325	156.304	156.318	376	0	21
2026.01.05	20:00:00	156.318	156.346	156.275	156.3	473	0	21
2026.01.05	20:10:00	156.293	156.305	156.26	156.262	261	0	21
2026.01.05	20:20:00	156.261	156.342	156.26	156.327	341	0	21
2026.01.05	20:30:00	156.327	156.327	156.255	156.259	343	0	21
2026.01.05	20:40:00	156.258	156.258	156.193	156.214	329	0	21
2026.01.05	20:50:00	156.215	156.251	156.169	156.175	498	0	21
2026.01.05	21:00:00	156.174	156.174	156.104	156.115	619	0	21
2026.01.05	21:10:00	156.115	156.168	156.115	156.143	460	0	21
2026.01.05	21:20:00	156.144	156.167	156.125	156.152	533	0	21
2026.01.05	21:30:00	156.153	156.16	156.112	156.128	536	0	21
2026.01.05	21:40:00	156.129	156.178	156.127	156.149	473	0	21
2026.01.05	21:50:00	156.154	156.233	156.151	156.221	685	0	21
2026.01.05	22:00:00	156.221	156.231	156.171	156.185	420	0	21
2026.01.05	22:10:00	156.185	156.228	156.174	156.211	357	0	21
2026.01.05	22:20:00	156.212	156.227	156.21	156.222	311	0	21
2026.01.05	22:30:00	156.223	156.246	156.203	156.236	377	0	21
2026.01.05	22:40:00	156.237	156.286	156.237	156.282	375	0	21
2026.01.05	22:50:00	156.281	156.328	156.271	156.326	786	0	21
2026.01.05	23:00:00	156.325	156.366	156.31	156.366	469	0	21
2026.01.05	23:10:00	156.366	156.371	156.349	156.349	122	0	22
2026.01.05	23:20:00	156.35	156.4	156.346	156.376	116	0	21
2026.01.05	23:30:00	156.372	156.386	156.372	156.381	99	0	21
2026.01.05	23:40:00	156.381	156.407	156.381	156.39	254	0	22
2026.01.05	23:50:00	156.39	156.403	156.333	156.333	443	0	25
2026.01.06	00:00:00	156.333	156.335	156.212	156.329	31	0	95
2026.01.06	00:10:00	156.326	156.361	156.262	156.361	75	0	57
2026.01.06	00:20:00	156.361	156.368	156.36	156.362	40	0	60
2026.01.06	00:30:00	156.365	156.405	156.365	156.402	77	0	42
2026.01.06	00:40:00	156.401	156.478	156.401	156.461	68	0	33
2026.01.06	00:50:00	156.439	156.497	156.429	156.491	114	0	48
2026.01.06	01:00:00	156.492	156.559	156.469	156.525	313	0	21
2026.01.06	01:10:00	156.525	156.54	156.496	156.505	283	0	21
2026.01.06	01:20:00	156.504	156.534	156.496	156.533	201	0	21
2026.01.06	01:30:00	156.532	156.54	156.517	156.53	210	0	21
2026.01.06	01:40:00	156.527	156.609	156.525	156.6	334	0	22
2026.01.06	01:50:00	156.6	156.632	156.6	156.603	405	0	23
2026.01.06	02:00:00	156.604	156.732	156.562	156.732	1184	0	21
2026.01.06	02:10:00	156.732	156.745	156.683	156.704	804	0	21
2026.01.06	02:20:00	156.704	156.756	156.696	156.747	473	0	21
2026.01.06	02:30:00	156.748	156.771	156.709	156.733	687	0	21
2026.01.06	02:40:00	156.732	156.783	156.692	156.762	794	0	21
2026.01.06	02:50:00	156.763	156.785	156.517	156.525	1586	0	21
2026.01.06	03:00:00	156.524	156.613	156.512	156.593	1223	0	21
2026.01.06	03:10:00	156.594	156.661	156.581	156.65	739	0	21
2026.01.06	03:20:00	156.649	156.696	156.561	156.585	660	0	21
2026.01.06	03:30:00	156.584	156.603	156.542	156.568	635	0	22
2026.01.06	03:40:00	156.567	156.578	156.463	156.498	581	0	21
2026.01.06	03:50:00	156.499	156.54	156.439	156.441	797	0	21
2026.01.06	04:00:00	156.441	156.488	156.414	156.433	778	0	21
2026.01.06	04:10:00	156.432	156.442	156.395	156.401	613	0	21
2026.01.06	04:20:00	156.4	156.469	156.395	156.443	364	0	21
2026.01.06	04:30:00	156.443	156.454	156.413	156.413	387	0	21
2026.01.06	04:40:00	156.413	156.422	156.29	156.306	340	0	21
2026.01.06	04:50:00	156.306	156.323	156.259	156.298	458	0	21
2026.01.06	05:00:00	156.299	156.387	156.284	156.384	467	0	21
2026.01.06	05:10:00	156.385	156.424	156.348	156.354	389	0	21
2026.01.06	05:20:00	156.354	156.4	156.332	156.39	284	0	21
2026.01.06	05:30:00	156.389	156.426	156.318	156.319	352	0	21
2026.01.06	05:40:00	156.319	156.338	156.303	156.33	330	0	21
2026.01.06	05:50:00	156.332	156.36	156.32	156.35	638	0	21
2026.01.06	06:00:00	156.351	156.359	156.284	156.301	408	0	21
2026.01.06	06:10:00	156.301	156.311	156.23	156.242	407	0	21
2026.01.06	06:20:00	156.242	156.297	156.242	156.285	230	0	21
2026.01.06	06:30:00	156.286	156.336	156.241	156.334	481	0	21
2026.01.06	06:40:00	156.335	156.413	156.335	156.403	495	0	21
2026.01.06	06:50:00	156.404	156.428	156.338	156.369	431	0	21
2026.01.06	07:00:00	156.37	156.384	156.321	156.332	387	0	21
2026.01.06	07:10:00	156.332	156.355	156.311	156.329	359	0	21
2026.01.06	07:20:00	156.33	156.335	156.291	156.311	339	0	21
2026.01.06	07:30:00	156.31	156.345	156.276	156.308	487	0	21
2026.01.06	07:40:00	156.309	156.401	156.309	156.395	598	0	21
2026.01.06	07:50:00	156.396	156.435	156.383	156.417	832	0	21
2026.01.06	08:00:00	156.417	156.461	156.392	156.454	715	0	21
2026.01.06	08:10:00	156.457	156.466	156.414	156.427	462	0	21
2026.01.06	08:20:00	156.427	156.43	156.376	156.39	500	0	21
2026.01.06	08:30:00	156.39	156.445	156.371	156.419	752	0	21
2026.01.06	08:40:00	156.42	156.425	156.363	156.378	651	0	21
2026.01.06	08:50:00	156.377	156.391	156.319	156.357	644	0	21
2026.01.06	09:00:00	156.358	156.359	156.22	156.258	871	0	21
2026.01.06	09:10:00	156.252	156.356	156.236	156.312	625	0	21
2026.01.06	09:20:00	156.322	156.36	156.298	156.325	515	0	21
2026.01.06	09:30:00	156.326	156.349	156.239	156.265	668	0	21
2026.01.06	09:40:00	156.264	156.303	156.243	156.294	527	0	21
2026.01.06	09:50:00	156.295	156.353	156.263	156.323	862	0	21
2026.01.06	10:00:00	156.323	156.378	156.152	156.203	1452	0	21
2026.01.06	10:10:00	156.203	156.239	156.175	156.235	911	0	21
2026.01.06	10:20:00	156.234	156.319	156.226	156.304	1111	0	21
2026.01.06	10:30:00	156.304	156.376	156.298	156.342	1006	0	21
2026.01.06	10:40:00	156.341	156.365	156.297	156.305	689	0	21
2026.01.06	10:50:00	156.306	156.358	156.306	156.31	719	0	21
2026.01.06	11:00:00	156.309	156.345	156.232	156.268	1160	0	21
2026.01.06	11:10:00	156.269	156.305	156.22	156.269	1086	0	21
2026.01.06	11:20:00	156.268	156.366	156.258	156.355	821	0	21
2026.01.06	11:30:00	156.354	156.471	156.354	156.459	802	0	21
2026.01.06	11:40:00	156.456	156.456	156.349	156.363	593	0	21
2026.01.06	11:50:00	156.361	156.398	156.313	156.366	894	0	21
2026.01.06	12:00:00	156.365	156.379	156.302	156.308	910	0	21
2026.01.06	12:10:00	156.307	156.351	156.269	156.331	875	0	21
2026.01.06	12:20:00	156.332	156.372	156.317	156.364	665	0	21
2026.01.06	12:30:00	156.364	156.376	156.332	156.346	530	0	21
2026.01.06	12:40:00	156.346	156.449	156.343	156.423	869	0	21
2026.01.06	12:50:00	156.423	156.452	156.4	156.435	580	0	21
2026.01.06	13:00:00	156.435	156.49	156.428	156.479	451	0	21
2026.01.06	13:10:00	156.479	156.528	156.478	156.505	610	0	21
2026.01.06	13:20:00	156.504	156.519	156.441	156.45	645	0	21
2026.01.06	13:30:00	156.45	156.458	156.395	156.406	622	0	21
2026.01.06	13:40:00	156.405	156.442	156.405	156.435	475	0	21
2026.01.06	13:50:00	156.435	156.464	156.417	156.439	747	0	21
2026.01.06	14:00:00	156.439	156.439	156.302	156.306	752	0	21
2026.01.06	14:10:00	156.307	156.363	156.285	156.362	572	0	21
2026.01.06	14:20:00	156.363	156.387	156.321	156.383	716	0	21
2026.01.06	14:30:00	156.383	156.411	156.356	156.356	712	0	21
2026.01.06	14:40:00	156.355	156.447	156.354	156.444	824	0	21
2026.01.06	14:50:00	156.443	156.505	156.419	156.485	698	0	21
2026.01.06	15:00:00	156.484	156.569	156.406	156.424	1340	0	21
2026.01.06	15:10:00	156.425	156.475	156.374	156.376	1502	0	21
2026.01.06	15:20:00	156.377	156.443	156.377	156.429	828	0	21
2026.01.06	15:30:00	156.428	156.439	156.34	156.354	1153	0	21
2026.01.06	15:40:00	156.355	156.431	156.347	156.417	1058	0	21
2026.01.06	15:50:00	156.418	156.447	156.343	156.358	1275	0	21
2026.01.06	16:00:00	156.358	156.37	156.29	156.313	1018	0	21
2026.01.06	16:10:00	156.314	156.399	156.294	156.374	941	0	21
2026.01.06	16:20:00	156.373	156.431	156.354	156.402	1028	0	21
2026.01.06	16:30:00	156.401	156.446	156.351	156.433	1171	0	21
2026.01.06	16:40:00	156.433	156.467	156.334	156.407	1096	0	21
2026.01.06	16:50:00	156.407	156.416	156.331	156.395	1135	0	21
2026.01.06	17:00:00	156.397	156.55	156.393	156.49	1412	0	21
2026.01.06	17:10:00	156.491	156.623	156.49	156.583	1209	0	21
2026.01.06	17:20:00	156.584	156.646	156.561	156.634	1468	0	21
2026.01.06	17:30:00	156.632	156.679	156.606	156.61	1284	0	21
2026.01.06	17:40:00	156.611	156.671	156.576	156.604	1323	0	21
2026.01.06	17:50:00	156.604	156.647	156.558	156.566	1299	0	21
2026.01.06	18:00:00	156.566	156.718	156.559	156.696	898	0	21
2026.01.06	18:10:00	156.696	156.711	156.652	156.658	739	0	21
2026.01.06	18:20:00	156.657	156.703	156.657	156.695	563	0	21
2026.01.06	18:30:00	156.695	156.704	156.636	156.657	745	0	21
2026.01.06	18:40:00	156.658	156.716	156.639	156.71	636	0	21
2026.01.06	18:50:00	156.709	156.725	156.67	156.694	566	0	21
2026.01.06	19:00:00	156.694	156.729	156.68	156.716	574	0	21
2026.01.06	19:10:00	156.717	156.723	156.661	156.682	694	0	21
2026.01.06	19:20:00	156.682	156.723	156.66	156.723	737	0	21
2026.01.06	19:30:00	156.723	156.729	156.705	156.714	523	0	21
2026.01.06	19:40:00	156.714	156.728	156.685	156.713	508	0	21
2026.01.06	19:50:00	156.712	156.716	156.679	156.679	339	0	21
2026.01.06	20:00:00	156.679	156.715	156.66	156.702	397	0	21
2026.01.06	20:10:00	156.703	156.704	156.652	156.669	398	0	21
2026.01.06	20:20:00	156.667	156.718	156.667	156.717	350	0	21
2026.01.06	20:30:00	156.716	156.736	156.716	156.732	191	0	21
2026.01.06	20:40:00	156.732	156.733	156.714	156.726	304	0	21
2026.01.06	20:50:00	156.727	156.737	156.715	156.726	293	0	21
2026.01.06	21:00:00	156.726	156.734	156.705	156.721	376	0	21
2026.01.06	21:10:00	156.721	156.721	156.694	156.696	403	0	22
2026.01.06	21:20:00	156.697	156.7	156.665	156.682	342	0	21
2026.01.06	21:30:00	156.682	156.693	156.68	156.684	222	0	21
2026.01.06	21:40:00	156.684	156.691	156.665	156.686	198	0	21
2026.01.06	21:50:00	156.686	156.692	156.598	156.62	455	0	21
2026.01.06	22:00:00	156.62	156.62	156.571	156.591	350	0	21
2026.01.06	22:10:00	156.595	156.604	156.569	156.595	243	0	22
2026.01.06	22:20:00	156.596	156.61	156.588	156.596	264	0	22
2026.01.06	22:30:00	156.596	156.61	156.572	156.574	383	0	21
2026.01.06	22:40:00	156.575	156.587	156.559	156.574	355	0	21
2026.01.06	22:50:00	156.573	156.642	156.572	156.639	588	0	21
2026.01.06	23:00:00	156.639	156.664	156.629	156.659	339	0	21
2026.01.06	23:10:00	156.66	156.66	156.621	156.626	261	0	21
2026.01.06	23:20:00	156.621	156.664	156.609	156.661	259	0	21
2026.01.06	23:30:00	156.659	156.667	156.642	156.643	204	0	23
2026.01.06	23:40:00	156.643	156.67	156.629	156.67	137	0	25
2026.01.06	23:50:00	156.668	156.671	156.606	156.606	245	0	26
2026.01.07	00:00:00	156.582	156.629	156.569	156.629	19	0	65
2026.01.07	00:10:00	156.629	156.634	156.594	156.598	40	0	54
2026.01.07	00:20:00	156.598	156.627	156.583	156.604	49	0	48
2026.01.07	00:30:00	156.603	156.622	156.601	156.61	131	0	45
2026.01.07	00:40:00	156.61	156.636	156.595	156.6	131	0	36
2026.01.07	00:50:00	156.599	156.602	156.591	156.593	134	0	61
2026.01.07	01:00:00	156.597	156.665	156.597	156.608	134	0	23
2026.01.07	01:10:00	156.608	156.654	156.608	156.653	81	0	25
2026.01.07	01:20:00	156.653	156.653	156.623	156.645	214	0	23
2026.01.07	01:30:00	156.644	156.686	156.642	156.672	228	0	21
2026.01.07	01:40:00	156.671	156.673	156.628	156.63	299	0	23
2026.01.07	01:50:00	156.629	156.693	156.616	156.653	433	0	21
2026.01.07	02:00:00	156.652	156.761	156.592	156.752	920	0	21
2026.01.07	02:10:00	156.752	156.797	156.639	156.675	810	0	21
2026.01.07	02:20:00	156.674	156.737	156.653	156.695	565	0	21
2026.01.07	02:30:00	156.695	156.705	156.533	156.535	1015	0	21
2026.01.07	02:40:00	156.535	156.62	156.529	156.61	1024	0	21
2026.01.07	02:50:00	156.611	156.651	156.554	156.624	1159	0	21
2026.01.07	03:00:00	156.623	156.636	156.548	156.593	880	0	21
2026.01.07	03:10:00	156.593	156.681	156.592	156.681	808	0	21
2026.01.07	03:20:00	156.681	156.734	156.664	156.713	525	0	21
2026.01.07	03:30:00	156.712	156.733	156.659	156.663	549	0	21
2026.01.07	03:40:00	156.662	156.728	156.662	156.714	517	0	21
2026.01.07	03:50:00	156.714	156.723	156.665	156.707	618	0	21
2026.01.07	04:00:00	156.706	156.708	156.643	156.655	483	0	21
2026.01.07	04:10:00	156.654	156.698	156.644	156.655	358	0	21
2026.01.07	04:20:00	156.656	156.715	156.655	156.706	500	0	21
2026.01.07	04:30:00	156.705	156.717	156.679	156.699	361	0	22
2026.01.07	04:40:00	156.699	156.712	156.671	156.692	328	0	22
2026.01.07	04:50:00	156.693	156.704	156.631	156.635	297	0	21
2026.01.07	05:00:00	156.634	156.642	156.577	156.594	491	0	21
2026.01.07	05:10:00	156.594	156.631	156.592	156.605	372	0	21
2026.01.07	05:20:00	156.605	156.611	156.566	156.571	375	0	21
2026.01.07	05:30:00	156.571	156.583	156.496	156.502	523	0	21
2026.01.07	05:40:00	156.502	156.557	156.502	156.515	222	0	21
2026.01.07	05:50:00	156.514	156.552	156.513	156.55	281	0	21
2026.01.07	06:00:00	156.549	156.556	156.503	156.525	337	0	21
2026.01.07	06:10:00	156.525	156.559	156.523	156.549	586	0	21
2026.01.07	06:20:00	156.548	156.56	156.522	156.558	491	0	21
2026.01.07	06:30:00	156.558	156.573	156.534	156.562	279	0	21
2026.01.07	06:40:00	156.562	156.562	156.513	156.534	371	0	21
2026.01.07	06:50:00	156.533	156.538	156.501	156.527	352	0	21
2026.01.07	07:00:00	156.526	156.528	156.398	156.463	655	0	21
2026.01.07	07:10:00	156.464	156.485	156.438	156.476	343	0	21
2026.01.07	07:20:00	156.477	156.477	156.394	156.406	337	0	21
2026.01.07	07:30:00	156.406	156.453	156.382	156.443	514	0	21
2026.01.07	07:40:00	156.443	156.445	156.392	156.4	361	0	21
2026.01.07	07:50:00	156.399	156.439	156.354	156.374	513	0	21
2026.01.07	08:00:00	156.373	156.383	156.328	156.361	642	0	21
2026.01.07	08:10:00	156.364	156.377	156.31	156.364	580	0	21
2026.01.07	08:20:00	156.363	156.37	156.297	156.305	497	0	21
2026.01.07	08:30:00	156.305	156.334	156.294	156.321	381	0	21
2026.01.07	08:40:00	156.322	156.354	156.304	156.345	530	0	21
2026.01.07	08:50:00	156.346	156.367	156.326	156.333	550	0	21
2026.01.07	09:00:00	156.333	156.333	156.284	156.31	709	0	21
2026.01.07	09:10:00	156.31	156.395	156.303	156.369	606	0	21
2026.01.07	09:20:00	156.368	156.426	156.366	156.42	612	0	21
2026.01.07	09:30:00	156.42	156.466	156.394	156.451	715	0	21
2026.01.07	09:40:00	156.452	156.467	156.374	156.411	737	0	21
2026.01.07	09:50:00	156.41	156.501	156.41	156.474	875	0	21
2026.01.07	10:00:00	156.474	156.513	156.446	156.485	878	0	21
2026.01.07	10:10:00	156.485	156.522	156.465	156.472	814	0	21
2026.01.07	10:20:00	156.473	156.534	156.455	156.524	665	0	21
2026.01.07	10:30:00	156.523	156.57	156.502	156.546	562	0	21
2026.01.07	10:40:00	156.546	156.573	156.5	156.511	591	0	21
2026.01.07	10:50:00	156.512	156.534	156.491	156.515	579	0	21
2026.01.07	11:00:00	156.516	156.558	156.497	156.536	546	0	21
2026.01.07	11:10:00	156.535	156.565	156.516	156.549	573	0	21
2026.01.07	11:20:00	156.549	156.549	156.465	156.467	557	0	21
2026.01.07	11:30:00	156.468	156.488	156.42	156.476	512	0	21
2026.01.07	11:40:00	156.477	156.489	156.447	156.46	486	0	21
2026.01.07	11:50:00	156.458	156.489	156.449	156.452	595	0	21
2026.01.07	12:00:00	156.452	156.491	156.437	156.448	492	0	21
2026.01.07	12:10:00	156.449	156.482	156.43	156.481	443	0	21
2026.01.07	12:20:00	156.481	156.489	156.449	156.478	461	0	21
2026.01.07	12:30:00	156.479	156.497	156.449	156.449	545	0	21
2026.01.07	12:40:00	156.449	156.475	156.444	156.472	397	0	21
2026.01.07	12:50:00	156.47	156.524	156.457	156.516	611	0	21
2026.01.07	13:00:00	156.517	156.558	156.507	156.548	416	0	21
2026.01.07	13:10:00	156.549	156.554	156.497	156.505	292	0	21
2026.01.07	13:20:00	156.506	156.556	156.505	156.54	414	0	21
2026.01.07	13:30:00	156.54	156.571	156.532	156.559	428	0	21
2026.01.07	13:40:00	156.559	156.571	156.519	156.524	547	0	21
2026.01.07	13:50:00	156.525	156.531	156.503	156.503	459	0	21
2026.01.07	14:00:00	156.503	156.503	156.463	156.491	553	0	21
2026.01.07	14:10:00	156.49	156.525	156.483	156.52	457	0	21
2026.01.07	14:20:00	156.52	156.555	156.501	156.536	506	0	21
2026.01.07	14:30:00	156.537	156.537	156.488	156.514	622	0	21
2026.01.07	14:40:00	156.514	156.549	156.513	156.513	526	0	21
2026.01.07	14:50:00	156.512	156.522	156.491	156.501	487	0	21
2026.01.07	15:00:00	156.5	156.535	156.478	156.533	644	0	21
2026.01.07	15:10:00	156.535	156.569	156.399	156.452	942	0	21
2026.01.07	15:20:00	156.451	156.515	156.419	156.438	1084	0	21
2026.01.07	15:30:00	156.436	156.452	156.373	156.425	1106	0	21
2026.01.07	15:40:00	156.424	156.426	156.351	156.376	834	0	21
2026.01.07	15:50:00	156.376	156.411	156.354	156.405	952	0	21
2026.01.07	16:00:00	156.412	156.437	156.382	156.431	814	0	21
2026.01.07	16:10:00	156.431	156.493	156.424	156.475	824	0	21
2026.01.07	16:20:00	156.476	156.509	156.45	156.49	773	0	21
2026.01.07	16:30:00	156.493	156.499	156.454	156.499	1202	0	21
2026.01.07	16:40:00	156.502	156.544	156.456	156.488	1290	0	21
2026.01.07	16:50:00	156.488	156.499	156.385	156.394	1374	0	21
2026.01.07	17:00:00	156.395	156.646	156.393	156.507	2614	0	21
2026.01.07	17:10:00	156.512	156.664	156.512	156.64	2016	0	21
2026.01.07	17:20:00	156.639	156.677	156.592	156.599	1321	0	21
2026.01.07	17:30:00	156.598	156.645	156.524	156.562	1480	0	21
2026.01.07	17:40:00	156.562	156.634	156.497	156.592	1289	0	21
2026.01.07	17:50:00	156.592	156.713	156.588	156.67	1351	0	21
2026.01.07	18:00:00	156.67	156.687	156.631	156.672	1017	0	21
2026.01.07	18:10:00	156.673	156.789	156.669	156.767	858	0	21
2026.01.07	18:20:00	156.766	156.768	156.708	156.73	788	0	21
2026.01.07	18:30:00	156.73	156.73	156.669	156.688	954	0	21
2026.01.07	18:40:00	156.688	156.713	156.646	156.698	525	0	21
2026.01.07	18:50:00	156.696	156.749	156.685	156.724	411	0	21
2026.01.07	19:00:00	156.723	156.723	156.614	156.631	564	0	21
2026.01.07	19:10:00	156.63	156.696	156.63	156.65	373	0	21
2026.01.07	19:20:00	156.651	156.655	156.603	156.604	303	0	21
2026.01.07	19:30:00	156.604	156.621	156.564	156.609	558	0	21
2026.01.07	19:40:00	156.608	156.647	156.605	156.62	270	0	21
2026.01.07	19:50:00	156.62	156.641	156.599	156.608	565	0	21
2026.01.07	20:00:00	156.607	156.638	156.585	156.611	647	0	21
2026.01.07	20:10:00	156.612	156.655	156.61	156.628	529	0	21
2026.01.07	20:20:00	156.627	156.66	156.625	156.65	361	0	21
2026.01.07	20:30:00	156.649	156.676	156.649	156.66	297	0	21
2026.01.07	20:40:00	156.66	156.676	156.638	156.66	411	0	21
2026.01.07	20:50:00	156.661	156.693	156.65	156.686	493	0	21
2026.01.07	21:00:00	156.686	156.733	156.672	156.72	413	0	21
2026.01.07	21:10:00	156.719	156.722	156.678	156.709	477	0	21
2026.01.07	21:20:00	156.708	156.733	156.706	156.733	301	0	21
2026.01.07	21:30:00	156.735	156.75	156.718	156.719	290	0	21
2026.01.07	21:40:00	156.719	156.743	156.719	156.729	370	0	21
2026.01.07	21:50:00	156.729	156.739	156.71	156.73	341	0	21
2026.01.07	22:00:00	156.731	156.745	156.712	156.731	494	0	21
2026.01.07	22:10:00	156.73	156.76	156.728	156.744	371	0	21
2026.01.07	22:20:00	156.744	156.774	156.742	156.769	368	0	21
2026.01.07	22:30:00	156.769	156.776	156.753	156.754	332	0	21
2026.01.07	22:40:00	156.755	156.773	156.744	156.771	366	0	21
2026.01.07	22:50:00	156.772	156.779	156.763	156.763	335	0	21
2026.01.07	23:00:00	156.764	156.787	156.763	156.78	251	0	21
2026.01.07	23:10:00	156.78	156.785	156.777	156.784	67	0	21
2026.01.07	23:20:00	156.783	156.788	156.781	156.784	60	0	21
2026.01.07	23:30:00	156.782	156.789	156.767	156.767	204	0	21
2026.01.07	23:40:00	156.767	156.773	156.751	156.751	108	0	24
2026.01.07	23:50:00	156.753	156.76	156.73	156.732	369	0	22
2026.01.08	00:00:00	156.731	156.731	156.686	156.69	20	0	51
2026.01.08	00:10:00	156.699	156.729	156.685	156.729	21	0	53
2026.01.08	00:20:00	156.729	156.729	156.689	156.693	27	0	51
2026.01.08	00:30:00	156.692	156.692	156.602	156.643	20	0	40
2026.01.08	00:40:00	156.645	156.706	156.645	156.669	31	0	42
2026.01.08	00:50:00	156.669	156.669	156.654	156.654	12	0	58
2026.01.08	01:00:00	156.659	156.677	156.65	156.65	151	0	26
2026.01.08	01:10:00	156.65	156.665	156.646	156.662	141	0	25
2026.01.08	01:20:00	156.662	156.691	156.661	156.69	56	0	26
2026.01.08	01:30:00	156.688	156.743	156.688	156.718	426	0	21
2026.01.08	01:40:00	156.716	156.728	156.699	156.727	332	0	21
2026.01.08	01:50:00	156.728	156.739	156.684	156.687	242	0	21
2026.01.08	02:00:00	156.688	156.771	156.664	156.768	790	0	21
2026.01.08	02:10:00	156.767	156.79	156.727	156.781	551	0	21
2026.01.08	02:20:00	156.78	156.78	156.726	156.729	485	0	21
2026.01.08	02:30:00	156.73	156.783	156.721	156.774	581	0	21
2026.01.08	02:40:00	156.775	156.784	156.747	156.779	570	0	21
2026.01.08	02:50:00	156.779	156.784	156.731	156.774	781	0	21
2026.01.08	03:00:00	156.776	156.783	156.749	156.764	591	0	21
2026.01.08	03:10:00	156.763	156.764	156.705	156.75	477	0	21
2026.01.08	03:20:00	156.75	156.846	156.723	156.825	495	0	21
2026.01.08	03:30:00	156.826	156.911	156.797	156.887	817	0	21
2026.01.08	03:40:00	156.886	156.931	156.884	156.894	602	0	21
2026.01.08	03:50:00	156.894	156.923	156.861	156.9	492	0	21
2026.01.08	04:00:00	156.899	156.907	156.868	156.892	457	0	22
2026.01.08	04:10:00	156.893	156.941	156.888	156.931	344	0	21
2026.01.08	04:20:00	156.933	156.942	156.901	156.906	342	0	21
2026.01.08	04:30:00	156.904	156.906	156.854	156.879	266	0	21
2026.01.08	04:40:00	156.879	156.881	156.812	156.849	306	0	21
2026.01.08	04:50:00	156.849	156.856	156.825	156.826	409	0	21
2026.01.08	05:00:00	156.828	156.828	156.764	156.773	442	0	21
2026.01.08	05:10:00	156.774	156.775	156.641	156.662	577	0	21
2026.01.08	05:20:00	156.662	156.671	156.634	156.653	624	0	21
2026.01.08	05:30:00	156.654	156.697	156.619	156.697	481	0	21
2026.01.08	05:40:00	156.697	156.731	156.665	156.687	326	0	21
2026.01.08	05:50:00	156.687	156.718	156.685	156.706	316	0	21
2026.01.08	06:00:00	156.706	156.72	156.654	156.665	409	0	21
2026.01.08	06:10:00	156.666	156.714	156.666	156.69	353	0	21
2026.01.08	06:20:00	156.69	156.711	156.679	156.682	207	0	21
2026.01.08	06:30:00	156.683	156.684	156.654	156.67	241	0	21
2026.01.08	06:40:00	156.669	156.71	156.667	156.71	218	0	21
2026.01.08	06:50:00	156.71	156.719	156.67	156.68	225	0	21
2026.01.08	07:00:00	156.681	156.706	156.669	156.669	252	0	21
2026.01.08	07:10:00	156.669	156.712	156.644	156.678	539	0	21
2026.01.08	07:20:00	156.678	156.722	156.677	156.701	286	0	22
2026.01.08	07:30:00	156.702	156.711	156.675	156.691	293	0	21
2026.01.08	07:40:00	156.69	156.711	156.657	156.68	650	0	21
2026.01.08	07:50:00	156.681	156.682	156.631	156.66	555	0	21
2026.01.08	08:00:00	156.658	156.678	156.625	156.643	509	0	21
2026.01.08	08:10:00	156.642	156.642	156.494	156.522	1013	0	21
2026.01.08	08:20:00	156.523	156.562	156.489	156.561	721	0	21
2026.01.08	08:30:00	156.561	156.585	156.501	156.558	597	0	21
2026.01.08	08:40:00	156.559	156.594	156.539	156.539	420	0	21
2026.01.08	08:50:00	156.54	156.58	156.524	156.569	680	0	21
2026.01.08	09:00:00	156.569	156.611	156.532	156.607	679	0	21
2026.01.08	09:10:00	156.607	156.639	156.599	156.599	379	0	21
2026.01.08	09:20:00	156.599	156.684	156.583	156.596	765	0	21
2026.01.08	09:30:00	156.596	156.596	156.532	156.568	725	0	21
2026.01.08	09:40:00	156.569	156.606	156.538	156.569	613	0	21
2026.01.08	09:50:00	156.561	156.561	156.457	156.457	946	0	21
2026.01.08	10:00:00	156.456	156.547	156.448	156.517	1167	0	21
2026.01.08	10:10:00	156.517	156.567	156.473	156.566	937	0	21
2026.01.08	10:20:00	156.567	156.588	156.544	156.555	639	0	21
2026.01.08	10:30:00	156.554	156.673	156.551	156.673	827	0	21
2026.01.08	10:40:00	156.672	156.705	156.64	156.665	814	0	21
2026.01.08	10:50:00	156.664	156.698	156.663	156.694	563	0	21
2026.01.08	11:00:00	156.695	156.702	156.627	156.635	682	0	21
2026.01.08	11:10:00	156.633	156.687	156.619	156.661	469	0	21
2026.01.08	11:20:00	156.664	156.703	156.644	156.694	531	0	21
2026.01.08	11:30:00	156.695	156.71	156.672	156.699	654	0	21
2026.01.08	11:40:00	156.698	156.771	156.686	156.769	620	0	21
2026.01.08	11:50:00	156.769	156.77	156.723	156.732	579	0	21
2026.01.08	12:00:00	156.735	156.769	156.724	156.73	708	0	21
2026.01.08	12:10:00	156.732	156.761	156.724	156.749	512	0	21
2026.01.08	12:20:00	156.75	156.763	156.719	156.72	424	0	22
2026.01.08	12:30:00	156.72	156.724	156.67	156.681	616	0	21
2026.01.08	12:40:00	156.68	156.685	156.666	156.68	353	0	22
2026.01.08	12:50:00	156.68	156.695	156.668	156.671	338	0	21
2026.01.08	13:00:00	156.67	156.686	156.654	156.675	558	0	21
2026.01.08	13:10:00	156.675	156.746	156.67	156.746	328	0	21
2026.01.08	13:20:00	156.746	156.747	156.716	156.743	393	0	21
2026.01.08	13:30:00	156.743	156.77	156.738	156.757	575	0	21
2026.01.08	13:40:00	156.756	156.76	156.737	156.745	360	0	21
2026.01.08	13:50:00	156.744	156.756	156.717	156.749	302	0	21
2026.01.08	14:00:00	156.75	156.768	156.738	156.754	389	0	21
2026.01.08	14:10:00	156.753	156.77	156.738	156.745	420	0	21
2026.01.08	14:20:00	156.744	156.748	156.713	156.716	383	0	21
2026.01.08	14:30:00	156.715	156.727	156.678	156.695	423	0	21
2026.01.08	14:40:00	156.696	156.722	156.69	156.712	205	0	21
2026.01.08	14:50:00	156.713	156.744	156.71	156.71	391	0	21
2026.01.08	15:00:00	156.71	156.712	156.675	156.701	460	0	21
2026.01.08	15:10:00	156.702	156.716	156.687	156.69	337	0	21
2026.01.08	15:20:00	156.681	156.695	156.652	156.677	532	0	21
2026.01.08	15:30:00	156.676	156.791	156.665	156.779	988	0	21
2026.01.08	15:40:00	156.781	156.875	156.778	156.875	962	0	21
2026.01.08	15:50:00	156.878	156.951	156.877	156.951	766	0	21
2026.01.08	16:00:00	156.952	156.981	156.927	156.978	1021	0	21
2026.01.08	16:10:00	156.978	157.06	156.966	157.042	1168	0	21
2026.01.08	16:20:00	157.041	157.059	156.987	156.99	943	0	21
2026.01.08	16:30:00	156.99	157.042	156.956	157.032	1383	0	21
2026.01.08	16:40:00	157.034	157.056	156.989	156.996	895	0	21
2026.01.08	16:50:00	156.996	157.022	156.946	156.963	1094	0	21
2026.01.08	17:00:00	156.961	157.045	156.948	157.04	1045	0	21
2026.01.08	17:10:00	157.039	157.04	156.95	156.957	1308	0	21
2026.01.08	17:20:00	156.956	156.973	156.938	156.97	988	0	21
2026.01.08	17:30:00	156.972	156.992	156.912	156.935	812	0	21
2026.01.08	17:40:00	156.935	156.961	156.895	156.895	804	0	21
2026.01.08	17:50:00	156.894	156.911	156.84	156.853	1031	0	21
2026.01.08	18:00:00	156.854	156.924	156.836	156.921	600	0	21
2026.01.08	18:10:00	156.923	156.929	156.885	156.899	580	0	21
2026.01.08	18:20:00	156.899	156.974	156.884	156.919	905	0	21
2026.01.08	18:30:00	156.918	156.946	156.87	156.875	757	0	21
2026.01.08	18:40:00	156.874	156.886	156.846	156.871	367	0	21
2026.01.08	18:50:00	156.87	156.892	156.846	156.889	510	0	21
2026.01.08	19:00:00	156.89	156.894	156.796	156.841	653	0	21
2026.01.08	19:10:00	156.842	156.842	156.763	156.763	504	0	21
2026.01.08	19:20:00	156.763	156.811	156.763	156.811	581	0	21
2026.01.08	19:30:00	156.813	156.884	156.805	156.87	461	0	21
2026.01.08	19:40:00	156.869	156.881	156.823	156.832	426	0	21
2026.01.08	19:50:00	156.833	156.833	156.795	156.797	328	0	21
2026.01.08	20:00:00	156.796	156.845	156.784	156.833	557	0	21
2026.01.08	20:10:00	156.832	156.846	156.809	156.82	336	0	21
2026.01.08	20:20:00	156.821	156.844	156.815	156.836	285	0	21
2026.01.08	20:30:00	156.835	156.86	156.832	156.858	314	0	21
2026.01.08	20:40:00	156.859	156.871	156.833	156.843	347	0	21
2026.01.08	20:50:00	156.843	156.882	156.828	156.881	313	0	21
2026.01.08	21:00:00	156.882	156.91	156.88	156.899	266	0	21
2026.01.08	21:10:00	156.898	156.912	156.892	156.907	180	0	21
2026.01.08	21:20:00	156.907	156.944	156.904	156.943	295	0	21
2026.01.08	21:30:00	156.944	156.95	156.92	156.938	318	0	21
2026.01.08	21:40:00	156.938	156.964	156.935	156.95	250	0	21
2026.01.08	21:50:00	156.949	156.973	156.945	156.955	362	0	21
2026.01.08	22:00:00	156.953	156.967	156.94	156.965	277	0	21
2026.01.08	22:10:00	156.964	156.981	156.964	156.967	273	0	21
2026.01.08	22:20:00	156.966	156.97	156.941	156.942	410	0	21
2026.01.08	22:30:00	156.941	156.963	156.906	156.957	415	0	21
2026.01.08	22:40:00	156.958	156.972	156.955	156.955	327	0	21
2026.01.08	22:50:00	156.956	156.967	156.938	156.942	426	0	21
2026.01.08	23:00:00	156.944	156.979	156.937	156.956	319	0	21
2026.01.08	23:10:00	156.956	156.969	156.938	156.955	165	0	21
2026.01.08	23:20:00	156.954	156.954	156.877	156.881	288	0	21
2026.01.08	23:30:00	156.879	156.903	156.86	156.868	140	0	21
2026.01.08	23:40:00	156.867	156.868	156.806	156.829	351	0	21
2026.01.08	23:50:00	156.828	156.862	156.826	156.839	755	0	27
2026.01.09	00:00:00	156.839	156.84	156.644	156.812	40	0	57
2026.01.09	00:10:00	156.812	156.843	156.812	156.837	61	0	43
2026.01.09	00:20:00	156.837	156.838	156.701	156.701	29	0	42
2026.01.09	00:30:00	156.705	156.797	156.705	156.762	33	0	61
2026.01.09	00:40:00	156.762	156.81	156.757	156.762	50	0	43
2026.01.09	00:50:00	156.762	156.818	156.762	156.812	56	0	62
2026.01.09	01:00:00	156.811	156.855	156.811	156.855	168	0	21
2026.01.09	01:10:00	156.866	156.906	156.866	156.876	355	0	21
2026.01.09	01:20:00	156.874	156.879	156.856	156.878	331	0	21
2026.01.09	01:30:00	156.879	156.896	156.858	156.893	249	0	23
2026.01.09	01:40:00	156.892	156.92	156.887	156.915	192	0	23
2026.01.09	01:50:00	156.914	156.915	156.851	156.857	179	0	24
2026.01.09	02:00:00	156.859	156.937	156.856	156.894	754	0	21
2026.01.09	02:10:00	156.895	156.946	156.889	156.945	493	0	21
2026.01.09	02:20:00	156.945	156.953	156.893	156.947	449	0	21
2026.01.09	02:30:00	156.947	156.982	156.946	156.981	463	0	21
2026.01.09	02:40:00	156.986	157.003	156.963	156.977	575	0	21
2026.01.09	02:50:00	156.976	157.048	156.94	156.996	1185	0	21
2026.01.09	03:00:00	156.997	157.081	156.981	157.053	607	0	21
2026.01.09	03:10:00	157.053	157.071	157.006	157.069	632	0	21
2026.01.09	03:20:00	157.07	157.12	157.07	157.099	556	0	21
2026.01.09	03:30:00	157.095	157.1	157.052	157.064	627	0	21
2026.01.09	03:40:00	157.064	157.088	157.035	157.074	749	0	21
2026.01.09	03:50:00	157.074	157.156	157.058	157.149	770	0	21
2026.01.09	04:00:00	157.148	157.194	157.126	157.183	598	0	21
2026.01.09	04:10:00	157.189	157.23	157.179	157.192	631	0	21
2026.01.09	04:20:00	157.192	157.194	157.144	157.144	499	0	21
2026.01.09	04:30:00	157.143	157.213	157.111	157.21	594	0	21
2026.01.09	04:40:00	157.21	157.249	157.184	157.194	423	0	21
2026.01.09	04:50:00	157.195	157.212	157.169	157.17	430	0	21
2026.01.09	05:00:00	157.169	157.207	157.153	157.17	395	0	21
2026.01.09	05:10:00	157.168	157.184	157.145	157.167	408	0	21
2026.01.09	05:20:00	157.168	157.209	157.161	157.195	226	0	21
2026.01.09	05:30:00	157.196	157.213	157.16	157.18	261	0	21
2026.01.09	05:40:00	157.181	157.209	157.178	157.207	200	0	21
2026.01.09	05:50:00	157.208	157.23	157.195	157.224	301	0	21
2026.01.09	06:00:00	157.227	157.28	157.217	157.276	475	0	21
2026.01.09	06:10:00	157.275	157.275	157.243	157.244	336	0	22
2026.01.09	06:20:00	157.244	157.285	157.234	157.239	396	0	21
2026.01.09	06:30:00	157.239	157.264	157.232	157.234	350	0	22
2026.01.09	06:40:00	157.234	157.249	157.208	157.211	344	0	21
2026.01.09	06:50:00	157.211	157.214	157.181	157.2	480	0	21
2026.01.09	07:00:00	157.201	157.299	157.201	157.295	639	0	21
2026.01.09	07:10:00	157.295	157.295	157.265	157.279	309	0	21
2026.01.09	07:20:00	157.28	157.296	157.26	157.292	433	0	21
2026.01.09	07:30:00	157.292	157.38	157.284	157.336	640	0	21
2026.01.09	07:40:00	157.335	157.357	157.321	157.34	356	0	21
2026.01.09	07:50:00	157.339	157.37	157.337	157.363	611	0	21
2026.01.09	08:00:00	157.363	157.396	157.355	157.391	683	0	21
2026.01.09	08:10:00	157.39	157.425	157.387	157.403	458	0	21
2026.01.09	08:20:00	157.403	157.415	157.34	157.374	329	0	21
2026.01.09	08:30:00	157.374	157.392	157.331	157.388	639	0	21
2026.01.09	08:40:00	157.388	157.389	157.351	157.377	422	0	21
2026.01.09	08:50:00	157.378	157.404	157.362	157.39	579	0	21
2026.01.09	09:00:00	157.391	157.449	157.376	157.417	864	0	21
2026.01.09	09:10:00	157.417	157.466	157.408	157.455	540	0	21
2026.01.09	09:20:00	157.454	157.487	157.44	157.468	707	0	21
2026.01.09	09:30:00	157.468	157.528	157.465	157.525	668	0	21
2026.01.09	09:40:00	157.525	157.56	157.503	157.504	650	0	21
2026.01.09	09:50:00	157.503	157.536	157.465	157.468	642	0	21
2026.01.09	10:00:00	157.467	157.552	157.446	157.543	1006	0	21
2026.01.09	10:10:00	157.542	157.603	157.54	157.564	699	0	21
2026.01.09	10:20:00	157.565	157.58	157.507	157.563	776	0	21
2026.01.09	10:30:00	157.564	157.592	157.548	157.572	721	0	21
2026.01.09	10:40:00	157.573	157.657	157.573	157.588	764	0	21
2026.01.09	10:50:00	157.588	157.65	157.588	157.634	811	0	21
2026.01.09	11:00:00	157.633	157.649	157.582	157.588	896	0	21
2026.01.09	11:10:00	157.59	157.636	157.562	157.622	595	0	21
2026.01.09	11:20:00	157.623	157.664	157.622	157.647	547	0	21
2026.01.09	11:30:00	157.648	157.661	157.622	157.646	639	0	21
2026.01.09	11:40:00	157.646	157.686	157.634	157.671	453	0	21
2026.01.09	11:50:00	157.672	157.724	157.672	157.697	530	0	21
2026.01.09	12:00:00	157.699	157.712	157.681	157.695	445	0	21
2026.01.09	12:10:00	157.694	157.699	157.661	157.686	515	0	21
2026.01.09	12:20:00	157.685	157.693	157.632	157.641	512	0	21
2026.01.09	12:30:00	157.64	157.669	157.627	157.65	551	0	21
2026.01.09	12:40:00	157.65	157.665	157.628	157.659	291	0	21
2026.01.09	12:50:00	157.659	157.676	157.64	157.64	361	0	21
2026.01.09	13:00:00	157.639	157.671	157.623	157.641	446	0	21
2026.01.09	13:10:00	157.642	157.654	157.603	157.613	543	0	21
2026.01.09	13:20:00	157.614	157.622	157.602	157.612	407	0	21
2026.01.09	13:30:00	157.612	157.615	157.575	157.598	425	0	21
2026.01.09	13:40:00	157.598	157.599	157.573	157.589	455	0	21
2026.01.09	13:50:00	157.588	157.601	157.555	157.565	492	0	21
2026.01.09	14:00:00	157.565	157.585	157.549	157.554	460	0	21
2026.01.09	14:10:00	157.555	157.636	157.553	157.626	430	0	21
2026.01.09	14:20:00	157.626	157.67	157.626	157.643	444	0	21
2026.01.09	14:30:00	157.643	157.698	157.637	157.68	572	0	21
2026.01.09	14:40:00	157.681	157.684	157.637	157.651	589	0	21
2026.01.09	14:50:00	157.648	157.67	157.631	157.638	690	0	21
2026.01.09	15:00:00	157.636	157.636	157.571	157.617	754	0	21
2026.01.09	15:10:00	157.618	157.619	157.549	157.559	707	0	21
2026.01.09	15:20:00	157.559	157.582	157.538	157.552	842	0	21
2026.01.09	15:30:00	157.558	157.808	157.396	157.574	3721	0	21
2026.01.09	15:40:00	157.573	157.575	157.358	157.448	2801	0	21
2026.01.09	15:50:00	157.449	157.54	157.436	157.478	1984	0	21
2026.01.09	16:00:00	157.478	157.509	157.359	157.484	2096	0	21
2026.01.09	16:10:00	157.492	157.951	157.434	157.86	3571	0	21
2026.01.09	16:20:00	157.867	157.939	157.776	157.924	2476	0	21
2026.01.09	16:30:00	157.923	157.976	157.882	157.938	1986	0	21
2026.01.09	16:40:00	157.937	158.021	157.911	157.989	1924	0	21
2026.01.09	16:50:00	157.99	158.041	157.904	157.909	1660	0	21
2026.01.09	17:00:00	157.917	158.104	157.806	158.066	2591	0	21
2026.01.09	17:10:00	158.066	158.173	158.05	158.143	1922	0	21
2026.01.09	17:20:00	158.144	158.174	158.074	158.11	1747	0	21
2026.01.09	17:30:00	158.12	158.13	157.952	158.01	1570	0	21
2026.01.09	17:40:00	158.006	158.009	157.892	157.915	1611	0	21
2026.01.09	17:50:00	157.914	157.941	157.833	157.858	1651	0	21
2026.01.09	18:00:00	157.859	157.947	157.819	157.944	1121	0	21
2026.01.09	18:10:00	157.943	157.981	157.925	157.955	847	0	21
2026.01.09	18:20:00	157.954	158.066	157.953	158.065	825	0	21
2026.01.09	18:30:00	158.063	158.119	158.06	158.074	932	0	21
2026.01.09	18:40:00	158.075	158.097	158.039	158.041	902	0	21
2026.01.09	18:50:00	158.041	158.077	158.039	158.066	668	0	21
2026.01.09	19:00:00	158.065	158.094	158.004	158.074	907	0	21
2026.01.09	19:10:00	158.074	158.076	157.995	158.04	814	0	21
2026.01.09	19:20:00	158.045	158.059	157.978	158.016	870	0	21
2026.01.09	19:30:00	158.016	158.044	157.986	158.033	663	0	21
2026.01.09	19:40:00	158.034	158.057	157.986	157.987	577	0	21
2026.01.09	19:50:00	157.986	158.047	157.985	158.041	556	0	21
2026.01.09	20:00:00	158.042	158.056	157.988	158.005	564	0	21
2026.01.09	20:10:00	158.006	158.038	157.965	157.965	527	0	21
2026.01.09	20:20:00	157.965	157.969	157.94	157.965	489	0	21
2026.01.09	20:30:00	157.964	157.964	157.86	157.871	661	0	21
2026.01.09	20:40:00	157.87	157.891	157.851	157.89	579	0	21
2026.01.09	20:50:00	157.893	157.914	157.861	157.904	525	0	21
2026.01.09	21:00:00	157.904	157.912	157.862	157.885	583	0	21
2026.01.09	21:10:00	157.884	157.891	157.854	157.855	574	0	21
2026.01.09	21:20:00	157.857	157.876	157.821	157.831	374	0	21
2026.01.09	21:30:00	157.831	157.892	157.831	157.888	469	0	21
2026.01.09	21:40:00	157.888	157.894	157.858	157.867	377	0	21
2026.01.09	21:50:00	157.868	157.892	157.857	157.875	446	0	21
2026.01.09	22:00:00	157.874	157.899	157.87	157.883	352	0	21
2026.01.09	22:10:00	157.882	157.885	157.866	157.874	201	0	21
2026.01.09	22:20:00	157.874	157.886	157.861	157.867	206	0	21
2026.01.09	22:30:00	157.867	157.885	157.858	157.88	305	0	21
2026.01.09	22:40:00	157.88	157.892	157.869	157.872	200	0	21
2026.01.09	22:50:00	157.872	157.881	157.846	157.873	476	0	21
2026.01.09	23:00:00	157.873	157.886	157.861	157.878	324	0	21
2026.01.09	23:10:00	157.879	157.895	157.861	157.863	206	0	21
2026.01.09	23:20:00	157.863	157.886	157.845	157.86	228	0	21
2026.01.09	23:30:00	157.859	157.922	157.854	157.921	94	0	21
2026.01.09	23:40:00	157.922	157.93	157.888	157.919	201	0	22
2026.01.09	23:50:00	157.919	157.942	157.914	157.922	286	0	27
2026.01.12	00:00:00	158.072	158.092	158.02	158.044	34	0	55
2026.01.12	00:10:00	158.044	158.044	157.985	157.996	61	0	56
2026.01.12	00:20:00	157.995	158.031	157.994	158.031	20	0	60
2026.01.12	00:30:00	158.031	158.035	158.017	158.032	44	0	51
2026.01.12	00:40:00	158.031	158.037	158.022	158.029	49	0	42
2026.01.12	00:50:00	158.029	158.039	158.029	158.039	11	0	48
2026.01.12	01:00:00	158.039	158.042	157.973	158.042	212	0	21
2026.01.12	01:10:00	158.042	158.099	158.03	158.096	182	0	21
2026.01.12	01:20:00	158.097	158.15	158.09	158.135	210	0	21
2026.01.12	01:30:00	158.135	158.172	158.102	158.104	296	0	21
2026.01.12	01:40:00	158.104	158.161	158.102	158.131	260	0	23
2026.01.12	01:50:00	158.131	158.165	158.122	158.126	371	0	22
2026.01.12	02:00:00	158.125	158.194	158.0	158.033	989	0	21
2026.01.12	02:10:00	158.034	158.034	157.897	157.933	1076	0	21
2026.01.12	02:20:00	157.933	157.94	157.833	157.848	666	0	21
2026.01.12	02:30:00	157.848	157.88	157.652	157.668	1597	0	21
2026.01.12	02:40:00	157.669	157.68	157.596	157.63	1056	0	21
2026.01.12	02:50:00	157.63	157.65	157.544	157.565	1322	0	21
2026.01.12	03:00:00	157.564	157.66	157.547	157.576	1582	0	21
2026.01.12	03:10:00	157.575	157.619	157.505	157.613	1228	0	21
2026.01.12	03:20:00	157.612	157.631	157.525	157.618	1291	0	21
2026.01.12	03:30:00	157.617	157.737	157.615	157.713	1161	0	21
2026.01.12	03:40:00	157.713	157.727	157.675	157.689	638	0	21
2026.01.12	03:50:00	157.691	157.743	157.67	157.737	590	0	21
2026.01.12	04:00:00	157.736	157.755	157.656	157.705	522	0	21
2026.01.12	04:10:00	157.704	157.785	157.696	157.785	541	0	21
2026.01.12	04:20:00	157.784	157.853	157.774	157.852	639	0	21
2026.01.12	04:30:00	157.853	157.909	157.852	157.861	585	0	21
2026.01.12	04:40:00	157.86	157.901	157.846	157.901	369	0	21
2026.01.12	04:50:00	157.9	158.064	157.898	158.039	681	0	21
2026.01.12	05:00:00	158.037	158.037	157.931	157.984	574	0	21
2026.01.12	05:10:00	157.985	158.0	157.949	157.982	248	0	21
2026.01.12	05:20:00	157.982	158.03	157.979	158.012	379	0	21
2026.01.12	05:30:00	158.011	158.046	157.999	158.04	259	0	21
2026.01.12	05:40:00	158.041	158.059	158.015	158.051	359	0	21
2026.01.12	05:50:00	158.05	158.109	158.046	158.108	346	0	21
2026.01.12	06:00:00	158.109	158.171	158.109	158.144	413	0	21
2026.01.12	06:10:00	158.144	158.148	158.106	158.124	208	0	21
2026.01.12	06:20:00	158.123	158.155	158.106	158.124	216	0	21
2026.01.12	06:30:00	158.125	158.153	158.124	158.139	209	0	21
2026.01.12	06:40:00	158.139	158.139	158.111	158.121	160	0	21
2026.01.12	06:50:00	158.12	158.136	158.11	158.11	229	0	21
2026.01.12	07:00:00	158.109	158.139	158.063	158.111	281	0	21
2026.01.12	07:10:00	158.115	158.127	158.053	158.068	417	0	21
2026.01.12	07:20:00	158.069	158.094	158.046	158.056	262	0	21
2026.01.12	07:30:00	158.057	158.081	158.052	158.062	511	0	21
2026.01.12	07:40:00	158.063	158.068	157.989	158.02	440	0	21
2026.01.12	07:50:00	158.021	158.031	157.985	157.992	356	0	21
2026.01.12	08:00:00	157.993	158.048	157.974	158.047	344	0	21
2026.01.12	08:10:00	158.048	158.058	158.029	158.043	262	0	21
2026.01.12	08:20:00	158.043	158.044	157.95	157.985	423	0	21
2026.01.12	08:30:00	157.986	158.022	157.955	158.012	451	0	21
2026.01.12	08:40:00	158.013	158.021	157.987	158.009	553	0	21
2026.01.12	08:50:00	158.008	158.018	157.972	158.002	431	0	21
2026.01.12	09:00:00	158.003	158.021	157.913	157.928	834	0	21
2026.01.12	09:10:00	157.927	157.934	157.817	157.893	935	0	21
2026.01.12	09:20:00	157.894	157.913	157.838	157.845	788	0	21
2026.01.12	09:30:00	157.845	157.872	157.79	157.807	632	0	21
2026.01.12	09:40:00	157.807	157.863	157.798	157.838	739	0	21
2026.01.12	09:50:00	157.837	157.863	157.796	157.836	575	0	21
2026.01.12	10:00:00	157.834	157.84	157.708	157.762	1057	0	21
2026.01.12	10:10:00	157.763	157.829	157.72	157.798	805	0	21
2026.01.12	10:20:00	157.798	157.85	157.789	157.814	713	0	21
2026.01.12	10:30:00	157.816	157.816	157.684	157.706	930	0	21
2026.01.12	10:40:00	157.705	157.751	157.663	157.726	766	0	21
2026.01.12	10:50:00	157.725	157.775	157.676	157.766	777	0	21
2026.01.12	11:00:00	157.765	157.821	157.737	157.76	957	0	21
2026.01.12	11:10:00	157.76	157.812	157.716	157.729	528	0	21
2026.01.12	11:20:00	157.729	157.776	157.71	157.717	558	0	21
2026.01.12	11:30:00	157.716	157.863	157.714	157.863	457	0	21
2026.01.12	11:40:00	157.863	157.875	157.818	157.835	462	0	21
2026.01.12	11:50:00	157.841	157.89	157.841	157.883	454	0	21
2026.01.12	12:00:00	157.883	157.89	157.848	157.883	461	0	21
2026.01.12	12:10:00	157.885	157.936	157.877	157.936	247	0	21
2026.01.12	12:20:00	157.935	157.946	157.895	157.896	424	0	21
2026.01.12	12:30:00	157.897	157.951	157.889	157.916	622	0	21
2026.01.12	12:40:00	157.916	157.924	157.903	157.908	361	0	21
2026.01.12	12:50:00	157.907	157.909	157.821	157.839	564	0	21
2026.01.12	13:00:00	157.84	157.867	157.781	157.786	505	0	21
2026.01.12	13:10:00	157.785	157.831	157.774	157.824	400	0	21
2026.01.12	13:20:00	157.824	157.865	157.813	157.863	279	0	21
2026.01.12	13:30:00	157.862	157.916	157.857	157.911	313	0	21
2026.01.12	13:40:00	157.911	157.913	157.831	157.858	587	0	21
2026.01.12	13:50:00	157.859	157.897	157.845	157.884	480	0	21
2026.01.12	14:00:00	157.888	157.946	157.87	157.885	558	0	21
2026.01.12	14:10:00	157.884	157.884	157.803	157.85	527	0	21
2026.01.12	14:20:00	157.855	157.859	157.823	157.835	572	0	21
2026.01.12	14:30:00	157.834	157.835	157.801	157.801	413	0	21
2026.01.12	14:40:00	157.803	157.876	157.8	157.872	494	0	21
2026.01.12	14:50:00	157.872	157.89	157.836	157.845	734	0	21
2026.01.12	15:00:00	157.844	157.886	157.72	157.72	847	0	21
2026.01.12	15:10:00	157.72	157.776	157.714	157.77	754	0	21
2026.01.12	15:20:00	157.769	157.807	157.738	157.797	675	0	21
2026.01.12	15:30:00	157.798	157.816	157.762	157.788	778	0	21
2026.01.12	15:40:00	157.789	157.799	157.696	157.74	878	0	21
2026.01.12	15:50:00	157.74	157.839	157.732	157.831	1053	0	21
2026.01.12	16:00:00	157.832	157.886	157.822	157.859	1079	0	21
2026.01.12	16:10:00	157.859	157.933	157.859	157.925	1047	0	21
2026.01.12	16:20:00	157.928	157.985	157.902	157.98	1073	0	21
2026.01.12	16:30:00	157.979	158.036	157.955	157.961	1329	0	21
2026.01.12	16:40:00	157.961	157.997	157.942	157.944	1359	0	21
2026.01.12	16:50:00	157.943	157.966	157.915	157.929	1073	0	21
2026.01.12	17:00:00	157.929	157.962	157.89	157.959	880	0	21
2026.01.12	17:10:00	157.959	157.965	157.895	157.897	669	0	21
2026.01.12	17:20:00	157.898	157.927	157.842	157.925	942	0	21
2026.01.12	17:30:00	157.923	157.924	157.861	157.868	663	0	21
2026.01.12	17:40:00	157.868	157.927	157.858	157.886	606	0	21
2026.01.12	17:50:00	157.888	157.965	157.868	157.962	1130	0	21
2026.01.12	18:00:00	157.963	158.046	157.934	158.045	858	0	21
2026.01.12	18:10:00	158.046	158.073	158.016	158.033	802	0	21
2026.01.12	18:20:00	158.035	158.091	158.033	158.083	503	0	21
2026.01.12	18:30:00	158.084	158.132	158.064	158.079	757	0	21
2026.01.12	18:40:00	158.079	158.106	158.04	158.1	462	0	21
2026.01.12	18:50:00	158.099	158.144	158.093	158.143	483	0	21
2026.01.12	19:00:00	158.145	158.16	158.082	158.106	615	0	21
2026.01.12	19:10:00	158.106	158.129	158.075	158.129	656	0	21
2026.01.12	19:20:00	158.13	158.143	158.084	158.092	597	0	21
2026.01.12	19:30:00	158.093	158.105	158.074	158.092	430	0	21
2026.01.12	19:40:00	158.092	158.093	158.054	158.07	480	0	21
2026.01.12	19:50:00	158.071	158.094	158.061	158.075	479	0	21
2026.01.12	20:00:00	158.074	158.112	158.041	158.104	589	0	21
2026.01.12	20:10:00	158.105	158.121	158.055	158.08	359	0	21
2026.01.12	20:20:00	158.079	158.092	158.059	158.08	293	0	21
2026.01.12	20:30:00	158.081	158.102	158.08	158.092	226	0	21
2026.01.12	20:40:00	158.093	158.101	158.079	158.096	153	0	21
2026.01.12	20:50:00	158.097	158.134	158.096	158.121	271	0	21
2026.01.12	21:00:00	158.122	158.138	158.115	158.117	218	0	21
2026.01.12	21:10:00	158.117	158.131	158.106	158.129	174	0	21
2026.01.12	21:20:00	158.129	158.129	158.095	158.107	269	0	21
2026.01.12	21:30:00	158.106	158.125	158.082	158.097	443	0	21
2026.01.12	21:40:00	158.096	158.136	158.095	158.115	285	0	21
2026.01.12	21:50:00	158.114	158.131	158.105	158.129	300	0	21
2026.01.12	22:00:00	158.129	158.137	158.115	158.129	208	0	21
2026.01.12	22:10:00	158.129	158.129	158.103	158.121	255	0	21
2026.01.12	22:20:00	158.12	158.138	158.119	158.128	160	0	21
2026.01.12	22:30:00	158.127	158.165	158.116	158.162	259	0	21
2026.01.12	22:40:00	158.163	158.184	158.149	158.178	455	0	21
2026.01.12	22:50:00	158.177	158.189	158.17	158.174	423	0	21
2026.01.12	23:00:00	158.174	158.183	158.15	158.161	293	0	21
2026.01.12	23:10:00	158.16	158.16	158.125	158.126	215	0	21
2026.01.12	23:20:00	158.126	158.158	158.124	158.15	161	0	21
2026.01.12	23:30:00	158.152	158.153	158.112	158.114	138	0	24
2026.01.12	23:40:00	158.116	158.134	158.11	158.113	107	0	24
2026.01.12	23:50:00	158.113	158.15	158.091	158.091	326	0	25
2026.01.13	00:00:00	158.093	158.093	157.995	157.999	26	0	69
2026.01.13	00:10:00	157.999	158.102	157.996	158.058	31	0	79
2026.01.13	00:20:00	158.067	158.072	158.044	158.052	16	0	92
2026.01.13	00:30:00	158.052	158.074	158.046	158.066	444	0	55
2026.01.13	00:40:00	158.066	158.096	158.045	158.059	773	0	54
2026.01.13	00:50:00	158.059	158.074	158.049	158.059	328	0	53
2026.01.13	01:00:00	158.049	158.148	158.049	158.144	198	0	22
2026.01.13	01:10:00	158.155	158.164	158.121	158.135	250	0	22
2026.01.13	01:20:00	158.135	158.137	157.882	158.033	940	0	21
2026.01.13	01:30:00	158.032	158.057	157.993	158.02	371	0	22
2026.01.13	01:40:00	158.019	158.034	157.911	158.02	582	0	21
2026.01.13	01:50:00	158.019	158.024	157.945	157.963	554	0	21
2026.01.13	02:00:00	157.964	158.053	157.954	158.011	852	0	21
2026.01.13	02:10:00	158.01	158.128	158.008	158.113	500	0	21
2026.01.13	02:20:00	158.112	158.127	158.085	158.094	421	0	21
2026.01.13	02:30:00	158.093	158.126	158.049	158.125	592	0	21
2026.01.13	02:40:00	158.124	158.173	158.101	158.171	629	0	21
2026.01.13	02:50:00	158.171	158.274	158.128	158.15	1239	0	21
2026.01.13	03:00:00	158.149	158.235	158.148	158.214	792	0	21
2026.01.13	03:10:00	158.215	158.325	158.214	158.281	747	0	21
2026.01.13	03:20:00	158.282	158.387	158.282	158.378	727	0	21
2026.01.13	03:30:00	158.379	158.47	158.367	158.438	703	0	21
2026.01.13	03:40:00	158.437	158.47	158.403	158.44	653	0	21
2026.01.13	03:50:00	158.439	158.492	158.421	158.472	417	0	21
2026.01.13	04:00:00	158.472	158.492	158.386	158.399	612	0	21
2026.01.13	04:10:00	158.398	158.423	158.325	158.423	600	0	21
2026.01.13	04:20:00	158.424	158.555	158.399	158.547	546	0	21
2026.01.13	04:30:00	158.549	158.592	158.539	158.588	653	0	21
2026.01.13	04:40:00	158.594	158.678	158.569	158.66	689	0	21
2026.01.13	04:50:00	158.661	158.675	158.645	158.66	465	0	21
2026.01.13	05:00:00	158.66	158.751	158.645	158.71	495	0	21
2026.01.13	05:10:00	158.71	158.718	158.647	158.648	391	0	21
2026.01.13	05:20:00	158.647	158.685	158.632	158.673	397	0	21
2026.01.13	05:30:00	158.673	158.735	158.667	158.724	284	0	21
2026.01.13	05:40:00	158.724	158.761	158.719	158.749	347	0	21
2026.01.13	05:50:00	158.75	158.814	158.747	158.801	503	0	21
2026.01.13	06:00:00	158.802	158.848	158.78	158.815	581	0	21
2026.01.13	06:10:00	158.814	158.899	158.793	158.82	727	0	21
2026.01.13	06:20:00	158.821	158.821	158.621	158.684	1883	0	21
2026.01.13	06:30:00	158.684	158.737	158.654	158.737	852	0	21
2026.01.13	06:40:00	158.736	158.797	158.734	158.773	558	0	21
2026.01.13	06:50:00	158.773	158.831	158.69	158.709	846	0	21
2026.01.13	07:00:00	158.708	158.817	158.694	158.787	730	0	21
2026.01.13	07:10:00	158.787	158.792	158.725	158.741	702	0	21
2026.01.13	07:20:00	158.74	158.757	158.704	158.757	464	0	21
2026.01.13	07:30:00	158.758	158.762	158.716	158.749	395	0	21
2026.01.13	07:40:00	158.749	158.806	158.748	158.795	477	0	21
2026.01.13	07:50:00	158.796	158.813	158.75	158.772	609	0	21
2026.01.13	08:00:00	158.772	158.889	158.771	158.87	866	0	21
2026.01.13	08:10:00	158.871	158.911	158.846	158.882	658	0	21
2026.01.13	08:20:00	158.883	158.959	158.857	158.936	577	0	21
2026.01.13	08:30:00	158.93	158.95	158.894	158.93	607	0	21
2026.01.13	08:40:00	158.929	158.937	158.886	158.894	544	0	21
2026.01.13	08:50:00	158.894	158.901	158.732	158.748	639	0	21
2026.01.13	09:00:00	158.75	158.811	158.721	158.796	974	0	21
2026.01.13	09:10:00	158.8	158.907	158.784	158.905	676	0	21
2026.01.13	09:20:00	158.905	158.943	158.8	158.822	707	0	21
2026.01.13	09:30:00	158.822	158.825	158.753	158.755	635	0	21
2026.01.13	09:40:00	158.755	158.865	158.751	158.86	702	0	21
2026.01.13	09:50:00	158.86	158.941	158.85	158.929	984	0	21
2026.01.13	10:00:00	158.929	158.975	158.861	158.887	1315	0	21
2026.01.13	10:10:00	158.886	158.937	158.859	158.884	817	0	21
2026.01.13	10:20:00	158.886	158.976	158.882	158.959	949	0	21
2026.01.13	10:30:00	158.959	158.983	158.935	158.974	852	0	21
2026.01.13	10:40:00	158.975	158.988	158.946	158.987	579	0	21
2026.01.13	10:50:00	158.987	159.037	158.912	158.918	758	0	21
2026.01.13	11:00:00	158.921	158.987	158.886	158.987	603	0	21
2026.01.13	11:10:00	158.988	159.007	158.895	158.9	545	0	21
2026.01.13	11:20:00	158.899	158.94	158.872	158.902	582	0	21
2026.01.13	11:30:00	158.903	158.904	158.804	158.825	636	0	21
2026.01.13	11:40:00	158.825	158.881	158.823	158.844	600	0	21
2026.01.13	11:50:00	158.844	158.887	158.829	158.879	564	0	21
2026.01.13	12:00:00	158.88	158.921	158.865	158.907	743	0	21
2026.01.13	12:10:00	158.906	158.935	158.879	158.881	795	0	21
2026.01.13	12:20:00	158.881	158.908	158.861	158.871	656	0	21
2026.01.13	12:30:00	158.87	158.885	158.829	158.88	782	0	21
2026.01.13	12:40:00	158.88	158.916	158.852	158.86	495	0	21
2026.01.13	12:50:00	158.86	158.86	158.79	158.793	527	0	21
2026.01.13	13:00:00	158.794	158.872	158.792	158.87	712	0	21
2026.01.13	13:10:00	158.869	158.931	158.862	158.928	411	0	21
2026.01.13	13:20:00	158.928	158.933	158.893	158.9	366	0	21
2026.01.13	13:30:00	158.901	158.903	158.835	158.852	567	0	21
2026.01.13	13:40:00	158.853	158.885	158.844	158.883	406	0	21
2026.01.13	13:50:00	158.882	158.882	158.829	158.845	475	0	21
2026.01.13	14:00:00	158.845	158.866	158.829	158.858	383	0	21
2026.01.13	14:10:00	158.858	158.885	158.841	158.869	355	0	22
2026.01.13	14:20:00	158.87	158.896	158.859	158.883	390	0	21
2026.01.13	14:30:00	158.883	158.916	158.874	158.916	416	0	21
2026.01.13	14:40:00	158.916	158.926	158.877	158.904	552	0	21
2026.01.13	14:50:00	158.905	158.916	158.856	158.881	699	0	21
2026.01.13	15:00:00	158.881	158.888	158.8	158.831	834	0	21
2026.01.13	15:10:00	158.832	158.867	158.823	158.851	511	0	21
2026.01.13	15:20:00	158.847	158.918	158.837	158.881	854	0	21
2026.01.13	15:30:00	158.881	158.896	158.568	158.827	3358	0	21
2026.01.13	15:40:00	158.828	158.876	158.735	158.864	2306	0	21
2026.01.13	15:50:00	158.865	158.945	158.821	158.87	1468	0	21
2026.01.13	16:00:00	158.869	158.922	158.801	158.914	1370	0	21
2026.01.13	16:10:00	158.914	158.93	158.837	158.863	1127	0	21
2026.01.13	16:20:00	158.864	158.883	158.791	158.83	1194	0	21
2026.01.13	16:30:00	158.829	158.937	158.812	158.928	1381	0	21
2026.01.13	16:40:00	158.931	158.986	158.879	158.903	1451	0	21
2026.01.13	16:50:00	158.903	158.953	158.876	158.897	1283	0	21
2026.01.13	17:00:00	158.9	159.005	158.847	159.001	1514	0	21
2026.01.13	17:10:00	158.999	159.053	158.945	158.97	1459	0	21
2026.01.13	17:20:00	158.969	159.011	158.919	158.984	1169	0	21
2026.01.13	17:30:00	158.985	159.077	158.949	158.995	1210	0	21
2026.01.13	17:40:00	158.994	159.036	158.989	159.024	1260	0	21
2026.01.13	17:50:00	159.025	159.032	158.863	158.916	1471	0	21
2026.01.13	18:00:00	158.917	159.074	158.893	159.062	1297	0	21
2026.01.13	18:10:00	159.063	159.179	159.048	159.15	1548	0	21
2026.01.13	18:20:00	159.15	159.173	159.118	159.154	1135	0	21
2026.01.13	18:30:00	159.155	159.166	159.086	159.114	873	0	21
2026.01.13	18:40:00	159.116	159.145	159.085	159.103	659	0	21
2026.01.13	18:50:00	159.104	159.115	159.042	159.057	879	0	21
2026.01.13	19:00:00	159.058	159.118	159.044	159.087	588	0	21
2026.01.13	19:10:00	159.087	159.13	159.086	159.1	599	0	21
2026.01.13	19:20:00	159.097	159.107	159.061	159.104	491	0	21
2026.01.13	19:30:00	159.104	159.109	159.009	159.012	540	0	21
2026.01.13	19:40:00	159.011	159.022	158.965	159.002	550	0	21
2026.01.13	19:50:00	159.002	159.042	158.986	159.016	596	0	21
2026.01.13	20:00:00	159.014	159.037	158.989	159.031	629	0	21
2026.01.13	20:10:00	159.03	159.069	159.016	159.016	456	0	21
2026.01.13	20:20:00	159.016	159.071	159.016	159.071	427	0	21
2026.01.13	20:30:00	159.071	159.083	159.055	159.058	253	0	21
2026.01.13	20:40:00	159.058	159.059	159.024	159.028	421	0	21
2026.01.13	20:50:00	159.026	159.039	159.015	159.031	392	0	21
2026.01.13	21:00:00	159.031	159.087	159.027	159.079	615	0	21
2026.01.13	21:10:00	159.078	159.082	159.053	159.069	446	0	21
2026.01.13	21:20:00	159.069	159.117	159.069	159.116	492	0	21
2026.01.13	21:30:00	159.116	159.134	159.116	159.122	363	0	21
2026.01.13	21:40:00	159.121	159.131	159.103	159.117	291	0	21
2026.01.13	21:50:00	159.116	159.119	159.098	159.104	398	0	21
2026.01.13	22:00:00	159.105	159.118	159.085	159.093	378	0	21
2026.01.13	22:10:00	159.092	159.107	159.078	159.095	250	0	21
2026.01.13	22:20:00	159.096	159.119	159.089	159.116	253	0	21
2026.01.13	22:30:00	159.115	159.148	159.095	159.13	406	0	21
2026.01.13	22:40:00	159.13	159.141	159.112	159.115	257	0	21
2026.01.13	22:50:00	159.113	159.117	159.094	159.107	392	0	21
2026.01.13	23:00:00	159.108	159.119	159.1	159.116	197	0	22
2026.01.13	23:10:00	159.117	159.146	159.116	159.129	190	0	21
2026.01.13	23:20:00	159.128	159.134	159.118	159.131	102	0	22
2026.01.13	23:30:00	159.132	159.135	159.123	159.129	89	0	22
2026.01.13	23:40:00	159.13	159.144	159.126	159.142	122	0	24
2026.01.13	23:50:00	159.142	159.162	159.093	159.093	230	0	21
2026.01.14	00:00:00	159.094	159.094	158.998	159.085	22	0	60
2026.01.14	00:10:00	159.095	159.164	159.095	159.096	36	0	36
2026.01.14	00:20:00	159.096	159.101	159.053	159.069	62	0	58
2026.01.14	00:30:00	159.07	159.089	159.016	159.087	226	0	64
2026.01.14	00:40:00	159.083	159.138	159.062	159.132	189	0	48
2026.01.14	00:50:00	159.131	159.141	159.026	159.079	481	0	44
2026.01.14	01:00:00	159.075	159.148	159.075	159.146	184	0	21
2026.01.14	01:10:00	159.146	159.171	159.122	159.126	201	0	23
2026.01.14	01:20:00	159.127	159.138	159.125	159.126	145	0	25
2026.01.14	01:30:00	159.127	159.185	159.124	159.182	217	0	24
2026.01.14	01:40:00	159.182	159.191	159.159	159.16	233	0	24
2026.01.14	01:50:00	159.159	159.189	159.138	159.186	390	0	21
2026.01.14	02:00:00	159.188	159.268	159.162	159.24	778	0	21
2026.01.14	02:10:00	159.239	159.274	159.16	159.16	452	0	21
2026.01.14	02:20:00	159.161	159.17	159.083	159.107	825	0	22
2026.01.14	02:30:00	159.109	159.143	159.1	159.123	584	0	21
2026.01.14	02:40:00	159.123	159.17	159.112	159.169	616	0	21
2026.01.14	02:50:00	159.168	159.213	159.119	159.184	1269	0	21
2026.01.14	03:00:00	159.184	159.356	159.183	159.356	991	0	21
2026.01.14	03:10:00	159.355	159.415	159.327	159.407	844	0	21
2026.01.14	03:20:00	159.406	159.41	159.368	159.393	436	0	21
2026.01.14	03:30:00	159.393	159.442	159.35	159.358	514	0	21
2026.01.14	03:40:00	159.356	159.369	159.295	159.315	529	0	21
2026.01.14	03:50:00	159.314	159.327	159.276	159.327	453	0	21
2026.01.14	04:00:00	159.326	159.381	159.28	159.353	770	0	21
2026.01.14	04:10:00	159.353	159.371	159.312	159.316	509	0	21
2026.01.14	04:20:00	159.315	159.336	159.224	159.251	542	0	21
2026.01.14	04:30:00	159.25	159.274	159.203	159.256	635	0	21
2026.01.14	04:40:00	159.257	159.304	159.2	159.203	470	0	21
2026.01.14	04:50:00	159.203	159.232	159.17	159.195	566	0	21
2026.01.14	05:00:00	159.194	159.195	159.078	159.15	516	0	21
2026.01.14	05:10:00	159.155	159.192	159.128	159.15	369	0	21
2026.01.14	05:20:00	159.15	159.188	159.146	159.185	274	0	21
2026.01.14	05:30:00	159.186	159.191	159.098	159.104	333	0	21
2026.01.14	05:40:00	159.103	159.131	159.071	159.129	526	0	21
2026.01.14	05:50:00	159.128	159.157	159.107	159.15	406	0	21
2026.01.14	06:00:00	159.152	159.191	159.115	159.165	361	0	21
2026.01.14	06:10:00	159.165	159.194	159.164	159.18	254	0	21
2026.01.14	06:20:00	159.18	159.221	159.176	159.205	309	0	21
2026.01.14	06:30:00	159.206	159.209	159.169	159.189	397	0	21
2026.01.14	06:40:00	159.188	159.232	159.176	159.216	299	0	21
2026.01.14	06:50:00	159.216	159.23	159.181	159.193	317	0	21
2026.01.14	07:00:00	159.193	159.202	159.153	159.174	323	0	21
2026.01.14	07:10:00	159.173	159.258	159.172	159.255	270	0	21
2026.01.14	07:20:00	159.256	159.284	159.245	159.277	312	0	21
2026.01.14	07:30:00	159.279	159.315	159.264	159.287	381	0	21
2026.01.14	07:40:00	159.288	159.328	159.265	159.306	347	0	21
2026.01.14	07:50:00	159.306	159.329	159.285	159.325	411	0	21
2026.01.14	08:00:00	159.323	159.339	159.25	159.269	469	0	21
2026.01.14	08:10:00	159.269	159.279	159.219	159.27	441	0	21
2026.01.14	08:20:00	159.27	159.312	159.259	159.303	434	0	21
2026.01.14	08:30:00	159.302	159.328	159.287	159.289	498	0	21
2026.01.14	08:40:00	159.289	159.289	159.175	159.195	740	0	21
2026.01.14	08:50:00	159.194	159.197	159.123	159.131	609	0	21
2026.01.14	09:00:00	159.132	159.17	159.101	159.156	695	0	21
2026.01.14	09:10:00	159.157	159.185	159.113	159.129	576	0	21
2026.01.14	09:20:00	159.13	159.161	159.103	159.141	769	0	21
2026.01.14	09:30:00	159.142	159.173	159.135	159.152	468	0	21
2026.01.14	09:40:00	159.152	159.169	159.134	159.139	323	0	21
2026.01.14	09:50:00	159.138	159.176	159.095	159.165	599	0	21
2026.01.14	10:00:00	159.164	159.181	159.002	159.105	1314	0	21
2026.01.14	10:10:00	159.104	159.18	159.063	159.134	1011	0	21
2026.01.14	10:20:00	159.133	159.143	159.037	159.053	941	0	21
2026.01.14	10:30:00	159.052	159.054	158.853	159.028	1866	0	21
2026.01.14	10:40:00	159.03	159.075	158.974	159.021	1734	0	21
2026.01.14	10:50:00	159.022	159.023	158.891	158.918	1446	0	21
2026.01.14	11:00:00	158.917	158.936	158.825	158.842	1231	0	21
2026.01.14	11:10:00	158.844	158.881	158.743	158.753	1103	0	21
2026.01.14	11:20:00	158.752	158.837	158.661	158.798	1396	0	21
2026.01.14	11:30:00	158.798	158.855	158.779	158.855	808	0	21
2026.01.14	11:40:00	158.854	158.877	158.793	158.805	796	0	21
2026.01.14	11:50:00	158.806	158.827	158.714	158.749	1025	0	21
2026.01.14	12:00:00	158.751	158.797	158.679	158.795	1030	0	21
2026.01.14	12:10:00	158.796	158.803	158.724	158.726	676	0	21
2026.01.14	12:20:00	158.726	158.778	158.675	158.679	971	0	21
2026.01.14	12:30:00	158.678	158.714	158.624	158.638	799	0	21
2026.01.14	12:40:00	158.637	158.644	158.571	158.589	976	0	21
2026.01.14	12:50:00	158.589	158.681	158.586	158.673	1147	0	21
2026.01.14	13:00:00	158.674	158.73	158.635	158.722	852	0	21
2026.01.14	13:10:00	158.721	158.76	158.707	158.737	664	0	21
2026.01.14	13:20:00	158.736	158.764	158.722	158.748	541	0	21
2026.01.14	13:30:00	158.747	158.752	158.725	158.733	413	0	21
2026.01.14	13:40:00	158.732	158.792	158.729	158.786	499	0	21
2026.01.14	13:50:00	158.785	158.811	158.56	158.702	639	0	21
2026.01.14	14:00:00	158.701	158.702	158.139	158.659	2766	0	21
2026.01.14	14:10:00	158.659	158.696	158.61	158.635	1132	0	21
2026.01.14	14:20:00	158.635	158.707	158.586	158.625	794	0	21
2026.01.14	14:30:00	158.624	158.636	158.517	158.609	958	0	21
2026.01.14	14:40:00	158.608	158.638	158.561	158.582	913	0	21
2026.01.14	14:50:00	158.581	158.611	158.52	158.547	1208	0	21
2026.01.14	15:00:00	158.548	158.637	158.492	158.627	1272	0	21
2026.01.14	15:10:00	158.626	158.626	158.582	158.595	896	0	21
2026.01.14	15:20:00	158.595	158.674	158.59	158.628	797	0	21
2026.01.14	15:30:00	158.623	158.73	158.528	158.586	1522	0	21
2026.01.14	15:40:00	158.586	158.631	158.51	158.594	1148	0	21
2026.01.14	15:50:00	158.592	158.636	158.545	158.586	935	0	21
2026.01.14	16:00:00	158.586	158.661	158.31	158.371	1502	0	21
2026.01.14	16:10:00	158.371	158.452	158.229	158.286	1644	0	21
2026.01.14	16:20:00	158.287	158.314	158.191	158.236	1684	0	21
2026.01.14	16:30:00	158.237	158.343	158.193	158.264	2317	0	21
2026.01.14	16:40:00	158.264	158.268	158.146	158.237	2222	0	21
2026.01.14	16:50:00	158.236	158.268	158.167	158.203	1805	0	21
2026.01.14	17:00:00	158.196	158.342	158.196	158.267	2294	0	21
2026.01.14	17:10:00	158.267	158.403	158.205	158.299	2155	0	21
2026.01.14	17:20:00	158.298	158.379	158.267	158.273	1079	0	21
2026.01.14	17:30:00	158.272	158.34	158.21	158.226	1416	0	21
2026.01.14	17:40:00	158.225	158.267	158.17	158.219	1126	0	21
2026.01.14	17:50:00	158.218	158.253	158.094	158.113	1016	0	21
2026.01.14	18:00:00	158.113	158.168	158.091	158.11	756	0	21
2026.01.14	18:10:00	158.11	158.188	158.105	158.169	681	0	21
2026.01.14	18:20:00	158.172	158.274	158.154	158.227	981	0	21
2026.01.14	18:30:00	158.228	158.259	158.17	158.189	795	0	21
2026.01.14	18:40:00	158.188	158.19	158.122	158.15	1011	0	21
2026.01.14	18:50:00	158.15	158.167	158.11	158.125	793	0	21
2026.01.14	19:00:00	158.124	158.176	158.111	158.165	636	0	21
2026.01.14	19:10:00	158.165	158.242	158.162	158.22	664	0	21
2026.01.14	19:20:00	158.221	158.278	158.214	158.262	618	0	21
2026.01.14	19:30:00	158.26	158.3	158.244	158.29	540	0	21
2026.01.14	19:40:00	158.29	158.331	158.275	158.285	485	0	21
2026.01.14	19:50:00	158.286	158.328	158.284	158.29	381	0	21
2026.01.14	20:00:00	158.29	158.372	158.29	158.366	444	0	21
2026.01.14	20:10:00	158.366	158.397	158.354	158.388	314	0	21
2026.01.14	20:20:00	158.388	158.403	158.375	158.385	479	0	21
2026.01.14	20:30:00	158.385	158.387	158.299	158.326	621	0	21
2026.01.14	20:40:00	158.325	158.35	158.31	158.347	407	0	21
2026.01.14	20:50:00	158.348	158.453	158.347	158.453	524	0	21
2026.01.14	21:00:00	158.456	158.466	158.411	158.434	731	0	21
2026.01.14	21:10:00	158.433	158.461	158.411	158.452	323	0	21
2026.01.14	21:20:00	158.455	158.47	158.436	158.451	387	0	21
2026.01.14	21:30:00	158.45	158.482	158.436	158.462	426	0	21
2026.01.14	21:40:00	158.463	158.508	158.446	158.493	323	0	21
2026.01.14	21:50:00	158.494	158.505	158.46	158.493	599	0	21
2026.01.14	22:00:00	158.492	158.557	158.448	158.526	1115	0	21
2026.01.14	22:10:00	158.526	158.559	158.501	158.53	733	0	21
2026.01.14	22:20:00	158.529	158.546	158.521	158.522	501	0	21
2026.01.14	22:30:00	158.523	158.526	158.486	158.512	517	0	21
2026.01.14	22:40:00	158.513	158.565	158.506	158.56	672	0	21
2026.01.14	22:50:00	158.56	158.586	158.54	158.579	620	0	21
2026.01.14	23:00:00	158.578	158.587	158.55	158.55	346	0	21
2026.01.14	23:10:00	158.55	158.561	158.52	158.535	214	0	21
2026.01.14	23:20:00	158.536	158.548	158.502	158.533	215	0	21
2026.01.14	23:30:00	158.534	158.539	158.501	158.502	166	0	22
2026.01.14	23:40:00	158.501	158.508	158.48	158.501	159	0	21
2026.01.14	23:50:00	158.501	158.507	158.38	158.38	672	0	25
2026.01.15	00:00:00	158.365	158.383	158.324	158.365	25	0	70
2026.01.15	00:10:00	158.356	158.37	158.343	158.351	47	0	103
2026.01.15	00:20:00	158.351	158.378	158.341	158.364	95	0	106
2026.01.15	00:30:00	158.365	158.384	158.188	158.197	317	0	44
2026.01.15	00:40:00	158.199	158.266	158.181	158.223	290	0	62
2026.01.15	00:50:00	158.223	158.251	158.185	158.247	142	0	78
2026.01.15	01:00:00	158.246	158.287	158.236	158.265	261	0	22
2026.01.15	01:10:00	158.267	158.284	158.245	158.282	88	0	22
2026.01.15	01:20:00	158.285	158.351	158.268	158.348	256	0	24
2026.01.15	01:30:00	158.347	158.394	158.339	158.393	213	0	23
2026.01.15	01:40:00	158.392	158.414	158.346	158.371	612	0	21
2026.01.15	01:50:00	158.371	158.419	158.353	158.408	417	0	22
2026.01.15	02:00:00	158.41	158.53	158.41	158.53	858	0	21
2026.01.15	02:10:00	158.53	158.546	158.449	158.467	606	0	21
2026.01.15	02:20:00	158.467	158.523	158.429	158.523	537	0	21
2026.01.15	02:30:00	158.523	158.555	158.481	158.53	725	0	21
2026.01.15	02:40:00	158.531	158.564	158.508	158.528	782	0	21
2026.01.15	02:50:00	158.532	158.533	158.37	158.398	1596	0	21
2026.01.15	03:00:00	158.4	158.421	158.326	158.372	975	0	21
2026.01.15	03:10:00	158.373	158.378	158.301	158.361	1110	0	21
2026.01.15	03:20:00	158.363	158.394	158.332	158.391	792	0	21
2026.01.15	03:30:00	158.392	158.425	158.3	158.301	930	0	21
2026.01.15	03:40:00	158.301	158.336	158.217	158.294	1093	0	21
2026.01.15	03:50:00	158.295	158.343	158.247	158.342	794	0	21
2026.01.15	04:00:00	158.343	158.383	158.307	158.327	770	0	21
2026.01.15	04:10:00	158.326	158.355	158.299	158.349	592	0	21
2026.01.15	04:20:00	158.349	158.459	158.338	158.458	527	0	21
2026.01.15	04:30:00	158.457	158.481	158.434	158.47	515	0	21
2026.01.15	04:40:00	158.47	158.533	158.456	158.507	837	0	21
2026.01.15	04:50:00	158.508	158.525	158.49	158.509	583	0	21
2026.01.15	05:00:00	158.509	158.574	158.483	158.573	479	0	21
2026.01.15	05:10:00	158.574	158.631	158.554	158.592	527	0	21
2026.01.15	05:20:00	158.592	158.6	158.526	158.526	486	0	21
2026.01.15	05:30:00	158.527	158.56	158.525	158.556	537	0	21
2026.01.15	05:40:00	158.555	158.563	158.51	158.536	547	0	21
2026.01.15	05:50:00	158.536	158.555	158.497	158.502	497	0	21
2026.01.15	06:00:00	158.502	158.514	158.466	158.49	266	0	21
2026.01.15	06:10:00	158.491	158.531	158.482	158.528	261	0	21
2026.01.15	06:20:00	158.528	158.592	158.521	158.581	304	0	21
2026.01.15	06:30:00	158.581	158.621	158.541	158.541	334	0	21
2026.01.15	06:40:00	158.541	158.615	158.536	158.593	364	0	21
2026.01.15	06:50:00	158.592	158.635	158.565	158.581	382	0	21
2026.01.15	07:00:00	158.582	158.604	158.489	158.504	675	0	21
2026.01.15	07:10:00	158.505	158.546	158.48	158.494	506	0	21
2026.01.15	07:20:00	158.493	158.509	158.474	158.481	424	0	21
2026.01.15	07:30:00	158.481	158.519	158.477	158.494	297	0	21
2026.01.15	07:40:00	158.495	158.531	158.436	158.448	384	0	21
2026.01.15	07:50:00	158.449	158.449	158.369	158.421	601	0	21
2026.01.15	08:00:00	158.417	158.442	158.387	158.394	788	0	21
2026.01.15	08:10:00	158.394	158.535	158.394	158.535	704	0	21
2026.01.15	08:20:00	158.536	158.56	158.496	158.54	725	0	21
2026.01.15	08:30:00	158.541	158.586	158.536	158.573	513	0	21
2026.01.15	08:40:00	158.573	158.64	158.558	158.605	695	0	21
2026.01.15	08:50:00	158.604	158.611	158.576	158.601	460	0	21
2026.01.15	09:00:00	158.602	158.63	158.539	158.618	956	0	21
2026.01.15	09:10:00	158.619	158.683	158.592	158.646	832	0	21
2026.01.15	09:20:00	158.647	158.72	158.494	158.561	1162	0	21
2026.01.15	09:30:00	158.561	158.621	158.515	158.524	637	0	21
2026.01.15	09:40:00	158.525	158.545	158.441	158.468	769	0	21
2026.01.15	09:50:00	158.469	158.571	158.469	158.569	735	0	21
2026.01.15	10:00:00	158.57	158.643	158.528	158.628	1003	0	21
2026.01.15	10:10:00	158.627	158.691	158.626	158.667	1006	0	21
2026.01.15	10:20:00	158.668	158.693	158.567	158.57	916	0	21
2026.01.15	10:30:00	158.568	158.623	158.563	158.605	742	0	21
2026.01.15	10:40:00	158.604	158.702	158.6	158.679	786	0	21
2026.01.15	10:50:00	158.68	158.685	158.629	158.678	926	0	21
2026.01.15	11:00:00	158.679	158.689	158.615	158.617	800	0	21
2026.01.15	11:10:00	158.618	158.671	158.315	158.469	1621	0	21
2026.01.15	11:20:00	158.469	158.533	158.38	158.459	1144	0	21
2026.01.15	11:30:00	158.461	158.492	158.329	158.392	1036	0	21
2026.01.15	11:40:00	158.392	158.428	158.335	158.384	758	0	21
2026.01.15	11:50:00	158.383	158.388	158.29	158.387	622	0	21
2026.01.15	12:00:00	158.385	158.385	158.334	158.372	662	0	21
2026.01.15	12:10:00	158.372	158.424	158.343	158.408	606	0	21
2026.01.15	12:20:00	158.407	158.441	158.395	158.425	571	0	21
2026.01.15	12:30:00	158.426	158.46	158.401	158.423	601	0	22
2026.01.15	12:40:00	158.424	158.446	158.406	158.418	548	0	21
2026.01.15	12:50:00	158.419	158.46	158.418	158.454	627	0	21
2026.01.15	13:00:00	158.454	158.467	158.423	158.457	591	0	21
2026.01.15	13:10:00	158.459	158.489	158.439	158.48	348	0	21
2026.01.15	13:20:00	158.48	158.5	158.463	158.48	448	0	21
2026.01.15	13:30:00	158.482	158.493	158.451	158.479	390	0	21
2026.01.15	13:40:00	158.478	158.549	158.478	158.546	385	0	21
2026.01.15	13:50:00	158.546	158.555	158.515	158.555	413	0	21
2026.01.15	14:00:00	158.558	158.573	158.529	158.542	349	0	21
2026.01.15	14:10:00	158.542	158.584	158.534	158.537	519	0	21
2026.01.15	14:20:00	158.539	158.55	158.489	158.501	299	0	21
2026.01.15	14:30:00	158.502	158.55	158.478	158.546	418	0	21
2026.01.15	14:40:00	158.546	158.575	158.514	158.554	519	0	21
2026.01.15	14:50:00	158.553	158.593	158.541	158.585	939	0	21
2026.01.15	15:00:00	158.586	158.607	158.542	158.543	831	0	21
2026.01.15	15:10:00	158.544	158.622	158.543	158.578	740	0	21
2026.01.15	15:20:00	158.577	158.585	158.542	158.552	751	0	21
2026.01.15	15:30:00	158.551	158.766	158.551	158.76	1804	0	21
2026.01.15	15:40:00	158.761	158.783	158.715	158.771	1303	0	21
2026.01.15	15:50:00	158.774	158.843	158.745	158.817	1013	0	21
2026.01.15	16:00:00	158.815	158.867	158.771	158.787	1082	0	21
2026.01.15	16:10:00	158.787	158.788	158.683	158.688	898	0	21
2026.01.15	16:20:00	158.689	158.712	158.635	158.705	966	0	21
2026.01.15	16:30:00	158.705	158.77	158.654	158.767	1232	0	21
2026.01.15	16:40:00	158.766	158.84	158.749	158.768	1223	0	21
2026.01.15	16:50:00	158.773	158.795	158.688	158.728	1040	0	21
2026.01.15	17:00:00	158.728	158.731	158.615	158.666	1033	0	21
2026.01.15	17:10:00	158.666	158.699	158.626	158.629	729	0	21
2026.01.15	17:20:00	158.629	158.653	158.57	158.571	1065	0	21
2026.01.15	17:30:00	158.572	158.612	158.5	158.555	1187	0	21
2026.01.15	17:40:00	158.555	158.576	158.483	158.516	769	0	21
2026.01.15	17:50:00	158.517	158.551	158.463	158.526	1223	0	21
2026.01.15	18:00:00	158.525	158.558	158.494	158.508	968	0	21
2026.01.15	18:10:00	158.517	158.531	158.466	158.492	609	0	21
2026.01.15	18:20:00	158.491	158.495	158.402	158.447	556	0	21
2026.01.15	18:30:00	158.446	158.472	158.433	158.46	681	0	21
2026.01.15	18:40:00	158.461	158.515	158.454	158.507	580	0	21
2026.01.15	18:50:00	158.507	158.532	158.466	158.488	656	0	21
2026.01.15	19:00:00	158.489	158.511	158.475	158.495	537	0	21
2026.01.15	19:10:00	158.495	158.498	158.435	158.448	453	0	21
2026.01.15	19:20:00	158.449	158.49	158.446	158.448	484	0	21
2026.01.15	19:30:00	158.449	158.477	158.446	158.458	534	0	21
2026.01.15	19:40:00	158.457	158.478	158.456	158.47	382	0	21
2026.01.15	19:50:00	158.47	158.527	158.465	158.497	529	0	21
2026.01.15	20:00:00	158.497	158.511	158.464	158.48	613	0	21
2026.01.15	20:10:00	158.478	158.51	158.478	158.495	442	0	21
2026.01.15	20:20:00	158.494	158.505	158.474	158.483	427	0	21
2026.01.15	20:30:00	158.482	158.5	158.466	158.481	496	0	21
2026.01.15	20:40:00	158.48	158.49	158.47	158.482	216	0	21
2026.01.15	20:50:00	158.473	158.494	158.469	158.481	400	0	21
2026.01.15	21:00:00	158.48	158.525	158.48	158.503	522	0	21
2026.01.15	21:10:00	158.503	158.506	158.468	158.476	484	0	21
2026.01.15	21:20:00	158.477	158.48	158.452	158.466	361	0	21
2026.01.15	21:30:00	158.465	158.528	158.465	158.527	522	0	21
2026.01.15	21:40:00	158.528	158.549	158.514	158.544	456	0	21
2026.01.15	21:50:00	158.542	158.546	158.514	158.516	444	0	21
2026.01.15	22:00:00	158.515	158.528	158.502	158.507	367	0	21
2026.01.15	22:10:00	158.507	158.552	158.504	158.551	357	0	21
2026.01.15	22:20:00	158.552	158.585	158.544	158.569	595	0	21
2026.01.15	22:30:00	158.568	158.61	158.563	158.605	408	0	21
2026.01.15	22:40:00	158.601	158.616	158.578	158.614	333	0	21
2026.01.15	22:50:00	158.614	158.635	158.597	158.63	417	0	21
2026.01.15	23:00:00	158.63	158.663	158.617	158.655	290	0	21
2026.01.15	23:10:00	158.655	158.657	158.637	158.653	108	0	21
2026.01.15	23:20:00	158.652	158.652	158.594	158.607	289	0	21
2026.01.15	23:30:00	158.606	158.63	158.601	158.62	223	0	21
2026.01.15	23:40:00	158.619	158.642	158.619	158.638	169	0	21
2026.01.15	23:50:00	158.638	158.642	158.567	158.567	434	0	25
2026.01.16	00:00:00	158.558	158.564	158.544	158.554	25	0	131
2026.01.16	00:10:00	158.548	158.576	158.548	158.566	20	0	105
2026.01.16	00:20:00	158.566	158.58	158.546	158.58	36	0	76
2026.01.16	00:30:00	158.569	158.581	158.568	158.579	45	0	67
2026.01.16	00:40:00	158.578	158.597	158.554	158.58	281	0	66
2026.01.16	00:50:00	158.581	158.604	158.572	158.601	191	0	58
2026.01.16	01:00:00	158.601	158.66	158.557	158.629	128	0	21
2026.01.16	01:10:00	158.628	158.629	158.59	158.627	209	0	23
2026.01.16	01:20:00	158.627	158.65	158.626	158.634	160	0	26
2026.01.16	01:30:00	158.635	158.657	158.614	158.629	362	0	23
2026.01.16	01:40:00	158.634	158.64	158.581	158.619	348	0	23
2026.01.16	01:50:00	158.618	158.619	158.552	158.579	186	0	21
2026.01.16	02:00:00	158.579	158.587	158.52	158.535	580	0	21
2026.01.16	02:10:00	158.535	158.578	158.507	158.569	487	0	21
2026.01.16	02:20:00	158.569	158.585	158.546	158.581	297	0	21
2026.01.16	02:30:00	158.579	158.598	158.528	158.53	454	0	21
2026.01.16	02:40:00	158.53	158.633	158.528	158.632	482	0	21
2026.01.16	02:50:00	158.633	158.695	158.621	158.643	1239	0	21
2026.01.16	03:00:00	158.642	158.671	158.566	158.569	734	0	21
2026.01.16	03:10:00	158.576	158.579	158.493	158.5	618	0	21
2026.01.16	03:20:00	158.501	158.528	158.461	158.494	519	0	21
2026.01.16	03:30:00	158.493	158.525	158.463	158.496	507	0	21
2026.01.16	03:40:00	158.496	158.533	158.495	158.505	420	0	21
2026.01.16	03:50:00	158.506	158.599	158.505	158.586	544	0	21
2026.01.16	04:00:00	158.587	158.62	158.505	158.52	511	0	21
2026.01.16	04:10:00	158.52	158.574	158.408	158.461	677	0	21
2026.01.16	04:20:00	158.462	158.468	158.328	158.398	1012	0	21
2026.01.16	04:30:00	158.398	158.41	158.177	158.192	1048	0	21
2026.01.16	04:40:00	158.193	158.248	157.951	158.181	1753	0	21
2026.01.16	04:50:00	158.181	158.331	158.157	158.293	922	0	21
2026.01.16	05:00:00	158.29	158.299	158.171	158.193	756	0	21
2026.01.16	05:10:00	158.193	158.218	158.125	158.192	753	0	21
2026.01.16	05:20:00	158.193	158.255	158.186	158.204	439	0	21
2026.01.16	05:30:00	158.203	158.222	158.145	158.145	386	0	21
2026.01.16	05:40:00	158.144	158.157	158.108	158.138	391	0	21
2026.01.16	05:50:00	158.139	158.184	158.097	158.097	499	0	21
2026.01.16	06:00:00	158.095	158.194	158.088	158.181	443	0	21
2026.01.16	06:10:00	158.181	158.242	158.18	158.24	499	0	21
2026.01.16	06:20:00	158.24	158.241	158.183	158.184	312	0	21
2026.01.16	06:30:00	158.184	158.222	158.15	158.22	298	0	21
2026.01.16	06:40:00	158.219	158.266	158.205	158.266	297	0	21
2026.01.16	06:50:00	158.266	158.28	158.238	158.265	317	0	21
2026.01.16	07:00:00	158.266	158.282	158.239	158.24	264	0	21
2026.01.16	07:10:00	158.241	158.295	158.236	158.281	281	0	21
2026.01.16	07:20:00	158.282	158.283	158.241	158.244	280	0	21
2026.01.16	07:30:00	158.244	158.258	158.214	158.253	353	0	21
2026.01.16	07:40:00	158.253	158.303	158.237	158.289	275	0	21
2026.01.16	07:50:00	158.302	158.369	158.296	158.366	433	0	21
2026.01.16	08:00:00	158.367	158.378	158.325	158.376	338	0	21
2026.01.16	08:10:00	158.377	158.398	158.371	158.389	464	0	21
2026.01.16	08:20:00	158.385	158.425	158.366	158.374	419	0	21
2026.01.16	08:30:00	158.376	158.422	158.369	158.41	401	0	21
2026.01.16	08:40:00	158.411	158.439	158.335	158.432	437	0	21
2026.01.16	08:50:00	158.432	158.436	158.374	158.375	291	0	21
2026.01.16	09:00:00	158.376	158.392	158.299	158.336	555	0	21
2026.01.16	09:10:00	158.335	158.355	158.264	158.289	628	0	21
2026.01.16	09:20:00	158.289	158.29	158.174	158.184	831	0	21
2026.01.16	09:30:00	158.185	158.257	158.149	158.217	1174	0	21
2026.01.16	09:40:00	158.217	158.223	158.087	158.118	1322	0	21
2026.01.16	09:50:00	158.119	158.167	158.1	158.155	1058	0	21
2026.01.16	10:00:00	158.156	158.243	158.107	158.134	1255	0	21
2026.01.16	10:10:00	158.133	158.199	158.128	158.167	775	0	21
2026.01.16	10:20:00	158.168	158.202	158.085	158.135	916	0	21
2026.01.16	10:30:00	158.136	158.148	158.0	158.059	1208	0	21
2026.01.16	10:40:00	158.058	158.109	158.058	158.072	649	0	21
2026.01.16	10:50:00	158.076	158.219	158.049	158.199	775	0	21
2026.01.16	11:00:00	158.198	158.202	158.103	158.107	722	0	21
2026.01.16	11:10:00	158.107	158.154	158.068	158.132	490	0	21
2026.01.16	11:20:00	158.132	158.148	158.095	158.117	695	0	21
2026.01.16	11:30:00	158.116	158.155	158.063	158.131	757	0	21
2026.01.16	11:40:00	158.132	158.146	158.073	158.104	637	0	21
2026.01.16	11:50:00	158.105	158.191	158.103	158.183	719	0	21
2026.01.16	12:00:00	158.184	158.19	158.125	158.188	758	0	21
2026.01.16	12:10:00	158.188	158.208	158.122	158.132	709	0	21
2026.01.16	12:20:00	158.131	158.145	158.089	158.096	594	0	21
2026.01.16	12:30:00	158.093	158.111	158.066	158.094	714	0	21
2026.01.16	12:40:00	158.095	158.133	158.08	158.126	438	0	21
2026.01.16	12:50:00	158.127	158.136	158.09	158.113	451	0	21
2026.01.16	13:00:00	158.113	158.142	158.067	158.086	643	0	21
2026.01.16	13:10:00	158.085	158.097	158.049	158.092	592	0	21
2026.01.16	13:20:00	158.092	158.115	158.063	158.106	502	0	21
2026.01.16	13:30:00	158.108	158.108	158.053	158.053	541	0	21
2026.01.16	13:40:00	158.055	158.073	158.039	158.053	384	0	21
2026.01.16	13:50:00	158.052	158.086	158.042	158.083	558	0	21
2026.01.16	14:00:00	158.082	158.16	158.064	158.139	678	0	21
2026.01.16	14:10:00	158.139	158.155	158.114	158.135	694	0	21
2026.01.16	14:20:00	158.135	158.191	158.123	158.186	579	0	21
2026.01.16	14:30:00	158.187	158.214	158.144	158.149	680	0	21
2026.01.16	14:40:00	158.149	158.17	158.132	158.156	551	0	21
2026.01.16	14:50:00	158.156	158.185	158.125	158.14	695	0	21
2026.01.16	15:00:00	158.141	158.142	158.062	158.091	623	0	21
2026.01.16	15:10:00	158.091	158.107	158.052	158.055	857	0	21
2026.01.16	15:20:00	158.055	158.123	158.05	158.109	849	0	21
2026.01.16	15:30:00	158.108	158.11	158.025	158.029	780	0	21
2026.01.16	15:40:00	158.03	158.049	157.995	158.006	611	0	21
2026.01.16	15:50:00	158.006	158.036	157.932	158.009	604	0	21
2026.01.16	16:00:00	158.009	158.093	157.987	158.073	725	0	21
2026.01.16	16:10:00	158.073	158.079	158.036	158.052	397	0	21
2026.01.16	16:20:00	158.052	158.107	158.039	158.046	670	0	21
2026.01.16	16:30:00	158.048	158.091	157.986	158.008	867	0	21
2026.01.16	16:40:00	158.008	158.043	157.963	157.98	697	0	21
2026.01.16	16:50:00	157.981	157.982	157.831	157.897	1055	0	21
2026.01.16	17:00:00	157.896	157.896	157.81	157.848	1154	0	21
2026.01.16	17:10:00	157.848	157.999	157.831	157.973	1132	0	21
2026.01.16	17:20:00	157.967	158.096	157.874	158.056	2298	0	21
2026.01.16	17:30:00	158.059	158.115	158.036	158.114	1741	0	21
2026.01.16	17:40:00	158.113	158.255	158.112	158.128	1780	0	21
2026.01.16	17:50:00	158.127	158.152	157.994	158.052	1552	0	21
2026.01.16	18:00:00	158.053	158.086	157.992	158.042	1289	0	21
2026.01.16	18:10:00	158.041	158.059	157.924	158.03	1291	0	21
2026.01.16	18:20:00	158.03	158.056	157.991	158.02	1014	0	21
2026.01.16	18:30:00	158.02	158.09	158.02	158.055	781	0	21
2026.01.16	18:40:00	158.055	158.055	157.96	158.004	797	0	21
2026.01.16	18:50:00	158.003	158.019	157.974	158.011	664	0	21
2026.01.16	19:00:00	158.012	158.081	158.009	158.038	784	0	21
2026.01.16	19:10:00	158.039	158.086	158.013	158.086	502	0	21
2026.01.16	19:20:00	158.084	158.114	158.069	158.085	302	0	21
2026.01.16	19:30:00	158.084	158.105	158.068	158.081	377	0	21
2026.01.16	19:40:00	158.08	158.118	158.079	158.117	429	0	21
2026.01.16	19:50:00	158.116	158.149	158.09	158.13	424	0	21
2026.01.16	20:00:00	158.131	158.207	158.127	158.169	390	0	21
2026.01.16	20:10:00	158.169	158.214	158.166	158.212	398	0	21
2026.01.16	20:20:00	158.212	158.231	158.177	158.179	440	0	21
2026.01.16	20:30:00	158.18	158.197	158.163	158.163	359	0	21
2026.01.16	20:40:00	158.164	158.165	158.116	158.135	344	0	21
2026.01.16	20:50:00	158.134	158.168	158.118	158.168	315	0	21
2026.01.16	21:00:00	158.168	158.197	158.16	158.179	469	0	21
2026.01.16	21:10:00	158.18	158.2	158.16	158.191	261	0	21
2026.01.16	21:20:00	158.19	158.191	158.149	158.151	236	0	21
2026.01.16	21:30:00	158.15	158.164	158.135	158.145	256	0	21
2026.01.16	21:40:00	158.146	158.151	158.103	158.115	244	0	21
2026.01.16	21:50:00	158.114	158.117	158.09	158.111	298	0	21
2026.01.16	22:00:00	158.11	158.111	158.079	158.08	313	0	21
2026.01.16	22:10:00	158.079	158.081	158.054	158.065	244	0	21
2026.01.16	22:20:00	158.064	158.075	158.045	158.048	263	0	21
2026.01.16	22:30:00	158.047	158.077	158.028	158.055	358	0	21
2026.01.16	22:40:00	158.055	158.083	158.055	158.065	205	0	21
2026.01.16	22:50:00	158.064	158.081	158.031	158.066	295	0	21
2026.01.16	23:00:00	158.067	158.08	158.052	158.079	234	0	21
2026.01.16	23:10:00	158.078	158.105	158.078	158.095	173	0	22
2026.01.16	23:20:00	158.095	158.095	158.057	158.08	139	0	21
2026.01.16	23:30:00	158.081	158.097	158.067	158.097	74	0	23
2026.01.16	23:40:00	158.095	158.12	158.089	158.117	374	0	24
2026.01.16	23:50:00	158.116	158.126	158.065	158.085	637	0	27
2026.01.19	00:00:00	157.883	157.906	157.769	157.902	76	0	48
2026.01.19	00:10:00	157.908	157.935	157.873	157.935	70	0	37
2026.01.19	00:20:00	157.935	157.954	157.839	157.856	115	0	37
2026.01.19	00:30:00	157.856	157.884	157.836	157.857	618	0	48
2026.01.19	00:40:00	157.864	157.875	157.84	157.856	318	0	62
2026.01.19	00:50:00	157.857	157.865	157.789	157.833	261	0	39
2026.01.19	01:00:00	157.833	157.834	157.628	157.677	1108	0	21
2026.01.19	01:10:00	157.677	157.806	157.649	157.673	1335	0	21
2026.01.19	01:20:00	157.671	157.709	157.64	157.666	1015	0	21
2026.01.19	01:30:00	157.665	157.706	157.574	157.607	1309	0	21
2026.01.19	01:40:00	157.608	157.611	157.49	157.493	1197	0	21
2026.01.19	01:50:00	157.496	157.582	157.488	157.539	1014	0	21
2026.01.19	02:00:00	157.54	157.782	157.505	157.772	1403	0	21
2026.01.19	02:10:00	157.774	157.867	157.643	157.696	1470	0	21
2026.01.19	02:20:00	157.695	157.717	157.567	157.655	1465	0	21
2026.01.19	02:30:00	157.655	157.673	157.539	157.584	1383	0	21
2026.01.19	02:40:00	157.583	157.594	157.507	157.58	1108	0	21
2026.01.19	02:50:00	157.58	157.593	157.434	157.463	1478	0	21
2026.01.19	03:00:00	157.462	157.609	157.436	157.56	1292	0	21
2026.01.19	03:10:00	157.564	157.565	157.425	157.444	1276	0	21
2026.01.19	03:20:00	157.445	157.492	157.413	157.432	1159	0	21
2026.01.19	03:30:00	157.439	157.55	157.43	157.535	946	0	21
2026.01.19	03:40:00	157.535	157.66	157.531	157.657	641	0	21
2026.01.19	03:50:00	157.658	157.687	157.62	157.673	722	0	21
2026.01.19	04:00:00	157.674	157.756	157.672	157.742	750	0	21
2026.01.19	04:10:00	157.733	157.816	157.733	157.799	816	0	21
2026.01.19	04:20:00	157.799	157.856	157.751	157.778	394	0	21
2026.01.19	04:30:00	157.78	157.877	157.763	157.84	534	0	21
2026.01.19	04:40:00	157.841	157.917	157.84	157.913	447	0	21
2026.01.19	04:50:00	157.911	157.917	157.849	157.853	480	0	21
2026.01.19	05:00:00	157.855	157.89	157.823	157.889	540	0	21
2026.01.19	05:10:00	157.888	157.935	157.864	157.869	527	0	21
2026.01.19	05:20:00	157.868	157.871	157.8	157.808	794	0	21
2026.01.19	05:30:00	157.808	157.903	157.806	157.903	728	0	21
2026.01.19	05:40:00	157.902	157.915	157.851	157.881	450	0	21
2026.01.19	05:50:00	157.882	157.89	157.858	157.869	553	0	21
2026.01.19	06:00:00	157.87	157.87	157.812	157.854	442	0	21
2026.01.19	06:10:00	157.853	157.906	157.847	157.88	318	0	21
2026.01.19	06:20:00	157.88	157.884	157.827	157.841	359	0	21
2026.01.19	06:30:00	157.841	157.865	157.832	157.857	302	0	21
2026.01.19	06:40:00	157.855	157.866	157.813	157.831	435	0	21
2026.01.19	06:50:00	157.831	157.868	157.811	157.816	586	0	21
2026.01.19	07:00:00	157.813	157.817	157.753	157.753	538	0	21
2026.01.19	07:10:00	157.754	157.82	157.743	157.79	341	0	21
2026.01.19	07:20:00	157.789	157.796	157.749	157.793	285	0	21
2026.01.19	07:30:00	157.797	157.883	157.781	157.882	427	0	21
2026.01.19	07:40:00	157.881	157.938	157.88	157.911	457	0	21
2026.01.19	07:50:00	157.91	157.915	157.88	157.889	576	0	21
2026.01.19	08:00:00	157.888	157.901	157.865	157.89	316	0	21
2026.01.19	08:10:00	157.89	157.926	157.824	157.838	395	0	21
2026.01.19	08:20:00	157.839	157.881	157.837	157.875	550	0	21
2026.01.19	08:30:00	157.876	157.911	157.868	157.87	545	0	21
2026.01.19	08:40:00	157.869	157.881	157.827	157.836	361	0	21
2026.01.19	08:50:00	157.837	157.838	157.779	157.802	494	0	21
2026.01.19	09:00:00	157.801	157.842	157.792	157.795	884	0	21
2026.01.19	09:10:00	157.796	157.797	157.733	157.789	868	0	21
2026.01.19	09:20:00	157.79	157.912	157.79	157.902	624	0	21
2026.01.19	09:30:00	157.908	157.971	157.887	157.969	886	0	21
2026.01.19	09:40:00	157.968	158.059	157.968	158.035	870	0	21
2026.01.19	09:50:00	158.03	158.111	158.018	158.066	696	0	21
2026.01.19	10:00:00	158.067	158.132	157.998	158.132	1096	0	21
2026.01.19	10:10:00	158.133	158.139	158.039	158.062	923	0	21
2026.01.19	10:20:00	158.062	158.108	158.027	158.102	912	0	21
2026.01.19	10:30:00	158.106	158.117	157.994	158.041	648	0	21
2026.01.19	10:40:00	158.038	158.046	157.987	157.992	625	0	21
2026.01.19	10:50:00	157.995	158.041	157.992	158.014	635	0	21
2026.01.19	11:00:00	158.014	158.145	157.931	158.068	1025	0	21
2026.01.19	11:10:00	158.076	158.131	157.957	158.014	1580	0	21
2026.01.19	11:20:00	158.019	158.1	158.017	158.051	1311	0	21
2026.01.19	11:30:00	158.053	158.154	158.053	158.067	1401	0	21
2026.01.19	11:40:00	158.071	158.087	157.848	157.955	1474	0	21
2026.01.19	11:50:00	157.956	158.018	157.91	157.913	821	0	21
2026.01.19	12:00:00	157.914	157.981	157.883	157.954	838	0	21
2026.01.19	12:10:00	157.955	157.965	157.902	157.923	665	0	21
2026.01.19	12:20:00	157.924	157.935	157.882	157.885	676	0	21
2026.01.19	12:30:00	157.885	157.906	157.852	157.866	379	0	21
2026.01.19	12:40:00	157.866	157.885	157.849	157.87	378	0	21
2026.01.19	12:50:00	157.87	157.875	157.815	157.873	560	0	21
2026.01.19	13:00:00	157.873	157.957	157.871	157.931	441	0	21
2026.01.19	13:10:00	157.932	158.019	157.916	158.016	593	0	21
2026.01.19	13:20:00	158.017	158.017	157.955	158.017	571	0	21
2026.01.19	13:30:00	158.019	158.066	158.015	158.057	469	0	21
2026.01.19	13:40:00	158.057	158.077	158.036	158.075	403	0	21
2026.01.19	13:50:00	158.074	158.095	158.018	158.029	581	0	21
2026.01.19	14:00:00	158.028	158.05	157.931	157.969	757	0	21
2026.01.19	14:10:00	157.969	157.986	157.92	157.945	450	0	21
2026.01.19	14:20:00	157.946	157.96	157.907	157.931	597	0	21
2026.01.19	14:30:00	157.931	157.968	157.916	157.942	324	0	21
2026.01.19	14:40:00	157.942	157.987	157.932	157.966	350	0	21
2026.01.19	14:50:00	157.967	158.014	157.967	158.009	485	0	22
2026.01.19	15:00:00	158.008	158.018	157.924	157.932	675	0	21
2026.01.19	15:10:00	157.932	157.946	157.92	157.921	297	0	21
2026.01.19	15:20:00	157.921	157.94	157.912	157.932	398	0	22
2026.01.19	15:30:00	157.933	157.933	157.867	157.895	363	0	21
2026.01.19	15:40:00	157.895	157.902	157.866	157.884	322	0	21
2026.01.19	15:50:00	157.885	157.935	157.88	157.908	398	0	21
2026.01.19	16:00:00	157.912	157.937	157.886	157.896	596	0	21
2026.01.19	16:10:00	157.896	157.932	157.871	157.871	476	0	21
2026.01.19	16:20:00	157.871	157.889	157.864	157.885	353	0	21
2026.01.19	16:30:00	157.886	157.921	157.864	157.896	303	0	21
2026.01.19	16:40:00	157.894	157.936	157.856	157.859	386	0	21
2026.01.19	16:50:00	157.858	157.906	157.853	157.89	716	0	21
2026.01.19	17:00:00	157.893	157.898	157.85	157.873	563	0	21
2026.01.19	17:10:00	157.88	157.909	157.877	157.893	634	0	21
2026.01.19	17:20:00	157.894	157.98	157.889	157.97	505	0	21
2026.01.19	17:30:00	157.968	158.014	157.951	158.005	827	0	21
2026.01.19	17:40:00	158.006	158.059	157.994	158.044	829	0	21
2026.01.19	17:50:00	158.044	158.068	157.997	158.05	1171	0	21
2026.01.19	18:00:00	158.05	158.09	158.028	158.064	849	0	21
2026.01.19	18:10:00	158.063	158.126	158.027	158.103	719	0	21
2026.01.19	18:20:00	158.104	158.117	158.077	158.094	438	0	21
2026.01.19	18:30:00	158.095	158.108	158.07	158.101	357	0	21
2026.01.19	18:40:00	158.102	158.125	158.098	158.101	205	0	21
2026.01.19	18:50:00	158.102	158.106	158.053	158.064	359	0	21
2026.01.19	19:00:00	158.058	158.095	158.051	158.073	191	0	21
2026.01.19	19:10:00	158.074	158.079	158.062	158.075	209	0	21
2026.01.19	19:20:00	158.076	158.08	158.055	158.065	380	0	21
2026.01.19	19:30:00	158.066	158.066	158.028	158.033	246	0	21
2026.01.19	19:40:00	158.034	158.037	157.999	158.025	229	0	21
2026.01.19	19:50:00	158.024	158.047	158.016	158.021	210	0	21
2026.01.19	20:00:00	158.019	158.021	158.001	158.013	198	0	23
2026.01.19	20:10:00	158.012	158.014	157.994	158.013	214	0	21
2026.01.19	20:20:00	158.012	158.021	157.998	158.015	90	0	21
2026.01.19	20:30:00	158.016	158.047	158.016	158.041	152	0	21
2026.01.19	20:40:00	158.041	158.063	158.039	158.056	108	0	21
2026.01.19	20:50:00	158.056	158.062	158.048	158.062	99	0	21
2026.01.19	21:00:00	158.063	158.083	158.063	158.081	116	0	21
2026.01.19	21:10:00	158.081	158.093	158.079	158.09	79	0	21
2026.01.19	21:20:00	158.093	158.102	158.079	158.079	52	0	21
2026.01.19	21:30:00	158.079	158.084	158.066	158.068	70	0	22
2026.01.19	21:40:00	158.067	158.083	158.067	158.074	79	0	22
2026.01.19	21:50:00	158.075	158.083	158.068	158.07	99	0	23
2026.01.19	22:00:00	158.07	158.107	158.068	158.105	158	0	23
2026.01.19	22:10:00	158.106	158.132	158.105	158.13	102	0	22
2026.01.19	22:20:00	158.13	158.143	158.117	158.118	89	0	21
2026.01.19	22:30:00	158.118	158.121	158.108	158.113	64	0	21
2026.01.19	22:40:00	158.113	158.12	158.107	158.118	45	0	24
2026.01.19	22:50:00	158.118	158.121	158.113	158.114	54	0	23
2026.01.19	23:00:00	158.115	158.125	158.112	158.122	73	0	24
2026.01.19	23:10:00	158.121	158.129	158.117	158.129	46	0	24
2026.01.19	23:20:00	158.128	158.128	158.092	158.118	84	0	23
2026.01.19	23:30:00	158.118	158.119	158.103	158.106	69	0	25
2026.01.19	23:40:00	158.106	158.109	158.101	158.103	32	0	25
2026.01.19	23:50:00	158.102	158.125	158.056	158.056	108	0	27
2026.01.20	00:00:00	158.059	158.062	157.982	158.052	19	0	95
2026.01.20	00:10:00	158.052	158.09	158.046	158.056	39	0	71
2026.01.20	00:20:00	158.056	158.057	158.029	158.033	25	0	88
2026.01.20	00:30:00	158.025	158.082	158.025	158.08	87	0	52
2026.01.20	00:40:00	158.078	158.09	158.075	158.079	81	0	48
2026.01.20	00:50:00	158.078	158.081	158.073	158.076	47	0	50
2026.01.20	01:00:00	158.075	158.141	158.073	158.135	231	0	24
2026.01.20	01:10:00	158.134	158.178	158.134	158.169	136	0	21
2026.01.20	01:20:00	158.167	158.205	158.154	158.205	119	0	21
2026.01.20	01:30:00	158.204	158.213	158.162	158.198	166	0	21
2026.01.20	01:40:00	158.198	158.212	158.152	158.173	181	0	23
2026.01.20	01:50:00	158.172	158.195	158.152	158.153	237	0	21
2026.01.20	02:00:00	158.153	158.244	158.131	158.208	773	0	21
2026.01.20	02:10:00	158.209	158.27	158.158	158.168	672	0	21
2026.01.20	02:20:00	158.168	158.196	158.095	158.146	670	0	21
2026.01.20	02:30:00	158.146	158.232	158.146	158.213	807	0	21
2026.01.20	02:40:00	158.214	158.249	158.173	158.186	584	0	21
2026.01.20	02:50:00	158.187	158.225	157.89	157.928	1945	0	21
2026.01.20	03:00:00	157.926	157.951	157.838	157.897	1561	0	21
2026.01.20	03:10:00	157.898	158.01	157.864	158.01	1159	0	21
2026.01.20	03:20:00	158.01	158.126	158.009	158.126	1139	0	21
2026.01.20	03:30:00	158.125	158.142	158.102	158.118	648	0	21
2026.01.20	03:40:00	158.118	158.181	158.118	158.165	444	0	21
2026.01.20	03:50:00	158.165	158.165	157.919	157.938	1142	0	21
2026.01.20	04:00:00	157.937	158.044	157.931	158.005	478	0	21
2026.01.20	04:10:00	158.005	158.067	157.94	157.97	659	0	21
2026.01.20	04:20:00	157.969	158.003	157.937	157.999	535	0	21
2026.01.20	04:30:00	158.0	158.047	157.995	158.006	409	0	21
2026.01.20	04:40:00	158.008	158.05	157.978	158.033	464	0	22
2026.01.20	04:50:00	158.034	158.041	157.975	158.021	525	0	21
2026.01.20	05:00:00	158.02	158.021	157.95	157.97	459	0	21
2026.01.20	05:10:00	157.97	157.982	157.939	157.962	309	0	21
2026.01.20	05:20:00	157.963	157.964	157.908	157.909	306	0	21
2026.01.20	05:30:00	157.909	157.945	157.894	157.934	511	0	21
2026.01.20	05:40:00	157.935	157.973	157.9	157.946	444	0	21
2026.01.20	05:50:00	157.946	157.991	157.94	157.961	350	0	21
2026.01.20	06:00:00	157.957	157.984	157.929	157.937	359	0	21
2026.01.20	06:10:00	157.94	157.96	157.901	157.945	278	0	21
2026.01.20	06:20:00	157.945	157.958	157.884	157.916	623	0	21
2026.01.20	06:30:00	157.916	158.024	157.915	158.011	621	0	21
2026.01.20	06:40:00	158.01	158.092	158.004	158.027	461	0	21
2026.01.20	06:50:00	158.03	158.056	157.986	158.02	744	0	21
2026.01.20	07:00:00	158.019	158.061	157.992	157.994	633	0	21
2026.01.20	07:10:00	157.994	158.004	157.94	157.99	661	0	21
2026.01.20	07:20:00	157.991	158.025	157.991	158.022	470	0	21
2026.01.20	07:30:00	158.022	158.087	158.018	158.07	439	0	21
2026.01.20	07:40:00	158.069	158.091	158.043	158.08	466	0	21
2026.01.20	07:50:00	158.08	158.113	158.041	158.091	645	0	21
2026.01.20	08:00:00	158.088	158.156	158.087	158.149	712	0	21
2026.01.20	08:10:00	158.149	158.234	158.137	158.215	729	0	21
2026.01.20	08:20:00	158.216	158.437	158.216	158.437	1307	0	21
2026.01.20	08:30:00	158.439	158.456	158.382	158.4	1003	0	21
2026.01.20	08:40:00	158.398	158.451	158.374	158.445	895	0	21
2026.01.20	08:50:00	158.444	158.455	158.388	158.404	562	0	21
2026.01.20	09:00:00	158.412	158.59	158.411	158.578	1228	0	21
2026.01.20	09:10:00	158.579	158.589	158.459	158.46	1167	0	21
2026.01.20	09:20:00	158.459	158.516	158.398	158.504	1277	0	21
2026.01.20	09:30:00	158.505	158.509	158.294	158.298	1346	0	21
2026.01.20	09:40:00	158.299	158.41	158.296	158.332	1582	0	21
2026.01.20	09:50:00	158.332	158.401	158.304	158.36	1562	0	21
2026.01.20	10:00:00	158.359	158.384	158.148	158.163	1951	0	21
2026.01.20	10:10:00	158.167	158.2	158.112	158.195	1389	0	21
2026.01.20	10:20:00	158.195	158.201	158.108	158.127	1254	0	21
2026.01.20	10:30:00	158.128	158.132	157.809	157.86	2185	0	21
2026.01.20	10:40:00	157.861	157.885	157.755	157.856	2035	0	21
2026.01.20	10:50:00	157.856	157.867	157.735	157.804	1932	0	21
2026.01.20	11:00:00	157.804	157.805	157.57	157.671	2173	0	21
2026.01.20	11:10:00	157.672	157.782	157.651	157.757	1777	0	21
2026.01.20	11:20:00	157.758	157.771	157.608	157.652	1539	0	21
2026.01.20	11:30:00	157.65	157.65	157.545	157.591	1575	0	21
2026.01.20	11:40:00	157.59	157.761	157.554	157.716	1262	0	21
2026.01.20	11:50:00	157.717	157.733	157.652	157.72	1181	0	21
2026.01.20	12:00:00	157.72	157.783	157.685	157.73	1438	0	21
2026.01.20	12:10:00	157.736	157.892	157.731	157.86	1488	0	21
2026.01.20	12:20:00	157.861	157.915	157.838	157.905	1035	0	21
2026.01.20	12:30:00	157.905	157.929	157.849	157.895	1070	0	21
2026.01.20	12:40:00	157.895	157.905	157.837	157.86	866	0	21
2026.01.20	12:50:00	157.859	157.861	157.789	157.798	859	0	21
2026.01.20	13:00:00	157.797	157.839	157.779	157.836	902	0	21
2026.01.20	13:10:00	157.835	157.903	157.835	157.868	960	0	21
2026.01.20	13:20:00	157.867	157.89	157.805	157.85	913	0	21
2026.01.20	13:30:00	157.851	157.879	157.811	157.825	1047	0	21
2026.01.20	13:40:00	157.83	157.851	157.725	157.733	1099	0	21
2026.01.20	13:50:00	157.733	157.74	157.675	157.738	905	0	21
2026.01.20	14:00:00	157.738	157.79	157.713	157.734	1072	0	21
2026.01.20	14:10:00	157.734	157.755	157.674	157.691	804	0	21
2026.01.20	14:20:00	157.692	157.704	157.644	157.69	773	0	21
2026.01.20	14:30:00	157.69	157.824	157.687	157.804	1128	0	21
2026.01.20	14:40:00	157.805	157.84	157.793	157.823	1094	0	21
2026.01.20	14:50:00	157.822	157.883	157.809	157.851	1030	0	21
2026.01.20	15:00:00	157.852	157.884	157.812	157.882	933	0	21
2026.01.20	15:10:00	157.883	157.892	157.773	157.774	1064	0	21
2026.01.20	15:20:00	157.773	157.919	157.756	157.895	1423	0	21
2026.01.20	15:30:00	157.898	157.959	157.456	157.808	2868	0	21
2026.01.20	15:40:00	157.806	157.862	157.736	157.822	2093	0	21
2026.01.20	15:50:00	157.825	157.881	157.799	157.831	2270	0	21
2026.01.20	16:00:00	157.83	157.927	157.754	157.915	2235	0	21
2026.01.20	16:10:00	157.915	158.026	157.726	157.818	2660	0	21
2026.01.20	16:20:00	157.817	157.922	157.76	157.885	1858	0	21
2026.01.20	16:30:00	157.884	158.032	157.874	157.948	2398	0	21
2026.01.20	16:40:00	157.947	157.995	157.901	157.922	1746	0	21
2026.01.20	16:50:00	157.922	158.069	157.92	158.026	1768	0	21
2026.01.20	17:00:00	158.025	158.098	157.937	158.023	1523	0	21
2026.01.20	17:10:00	158.024	158.074	157.993	158.007	1564	0	21
2026.01.20	17:20:00	158.008	158.045	157.957	158.021	1119	0	21
2026.01.20	17:30:00	158.021	158.046	157.948	157.959	1189	0	21
2026.01.20	17:40:00	157.958	157.98	157.93	157.931	869	0	21
2026.01.20	17:50:00	157.929	157.949	157.839	157.914	1528	0	21
2026.01.20	18:00:00	157.915	157.95	157.859	157.864	830	0	21
2026.01.20	18:10:00	157.863	157.938	157.849	157.875	755	0	21
2026.01.20	18:20:00	157.874	157.921	157.844	157.921	547	0	21
2026.01.20	18:30:00	157.921	158.064	157.899	158.036	881	0	21
2026.01.20	18:40:00	158.035	158.037	157.981	158.007	633	0	21
2026.01.20	18:50:00	158.008	158.021	157.876	157.882	679	0	21
2026.01.20	19:00:00	157.883	157.906	157.851	157.861	742	0	21
2026.01.20	19:10:00	157.86	157.921	157.845	157.897	658	0	21
2026.01.20	19:20:00	157.898	157.977	157.885	157.959	593	0	21
2026.01.20	19:30:00	157.96	157.975	157.909	157.911	479	0	21
2026.01.20	19:40:00	157.911	157.95	157.883	157.947	517	0	21
2026.01.20	19:50:00	157.948	157.961	157.905	157.944	468	0	21
2026.01.20	20:00:00	157.944	157.984	157.939	157.974	540	0	21
2026.01.20	20:10:00	157.974	157.993	157.957	157.964	473	0	21
2026.01.20	20:20:00	157.964	158.027	157.96	158.014	475	0	21
2026.01.20	20:30:00	158.014	158.046	158.004	158.007	400	0	21
2026.01.20	20:40:00	158.008	158.015	157.966	157.969	399	0	21
2026.01.20	20:50:00	157.97	158.045	157.96	158.04	533	0	21
2026.01.20	21:00:00	158.04	158.133	158.033	158.131	630	0	21
2026.01.20	21:10:00	158.13	158.139	158.088	158.096	499	0	21
2026.01.20	21:20:00	158.097	158.123	158.074	158.12	532	0	22
2026.01.20	21:30:00	158.121	158.139	158.105	158.131	351	0	21
2026.01.20	21:40:00	158.131	158.225	158.131	158.217	725	0	21
2026.01.20	21:50:00	158.216	158.288	158.192	158.277	678	0	21
2026.01.20	22:00:00	158.278	158.279	158.216	158.218	618	0	21
2026.01.20	22:10:00	158.217	158.257	158.189	158.253	770	0	21
2026.01.20	22:20:00	158.252	158.266	158.214	158.215	694	0	21
2026.01.20	22:30:00	158.213	158.23	158.176	158.217	693	0	21
2026.01.20	22:40:00	158.218	158.232	158.187	158.209	573	0	21
2026.01.20	22:50:00	158.21	158.214	158.185	158.196	735	0	21
2026.01.20	23:00:00	158.197	158.22	158.177	158.178	518	0	23
2026.01.20	23:10:00	158.179	158.195	158.175	158.183	291	0	24
2026.01.20	23:20:00	158.183	158.193	158.144	158.145	209	0	24
2026.01.20	23:30:00	158.145	158.174	158.14	158.164	253	0	23
2026.01.20	23:40:00	158.163	158.176	158.151	158.154	282	0	26
2026.01.20	23:50:00	158.157	158.157	158.123	158.123	509	0	25
2026.01.21	00:00:00	158.118	158.118	158.099	158.1	24	0	51
2026.01.21	00:10:00	158.098	158.117	158.093	158.107	52	0	50
2026.01.21	00:20:00	158.106	158.117	158.096	158.116	27	0	54
2026.01.21	00:30:00	158.116	158.119	158.099	158.11	43	0	52
2026.01.21	00:40:00	158.131	158.142	158.099	158.108	78	0	53
2026.01.21	00:50:00	158.109	158.135	158.099	158.129	78	0	57
2026.01.21	01:00:00	158.129	158.146	158.095	158.117	343	0	24
2026.01.21	01:10:00	158.118	158.195	158.116	158.183	325	0	21
2026.01.21	01:20:00	158.179	158.185	158.159	158.164	209	0	21
2026.01.21	01:30:00	158.164	158.192	158.124	158.143	274	0	21
2026.01.21	01:40:00	158.146	158.153	158.032	158.04	378	0	21
2026.01.21	01:50:00	158.04	158.171	158.028	158.141	603	0	21
2026.01.21	02:00:00	158.143	158.209	158.126	158.17	1072	0	21
2026.01.21	02:10:00	158.171	158.268	158.138	158.239	816	0	21
2026.01.21	02:20:00	158.243	158.243	158.174	158.181	609	0	21
2026.01.21	02:30:00	158.183	158.206	158.14	158.184	558	0	21
2026.01.21	02:40:00	158.185	158.255	158.183	158.21	709	0	21
2026.01.21	02:50:00	158.211	158.225	158.101	158.102	1384	0	21
2026.01.21	03:00:00	158.101	158.149	158.078	158.144	1241	0	21
2026.01.21	03:10:00	158.144	158.162	158.019	158.107	1143	0	21
2026.01.21	03:20:00	158.107	158.107	157.921	157.937	908	0	21
2026.01.21	03:30:00	157.936	157.971	157.848	157.873	1035	0	21
2026.01.21	03:40:00	157.873	157.953	157.846	157.935	795	0	21
2026.01.21	03:50:00	157.934	157.96	157.888	157.948	770	0	21
2026.01.21	04:00:00	157.949	158.061	157.948	158.047	706	0	21
2026.01.21	04:10:00	158.047	158.066	157.978	157.981	545	0	21
2026.01.21	04:20:00	157.98	158.018	157.942	157.957	578	0	21
2026.01.21	04:30:00	157.956	157.96	157.892	157.904	478	0	21
2026.01.21	04:40:00	157.905	157.944	157.877	157.908	506	0	21
2026.01.21	04:50:00	157.908	157.929	157.903	157.905	418	0	21
2026.01.21	05:00:00	157.905	157.945	157.879	157.93	503	0	21
2026.01.21	05:10:00	157.929	158.069	157.906	158.053	721	0	21
2026.01.21	05:20:00	158.054	158.123	158.038	158.122	609	0	21
2026.01.21	05:30:00	158.121	158.14	158.052	158.08	644	0	21
2026.01.21	05:40:00	158.079	158.095	158.055	158.094	375	0	21
2026.01.21	05:50:00	158.094	158.094	158.05	158.076	393	0	21
2026.01.21	06:00:00	158.077	158.082	158.023	158.04	523	0	21
2026.01.21	06:10:00	158.039	158.04	157.984	158.015	620	0	21
2026.01.21	06:20:00	158.017	158.033	157.989	158.02	326	0	21
2026.01.21	06:30:00	158.02	158.07	158.018	158.054	314	0	21
2026.01.21	06:40:00	158.054	158.076	158.041	158.076	240	0	21
2026.01.21	06:50:00	158.079	158.119	158.014	158.026	573	0	21
2026.01.21	07:00:00	158.025	158.12	158.024	158.116	666	0	21
2026.01.21	07:10:00	158.116	158.134	158.074	158.119	562	0	21
2026.01.21	07:20:00	158.118	158.192	158.118	158.18	704	0	21
2026.01.21	07:30:00	158.181	158.205	158.149	158.175	564	0	21
2026.01.21	07:40:00	158.168	158.182	158.143	158.152	424	0	21
2026.01.21	07:50:00	158.153	158.228	158.148	158.195	425	0	21
2026.01.21	08:00:00	158.194	158.246	158.191	158.214	666	0	21
2026.01.21	08:10:00	158.212	158.229	158.149	158.151	480	0	21
2026.01.21	08:20:00	158.152	158.175	158.124	158.139	508	0	21
2026.01.21	08:30:00	158.137	158.146	158.085	158.09	645	0	21
2026.01.21	08:40:00	158.09	158.14	158.074	158.139	491	0	21
2026.01.21	08:50:00	158.14	158.159	158.099	158.132	582	0	21
2026.01.21	09:00:00	158.133	158.155	158.065	158.083	671	0	21
2026.01.21	09:10:00	158.091	158.14	158.027	158.03	744	0	21
2026.01.21	09:20:00	158.031	158.047	157.982	158.011	635	0	21
2026.01.21	09:30:00	158.01	158.042	157.97	158.04	774	0	21
2026.01.21	09:40:00	158.04	158.041	157.895	157.895	531	0	21
2026.01.21	09:50:00	157.896	157.937	157.864	157.915	947	0	21
2026.01.21	10:00:00	157.915	157.977	157.888	157.907	910	0	21
2026.01.21	10:10:00	157.907	157.935	157.819	157.823	986	0	21
2026.01.21	10:20:00	157.822	157.925	157.809	157.898	685	0	21
2026.01.21	10:30:00	157.898	157.94	157.88	157.892	779	0	21
2026.01.21	10:40:00	157.892	157.909	157.832	157.858	775	0	21
2026.01.21	10:50:00	157.857	157.889	157.855	157.86	521	0	21
2026.01.21	11:00:00	157.861	157.899	157.821	157.878	619	0	21
2026.01.21	11:10:00	157.881	157.944	157.878	157.916	603	0	21
2026.01.21	11:20:00	157.915	157.927	157.858	157.871	668	0	21
2026.01.21	11:30:00	157.87	157.946	157.866	157.935	473	0	21
2026.01.21	11:40:00	157.935	157.997	157.93	157.977	491	0	21
2026.01.21	11:50:00	157.978	158.027	157.975	157.993	750	0	21
2026.01.21	12:00:00	157.994	158.045	157.978	158.038	732	0	21
2026.01.21	12:10:00	158.04	158.073	158.034	158.036	796	0	21
2026.01.21	12:20:00	158.035	158.052	158.01	158.039	530	0	21
2026.01.21	12:30:00	158.043	158.075	158.041	158.062	511	0	21
2026.01.21	12:40:00	158.061	158.07	157.986	158.014	761	0	21
2026.01.21	12:50:00	158.017	158.019	157.987	158.011	562	0	21
2026.01.21	13:00:00	158.011	158.057	157.981	158.05	590	0	21
2026.01.21	13:10:00	158.051	158.065	158.029	158.034	569	0	21
2026.01.21	13:20:00	158.034	158.034	157.927	157.941	701	0	21
2026.01.21	13:30:00	157.941	157.974	157.912	157.913	485	0	21
2026.01.21	13:40:00	157.912	157.955	157.904	157.931	691	0	21
2026.01.21	13:50:00	157.932	157.942	157.904	157.904	631	0	21
2026.01.21	14:00:00	157.9	157.917	157.837	157.857	844	0	21
2026.01.21	14:10:00	157.856	157.887	157.819	157.879	542	0	21
2026.01.21	14:20:00	157.878	157.929	157.859	157.889	555	0	21
2026.01.21	14:30:00	157.888	157.889	157.797	157.797	745	0	21
2026.01.21	14:40:00	157.791	157.797	157.735	157.764	746	0	21
2026.01.21	14:50:00	157.763	157.801	157.745	157.784	596	0	21
2026.01.21	15:00:00	157.782	157.823	157.749	157.785	647	0	21
2026.01.21	15:10:00	157.788	157.859	157.78	157.856	530	0	21
2026.01.21	15:20:00	157.858	157.93	157.847	157.915	761	0	21
2026.01.21	15:30:00	157.914	157.919	157.854	157.891	864	0	21
2026.01.21	15:40:00	157.891	157.913	157.814	157.839	1074	0	21
2026.01.21	15:50:00	157.837	157.902	157.808	157.875	1396	0	21
2026.01.21	16:00:00	157.877	158.08	157.863	157.939	2234	0	21
2026.01.21	16:10:00	157.939	158.047	157.914	158.01	2611	0	21
2026.01.21	16:20:00	158.01	158.086	157.955	158.026	2115	0	21
2026.01.21	16:30:00	158.027	158.05	157.977	158.04	1685	0	21
2026.01.21	16:40:00	158.048	158.114	158.043	158.1	1370	0	21
2026.01.21	16:50:00	158.098	158.138	158.049	158.1	1671	0	21
2026.01.21	17:00:00	158.099	158.131	158.05	158.072	1923	0	21
2026.01.21	17:10:00	158.071	158.205	158.06	158.196	1186	0	21
2026.01.21	17:20:00	158.196	158.299	158.196	158.263	1592	0	21
2026.01.21	17:30:00	158.264	158.281	158.213	158.251	1134	0	21
2026.01.21	17:40:00	158.25	158.279	158.165	158.215	1227	0	21
2026.01.21	17:50:00	158.216	158.227	158.145	158.204	1420	0	21
2026.01.21	18:00:00	158.206	158.244	158.166	158.243	1225	0	21
2026.01.21	18:10:00	158.243	158.248	158.128	158.176	1237	0	21
2026.01.21	18:20:00	158.177	158.203	158.109	158.118	909	0	21
2026.01.21	18:30:00	158.118	158.134	158.098	158.1	834	0	21
2026.01.21	18:40:00	158.101	158.141	158.099	158.116	914	0	21
2026.01.21	18:50:00	158.116	158.202	158.058	158.157	1449	0	21
2026.01.21	19:00:00	158.157	158.194	158.115	158.12	1164	0	21
2026.01.21	19:10:00	158.119	158.139	158.063	158.088	1071	0	21
2026.01.21	19:20:00	158.088	158.095	158.027	158.087	777	0	21
2026.01.21	19:30:00	158.088	158.203	158.088	158.153	797	0	21
2026.01.21	19:40:00	158.152	158.19	158.133	158.155	667	0	21
2026.01.21	19:50:00	158.156	158.158	158.125	158.131	559	0	21
2026.01.21	20:00:00	158.131	158.18	158.104	158.155	554	0	21
2026.01.21	20:10:00	158.155	158.192	158.141	158.192	580	0	21
2026.01.21	20:20:00	158.191	158.196	158.166	158.179	595	0	21
2026.01.21	20:30:00	158.179	158.219	158.164	158.214	662	0	21
2026.01.21	20:40:00	158.215	158.233	158.18	158.193	472	0	21
2026.01.21	20:50:00	158.192	158.213	158.185	158.206	408	0	21
2026.01.21	21:00:00	158.207	158.234	158.192	158.218	539	0	21
2026.01.21	21:10:00	158.219	158.228	158.18	158.187	399	0	21
2026.01.21	21:20:00	158.186	158.406	158.129	158.376	1241	0	21
2026.01.21	21:30:00	158.378	158.486	158.378	158.475	2375	0	21
2026.01.21	21:40:00	158.475	158.521	158.438	158.446	1079	0	21
2026.01.21	21:50:00	158.447	158.459	158.369	158.371	882	0	21
2026.01.21	22:00:00	158.37	158.45	158.37	158.425	747	0	21
2026.01.21	22:10:00	158.425	158.437	158.397	158.426	608	0	21
2026.01.21	22:20:00	158.426	158.488	158.41	158.464	757	0	21
2026.01.21	22:30:00	158.465	158.465	158.408	158.426	469	0	21
2026.01.21	22:40:00	158.426	158.427	158.344	158.35	562	0	21
2026.01.21	22:50:00	158.349	158.37	158.318	158.363	673	0	21
2026.01.21	23:00:00	158.364	158.411	158.339	158.376	316	0	21
2026.01.21	23:10:00	158.375	158.378	158.337	158.337	205	0	21
2026.01.21	23:20:00	158.337	158.348	158.334	158.339	260	0	21
2026.01.21	23:30:00	158.342	158.348	158.264	158.265	360	0	21
2026.01.21	23:40:00	158.266	158.288	158.258	158.285	215	0	21
2026.01.21	23:50:00	158.284	158.323	158.247	158.249	588	0	23
2026.01.22	00:00:00	158.241	158.272	158.191	158.269	23	0	82
2026.01.22	00:10:00	158.265	158.289	158.26	158.269	24	0	65
2026.01.22	00:20:00	158.269	158.284	158.261	158.261	24	0	53
2026.01.22	00:30:00	158.267	158.29	158.258	158.275	254	0	50
2026.01.22	00:40:00	158.275	158.276	158.248	158.259	400	0	49
2026.01.22	00:50:00	158.256	158.291	158.25	158.285	217	0	65
2026.01.22	01:00:00	158.276	158.305	158.249	158.285	335	0	22
2026.01.22	01:10:00	158.284	158.297	158.269	158.283	292	0	21
2026.01.22	01:20:00	158.283	158.338	158.282	158.323	179	0	25
2026.01.22	01:30:00	158.323	158.375	158.322	158.359	456	0	21
2026.01.22	01:40:00	158.358	158.389	158.347	158.359	511	0	24
2026.01.22	01:50:00	158.359	158.475	158.358	158.447	427	0	21
2026.01.22	02:00:00	158.449	158.479	158.37	158.416	708	0	21
2026.01.22	02:10:00	158.415	158.449	158.342	158.343	557	0	21
2026.01.22	02:20:00	158.344	158.348	158.226	158.305	637	0	21
2026.01.22	02:30:00	158.304	158.366	158.279	158.28	1185	0	21
2026.01.22	02:40:00	158.278	158.324	158.245	158.256	781	0	21
2026.01.22	02:50:00	158.255	158.285	158.168	158.229	1375	0	21
2026.01.22	03:00:00	158.229	158.32	158.226	158.306	748	0	21
2026.01.22	03:10:00	158.307	158.33	158.263	158.286	504	0	21
2026.01.22	03:20:00	158.287	158.309	158.233	158.238	624	0	22
2026.01.22	03:30:00	158.237	158.303	158.206	158.278	489	0	21
2026.01.22	03:40:00	158.276	158.32	158.272	158.304	663	0	21
2026.01.22	03:50:00	158.304	158.356	158.304	158.338	573	0	21
2026.01.22	04:00:00	158.339	158.404	158.329	158.378	545	0	21
2026.01.22	04:10:00	158.379	158.401	158.349	158.38	423	0	21
2026.01.22	04:20:00	158.379	158.468	158.379	158.434	606	0	21
2026.01.22	04:30:00	158.434	158.442	158.369	158.404	445	0	21
2026.01.22	04:40:00	158.405	158.435	158.393	158.419	421	0	21
2026.01.22	04:50:00	158.42	158.466	158.415	158.454	404	0	22
2026.01.22	05:00:00	158.453	158.478	158.436	158.443	333	0	21
2026.01.22	05:10:00	158.443	158.457	158.42	158.444	297	0	21
2026.01.22	05:20:00	158.444	158.454	158.415	158.433	323	0	22
2026.01.22	05:30:00	158.433	158.445	158.392	158.398	628	0	21
2026.01.22	05:40:00	158.399	158.53	158.399	158.515	636	0	21
2026.01.22	05:50:00	158.515	158.578	158.51	158.546	692	0	21
2026.01.22	06:00:00	158.548	158.636	158.542	158.633	654	0	21
2026.01.22	06:10:00	158.634	158.643	158.606	158.621	576	0	21
2026.01.22	06:20:00	158.621	158.642	158.602	158.622	566	0	21
2026.01.22	06:30:00	158.621	158.68	158.613	158.671	567	0	21
2026.01.22	06:40:00	158.67	158.691	158.648	158.679	318	0	21
2026.01.22	06:50:00	158.675	158.679	158.627	158.635	456	0	21
2026.01.22	07:00:00	158.64	158.681	158.64	158.668	399	0	21
2026.01.22	07:10:00	158.668	158.723	158.619	158.63	535	0	21
2026.01.22	07:20:00	158.631	158.693	158.619	158.658	455	0	21
2026.01.22	07:30:00	158.657	158.673	158.628	158.666	396	0	21
2026.01.22	07:40:00	158.667	158.696	158.664	158.674	389	0	21
2026.01.22	07:50:00	158.675	158.72	158.655	158.703	716	0	21
2026.01.22	08:00:00	158.705	158.775	158.693	158.774	793	0	21
2026.01.22	08:10:00	158.774	158.825	158.749	158.806	796	0	21
2026.01.22	08:20:00	158.806	158.837	158.776	158.798	669	0	21
2026.01.22	08:30:00	158.798	158.811	158.732	158.732	590	0	22
2026.01.22	08:40:00	158.733	158.753	158.718	158.753	394	0	21
2026.01.22	08:50:00	158.753	158.794	158.742	158.769	441	0	21
2026.01.22	09:00:00	158.769	158.844	158.76	158.843	731	0	21
2026.01.22	09:10:00	158.844	158.882	158.816	158.858	801	0	21
2026.01.22	09:20:00	158.857	158.86	158.818	158.828	595	0	21
2026.01.22	09:30:00	158.829	158.85	158.76	158.76	666	0	21
2026.01.22	09:40:00	158.762	158.854	158.747	158.838	748	0	21
2026.01.22	09:50:00	158.84	158.842	158.751	158.769	1068	0	21
2026.01.22	10:00:00	158.769	158.822	158.72	158.812	1351	0	21
2026.01.22	10:10:00	158.812	158.845	158.786	158.786	759	0	21
2026.01.22	10:20:00	158.786	158.804	158.722	158.734	1024	0	21
2026.01.22	10:30:00	158.735	158.79	158.73	158.788	871	0	21
2026.01.22	10:40:00	158.788	158.81	158.747	158.756	800	0	21
2026.01.22	10:50:00	158.755	158.782	158.748	158.759	670	0	21
2026.01.22	11:00:00	158.757	158.767	158.709	158.731	896	0	21
2026.01.22	11:10:00	158.732	158.737	158.685	158.713	801	0	22
2026.01.22	11:20:00	158.714	158.72	158.608	158.661	925	0	21
2026.01.22	11:30:00	158.661	158.668	158.619	158.637	783	0	21
2026.01.22	11:40:00	158.636	158.662	158.598	158.615	528	0	21
2026.01.22	11:50:00	158.615	158.692	158.614	158.684	563	0	21
2026.01.22	12:00:00	158.685	158.718	158.656	158.718	544	0	21
2026.01.22	12:10:00	158.718	158.743	158.707	158.714	561	0	21
2026.01.22	12:20:00	158.715	158.753	158.711	158.728	538	0	21
2026.01.22	12:30:00	158.729	158.729	158.669	158.69	496	0	21
2026.01.22	12:40:00	158.691	158.726	158.674	158.714	414	0	21
2026.01.22	12:50:00	158.713	158.715	158.615	158.622	694	0	21
2026.01.22	13:00:00	158.621	158.633	158.608	158.615	481	0	21
2026.01.22	13:10:00	158.616	158.691	158.602	158.667	929	0	21
2026.01.22	13:20:00	158.667	158.691	158.635	158.656	743	0	22
2026.01.22	13:30:00	158.655	158.659	158.613	158.614	1010	0	21
2026.01.22	13:40:00	158.615	158.652	158.524	158.551	1003	0	21
2026.01.22	13:50:00	158.551	158.585	158.549	158.583	656	0	21
2026.01.22	14:00:00	158.583	158.591	158.536	158.549	656	0	21
2026.01.22	14:10:00	158.548	158.585	158.53	158.568	474	0	21
2026.01.22	14:20:00	158.569	158.612	158.538	158.605	546	0	21
2026.01.22	14:30:00	158.605	158.671	158.587	158.657	879	0	21
2026.01.22	14:40:00	158.654	158.721	158.653	158.719	816	0	22
2026.01.22	14:50:00	158.721	158.817	158.719	158.81	1055	0	21
2026.01.22	15:00:00	158.811	158.847	158.761	158.782	913	0	21
2026.01.22	15:10:00	158.781	158.784	158.679	158.682	714	0	21
2026.01.22	15:20:00	158.68	158.702	158.658	158.682	731	0	21
2026.01.22	15:30:00	158.69	158.822	158.611	158.622	1532	0	21
2026.01.22	15:40:00	158.623	158.72	158.619	158.699	1060	0	21
2026.01.22	15:50:00	158.699	158.72	158.643	158.688	1179	0	21
2026.01.22	16:00:00	158.689	158.746	158.654	158.746	918	0	21
2026.01.22	16:10:00	158.746	158.75	158.694	158.695	759	0	21
2026.01.22	16:20:00	158.696	158.699	158.597	158.611	809	0	21
2026.01.22	16:30:00	158.611	158.625	158.534	158.537	929	0	21
2026.01.22	16:40:00	158.539	158.586	158.523	158.576	799	0	21
2026.01.22	16:50:00	158.577	158.617	158.547	158.597	1025	0	21
2026.01.22	17:00:00	158.595	158.638	158.444	158.45	1299	0	21
2026.01.22	17:10:00	158.45	158.486	158.398	158.412	990	0	21
2026.01.22	17:20:00	158.413	158.424	158.353	158.36	1037	0	21
2026.01.22	17:30:00	158.36	158.441	158.359	158.386	971	0	21
2026.01.22	17:40:00	158.381	158.426	158.364	158.4	747	0	21
2026.01.22	17:50:00	158.398	158.463	158.339	158.383	1289	0	21
2026.01.22	18:00:00	158.383	158.416	158.346	158.364	1014	0	21
2026.01.22	18:10:00	158.363	158.381	158.262	158.272	849	0	21
2026.01.22	18:20:00	158.271	158.32	158.252	158.314	862	0	21
2026.01.22	18:30:00	158.317	158.352	158.288	158.32	920	0	21
2026.01.22	18:40:00	158.321	158.326	158.246	158.285	675	0	21
2026.01.22	18:50:00	158.287	158.35	158.258	158.35	718	0	21
2026.01.22	19:00:00	158.351	158.496	158.289	158.383	1263	0	21
2026.01.22	19:10:00	158.386	158.387	158.228	158.265	1289	0	21
2026.01.22	19:20:00	158.264	158.299	158.226	158.294	793	0	21
2026.01.22	19:30:00	158.294	158.337	158.274	158.294	627	0	21
2026.01.22	19:40:00	158.293	158.299	158.234	158.275	491	0	21
2026.01.22	19:50:00	158.279	158.31	158.259	158.297	776	0	21
2026.01.22	20:00:00	158.298	158.317	158.276	158.304	645	0	21
2026.01.22	20:10:00	158.304	158.325	158.271	158.274	427	0	21
2026.01.22	20:20:00	158.274	158.322	158.267	158.32	417	0	21
2026.01.22	20:30:00	158.32	158.321	158.276	158.283	358	0	21
2026.01.22	20:40:00	158.283	158.31	158.27	158.28	337	0	21
2026.01.22	20:50:00	158.28	158.313	158.28	158.298	472	0	21
2026.01.22	21:00:00	158.299	158.331	158.286	158.32	530	0	22
2026.01.22	21:10:00	158.319	158.391	158.314	158.39	418	0	21
2026.01.22	21:20:00	158.391	158.427	158.388	158.415	503	0	21
2026.01.22	21:30:00	158.414	158.442	158.409	158.425	562	0	21
2026.01.22	21:40:00	158.426	158.44	158.41	158.435	511	0	21
2026.01.22	21:50:00	158.436	158.46	158.395	158.397	540	0	21
2026.01.22	22:00:00	158.395	158.426	158.382	158.399	384	0	21
2026.01.22	22:10:00	158.399	158.416	158.389	158.399	338	0	21
2026.01.22	22:20:00	158.399	158.402	158.369	158.386	280	0	21
2026.01.22	22:30:00	158.385	158.389	158.36	158.372	392	0	21
2026.01.22	22:40:00	158.371	158.374	158.326	158.372	462	0	21
2026.01.22	22:50:00	158.373	158.431	158.372	158.429	376	0	21
2026.01.22	23:00:00	158.428	158.461	158.422	158.424	304	0	21
2026.01.22	23:10:00	158.425	158.425	158.393	158.399	175	0	21
2026.01.22	23:20:00	158.401	158.402	158.368	158.375	156	0	21
2026.01.22	23:30:00	158.375	158.403	158.37	158.396	195	0	22
2026.01.22	23:40:00	158.396	158.412	158.389	158.41	403	0	21
2026.01.22	23:50:00	158.41	158.419	158.356	158.356	234	0	25
2026.01.23	00:00:00	158.356	158.356	158.331	158.335	18	0	110
2026.01.23	00:10:00	158.333	158.354	158.325	158.346	36	0	100
2026.01.23	00:20:00	158.346	158.347	158.32	158.323	28	0	91
2026.01.23	00:30:00	158.323	158.327	158.323	158.326	18	0	83
2026.01.23	00:40:00	158.326	158.364	158.325	158.361	132	0	53
2026.01.23	00:50:00	158.362	158.37	158.355	158.355	108	0	62
2026.01.23	01:00:00	158.354	158.402	158.344	158.372	251	0	21
2026.01.23	01:10:00	158.375	158.402	158.375	158.395	248	0	22
2026.01.23	01:20:00	158.395	158.41	158.386	158.398	452	0	23
2026.01.23	01:30:00	158.396	158.427	158.392	158.397	696	0	21
2026.01.23	01:40:00	158.401	158.477	158.374	158.462	640	0	21
2026.01.23	01:50:00	158.461	158.521	158.46	158.473	680	0	21
2026.01.23	02:00:00	158.478	158.539	158.447	158.534	722	0	21
2026.01.23	02:10:00	158.534	158.546	158.468	158.479	537	0	21
2026.01.23	02:20:00	158.478	158.51	158.426	158.472	658	0	21
2026.01.23	02:30:00	158.47	158.519	158.446	158.518	622	0	21
2026.01.23	02:40:00	158.518	158.554	158.504	158.548	526	0	21
2026.01.23	02:50:00	158.547	158.571	158.449	158.513	994	0	21
2026.01.23	03:00:00	158.512	158.579	158.497	158.52	542	0	21
2026.01.23	03:10:00	158.519	158.56	158.47	158.52	809	0	21
2026.01.23	03:20:00	158.517	158.58	158.513	158.576	746	0	21
2026.01.23	03:30:00	158.577	158.591	158.539	158.569	513	0	21
2026.01.23	03:40:00	158.57	158.619	158.568	158.618	535	0	21
2026.01.23	03:50:00	158.617	158.652	158.595	158.629	506	0	21
2026.01.23	04:00:00	158.628	158.671	158.627	158.655	702	0	21
2026.01.23	04:10:00	158.656	158.66	158.628	158.641	437	0	22
2026.01.23	04:20:00	158.642	158.643	158.573	158.583	395	0	21
2026.01.23	04:30:00	158.583	158.59	158.553	158.58	558	0	21
2026.01.23	04:40:00	158.579	158.602	158.513	158.596	529	0	21
2026.01.23	04:50:00	158.596	158.602	158.492	158.586	717	0	24
2026.01.23	05:00:00	158.579	158.73	158.489	158.583	789	0	21
2026.01.23	05:10:00	158.58	158.691	158.579	158.657	660	0	21
2026.01.23	05:20:00	158.657	158.707	158.655	158.694	346	0	21
2026.01.23	05:30:00	158.697	158.723	158.583	158.6	633	0	21
2026.01.23	05:40:00	158.599	158.608	158.527	158.582	458	0	21
2026.01.23	05:50:00	158.582	158.619	158.554	158.619	345	0	21
2026.01.23	06:00:00	158.619	158.646	158.58	158.635	435	0	22
2026.01.23	06:10:00	158.634	158.636	158.575	158.61	316	0	21
2026.01.23	06:20:00	158.61	158.632	158.6	158.629	283	0	21
2026.01.23	06:30:00	158.628	158.653	158.62	158.62	241	0	21
2026.01.23	06:40:00	158.619	158.626	158.57	158.584	368	0	22
2026.01.23	06:50:00	158.583	158.598	158.526	158.536	387	0	21
2026.01.23	07:00:00	158.535	158.565	158.51	158.545	257	0	21
2026.01.23	07:10:00	158.545	158.561	158.46	158.487	387	0	21
2026.01.23	07:20:00	158.486	158.545	158.465	158.534	474	0	21
2026.01.23	07:30:00	158.534	158.595	158.519	158.593	347	0	21
2026.01.23	07:40:00	158.592	158.597	158.555	158.595	520	0	21
2026.01.23	07:50:00	158.594	158.627	158.581	158.614	381	0	21
2026.01.23	08:00:00	158.614	158.629	158.568	158.583	424	0	21
2026.01.23	08:10:00	158.586	158.601	158.572	158.586	714	0	21
2026.01.23	08:20:00	158.587	158.672	158.585	158.654	423	0	21
2026.01.23	08:30:00	158.656	158.688	158.532	158.68	1054	0	21
2026.01.23	08:40:00	158.682	158.879	158.678	158.842	1452	0	21
2026.01.23	08:50:00	158.842	158.941	158.776	158.859	1185	0	21
2026.01.23	09:00:00	158.864	158.911	158.841	158.907	992	0	21
2026.01.23	09:10:00	158.908	158.998	158.881	158.998	916	0	21
2026.01.23	09:20:00	158.999	159.202	158.998	159.156	1422	0	21
2026.01.23	09:30:00	159.158	159.212	159.107	159.137	1203	0	21
2026.01.23	09:40:00	159.138	159.156	157.289	158.122	3395	0	21
2026.01.23	09:50:00	158.122	158.434	158.047	158.377	2454	0	21
2026.01.23	10:00:00	158.378	158.406	158.138	158.317	2372	0	21
2026.01.23	10:10:00	158.318	158.388	158.281	158.313	1612	0	21
2026.01.23	10:20:00	158.329	158.384	158.177	158.317	1607	0	21
2026.01.23	10:30:00	158.313	158.48	158.287	158.37	1581	0	21
2026.01.23	10:40:00	158.371	158.409	158.151	158.16	1299	0	21
2026.01.23	10:50:00	158.163	158.204	158.092	158.123	1102	0	21
2026.01.23	11:00:00	158.124	158.132	157.866	157.931	1830	0	21
2026.01.23	11:10:00	157.932	158.069	157.853	158.059	1498	0	21
2026.01.23	11:20:00	158.061	158.062	157.86	157.954	1220	0	21
2026.01.23	11:30:00	157.952	158.048	157.912	158.026	1285	0	21
2026.01.23	11:40:00	158.025	158.061	157.9	158.01	1242	0	21
2026.01.23	11:50:00	158.011	158.059	157.967	157.994	1025	0	21
2026.01.23	12:00:00	157.992	158.122	157.982	158.107	953	0	21
2026.01.23	12:10:00	158.106	158.188	158.067	158.154	881	0	21
2026.01.23	12:20:00	158.153	158.165	158.068	158.124	1146	0	21
2026.01.23	12:30:00	158.126	158.192	158.105	158.181	706	0	21
2026.01.23	12:40:00	158.182	158.235	158.179	158.203	523	0	21
2026.01.23	12:50:00	158.197	158.215	158.128	158.182	824	0	21
2026.01.23	13:00:00	158.184	158.283	158.145	158.184	1384	0	21
2026.01.23	13:10:00	158.185	158.275	158.174	158.262	924	0	21
2026.01.23	13:20:00	158.263	158.306	158.243	158.282	759	0	21
2026.01.23	13:30:00	158.283	158.3	158.232	158.246	642	0	21
2026.01.23	13:40:00	158.246	158.285	158.172	158.209	837	0	21
2026.01.23	13:50:00	158.21	158.221	158.123	158.125	957	0	21
2026.01.23	14:00:00	158.125	158.142	158.082	158.132	729	0	21
2026.01.23	14:10:00	158.132	158.183	158.132	158.176	386	0	21
2026.01.23	14:20:00	158.175	158.188	158.157	158.182	386	0	22
2026.01.23	14:30:00	158.182	158.204	158.157	158.183	442	0	21
2026.01.23	14:40:00	158.184	158.253	158.171	158.18	513	0	21
2026.01.23	14:50:00	158.18	158.192	158.145	158.145	579	0	21
2026.01.23	15:00:00	158.146	158.192	158.134	158.144	538	0	21
2026.01.23	15:10:00	158.145	158.173	158.123	158.123	593	0	21
2026.01.23	15:20:00	158.121	158.147	158.082	158.093	625	0	21
2026.01.23	15:30:00	158.092	158.189	158.082	158.174	609	0	21
2026.01.23	15:40:00	158.175	158.193	158.156	158.184	463	0	21
2026.01.23	15:50:00	158.184	158.266	158.183	158.256	654	0	21
2026.01.23	16:00:00	158.255	158.327	158.255	158.284	745	0	21
2026.01.23	16:10:00	158.283	158.307	158.24	158.263	692	0	21
2026.01.23	16:20:00	158.265	158.283	158.193	158.252	571	0	21
2026.01.23	16:30:00	158.25	158.314	158.231	158.307	872	0	21
2026.01.23	16:40:00	158.309	158.322	158.256	158.271	972	0	21
2026.01.23	16:50:00	158.269	158.291	158.239	158.241	1036	0	21
2026.01.23	17:00:00	158.242	158.296	158.221	158.225	952	0	21
2026.01.23	17:10:00	158.224	158.245	158.147	158.186	1082	0	21
2026.01.23	17:20:00	158.186	158.264	158.165	158.26	529	0	21
2026.01.23	17:30:00	158.259	158.275	158.224	158.225	868	0	21
2026.01.23	17:40:00	158.224	158.234	158.172	158.173	855	0	21
2026.01.23	17:50:00	158.174	158.175	158.088	158.102	934	0	21
2026.01.23	18:00:00	158.103	158.154	158.082	158.151	721	0	21
2026.01.23	18:10:00	158.15	158.214	157.99	157.993	964	0	21
2026.01.23	18:20:00	157.993	158.066	157.783	157.783	1860	0	21
2026.01.23	18:30:00	157.781	157.819	157.53	157.564	1580	0	21
2026.01.23	18:40:00	157.564	157.643	157.451	157.464	1135	0	21
2026.01.23	18:50:00	157.465	157.644	157.358	157.553	1625	0	21
2026.01.23	19:00:00	157.553	157.605	157.426	157.48	1169	0	21
2026.01.23	19:10:00	157.48	157.481	156.737	156.869	2523	0	21
2026.01.23	19:20:00	156.87	156.908	156.517	156.602	2443	0	21
2026.01.23	19:30:00	156.595	156.887	156.11	156.627	3055	0	21
2026.01.23	19:40:00	156.626	156.664	156.36	156.47	2438	0	21
2026.01.23	19:50:00	156.47	156.525	156.245	156.351	2272	0	21
2026.01.23	20:00:00	156.351	156.499	156.315	156.431	1934	0	21
2026.01.23	20:10:00	156.43	156.62	156.393	156.393	1641	0	21
2026.01.23	20:20:00	156.393	156.399	156.006	156.023	2115	0	21
2026.01.23	20:30:00	156.023	156.23	156.013	156.124	1379	0	21
2026.01.23	20:40:00	156.124	156.194	156.067	156.118	1017	0	21
2026.01.23	20:50:00	156.117	156.209	156.117	156.154	899	0	21
2026.01.23	21:00:00	156.154	156.193	155.996	156.056	1021	0	21
2026.01.23	21:10:00	156.057	156.062	155.884	155.925	676	0	21
2026.01.23	21:20:00	155.926	156.249	155.925	156.129	935	0	21
2026.01.23	21:30:00	156.129	156.174	156.045	156.068	769	0	21
2026.01.23	21:40:00	156.067	156.096	155.934	155.984	946	0	21
2026.01.23	21:50:00	155.985	155.986	155.672	155.879	1901	0	21
2026.01.23	22:00:00	155.88	155.95	155.823	155.828	1375	0	21
2026.01.23	22:10:00	155.826	155.869	155.767	155.768	963	0	21
2026.01.23	22:20:00	155.77	155.835	155.722	155.791	763	0	21
2026.01.23	22:30:00	155.797	155.908	155.755	155.764	770	0	21
2026.01.23	22:40:00	155.762	155.859	155.733	155.827	716	0	21
2026.01.23	22:50:00	155.826	155.827	155.749	155.803	928	0	21
2026.01.23	23:00:00	155.807	155.857	155.723	155.73	448	0	21
2026.01.23	23:10:00	155.731	155.774	155.603	155.704	402	0	21
2026.01.23	23:20:00	155.705	155.719	155.647	155.689	421	0	21
2026.01.23	23:30:00	155.688	155.8	155.676	155.78	227	0	21
2026.01.23	23:40:00	155.78	155.789	155.676	155.787	291	0	23
2026.01.23	23:50:00	155.788	155.807	155.701	155.719	430	0	25
2026.01.26	00:00:00	154.633	154.993	154.613	154.993	166	0	41
2026.01.26	00:10:00	154.993	155.115	154.993	155.055	164	0	40
2026.01.26	00:20:00	155.055	155.177	155.041	155.072	125	0	50
2026.01.26	00:30:00	155.071	155.078	154.687	154.69	444	0	32
2026.01.26	00:40:00	154.69	154.69	154.26	154.266	372	0	25
2026.01.26	00:50:00	154.263	154.523	154.172	154.498	271	0	38
2026.01.26	01:00:00	154.498	154.784	154.481	154.612	1175	0	21
2026.01.26	01:10:00	154.611	154.781	154.555	154.747	717	0	24
2026.01.26	01:20:00	154.744	155.063	154.719	155.063	758	0	21
2026.01.26	01:30:00	155.062	155.154	154.872	154.947	1723	0	21
2026.01.26	01:40:00	154.942	155.262	154.866	155.162	1397	0	21
2026.01.26	01:50:00	155.161	155.23	155.088	155.136	1375	0	21
2026.01.26	02:00:00	155.139	155.333	154.949	154.953	2482	0	21
2026.01.26	02:10:00	154.953	155.2	154.926	155.128	1785	0	21
2026.01.26	02:20:00	155.126	155.188	154.938	155.045	1546	0	21
2026.01.26	02:30:00	155.041	155.131	154.888	154.917	1398	0	21
2026.01.26	02:40:00	154.918	154.944	154.75	154.844	1720	0	21
2026.01.26	02:50:00	154.845	154.888	154.652	154.832	1727	0	21
2026.01.26	03:00:00	154.831	154.835	154.596	154.724	1785	0	21
2026.01.26	03:10:00	154.725	154.918	154.696	154.768	1429	0	21
2026.01.26	03:20:00	154.767	154.863	154.649	154.654	1421	0	21
2026.01.26	03:30:00	154.65	154.724	154.397	154.484	1680	0	21
2026.01.26	03:40:00	154.483	154.548	154.319	154.352	1757	0	21
2026.01.26	03:50:00	154.353	154.471	154.291	154.411	1612	0	21
2026.01.26	04:00:00	154.412	154.47	154.269	154.272	1294	0	21
2026.01.26	04:10:00	154.272	154.286	153.96	154.147	2073	0	21
2026.01.26	04:20:00	154.147	154.244	153.93	154.017	1645	0	21
2026.01.26	04:30:00	154.019	154.055	153.897	153.983	1547	0	21
2026.01.26	04:40:00	153.983	154.043	153.875	153.982	1475	0	21
2026.01.26	04:50:00	153.983	154.081	153.972	153.981	1328	0	21
2026.01.26	05:00:00	153.979	154.197	153.937	154.177	1521	0	21
2026.01.26	05:10:00	154.17	154.329	154.149	154.262	1159	0	21
2026.01.26	05:20:00	154.261	154.294	154.164	154.205	943	0	21
2026.01.26	05:30:00	154.204	154.241	154.114	154.209	973	0	21
2026.01.26	05:40:00	154.209	154.23	154.168	154.194	812	0	21
2026.01.26	05:50:00	154.194	154.238	154.167	154.2	593	0	21
2026.01.26	06:00:00	154.199	154.265	154.142	154.152	924	0	21
2026.01.26	06:10:00	154.153	154.153	153.797	153.868	1341	0	21
2026.01.26	06:20:00	153.874	154.032	153.874	153.973	1170	0	21
2026.01.26	06:30:00	153.977	154.039	153.91	154.019	914	0	21
2026.01.26	06:40:00	154.018	154.018	153.878	153.92	880	0	21
2026.01.26	06:50:00	153.926	154.031	153.926	154.02	757	0	21
2026.01.26	07:00:00	154.02	154.081	153.965	154.01	902	0	21
2026.01.26	07:10:00	154.01	154.087	154.001	154.043	785	0	21
2026.01.26	07:20:00	154.042	154.054	153.912	153.952	919	0	21
2026.01.26	07:30:00	153.95	154.031	153.932	154.0	903	0	21
2026.01.26	07:40:00	153.999	154.05	153.994	154.042	647	0	21
2026.01.26	07:50:00	154.043	154.104	153.997	154.097	850	0	21
2026.01.26	08:00:00	154.097	154.325	154.08	154.296	1184	0	21
2026.01.26	08:10:00	154.295	154.408	154.257	154.27	1340	0	21
2026.01.26	08:20:00	154.27	154.296	154.196	154.204	1021	0	21
2026.01.26	08:30:00	154.203	154.22	154.141	154.153	846	0	21
2026.01.26	08:40:00	154.161	154.221	154.018	154.104	915	0	21
2026.01.26	08:50:00	154.097	154.236	154.062	154.233	1076	0	21
2026.01.26	09:00:00	154.233	154.306	154.067	154.07	1460	0	21
2026.01.26	09:10:00	154.074	154.162	154.047	154.08	1141	0	21
2026.01.26	09:20:00	154.081	154.094	153.963	154.009	1199	0	21
2026.01.26	09:30:00	154.009	154.06	153.9	154.053	1464	0	21
2026.01.26	09:40:00	154.052	154.132	153.902	153.903	1396	0	21
2026.01.26	09:50:00	153.904	154.312	153.898	154.237	1734	0	21
2026.01.26	10:00:00	154.241	154.334	154.051	154.122	1787	0	21
2026.01.26	10:10:00	154.116	154.136	153.923	154.001	1686	0	21
2026.01.26	10:20:00	154.0	154.117	153.856	153.874	1646	0	21
2026.01.26	10:30:00	153.874	153.899	153.387	153.728	2757	0	21
2026.01.26	10:40:00	153.73	153.913	153.701	153.913	2146	0	21
2026.01.26	10:50:00	153.912	153.942	153.754	153.908	1482	0	21
2026.01.26	11:00:00	153.907	154.127	153.835	154.001	2276	0	21
2026.01.26	11:10:00	154.002	154.026	153.8	153.825	1685	0	21
2026.01.26	11:20:00	153.825	153.825	153.579	153.585	1685	0	21
2026.01.26	11:30:00	153.584	153.63	153.526	153.615	1675	0	21
2026.01.26	11:40:00	153.615	153.664	153.52	153.608	1555	0	21
2026.01.26	11:50:00	153.606	153.72	153.555	153.659	1847	0	21
2026.01.26	12:00:00	153.658	153.782	153.607	153.777	1301	0	21
2026.01.26	12:10:00	153.777	153.874	153.737	153.74	1118	0	21
2026.01.26	12:20:00	153.738	153.74	153.59	153.695	1257	0	21
2026.01.26	12:30:00	153.694	153.795	153.692	153.7	1380	0	21
2026.01.26	12:40:00	153.701	153.701	153.585	153.594	1308	0	21
2026.01.26	12:50:00	153.595	153.609	153.516	153.546	1269	0	21
2026.01.26	13:00:00	153.546	153.581	153.293	153.443	1642	0	21
2026.01.26	13:10:00	153.443	153.649	153.441	153.644	1431	0	21
2026.01.26	13:20:00	153.644	153.8	153.643	153.747	1239	0	21
2026.01.26	13:30:00	153.747	153.817	153.678	153.755	1334	0	21
2026.01.26	13:40:00	153.755	153.767	153.659	153.732	1258	0	21
2026.01.26	13:50:00	153.731	153.751	153.654	153.725	1396	0	21
2026.01.26	14:00:00	153.72	153.855	153.72	153.853	787	0	21
2026.01.26	14:10:00	153.854	153.966	153.837	153.873	1157	0	21
2026.01.26	14:20:00	153.877	153.96	153.87	153.955	1077	0	21
2026.01.26	14:30:00	153.955	154.039	153.887	154.033	1019	0	21
2026.01.26	14:40:00	154.033	154.146	154.007	154.141	901	0	21
2026.01.26	14:50:00	154.138	154.178	154.074	154.12	1102	0	21
2026.01.26	15:00:00	154.12	154.333	154.11	154.199	1086	0	21
2026.01.26	15:10:00	154.199	154.262	154.132	154.234	916	0	21
2026.01.26	15:20:00	154.233	154.233	154.113	154.171	936	0	21
2026.01.26	15:30:00	154.171	154.247	154.102	154.225	1320	0	21
2026.01.26	15:40:00	154.223	154.227	154.085	154.117	1160	0	21
2026.01.26	15:50:00	154.117	154.157	154.033	154.048	1018	0	21
2026.01.26	16:00:00	154.048	154.121	153.97	154.01	988	0	21
2026.01.26	16:10:00	154.004	154.036	153.905	153.913	1021	0	21
2026.01.26	16:20:00	153.911	153.926	153.844	153.911	963	0	21
2026.01.26	16:30:00	153.91	153.91	153.807	153.838	1188	0	21
2026.01.26	16:40:00	153.839	153.874	153.716	153.755	1100	0	21
2026.01.26	16:50:00	153.754	153.849	153.684	153.731	1203	0	21
2026.01.26	17:00:00	153.731	153.784	153.66	153.709	1427	0	21
2026.01.26	17:10:00	153.71	153.838	153.71	153.824	1052	0	21
2026.01.26	17:20:00	153.824	153.873	153.765	153.812	1051	0	21
2026.01.26	17:30:00	153.812	153.871	153.669	153.669	1097	0	21
2026.01.26	17:40:00	153.666	153.72	153.606	153.694	1193	0	21
2026.01.26	17:50:00	153.695	153.803	153.672	153.803	1329	0	21
2026.01.26	18:00:00	153.806	153.938	153.705	153.899	1542	0	21
2026.01.26	18:10:00	153.895	154.015	153.866	153.995	1426	0	21
2026.01.26	18:20:00	153.995	154.019	153.942	153.992	1129	0	21
2026.01.26	18:30:00	153.991	154.004	153.891	153.914	1087	0	21
2026.01.26	18:40:00	153.915	153.915	153.787	153.878	928	0	21
2026.01.26	18:50:00	153.877	153.892	153.832	153.876	877	0	21
2026.01.26	19:00:00	153.875	153.931	153.856	153.885	583	0	21
2026.01.26	19:10:00	153.885	153.93	153.853	153.883	715	0	21
2026.01.26	19:20:00	153.882	154.034	153.882	154.033	885	0	21
2026.01.26	19:30:00	154.034	154.102	153.959	153.978	844	0	21
2026.01.26	19:40:00	153.978	154.045	153.964	153.978	660	0	21
2026.01.26	19:50:00	153.979	154.012	153.949	153.961	567	0	21
2026.01.26	20:00:00	153.959	153.988	153.897	153.907	696	0	21
2026.01.26	20:10:00	153.908	153.978	153.886	153.94	784	0	21
2026.01.26	20:20:00	153.939	154.019	153.939	154.004	594	0	21
2026.01.26	20:30:00	154.003	154.032	153.981	154.008	482	0	21
2026.01.26	20:40:00	154.006	154.154	154.004	154.137	754	0	21
2026.01.26	20:50:00	154.138	154.183	154.113	154.151	800	0	21
2026.01.26	21:00:00	154.149	154.245	154.145	154.212	1015	0	21
2026.01.26	21:10:00	154.213	154.26	154.198	154.259	732	0	21
2026.01.26	21:20:00	154.258	154.264	154.164	154.224	792	0	21
2026.01.26	21:30:00	154.225	154.23	154.164	154.216	660	0	21
2026.01.26	21:40:00	154.217	154.248	154.139	154.14	821	0	21
2026.01.26	21:50:00	154.139	154.208	154.016	154.028	1080	0	21
2026.01.26	22:00:00	154.029	154.137	153.847	154.009	1510	0	21
2026.01.26	22:10:00	154.009	154.027	153.874	153.943	850	0	21
2026.01.26	22:20:00	153.943	154.036	153.926	154.025	590	0	21
2026.01.26	22:30:00	154.025	154.081	154.0	154.054	544	0	21
2026.01.26	22:40:00	154.056	154.104	154.046	154.08	619	0	21
2026.01.26	22:50:00	154.079	154.098	154.035	154.075	480	0	21
2026.01.26	23:00:00	154.077	154.135	154.051	154.132	486	0	21
2026.01.26	23:10:00	154.133	154.165	154.119	154.15	367	0	21
2026.01.26	23:20:00	154.149	154.232	154.141	154.187	475	0	21
2026.01.26	23:30:00	154.186	154.235	154.185	154.226	260	0	22
2026.01.26	23:40:00	154.227	154.249	154.216	154.241	275	0	21
2026.01.26	23:50:00	154.24	154.249	154.129	154.129	680	0	24
2026.01.27	00:00:00	154.129	154.134	154.044	154.133	20	0	74
2026.01.27	00:10:00	154.131	154.243	154.119	154.13	82	0	57
2026.01.27	00:20:00	154.13	154.158	154.127	154.127	22	0	75
2026.01.27	00:30:00	154.129	154.157	154.129	154.132	22	0	76
2026.01.27	00:40:00	154.132	154.147	154.128	154.141	37	0	98
2026.01.27	00:50:00	154.139	154.151	154.055	154.104	50	0	74
2026.01.27	01:00:00	154.111	154.215	154.091	154.188	214	0	21
2026.01.27	01:10:00	154.185	154.228	154.147	154.189	157	0	22
2026.01.27	01:20:00	154.192	154.216	154.164	154.166	278	0	24
2026.01.27	01:30:00	154.166	154.218	154.161	154.218	260	0	24
2026.01.27	01:40:00	154.219	154.399	154.195	154.394	633	0	21
2026.01.27	01:50:00	154.394	154.416	154.319	154.375	710	0	21
2026.01.27	02:00:00	154.374	154.439	154.19	154.216	1261	0	21
2026.01.27	02:10:00	154.215	154.22	154.111	154.195	698	0	22
2026.01.27	02:20:00	154.195	154.232	154.161	154.228	495	0	21
2026.01.27	02:30:00	154.224	154.225	154.114	154.146	707	0	21
2026.01.27	02:40:00	154.145	154.26	154.14	154.217	695	0	21
2026.01.27	02:50:00	154.216	154.306	154.137	154.276	1293	0	21
2026.01.27	03:00:00	154.277	154.378	154.241	154.358	1030	0	21
2026.01.27	03:10:00	154.356	154.364	154.273	154.29	979	0	21
2026.01.27	03:20:00	154.29	154.311	154.231	154.3	535	0	21
2026.01.27	03:30:00	154.3	154.396	154.298	154.327	844	0	21
2026.01.27	03:40:00	154.328	154.328	154.259	154.297	824	0	21
2026.01.27	03:50:00	154.297	154.342	154.252	154.336	542	0	21
2026.01.27	04:00:00	154.337	154.349	154.286	154.31	778	0	21
2026.01.27	04:10:00	154.307	154.35	154.304	154.308	637	0	21
2026.01.27	04:20:00	154.31	154.324	154.188	154.23	651	0	21
2026.01.27	04:30:00	154.23	154.232	154.122	154.159	729	0	21
2026.01.27	04:40:00	154.158	154.17	154.074	154.155	643	0	21
2026.01.27	04:50:00	154.155	154.25	154.107	154.25	580	0	21
2026.01.27	05:00:00	154.251	154.304	154.227	154.237	604	0	21
2026.01.27	05:10:00	154.238	154.33	154.236	154.288	573	0	21
2026.01.27	05:20:00	154.288	154.332	154.287	154.321	430	0	21
2026.01.27	05:30:00	154.321	154.333	154.275	154.306	546	0	21
2026.01.27	05:40:00	154.307	154.457	154.275	154.382	732	0	21
2026.01.27	05:50:00	154.382	154.43	154.376	154.404	776	0	21
2026.01.27	06:00:00	154.404	154.524	154.402	154.513	673	0	21
2026.01.27	06:10:00	154.512	154.545	154.46	154.478	871	0	21
2026.01.27	06:20:00	154.477	154.517	154.438	154.499	656	0	21
2026.01.27	06:30:00	154.498	154.534	154.452	154.492	532	0	21
2026.01.27	06:40:00	154.493	154.605	154.491	154.593	683	0	21
2026.01.27	06:50:00	154.593	154.613	154.569	154.582	560	0	21
2026.01.27	07:00:00	154.581	154.631	154.542	154.595	675	0	21
2026.01.27	07:10:00	154.595	154.621	154.573	154.586	521	0	21
2026.01.27	07:20:00	154.587	154.596	154.507	154.517	518	0	22
2026.01.27	07:30:00	154.519	154.534	154.454	154.462	578	0	21
2026.01.27	07:40:00	154.462	154.517	154.421	154.454	568	0	21
2026.01.27	07:50:00	154.455	154.494	154.434	154.49	555	0	21
2026.01.27	08:00:00	154.49	154.531	154.455	154.507	564	0	21
2026.01.27	08:10:00	154.508	154.542	154.501	154.535	563	0	21
2026.01.27	08:20:00	154.536	154.585	154.514	154.58	490	0	21
2026.01.27	08:30:00	154.576	154.601	154.488	154.489	649	0	21
2026.01.27	08:40:00	154.488	154.492	154.359	154.417	653	0	21
2026.01.27	08:50:00	154.419	154.536	154.405	154.522	550	0	21
2026.01.27	09:00:00	154.523	154.54	154.459	154.509	1052	0	21
2026.01.27	09:10:00	154.51	154.544	154.474	154.523	733	0	21
2026.01.27	09:20:00	154.525	154.611	154.493	154.571	663	0	21
2026.01.27	09:30:00	154.573	154.657	154.557	154.584	899	0	21
2026.01.27	09:40:00	154.583	154.606	154.53	154.601	791	0	21
2026.01.27	09:50:00	154.602	154.753	154.591	154.72	1348	0	21
2026.01.27	10:00:00	154.719	154.751	154.632	154.667	1162	0	21
2026.01.27	10:10:00	154.667	154.777	154.667	154.716	969	0	21
2026.01.27	10:20:00	154.717	154.774	154.692	154.74	824	0	21
2026.01.27	10:30:00	154.741	154.859	154.717	154.848	1017	0	21
2026.01.27	10:40:00	154.847	154.866	154.724	154.733	874	0	21
2026.01.27	10:50:00	154.735	154.776	154.69	154.693	862	0	21
2026.01.27	11:00:00	154.691	154.722	154.667	154.685	703	0	21
2026.01.27	11:10:00	154.685	154.695	154.604	154.616	627	0	21
2026.01.27	11:20:00	154.615	154.64	154.578	154.594	718	0	21
2026.01.27	11:30:00	154.594	154.594	154.495	154.498	741	0	21
2026.01.27	11:40:00	154.497	154.537	154.453	154.509	688	0	21
2026.01.27	11:50:00	154.508	154.509	153.165	153.728	3336	0	21
2026.01.27	12:00:00	153.736	154.179	153.724	154.022	2479	0	21
2026.01.27	12:10:00	154.023	154.113	153.85	153.956	2294	0	21
2026.01.27	12:20:00	153.957	154.044	153.903	153.952	1496	0	21
2026.01.27	12:30:00	153.952	153.991	153.84	153.854	1395	0	21
2026.01.27	12:40:00	153.854	153.864	153.547	153.789	1911	0	21
2026.01.27	12:50:00	153.789	153.813	153.663	153.732	1234	0	21
2026.01.27	13:00:00	153.732	153.737	153.561	153.681	1581	0	21
2026.01.27	13:10:00	153.682	153.753	153.596	153.728	971	0	21
2026.01.27	13:20:00	153.728	153.734	153.59	153.591	1068	0	21
2026.01.27	13:30:00	153.589	153.731	153.555	153.72	1055	0	21
2026.01.27	13:40:00	153.718	153.738	153.674	153.712	1024	0	21
2026.01.27	13:50:00	153.713	153.754	153.605	153.717	1163	0	21
2026.01.27	14:00:00	153.718	153.783	153.64	153.648	1054	0	21
2026.01.27	14:10:00	153.647	153.647	153.442	153.486	1683	0	21
2026.01.27	14:20:00	153.489	153.53	153.259	153.432	2196	0	21
2026.01.27	14:30:00	153.435	153.52	153.386	153.462	1539	0	21
2026.01.27	14:40:00	153.462	153.508	153.244	153.375	1596	0	21
2026.01.27	14:50:00	153.371	153.376	153.276	153.293	1572	0	21
2026.01.27	15:00:00	153.289	153.346	153.166	153.33	2443	0	21
2026.01.27	15:10:00	153.33	153.372	153.254	153.306	1632	0	21
2026.01.27	15:20:00	153.306	153.342	153.245	153.326	1320	0	21
2026.01.27	15:30:00	153.326	153.412	153.196	153.228	1282	0	21
2026.01.27	15:40:00	153.228	153.352	152.984	153.195	3097	0	21
2026.01.27	15:50:00	153.194	153.306	153.113	153.238	1971	0	21
2026.01.27	16:00:00	153.233	153.334	153.186	153.222	1562	0	21
2026.01.27	16:10:00	153.226	153.276	153.212	153.256	1540	0	21
2026.01.27	16:20:00	153.26	153.265	153.14	153.142	1452	0	21
2026.01.27	16:30:00	153.141	153.141	152.916	153.03	2796	0	21
2026.01.27	16:40:00	153.027	153.283	152.982	153.271	2406	0	21
2026.01.27	16:50:00	153.282	153.364	153.212	153.212	1540	0	21
2026.01.27	17:00:00	153.207	153.207	152.949	153.027	2085	0	21
2026.01.27	17:10:00	153.033	153.05	152.885	152.93	1756	0	21
2026.01.27	17:20:00	152.927	153.037	152.865	152.988	1660	0	21
2026.01.27	17:30:00	152.989	153.295	152.989	153.283	1767	0	21
2026.01.27	17:40:00	153.284	153.314	153.195	153.232	1337	0	21
2026.01.27	17:50:00	153.233	153.329	153.184	153.23	1602	0	21
2026.01.27	18:00:00	153.231	153.256	153.076	153.085	1800	0	21
2026.01.27	18:10:00	153.085	153.133	152.986	153.001	1127	0	21
2026.01.27	18:20:00	153.0	153.096	152.969	153.046	857	0	21
2026.01.27	18:30:00	153.048	153.071	152.935	152.964	1329	0	21
2026.01.27	18:40:00	152.965	153.037	152.958	153.023	1141	0	21
2026.01.27	18:50:00	153.024	153.117	152.992	153.029	941	0	21
2026.01.27	19:00:00	153.029	153.096	153.021	153.046	1009	0	21
2026.01.27	19:10:00	153.045	153.137	153.014	153.093	955	0	21
2026.01.27	19:20:00	153.093	153.094	153.028	153.07	601	0	21
2026.01.27	19:30:00	153.069	153.073	153.0	153.004	530	0	21
2026.01.27	19:40:00	153.004	153.004	152.594	152.702	1825	0	21
2026.01.27	19:50:00	152.707	152.791	152.699	152.755	1059	0	21
2026.01.27	20:00:00	152.754	152.778	152.56	152.684	1345	0	21
2026.01.27	20:10:00	152.689	152.87	152.676	152.825	1051	0	21
2026.01.27	20:20:00	152.824	152.86	152.747	152.758	896	0	21
2026.01.27	20:30:00	152.757	152.792	152.709	152.72	651	0	21
2026.01.27	20:40:00	152.721	152.734	152.687	152.695	703	0	21
2026.01.27	20:50:00	152.695	152.76	152.644	152.751	511	0	21
2026.01.27	21:00:00	152.75	152.82	152.745	152.745	570	0	21
2026.01.27	21:10:00	152.745	152.813	152.731	152.789	456	0	21
2026.01.27	21:20:00	152.788	152.803	152.742	152.788	576	0	21
2026.01.27	21:30:00	152.787	152.805	152.737	152.751	528	0	21
2026.01.27	21:40:00	152.752	152.824	152.728	152.799	669	0	21
2026.01.27	21:50:00	152.798	152.81	152.694	152.702	795	0	21
2026.01.27	22:00:00	152.702	152.74	152.662	152.684	673	0	21
2026.01.27	22:10:00	152.685	152.688	152.616	152.631	572	0	21
2026.01.27	22:20:00	152.631	152.636	152.492	152.522	880	0	21
2026.01.27	22:30:00	152.521	152.693	152.521	152.693	598	0	21
2026.01.27	22:40:00	152.693	152.829	152.081	152.259	2949	0	21
2026.01.27	22:50:00	152.255	152.37	152.08	152.37	2965	0	21
2026.01.27	23:00:00	152.37	152.466	152.276	152.285	1541	0	21
2026.01.27	23:10:00	152.284	152.322	152.164	152.261	1035	0	21
2026.01.27	23:20:00	152.258	152.336	152.225	152.251	798	0	21
2026.01.27	23:30:00	152.252	152.436	152.252	152.301	762	0	21
2026.01.27	23:40:00	152.301	152.325	152.192	152.261	657	0	21
2026.01.27	23:50:00	152.263	152.269	152.099	152.111	823	0	24
2026.01.28	00:00:00	152.111	152.204	152.087	152.161	92	0	93
2026.01.28	00:10:00	152.159	152.205	152.152	152.198	43	0	58
2026.01.28	00:20:00	152.197	152.239	152.189	152.189	23	0	53
2026.01.28	00:30:00	152.189	152.268	152.187	152.217	167	0	44
2026.01.28	00:40:00	152.227	152.328	152.217	152.284	407	0	57
2026.01.28	00:50:00	152.284	152.289	152.257	152.269	131	0	55
2026.01.28	01:00:00	152.269	152.383	152.236	152.359	435	0	21
2026.01.28	01:10:00	152.359	152.429	152.323	152.427	704	0	22
2026.01.28	01:20:00	152.428	152.58	152.4	152.576	846	0	23
2026.01.28	01:30:00	152.575	152.61	152.45	152.479	956	0	21
2026.01.28	01:40:00	152.478	152.538	152.418	152.474	734	0	24
2026.01.28	01:50:00	152.474	152.524	152.373	152.482	621	0	21
2026.01.28	02:00:00	152.482	152.7	152.427	152.628	1648	0	21
2026.01.28	02:10:00	152.627	152.7	152.488	152.512	1074	0	21
2026.01.28	02:20:00	152.513	152.666	152.45	152.645	855	0	21
2026.01.28	02:30:00	152.643	152.643	152.472	152.57	1628	0	21
2026.01.28	02:40:00	152.571	152.633	152.534	152.622	1198	0	21
2026.01.28	02:50:00	152.622	152.672	152.429	152.624	1755	0	21
2026.01.28	03:00:00	152.625	152.744	152.587	152.718	1412	0	21
2026.01.28	03:10:00	152.718	152.805	152.657	152.744	1351	0	21
2026.01.28	03:20:00	152.745	152.895	152.734	152.887	1092	0	22
2026.01.28	03:30:00	152.886	152.976	152.853	152.949	1115	0	21
2026.01.28	03:40:00	152.949	152.949	152.828	152.887	1018	0	21
2026.01.28	03:50:00	152.887	152.983	152.869	152.977	853	0	21
2026.01.28	04:00:00	152.978	153.021	152.893	152.991	1012	0	21
2026.01.28	04:10:00	152.992	153.056	152.915	152.92	1168	0	21
2026.01.28	04:20:00	152.92	152.957	152.872	152.886	787	0	21
2026.01.28	04:30:00	152.886	152.922	152.859	152.886	726	0	21
2026.01.28	04:40:00	152.887	152.887	152.826	152.838	490	0	21
2026.01.28	04:50:00	152.839	152.859	152.801	152.829	620	0	22
2026.01.28	05:00:00	152.827	152.827	152.771	152.791	616	0	21
2026.01.28	05:10:00	152.79	152.79	152.718	152.719	548	0	21
2026.01.28	05:20:00	152.718	152.726	152.637	152.682	559	0	21
2026.01.28	05:30:00	152.681	152.804	152.638	152.788	688	0	21
2026.01.28	05:40:00	152.788	152.791	152.642	152.643	691	0	21
2026.01.28	05:50:00	152.649	152.743	152.645	152.71	543	0	21
2026.01.28	06:00:00	152.709	152.794	152.65	152.77	560	0	21
2026.01.28	06:10:00	152.77	152.826	152.749	152.756	573	0	21
2026.01.28	06:20:00	152.763	152.772	152.721	152.759	528	0	21
2026.01.28	06:30:00	152.761	152.79	152.72	152.72	457	0	21
2026.01.28	06:40:00	152.721	152.764	152.64	152.648	412	0	22
2026.01.28	06:50:00	152.649	152.651	152.515	152.549	848	0	21
2026.01.28	07:00:00	152.547	152.676	152.517	152.649	1582	0	21
2026.01.28	07:10:00	152.649	152.663	152.532	152.569	710	0	21
2026.01.28	07:20:00	152.57	152.605	152.502	152.524	679	0	21
2026.01.28	07:30:00	152.525	152.607	152.463	152.594	860	0	21
2026.01.28	07:40:00	152.595	152.677	152.526	152.664	699	0	21
2026.01.28	07:50:00	152.665	152.722	152.604	152.617	654	0	21
2026.01.28	08:00:00	152.624	152.714	152.624	152.675	1255	0	21
2026.01.28	08:10:00	152.676	152.691	152.548	152.574	686	0	21
2026.01.28	08:20:00	152.574	152.712	152.546	152.617	760	0	21
2026.01.28	08:30:00	152.616	152.663	152.559	152.609	1310	0	21
2026.01.28	08:40:00	152.608	152.705	152.596	152.689	779	0	21
2026.01.28	08:50:00	152.69	152.716	152.623	152.64	844	0	21
2026.01.28	09:00:00	152.639	152.639	152.546	152.585	1086	0	21
2026.01.28	09:10:00	152.587	152.597	152.265	152.344	1908	0	21
2026.01.28	09:20:00	152.343	152.489	152.34	152.485	1254	0	21
2026.01.28	09:30:00	152.486	152.705	152.47	152.636	1221	0	21
2026.01.28	09:40:00	152.637	152.721	152.62	152.688	1185	0	21
2026.01.28	09:50:00	152.689	152.711	152.62	152.636	1187	0	21
2026.01.28	10:00:00	152.631	152.731	152.507	152.511	1744	0	21
2026.01.28	10:10:00	152.511	152.689	152.511	152.536	1225	0	21
2026.01.28	10:20:00	152.536	152.565	152.398	152.447	1537	0	21
2026.01.28	10:30:00	152.447	152.53	152.439	152.455	1306	0	21
2026.01.28	10:40:00	152.467	152.733	152.427	152.673	1644	0	21
2026.01.28	10:50:00	152.674	152.794	152.602	152.626	1737	0	21
2026.01.28	11:00:00	152.625	152.73	152.592	152.7	1231	0	21
2026.01.28	11:10:00	152.701	152.754	152.631	152.687	1334	0	21
2026.01.28	11:20:00	152.686	152.694	152.584	152.632	1178	0	21
2026.01.28	11:30:00	152.631	152.722	152.553	152.597	1122	0	21
2026.01.28	11:40:00	152.597	152.717	152.589	152.695	1006	0	21
2026.01.28	11:50:00	152.694	152.705	152.595	152.703	929	0	21
2026.01.28	12:00:00	152.703	152.715	152.646	152.672	1064	0	21
2026.01.28	12:10:00	152.672	152.697	152.616	152.682	838	0	21
2026.01.28	12:20:00	152.682	152.708	152.647	152.671	1076	0	21
2026.01.28	12:30:00	152.67	152.694	152.615	152.616	801	0	21
2026.01.28	12:40:00	152.615	152.63	152.334	152.455	1309	0	21
2026.01.28	12:50:00	152.466	152.567	152.456	152.558	1325	0	21
2026.01.28	13:00:00	152.559	152.705	152.549	152.671	1022	0	21
2026.01.28	13:10:00	152.671	152.711	152.651	152.706	822	0	21
2026.01.28	13:20:00	152.707	152.712	152.625	152.629	776	0	20
2026.01.28	13:30:00	152.63	152.691	152.576	152.671	900	0	20
2026.01.28	13:40:00	152.668	152.669	152.586	152.596	691	0	20
2026.01.28	13:50:00	152.597	152.612	152.538	152.596	790	0	20
2026.01.28	14:00:00	152.596	152.622	152.52	152.547	768	0	20
2026.01.28	14:10:00	152.547	152.564	152.471	152.48	1102	0	20
2026.01.28	14:20:00	152.479	152.5	152.413	152.461	1067	0	20
2026.01.28	14:30:00	152.46	152.466	152.382	152.402	1145	0	20
2026.01.28	14:40:00	152.401	152.631	152.399	152.568	959	0	20
2026.01.28	14:50:00	152.568	152.609	152.536	152.559	940	0	20
2026.01.28	15:00:00	152.555	152.615	152.535	152.614	1021	0	20
2026.01.28	15:10:00	152.614	152.656	152.556	152.656	873	0	20
2026.01.28	15:20:00	152.654	152.714	152.627	152.685	1077	0	20
2026.01.28	15:30:00	152.684	152.705	152.62	152.685	873	0	20
2026.01.28	15:40:00	152.686	152.771	152.67	152.757	762	0	20
2026.01.28	15:50:00	152.758	152.905	152.736	152.838	1176	0	20
2026.01.28	16:00:00	152.837	152.986	152.826	152.838	1617	0	20
2026.01.28	16:10:00	152.839	152.89	152.765	152.839	1188	0	20
2026.01.28	16:20:00	152.84	152.863	152.7	152.733	1157	0	20
2026.01.28	16:30:00	152.731	152.766	152.674	152.699	1237	0	20
2026.01.28	16:40:00	152.698	152.739	152.641	152.736	1021	0	20
2026.01.28	16:50:00	152.735	152.843	152.712	152.818	1787	0	20
2026.01.28	17:00:00	152.819	153.536	152.759	153.379	2614	0	20
2026.01.28	17:10:00	153.376	153.721	153.256	153.607	4147	0	20
2026.01.28	17:20:00	153.606	153.714	153.453	153.469	2009	0	20
2026.01.28	17:30:00	153.46	153.508	153.303	153.332	2218	0	20
2026.01.28	17:40:00	153.331	153.466	153.221	153.459	2668	0	20
2026.01.28	17:50:00	153.46	153.566	153.412	153.456	2179	0	20
2026.01.28	18:00:00	153.454	153.543	153.404	153.521	1822	0	20
2026.01.28	18:10:00	153.522	153.682	153.52	153.658	1705	0	20
2026.01.28	18:20:00	153.659	153.752	153.631	153.741	1568	0	20
2026.01.28	18:30:00	153.74	153.776	153.598	153.623	1473	0	20
2026.01.28	18:40:00	153.623	153.697	153.565	153.635	1273	0	20
2026.01.28	18:50:00	153.635	153.717	153.592	153.592	1353	0	20
2026.01.28	19:00:00	153.593	153.663	153.548	153.633	1319	0	20
2026.01.28	19:10:00	153.634	153.748	153.608	153.739	826	0	20
2026.01.28	19:20:00	153.738	153.74	153.574	153.63	1095	0	20
2026.01.28	19:30:00	153.629	153.635	153.537	153.6	1192	0	20
2026.01.28	19:40:00	153.601	153.657	153.57	153.58	852	0	20
2026.01.28	19:50:00	153.583	153.601	153.515	153.518	846	0	20
2026.01.28	20:00:00	153.519	153.614	153.515	153.612	744	0	20
2026.01.28	20:10:00	153.614	153.678	153.605	153.64	700	0	20
2026.01.28	20:20:00	153.642	153.644	153.6	153.64	729	0	20
2026.01.28	20:30:00	153.639	153.892	153.638	153.885	1123	0	20
2026.01.28	20:40:00	153.886	153.938	153.847	153.929	1198	0	20
2026.01.28	20:50:00	153.926	153.935	153.784	153.831	1039	0	20
2026.01.28	21:00:00	153.831	154.035	153.741	153.826	2798	0	20
2026.01.28	21:10:00	153.824	153.91	153.702	153.723	1948	0	20
2026.01.28	21:20:00	153.724	153.958	153.716	153.941	1229	0	20
2026.01.28	21:30:00	153.942	153.95	153.615	153.635	2015	0	20
2026.01.28	21:40:00	153.636	153.744	153.553	153.61	2228	0	20
2026.01.28	21:50:00	153.613	153.66	153.451	153.482	1746	0	20
2026.01.28	22:00:00	153.481	153.518	153.339	153.517	1621	0	20
2026.01.28	22:10:00	153.524	153.563	153.461	153.529	1158	0	20
2026.01.28	22:20:00	153.53	153.543	153.389	153.4	1024	0	20
2026.01.28	22:30:00	153.401	153.436	153.324	153.366	1153	0	20
2026.01.28	22:40:00	153.367	153.391	153.294	153.346	1098	0	20
2026.01.28	22:50:00	153.346	153.372	153.302	153.372	909	0	20
2026.01.28	23:00:00	153.372	153.393	153.294	153.336	662	0	20
2026.01.28	23:10:00	153.341	153.387	153.288	153.356	527	0	20
2026.01.28	23:20:00	153.366	153.455	153.347	153.443	471	0	20
2026.01.28	23:30:00	153.444	153.449	153.36	153.381	378	0	20
2026.01.28	23:40:00	153.381	153.437	153.381	153.42	418	0	23
2026.01.28	23:50:00	153.421	153.434	153.38	153.389	562	0	24
2026.01.29	00:00:00	153.388	153.388	153.31	153.335	21	0	44
2026.01.29	00:10:00	153.335	153.385	153.326	153.335	34	0	81
2026.01.29	00:20:00	153.341	153.359	153.335	153.341	45	0	126
2026.01.29	00:30:00	153.341	153.399	153.333	153.389	241	0	41
2026.01.29	00:40:00	153.392	153.405	153.384	153.399	147	0	38
2026.01.29	00:50:00	153.398	153.404	153.387	153.4	186	0	42
2026.01.29	01:00:00	153.4	153.4	153.325	153.381	338	0	21
2026.01.29	01:10:00	153.38	153.41	153.314	153.314	403	0	21
2026.01.29	01:20:00	153.314	153.316	153.106	153.198	645	0	20
2026.01.29	01:30:00	153.199	153.225	153.108	153.116	1106	0	20
2026.01.29	01:40:00	153.116	153.12	153.021	153.116	1099	0	20
2026.01.29	01:50:00	153.116	153.259	153.071	153.071	1174	0	20
2026.01.29	02:00:00	153.072	153.204	153.01	153.082	2054	0	20
2026.01.29	02:10:00	153.082	153.122	152.938	152.972	1220	0	20
2026.01.29	02:20:00	152.972	153.032	152.896	152.916	1242	0	20
2026.01.29	02:30:00	152.917	152.92	152.755	152.883	1620	0	20
2026.01.29	02:40:00	152.883	152.978	152.87	152.973	1330	0	20
2026.01.29	02:50:00	152.972	153.1	152.932	153.082	1826	0	20
2026.01.29	03:00:00	153.083	153.258	153.062	153.229	1753	0	20
2026.01.29	03:10:00	153.226	153.345	153.199	153.296	1180	0	20
2026.01.29	03:20:00	153.296	153.339	153.22	153.266	1212	0	20
2026.01.29	03:30:00	153.262	153.262	153.154	153.206	1193	0	20
2026.01.29	03:40:00	153.205	153.223	153.125	153.184	1262	0	20
2026.01.29	03:50:00	153.183	153.25	153.134	153.249	1158	0	20
2026.01.29	04:00:00	153.254	153.381	153.254	153.268	1246	0	20
2026.01.29	04:10:00	153.266	153.301	153.206	153.217	842	0	20
2026.01.29	04:20:00	153.219	153.224	153.031	153.035	996	0	20
2026.01.29	04:30:00	153.033	153.109	153.021	153.105	1094	0	20
2026.01.29	04:40:00	153.106	153.127	153.062	153.109	814	0	20
2026.01.29	04:50:00	153.109	153.124	153.05	153.103	751	0	20
2026.01.29	05:00:00	153.104	153.171	153.05	153.058	764	0	20
2026.01.29	05:10:00	153.059	153.095	153.039	153.054	623	0	20
2026.01.29	05:20:00	153.056	153.09	152.969	153.028	799	0	20
2026.01.29	05:30:00	153.028	153.085	153.001	153.011	700	0	20
2026.01.29	05:40:00	153.01	153.012	152.939	152.975	574	0	20
2026.01.29	05:50:00	152.974	152.976	152.893	152.915	492	0	20
2026.01.29	06:00:00	152.912	152.957	152.89	152.921	628	0	20
2026.01.29	06:10:00	152.924	153.073	152.92	153.048	545	0	20
2026.01.29	06:20:00	153.049	153.218	153.018	153.039	1181	0	20
2026.01.29	06:30:00	153.038	153.097	153.009	153.047	617	0	20
2026.01.29	06:40:00	153.048	153.083	152.973	152.976	702	0	20
2026.01.29	06:50:00	152.977	153.003	152.947	152.966	618	0	20
2026.01.29	07:00:00	152.966	152.968	152.903	152.924	614	0	20
2026.01.29	07:10:00	152.923	153.002	152.896	152.991	653	0	20
2026.01.29	07:20:00	152.992	153.081	152.992	153.028	687	0	20
2026.01.29	07:30:00	153.029	153.07	152.986	152.991	538	0	20
2026.01.29	07:40:00	152.989	153.052	152.978	153.021	613	0	20
2026.01.29	07:50:00	153.022	153.053	152.997	153.008	644	0	20
2026.01.29	08:00:00	153.008	153.145	153.008	153.136	931	0	20
2026.01.29	08:10:00	153.133	153.141	152.973	152.979	924	0	20
2026.01.29	08:20:00	152.978	153.018	152.909	152.95	865	0	20
2026.01.29	08:30:00	152.95	153.009	152.942	152.992	672	0	20
2026.01.29	08:40:00	152.99	153.074	152.982	153.055	565	0	20
2026.01.29	08:50:00	153.056	153.092	153.028	153.043	740	0	20
2026.01.29	09:00:00	153.044	153.046	152.978	153.035	918	0	20
2026.01.29	09:10:00	153.036	153.144	153.03	153.141	789	0	20
2026.01.29	09:20:00	153.141	153.282	153.14	153.28	999	0	20
2026.01.29	09:30:00	153.281	153.373	153.27	153.336	1232	0	20
2026.01.29	09:40:00	153.337	153.41	153.335	153.356	1016	0	20
2026.01.29	09:50:00	153.356	153.36	153.298	153.299	909	0	20
2026.01.29	10:00:00	153.301	153.317	153.174	153.187	1362	0	20
2026.01.29	10:10:00	153.185	153.245	153.149	153.229	1235	0	20
2026.01.29	10:20:00	153.229	153.265	153.15	153.246	1139	0	20
2026.01.29	10:30:00	153.247	153.437	153.241	153.395	1204	0	20
2026.01.29	10:40:00	153.394	153.448	153.342	153.352	1359	0	20
2026.01.29	10:50:00	153.352	153.388	153.302	153.311	1394	0	20
2026.01.29	11:00:00	153.312	153.347	153.252	153.27	1043	0	20
2026.01.29	11:10:00	153.271	153.281	153.22	153.244	754	0	20
2026.01.29	11:20:00	153.244	153.364	153.242	153.34	1148	0	20
2026.01.29	11:30:00	153.339	153.373	153.174	153.191	1211	0	20
2026.01.29	11:40:00	153.19	153.288	153.129	153.287	1033	0	20
2026.01.29	11:50:00	153.288	153.35	153.279	153.305	886	0	20
2026.01.29	12:00:00	153.304	153.347	153.269	153.325	925	0	20
2026.01.29	12:10:00	153.324	153.346	153.27	153.337	1212	0	20
2026.01.29	12:20:00	153.336	153.34	153.277	153.314	775	0	20
2026.01.29	12:30:00	153.315	153.391	153.286	153.374	1042	0	20
2026.01.29	12:40:00	153.374	153.402	153.314	153.337	877	0	20
2026.01.29	12:50:00	153.344	153.441	153.34	153.427	1011	0	20
2026.01.29	13:00:00	153.426	153.476	153.393	153.461	1144	0	20
2026.01.29	13:10:00	153.46	153.526	153.44	153.485	838	0	20
2026.01.29	13:20:00	153.487	153.488	153.405	153.475	871	0	20
2026.01.29	13:30:00	153.476	153.502	153.449	153.491	1014	0	20
2026.01.29	13:40:00	153.493	153.51	153.447	153.449	716	0	20
2026.01.29	13:50:00	153.45	153.464	153.366	153.453	1020	0	20
2026.01.29	14:00:00	153.452	153.466	153.381	153.402	930	0	20
2026.01.29	14:10:00	153.402	153.402	153.354	153.391	503	0	20
2026.01.29	14:20:00	153.391	153.421	153.355	153.359	437	0	20
2026.01.29	14:30:00	153.359	153.411	153.358	153.367	669	0	20
2026.01.29	14:40:00	153.367	153.396	153.325	153.334	709	0	20
2026.01.29	14:50:00	153.333	153.347	153.215	153.215	1288	0	20
2026.01.29	15:00:00	153.214	153.302	153.211	153.302	1007	0	20
2026.01.29	15:10:00	153.303	153.326	153.23	153.241	952	0	20
2026.01.29	15:20:00	153.244	153.265	153.223	153.227	812	0	20
2026.01.29	15:30:00	153.228	153.301	153.167	153.268	1150	0	20
2026.01.29	15:40:00	153.266	153.391	153.181	153.383	1716	0	20
2026.01.29	15:50:00	153.383	153.396	153.276	153.323	1621	0	20
2026.01.29	16:00:00	153.322	153.383	153.278	153.282	1189	0	20
2026.01.29	16:10:00	153.281	153.281	153.177	153.224	1211	0	20
2026.01.29	16:20:00	153.223	153.259	153.15	153.224	1049	0	20
2026.01.29	16:30:00	153.224	153.266	153.112	153.127	1607	0	20
2026.01.29	16:40:00	153.128	153.221	153.044	153.044	1978	0	20
2026.01.29	16:50:00	153.043	153.095	152.997	153.062	1862	0	20
2026.01.29	17:00:00	153.06	153.252	153.033	153.231	2772	0	20
2026.01.29	17:10:00	153.232	153.412	153.223	153.346	2840	0	20
2026.01.29	17:20:00	153.343	153.503	153.288	153.437	3454	0	20
2026.01.29	17:30:00	153.437	153.472	153.126	153.153	3273	0	20
2026.01.29	17:40:00	153.156	153.16	152.67	152.869	3433	0	20
2026.01.29	17:50:00	152.876	152.926	152.678	152.798	2836	0	20
2026.01.29	18:00:00	152.799	152.856	152.708	152.767	1748	0	20
2026.01.29	18:10:00	152.767	152.996	152.764	152.992	2179	0	20
2026.01.29	18:20:00	152.993	153.035	152.917	152.926	2302	0	22
2026.01.29	18:30:00	152.93	152.971	152.865	152.946	1684	0	22
2026.01.29	18:40:00	152.946	152.958	152.804	152.844	1797	0	22
2026.01.29	18:50:00	152.848	152.901	152.791	152.873	1751	0	22
2026.01.29	19:00:00	152.873	152.89	152.79	152.793	1488	0	22
2026.01.29	19:10:00	152.792	152.949	152.791	152.91	1953	0	22
2026.01.29	19:20:00	152.909	152.936	152.825	152.91	1947	0	22
2026.01.29	19:30:00	152.91	152.947	152.83	152.944	1784	0	22
2026.01.29	19:40:00	152.944	152.944	152.835	152.866	1636	0	22
2026.01.29	19:50:00	152.865	152.957	152.851	152.89	1558	0	22
2026.01.29	20:00:00	152.891	152.986	152.889	152.936	1756	0	22
2026.01.29	20:10:00	152.937	153.05	152.927	153.047	1498	0	22
2026.01.29	20:20:00	153.047	153.132	153.041	153.096	1760	0	22
2026.01.29	20:30:00	153.096	153.096	152.985	153.004	1403	0	23
2026.01.29	20:40:00	153.005	153.084	153.004	153.021	1187	0	22
2026.01.29	20:50:00	153.02	153.036	152.969	153.003	872	0	22
2026.01.29	21:00:00	153.002	153.089	152.998	153.077	943	0	20
2026.01.29	21:10:00	153.076	153.159	153.075	153.089	733	0	20
2026.01.29	21:20:00	153.089	153.089	153.026	153.064	830	0	20
2026.01.29	21:30:00	153.064	153.122	153.043	153.105	746	0	20
2026.01.29	21:40:00	153.102	153.111	153.064	153.093	696	0	20
2026.01.29	21:50:00	153.093	153.11	153.051	153.065	774	0	20
2026.01.29	22:00:00	153.065	153.202	153.065	153.183	817	0	20
2026.01.29	22:10:00	153.184	153.185	153.061	153.075	674	0	20
2026.01.29	22:20:00	153.077	153.138	153.074	153.087	600	0	20
2026.01.29	22:30:00	153.086	153.107	153.008	153.018	789	0	20
2026.01.29	22:40:00	153.019	153.067	153.008	153.065	544	0	20
2026.01.29	22:50:00	153.063	153.118	153.018	153.104	768	0	20
2026.01.29	23:00:00	153.106	153.16	153.102	153.148	367	0	20
2026.01.29	23:10:00	153.149	153.163	153.102	153.138	312	0	20
2026.01.29	23:20:00	153.139	153.163	153.128	153.136	461	0	20
2026.01.29	23:30:00	153.136	153.163	153.104	153.114	776	0	20
2026.01.29	23:40:00	153.115	153.129	153.046	153.092	488	0	20
2026.01.29	23:50:00	153.092	153.114	153.054	153.062	705	0	23
2026.01.30	00:00:00	153.058	153.058	152.946	152.985	24	0	109
2026.01.30	00:10:00	152.984	153.082	152.968	152.976	42	0	103
2026.01.30	00:20:00	152.975	153.1	152.975	153.097	28	0	77
2026.01.30	00:30:00	153.097	153.097	152.929	153.018	103	0	69
2026.01.30	00:40:00	153.018	153.028	152.952	152.99	1151	0	66
2026.01.30	00:50:00	152.992	153.012	152.965	152.966	208	0	46
2026.01.30	01:00:00	152.966	153.023	152.904	152.949	382	0	20
2026.01.30	01:10:00	152.95	152.958	152.908	152.92	348	0	22
2026.01.30	01:20:00	152.92	152.948	152.854	152.893	641	0	20
2026.01.30	01:30:00	152.892	152.991	152.872	152.958	656	0	20
2026.01.30	01:40:00	152.956	153.139	152.955	153.118	547	0	20
2026.01.30	01:50:00	153.12	153.177	153.079	153.128	742	0	20
2026.01.30	02:00:00	153.129	153.167	153.069	153.127	1161	0	20
2026.01.30	02:10:00	153.127	153.293	153.092	153.293	1029	0	20
2026.01.30	02:20:00	153.293	153.426	153.264	153.397	1517	0	20
2026.01.30	02:30:00	153.397	153.501	153.361	153.483	1337	0	20
2026.01.30	02:40:00	153.481	153.555	153.464	153.53	1545	0	20
2026.01.30	02:50:00	153.531	153.639	153.458	153.491	2249	0	20
2026.01.30	03:00:00	153.49	153.769	153.49	153.691	1791	0	20
2026.01.30	03:10:00	153.69	153.751	153.566	153.586	2067	0	20
2026.01.30	03:20:00	153.587	153.729	153.554	153.604	1733	0	20
2026.01.30	03:30:00	153.605	153.641	153.526	153.531	1378	0	20
2026.01.30	03:40:00	153.529	153.566	153.449	153.526	1529	0	20
2026.01.30	03:50:00	153.526	153.782	153.526	153.746	1803	0	20
2026.01.30	04:00:00	153.746	153.941	153.741	153.926	1989	0	20
2026.01.30	04:10:00	153.925	153.928	153.642	153.812	2641	0	20
2026.01.30	04:20:00	153.808	153.904	153.729	153.75	2340	0	20
2026.01.30	04:30:00	153.75	153.968	153.693	153.935	1773	0	20
2026.01.30	04:40:00	153.935	153.954	153.847	153.879	1560	0	20
2026.01.30	04:50:00	153.882	153.915	153.79	153.796	1346	0	20
2026.01.30	05:00:00	153.794	153.887	153.786	153.836	1100	0	20
2026.01.30	05:10:00	153.836	153.839	153.757	153.788	1136	0	20
2026.01.30	05:20:00	153.788	153.839	153.776	153.813	1007	0	20
2026.01.30	05:30:00	153.814	153.935	153.769	153.93	1185	0	20
2026.01.30	05:40:00	153.931	153.959	153.878	153.92	1039	0	20
2026.01.30	05:50:00	153.92	153.96	153.891	153.944	886	0	20
2026.01.30	06:00:00	153.945	153.96	153.867	153.881	943	0	20
2026.01.30	06:10:00	153.881	153.945	153.842	153.86	967	0	20
2026.01.30	06:20:00	153.863	153.932	153.855	153.901	811	0	20
2026.01.30	06:30:00	153.905	153.909	153.831	153.859	557	0	20
2026.01.30	06:40:00	153.866	153.917	153.845	153.909	604	0	20
2026.01.30	06:50:00	153.91	153.932	153.883	153.914	559	0	20
2026.01.30	07:00:00	153.914	153.978	153.91	153.938	807	0	20
2026.01.30	07:10:00	153.937	153.948	153.761	153.841	874	0	20
2026.01.30	07:20:00	153.839	153.936	153.836	153.908	817	0	20
2026.01.30	07:30:00	153.909	154.046	153.887	154.017	1097	0	20
2026.01.30	07:40:00	154.017	154.129	153.993	154.001	1456	0	20
2026.01.30	07:50:00	154.001	154.021	153.908	153.909	890	0	20
2026.01.30	08:00:00	153.908	153.913	153.794	153.846	1276	0	20
2026.01.30	08:10:00	153.845	153.872	153.743	153.797	971	0	20
2026.01.30	08:20:00	153.8	153.887	153.746	153.87	836	0	20
2026.01.30	08:30:00	153.883	153.911	153.816	153.903	1146	0	20
2026.01.30	08:40:00	153.906	153.964	153.899	153.91	975	0	20
2026.01.30	08:50:00	153.91	153.976	153.889	153.895	1284	0	20
2026.01.30	09:00:00	153.895	153.974	153.801	153.97	1684	0	20
2026.01.30	09:10:00	153.971	154.046	153.873	153.874	1544	0	20
2026.01.30	09:20:00	153.873	153.977	153.847	153.872	1530	0	20
2026.01.30	09:30:00	153.87	153.958	153.862	153.908	1664	0	20
2026.01.30	09:40:00	153.908	153.91	153.73	153.806	1525	0	20
2026.01.30	09:50:00	153.807	153.852	153.704	153.795	1517	0	20
2026.01.30	10:00:00	153.796	153.867	153.738	153.797	1897	0	20
2026.01.30	10:10:00	153.796	153.808	153.699	153.736	1499	0	20
2026.01.30	10:20:00	153.737	153.879	153.727	153.847	1313	0	20
2026.01.30	10:30:00	153.846	153.908	153.742	153.779	1915	0	20
2026.01.30	10:40:00	153.78	153.893	153.777	153.888	1755	0	20
2026.01.30	10:50:00	153.888	153.946	153.821	153.931	996	0	20
2026.01.30	11:00:00	153.933	154.017	153.921	153.968	1864	0	20
2026.01.30	11:10:00	153.967	154.092	153.954	154.092	1734	0	20
2026.01.30	11:20:00	154.091	154.189	154.074	154.185	1220	0	20
2026.01.30	11:30:00	154.185	154.188	154.027	154.05	1612	0	20
2026.01.30	11:40:00	154.05	154.151	154.014	154.124	1966	0	20
2026.01.30	11:50:00	154.125	154.276	154.124	154.268	1803	0	20
2026.01.30	12:00:00	154.269	154.376	154.137	154.211	2149	0	20
2026.01.30	12:10:00	154.211	154.212	154.1	154.101	1676	0	20
2026.01.30	12:20:00	154.101	154.152	154.075	154.121	1290	0	20
2026.01.30	12:30:00	154.12	154.18	154.111	154.132	1208	0	20
2026.01.30	12:40:00	154.132	154.235	154.121	154.172	1222	0	20
2026.01.30	12:50:00	154.173	154.175	154.117	154.153	1150	0	20
2026.01.30	13:00:00	154.154	154.162	154.007	154.02	1272	0	20
2026.01.30	13:10:00	154.026	154.06	153.959	154.04	1020	0	20
2026.01.30	13:20:00	154.041	154.126	153.989	154.007	1199	0	20
2026.01.30	13:30:00	154.008	154.037	153.97	154.029	1168	0	20
2026.01.30	13:40:00	154.027	154.037	153.924	154.031	1216	0	20
2026.01.30	13:50:00	154.03	154.052	153.845	153.849	1646	0	20
2026.01.30	14:00:00	153.85	153.909	153.785	153.835	1441	0	20
2026.01.30	14:10:00	153.834	153.893	153.812	153.848	1283	0	20
2026.01.30	14:20:00	153.847	153.899	153.808	153.851	1409	0	20
2026.01.30	14:30:00	153.85	153.984	153.825	153.983	1029	0	20
2026.01.30	14:40:00	153.984	154.054	153.953	154.025	1375	0	20
2026.01.30	14:50:00	154.023	154.063	153.978	154.024	1249	0	20
2026.01.30	15:00:00	154.025	154.039	153.968	154.026	2037	0	20
2026.01.30	15:10:00	154.026	154.085	154.004	154.06	1271	0	20
2026.01.30	15:20:00	154.059	154.09	154.022	154.045	1151	0	20
2026.01.30	15:30:00	154.044	154.264	154.044	154.245	2233	0	20
2026.01.30	15:40:00	154.243	154.266	154.164	154.251	1810	0	20
2026.01.30	15:50:00	154.25	154.361	154.25	154.354	1835	0	20
2026.01.30	16:00:00	154.353	154.378	154.238	154.248	2226	0	20
2026.01.30	16:10:00	154.249	154.284	154.234	154.267	1579	0	20
2026.01.30	16:20:00	154.267	154.414	154.241	154.406	1533	0	20
2026.01.30	16:30:00	154.405	154.428	154.308	154.38	1782	0	20
2026.01.30	16:40:00	154.38	154.431	154.328	154.424	1383	0	20
2026.01.30	16:50:00	154.423	154.511	154.417	154.454	1792	0	20
2026.01.30	17:00:00	154.456	154.689	154.443	154.592	2623	0	20
2026.01.30	17:10:00	154.591	154.705	154.58	154.642	2134	0	20
2026.01.30	17:20:00	154.643	154.693	154.573	154.596	2005	0	20
2026.01.30	17:30:00	154.597	154.751	154.56	154.644	2132	0	20
2026.01.30	17:40:00	154.642	154.644	154.459	154.509	2505	0	20
2026.01.30	17:50:00	154.51	154.547	154.209	154.212	2912	0	20
2026.01.30	18:00:00	154.212	154.278	154.166	154.168	2069	0	20
2026.01.30	18:10:00	154.167	154.258	154.154	154.19	1783	0	20
2026.01.30	18:20:00	154.19	154.321	154.19	154.319	1654	0	20
2026.01.30	18:30:00	154.319	154.371	154.295	154.317	1540	0	20
2026.01.30	18:40:00	154.318	154.382	154.308	154.379	1408	0	20
2026.01.30	18:50:00	154.38	154.383	154.311	154.324	1273	0	20
2026.01.30	19:00:00	154.323	154.406	154.305	154.381	1540	0	20
2026.01.30	19:10:00	154.382	154.511	154.365	154.502	1718	0	20
2026.01.30	19:20:00	154.502	154.519	154.409	154.415	1596	0	20
2026.01.30	19:30:00	154.415	154.474	154.395	154.426	1557	0	20
2026.01.30	19:40:00	154.427	154.517	154.401	154.508	1919	0	20
2026.01.30	19:50:00	154.509	154.52	154.416	154.433	1687	0	20
2026.01.30	20:00:00	154.434	154.525	154.416	154.524	1357	0	20
2026.01.30	20:10:00	154.524	154.61	154.522	154.531	1911	0	20
2026.01.30	20:20:00	154.533	154.589	154.486	154.583	1932	0	20
2026.01.30	20:30:00	154.583	154.63	154.511	154.592	1910	0	20
2026.01.30	20:40:00	154.593	154.616	154.451	154.451	2229	0	20
2026.01.30	20:50:00	154.45	154.465	154.278	154.388	1799	0	20
2026.01.30	21:00:00	154.389	154.434	154.354	154.396	1834	0	20
2026.01.30	21:10:00	154.397	154.551	154.374	154.54	1180	0	20
2026.01.30	21:20:00	154.54	154.556	154.498	154.548	1401	0	20
2026.01.30	21:30:00	154.547	154.586	154.469	154.473	1633	0	20
2026.01.30	21:40:00	154.473	154.538	154.459	154.533	1310	0	20
2026.01.30	21:50:00	154.534	154.677	154.523	154.523	1395	0	20
2026.01.30	22:00:00	154.522	154.641	154.519	154.616	1071	0	20
2026.01.30	22:10:00	154.617	154.693	154.603	154.651	1122	0	20
2026.01.30	22:20:00	154.651	154.667	154.583	154.652	1075	0	20
2026.01.30	22:30:00	154.652	154.7	154.617	154.628	936	0	20
2026.01.30	22:40:00	154.628	154.644	154.591	154.637	693	0	20
2026.01.30	22:50:00	154.637	154.765	154.631	154.75	1540	0	20
2026.01.30	23:00:00	154.751	154.769	154.718	154.74	892	0	20
2026.01.30	23:10:00	154.744	154.752	154.703	154.737	392	0	22
2026.01.30	23:20:00	154.737	154.783	154.714	154.76	418	0	22
2026.01.30	23:30:00	154.76	154.781	154.725	154.78	474	0	22
2026.01.30	23:40:00	154.779	154.781	154.698	154.731	494	0	23
2026.01.30	23:50:00	154.73	154.779	154.727	154.755	679	0	26
