<DATE>	<TIME>	<OPEN>	<HIGH>	<LOW>	<CLOSE>	<TICKVOL>	<VOL>	<SPREAD>
2025.10.01	00:00:00	147.747	147.838	147.728	147.828	339	0	73
2025.10.01	01:00:00	147.831	147.913	147.806	147.897	1313	0	22
2025.10.01	02:00:00	147.895	148.019	147.802	148.016	1929	0	20
2025.10.01	03:00:00	148.016	148.215	148.016	148.098	5053	0	20
2025.10.01	04:00:00	148.096	148.157	147.93	147.943	4751	0	20
2025.10.01	05:00:00	147.942	148.0	147.875	147.903	2916	0	20
2025.10.01	06:00:00	147.904	147.989	147.858	147.916	2073	0	20
2025.10.01	07:00:00	147.912	147.947	147.542	147.543	3215	0	20
2025.10.01	08:00:00	147.543	147.633	147.45	147.516	4585	0	20
2025.10.01	09:00:00	147.517	147.517	147.157	147.219	6319	0	20
2025.10.01	10:00:00	147.22	147.311	147.01	147.114	7048	0	20
2025.10.01	11:00:00	147.113	147.142	146.891	147.14	5784	0	20
2025.10.01	12:00:00	147.139	147.215	147.059	147.198	4777	0	20
2025.10.01	13:00:00	147.199	147.255	147.05	147.066	4935	0	20
2025.10.01	14:00:00	147.066	147.099	146.984	146.993	3914	0	20
2025.10.01	15:00:00	146.991	147.108	146.578	146.788	12755	0	20
2025.10.01	16:00:00	146.785	146.863	146.61	146.697	8910	0	20
2025.10.01	17:00:00	146.688	147.037	146.678	146.85	11537	0	20
2025.10.01	18:00:00	146.857	147.202	146.832	147.139	8291	0	20
2025.10.01	19:00:00	147.142	147.243	147.082	147.15	4571	0	20
2025.10.01	20:00:00	147.15	147.182	147.102	147.157	2501	0	20
2025.10.01	21:00:00	147.156	147.219	147.011	147.079	4260	0	20
2025.10.01	22:00:00	147.08	147.149	147.044	147.086	3153	0	20
2025.10.01	23:00:00	147.086	147.155	147.053	147.061	2400	0	20
2025.10.02	00:00:00	147.02	147.035	147.018	147.02	148	0	51
2025.10.02	01:00:00	147.023	147.056	146.988	146.998	1081	0	21
2025.10.02	02:00:00	146.997	147.103	146.988	147.099	1439	0	20
2025.10.02	03:00:00	147.099	147.313	147.097	147.182	5032	0	20
2025.10.02	04:00:00	147.181	147.216	146.946	146.975	4089	0	20
2025.10.02	05:00:00	146.974	147.176	146.931	147.154	2061	0	20
2025.10.02	06:00:00	147.155	147.185	147.04	147.074	1711	0	20
2025.10.02	07:00:00	147.075	147.19	147.063	147.165	2157	0	20
2025.10.02	08:00:00	147.165	147.257	147.107	147.152	3084	0	20
2025.10.02	09:00:00	147.149	147.368	146.882	147.144	6101	0	20
2025.10.02	10:00:00	147.144	147.205	147.001	147.071	6228	0	20
2025.10.02	11:00:00	147.071	147.072	146.714	146.786	5401	0	20
2025.10.02	12:00:00	146.788	146.798	146.588	146.611	5217	0	20
2025.10.02	13:00:00	146.61	146.757	146.609	146.632	3686	0	20
2025.10.02	14:00:00	146.632	146.849	146.615	146.786	3577	0	20
2025.10.02	15:00:00	146.785	147.189	146.735	147.152	5733	0	20
2025.10.02	16:00:00	147.152	147.261	147.048	147.214	7420	0	20
2025.10.02	17:00:00	147.213	147.333	147.141	147.32	7024	0	20
2025.10.02	18:00:00	147.322	147.505	147.32	147.34	5700	0	20
2025.10.02	19:00:00	147.342	147.356	147.153	147.154	3288	0	20
2025.10.02	20:00:00	147.157	147.226	147.13	147.174	1815	0	20
2025.10.02	21:00:00	147.175	147.209	147.152	147.202	1465	0	20
2025.10.02	22:00:00	147.201	147.242	147.119	147.227	1540	0	20
2025.10.02	23:00:00	147.23	147.282	147.178	147.244	1114	0	20
2025.10.03	00:00:00	147.175	147.237	147.175	147.196	374	0	48
2025.10.03	01:00:00	147.193	147.214	147.154	147.185	912	0	20
2025.10.03	02:00:00	147.182	147.196	147.082	147.145	1770	0	20
2025.10.03	03:00:00	147.147	147.371	147.146	147.342	3797	0	20
2025.10.03	04:00:00	147.346	147.673	147.171	147.5	5466	0	20
2025.10.03	05:00:00	147.501	147.676	147.489	147.639	2705	0	20
2025.10.03	06:00:00	147.643	147.757	147.604	147.618	2276	0	20
2025.10.03	07:00:00	147.619	147.732	147.583	147.714	1505	0	20
2025.10.03	08:00:00	147.713	147.806	147.562	147.773	3541	0	20
2025.10.03	09:00:00	147.773	147.793	147.49	147.594	4068	0	20
2025.10.03	10:00:00	147.593	147.672	147.398	147.404	4354	0	20
2025.10.03	11:00:00	147.403	147.429	147.267	147.319	4217	0	20
2025.10.03	12:00:00	147.319	147.424	147.3	147.359	3210	0	20
2025.10.03	13:00:00	147.359	147.38	147.3	147.313	2260	0	20
2025.10.03	14:00:00	147.312	147.411	147.209	147.267	3448	0	20
2025.10.03	15:00:00	147.266	147.401	147.22	147.254	5494	0	20
2025.10.03	16:00:00	147.253	147.373	147.206	147.349	6018	0	20
2025.10.03	17:00:00	147.32	147.508	147.057	147.436	10933	0	20
2025.10.03	18:00:00	147.435	147.481	147.296	147.327	4928	0	20
2025.10.03	19:00:00	147.326	147.526	147.318	147.494	3217	0	20
2025.10.03	20:00:00	147.495	147.504	147.397	147.495	3274	0	20
2025.10.03	21:00:00	147.496	147.534	147.457	147.489	2917	0	20
2025.10.03	22:00:00	147.488	147.514	147.446	147.448	2061	0	20
2025.10.03	23:00:00	147.448	147.504	147.372	147.469	1820	0	20
2025.10.06	00:00:00	149.477	149.483	149.09	149.102	1380	0	28
2025.10.06	01:00:00	149.102	149.385	149.028	149.316	5804	0	20
2025.10.06	02:00:00	149.31	149.648	149.225	149.572	7885	0	20
2025.10.06	03:00:00	149.566	149.854	149.437	149.695	9428	0	20
2025.10.06	04:00:00	149.697	149.821	149.575	149.761	5696	0	20
2025.10.06	05:00:00	149.762	149.908	149.706	149.861	3128	0	20
2025.10.06	06:00:00	149.86	150.091	149.811	150.05	3445	0	20
2025.10.06	07:00:00	150.051	150.333	149.837	150.303	5316	0	20
2025.10.06	08:00:00	150.306	150.425	150.215	150.247	3939	0	20
2025.10.06	09:00:00	150.244	150.339	149.999	150.021	7082	0	20
2025.10.06	10:00:00	150.022	150.208	149.94	150.019	9443	0	20
2025.10.06	11:00:00	150.016	150.387	149.985	150.357	6993	0	20
2025.10.06	12:00:00	150.358	150.467	150.289	150.365	4708	0	20
2025.10.06	13:00:00	150.366	150.424	150.268	150.272	4350	0	20
2025.10.06	14:00:00	150.272	150.396	150.209	150.361	5673	0	20
2025.10.06	15:00:00	150.363	150.379	149.742	149.773	10992	0	20
2025.10.06	16:00:00	149.771	150.071	149.744	149.923	8114	0	20
2025.10.06	17:00:00	149.924	150.104	149.79	149.951	8077	0	20
2025.10.06	18:00:00	149.952	150.102	149.911	150.015	5261	0	20
2025.10.06	19:00:00	150.015	150.163	149.945	150.151	2812	0	20
2025.10.06	20:00:00	150.149	150.228	150.071	150.196	2419	0	20
2025.10.06	21:00:00	150.195	150.311	150.151	150.288	1968	0	20
2025.10.06	22:00:00	150.287	150.326	150.214	150.313	1767	0	20
2025.10.06	23:00:00	150.312	150.386	150.275	150.338	1283	0	20
2025.10.07	00:00:00	150.238	150.296	150.19	150.229	397	0	75
2025.10.07	01:00:00	150.241	150.376	150.239	150.309	2836	0	20
2025.10.07	02:00:00	150.305	150.384	150.254	150.352	2531	0	20
2025.10.07	03:00:00	150.35	150.608	150.348	150.48	5639	0	20
2025.10.07	04:00:00	150.48	150.603	150.356	150.496	2782	0	20
2025.10.07	05:00:00	150.496	150.524	150.328	150.52	1965	0	20
2025.10.07	06:00:00	150.521	150.523	150.35	150.351	1473	0	20
2025.10.07	07:00:00	150.35	150.433	150.237	150.405	1627	0	20
2025.10.07	08:00:00	150.406	150.532	150.391	150.486	1922	0	20
2025.10.07	09:00:00	150.487	150.69	150.486	150.614	5620	0	20
2025.10.07	10:00:00	150.614	150.701	150.526	150.612	5115	0	20
2025.10.07	11:00:00	150.612	150.821	150.513	150.783	3788	0	20
2025.10.07	12:00:00	150.782	150.82	150.716	150.744	3919	0	20
2025.10.07	13:00:00	150.744	150.787	150.696	150.762	2549	0	20
2025.10.07	14:00:00	150.764	150.94	150.753	150.886	3137	0	20
2025.10.07	15:00:00	150.887	151.017	150.793	150.821	5175	0	20
2025.10.07	16:00:00	150.822	150.931	150.722	150.924	5535	0	20
2025.10.07	17:00:00	150.926	151.195	150.9	151.167	6591	0	20
2025.10.07	18:00:00	151.166	151.195	150.97	151.165	6394	0	20
2025.10.07	19:00:00	151.167	151.399	151.089	151.316	4523	0	20
2025.10.07	20:00:00	151.315	151.524	151.24	151.508	4209	0	20
2025.10.07	21:00:00	151.508	151.925	151.485	151.813	4489	0	20
2025.10.07	22:00:00	151.814	151.943	151.733	151.895	2846	0	20
2025.10.07	23:00:00	151.897	152.033	151.868	151.88	1834	0	20
2025.10.08	00:00:00	151.877	151.905	151.825	151.837	475	0	31
2025.10.08	01:00:00	151.861	151.881	151.725	151.805	1422	0	20
2025.10.08	02:00:00	151.806	152.084	151.785	152.045	3624	0	20
2025.10.08	03:00:00	152.046	152.366	152.044	152.297	6972	0	20
2025.10.08	04:00:00	152.296	152.593	152.261	152.591	5886	0	20
2025.10.08	05:00:00	152.591	152.637	152.294	152.473	3920	0	20
2025.10.08	06:00:00	152.474	152.554	152.392	152.401	1716	0	20
2025.10.08	07:00:00	152.401	152.482	152.297	152.354	1976	0	20
2025.10.08	08:00:00	152.355	152.43	152.275	152.391	2908	0	20
2025.10.08	09:00:00	152.391	152.512	152.241	152.333	7490	0	20
2025.10.08	10:00:00	152.333	152.543	152.319	152.532	6608	0	20
2025.10.08	11:00:00	152.533	152.775	152.366	152.734	6258	0	20
2025.10.08	12:00:00	152.734	152.988	152.708	152.961	5150	0	20
2025.10.08	13:00:00	152.962	152.987	152.641	152.718	3368	0	20
2025.10.08	14:00:00	152.697	152.838	152.633	152.683	3828	0	20
2025.10.08	15:00:00	152.682	152.737	152.427	152.497	5925	0	20
2025.10.08	16:00:00	152.496	152.654	152.363	152.58	7568	0	20
2025.10.08	17:00:00	152.58	152.661	152.422	152.505	5945	0	20
2025.10.08	18:00:00	152.505	152.778	152.501	152.711	4260	0	20
2025.10.08	19:00:00	152.71	152.787	152.681	152.747	3213	0	20
2025.10.08	20:00:00	152.745	152.875	152.735	152.858	2578	0	20
2025.10.08	21:00:00	152.857	152.935	152.636	152.71	4036	0	20
2025.10.08	22:00:00	152.708	152.743	152.63	152.699	2729	0	20
2025.10.08	23:00:00	152.698	152.724	152.64	152.681	1645	0	20
2025.10.09	00:00:00	152.598	152.636	152.503	152.624	197	0	76
2025.10.09	01:00:00	152.624	152.66	152.48	152.518	1915	0	20
2025.10.09	02:00:00	152.517	152.711	152.452	152.698	3919	0	20
2025.10.09	03:00:00	152.697	152.729	152.444	152.694	6649	0	20
2025.10.09	04:00:00	152.694	152.755	152.397	152.51	6100	0	20
2025.10.09	05:00:00	152.51	152.595	152.4	152.452	2167	0	20
2025.10.09	06:00:00	152.454	152.569	152.444	152.501	1911	0	20
2025.10.09	07:00:00	152.501	152.587	152.44	152.459	1272	0	20
2025.10.09	08:00:00	152.461	152.644	152.456	152.624	1923	0	20
2025.10.09	09:00:00	152.626	153.125	152.624	152.968	7890	0	20
2025.10.09	10:00:00	152.964	153.209	152.839	153.057	6519	0	20
2025.10.09	11:00:00	153.056	153.128	152.747	152.791	5993	0	20
2025.10.09	12:00:00	152.79	152.845	152.465	152.545	6990	0	20
2025.10.09	13:00:00	152.544	152.738	152.485	152.649	3320	0	20
2025.10.09	14:00:00	152.648	152.83	152.643	152.784	3615	0	20
2025.10.09	15:00:00	152.784	152.834	152.644	152.737	6497	0	20
2025.10.09	16:00:00	152.735	152.945	152.099	152.855	11708	0	20
2025.10.09	17:00:00	152.855	153.174	152.852	153.032	7929	0	20
2025.10.09	18:00:00	153.032	153.221	152.935	153.041	7004	0	20
2025.10.09	19:00:00	153.041	153.137	152.982	152.992	6197	0	20
2025.10.09	20:00:00	152.993	153.088	152.898	153.042	6118	0	20
2025.10.09	21:00:00	153.041	153.203	152.989	153.169	3656	0	20
2025.10.09	22:00:00	153.168	153.17	153.038	153.056	3999	0	20
2025.10.09	23:00:00	153.062	153.088	152.995	153.059	2055	0	20
2025.10.10	00:00:00	152.951	153.052	152.9	153.042	248	0	41
2025.10.10	01:00:00	153.042	153.072	152.96	153.019	1199	0	20
2025.10.10	02:00:00	153.019	153.262	152.953	153.014	4630	0	20
2025.10.10	03:00:00	153.014	153.154	152.935	152.946	5841	0	20
2025.10.10	04:00:00	152.945	153.04	152.829	153.01	4386	0	20
2025.10.10	05:00:00	153.01	153.024	152.855	152.903	2815	0	20
2025.10.10	06:00:00	152.907	152.925	152.635	152.655	2670	0	20
2025.10.10	07:00:00	152.654	152.82	152.628	152.742	2090	0	20
2025.10.10	08:00:00	152.742	152.839	152.676	152.821	2900	0	20
2025.10.10	09:00:00	152.817	152.906	152.366	152.521	7614	0	20
2025.10.10	10:00:00	152.521	152.939	152.475	152.836	9562	0	20
2025.10.10	11:00:00	152.837	152.926	152.583	152.635	6432	0	20
2025.10.10	12:00:00	152.635	152.836	152.601	152.783	4971	0	20
2025.10.10	13:00:00	152.78	152.803	152.621	152.71	3600	0	20
2025.10.10	14:00:00	152.71	152.749	152.534	152.624	4162	0	20
2025.10.10	15:00:00	152.623	152.64	152.507	152.546	4327	0	20
2025.10.10	16:00:00	152.547	152.681	152.519	152.645	6743	0	20
2025.10.10	17:00:00	152.647	152.701	152.408	152.45	7399	0	20
2025.10.10	18:00:00	152.448	152.448	151.494	151.933	18677	0	20
2025.10.10	19:00:00	151.933	152.176	151.832	151.878	10861	0	20
2025.10.10	20:00:00	151.877	151.937	151.71	151.857	7708	0	20
2025.10.10	21:00:00	151.857	151.889	151.622	151.707	5736	0	20
2025.10.10	22:00:00	151.706	151.795	151.52	151.579	5229	0	20
2025.10.10	23:00:00	151.579	151.712	151.154	151.162	3599	0	20
2025.10.13	00:00:00	151.847	151.892	151.773	151.783	397	0	39
2025.10.13	01:00:00	151.784	152.267	151.782	151.925	4965	0	20
2025.10.13	02:00:00	151.918	152.077	151.729	152.058	6351	0	20
2025.10.13	03:00:00	152.057	152.067	151.791	151.834	8527	0	20
2025.10.13	04:00:00	151.835	151.968	151.798	151.946	6341	0	20
2025.10.13	05:00:00	151.946	151.975	151.84	151.926	3347	0	20
2025.10.13	06:00:00	151.926	152.003	151.891	151.92	2574	0	20
2025.10.13	07:00:00	151.92	151.957	151.798	151.901	1664	0	20
2025.10.13	08:00:00	151.896	151.902	151.755	151.866	2667	0	20
2025.10.13	09:00:00	151.863	152.014	151.712	151.932	6404	0	20
2025.10.13	10:00:00	151.933	152.364	151.901	152.289	7156	0	20
2025.10.13	11:00:00	152.293	152.438	152.24	152.33	4653	0	20
2025.10.13	12:00:00	152.331	152.359	152.15	152.161	3449	0	20
2025.10.13	13:00:00	152.16	152.221	152.117	152.159	3374	0	20
2025.10.13	14:00:00	152.16	152.162	151.968	152.097	6124	0	20
2025.10.13	15:00:00	152.094	152.258	152.041	152.204	5420	0	20
2025.10.13	16:00:00	152.204	152.253	152.094	152.178	5950	0	20
2025.10.13	17:00:00	152.18	152.438	152.171	152.363	7014	0	20
2025.10.13	18:00:00	152.363	152.382	152.232	152.249	5384	0	20
2025.10.13	19:00:00	152.249	152.29	152.188	152.269	2948	0	20
2025.10.13	20:00:00	152.27	152.337	152.221	152.253	2439	0	20
2025.10.13	21:00:00	152.255	152.325	152.208	152.275	1953	0	20
2025.10.13	22:00:00	152.274	152.315	152.243	152.314	1833	0	20
2025.10.13	23:00:00	152.313	152.34	152.261	152.28	2019	0	20
2025.10.14	00:00:00	152.144	152.226	152.105	152.181	823	0	61
2025.10.14	01:00:00	152.181	152.335	152.179	152.332	954	0	20
2025.10.14	02:00:00	152.331	152.45	152.269	152.446	2602	0	20
2025.10.14	03:00:00	152.445	152.603	152.417	152.456	5942	0	20
2025.10.14	04:00:00	152.455	152.489	152.343	152.447	5207	0	20
2025.10.14	05:00:00	152.448	152.475	152.349	152.37	3085	0	20
2025.10.14	06:00:00	152.37	152.383	152.038	152.138	3230	0	20
2025.10.14	07:00:00	152.137	152.139	151.771	151.849	7114	0	20
2025.10.14	08:00:00	151.849	151.935	151.661	151.703	6357	0	20
2025.10.14	09:00:00	151.703	151.965	151.606	151.885	8338	0	20
2025.10.14	10:00:00	151.886	152.063	151.663	151.951	10407	0	20
2025.10.14	11:00:00	151.954	152.114	151.921	151.966	6786	0	20
2025.10.14	12:00:00	151.965	152.143	151.963	152.1	4968	0	20
2025.10.14	13:00:00	152.101	152.114	151.903	151.937	5488	0	20
2025.10.14	14:00:00	151.936	152.117	151.93	152.083	4870	0	20
2025.10.14	15:00:00	152.084	152.117	151.851	152.036	5996	0	20
2025.10.14	16:00:00	152.035	152.152	151.81	151.987	9940	0	20
2025.10.14	17:00:00	151.987	152.093	151.82	151.821	9409	0	20
2025.10.14	18:00:00	151.82	151.927	151.73	151.771	8297	0	20
2025.10.14	19:00:00	151.77	151.907	151.657	151.724	6730	0	20
2025.10.14	20:00:00	151.725	151.858	151.663	151.719	3992	0	20
2025.10.14	21:00:00	151.72	151.791	151.688	151.752	4407	0	20
2025.10.14	22:00:00	151.751	151.765	151.593	151.676	5621	0	20
2025.10.14	23:00:00	151.677	151.818	151.677	151.818	1795	0	20
2025.10.15	00:00:00	151.714	151.741	151.647	151.688	238	0	89
2025.10.15	01:00:00	151.688	151.861	151.684	151.796	2044	0	20
2025.10.15	02:00:00	151.795	151.84	151.683	151.692	2319	0	20
2025.10.15	03:00:00	151.698	151.825	151.485	151.553	6544	0	20
2025.10.15	04:00:00	151.544	151.594	151.289	151.292	5109	0	20
2025.10.15	05:00:00	151.292	151.304	151.022	151.047	4758	0	20
2025.10.15	06:00:00	151.046	151.156	150.993	151.127	2403	0	20
2025.10.15	07:00:00	151.127	151.24	151.079	151.236	1862	0	20
2025.10.15	08:00:00	151.243	151.26	151.1	151.192	2742	0	20
2025.10.15	09:00:00	151.192	151.195	150.888	151.026	5552	0	20
2025.10.15	10:00:00	151.028	151.285	150.973	151.234	5495	0	20
2025.10.15	11:00:00	151.235	151.387	151.114	151.208	6369	0	20
2025.10.15	12:00:00	151.208	151.423	151.208	151.334	6074	0	20
2025.10.15	13:00:00	151.335	151.484	151.328	151.355	4169	0	20
2025.10.15	14:00:00	151.355	151.5	151.309	151.486	3817	0	20
2025.10.15	15:00:00	151.486	151.676	151.445	151.625	8812	0	20
2025.10.15	16:00:00	151.626	151.727	151.387	151.393	9404	0	20
2025.10.15	17:00:00	151.391	151.5	151.305	151.39	5651	0	20
2025.10.15	18:00:00	151.391	151.45	151.028	151.21	7065	0	20
2025.10.15	19:00:00	151.208	151.311	151.165	151.181	5917	0	20
2025.10.15	20:00:00	151.182	151.332	151.055	151.322	6026	0	20
2025.10.15	21:00:00	151.321	151.38	151.207	151.323	5130	0	20
2025.10.15	22:00:00	151.323	151.333	151.222	151.246	2782	0	20
2025.10.15	23:00:00	151.244	151.264	151.03	151.038	2695	0	20
2025.10.16	00:00:00	151.02	151.122	150.999	151.029	283	0	44
2025.10.16	01:00:00	151.078	151.078	150.74	150.905	2194	0	20
2025.10.16	02:00:00	150.905	151.027	150.87	150.978	2872	0	20
2025.10.16	03:00:00	150.977	151.081	150.501	150.696	8060	0	20
2025.10.16	04:00:00	150.698	150.756	150.502	150.587	5976	0	20
2025.10.16	05:00:00	150.586	150.768	150.557	150.763	3732	0	20
2025.10.16	06:00:00	150.764	150.876	150.718	150.86	3328	0	20
2025.10.16	07:00:00	150.861	151.102	150.853	151.029	1844	0	20
2025.10.16	08:00:00	151.029	151.181	151.007	151.046	5025	0	20
2025.10.16	09:00:00	151.047	151.26	150.951	151.19	6936	0	20
2025.10.16	10:00:00	151.192	151.372	150.931	151.232	6526	0	20
2025.10.16	11:00:00	151.233	151.277	151.049	151.232	4716	0	20
2025.10.16	12:00:00	151.231	151.388	151.231	151.28	4130	0	20
2025.10.16	13:00:00	151.28	151.29	151.152	151.168	4066	0	20
2025.10.16	14:00:00	151.167	151.364	151.15	151.231	5216	0	20
2025.10.16	15:00:00	151.23	151.272	151.022	151.088	6654	0	20
2025.10.16	16:00:00	151.086	151.276	151.007	151.09	9017	0	20
2025.10.16	17:00:00	151.089	151.112	150.744	150.763	8784	0	20
2025.10.16	18:00:00	150.765	150.857	150.712	150.744	6172	0	20
2025.10.16	19:00:00	150.743	150.783	150.224	150.388	10525	0	20
2025.10.16	20:00:00	150.389	150.461	150.243	150.323	11228	0	20
2025.10.16	21:00:00	150.324	150.412	150.21	150.325	8921	0	20
2025.10.16	22:00:00	150.325	150.418	150.202	150.386	5633	0	20
2025.10.16	23:00:00	150.387	150.439	150.334	150.408	2016	0	20
2025.10.17	00:00:00	150.344	150.422	150.318	150.355	258	0	53
2025.10.17	01:00:00	150.354	150.421	150.232	150.249	3259	0	20
2025.10.17	02:00:00	150.247	150.281	150.042	150.138	3713	0	20
2025.10.17	03:00:00	150.137	150.221	150.034	150.219	7114	0	20
2025.10.17	04:00:00	150.219	150.351	150.163	150.304	6849	0	20
2025.10.17	05:00:00	150.304	150.379	150.049	150.172	4421	0	20
2025.10.17	06:00:00	150.171	150.171	149.883	150.002	3958	0	20
2025.10.17	07:00:00	150.004	150.129	149.929	149.953	3164	0	20
2025.10.17	08:00:00	149.953	149.962	149.726	149.739	4169	0	20
2025.10.17	09:00:00	149.735	149.967	149.616	149.62	7695	0	20
2025.10.17	10:00:00	149.621	149.773	149.367	149.691	13540	0	20
2025.10.17	11:00:00	149.692	149.905	149.573	149.77	8589	0	20
2025.10.17	12:00:00	149.765	149.893	149.594	149.661	6230	0	20
2025.10.17	13:00:00	149.661	149.951	149.659	149.919	8288	0	20
2025.10.17	14:00:00	149.92	150.321	149.86	150.224	10858	0	20
2025.10.17	15:00:00	150.225	150.532	150.218	150.374	11440	0	20
2025.10.17	16:00:00	150.374	150.437	150.15	150.349	11681	0	20
2025.10.17	17:00:00	150.347	150.581	150.337	150.415	13105	0	20
2025.10.17	18:00:00	150.415	150.443	150.195	150.329	7286	0	20
2025.10.17	19:00:00	150.329	150.491	150.328	150.398	6448	0	20
2025.10.17	20:00:00	150.398	150.48	150.355	150.476	5063	0	20
2025.10.17	21:00:00	150.475	150.524	150.398	150.488	4366	0	20
2025.10.17	22:00:00	150.488	150.51	150.443	150.47	3116	0	20
2025.10.17	23:00:00	150.472	150.627	150.463	150.615	2522	0	20
2025.10.20	00:00:00	150.364	150.463	150.317	150.384	401	0	50
2025.10.20	01:00:00	150.386	150.896	150.376	150.813	2993	0	20
2025.10.20	02:00:00	150.828	150.955	150.805	150.908	3123	0	20
2025.10.20	03:00:00	150.907	150.968	150.754	150.899	6352	0	20
2025.10.20	04:00:00	150.898	151.19	150.855	150.959	4809	0	20
2025.10.20	05:00:00	150.954	150.987	150.799	150.854	3287	0	20
2025.10.20	06:00:00	150.853	150.876	150.642	150.713	2733	0	20
2025.10.20	07:00:00	150.712	150.759	150.503	150.588	2849	0	20
2025.10.20	08:00:00	150.588	150.678	150.487	150.638	4260	0	20
2025.10.20	09:00:00	150.637	150.733	150.538	150.675	5653	0	20
2025.10.20	10:00:00	150.677	150.82	150.641	150.734	6474	0	20
2025.10.20	11:00:00	150.733	150.785	150.564	150.573	6369	0	20
2025.10.20	12:00:00	150.57	150.76	150.263	150.722	6125	0	20
2025.10.20	13:00:00	150.724	150.825	150.665	150.704	4589	0	20
2025.10.20	14:00:00	150.703	150.846	150.664	150.691	2794	0	20
2025.10.20	15:00:00	150.693	150.765	150.596	150.663	5415	0	20
2025.10.20	16:00:00	150.663	150.841	150.603	150.756	5766	0	20
2025.10.20	17:00:00	150.757	150.801	150.399	150.583	6288	0	20
2025.10.20	18:00:00	150.582	150.614	150.474	150.579	4312	0	20
2025.10.20	19:00:00	150.58	150.683	150.518	150.664	2998	0	20
2025.10.20	20:00:00	150.67	150.785	150.657	150.769	2052	0	20
2025.10.20	21:00:00	150.768	150.816	150.654	150.68	2094	0	20
2025.10.20	22:00:00	150.681	150.72	150.617	150.686	1883	0	20
2025.10.20	23:00:00	150.685	150.753	150.673	150.727	1340	0	20
2025.10.21	00:00:00	150.61	150.678	150.588	150.638	259	0	54
2025.10.21	01:00:00	150.638	150.753	150.638	150.719	1509	0	20
2025.10.21	02:00:00	150.718	150.812	150.706	150.811	2247	0	20
2025.10.21	03:00:00	150.811	150.84	150.459	150.645	6433	0	20
2025.10.21	04:00:00	150.644	150.985	150.516	150.969	5408	0	20
2025.10.21	05:00:00	150.97	151.135	150.952	151.112	4054	0	20
2025.10.21	06:00:00	151.112	151.139	150.993	151.036	2572	0	20
2025.10.21	07:00:00	151.036	151.228	150.873	151.064	5260	0	20
2025.10.21	08:00:00	151.065	151.511	150.85	151.503	8918	0	20
2025.10.21	09:00:00	151.503	151.596	151.213	151.249	6507	0	20
2025.10.21	10:00:00	151.252	151.252	151.054	151.142	6872	0	20
2025.10.21	11:00:00	151.148	151.668	151.052	151.599	8338	0	20
2025.10.21	12:00:00	151.597	151.792	151.585	151.785	5706	0	20
2025.10.21	13:00:00	151.787	152.038	151.728	151.914	5438	0	20
2025.10.21	14:00:00	151.915	151.998	151.799	151.939	4364	0	20
2025.10.21	15:00:00	151.938	152.166	151.881	152.018	7241	0	20
2025.10.21	16:00:00	152.019	152.079	151.584	151.587	11104	0	20
2025.10.21	17:00:00	151.587	151.873	151.446	151.859	8050	0	20
2025.10.21	18:00:00	151.86	151.867	151.672	151.717	4887	0	20
2025.10.21	19:00:00	151.717	151.942	151.645	151.845	4608	0	20
2025.10.21	20:00:00	151.845	151.962	151.806	151.914	3395	0	20
2025.10.21	21:00:00	151.912	151.917	151.866	151.903	2206	0	20
2025.10.21	22:00:00	151.903	151.961	151.881	151.906	2006	0	20
2025.10.21	23:00:00	151.906	151.937	151.859	151.915	1138	0	20
2025.10.22	00:00:00	151.853	151.887	151.852	151.864	124	0	31
2025.10.22	01:00:00	151.861	151.933	151.849	151.922	1308	0	20
2025.10.22	02:00:00	151.923	151.949	151.85	151.866	1524	0	20
2025.10.22	03:00:00	151.866	151.867	151.593	151.618	6344	0	20
2025.10.22	04:00:00	151.61	151.74	151.478	151.733	4549	0	20
2025.10.22	05:00:00	151.732	151.748	151.582	151.621	2098	0	20
2025.10.22	06:00:00	151.621	151.809	151.617	151.785	1695	0	20
2025.10.22	07:00:00	151.784	151.864	151.745	151.749	2098	0	20
2025.10.22	08:00:00	151.748	151.862	151.716	151.85	1917	0	20
2025.10.22	09:00:00	151.848	151.941	151.685	151.726	6273	0	20
2025.10.22	10:00:00	151.726	151.847	151.609	151.816	6486	0	20
2025.10.22	11:00:00	151.818	151.899	151.619	151.678	7127	0	20
2025.10.22	12:00:00	151.679	151.816	151.642	151.805	4651	0	20
2025.10.22	13:00:00	151.809	151.823	151.706	151.807	4640	0	20
2025.10.22	14:00:00	151.806	151.882	151.715	151.776	5107	0	20
2025.10.22	15:00:00	151.777	151.958	151.745	151.917	7632	0	20
2025.10.22	16:00:00	151.918	152.035	151.859	151.959	7200	0	20
2025.10.22	17:00:00	151.96	152.0	151.851	151.875	7279	0	20
2025.10.22	18:00:00	151.876	151.901	151.741	151.78	6047	0	20
2025.10.22	19:00:00	151.778	151.834	151.494	151.753	7057	0	20
2025.10.22	20:00:00	151.752	151.801	151.594	151.635	4930	0	20
2025.10.22	21:00:00	151.634	151.881	151.633	151.869	3216	0	20
2025.10.22	22:00:00	151.87	151.996	151.842	151.97	2869	0	20
2025.10.22	23:00:00	151.969	152.001	151.902	151.94	1624	0	20
2025.10.23	00:00:00	151.893	151.924	151.863	151.88	152	0	47
2025.10.23	01:00:00	151.88	151.916	151.809	151.892	2023	0	20
2025.10.23	02:00:00	151.892	151.985	151.888	151.975	2845	0	20
2025.10.23	03:00:00	151.974	152.251	151.961	152.141	5538	0	20
2025.10.23	04:00:00	152.141	152.443	152.105	152.405	4233	0	20
2025.10.23	05:00:00	152.405	152.493	152.373	152.45	2383	0	20
2025.10.23	06:00:00	152.45	152.474	152.384	152.462	1941	0	20
2025.10.23	07:00:00	152.461	152.561	152.392	152.401	1964	0	20
2025.10.23	08:00:00	152.402	152.418	152.31	152.361	2190	0	20
2025.10.23	09:00:00	152.365	152.637	152.318	152.63	3753	0	20
2025.10.23	10:00:00	152.633	152.635	152.367	152.487	5292	0	20
2025.10.23	11:00:00	152.486	152.64	152.444	152.6	4039	0	20
2025.10.23	12:00:00	152.598	152.655	152.501	152.56	2858	0	20
2025.10.23	13:00:00	152.562	152.764	152.558	152.76	2523	0	20
2025.10.23	14:00:00	152.76	152.782	152.654	152.661	3775	0	20
2025.10.23	15:00:00	152.66	152.709	152.446	152.525	4408	0	20
2025.10.23	16:00:00	152.526	152.722	152.466	152.672	6607	0	20
2025.10.23	17:00:00	152.673	152.699	152.568	152.604	6057	0	20
2025.10.23	18:00:00	152.605	152.753	152.571	152.716	4523	0	20
2025.10.23	19:00:00	152.713	152.787	152.662	152.708	2693	0	20
2025.10.23	20:00:00	152.709	152.757	152.603	152.604	2326	0	20
2025.10.23	21:00:00	152.605	152.639	152.509	152.523	1886	0	20
2025.10.23	22:00:00	152.523	152.557	152.484	152.551	2016	0	20
2025.10.23	23:00:00	152.546	152.6	152.542	152.57	1515	0	20
2025.10.24	00:00:00	152.476	152.578	152.476	152.52	305	0	40
2025.10.24	01:00:00	152.52	152.583	152.494	152.574	1599	0	20
2025.10.24	02:00:00	152.573	152.663	152.554	152.597	1855	0	20
2025.10.24	03:00:00	152.597	152.652	152.464	152.639	4221	0	20
2025.10.24	04:00:00	152.638	152.891	152.629	152.887	3789	0	20
2025.10.24	05:00:00	152.887	152.904	152.76	152.878	2136	0	20
2025.10.24	06:00:00	152.88	152.903	152.702	152.76	1599	0	20
2025.10.24	07:00:00	152.76	152.901	152.76	152.878	1804	0	20
2025.10.24	08:00:00	152.879	153.026	152.87	152.947	2654	0	20
2025.10.24	09:00:00	152.947	153.052	152.906	152.908	3637	0	20
2025.10.24	10:00:00	152.912	152.941	152.742	152.822	4842	0	20
2025.10.24	11:00:00	152.821	153.009	152.801	152.94	3799	0	20
2025.10.24	12:00:00	152.94	152.985	152.89	152.948	3273	0	20
2025.10.24	13:00:00	152.948	152.972	152.895	152.968	1421	0	20
2025.10.24	14:00:00	152.968	152.982	152.897	152.925	3011	0	20
2025.10.24	15:00:00	152.924	152.951	152.218	152.663	9108	0	20
2025.10.24	16:00:00	152.664	153.009	152.586	152.813	8928	0	20
2025.10.24	17:00:00	152.804	152.892	152.687	152.758	7076	0	20
2025.10.24	18:00:00	152.761	152.869	152.695	152.81	4696	0	20
2025.10.24	19:00:00	152.809	152.866	152.777	152.829	2231	0	20
2025.10.24	20:00:00	152.829	152.829	152.739	152.797	1845	0	20
2025.10.24	21:00:00	152.798	152.88	152.787	152.854	1706	0	20
2025.10.24	22:00:00	152.854	152.886	152.791	152.817	1760	0	20
2025.10.24	23:00:00	152.816	152.882	152.745	152.868	1616	0	20
2025.10.26	23:00:00	152.744	153.044	152.744	153.012	631	0	29
2025.10.27	00:00:00	153.01	153.132	152.936	153.063	3137	0	20
2025.10.27	01:00:00	153.061	153.167	153.005	153.06	2393	0	20
2025.10.27	02:00:00	153.06	153.142	152.82	152.88	5065	0	20
2025.10.27	03:00:00	152.877	152.983	152.645	152.824	4331	0	20
2025.10.27	04:00:00	152.825	153.004	152.813	152.971	2135	0	20
2025.10.27	05:00:00	152.969	153.04	152.94	153.035	1471	0	20
2025.10.27	06:00:00	153.036	153.153	153.024	153.128	2349	0	20
2025.10.27	07:00:00	153.127	153.247	153.1	153.118	2438	0	20
2025.10.27	08:00:00	153.113	153.126	152.822	152.967	3858	0	20
2025.10.27	09:00:00	152.971	153.018	152.851	153.004	4304	0	20
2025.10.27	10:00:00	153.006	153.067	152.732	152.808	5232	0	20
2025.10.27	11:00:00	152.808	152.811	152.689	152.739	3614	0	20
2025.10.27	12:00:00	152.742	152.838	152.711	152.76	3111	0	20
2025.10.27	13:00:00	152.759	152.796	152.584	152.626	4366	0	20
2025.10.27	14:00:00	152.627	152.887	152.554	152.83	4806	0	20
2025.10.27	15:00:00	152.832	153.186	152.797	153.099	6257	0	20
2025.10.27	16:00:00	153.099	153.18	152.99	152.992	5150	0	20
2025.10.27	17:00:00	152.99	153.109	152.975	153.077	4705	0	20
2025.10.27	18:00:00	153.077	153.081	152.967	152.985	2635	0	20
2025.10.27	19:00:00	152.985	153.081	152.931	153.05	1811	0	20
2025.10.27	20:00:00	153.046	153.062	152.749	152.809	2158	0	20
2025.10.27	21:00:00	152.809	152.943	152.807	152.897	2250	0	20
2025.10.27	22:00:00	152.896	152.9	152.839	152.857	1083	0	20
2025.10.27	23:00:00	152.857	152.859	152.752	152.754	163	0	37
2025.10.28	00:00:00	152.758	152.805	152.726	152.734	1007	0	22
2025.10.28	01:00:00	152.734	152.763	152.617	152.684	1820	0	22
2025.10.28	02:00:00	152.684	152.722	152.381	152.486	4843	0	20
2025.10.28	03:00:00	152.485	152.502	152.254	152.388	5039	0	20
2025.10.28	04:00:00	152.39	152.461	152.287	152.448	3141	0	20
2025.10.28	05:00:00	152.449	152.462	152.152	152.267	2955	0	20
2025.10.28	06:00:00	152.267	152.295	151.841	151.865	5712	0	20
2025.10.28	07:00:00	151.866	151.959	151.748	151.902	4988	0	20
2025.10.28	08:00:00	151.901	152.049	151.801	152.009	4641	0	20
2025.10.28	09:00:00	152.009	152.342	152.009	152.134	7122	0	20
2025.10.28	10:00:00	152.133	152.152	151.834	151.941	7393	0	20
2025.10.28	11:00:00	151.941	152.068	151.862	151.904	4699	0	20
2025.10.28	12:00:00	151.905	151.976	151.815	151.853	3996	0	20
2025.10.28	13:00:00	151.852	152.07	151.848	152.024	3581	0	20
2025.10.28	14:00:00	152.024	152.209	152.008	152.121	5933	0	20
2025.10.28	15:00:00	152.124	152.36	152.118	152.182	6230	0	20
2025.10.28	16:00:00	152.181	152.252	151.966	151.975	5242	0	20
2025.10.28	17:00:00	151.975	152.168	151.842	152.133	4909	0	20
2025.10.28	18:00:00	152.133	152.292	152.1	152.1	5766	0	20
2025.10.28	19:00:00	152.1	152.186	152.084	152.164	3204	0	20
2025.10.28	20:00:00	152.164	152.234	152.079	152.093	2832	0	20
2025.10.28	21:00:00	152.093	152.093	151.935	152.047	2273	0	20
2025.10.28	22:00:00	152.045	152.119	152.037	152.091	1307	0	20
2025.10.28	23:00:00	152.088	152.088	151.978	152.009	215	0	41
2025.10.29	00:00:00	151.994	152.169	151.979	152.157	1338	0	20
2025.10.29	01:00:00	152.158	152.183	151.713	151.724	2311	0	20
2025.10.29	02:00:00	151.725	151.88	151.527	151.622	8894	0	20
2025.10.29	03:00:00	151.623	151.905	151.541	151.881	6075	0	20
2025.10.29	04:00:00	151.882	152.132	151.88	151.969	3153	0	20
2025.10.29	05:00:00	151.97	152.047	151.906	152.042	2320	0	20
2025.10.29	06:00:00	152.043	152.104	151.949	152.064	2317	0	20
2025.10.29	07:00:00	152.066	152.534	152.052	152.353	4023	0	20
2025.10.29	08:00:00	152.352	152.441	152.119	152.134	3877	0	20
2025.10.29	09:00:00	152.146	152.17	151.992	152.05	4046	0	20
2025.10.29	10:00:00	152.052	152.323	152.038	152.323	4702	0	20
2025.10.29	11:00:00	152.331	152.457	152.187	152.222	4139	0	20
2025.10.29	12:00:00	152.221	152.333	152.195	152.232	2407	0	20
2025.10.29	13:00:00	152.234	152.398	152.125	152.232	3383	0	20
2025.10.29	14:00:00	152.232	152.288	152.149	152.23	3569	0	20
2025.10.29	15:00:00	152.232	152.233	151.854	151.989	4957	0	20
2025.10.29	16:00:00	151.99	152.158	151.973	152.027	4851	0	20
2025.10.29	17:00:00	152.026	152.051	151.895	151.901	4275	0	20
2025.10.29	18:00:00	151.901	152.168	151.886	152.139	4509	0	20
2025.10.29	19:00:00	152.14	152.306	152.079	152.248	3228	0	20
2025.10.29	20:00:00	152.248	153.041	152.174	152.812	15656	0	20
2025.10.29	21:00:00	152.814	153.05	152.741	152.806	9290	0	20
2025.10.29	22:00:00	152.805	152.866	152.576	152.71	4245	0	20
2025.10.29	23:00:00	152.703	152.713	152.559	152.63	374	0	45
2025.10.30	00:00:00	152.629	152.725	152.613	152.682	1547	0	21
2025.10.30	01:00:00	152.682	152.746	152.574	152.714	2350	0	20
2025.10.30	02:00:00	152.714	152.936	152.494	152.623	6151	0	20
2025.10.30	03:00:00	152.622	152.67	152.439	152.532	4866	0	20
2025.10.30	04:00:00	152.533	152.549	152.304	152.327	3082	0	20
2025.10.30	05:00:00	152.326	153.125	152.148	152.949	7221	0	20
2025.10.30	06:00:00	152.948	153.011	152.55	152.756	9148	0	20
2025.10.30	07:00:00	152.756	153.031	152.662	153.027	4624	0	20
2025.10.30	08:00:00	153.028	153.508	152.923	153.329	7521	0	20
2025.10.30	09:00:00	153.33	153.537	153.268	153.393	8352	0	20
2025.10.30	10:00:00	153.392	153.88	153.392	153.735	5573	0	20
2025.10.30	11:00:00	153.738	153.79	153.613	153.77	4563	0	20
2025.10.30	12:00:00	153.767	153.949	153.764	153.946	3451	0	20
2025.10.30	13:00:00	153.947	154.162	153.853	154.106	4679	0	20
2025.10.30	14:00:00	154.105	154.28	154.067	154.278	6112	0	20
2025.10.30	15:00:00	154.291	154.433	154.133	154.188	7841	0	20
2025.10.30	16:00:00	154.186	154.311	154.043	154.278	7937	0	20
2025.10.30	17:00:00	154.279	154.33	154.034	154.161	6302	0	20
2025.10.30	18:00:00	154.163	154.219	154.058	154.088	4076	0	20
2025.10.30	19:00:00	154.087	154.159	154.038	154.09	2786	0	20
2025.10.30	20:00:00	154.089	154.139	154.04	154.073	2264	0	20
2025.10.30	21:00:00	154.073	154.081	154.008	154.066	2346	0	20
2025.10.30	22:00:00	154.059	154.148	154.028	154.109	1762	0	20
2025.10.30	23:00:00	154.106	154.106	154.01	154.045	125	0	51
2025.10.31	00:00:00	154.034	154.127	154.02	154.096	1421	0	20
2025.10.31	01:00:00	154.095	154.155	153.829	153.896	2506	0	20
2025.10.31	02:00:00	153.895	154.025	153.81	153.885	4297	0	20
2025.10.31	03:00:00	153.88	153.91	153.642	153.821	4493	0	20
2025.10.31	04:00:00	153.82	153.874	153.731	153.874	2495	0	20
2025.10.31	05:00:00	153.875	154.057	153.841	154.028	2026	0	20
2025.10.31	06:00:00	154.027	154.046	153.897	153.925	1995	0	20
2025.10.31	07:00:00	153.925	154.045	153.822	153.903	2998	0	20
2025.10.31	08:00:00	153.899	154.226	153.874	154.214	3644	0	20
2025.10.31	09:00:00	154.218	154.385	154.163	154.297	5763	0	20
2025.10.31	10:00:00	154.3	154.401	154.22	154.235	4920	0	20
2025.10.31	11:00:00	154.234	154.28	154.102	154.13	3430	0	20
2025.10.31	12:00:00	154.13	154.173	154.081	154.12	2325	0	20
2025.10.31	13:00:00	154.121	154.173	154.041	154.093	2669	0	20
2025.10.31	14:00:00	154.091	154.243	153.883	154.125	4730	0	20
2025.10.31	15:00:00	154.125	154.222	154.036	154.067	6187	0	20
2025.10.31	16:00:00	154.068	154.085	153.881	153.936	5770	0	20
2025.10.31	17:00:00	153.935	154.085	153.904	154.031	5855	0	20
2025.10.31	18:00:00	154.032	154.163	153.957	154.104	4603	0	20
2025.10.31	19:00:00	154.102	154.167	154.069	154.084	3131	0	20
2025.10.31	20:00:00	154.086	154.123	154.025	154.076	2242	0	20
2025.10.31	21:00:00	154.076	154.124	154.051	154.095	2388	0	20
2025.10.31	22:00:00	154.098	154.109	153.956	153.99	1772	0	20
2025.11.03	00:00:00	153.948	154.069	153.933	154.041	222	0	31
2025.11.03	01:00:00	154.041	154.238	154.002	154.188	3577	0	20
2025.11.03	02:00:00	154.188	154.202	154.108	154.164	2668	0	20
2025.11.03	03:00:00	154.163	154.177	154.067	154.105	1801	0	20
2025.11.03	04:00:00	154.106	154.115	154.025	154.074	1582	0	20
2025.11.03	05:00:00	154.075	154.085	154.03	154.055	1231	0	20
2025.11.03	06:00:00	154.056	154.076	153.979	154.063	1299	0	20
2025.11.03	07:00:00	154.073	154.124	154.048	154.112	1469	0	20
2025.11.03	08:00:00	154.112	154.233	154.093	154.178	1778	0	20
2025.11.03	09:00:00	154.177	154.275	154.097	154.1	3282	0	20
2025.11.03	10:00:00	154.1	154.196	154.04	154.098	3887	0	20
2025.11.03	11:00:00	154.099	154.159	154.075	154.155	2886	0	20
2025.11.03	12:00:00	154.155	154.18	154.12	154.159	2570	0	20
2025.11.03	13:00:00	154.158	154.175	154.086	154.141	1893	0	20
2025.11.03	14:00:00	154.14	154.178	154.131	154.171	1762	0	20
2025.11.03	15:00:00	154.173	154.286	154.165	154.238	3763	0	20
2025.11.03	16:00:00	154.239	154.261	154.064	154.085	3542	0	20
2025.11.03	17:00:00	154.001	154.149	153.903	154.088	7126	0	20
2025.11.03	18:00:00	154.087	154.154	154.057	154.121	3639	0	20
2025.11.03	19:00:00	154.12	154.164	154.049	154.143	2804	0	20
2025.11.03	20:00:00	154.144	154.228	154.106	154.157	1778	0	20
2025.11.03	21:00:00	154.158	154.242	154.128	154.181	2208	0	20
2025.11.03	22:00:00	154.18	154.208	154.164	154.184	2123	0	20
2025.11.03	23:00:00	154.185	154.207	154.169	154.197	1196	0	21
2025.11.04	00:00:00	154.198	154.231	154.18	154.195	459	0	34
2025.11.04	01:00:00	154.195	154.214	154.16	154.199	854	0	20
2025.11.04	02:00:00	154.2	154.39	154.188	154.327	4677	0	20
2025.11.04	03:00:00	154.33	154.472	154.29	154.319	4341	0	20
2025.11.04	04:00:00	154.32	154.347	154.095	154.098	2766	0	20
2025.11.04	05:00:00	154.097	154.147	154.043	154.074	2266	0	20
2025.11.04	06:00:00	154.075	154.091	153.798	154.051	2706	0	20
2025.11.04	07:00:00	154.052	154.073	153.677	153.721	3511	0	20
2025.11.04	08:00:00	153.721	153.78	153.483	153.614	4462	0	20
2025.11.04	09:00:00	153.615	153.622	153.321	153.569	4039	0	20
2025.11.04	10:00:00	153.577	153.687	153.375	153.638	5729	0	20
2025.11.04	11:00:00	153.639	153.745	153.393	153.473	4340	0	20
2025.11.04	12:00:00	153.473	153.59	153.305	153.567	3632	0	20
2025.11.04	13:00:00	153.566	153.581	153.361	153.561	2738	0	20
2025.11.04	14:00:00	153.559	153.616	153.494	153.518	2720	0	20
2025.11.04	15:00:00	153.516	153.531	153.307	153.377	3245	0	20
2025.11.04	16:00:00	153.376	153.536	153.359	153.467	4922	0	20
2025.11.04	17:00:00	153.466	153.586	153.329	153.373	5059	0	20
2025.11.04	18:00:00	153.372	153.542	153.328	153.54	3919	0	20
2025.11.04	19:00:00	153.54	153.631	153.512	153.58	2941	0	20
2025.11.04	20:00:00	153.58	153.65	153.537	153.553	1982	0	20
2025.11.04	21:00:00	153.554	153.632	153.552	153.623	2839	0	20
2025.11.04	22:00:00	153.622	153.681	153.611	153.618	2127	0	20
2025.11.04	23:00:00	153.617	153.67	153.589	153.65	1908	0	20
2025.11.05	00:00:00	153.649	153.65	153.611	153.635	226	0	30
2025.11.05	01:00:00	153.628	153.682	153.496	153.54	1710	0	20
2025.11.05	02:00:00	153.54	153.74	153.219	153.227	6800	0	20
2025.11.05	03:00:00	153.228	153.284	152.948	153.153	7552	0	20
2025.11.05	04:00:00	153.15	153.314	153.054	153.308	4469	0	20
2025.11.05	05:00:00	153.309	153.557	153.29	153.502	4782	0	20
2025.11.05	06:00:00	153.501	153.518	153.38	153.474	3569	0	20
2025.11.05	07:00:00	153.471	153.556	153.397	153.51	3084	0	20
2025.11.05	08:00:00	153.51	153.732	153.442	153.656	3400	0	20
2025.11.05	09:00:00	153.657	153.679	153.438	153.55	4015	0	20
2025.11.05	10:00:00	153.549	153.653	153.406	153.487	4300	0	20
2025.11.05	11:00:00	153.488	153.696	153.476	153.677	2981	0	20
2025.11.05	12:00:00	153.678	153.832	153.609	153.616	3156	0	20
2025.11.05	13:00:00	153.615	153.699	153.563	153.606	1800	0	20
2025.11.05	14:00:00	153.606	153.738	153.553	153.699	2253	0	20
2025.11.05	15:00:00	153.698	153.98	153.679	153.97	4575	0	20
2025.11.05	16:00:00	153.97	154.024	153.886	153.922	4549	0	20
2025.11.05	17:00:00	153.957	154.302	153.957	154.295	8583	0	20
2025.11.05	18:00:00	154.297	154.345	154.095	154.111	4217	0	20
2025.11.05	19:00:00	154.111	154.127	154.045	154.066	2107	0	20
2025.11.05	20:00:00	154.066	154.132	153.996	154.116	1710	0	20
2025.11.05	21:00:00	154.116	154.119	154.048	154.098	1762	0	20
2025.11.05	22:00:00	154.099	154.125	154.072	154.112	1503	0	20
2025.11.05	23:00:00	154.112	154.133	154.08	154.102	1542	0	20
2025.11.06	00:00:00	154.105	154.105	154.015	154.056	442	0	33
2025.11.06	01:00:00	154.056	154.082	153.969	154.078	1430	0	21
2025.11.06	02:00:00	154.079	154.131	153.84	153.879	4442	0	20
2025.11.06	03:00:00	153.879	153.932	153.792	153.861	3279	0	20
2025.11.06	04:00:00	153.861	153.991	153.783	153.937	1931	0	20
2025.11.06	05:00:00	153.937	153.983	153.823	153.859	1539	0	20
2025.11.06	06:00:00	153.858	154.016	153.85	153.942	1547	0	20
2025.11.06	07:00:00	153.945	153.996	153.82	153.874	2110	0	20
2025.11.06	08:00:00	153.875	153.996	153.798	153.972	2159	0	20
2025.11.06	09:00:00	153.972	153.983	153.764	153.856	2902	0	20
2025.11.06	10:00:00	153.857	153.86	153.521	153.55	4322	0	20
2025.11.06	11:00:00	153.552	153.762	153.547	153.709	2723	0	20
2025.11.06	12:00:00	153.709	153.763	153.691	153.736	2183	0	20
2025.11.06	13:00:00	153.734	153.754	153.579	153.636	1878	0	20
2025.11.06	14:00:00	153.637	153.731	153.579	153.597	3623	0	20
2025.11.06	15:00:00	153.597	153.626	153.395	153.492	3732	0	20
2025.11.06	16:00:00	153.493	153.577	153.375	153.4	5082	0	20
2025.11.06	17:00:00	153.4	153.4	153.032	153.034	6169	0	20
2025.11.06	18:00:00	153.033	153.158	152.965	152.971	5609	0	20
2025.11.06	19:00:00	152.971	153.053	152.82	153.003	4105	0	20
2025.11.06	20:00:00	153.003	153.078	152.908	153.041	3675	0	20
2025.11.06	21:00:00	153.04	153.148	153.018	153.134	3114	0	20
2025.11.06	22:00:00	153.132	153.134	152.989	153.021	2717	0	20
2025.11.06	23:00:00	153.021	153.091	152.989	153.052	1213	0	20
2025.11.07	00:00:00	153.049	153.075	152.936	153.045	2469	0	38
2025.11.07	01:00:00	153.045	153.053	152.809	152.943	2012	0	20
2025.11.07	02:00:00	152.942	153.24	152.847	153.175	6361	0	20
2025.11.07	03:00:00	153.174	153.297	153.041	153.119	5248	0	20
2025.11.07	04:00:00	153.118	153.165	152.953	153.137	2511	0	20
2025.11.07	05:00:00	153.136	153.179	153.008	153.05	2617	0	20
2025.11.07	06:00:00	153.052	153.17	153.005	153.104	2815	0	20
2025.11.07	07:00:00	153.105	153.357	153.102	153.341	2737	0	20
2025.11.07	08:00:00	153.341	153.515	153.341	153.499	2984	0	20
2025.11.07	09:00:00	153.498	153.53	153.371	153.378	3028	0	20
2025.11.07	10:00:00	153.378	153.503	153.338	153.498	4371	0	20
2025.11.07	11:00:00	153.5	153.511	153.431	153.482	3339	0	20
2025.11.07	12:00:00	153.482	153.486	153.312	153.341	2369	0	20
2025.11.07	13:00:00	153.342	153.351	153.0	153.12	3576	0	20
2025.11.07	14:00:00	153.119	153.165	153.029	153.087	3411	0	20
2025.11.07	15:00:00	153.086	153.366	152.998	153.348	6110	0	20
2025.11.07	16:00:00	153.348	153.467	153.127	153.322	8675	0	20
2025.11.07	17:00:00	153.321	153.321	153.013	153.128	9330	0	20
2025.11.07	18:00:00	153.127	153.167	153.004	153.053	6162	0	20
2025.11.07	19:00:00	153.053	153.214	153.031	153.086	4719	0	20
2025.11.07	20:00:00	153.085	153.257	153.025	153.247	3239	0	20
2025.11.07	21:00:00	153.248	153.573	153.211	153.548	4698	0	20
2025.11.07	22:00:00	153.549	153.585	153.35	153.421	4861	0	20
2025.11.07	23:00:00	153.42	153.472	153.395	153.428	1731	0	20
2025.11.10	00:00:00	153.631	153.73	153.49	153.682	879	0	30
2025.11.10	01:00:00	153.68	153.853	153.676	153.816	3518	0	20
2025.11.10	02:00:00	153.816	153.906	153.387	153.846	7811	0	20
2025.11.10	03:00:00	153.846	153.94	153.766	153.822	4704	0	20
2025.11.10	04:00:00	153.822	153.89	153.791	153.881	2527	0	20
2025.11.10	05:00:00	153.882	154.016	153.879	153.924	2991	0	20
2025.11.10	06:00:00	153.924	153.944	153.777	153.87	3416	0	20
2025.11.10	07:00:00	153.871	154.06	153.858	153.932	3479	0	20
2025.11.10	08:00:00	153.931	154.073	153.892	154.017	4077	0	20
2025.11.10	09:00:00	154.018	154.14	153.941	154.035	4581	0	20
2025.11.10	10:00:00	154.035	154.17	153.939	154.161	4981	0	20
2025.11.10	11:00:00	154.16	154.221	154.136	154.148	3813	0	20
2025.11.10	12:00:00	154.149	154.169	154.052	154.149	2439	0	20
2025.11.10	13:00:00	154.15	154.239	154.105	154.122	2270	0	20
2025.11.10	14:00:00	154.121	154.157	154.031	154.107	2539	0	20
2025.11.10	15:00:00	154.107	154.128	153.974	154.049	3548	0	20
2025.11.10	16:00:00	154.05	154.155	153.994	154.071	4748	0	20
2025.11.10	17:00:00	154.072	154.133	154.0	154.018	4639	0	20
2025.11.10	18:00:00	154.018	154.057	153.881	153.986	4465	0	20
2025.11.10	19:00:00	153.985	154.033	153.913	153.945	3573	0	20
2025.11.10	20:00:00	153.946	154.01	153.914	153.982	2448	0	20
2025.11.10	21:00:00	153.982	154.064	153.944	154.042	1911	0	20
2025.11.10	22:00:00	154.041	154.073	153.988	154.02	2692	0	20
2025.11.10	23:00:00	154.02	154.16	154.013	154.131	1425	0	21
2025.11.11	00:00:00	154.131	154.131	153.913	154.044	579	0	39
2025.11.11	01:00:00	154.04	154.146	154.037	154.14	1947	0	20
2025.11.11	02:00:00	154.138	154.302	154.092	154.301	4740	0	20
2025.11.11	03:00:00	154.302	154.486	154.302	154.313	4487	0	20
2025.11.11	04:00:00	154.313	154.382	154.248	154.357	3018	0	20
2025.11.11	05:00:00	154.356	154.356	154.21	154.256	2614	0	20
2025.11.11	06:00:00	154.256	154.342	154.216	154.291	2061	0	20
2025.11.11	07:00:00	154.292	154.299	154.079	154.118	3246	0	20
2025.11.11	08:00:00	154.118	154.258	154.079	154.188	2419	0	20
2025.11.11	09:00:00	154.188	154.241	154.141	154.181	3742	0	20
2025.11.11	10:00:00	154.181	154.379	154.157	154.369	4232	0	20
2025.11.11	11:00:00	154.369	154.433	154.275	154.32	3205	0	20
2025.11.11	12:00:00	154.321	154.352	154.201	154.235	2497	0	20
2025.11.11	13:00:00	154.234	154.256	154.205	154.244	1998	0	20
2025.11.11	14:00:00	154.243	154.257	154.159	154.184	2037	0	20
2025.11.11	15:00:00	154.185	154.187	153.655	153.766	7098	0	20
2025.11.11	16:00:00	153.765	153.997	153.692	153.99	5692	0	20
2025.11.11	17:00:00	153.989	154.123	153.91	153.962	6697	0	20
2025.11.11	18:00:00	153.957	154.012	153.935	153.992	3503	0	20
2025.11.11	19:00:00	153.991	154.114	153.991	154.065	2915	0	20
2025.11.11	20:00:00	154.064	154.135	154.04	154.098	1936	0	20
2025.11.11	21:00:00	154.098	154.136	154.051	154.11	2294	0	20
2025.11.11	22:00:00	154.111	154.134	154.07	154.111	2482	0	20
2025.11.11	23:00:00	154.11	154.164	154.105	154.133	1370	0	21
2025.11.12	00:00:00	154.131	154.131	154.03	154.037	2654	0	31
2025.11.12	01:00:00	154.042	154.146	154.039	154.071	1506	0	20
2025.11.12	02:00:00	154.074	154.294	154.037	154.288	5597	0	20
2025.11.12	03:00:00	154.289	154.341	154.251	154.312	3890	0	20
2025.11.12	04:00:00	154.318	154.402	154.303	154.339	2519	0	20
2025.11.12	05:00:00	154.34	154.369	154.228	154.335	1941	0	20
2025.11.12	06:00:00	154.336	154.734	154.33	154.727	3953	0	20
2025.11.12	07:00:00	154.728	154.781	154.555	154.632	4646	0	20
2025.11.12	08:00:00	154.641	154.745	154.573	154.601	2262	0	20
2025.11.12	09:00:00	154.602	154.66	154.481	154.609	3302	0	20
2025.11.12	10:00:00	154.608	154.765	154.606	154.748	5277	0	20
2025.11.12	11:00:00	154.747	154.897	154.693	154.833	4595	0	20
2025.11.12	12:00:00	154.833	154.889	154.747	154.856	3265	0	20
2025.11.12	13:00:00	154.854	154.878	154.793	154.794	2302	0	20
2025.11.12	14:00:00	154.794	154.825	154.694	154.798	3267	0	20
2025.11.12	15:00:00	154.797	154.983	154.754	154.931	4512	0	20
2025.11.12	16:00:00	154.931	155.035	154.849	154.859	6634	0	20
2025.11.12	17:00:00	154.858	154.913	154.721	154.729	6108	0	20
2025.11.12	18:00:00	154.73	154.765	154.636	154.637	4122	0	20
2025.11.12	19:00:00	154.637	154.637	154.486	154.586	3406	0	20
2025.11.12	20:00:00	154.587	154.678	154.57	154.675	2160	0	20
2025.11.12	21:00:00	154.675	154.72	154.598	154.708	2778	0	20
2025.11.12	22:00:00	154.708	154.757	154.682	154.748	1500	0	20
2025.11.12	23:00:00	154.749	154.857	154.749	154.77	2052	0	20
2025.11.13	00:00:00	154.767	154.794	154.688	154.694	977	0	29
2025.11.13	01:00:00	154.695	154.747	154.679	154.696	1601	0	20
2025.11.13	02:00:00	154.697	154.948	154.684	154.932	5511	0	20
2025.11.13	03:00:00	154.933	155.007	154.695	154.723	4993	0	20
2025.11.13	04:00:00	154.722	154.781	154.613	154.648	3353	0	20
2025.11.13	05:00:00	154.648	154.751	154.613	154.726	2062	0	20
2025.11.13	06:00:00	154.726	154.844	154.634	154.809	2466	0	20
2025.11.13	07:00:00	154.81	154.991	154.801	154.943	2391	0	20
2025.11.13	08:00:00	154.946	154.997	154.853	154.879	3156	0	20
2025.11.13	09:00:00	154.881	154.943	154.692	154.705	3910	0	20
2025.11.13	10:00:00	154.706	154.764	154.502	154.509	5036	0	20
2025.11.13	11:00:00	154.513	154.577	154.313	154.518	5384	0	20
2025.11.13	12:00:00	154.519	154.667	154.473	154.647	3428	0	20
2025.11.13	13:00:00	154.646	154.754	154.631	154.731	2851	0	20
2025.11.13	14:00:00	154.73	154.744	154.58	154.597	3007	0	20
2025.11.13	15:00:00	154.595	154.729	154.529	154.637	4928	0	20
2025.11.13	16:00:00	154.637	154.666	154.379	154.385	7230	0	20
2025.11.13	17:00:00	154.387	154.529	154.117	154.191	7823	0	20
2025.11.13	18:00:00	154.191	154.425	154.149	154.388	7811	0	20
2025.11.13	19:00:00	154.387	154.461	154.226	154.307	6679	0	20
2025.11.13	20:00:00	154.306	154.432	154.264	154.411	5086	0	20
2025.11.13	21:00:00	154.412	154.474	154.342	154.46	4195	0	20
2025.11.13	22:00:00	154.461	154.531	154.449	154.531	4733	0	20
2025.11.13	23:00:00	154.53	154.576	154.467	154.533	1838	0	20
2025.11.14	00:00:00	154.531	154.576	154.364	154.502	1196	0	32
2025.11.14	01:00:00	154.496	154.674	154.496	154.62	2411	0	20
2025.11.14	02:00:00	154.625	154.734	154.555	154.595	5460	0	20
2025.11.14	03:00:00	154.596	154.674	154.43	154.495	4851	0	20
2025.11.14	04:00:00	154.494	154.566	154.427	154.436	3007	0	20
2025.11.14	05:00:00	154.436	154.565	154.3	154.531	3843	0	20
2025.11.14	06:00:00	154.53	154.565	154.411	154.412	2332	0	20
2025.11.14	07:00:00	154.411	154.494	154.358	154.471	3059	0	20
2025.11.14	08:00:00	154.472	154.65	154.42	154.586	3866	0	20
2025.11.14	09:00:00	154.591	154.674	154.443	154.668	5235	0	20
2025.11.14	10:00:00	154.669	154.725	154.442	154.543	7164	0	20
2025.11.14	11:00:00	154.544	154.692	154.543	154.68	4600	0	20
2025.11.14	12:00:00	154.683	154.753	154.653	154.736	3057	0	20
2025.11.14	13:00:00	154.736	154.737	154.621	154.647	4281	0	20
2025.11.14	14:00:00	154.646	154.652	153.797	153.798	8921	0	20
2025.11.14	15:00:00	153.798	154.134	153.606	154.075	11110	0	20
2025.11.14	16:00:00	154.075	154.337	153.972	154.333	11896	0	20
2025.11.14	17:00:00	154.333	154.486	154.226	154.417	9956	0	20
2025.11.14	18:00:00	154.418	154.655	154.342	154.631	6016	0	20
2025.11.14	19:00:00	154.631	154.735	154.606	154.631	4941	0	20
2025.11.14	20:00:00	154.63	154.652	154.546	154.569	3748	0	20
2025.11.14	21:00:00	154.568	154.574	154.516	154.549	3083	0	20
2025.11.14	22:00:00	154.55	154.56	154.49	154.521	2201	0	20
2025.11.14	23:00:00	154.519	154.588	154.491	154.524	1689	0	20
2025.11.17	00:00:00	154.5	154.544	154.47	154.512	733	0	43
2025.11.17	01:00:00	154.499	154.625	154.432	154.581	3124	0	20
2025.11.17	02:00:00	154.58	154.649	154.405	154.627	6056	0	20
2025.11.17	03:00:00	154.628	154.644	154.5	154.565	3881	0	20
2025.11.17	04:00:00	154.565	154.7	154.561	154.681	2831	0	20
2025.11.17	05:00:00	154.692	154.778	154.677	154.704	2450	0	20
2025.11.17	06:00:00	154.706	154.721	154.599	154.62	1634	0	20
2025.11.17	07:00:00	154.619	154.707	154.581	154.678	1846	0	20
2025.11.17	08:00:00	154.678	154.802	154.629	154.668	3133	0	20
2025.11.17	09:00:00	154.669	154.782	154.635	154.68	3287	0	20
2025.11.17	10:00:00	154.681	154.821	154.615	154.702	5087	0	20
2025.11.17	11:00:00	154.701	154.777	154.645	154.743	3454	0	20
2025.11.17	12:00:00	154.744	154.833	154.684	154.832	2681	0	20
2025.11.17	13:00:00	154.826	154.861	154.758	154.784	1978	0	20
2025.11.17	14:00:00	154.785	154.862	154.727	154.837	2062	0	20
2025.11.17	15:00:00	154.836	154.907	154.828	154.88	3140	0	20
2025.11.17	16:00:00	154.878	155.023	154.855	155.023	4377	0	20
2025.11.17	17:00:00	155.023	155.294	154.994	155.187	7096	0	20
2025.11.17	18:00:00	155.186	155.195	155.048	155.192	3669	0	20
2025.11.17	19:00:00	155.192	155.219	155.132	155.148	2981	0	20
2025.11.17	20:00:00	155.148	155.197	155.117	155.131	2468	0	20
2025.11.17	21:00:00	155.132	155.244	155.06	155.236	3491	0	20
2025.11.17	22:00:00	155.237	155.25	155.156	155.214	3132	0	20
2025.11.17	23:00:00	155.219	155.245	155.206	155.217	1486	0	20
2025.11.18	00:00:00	155.216	155.227	155.136	155.176	494	0	22
2025.11.18	01:00:00	155.186	155.278	155.167	155.269	1793	0	20
2025.11.18	02:00:00	155.269	155.368	155.168	155.249	5368	0	20
2025.11.18	03:00:00	155.25	155.352	155.135	155.19	4614	0	20
2025.11.18	04:00:00	155.191	155.275	155.16	155.177	3385	0	20
2025.11.18	05:00:00	155.177	155.19	155.101	155.166	3629	0	20
2025.11.18	06:00:00	155.166	155.181	154.805	155.042	6997	0	20
2025.11.18	07:00:00	155.041	155.093	154.984	155.073	3709	0	20
2025.11.18	08:00:00	155.075	155.207	154.859	155.167	5410	0	20
2025.11.18	09:00:00	155.169	155.205	154.862	154.987	9055	0	20
2025.11.18	10:00:00	154.988	155.209	154.9	155.12	6807	0	20
2025.11.18	11:00:00	155.125	155.256	155.073	155.223	4910	0	20
2025.11.18	12:00:00	155.224	155.414	155.195	155.412	4146	0	20
2025.11.18	13:00:00	155.413	155.431	155.35	155.416	3544	0	20
2025.11.18	14:00:00	155.415	155.429	155.165	155.17	5229	0	20
2025.11.18	15:00:00	155.17	155.253	155.052	155.16	7646	0	20
2025.11.18	16:00:00	155.159	155.372	155.131	155.22	8472	0	20
2025.11.18	17:00:00	155.219	155.274	155.041	155.264	11811	0	20
2025.11.18	18:00:00	155.263	155.496	155.248	155.433	8711	0	20
2025.11.18	19:00:00	155.433	155.685	155.418	155.682	6288	0	20
2025.11.18	20:00:00	155.682	155.723	155.55	155.587	6101	0	20
2025.11.18	21:00:00	155.586	155.627	155.488	155.513	4674	0	20
2025.11.18	22:00:00	155.513	155.551	155.468	155.518	2846	0	20
2025.11.18	23:00:00	155.517	155.539	155.476	155.478	2287	0	20
2025.11.19	00:00:00	155.481	155.532	155.41	155.503	557	0	28
2025.11.19	01:00:00	155.494	155.581	155.483	155.522	2056	0	20
2025.11.19	02:00:00	155.521	155.57	155.363	155.463	6548	0	20
2025.11.19	03:00:00	155.463	155.529	155.421	155.487	6242	0	20
2025.11.19	04:00:00	155.486	155.544	155.315	155.343	4834	0	20
2025.11.19	05:00:00	155.342	155.37	155.203	155.284	4896	0	20
2025.11.19	06:00:00	155.283	155.457	155.283	155.311	4578	0	20
2025.11.19	07:00:00	155.311	155.372	155.251	155.358	4795	0	20
2025.11.19	08:00:00	155.358	155.449	155.315	155.438	3743	0	20
2025.11.19	09:00:00	155.439	155.521	155.397	155.507	4592	0	20
2025.11.19	10:00:00	155.508	155.668	155.47	155.626	5032	0	20
2025.11.19	11:00:00	155.627	155.956	155.545	155.943	5910	0	20
2025.11.19	12:00:00	155.942	156.241	155.925	156.232	5630	0	20
2025.11.19	13:00:00	156.232	156.285	156.072	156.095	4634	0	21
2025.11.19	14:00:00	156.089	156.252	156.054	156.237	3774	0	21
2025.11.19	15:00:00	156.236	156.281	156.029	156.273	4928	0	21
2025.11.19	16:00:00	156.272	156.615	156.253	156.613	7881	0	21
2025.11.19	17:00:00	156.613	156.71	156.486	156.498	8339	0	21
2025.11.19	18:00:00	156.494	156.697	156.453	156.626	6789	0	21
2025.11.19	19:00:00	156.626	156.855	156.609	156.743	6376	0	21
2025.11.19	20:00:00	156.74	156.838	156.68	156.786	4407	0	21
2025.11.19	21:00:00	156.785	157.028	156.76	157.019	5183	0	21
2025.11.19	22:00:00	157.018	157.036	156.927	156.95	3417	0	21
2025.11.19	23:00:00	156.949	157.172	156.949	157.124	3420	0	21
2025.11.20	00:00:00	157.123	157.129	157.022	157.061	662	0	29
2025.11.20	01:00:00	157.061	157.144	156.965	156.984	3130	0	21
2025.11.20	02:00:00	156.984	157.199	156.867	157.065	7577	0	21
2025.11.20	03:00:00	157.064	157.425	157.023	157.412	6339	0	21
2025.11.20	04:00:00	157.412	157.463	157.278	157.305	4719	0	21
2025.11.20	05:00:00	157.309	157.421	157.269	157.405	3599	0	21
2025.11.20	06:00:00	157.405	157.409	157.251	157.387	3066	0	21
2025.11.20	07:00:00	157.386	157.561	157.385	157.547	3718	0	21
2025.11.20	08:00:00	157.548	157.727	157.477	157.724	4654	0	21
2025.11.20	09:00:00	157.724	157.768	157.365	157.446	6167	0	21
2025.11.20	10:00:00	157.445	157.485	157.097	157.141	6393	0	21
2025.11.20	11:00:00	157.152	157.261	157.113	157.169	4840	0	21
2025.11.20	12:00:00	157.168	157.401	157.14	157.371	3077	0	21
2025.11.20	13:00:00	157.371	157.528	157.344	157.499	2771	0	21
2025.11.20	14:00:00	157.498	157.728	157.495	157.689	3568	0	21
2025.11.20	15:00:00	157.69	157.869	157.214	157.561	11877	0	21
2025.11.20	16:00:00	157.561	157.819	157.483	157.616	11587	0	21
2025.11.20	17:00:00	157.615	157.882	157.615	157.669	7699	0	21
2025.11.20	18:00:00	157.669	157.673	157.275	157.41	12118	0	21
2025.11.20	19:00:00	157.407	157.527	157.252	157.506	14530	0	21
2025.11.20	20:00:00	157.507	157.685	157.416	157.449	7853	0	21
2025.11.20	21:00:00	157.45	157.553	157.441	157.528	6048	0	21
2025.11.20	22:00:00	157.529	157.637	157.506	157.565	3895	0	21
2025.11.20	23:00:00	157.565	157.58	157.428	157.447	2753	0	21
2025.11.21	00:00:00	157.448	157.51	157.405	157.437	993	0	25
2025.11.21	01:00:00	157.434	157.462	157.18	157.377	4363	0	21
2025.11.21	02:00:00	157.377	157.531	157.21	157.304	7315	0	21
2025.11.21	03:00:00	157.305	157.486	157.196	157.476	5016	0	21
2025.11.21	04:00:00	157.476	157.479	157.285	157.338	4970	0	21
2025.11.21	05:00:00	157.338	157.418	157.284	157.291	3192	0	21
2025.11.21	06:00:00	157.29	157.293	157.073	157.259	4895	0	21
2025.11.21	07:00:00	157.259	157.293	157.154	157.215	4126	0	21
2025.11.21	08:00:00	157.216	157.246	157.04	157.156	5041	0	21
2025.11.21	09:00:00	157.159	157.182	156.6	156.723	7151	0	21
2025.11.21	10:00:00	156.722	156.941	156.554	156.9	8003	0	21
2025.11.21	11:00:00	156.901	156.941	156.662	156.75	6258	0	21
2025.11.21	12:00:00	156.75	156.808	156.544	156.771	7502	0	21
2025.11.21	13:00:00	156.771	156.884	156.739	156.842	5121	0	21
2025.11.21	14:00:00	156.843	156.884	156.597	156.738	10453	0	21
2025.11.21	15:00:00	156.74	156.854	156.668	156.803	7573	0	21
2025.11.21	16:00:00	156.803	156.955	156.643	156.689	10268	0	21
2025.11.21	17:00:00	156.699	156.705	156.188	156.525	16309	0	21
2025.11.21	18:00:00	156.525	156.744	156.453	156.561	10592	0	21
2025.11.21	19:00:00	156.561	156.72	156.488	156.53	6002	0	21
2025.11.21	20:00:00	156.531	156.632	156.449	156.563	4895	0	21
2025.11.21	21:00:00	156.56	156.572	156.251	156.318	4195	0	21
2025.11.21	22:00:00	156.318	156.439	156.308	156.378	3183	0	21
2025.11.21	23:00:00	156.379	156.491	156.315	156.392	2342	0	21
2025.11.24	00:00:00	156.269	156.56	156.269	156.465	988	0	42
2025.11.24	01:00:00	156.463	156.701	156.455	156.675	3069	0	21
2025.11.24	02:00:00	156.676	156.786	156.65	156.725	4682	0	21
2025.11.24	03:00:00	156.725	156.741	156.627	156.711	4301	0	21
2025.11.24	04:00:00	156.708	156.725	156.596	156.676	2734	0	21
2025.11.24	05:00:00	156.676	156.68	156.578	156.633	1993	0	21
2025.11.24	06:00:00	156.631	156.651	156.499	156.542	1890	0	21
2025.11.24	07:00:00	156.542	156.581	156.487	156.57	2545	0	21
2025.11.24	08:00:00	156.571	156.727	156.533	156.715	2368	0	21
2025.11.24	09:00:00	156.715	156.876	156.665	156.83	3557	0	21
2025.11.24	10:00:00	156.825	156.924	156.636	156.891	5041	0	21
2025.11.24	11:00:00	156.891	156.924	156.669	156.736	5102	0	21
2025.11.24	12:00:00	156.737	156.771	156.688	156.701	3591	0	21
2025.11.24	13:00:00	156.701	156.855	156.689	156.825	2722	0	21
2025.11.24	14:00:00	156.824	156.862	156.736	156.841	3154	0	21
2025.11.24	15:00:00	156.84	156.975	156.839	156.904	3907	0	21
2025.11.24	16:00:00	156.905	157.153	156.875	157.039	6000	0	21
2025.11.24	17:00:00	157.04	157.176	156.729	156.781	7672	0	21
2025.11.24	18:00:00	156.785	156.935	156.757	156.929	3768	0	21
2025.11.24	19:00:00	156.93	156.972	156.846	156.874	3825	0	21
2025.11.24	20:00:00	156.874	156.884	156.776	156.778	2740	0	21
2025.11.24	21:00:00	156.779	156.868	156.701	156.727	2654	0	21
2025.11.24	22:00:00	156.728	156.835	156.721	156.82	2898	0	21
2025.11.24	23:00:00	156.819	156.911	156.809	156.866	1662	0	21
2025.11.25	00:00:00	156.824	156.886	156.795	156.854	566	0	21
2025.11.25	01:00:00	156.854	156.945	156.839	156.896	1605	0	21
2025.11.25	02:00:00	156.896	156.971	156.663	156.676	5163	0	21
2025.11.25	03:00:00	156.675	156.735	156.543	156.641	5187	0	21
2025.11.25	04:00:00	156.641	156.719	156.596	156.663	3066	0	21
2025.11.25	05:00:00	156.663	156.771	156.6	156.765	2977	0	21
2025.11.25	06:00:00	156.765	156.838	156.748	156.792	1137	0	21
2025.11.25	07:00:00	156.79	156.833	156.684	156.722	1550	0	21
2025.11.25	08:00:00	156.723	156.787	156.658	156.669	3046	0	21
2025.11.25	09:00:00	156.674	156.687	156.512	156.605	4472	0	21
2025.11.25	10:00:00	156.61	156.692	156.427	156.483	4953	0	21
2025.11.25	11:00:00	156.483	156.484	156.132	156.289	5083	0	21
2025.11.25	12:00:00	156.29	156.388	156.19	156.337	3574	0	21
2025.11.25	13:00:00	156.338	156.509	156.338	156.431	2767	0	21
2025.11.25	14:00:00	156.432	156.501	156.285	156.288	5167	0	21
2025.11.25	15:00:00	156.285	156.332	156.017	156.135	7952	0	21
2025.11.25	16:00:00	156.133	156.265	155.887	156.051	8612	0	21
2025.11.25	17:00:00	156.048	156.162	155.882	156.135	9995	0	21
2025.11.25	18:00:00	156.136	156.302	156.051	156.295	4945	0	21
2025.11.25	19:00:00	156.296	156.324	155.791	155.888	7825	0	21
2025.11.25	20:00:00	155.887	155.964	155.824	155.902	4698	0	21
2025.11.25	21:00:00	155.903	155.948	155.796	155.817	2597	0	21
2025.11.25	22:00:00	155.816	156.176	155.808	156.089	3665	0	21
2025.11.25	23:00:00	156.088	156.104	156.016	156.027	1821	0	21
2025.11.26	00:00:00	155.901	156.097	155.897	156.015	459	0	49
2025.11.26	01:00:00	156.013	156.221	155.999	156.187	2307	0	21
2025.11.26	02:00:00	156.187	156.338	156.083	156.244	5466	0	21
2025.11.26	03:00:00	156.244	156.362	155.801	155.933	7848	0	21
2025.11.26	04:00:00	155.935	156.01	155.641	155.837	7371	0	21
2025.11.26	05:00:00	155.837	155.897	155.736	155.869	4368	0	21
2025.11.26	06:00:00	155.87	156.115	155.865	156.027	3435	0	21
2025.11.26	07:00:00	156.025	156.173	156.016	156.102	4470	0	21
2025.11.26	08:00:00	156.103	156.275	156.038	156.197	4817	0	21
2025.11.26	09:00:00	156.197	156.452	156.137	156.374	6370	0	21
2025.11.26	10:00:00	156.373	156.482	156.307	156.432	6101	0	21
2025.11.26	11:00:00	156.433	156.491	156.325	156.442	4095	0	21
2025.11.26	12:00:00	156.441	156.5	156.316	156.466	4238	0	21
2025.11.26	13:00:00	156.467	156.566	156.367	156.463	5362	0	21
2025.11.26	14:00:00	156.465	156.577	156.43	156.468	6723	0	21
2025.11.26	15:00:00	156.467	156.677	156.319	156.651	8576	0	21
2025.11.26	16:00:00	156.652	156.726	156.488	156.597	6692	0	21
2025.11.26	17:00:00	156.603	156.631	156.405	156.405	7084	0	21
2025.11.26	18:00:00	156.404	156.455	156.276	156.373	4459	0	21
2025.11.26	19:00:00	156.372	156.452	156.33	156.395	2934	0	21
2025.11.26	20:00:00	156.395	156.498	156.335	156.453	2910	0	21
2025.11.26	21:00:00	156.451	156.494	156.418	156.446	2107	0	21
2025.11.26	22:00:00	156.447	156.483	156.396	156.439	2967	0	21
2025.11.26	23:00:00	156.437	156.468	156.396	156.442	1387	0	21
2025.11.27	00:00:00	156.442	156.454	156.371	156.399	1028	0	36
2025.11.27	01:00:00	156.398	156.402	156.206	156.208	1668	0	21
2025.11.27	02:00:00	156.207	156.223	155.855	156.026	4019	0	21
2025.11.27	03:00:00	156.027	156.167	155.71	156.041	6187	0	21
2025.11.27	04:00:00	156.034	156.173	155.918	156.108	3527	0	21
2025.11.27	05:00:00	156.108	156.144	156.019	156.069	2099	0	21
2025.11.27	06:00:00	156.07	156.09	155.928	155.996	2135	0	21
2025.11.27	07:00:00	155.996	156.002	155.804	155.98	3904	0	21
2025.11.27	08:00:00	155.979	156.195	155.902	156.125	3611	0	21
2025.11.27	09:00:00	156.126	156.289	156.097	156.098	2667	0	21
2025.11.27	10:00:00	156.097	156.354	156.069	156.309	4069	0	21
2025.11.27	11:00:00	156.31	156.393	156.3	156.346	3069	0	21
2025.11.27	12:00:00	156.345	156.349	156.247	156.273	1894	0	21
2025.11.27	13:00:00	156.274	156.339	156.24	156.3	1855	0	21
2025.11.27	14:00:00	156.301	156.378	156.255	156.365	2420	0	21
2025.11.27	15:00:00	156.366	156.371	156.234	156.254	2496	0	21
2025.11.27	16:00:00	156.253	156.351	156.222	156.316	2595	0	21
2025.11.27	17:00:00	156.317	156.333	156.24	156.295	2354	0	21
2025.11.27	18:00:00	156.295	156.347	156.248	156.267	2470	0	21
2025.11.27	19:00:00	156.266	156.356	156.259	156.318	1383	0	21
2025.11.27	20:00:00	156.318	156.357	156.313	156.349	709	0	22
2025.11.27	21:00:00	156.349	156.351	156.311	156.324	803	0	21
2025.11.27	22:00:00	156.324	156.326	156.255	156.304	1556	0	22
2025.11.27	23:00:00	156.299	156.303	156.252	156.254	731	0	23
2025.11.28	00:00:00	156.252	156.303	156.224	156.257	662	0	39
2025.11.28	01:00:00	156.257	156.299	156.191	156.277	1300	0	21
2025.11.28	02:00:00	156.277	156.57	156.163	156.434	6147	0	21
2025.11.28	03:00:00	156.433	156.447	156.309	156.367	4086	0	21
2025.11.28	04:00:00	156.366	156.371	156.079	156.267	9795	0	21
2025.11.28	05:00:00	156.267	156.296	156.096	156.254	19007	0	21
2025.11.28	06:00:00	156.255	156.274	156.174	156.208	17468	0	23
2025.11.28	07:00:00	156.207	156.391	156.197	156.332	20118	0	21
2025.11.28	08:00:00	156.332	156.426	156.32	156.367	16606	0	21
2025.11.28	09:00:00	156.367	156.39	156.269	156.29	16788	0	21
2025.11.28	10:00:00	156.285	156.372	156.266	156.341	20565	0	21
2025.11.28	11:00:00	156.341	156.362	156.206	156.305	20587	0	21
2025.11.28	12:00:00	156.305	156.368	156.237	156.253	16027	0	21
2025.11.28	13:00:00	156.252	156.287	156.141	156.192	13907	0	21
2025.11.28	14:00:00	156.193	156.248	156.081	156.104	9694	0	21
2025.11.28	15:00:00	156.103	156.146	155.993	156.009	10756	0	21
2025.11.28	16:00:00	156.009	156.379	155.97	156.232	5996	0	21
2025.11.28	17:00:00	156.232	156.329	155.986	156.023	7667	0	21
2025.11.28	18:00:00	156.022	156.191	155.983	156.165	5621	0	21
2025.11.28	19:00:00	156.164	156.256	156.119	156.198	4280	0	21
2025.11.28	20:00:00	156.202	156.226	156.072	156.124	3658	0	21
2025.11.28	21:00:00	156.123	156.159	156.058	156.109	3335	0	21
2025.11.28	22:00:00	156.108	156.139	156.051	156.133	3008	0	21
2025.11.28	23:00:00	156.135	156.165	156.085	156.158	2525	0	21
2025.12.01	00:00:00	156.043	156.11	156.039	156.068	998	0	37
2025.12.01	01:00:00	156.06	156.139	155.892	155.896	3844	0	21
2025.12.01	02:00:00	155.897	155.899	155.663	155.796	6638	0	21
2025.12.01	03:00:00	155.794	155.981	155.471	155.63	8764	0	21
2025.12.01	04:00:00	155.63	155.643	155.418	155.491	4813	0	21
2025.12.01	05:00:00	155.49	155.586	155.402	155.451	2312	0	21
2025.12.01	06:00:00	155.452	155.592	155.385	155.537	2392	0	21
2025.12.01	07:00:00	155.536	155.607	155.399	155.58	3692	0	21
2025.12.01	08:00:00	155.582	155.681	155.547	155.552	3529	0	21
2025.12.01	09:00:00	155.543	155.616	155.295	155.349	5049	0	21
2025.12.01	10:00:00	155.349	155.549	155.248	155.473	7527	0	21
2025.12.01	11:00:00	155.473	155.522	155.25	155.276	5510	0	21
2025.12.01	12:00:00	155.276	155.298	155.15	155.243	4030	0	21
2025.12.01	13:00:00	155.244	155.331	155.091	155.096	4127	0	21
2025.12.01	14:00:00	155.096	155.14	154.752	154.78	4952	0	21
2025.12.01	15:00:00	154.779	154.886	154.654	154.832	7635	0	21
2025.12.01	16:00:00	154.833	155.052	154.825	154.984	8347	0	21
2025.12.01	17:00:00	154.982	155.187	154.85	155.087	8330	0	21
2025.12.01	18:00:00	155.087	155.303	155.085	155.274	6336	0	21
2025.12.01	19:00:00	155.275	155.373	155.25	155.34	4182	0	21
2025.12.01	20:00:00	155.338	155.488	155.329	155.482	2860	0	21
2025.12.01	21:00:00	155.483	155.512	155.438	155.47	2665	0	21
2025.12.01	22:00:00	155.469	155.508	155.425	155.435	2176	0	21
2025.12.01	23:00:00	155.434	155.5	155.417	155.418	1695	0	21
2025.12.02	00:00:00	155.417	155.452	155.393	155.417	516	0	34
2025.12.02	01:00:00	155.418	155.563	155.418	155.551	1379	0	21
2025.12.02	02:00:00	155.55	155.669	155.448	155.625	4536	0	21
2025.12.02	03:00:00	155.624	155.763	155.582	155.62	3974	0	21
2025.12.02	04:00:00	155.62	155.696	155.579	155.649	1904	0	21
2025.12.02	05:00:00	155.648	155.709	155.548	155.621	2503	0	21
2025.12.02	06:00:00	155.621	155.655	155.54	155.628	1750	0	21
2025.12.02	07:00:00	155.631	155.723	155.621	155.643	2559	0	21
2025.12.02	08:00:00	155.642	155.807	155.628	155.75	3419	0	21
2025.12.02	09:00:00	155.749	155.826	155.704	155.756	4001	0	21
2025.12.02	10:00:00	155.757	155.994	155.755	155.983	4769	0	21
2025.12.02	11:00:00	155.984	156.074	155.92	155.952	4694	0	21
2025.12.02	12:00:00	155.953	156.056	155.925	156.024	3246	0	21
2025.12.02	13:00:00	156.025	156.039	155.883	155.914	2699	0	21
2025.12.02	14:00:00	155.913	156.019	155.899	155.999	3358	0	21
2025.12.02	15:00:00	155.998	156.062	155.954	155.964	4457	0	21
2025.12.02	16:00:00	155.963	156.076	155.92	155.94	5977	0	21
2025.12.02	17:00:00	155.94	156.169	155.809	155.861	8067	0	21
2025.12.02	18:00:00	155.861	155.975	155.742	155.909	6490	0	21
2025.12.02	19:00:00	155.908	156.076	155.905	155.933	5106	0	21
2025.12.02	20:00:00	155.933	156.008	155.9	155.981	4525	0	21
2025.12.02	21:00:00	155.981	155.987	155.833	155.885	3520	0	21
2025.12.02	22:00:00	155.884	155.89	155.793	155.819	3709	0	21
2025.12.02	23:00:00	155.817	155.891	155.789	155.789	1762	0	21
2025.12.03	00:00:00	155.788	155.864	155.743	155.842	569	0	44
2025.12.03	01:00:00	155.843	155.892	155.751	155.751	1320	0	21
2025.12.03	02:00:00	155.752	155.805	155.648	155.769	3743	0	21
2025.12.03	03:00:00	155.77	155.781	155.595	155.645	3321	0	21
2025.12.03	04:00:00	155.646	155.794	155.64	155.7	2218	0	21
2025.12.03	05:00:00	155.699	155.717	155.617	155.645	1888	0	21
2025.12.03	06:00:00	155.644	155.742	155.642	155.65	1792	0	21
2025.12.03	07:00:00	155.65	155.695	155.617	155.681	1908	0	21
2025.12.03	08:00:00	155.681	155.681	155.499	155.598	3225	0	21
2025.12.03	09:00:00	155.598	155.698	155.503	155.675	3402	0	21
2025.12.03	10:00:00	155.674	155.745	155.652	155.664	3767	0	21
2025.12.03	11:00:00	155.663	155.67	155.517	155.611	3596	0	21
2025.12.03	12:00:00	155.61	155.632	155.492	155.516	4333	0	21
2025.12.03	13:00:00	155.515	155.516	155.4	155.407	2887	0	21
2025.12.03	14:00:00	155.406	155.421	155.349	155.404	2977	0	21
2025.12.03	15:00:00	155.404	155.514	155.192	155.478	6961	0	21
2025.12.03	16:00:00	155.478	155.51	155.268	155.375	9342	0	21
2025.12.03	17:00:00	155.335	155.588	155.2	155.207	11007	0	21
2025.12.03	18:00:00	155.206	155.236	155.001	155.158	5765	0	21
2025.12.03	19:00:00	155.157	155.202	155.076	155.115	4124	0	21
2025.12.03	20:00:00	155.114	155.166	155.063	155.113	3465	0	21
2025.12.03	21:00:00	155.113	155.153	155.068	155.138	3203	0	21
2025.12.03	22:00:00	155.138	155.238	155.114	155.227	2033	0	21
2025.12.03	23:00:00	155.225	155.306	155.195	155.199	1270	0	21
2025.12.04	00:00:00	155.211	155.216	155.092	155.112	771	0	42
2025.12.04	01:00:00	155.112	155.231	155.073	155.101	1781	0	21
2025.12.04	02:00:00	155.102	155.238	155.009	155.108	4789	0	21
2025.12.04	03:00:00	155.107	155.398	155.089	155.25	4725	0	21
2025.12.04	04:00:00	155.249	155.418	155.244	155.401	3343	0	21
2025.12.04	05:00:00	155.402	155.53	155.374	155.379	3187	0	21
2025.12.04	06:00:00	155.379	155.456	155.314	155.451	2245	0	21
2025.12.04	07:00:00	155.452	155.494	155.172	155.211	4849	0	21
2025.12.04	08:00:00	155.21	155.439	155.202	155.284	3749	0	21
2025.12.04	09:00:00	155.283	155.342	155.195	155.232	4962	0	21
2025.12.04	10:00:00	155.233	155.241	154.761	154.976	7398	0	21
2025.12.04	11:00:00	154.978	155.045	154.785	154.802	4861	0	21
2025.12.04	12:00:00	154.805	154.88	154.729	154.741	4203	0	21
2025.12.04	13:00:00	154.74	154.781	154.512	154.518	4259	0	21
2025.12.04	14:00:00	154.517	154.769	154.497	154.658	4372	0	21
2025.12.04	15:00:00	154.659	155.043	154.65	154.791	7487	0	21
2025.12.04	16:00:00	154.792	154.846	154.551	154.749	8663	0	21
2025.12.04	17:00:00	154.753	154.885	154.546	154.625	7585	0	21
2025.12.04	18:00:00	154.623	154.907	154.622	154.895	5510	0	21
2025.12.04	19:00:00	154.895	154.954	154.878	154.924	3908	0	21
2025.12.04	20:00:00	154.925	154.981	154.884	154.975	4286	0	21
2025.12.04	21:00:00	154.975	155.029	154.944	155.007	4052	0	21
2025.12.04	22:00:00	155.008	155.12	154.985	155.093	4258	0	21
2025.12.04	23:00:00	155.093	155.13	155.064	155.064	1616	0	21
2025.12.05	00:00:00	155.064	155.064	154.964	155.026	531	0	39
2025.12.05	01:00:00	155.029	155.151	155.029	155.121	2111	0	21
2025.12.05	02:00:00	155.121	155.22	154.94	154.957	4489	0	21
2025.12.05	03:00:00	154.957	155.089	154.904	155.005	3719	0	21
2025.12.05	04:00:00	155.004	155.087	154.995	155.04	2551	0	21
2025.12.05	05:00:00	155.041	155.147	155.028	155.109	1586	0	21
2025.12.05	06:00:00	155.108	155.113	154.784	154.909	3975	0	21
2025.12.05	07:00:00	154.91	154.91	154.533	154.589	4178	0	21
2025.12.05	08:00:00	154.588	154.687	154.447	154.557	4470	0	21
2025.12.05	09:00:00	154.555	154.639	154.332	154.618	6795	0	21
2025.12.05	10:00:00	154.619	154.882	154.595	154.845	6214	0	21
2025.12.05	11:00:00	154.844	154.954	154.821	154.904	3347	0	21
2025.12.05	12:00:00	154.905	155.162	154.878	155.124	4535	0	21
2025.12.05	13:00:00	155.124	155.212	155.104	155.132	4055	0	21
2025.12.05	14:00:00	155.134	155.251	155.072	155.16	5262	0	21
2025.12.05	15:00:00	155.164	155.248	155.094	155.185	5960	0	21
2025.12.05	16:00:00	155.184	155.271	155.103	155.208	7056	0	21
2025.12.05	17:00:00	155.207	155.345	155.105	155.242	8145	0	21
2025.12.05	18:00:00	155.243	155.482	155.196	155.288	6848	0	21
2025.12.05	19:00:00	155.289	155.335	155.248	155.275	3741	0	21
2025.12.05	20:00:00	155.275	155.309	155.229	155.271	2621	0	21
2025.12.05	21:00:00	155.27	155.312	155.252	155.281	2710	0	21
2025.12.05	22:00:00	155.28	155.314	155.258	155.291	2033	0	21
2025.12.05	23:00:00	155.294	155.356	155.279	155.341	1422	0	21
2025.12.08	00:00:00	155.146	155.213	155.139	155.202	287	0	49
2025.12.08	01:00:00	155.198	155.37	155.194	155.3	3137	0	21
2025.12.08	02:00:00	155.3	155.313	155.05	155.06	4395	0	21
2025.12.08	03:00:00	155.059	155.137	154.9	154.907	4646	0	21
2025.12.08	04:00:00	154.904	155.057	154.888	154.994	3175	0	21
2025.12.08	05:00:00	154.994	155.105	154.963	155.091	2324	0	21
2025.12.08	06:00:00	155.093	155.111	155.046	155.064	2318	0	21
2025.12.08	07:00:00	155.063	155.257	155.057	155.189	2769	0	21
2025.12.08	08:00:00	155.19	155.277	155.093	155.218	3545	0	21
2025.12.08	09:00:00	155.218	155.342	155.156	155.341	3961	0	21
2025.12.08	10:00:00	155.343	155.452	155.25	155.38	5056	0	21
2025.12.08	11:00:00	155.38	155.532	155.38	155.465	4989	0	21
2025.12.08	12:00:00	155.464	155.519	155.398	155.501	4058	0	21
2025.12.08	13:00:00	155.502	155.579	155.462	155.575	3813	0	21
2025.12.08	14:00:00	155.576	155.646	155.532	155.549	4165	0	21
2025.12.08	15:00:00	155.547	155.65	155.463	155.616	5853	0	21
2025.12.08	16:00:00	155.616	155.867	155.381	155.814	8858	0	21
2025.12.08	17:00:00	155.814	155.973	155.744	155.847	7640	0	21
2025.12.08	18:00:00	155.846	155.945	155.817	155.886	4933	0	21
2025.12.08	19:00:00	155.885	155.914	155.715	155.739	3966	0	21
2025.12.08	20:00:00	155.738	155.773	155.693	155.738	2444	0	21
2025.12.08	21:00:00	155.739	155.905	155.723	155.899	2703	0	21
2025.12.08	22:00:00	155.899	155.924	155.84	155.921	2208	0	21
2025.12.08	23:00:00	155.922	155.949	155.896	155.905	1782	0	21
2025.12.09	00:00:00	155.901	155.919	155.799	155.898	301	0	28
2025.12.09	01:00:00	155.899	155.965	155.827	155.834	1452	0	21
2025.12.09	02:00:00	155.837	156.01	155.758	155.999	3731	0	21
2025.12.09	03:00:00	155.999	156.025	155.756	155.785	3664	0	21
2025.12.09	04:00:00	155.786	155.894	155.732	155.858	2024	0	21
2025.12.09	05:00:00	155.857	155.878	155.791	155.812	1648	0	21
2025.12.09	06:00:00	155.812	155.974	155.799	155.924	1713	0	21
2025.12.09	07:00:00	155.923	156.099	155.849	155.998	3938	0	21
2025.12.09	08:00:00	155.997	156.115	155.95	155.995	4242	0	21
2025.12.09	09:00:00	155.995	156.186	155.973	156.181	4175	0	21
2025.12.09	10:00:00	156.181	156.42	156.172	156.323	5895	0	21
2025.12.09	11:00:00	156.323	156.329	155.965	156.074	6450	0	21
2025.12.09	12:00:00	156.075	156.192	156.034	156.063	5465	0	21
2025.12.09	13:00:00	156.063	156.187	156.057	156.177	4259	0	21
2025.12.09	14:00:00	156.177	156.346	156.176	156.344	4752	0	21
2025.12.09	15:00:00	156.345	156.503	156.274	156.332	6210	0	21
2025.12.09	16:00:00	156.331	156.522	156.302	156.394	7984	0	21
2025.12.09	17:00:00	156.391	156.905	156.385	156.856	9786	0	21
2025.12.09	18:00:00	156.855	156.909	156.798	156.847	5659	0	21
2025.12.09	19:00:00	156.846	156.914	156.819	156.906	3416	0	21
2025.12.09	20:00:00	156.908	156.915	156.867	156.885	2086	0	21
2025.12.09	21:00:00	156.885	156.943	156.797	156.824	2494	0	21
2025.12.09	22:00:00	156.824	156.912	156.809	156.888	1606	0	21
2025.12.09	23:00:00	156.891	156.93	156.84	156.84	1504	0	21
2025.12.10	00:00:00	156.842	156.9	156.657	156.823	714	0	39
2025.12.10	01:00:00	156.818	156.9	156.787	156.793	1277	0	21
2025.12.10	02:00:00	156.792	156.924	156.691	156.704	3851	0	21
2025.12.10	03:00:00	156.704	156.759	156.659	156.696	3811	0	21
2025.12.10	04:00:00	156.697	156.713	156.62	156.644	1897	0	21
2025.12.10	05:00:00	156.644	156.671	156.547	156.579	1956	0	21
2025.12.10	06:00:00	156.579	156.652	156.57	156.614	1084	0	21
2025.12.10	07:00:00	156.615	156.709	156.584	156.694	1995	0	21
2025.12.10	08:00:00	156.694	156.754	156.649	156.66	1955	0	21
2025.12.10	09:00:00	156.66	156.741	156.625	156.642	3101	0	21
2025.12.10	10:00:00	156.642	156.696	156.568	156.662	3887	0	21
2025.12.10	11:00:00	156.663	156.877	156.663	156.807	3546	0	21
2025.12.10	12:00:00	156.808	156.847	156.727	156.758	4029	0	21
2025.12.10	13:00:00	156.758	156.766	156.678	156.699	2823	0	21
2025.12.10	14:00:00	156.699	156.745	156.662	156.704	2157	0	21
2025.12.10	15:00:00	156.705	156.707	156.54	156.541	4467	0	21
2025.12.10	16:00:00	156.54	156.617	156.428	156.488	5620	0	21
2025.12.10	17:00:00	156.487	156.522	156.341	156.467	4870	0	21
2025.12.10	18:00:00	156.47	156.478	156.314	156.325	4352	0	21
2025.12.10	19:00:00	156.325	156.386	156.234	156.294	2932	0	21
2025.12.10	20:00:00	156.296	156.467	156.285	156.406	2720	0	21
2025.12.10	21:00:00	156.391	156.665	156.089	156.248	14208	0	21
2025.12.10	22:00:00	156.249	156.297	155.783	155.921	9288	0	21
2025.12.10	23:00:00	155.92	156.086	155.917	155.992	2397	0	21
2025.12.11	00:00:00	155.851	156.013	155.832	156.002	1450	0	38
2025.12.11	01:00:00	155.993	156.014	155.617	155.739	2374	0	21
2025.12.11	02:00:00	155.74	155.874	155.559	155.794	5335	0	21
2025.12.11	03:00:00	155.795	155.812	155.559	155.708	4653	0	21
2025.12.11	04:00:00	155.707	155.765	155.477	155.761	4349	0	21
2025.12.11	05:00:00	155.762	155.776	155.626	155.685	4235	0	21
2025.12.11	06:00:00	155.686	155.847	155.607	155.834	2676	0	21
2025.12.11	07:00:00	155.833	156.062	155.824	156.053	2730	0	21
2025.12.11	08:00:00	156.05	156.152	155.93	155.952	3384	0	21
2025.12.11	09:00:00	155.953	156.042	155.857	156.021	4504	0	21
2025.12.11	10:00:00	156.021	156.058	155.773	155.874	5665	0	21
2025.12.11	11:00:00	155.873	156.02	155.835	155.853	5444	0	21
2025.12.11	12:00:00	155.853	155.937	155.789	155.855	4761	0	21
2025.12.11	13:00:00	155.854	155.87	155.746	155.754	4584	0	21
2025.12.11	14:00:00	155.753	155.808	155.509	155.575	4730	0	21
2025.12.11	15:00:00	155.574	155.613	155.216	155.271	8446	0	21
2025.12.11	16:00:00	155.271	155.283	154.936	154.971	7395	0	21
2025.12.11	17:00:00	154.97	155.169	154.943	155.16	7954	0	21
2025.12.11	18:00:00	155.16	155.278	155.097	155.139	6508	0	21
2025.12.11	19:00:00	155.139	155.28	155.059	155.227	3929	0	21
2025.12.11	20:00:00	155.227	155.402	155.201	155.35	4029	0	21
2025.12.11	21:00:00	155.351	155.589	155.351	155.582	3274	0	21
2025.12.11	22:00:00	155.582	155.661	155.496	155.581	3988	0	21
2025.12.11	23:00:00	155.581	155.613	155.537	155.551	1666	0	21
2025.12.12	00:00:00	155.551	155.569	155.495	155.519	589	0	36
2025.12.12	01:00:00	155.515	155.606	155.435	155.492	1598	0	21
2025.12.12	02:00:00	155.493	155.715	155.446	155.685	5132	0	21
2025.12.12	03:00:00	155.686	155.76	155.535	155.657	4169	0	21
2025.12.12	04:00:00	155.657	155.735	155.642	155.665	2591	0	21
2025.12.12	05:00:00	155.664	155.714	155.621	155.7	1255	0	21
2025.12.12	06:00:00	155.699	155.753	155.679	155.733	1518	0	21
2025.12.12	07:00:00	155.735	155.759	155.663	155.73	1175	0	21
2025.12.12	08:00:00	155.731	155.815	155.643	155.644	2215	0	21
2025.12.12	09:00:00	155.643	155.715	155.529	155.636	3249	0	21
2025.12.12	10:00:00	155.637	155.833	155.608	155.827	5694	0	21
2025.12.12	11:00:00	155.829	155.9	155.745	155.876	4480	0	21
2025.12.12	12:00:00	155.877	155.954	155.838	155.905	2765	0	21
2025.12.12	13:00:00	155.905	155.984	155.897	155.902	2156	0	21
2025.12.12	14:00:00	155.902	156.116	155.761	156.025	4392	0	21
2025.12.12	15:00:00	156.025	156.043	155.89	156.036	4316	0	21
2025.12.12	16:00:00	156.036	156.09	155.837	155.894	6609	0	21
2025.12.12	17:00:00	155.896	156.051	155.799	155.874	8417	0	21
2025.12.12	18:00:00	155.875	155.875	155.663	155.804	6920	0	21
2025.12.12	19:00:00	155.803	155.892	155.74	155.774	3674	0	21
2025.12.12	20:00:00	155.773	155.804	155.706	155.772	3080	0	21
2025.12.12	21:00:00	155.771	155.928	155.771	155.888	2216	0	21
2025.12.12	22:00:00	155.889	155.898	155.763	155.867	2823	0	21
2025.12.12	23:00:00	155.868	155.88	155.78	155.799	1745	0	21
2025.12.15	00:00:00	155.743	155.903	155.734	155.795	264	0	23
2025.12.15	01:00:00	155.795	155.886	155.75	155.855	1353	0	21
2025.12.15	02:00:00	155.855	155.975	155.853	155.883	3430	0	21
2025.12.15	03:00:00	155.884	155.885	155.593	155.6	3237	0	21
2025.12.15	04:00:00	155.599	155.638	155.347	155.419	4409	0	21
2025.12.15	05:00:00	155.419	155.464	155.292	155.411	2774	0	21
2025.12.15	06:00:00	155.41	155.411	155.173	155.244	2615	0	21
2025.12.15	07:00:00	155.244	155.244	155.022	155.023	2692	0	21
2025.12.15	08:00:00	155.024	155.147	154.939	155.079	3735	0	21
2025.12.15	09:00:00	155.082	155.283	155.061	155.251	4302	0	21
2025.12.15	10:00:00	155.254	155.275	155.092	155.174	4676	0	21
2025.12.15	11:00:00	155.175	155.19	154.929	154.955	4658	0	21
2025.12.15	12:00:00	154.956	155.141	154.949	155.071	3108	0	21
2025.12.15	13:00:00	155.07	155.09	154.842	154.912	2694	0	21
2025.12.15	14:00:00	154.912	155.083	154.88	155.066	3544	0	21
2025.12.15	15:00:00	155.067	155.147	154.955	155.147	4141	0	21
2025.12.15	16:00:00	155.156	155.214	154.842	154.902	7007	0	21
2025.12.15	17:00:00	154.902	155.148	154.826	155.146	8372	0	21
2025.12.15	18:00:00	155.146	155.319	155.139	155.279	4697	0	21
2025.12.15	19:00:00	155.278	155.356	155.247	155.296	2398	0	21
2025.12.15	20:00:00	155.296	155.376	155.269	155.345	2162	0	21
2025.12.15	21:00:00	155.344	155.388	155.208	155.234	1968	0	21
2025.12.15	22:00:00	155.234	155.257	155.208	155.24	2046	0	21
2025.12.15	23:00:00	155.241	155.249	155.165	155.182	1370	0	21
2025.12.16	00:00:00	155.186	155.286	155.098	155.209	1415	0	38
2025.12.16	01:00:00	155.207	155.215	154.969	155.021	1422	0	21
2025.12.16	02:00:00	155.022	155.092	154.723	154.997	7146	0	21
2025.12.16	03:00:00	154.998	155.109	154.839	154.851	6451	0	21
2025.12.16	04:00:00	154.851	154.911	154.752	154.77	4515	0	21
2025.12.16	05:00:00	154.77	154.897	154.692	154.879	3675	0	21
2025.12.16	06:00:00	154.879	154.907	154.758	154.807	1987	0	21
2025.12.16	07:00:00	154.808	154.845	154.673	154.83	3108	0	21
2025.12.16	08:00:00	154.831	154.936	154.808	154.843	2777	0	21
2025.12.16	09:00:00	154.844	154.967	154.825	154.874	3728	0	21
2025.12.16	10:00:00	154.873	154.932	154.785	154.852	5544	0	21
2025.12.16	11:00:00	154.851	154.884	154.76	154.825	4639	0	21
2025.12.16	12:00:00	154.824	154.894	154.766	154.86	3547	0	21
2025.12.16	13:00:00	154.86	154.89	154.779	154.806	2141	0	21
2025.12.16	14:00:00	154.802	154.844	154.592	154.598	3217	0	21
2025.12.16	15:00:00	154.594	154.86	154.381	154.703	12596	0	21
2025.12.16	16:00:00	154.702	154.987	154.585	154.588	10709	0	21
2025.12.16	17:00:00	154.588	154.771	154.451	154.765	11300	0	21
2025.12.16	18:00:00	154.765	154.895	154.739	154.797	7719	0	21
2025.12.16	19:00:00	154.796	154.828	154.557	154.67	4332	0	21
2025.12.16	20:00:00	154.669	154.795	154.662	154.736	3567	0	21
2025.12.16	21:00:00	154.736	154.908	154.594	154.655	4885	0	21
2025.12.16	22:00:00	154.655	154.787	154.558	154.787	3544	0	21
2025.12.16	23:00:00	154.789	154.825	154.684	154.687	2264	0	21
2025.12.17	00:00:00	154.687	154.763	154.668	154.71	1074	0	38
2025.12.17	01:00:00	154.71	154.8	154.682	154.761	1581	0	21
2025.12.17	02:00:00	154.76	154.862	154.555	154.572	5368	0	21
2025.12.17	03:00:00	154.572	154.693	154.497	154.662	5191	0	21
2025.12.17	04:00:00	154.662	155.014	154.662	154.998	4962	0	21
2025.12.17	05:00:00	154.998	155.015	154.853	154.877	2929	0	21
2025.12.17	06:00:00	154.878	155.138	154.864	155.124	3123	0	21
2025.12.17	07:00:00	155.125	155.159	155.058	155.14	3180	0	21
2025.12.17	08:00:00	155.14	155.434	155.115	155.358	3879	0	21
2025.12.17	09:00:00	155.358	155.557	155.345	155.491	5993	0	21
2025.12.17	10:00:00	155.493	155.586	155.417	155.505	5178	0	21
2025.12.17	11:00:00	155.504	155.546	155.447	155.52	4330	0	21
2025.12.17	12:00:00	155.521	155.536	155.43	155.452	3038	0	21
2025.12.17	13:00:00	155.451	155.585	155.443	155.534	3533	0	21
2025.12.17	14:00:00	155.534	155.565	155.442	155.476	3377	0	21
2025.12.17	15:00:00	155.476	155.626	155.374	155.426	6838	0	21
2025.12.17	16:00:00	155.427	155.62	155.341	155.476	6836	0	21
2025.12.17	17:00:00	155.476	155.533	155.342	155.392	7328	0	21
2025.12.17	18:00:00	155.392	155.588	155.373	155.585	6674	0	21
2025.12.17	19:00:00	155.587	155.6	155.516	155.521	3944	0	21
2025.12.17	20:00:00	155.524	155.664	155.484	155.632	3129	0	21
2025.12.17	21:00:00	155.633	155.679	155.579	155.632	2241	0	21
2025.12.17	22:00:00	155.632	155.738	155.609	155.689	1921	0	21
2025.12.17	23:00:00	155.69	155.734	155.652	155.652	1817	0	21
2025.12.18	00:00:00	155.645	155.645	155.514	155.583	928	0	40
2025.12.18	01:00:00	155.583	155.632	155.461	155.477	1581	0	21
2025.12.18	02:00:00	155.477	155.572	155.412	155.469	4975	0	21
2025.12.18	03:00:00	155.47	155.761	155.448	155.759	4496	0	21
2025.12.18	04:00:00	155.759	155.797	155.649	155.771	3545	0	21
2025.12.18	05:00:00	155.772	155.784	155.696	155.751	1870	0	21
2025.12.18	06:00:00	155.753	155.771	155.69	155.724	1858	0	21
2025.12.18	07:00:00	155.723	155.875	155.698	155.799	2847	0	21
2025.12.18	08:00:00	155.798	155.896	155.756	155.894	2762	0	21
2025.12.18	09:00:00	155.896	155.944	155.802	155.913	3765	0	21
2025.12.18	10:00:00	155.915	155.934	155.789	155.842	3883	0	21
2025.12.18	11:00:00	155.843	155.94	155.793	155.923	4341	0	21
2025.12.18	12:00:00	155.919	155.963	155.838	155.849	2848	0	21
2025.12.18	13:00:00	155.848	155.861	155.71	155.779	2264	0	21
2025.12.18	14:00:00	155.784	155.853	155.728	155.809	4614	0	21
2025.12.18	15:00:00	155.808	155.825	155.295	155.584	11328	0	21
2025.12.18	16:00:00	155.581	155.595	155.271	155.481	10159	0	21
2025.12.18	17:00:00	155.481	155.682	155.432	155.512	7543	0	21
2025.12.18	18:00:00	155.513	155.565	155.351	155.517	5311	0	21
2025.12.18	19:00:00	155.519	155.677	155.515	155.631	4752	0	21
2025.12.18	20:00:00	155.63	155.702	155.566	155.621	3028	0	21
2025.12.18	21:00:00	155.621	155.653	155.483	155.504	3300	0	21
2025.12.18	22:00:00	155.504	155.62	155.49	155.6	2278	0	21
2025.12.18	23:00:00	155.601	155.622	155.524	155.527	1288	0	21
2025.12.19	00:00:00	155.521	155.568	155.418	155.528	814	0	34
2025.12.19	01:00:00	155.529	155.632	155.504	155.564	1405	0	21
2025.12.19	02:00:00	155.566	155.758	155.549	155.74	4093	0	21
2025.12.19	03:00:00	155.739	155.781	155.68	155.73	2601	0	21
2025.12.19	04:00:00	155.729	155.844	155.672	155.821	2278	0	21
2025.12.19	05:00:00	155.819	156.155	155.569	155.863	6625	0	21
2025.12.19	06:00:00	155.863	156.076	155.721	156.055	5040	0	21
2025.12.19	07:00:00	156.056	156.058	155.872	155.983	3742	0	21
2025.12.19	08:00:00	155.983	156.431	155.839	156.0	7064	0	21
2025.12.19	09:00:00	155.999	156.73	155.959	156.722	8974	0	21
2025.12.19	10:00:00	156.721	156.927	156.71	156.919	6565	0	21
2025.12.19	11:00:00	156.925	157.201	156.849	157.188	6044	0	21
2025.12.19	12:00:00	157.191	157.388	157.12	157.314	5674	0	21
2025.12.19	13:00:00	157.308	157.369	157.223	157.306	3860	0	21
2025.12.19	14:00:00	157.307	157.341	157.173	157.231	3525	0	21
2025.12.19	15:00:00	157.229	157.37	157.196	157.312	6182	0	21
2025.12.19	16:00:00	157.311	157.413	156.92	157.404	10251	0	21
2025.12.19	17:00:00	157.407	157.48	157.343	157.461	7600	0	21
2025.12.19	18:00:00	157.461	157.477	157.393	157.417	4638	0	21
2025.12.19	19:00:00	157.418	157.657	157.403	157.426	4075	0	21
2025.12.19	20:00:00	157.427	157.52	157.389	157.51	2900	0	21
2025.12.19	21:00:00	157.509	157.577	157.49	157.519	3480	0	21
2025.12.19	22:00:00	157.519	157.688	157.466	157.68	3393	0	21
2025.12.19	23:00:00	157.68	157.767	157.629	157.714	2784	0	21
2025.12.22	00:00:00	157.664	157.668	157.348	157.449	2163	0	37
2025.12.22	01:00:00	157.433	157.691	157.423	157.614	3219	0	21
2025.12.22	02:00:00	157.61	157.65	157.496	157.544	7588	0	21
2025.12.22	03:00:00	157.542	157.562	157.242	157.282	4519	0	21
2025.12.22	04:00:00	157.281	157.411	157.218	157.409	2749	0	21
2025.12.22	05:00:00	157.409	157.458	157.263	157.322	3346	0	21
2025.12.22	06:00:00	157.323	157.352	157.25	157.3	2752	0	21
2025.12.22	07:00:00	157.301	157.38	157.253	157.352	2893	0	21
2025.12.22	08:00:00	157.351	157.423	157.261	157.332	3089	0	21
2025.12.22	09:00:00	157.333	157.553	157.299	157.478	3629	0	21
2025.12.22	10:00:00	157.479	157.539	157.361	157.536	4458	0	21
2025.12.22	11:00:00	157.535	157.559	157.41	157.446	3295	0	21
2025.12.22	12:00:00	157.446	157.452	157.34	157.386	3120	0	21
2025.12.22	13:00:00	157.386	157.415	157.326	157.401	2290	0	21
2025.12.22	14:00:00	157.402	157.419	157.346	157.386	3222	0	21
2025.12.22	15:00:00	157.386	157.386	156.854	157.176	7517	0	21
2025.12.22	16:00:00	157.173	157.21	156.896	157.009	7550	0	21
2025.12.22	17:00:00	157.009	157.108	156.902	156.964	6337	0	21
2025.12.22	18:00:00	156.964	157.033	156.846	156.925	4395	0	21
2025.12.22	19:00:00	156.926	156.929	156.695	156.835	3310	0	21
2025.12.22	20:00:00	156.835	157.011	156.835	156.935	2874	0	21
2025.12.22	21:00:00	156.935	157.021	156.875	156.888	2811	0	21
2025.12.22	22:00:00	156.889	156.995	156.889	156.978	2535	0	21
2025.12.22	23:00:00	156.98	157.044	156.967	157.031	1586	0	21
2025.12.23	00:00:00	157.031	157.046	156.726	157.013	1261	0	24
2025.12.23	01:00:00	157.011	157.011	156.808	156.906	2121	0	21
2025.12.23	02:00:00	156.909	156.915	156.592	156.604	5075	0	21
2025.12.23	03:00:00	156.602	156.643	156.41	156.449	4201	0	21
2025.12.23	04:00:00	156.449	156.469	156.264	156.341	4019	0	21
2025.12.23	05:00:00	156.342	156.342	156.176	156.177	3605	0	21
2025.12.23	06:00:00	156.177	156.177	155.949	155.982	4601	0	21
2025.12.23	07:00:00	155.981	156.065	155.9	156.0	4159	0	21
2025.12.23	08:00:00	155.998	156.177	155.985	156.102	4181	0	21
2025.12.23	09:00:00	156.106	156.159	155.938	156.064	5449	0	21
2025.12.23	10:00:00	156.063	156.103	155.94	155.948	5460	0	21
2025.12.23	11:00:00	155.948	156.011	155.641	155.956	7213	0	21
2025.12.23	12:00:00	155.955	156.035	155.855	155.911	5144	0	21
2025.12.23	13:00:00	155.912	156.026	155.861	155.961	3302	0	21
2025.12.23	14:00:00	155.962	156.021	155.86	156.01	3555	0	21
2025.12.23	15:00:00	156.015	156.353	155.939	156.326	7996	0	21
2025.12.23	16:00:00	156.325	156.532	156.325	156.39	8068	0	21
2025.12.23	17:00:00	156.383	156.437	156.195	156.377	8519	0	21
2025.12.23	18:00:00	156.378	156.425	156.29	156.324	4433	0	21
2025.12.23	19:00:00	156.323	156.339	156.239	156.285	2678	0	21
2025.12.23	20:00:00	156.283	156.331	156.214	156.217	2713	0	21
2025.12.23	21:00:00	156.216	156.24	156.168	156.184	2250	0	21
2025.12.23	22:00:00	156.186	156.298	156.167	156.289	2146	0	21
2025.12.23	23:00:00	156.29	156.305	156.176	156.194	2061	0	21
2025.12.24	00:00:00	156.147	156.206	156.131	156.163	1158	0	25
2025.12.24	01:00:00	156.176	156.269	156.079	156.158	3034	0	21
2025.12.24	02:00:00	156.158	156.267	155.963	155.979	6761	0	21
2025.12.24	03:00:00	155.978	156.14	155.587	155.643	6465	0	21
2025.12.24	04:00:00	155.641	155.732	155.544	155.73	4703	0	21
2025.12.24	05:00:00	155.729	155.98	155.728	155.971	3664	0	21
2025.12.24	06:00:00	155.971	156.053	155.789	155.825	3427	0	21
2025.12.24	07:00:00	155.826	155.836	155.734	155.786	2628	0	21
2025.12.24	08:00:00	155.786	155.786	155.651	155.721	3603	0	21
2025.12.24	09:00:00	155.722	155.862	155.692	155.818	5190	0	21
2025.12.24	10:00:00	155.819	155.96	155.737	155.744	6610	0	21
2025.12.24	11:00:00	155.744	155.87	155.676	155.822	4385	0	21
2025.12.24	12:00:00	155.825	155.96	155.809	155.924	4071	0	21
2025.12.24	13:00:00	155.924	155.964	155.856	155.915	3955	0	21
2025.12.24	14:00:00	155.914	156.033	155.864	156.032	4372	0	21
2025.12.24	15:00:00	156.031	156.059	155.959	156.0	5960	0	21
2025.12.24	16:00:00	155.999	156.024	155.667	155.738	5955	0	21
2025.12.24	17:00:00	155.738	155.89	155.712	155.805	5649	0	21
2025.12.24	18:00:00	155.804	155.909	155.742	155.823	4834	0	21
2025.12.24	19:00:00	155.824	156.012	155.813	155.958	4051	0	21
2025.12.26	08:00:00	156.19	156.303	156.074	156.267	2716	0	21
2025.12.26	09:00:00	156.271	156.431	156.201	156.362	3701	0	21
2025.12.26	10:00:00	156.361	156.43	156.287	156.311	2844	0	21
2025.12.26	11:00:00	156.32	156.457	156.301	156.448	2681	0	21
2025.12.26	12:00:00	156.452	156.456	156.35	156.389	2238	0	21
2025.12.26	13:00:00	156.387	156.409	156.313	156.39	2786	0	21
2025.12.26	14:00:00	156.389	156.475	156.382	156.408	3142	0	21
2025.12.26	15:00:00	156.407	156.432	156.215	156.313	4928	0	21
2025.12.26	16:00:00	156.31	156.472	156.265	156.44	4473	0	21
2025.12.26	17:00:00	156.439	156.522	156.299	156.414	4748	0	21
2025.12.26	18:00:00	156.412	156.639	156.357	156.62	5539	0	21
2025.12.26	19:00:00	156.62	156.72	156.542	156.557	5202	0	21
2025.12.26	20:00:00	156.558	156.574	156.423	156.53	4303	0	21
2025.12.26	21:00:00	156.53	156.583	156.493	156.493	3319	0	21
2025.12.26	22:00:00	156.49	156.519	156.433	156.482	2525	0	21
2025.12.26	23:00:00	156.482	156.59	156.482	156.551	2666	0	23
2025.12.29	00:00:00	156.442	156.528	156.385	156.441	1538	0	56
2025.12.29	01:00:00	156.441	156.53	156.394	156.472	1578	0	21
2025.12.29	02:00:00	156.471	156.472	156.045	156.267	8425	0	21
2025.12.29	03:00:00	156.267	156.363	156.177	156.3	4825	0	21
2025.12.29	04:00:00	156.301	156.501	156.289	156.419	3814	0	21
2025.12.29	05:00:00	156.419	156.433	156.308	156.367	3278	0	21
2025.12.29	06:00:00	156.367	156.461	156.236	156.359	2527	0	21
2025.12.29	07:00:00	156.36	156.386	156.23	156.294	2636	0	21
2025.12.29	08:00:00	156.3	156.311	156.16	156.172	2982	0	21
2025.12.29	09:00:00	156.173	156.231	156.04	156.07	5326	0	21
2025.12.29	10:00:00	156.07	156.298	156.065	156.265	4476	0	21
2025.12.29	11:00:00	156.266	156.389	156.095	156.316	4897	0	21
2025.12.29	12:00:00	156.317	156.335	156.193	156.315	3780	0	21
2025.12.29	13:00:00	156.315	156.402	156.275	156.388	3603	0	21
2025.12.29	14:00:00	156.388	156.411	156.298	156.321	4161	0	21
2025.12.29	15:00:00	156.321	156.355	156.183	156.219	5954	0	21
2025.12.29	16:00:00	156.219	156.228	156.0	156.133	5995	0	21
2025.12.29	17:00:00	156.133	156.279	155.905	155.926	7436	0	21
2025.12.29	18:00:00	155.925	156.106	155.919	156.094	4326	0	21
2025.12.29	19:00:00	156.095	156.204	156.055	156.174	3031	0	21
2025.12.29	20:00:00	156.173	156.211	156.111	156.209	2101	0	21
2025.12.29	21:00:00	156.209	156.237	155.997	156.024	1840	0	21
2025.12.29	22:00:00	156.024	156.072	155.975	156.058	2261	0	21
2025.12.29	23:00:00	156.055	156.074	155.99	156.022	1288	0	21
2025.12.30	00:00:00	156.023	156.067	155.939	156.017	652	0	48
2025.12.30	01:00:00	156.018	156.126	155.948	155.979	1970	0	21
2025.12.30	02:00:00	155.982	156.315	155.915	156.248	5593	0	21
2025.12.30	03:00:00	156.247	156.314	156.2	156.209	3778	0	21
2025.12.30	04:00:00	156.209	156.327	156.143	156.294	3439	0	21
2025.12.30	05:00:00	156.294	156.322	156.203	156.256	1663	0	21
2025.12.30	06:00:00	156.259	156.275	156.039	156.071	2230	0	21
2025.12.30	07:00:00	156.071	156.092	156.001	156.03	3169	0	21
2025.12.30	08:00:00	156.032	156.086	155.927	156.027	3453	0	21
2025.12.30	09:00:00	156.024	156.096	155.907	155.97	3587	0	21
2025.12.30	10:00:00	155.965	156.014	155.844	155.97	4243	0	21
2025.12.30	11:00:00	155.971	155.998	155.857	155.912	3939	0	21
2025.12.30	12:00:00	155.916	155.919	155.732	155.84	3463	0	21
2025.12.30	13:00:00	155.841	155.936	155.813	155.88	3122	0	21
2025.12.30	14:00:00	155.879	156.001	155.873	155.939	3446	0	21
2025.12.30	15:00:00	155.942	156.2	155.934	156.184	4765	0	21
2025.12.30	16:00:00	156.184	156.308	156.111	156.26	4002	0	21
2025.12.30	17:00:00	156.26	156.554	156.26	156.317	6296	0	21
2025.12.30	18:00:00	156.314	156.361	156.213	156.249	3429	0	21
2025.12.30	19:00:00	156.25	156.395	156.234	156.323	2250	0	21
2025.12.30	20:00:00	156.323	156.419	156.297	156.385	2324	0	21
2025.12.30	21:00:00	156.384	156.513	156.364	156.487	2666	0	21
2025.12.30	22:00:00	156.485	156.489	156.417	156.454	2270	0	21
2025.12.30	23:00:00	156.453	156.456	156.372	156.372	1460	0	21
2025.12.31	00:00:00	156.372	156.372	156.258	156.344	512	0	48
2025.12.31	01:00:00	156.346	156.452	156.317	156.387	869	0	22
2025.12.31	02:00:00	156.386	156.454	156.318	156.38	2459	0	21
2025.12.31	03:00:00	156.38	156.441	156.342	156.42	2624	0	21
2025.12.31	04:00:00	156.421	156.481	156.412	156.472	2448	0	21
2025.12.31	05:00:00	156.47	156.484	156.436	156.482	1726	0	21
2025.12.31	06:00:00	156.481	156.626	156.481	156.599	2230	0	21
2025.12.31	07:00:00	156.599	156.619	156.537	156.58	1427	0	21
2025.12.31	08:00:00	156.58	156.641	156.57	156.601	2080	0	21
2025.12.31	09:00:00	156.601	156.634	156.555	156.556	2954	0	21
2025.12.31	10:00:00	156.555	156.597	156.495	156.583	3059	0	21
2025.12.31	11:00:00	156.584	156.639	156.545	156.619	3114	0	21
2025.12.31	12:00:00	156.618	156.662	156.584	156.644	2668	0	21
2025.12.31	13:00:00	156.645	156.664	156.595	156.599	2362	0	21
2025.12.31	14:00:00	156.598	156.632	156.541	156.589	3898	0	21
2025.12.31	15:00:00	156.59	156.822	156.576	156.801	5636	0	21
2025.12.31	16:00:00	156.802	156.935	156.789	156.914	6028	0	21
2025.12.31	17:00:00	156.915	156.983	156.704	156.732	7332	0	21
2025.12.31	18:00:00	156.731	156.834	156.633	156.801	5230	0	21
2025.12.31	19:00:00	156.798	156.845	156.752	156.814	4168	0	21
2026.01.02	08:00:00	156.901	156.983	156.899	156.945	2139	0	21
2026.01.02	09:00:00	156.946	156.982	156.819	156.848	4044	0	21
2026.01.02	10:00:00	156.849	156.986	156.808	156.867	4228	0	21
2026.01.02	11:00:00	156.866	156.905	156.756	156.902	3928	0	21
2026.01.02	12:00:00	156.901	156.914	156.79	156.83	2837	0	21
2026.01.02	13:00:00	156.83	156.936	156.812	156.909	2064	0	21
2026.01.02	14:00:00	156.909	156.989	156.86	156.928	2232	0	21
2026.01.02	15:00:00	156.929	156.948	156.819	156.895	4016	0	21
2026.01.02	16:00:00	156.895	156.908	156.796	156.84	4541	0	21
2026.01.02	17:00:00	156.841	156.881	156.55	156.579	6913	0	21
2026.01.02	18:00:00	156.579	156.758	156.551	156.713	4864	0	21
2026.01.02	19:00:00	156.712	156.771	156.696	156.759	2731	0	21
2026.01.02	20:00:00	156.758	156.937	156.752	156.881	2809	0	21
2026.01.02	21:00:00	156.879	156.945	156.834	156.845	2621	0	21
2026.01.02	22:00:00	156.845	156.899	156.834	156.865	3281	0	21
2026.01.02	23:00:00	156.865	156.878	156.799	156.854	1682	0	21
2026.01.05	00:00:00	156.688	156.77	156.681	156.718	1143	0	43
2026.01.05	01:00:00	156.719	157.001	156.705	156.987	2795	0	21
2026.01.05	02:00:00	156.988	157.24	156.908	157.138	6543	0	21
2026.01.05	03:00:00	157.139	157.171	156.928	157.004	6273	0	21
2026.01.05	04:00:00	157.003	157.194	156.94	157.135	3985	0	21
2026.01.05	05:00:00	157.137	157.225	157.117	157.219	2849	0	21
2026.01.05	06:00:00	157.22	157.285	157.21	157.269	2159	0	21
2026.01.05	07:00:00	157.269	157.281	157.103	157.171	2547	0	21
2026.01.05	08:00:00	157.174	157.222	157.004	157.019	3255	0	21
2026.01.05	09:00:00	157.019	157.07	156.963	156.979	3562	0	21
2026.01.05	10:00:00	156.979	157.029	156.676	156.821	6178	0	21
2026.01.05	11:00:00	156.818	156.988	156.771	156.915	5040	0	21
2026.01.05	12:00:00	156.914	156.927	156.561	156.591	4929	0	21
2026.01.05	13:00:00	156.591	156.649	156.52	156.61	4527	0	21
2026.01.05	14:00:00	156.612	156.674	156.455	156.636	4470	0	21
2026.01.05	15:00:00	156.635	156.965	156.631	156.815	7175	0	21
2026.01.05	16:00:00	156.814	156.843	156.69	156.736	7267	0	21
2026.01.05	17:00:00	156.713	156.737	156.444	156.567	8055	0	21
2026.01.05	18:00:00	156.567	156.576	156.294	156.312	6060	0	21
2026.01.05	19:00:00	156.313	156.371	156.255	156.318	3400	0	21
2026.01.05	20:00:00	156.318	156.346	156.169	156.175	2245	0	21
2026.01.05	21:00:00	156.174	156.233	156.104	156.221	3306	0	21
2026.01.05	22:00:00	156.221	156.328	156.171	156.326	2626	0	21
2026.01.05	23:00:00	156.325	156.407	156.31	156.333	1503	0	21
2026.01.06	00:00:00	156.333	156.497	156.212	156.491	405	0	33
2026.01.06	01:00:00	156.492	156.632	156.469	156.603	1746	0	21
2026.01.06	02:00:00	156.604	156.785	156.517	156.525	5528	0	21
2026.01.06	03:00:00	156.524	156.696	156.439	156.441	4635	0	21
2026.01.06	04:00:00	156.441	156.488	156.259	156.298	2940	0	21
2026.01.06	05:00:00	156.299	156.426	156.284	156.35	2460	0	21
2026.01.06	06:00:00	156.351	156.428	156.23	156.369	2452	0	21
2026.01.06	07:00:00	156.37	156.435	156.276	156.417	3002	0	21
2026.01.06	08:00:00	156.417	156.466	156.319	156.357	3724	0	21
2026.01.06	09:00:00	156.358	156.36	156.22	156.323	4068	0	21
2026.01.06	10:00:00	156.323	156.378	156.152	156.31	5888	0	21
2026.01.06	11:00:00	156.309	156.471	156.22	156.366	5356	0	21
2026.01.06	12:00:00	156.365	156.452	156.269	156.435	4429	0	21
2026.01.06	13:00:00	156.435	156.528	156.395	156.439	3550	0	21
2026.01.06	14:00:00	156.439	156.505	156.285	156.485	4274	0	21
2026.01.06	15:00:00	156.484	156.569	156.34	156.358	7156	0	21
2026.01.06	16:00:00	156.358	156.467	156.29	156.395	6389	0	21
2026.01.06	17:00:00	156.397	156.679	156.393	156.566	7995	0	21
2026.01.06	18:00:00	156.566	156.725	156.559	156.694	4147	0	21
2026.01.06	19:00:00	156.694	156.729	156.66	156.679	3375	0	21
2026.01.06	20:00:00	156.679	156.737	156.652	156.726	1933	0	21
2026.01.06	21:00:00	156.726	156.734	156.598	156.62	1996	0	21
2026.01.06	22:00:00	156.62	156.642	156.559	156.639	2183	0	21
2026.01.06	23:00:00	156.639	156.671	156.606	156.606	1445	0	21
2026.01.07	00:00:00	156.582	156.636	156.569	156.593	504	0	36
2026.01.07	01:00:00	156.597	156.693	156.597	156.653	1389	0	21
2026.01.07	02:00:00	156.652	156.797	156.529	156.624	5493	0	21
2026.01.07	03:00:00	156.623	156.734	156.548	156.707	3897	0	21
2026.01.07	04:00:00	156.706	156.717	156.631	156.635	2327	0	21
2026.01.07	05:00:00	156.634	156.642	156.496	156.55	2264	0	21
2026.01.07	06:00:00	156.549	156.573	156.501	156.527	2416	0	21
2026.01.07	07:00:00	156.526	156.528	156.354	156.374	2723	0	21
2026.01.07	08:00:00	156.373	156.383	156.294	156.333	3180	0	21
2026.01.07	09:00:00	156.333	156.501	156.284	156.474	4254	0	21
2026.01.07	10:00:00	156.474	156.573	156.446	156.515	4089	0	21
2026.01.07	11:00:00	156.516	156.565	156.42	156.452	3269	0	21
2026.01.07	12:00:00	156.452	156.524	156.43	156.516	2949	0	21
2026.01.07	13:00:00	156.517	156.571	156.497	156.503	2556	0	21
2026.01.07	14:00:00	156.503	156.555	156.463	156.501	3151	0	21
2026.01.07	15:00:00	156.5	156.569	156.351	156.405	5562	0	21
2026.01.07	16:00:00	156.412	156.544	156.382	156.394	6277	0	21
2026.01.07	17:00:00	156.395	156.713	156.393	156.67	10071	0	21
2026.01.07	18:00:00	156.67	156.789	156.631	156.724	4553	0	21
2026.01.07	19:00:00	156.723	156.723	156.564	156.608	2633	0	21
2026.01.07	20:00:00	156.607	156.693	156.585	156.686	2738	0	21
2026.01.07	21:00:00	156.686	156.75	156.672	156.73	2192	0	21
2026.01.07	22:00:00	156.731	156.779	156.712	156.763	2266	0	21
2026.01.07	23:00:00	156.764	156.789	156.73	156.732	1059	0	21
2026.01.08	00:00:00	156.731	156.731	156.602	156.654	131	0	40
2026.01.08	01:00:00	156.659	156.743	156.646	156.687	1348	0	21
2026.01.08	02:00:00	156.688	156.79	156.664	156.774	3758	0	21
2026.01.08	03:00:00	156.776	156.931	156.705	156.9	3474	0	21
2026.01.08	04:00:00	156.899	156.942	156.812	156.826	2124	0	21
2026.01.08	05:00:00	156.828	156.828	156.619	156.706	2766	0	21
2026.01.08	06:00:00	156.706	156.72	156.654	156.68	1653	0	21
2026.01.08	07:00:00	156.681	156.722	156.631	156.66	2575	0	21
2026.01.08	08:00:00	156.658	156.678	156.489	156.569	3940	0	21
2026.01.08	09:00:00	156.569	156.684	156.457	156.457	4107	0	21
2026.01.08	10:00:00	156.456	156.705	156.448	156.694	4947	0	21
2026.01.08	11:00:00	156.695	156.771	156.619	156.732	3535	0	21
2026.01.08	12:00:00	156.735	156.769	156.666	156.671	2951	0	21
2026.01.08	13:00:00	156.67	156.77	156.654	156.749	2516	0	21
2026.01.08	14:00:00	156.75	156.77	156.678	156.71	2211	0	21
2026.01.08	15:00:00	156.71	156.951	156.652	156.951	4045	0	21
2026.01.08	16:00:00	156.952	157.06	156.927	156.963	6504	0	21
2026.01.08	17:00:00	156.961	157.045	156.84	156.853	5988	0	21
2026.01.08	18:00:00	156.854	156.974	156.836	156.889	3719	0	21
2026.01.08	19:00:00	156.89	156.894	156.763	156.797	2953	0	21
2026.01.08	20:00:00	156.796	156.882	156.784	156.881	2152	0	21
2026.01.08	21:00:00	156.882	156.973	156.88	156.955	1671	0	21
2026.01.08	22:00:00	156.953	156.981	156.906	156.942	2128	0	21
2026.01.08	23:00:00	156.944	156.979	156.806	156.839	2018	0	21
2026.01.09	00:00:00	156.839	156.843	156.644	156.812	269	0	42
2026.01.09	01:00:00	156.811	156.92	156.811	156.857	1474	0	21
2026.01.09	02:00:00	156.859	157.048	156.856	156.996	3919	0	21
2026.01.09	03:00:00	156.997	157.156	156.981	157.149	3941	0	21
2026.01.09	04:00:00	157.148	157.249	157.111	157.17	3175	0	21
2026.01.09	05:00:00	157.169	157.23	157.145	157.224	1791	0	21
2026.01.09	06:00:00	157.227	157.285	157.181	157.2	2381	0	21
2026.01.09	07:00:00	157.201	157.38	157.201	157.363	2988	0	21
2026.01.09	08:00:00	157.363	157.425	157.331	157.39	3110	0	21
2026.01.09	09:00:00	157.391	157.56	157.376	157.468	4071	0	21
2026.01.09	10:00:00	157.467	157.657	157.446	157.634	4777	0	21
2026.01.09	11:00:00	157.633	157.724	157.562	157.697	3660	0	21
2026.01.09	12:00:00	157.699	157.712	157.627	157.64	2675	0	21
2026.01.09	13:00:00	157.639	157.671	157.555	157.565	2768	0	21
2026.01.09	14:00:00	157.565	157.698	157.549	157.638	3185	0	21
2026.01.09	15:00:00	157.636	157.808	157.358	157.478	10809	0	21
2026.01.09	16:00:00	157.478	158.041	157.359	157.909	13713	0	21
2026.01.09	17:00:00	157.917	158.174	157.806	157.858	11092	0	21
2026.01.09	18:00:00	157.859	158.119	157.819	158.066	5295	0	21
2026.01.09	19:00:00	158.065	158.094	157.978	158.041	4387	0	21
2026.01.09	20:00:00	158.042	158.056	157.851	157.904	3345	0	21
2026.01.09	21:00:00	157.904	157.912	157.821	157.875	2823	0	21
2026.01.09	22:00:00	157.874	157.899	157.846	157.873	1740	0	21
2026.01.09	23:00:00	157.873	157.942	157.845	157.922	1339	0	21
2026.01.12	00:00:00	158.072	158.092	157.985	158.039	219	0	42
2026.01.12	01:00:00	158.039	158.172	157.973	158.126	1531	0	21
2026.01.12	02:00:00	158.125	158.194	157.544	157.565	6706	0	21
2026.01.12	03:00:00	157.564	157.743	157.505	157.737	6490	0	21
2026.01.12	04:00:00	157.736	158.064	157.656	158.039	3337	0	21
2026.01.12	05:00:00	158.037	158.109	157.931	158.108	2165	0	21
2026.01.12	06:00:00	158.109	158.171	158.106	158.11	1435	0	21
2026.01.12	07:00:00	158.109	158.139	157.985	157.992	2267	0	21
2026.01.12	08:00:00	157.993	158.058	157.95	158.002	2464	0	21
2026.01.12	09:00:00	158.003	158.021	157.79	157.836	4503	0	21
2026.01.12	10:00:00	157.834	157.85	157.663	157.766	5048	0	21
2026.01.12	11:00:00	157.765	157.89	157.71	157.883	3416	0	21
2026.01.12	12:00:00	157.883	157.951	157.821	157.839	2679	0	21
2026.01.12	13:00:00	157.84	157.916	157.774	157.884	2564	0	21
2026.01.12	14:00:00	157.888	157.946	157.8	157.845	3298	0	21
2026.01.12	15:00:00	157.844	157.886	157.696	157.831	4985	0	21
2026.01.12	16:00:00	157.832	158.036	157.822	157.929	6960	0	21
2026.01.12	17:00:00	157.929	157.965	157.842	157.962	4890	0	21
2026.01.12	18:00:00	157.963	158.144	157.934	158.143	3865	0	21
2026.01.12	19:00:00	158.145	158.16	158.054	158.075	3257	0	21
2026.01.12	20:00:00	158.074	158.134	158.041	158.121	1891	0	21
2026.01.12	21:00:00	158.122	158.138	158.082	158.129	1689	0	21
2026.01.12	22:00:00	158.129	158.189	158.103	158.174	1760	0	21
2026.01.12	23:00:00	158.174	158.183	158.091	158.091	1240	0	21
2026.01.13	00:00:00	158.093	158.102	157.995	158.059	1618	0	53
2026.01.13	01:00:00	158.049	158.164	157.882	157.963	2895	0	21
2026.01.13	02:00:00	157.964	158.274	157.954	158.15	4233	0	21
2026.01.13	03:00:00	158.149	158.492	158.148	158.472	4039	0	21
2026.01.13	04:00:00	158.472	158.678	158.325	158.66	3565	0	21
2026.01.13	05:00:00	158.66	158.814	158.632	158.801	2417	0	21
2026.01.13	06:00:00	158.802	158.899	158.621	158.709	5447	0	21
2026.01.13	07:00:00	158.708	158.817	158.694	158.772	3377	0	21
2026.01.13	08:00:00	158.772	158.959	158.732	158.748	3891	0	21
2026.01.13	09:00:00	158.75	158.943	158.721	158.929	4678	0	21
2026.01.13	10:00:00	158.929	159.037	158.859	158.918	5270	0	21
2026.01.13	11:00:00	158.921	159.007	158.804	158.879	3530	0	21
2026.01.13	12:00:00	158.88	158.935	158.79	158.793	3998	0	21
2026.01.13	13:00:00	158.794	158.933	158.792	158.845	2937	0	21
2026.01.13	14:00:00	158.845	158.926	158.829	158.881	2795	0	21
2026.01.13	15:00:00	158.881	158.945	158.568	158.87	9331	0	21
2026.01.13	16:00:00	158.869	158.986	158.791	158.897	7806	0	21
2026.01.13	17:00:00	158.9	159.077	158.847	158.916	8083	0	21
2026.01.13	18:00:00	158.917	159.179	158.893	159.057	6391	0	21
2026.01.13	19:00:00	159.058	159.13	158.965	159.016	3364	0	21
2026.01.13	20:00:00	159.014	159.083	158.989	159.031	2578	0	21
2026.01.13	21:00:00	159.031	159.134	159.027	159.104	2605	0	21
2026.01.13	22:00:00	159.105	159.148	159.078	159.107	1936	0	21
2026.01.13	23:00:00	159.108	159.162	159.093	159.093	930	0	21
2026.01.14	00:00:00	159.094	159.164	158.998	159.079	1016	0	36
2026.01.14	01:00:00	159.075	159.191	159.075	159.186	1370	0	21
2026.01.14	02:00:00	159.188	159.274	159.083	159.184	4524	0	21
2026.01.14	03:00:00	159.184	159.442	159.183	159.327	3767	0	21
2026.01.14	04:00:00	159.326	159.381	159.17	159.195	3492	0	21
2026.01.14	05:00:00	159.194	159.195	159.071	159.15	2424	0	21
2026.01.14	06:00:00	159.152	159.232	159.115	159.193	1937	0	21
2026.01.14	07:00:00	159.193	159.329	159.153	159.325	2044	0	21
2026.01.14	08:00:00	159.323	159.339	159.123	159.131	3191	0	21
2026.01.14	09:00:00	159.132	159.185	159.095	159.165	3430	0	21
2026.01.14	10:00:00	159.164	159.181	158.853	158.918	8312	0	21
2026.01.14	11:00:00	158.917	158.936	158.661	158.749	6359	0	21
2026.01.14	12:00:00	158.751	158.803	158.571	158.673	5599	0	21
2026.01.14	13:00:00	158.674	158.811	158.56	158.702	3608	0	21
2026.01.14	14:00:00	158.701	158.707	158.139	158.547	7771	0	21
2026.01.14	15:00:00	158.548	158.73	158.492	158.586	6570	0	21
2026.01.14	16:00:00	158.586	158.661	158.146	158.203	11174	0	21
2026.01.14	17:00:00	158.196	158.403	158.094	158.113	9086	0	21
2026.01.14	18:00:00	158.113	158.274	158.091	158.125	5017	0	21
2026.01.14	19:00:00	158.124	158.331	158.111	158.29	3324	0	21
2026.01.14	20:00:00	158.29	158.453	158.29	158.453	2789	0	21
2026.01.14	21:00:00	158.456	158.508	158.411	158.493	2789	0	21
2026.01.14	22:00:00	158.492	158.586	158.448	158.579	4158	0	21
2026.01.14	23:00:00	158.578	158.587	158.38	158.38	1772	0	21
2026.01.15	00:00:00	158.365	158.384	158.181	158.247	916	0	44
2026.01.15	01:00:00	158.246	158.419	158.236	158.408	1847	0	21
2026.01.15	02:00:00	158.41	158.564	158.37	158.398	5104	0	21
2026.01.15	03:00:00	158.4	158.425	158.217	158.342	5694	0	21
2026.01.15	04:00:00	158.343	158.533	158.299	158.509	3824	0	21
2026.01.15	05:00:00	158.509	158.631	158.483	158.502	3073	0	21
2026.01.15	06:00:00	158.502	158.635	158.466	158.581	1911	0	21
2026.01.15	07:00:00	158.582	158.604	158.369	158.421	2887	0	21
2026.01.15	08:00:00	158.417	158.64	158.387	158.601	3885	0	21
2026.01.15	09:00:00	158.602	158.72	158.441	158.569	5091	0	21
2026.01.15	10:00:00	158.57	158.702	158.528	158.678	5379	0	21
2026.01.15	11:00:00	158.679	158.689	158.29	158.387	5981	0	21
2026.01.15	12:00:00	158.385	158.46	158.334	158.454	3615	0	21
2026.01.15	13:00:00	158.454	158.555	158.423	158.555	2575	0	21
2026.01.15	14:00:00	158.558	158.593	158.478	158.585	3043	0	21
2026.01.15	15:00:00	158.586	158.843	158.542	158.817	6442	0	21
2026.01.15	16:00:00	158.815	158.867	158.635	158.728	6441	0	21
2026.01.15	17:00:00	158.728	158.731	158.463	158.526	6006	0	21
2026.01.15	18:00:00	158.525	158.558	158.402	158.488	4050	0	21
2026.01.15	19:00:00	158.489	158.527	158.435	158.497	2919	0	21
2026.01.15	20:00:00	158.497	158.511	158.464	158.481	2594	0	21
2026.01.15	21:00:00	158.48	158.549	158.452	158.516	2789	0	21
2026.01.15	22:00:00	158.515	158.635	158.502	158.63	2477	0	21
2026.01.15	23:00:00	158.63	158.663	158.567	158.567	1513	0	21
2026.01.16	00:00:00	158.558	158.604	158.544	158.601	598	0	58
2026.01.16	01:00:00	158.601	158.66	158.552	158.579	1393	0	21
2026.01.16	02:00:00	158.579	158.695	158.507	158.643	3539	0	21
2026.01.16	03:00:00	158.642	158.671	158.461	158.586	3342	0	21
2026.01.16	04:00:00	158.587	158.62	157.951	158.293	5923	0	21
2026.01.16	05:00:00	158.29	158.299	158.097	158.097	3224	0	21
2026.01.16	06:00:00	158.095	158.28	158.088	158.265	2166	0	21
2026.01.16	07:00:00	158.266	158.369	158.214	158.366	1886	0	21
2026.01.16	08:00:00	158.367	158.439	158.325	158.375	2350	0	21
2026.01.16	09:00:00	158.376	158.392	158.087	158.155	5568	0	21
2026.01.16	10:00:00	158.156	158.243	158.0	158.199	5578	0	21
2026.01.16	11:00:00	158.198	158.202	158.063	158.183	4020	0	21
2026.01.16	12:00:00	158.184	158.208	158.066	158.113	3664	0	21
2026.01.16	13:00:00	158.113	158.142	158.039	158.083	3220	0	21
2026.01.16	14:00:00	158.082	158.214	158.064	158.14	3877	0	21
2026.01.16	15:00:00	158.141	158.142	157.932	158.009	4324	0	21
2026.01.16	16:00:00	158.009	158.107	157.831	157.897	4411	0	21
2026.01.16	17:00:00	157.896	158.255	157.81	158.052	9657	0	21
2026.01.16	18:00:00	158.053	158.09	157.924	158.011	5836	0	21
2026.01.16	19:00:00	158.012	158.149	158.009	158.13	2818	0	21
2026.01.16	20:00:00	158.131	158.231	158.116	158.168	2246	0	21
2026.01.16	21:00:00	158.168	158.2	158.09	158.111	1764	0	21
2026.01.16	22:00:00	158.11	158.111	158.028	158.066	1678	0	21
2026.01.16	23:00:00	158.067	158.126	158.052	158.085	1631	0	21
2026.01.19	00:00:00	157.883	157.954	157.769	157.833	1458	0	37
2026.01.19	01:00:00	157.833	157.834	157.488	157.539	6978	0	21
2026.01.19	02:00:00	157.54	157.867	157.434	157.463	8307	0	21
2026.01.19	03:00:00	157.462	157.687	157.413	157.673	6036	0	21
2026.01.19	04:00:00	157.674	157.917	157.672	157.853	3421	0	21
2026.01.19	05:00:00	157.855	157.935	157.8	157.869	3592	0	21
2026.01.19	06:00:00	157.87	157.906	157.811	157.816	2442	0	21
2026.01.19	07:00:00	157.813	157.938	157.743	157.889	2624	0	21
2026.01.19	08:00:00	157.888	157.926	157.779	157.802	2661	0	21
2026.01.19	09:00:00	157.801	158.111	157.733	158.066	4828	0	21
2026.01.19	10:00:00	158.067	158.139	157.987	158.014	4839	0	21
2026.01.19	11:00:00	158.014	158.154	157.848	157.913	7612	0	21
2026.01.19	12:00:00	157.914	157.981	157.815	157.873	3496	0	21
2026.01.19	13:00:00	157.873	158.095	157.871	158.029	3058	0	21
2026.01.19	14:00:00	158.028	158.05	157.907	158.009	2963	0	21
2026.01.19	15:00:00	158.008	158.018	157.866	157.908	2453	0	21
2026.01.19	16:00:00	157.912	157.937	157.853	157.89	2830	0	21
2026.01.19	17:00:00	157.893	158.068	157.85	158.05	4529	0	21
2026.01.19	18:00:00	158.05	158.126	158.027	158.064	2927	0	21
2026.01.19	19:00:00	158.058	158.095	157.999	158.021	1465	0	21
2026.01.19	20:00:00	158.019	158.063	157.994	158.062	861	0	21
2026.01.19	21:00:00	158.063	158.102	158.063	158.07	495	0	21
2026.01.19	22:00:00	158.07	158.143	158.068	158.114	512	0	21
2026.01.19	23:00:00	158.115	158.129	158.056	158.056	412	0	23
2026.01.20	00:00:00	158.059	158.09	157.982	158.076	298	0	48
2026.01.20	01:00:00	158.075	158.213	158.073	158.153	1070	0	21
2026.01.20	02:00:00	158.153	158.27	157.89	157.928	5451	0	21
2026.01.20	03:00:00	157.926	158.181	157.838	157.938	6093	0	21
2026.01.20	04:00:00	157.937	158.067	157.931	158.021	3070	0	21
2026.01.20	05:00:00	158.02	158.021	157.894	157.961	2379	0	21
2026.01.20	06:00:00	157.957	158.092	157.884	158.02	3086	0	21
2026.01.20	07:00:00	158.019	158.113	157.94	158.091	3314	0	21
2026.01.20	08:00:00	158.088	158.456	158.087	158.404	5208	0	21
2026.01.20	09:00:00	158.412	158.59	158.294	158.36	8162	0	21
2026.01.20	10:00:00	158.359	158.384	157.735	157.804	10746	0	21
2026.01.20	11:00:00	157.804	157.805	157.545	157.72	9507	0	21
2026.01.20	12:00:00	157.72	157.929	157.685	157.798	6756	0	21
2026.01.20	13:00:00	157.797	157.903	157.675	157.738	5826	0	21
2026.01.20	14:00:00	157.738	157.883	157.644	157.851	5901	0	21
2026.01.20	15:00:00	157.852	157.959	157.456	157.831	10651	0	21
2026.01.20	16:00:00	157.83	158.069	157.726	158.026	12665	0	21
2026.01.20	17:00:00	158.025	158.098	157.839	157.914	7792	0	21
2026.01.20	18:00:00	157.915	158.064	157.844	157.882	4325	0	21
2026.01.20	19:00:00	157.883	157.977	157.845	157.944	3457	0	21
2026.01.20	20:00:00	157.944	158.046	157.939	158.04	2820	0	21
2026.01.20	21:00:00	158.04	158.288	158.033	158.277	3415	0	21
2026.01.20	22:00:00	158.278	158.279	158.176	158.196	4083	0	21
2026.01.20	23:00:00	158.197	158.22	158.123	158.123	2062	0	23
2026.01.21	00:00:00	158.118	158.142	158.093	158.129	302	0	50
2026.01.21	01:00:00	158.129	158.195	158.028	158.141	2132	0	21
2026.01.21	02:00:00	158.143	158.268	158.101	158.102	5148	0	21
2026.01.21	03:00:00	158.101	158.162	157.846	157.948	5892	0	21
2026.01.21	04:00:00	157.949	158.066	157.877	157.905	3231	0	21
2026.01.21	05:00:00	157.905	158.14	157.879	158.076	3245	0	21
2026.01.21	06:00:00	158.077	158.119	157.984	158.026	2596	0	21
2026.01.21	07:00:00	158.025	158.228	158.024	158.195	3345	0	21
2026.01.21	08:00:00	158.194	158.246	158.074	158.132	3372	0	21
2026.01.21	09:00:00	158.133	158.155	157.864	157.915	4302	0	21
2026.01.21	10:00:00	157.915	157.977	157.809	157.86	4656	0	21
2026.01.21	11:00:00	157.861	158.027	157.821	157.993	3604	0	21
2026.01.21	12:00:00	157.994	158.075	157.978	158.011	3892	0	21
2026.01.21	13:00:00	158.011	158.065	157.904	157.904	3667	0	21
2026.01.21	14:00:00	157.9	157.929	157.735	157.784	4028	0	21
2026.01.21	15:00:00	157.782	157.93	157.749	157.875	5272	0	21
2026.01.21	16:00:00	157.877	158.138	157.863	158.1	11686	0	21
2026.01.21	17:00:00	158.099	158.299	158.05	158.204	8482	0	21
2026.01.21	18:00:00	158.206	158.248	158.058	158.157	6568	0	21
2026.01.21	19:00:00	158.157	158.203	158.027	158.131	5035	0	21
2026.01.21	20:00:00	158.131	158.233	158.104	158.206	3271	0	21
2026.01.21	21:00:00	158.207	158.521	158.129	158.371	6515	0	21
2026.01.21	22:00:00	158.37	158.488	158.318	158.363	3816	0	21
2026.01.21	23:00:00	158.364	158.411	158.247	158.249	1944	0	21
2026.01.22	00:00:00	158.241	158.291	158.191	158.285	942	0	49
2026.01.22	01:00:00	158.276	158.475	158.249	158.447	2200	0	21
2026.01.22	02:00:00	158.449	158.479	158.168	158.229	5243	0	21
2026.01.22	03:00:00	158.229	158.356	158.206	158.338	3601	0	21
2026.01.22	04:00:00	158.339	158.468	158.329	158.454	2844	0	21
2026.01.22	05:00:00	158.453	158.578	158.392	158.546	2909	0	21
2026.01.22	06:00:00	158.548	158.691	158.542	158.635	3137	0	21
2026.01.22	07:00:00	158.64	158.723	158.619	158.703	2890	0	21
2026.01.22	08:00:00	158.705	158.837	158.693	158.769	3683	0	21
2026.01.22	09:00:00	158.769	158.882	158.747	158.769	4609	0	21
2026.01.22	10:00:00	158.769	158.845	158.72	158.759	5475	0	21
2026.01.22	11:00:00	158.757	158.767	158.598	158.684	4496	0	21
2026.01.22	12:00:00	158.685	158.753	158.615	158.622	3247	0	21
2026.01.22	13:00:00	158.621	158.691	158.524	158.583	4822	0	21
2026.01.22	14:00:00	158.583	158.817	158.53	158.81	4426	0	21
2026.01.22	15:00:00	158.811	158.847	158.611	158.688	6129	0	21
2026.01.22	16:00:00	158.689	158.75	158.523	158.597	5239	0	21
2026.01.22	17:00:00	158.595	158.638	158.339	158.383	6333	0	21
2026.01.22	18:00:00	158.383	158.416	158.246	158.35	5038	0	21
2026.01.22	19:00:00	158.351	158.496	158.226	158.297	5239	0	21
2026.01.22	20:00:00	158.298	158.325	158.267	158.298	2656	0	21
2026.01.22	21:00:00	158.299	158.46	158.286	158.397	3064	0	21
2026.01.22	22:00:00	158.395	158.431	158.326	158.429	2232	0	21
2026.01.22	23:00:00	158.428	158.461	158.356	158.356	1467	0	21
2026.01.23	00:00:00	158.356	158.37	158.32	158.355	340	0	53
2026.01.23	01:00:00	158.354	158.521	158.344	158.473	2967	0	21
2026.01.23	02:00:00	158.478	158.571	158.426	158.513	4059	0	21
2026.01.23	03:00:00	158.512	158.652	158.47	158.629	3651	0	21
2026.01.23	04:00:00	158.628	158.671	158.492	158.586	3338	0	21
2026.01.23	05:00:00	158.579	158.73	158.489	158.619	3231	0	21
2026.01.23	06:00:00	158.619	158.653	158.526	158.536	2030	0	21
2026.01.23	07:00:00	158.535	158.627	158.46	158.614	2366	0	21
2026.01.23	08:00:00	158.614	158.941	158.532	158.859	5252	0	21
2026.01.23	09:00:00	158.864	159.212	157.289	158.377	10382	0	21
2026.01.23	10:00:00	158.378	158.48	158.092	158.123	9573	0	21
2026.01.23	11:00:00	158.124	158.132	157.853	157.994	8100	0	21
2026.01.23	12:00:00	157.992	158.235	157.982	158.182	5033	0	21
2026.01.23	13:00:00	158.184	158.306	158.123	158.125	5503	0	21
2026.01.23	14:00:00	158.125	158.253	158.082	158.145	3035	0	21
2026.01.23	15:00:00	158.146	158.266	158.082	158.256	3482	0	21
2026.01.23	16:00:00	158.255	158.327	158.193	158.241	4888	0	21
2026.01.23	17:00:00	158.242	158.296	158.088	158.102	5220	0	21
2026.01.23	18:00:00	158.103	158.214	157.358	157.553	7885	0	21
2026.01.23	19:00:00	157.553	157.605	156.11	156.351	13900	0	21
2026.01.23	20:00:00	156.351	156.62	156.006	156.154	8985	0	21
2026.01.23	21:00:00	156.154	156.249	155.672	155.879	6248	0	21
2026.01.23	22:00:00	155.88	155.95	155.722	155.803	5515	0	21
2026.01.23	23:00:00	155.807	155.857	155.603	155.719	2219	0	21
2026.01.26	00:00:00	154.633	155.177	154.172	154.498	1542	0	25
2026.01.26	01:00:00	154.498	155.262	154.481	155.136	7145	0	21
2026.01.26	02:00:00	155.139	155.333	154.652	154.832	10658	0	21
2026.01.26	03:00:00	154.831	154.918	154.291	154.411	9684	0	21
2026.01.26	04:00:00	154.412	154.47	153.875	153.981	9362	0	21
2026.01.26	05:00:00	153.979	154.329	153.937	154.2	6001	0	21
2026.01.26	06:00:00	154.199	154.265	153.797	154.02	5986	0	21
2026.01.26	07:00:00	154.02	154.104	153.912	154.097	5006	0	21
2026.01.26	08:00:00	154.097	154.408	154.018	154.233	6382	0	21
2026.01.26	09:00:00	154.233	154.312	153.898	154.237	8394	0	21
2026.01.26	10:00:00	154.241	154.334	153.387	153.908	11504	0	21
2026.01.26	11:00:00	153.907	154.127	153.52	153.659	10723	0	21
2026.01.26	12:00:00	153.658	153.874	153.516	153.546	7633	0	21
2026.01.26	13:00:00	153.546	153.817	153.293	153.725	8300	0	21
2026.01.26	14:00:00	153.72	154.178	153.72	154.12	6043	0	21
2026.01.26	15:00:00	154.12	154.333	154.033	154.048	6436	0	21
2026.01.26	16:00:00	154.048	154.121	153.684	153.731	6463	0	21
2026.01.26	17:00:00	153.731	153.873	153.606	153.803	7149	0	21
2026.01.26	18:00:00	153.806	154.019	153.705	153.876	6989	0	21
2026.01.26	19:00:00	153.875	154.102	153.853	153.961	4254	0	21
2026.01.26	20:00:00	153.959	154.183	153.886	154.151	4110	0	21
2026.01.26	21:00:00	154.149	154.264	154.016	154.028	5100	0	21
2026.01.26	22:00:00	154.029	154.137	153.847	154.075	4593	0	21
2026.01.26	23:00:00	154.077	154.249	154.051	154.129	2543	0	21
2026.01.27	00:00:00	154.129	154.243	154.044	154.104	233	0	57
2026.01.27	01:00:00	154.111	154.416	154.091	154.375	2252	0	21
2026.01.27	02:00:00	154.374	154.439	154.111	154.276	5149	0	21
2026.01.27	03:00:00	154.277	154.396	154.231	154.336	4754	0	21
2026.01.27	04:00:00	154.337	154.35	154.074	154.25	4018	0	21
2026.01.27	05:00:00	154.251	154.457	154.227	154.404	3661	0	21
2026.01.27	06:00:00	154.404	154.613	154.402	154.582	3975	0	21
2026.01.27	07:00:00	154.581	154.631	154.421	154.49	3415	0	21
2026.01.27	08:00:00	154.49	154.601	154.359	154.522	3469	0	21
2026.01.27	09:00:00	154.523	154.753	154.459	154.72	5486	0	21
2026.01.27	10:00:00	154.719	154.866	154.632	154.693	5708	0	21
2026.01.27	11:00:00	154.691	154.722	153.165	153.728	6813	0	21
2026.01.27	12:00:00	153.736	154.179	153.547	153.732	10809	0	21
2026.01.27	13:00:00	153.732	153.754	153.555	153.717	6862	0	21
2026.01.27	14:00:00	153.718	153.783	153.244	153.293	9640	0	21
2026.01.27	15:00:00	153.289	153.412	152.984	153.238	11745	0	21
2026.01.27	16:00:00	153.233	153.364	152.916	153.212	11296	0	21
2026.01.27	17:00:00	153.207	153.329	152.865	153.23	10207	0	21
2026.01.27	18:00:00	153.231	153.256	152.935	153.029	7195	0	21
2026.01.27	19:00:00	153.029	153.137	152.594	152.755	5979	0	21
2026.01.27	20:00:00	152.754	152.87	152.56	152.751	5157	0	21
2026.01.27	21:00:00	152.75	152.824	152.694	152.702	3594	0	21
2026.01.27	22:00:00	152.702	152.829	152.08	152.37	8637	0	21
2026.01.27	23:00:00	152.37	152.466	152.099	152.111	5616	0	21
2026.01.28	00:00:00	152.111	152.328	152.087	152.269	863	0	44
2026.01.28	01:00:00	152.269	152.61	152.236	152.482	4296	0	21
2026.01.28	02:00:00	152.482	152.7	152.427	152.624	8158	0	21
2026.01.28	03:00:00	152.625	152.983	152.587	152.977	6841	0	21
2026.01.28	04:00:00	152.978	153.056	152.801	152.829	4803	0	21
2026.01.28	05:00:00	152.827	152.827	152.637	152.71	3645	0	21
2026.01.28	06:00:00	152.709	152.826	152.515	152.549	3378	0	21
2026.01.28	07:00:00	152.547	152.722	152.463	152.617	5184	0	21
2026.01.28	08:00:00	152.624	152.716	152.546	152.64	5634	0	21
2026.01.28	09:00:00	152.639	152.721	152.265	152.636	7841	0	21
2026.01.28	10:00:00	152.631	152.794	152.398	152.626	9193	0	21
2026.01.28	11:00:00	152.625	152.754	152.553	152.703	6800	0	21
2026.01.28	12:00:00	152.703	152.715	152.334	152.558	6413	0	21
2026.01.28	13:00:00	152.559	152.712	152.538	152.596	5001	0	20
2026.01.28	14:00:00	152.596	152.631	152.382	152.559	5981	0	20
2026.01.28	15:00:00	152.555	152.905	152.535	152.838	5782	0	20
2026.01.28	16:00:00	152.837	152.986	152.641	152.818	8007	0	20
2026.01.28	17:00:00	152.819	153.721	152.759	153.456	15835	0	20
2026.01.28	18:00:00	153.454	153.776	153.404	153.592	9194	0	20
2026.01.28	19:00:00	153.593	153.748	153.515	153.518	6130	0	20
2026.01.28	20:00:00	153.519	153.938	153.515	153.831	5533	0	20
2026.01.28	21:00:00	153.831	154.035	153.451	153.482	11964	0	20
2026.01.28	22:00:00	153.481	153.563	153.294	153.372	6963	0	20
2026.01.28	23:00:00	153.372	153.455	153.288	153.389	3018	0	20
2026.01.29	00:00:00	153.388	153.405	153.31	153.4	674	0	38
2026.01.29	01:00:00	153.4	153.41	153.021	153.071	4765	0	20
2026.01.29	02:00:00	153.072	153.204	152.755	153.082	9292	0	20
2026.01.29	03:00:00	153.083	153.345	153.062	153.249	7758	0	20
2026.01.29	04:00:00	153.254	153.381	153.021	153.103	5743	0	20
2026.01.29	05:00:00	153.104	153.171	152.893	152.915	3952	0	20
2026.01.29	06:00:00	152.912	153.218	152.89	152.966	4291	0	20
2026.01.29	07:00:00	152.966	153.081	152.896	153.008	3749	0	20
2026.01.29	08:00:00	153.008	153.145	152.909	153.043	4697	0	20
2026.01.29	09:00:00	153.044	153.41	152.978	153.299	5863	0	20
2026.01.29	10:00:00	153.301	153.448	153.149	153.311	7693	0	20
2026.01.29	11:00:00	153.312	153.373	153.129	153.305	6075	0	20
2026.01.29	12:00:00	153.304	153.441	153.269	153.427	5842	0	20
2026.01.29	13:00:00	153.426	153.526	153.366	153.453	5603	0	20
2026.01.29	14:00:00	153.452	153.466	153.215	153.215	4536	0	20
2026.01.29	15:00:00	153.214	153.396	153.167	153.323	7258	0	20
2026.01.29	16:00:00	153.322	153.383	152.997	153.062	8896	0	20
2026.01.29	17:00:00	153.06	153.503	152.67	152.798	18608	0	20
2026.01.29	18:00:00	152.799	153.035	152.708	152.873	11461	0	20
2026.01.29	19:00:00	152.873	152.957	152.79	152.89	10366	0	22
2026.01.29	20:00:00	152.891	153.132	152.889	153.003	8476	0	22
2026.01.29	21:00:00	153.002	153.159	152.998	153.065	4722	0	20
2026.01.29	22:00:00	153.065	153.202	153.008	153.104	4192	0	20
2026.01.29	23:00:00	153.106	153.163	153.046	153.062	3109	0	20
2026.01.30	00:00:00	153.058	153.1	152.929	152.966	1556	0	46
2026.01.30	01:00:00	152.966	153.177	152.854	153.128	3316	0	20
2026.01.30	02:00:00	153.129	153.639	153.069	153.491	8838	0	20
2026.01.30	03:00:00	153.49	153.782	153.449	153.746	10301	0	20
2026.01.30	04:00:00	153.746	153.968	153.642	153.796	11649	0	20
2026.01.30	05:00:00	153.794	153.96	153.757	153.944	6353	0	20
2026.01.30	06:00:00	153.945	153.96	153.831	153.914	4441	0	20
2026.01.30	07:00:00	153.914	154.129	153.761	153.909	5941	0	20
2026.01.30	08:00:00	153.908	153.976	153.743	153.895	6488	0	20
2026.01.30	09:00:00	153.895	154.046	153.704	153.795	9464	0	20
2026.01.30	10:00:00	153.796	153.946	153.699	153.931	9375	0	20
2026.01.30	11:00:00	153.933	154.276	153.921	154.268	10199	0	20
2026.01.30	12:00:00	154.269	154.376	154.075	154.153	8695	0	20
2026.01.30	13:00:00	154.154	154.162	153.845	153.849	7521	0	20
2026.01.30	14:00:00	153.85	154.063	153.785	154.024	7786	0	20
2026.01.30	15:00:00	154.025	154.361	153.968	154.354	10337	0	20
2026.01.30	16:00:00	154.353	154.511	154.234	154.454	10295	0	20
2026.01.30	17:00:00	154.456	154.751	154.209	154.212	14311	0	20
2026.01.30	18:00:00	154.212	154.383	154.154	154.324	9727	0	20
2026.01.30	19:00:00	154.323	154.52	154.305	154.433	10017	0	20
2026.01.30	20:00:00	154.434	154.63	154.278	154.388	11138	0	20
2026.01.30	21:00:00	154.389	154.677	154.354	154.523	8753	0	20
2026.01.30	22:00:00	154.522	154.765	154.519	154.75	6437	0	20
2026.01.30	23:00:00	154.751	154.783	154.698	154.755	3349	0	20
