<DATE>	<TIME>	<OPEN>	<HIGH>	<LOW>	<CLOSE>	<TICKVOL>	<VOL>	<SPREAD>
2025.10.01	00:00:00	147.747	147.762	147.728	147.752	51	0	194
2025.10.01	00:15:00	147.751	147.773	147.749	147.761	63	0	178
2025.10.01	00:30:00	147.771	147.837	147.763	147.831	158	0	81
2025.10.01	00:45:00	147.831	147.838	147.828	147.828	67	0	73
2025.10.01	01:00:00	147.831	147.885	147.806	147.867	292	0	25
2025.10.01	01:15:00	147.866	147.895	147.861	147.895	419	0	27
2025.10.01	01:30:00	147.897	147.913	147.886	147.897	311	0	24
2025.10.01	01:45:00	147.903	147.912	147.884	147.897	291	0	22
2025.10.01	02:00:00	147.895	147.923	147.802	147.834	537	0	20
2025.10.01	02:15:00	147.834	147.892	147.816	147.891	389	0	20
2025.10.01	02:30:00	147.891	147.924	147.872	147.909	326	0	20
2025.10.01	02:45:00	147.909	148.019	147.899	148.016	677	0	20
2025.10.01	03:00:00	148.016	148.143	148.016	148.064	1486	0	20
2025.10.01	03:15:00	148.064	148.084	148.016	148.054	1144	0	20
2025.10.01	03:30:00	148.054	148.186	148.054	148.177	1167	0	20
2025.10.01	03:45:00	148.178	148.215	148.085	148.098	1256	0	20
2025.10.01	04:00:00	148.096	148.157	148.052	148.082	912	0	20
2025.10.01	04:15:00	148.081	148.09	147.992	148.023	1239	0	20
2025.10.01	04:30:00	148.023	148.034	147.947	147.952	1214	0	20
2025.10.01	04:45:00	147.952	147.991	147.93	147.943	1386	0	20
2025.10.01	05:00:00	147.942	147.965	147.894	147.945	871	0	20
2025.10.01	05:15:00	147.944	147.949	147.875	147.944	722	0	20
2025.10.01	05:30:00	147.944	148.0	147.939	147.992	754	0	20
2025.10.01	05:45:00	147.991	147.998	147.899	147.903	569	0	20
2025.10.01	06:00:00	147.904	147.917	147.858	147.891	598	0	20
2025.10.01	06:15:00	147.889	147.951	147.878	147.934	450	0	21
2025.10.01	06:30:00	147.934	147.989	147.934	147.95	523	0	20
2025.10.01	06:45:00	147.95	147.954	147.891	147.916	502	0	20
2025.10.01	07:00:00	147.912	147.947	147.906	147.944	631	0	20
2025.10.01	07:15:00	147.945	147.945	147.847	147.868	750	0	20
2025.10.01	07:30:00	147.868	147.868	147.74	147.741	885	0	20
2025.10.01	07:45:00	147.741	147.743	147.542	147.543	949	0	20
2025.10.01	08:00:00	147.543	147.633	147.45	147.589	1654	0	20
2025.10.01	08:15:00	147.588	147.588	147.46	147.485	1246	0	20
2025.10.01	08:30:00	147.486	147.548	147.473	147.528	807	0	20
2025.10.01	08:45:00	147.528	147.568	147.489	147.516	878	0	20
2025.10.01	09:00:00	147.517	147.517	147.331	147.359	1742	0	20
2025.10.01	09:15:00	147.359	147.413	147.317	147.331	1308	0	20
2025.10.01	09:30:00	147.331	147.354	147.182	147.182	1437	0	20
2025.10.01	09:45:00	147.183	147.263	147.157	147.219	1832	0	20
2025.10.01	10:00:00	147.22	147.22	147.01	147.052	1802	0	20
2025.10.01	10:15:00	147.042	147.203	147.024	147.178	1566	0	20
2025.10.01	10:30:00	147.178	147.311	147.128	147.189	1885	0	20
2025.10.01	10:45:00	147.188	147.2	147.088	147.114	1795	0	20
2025.10.01	11:00:00	147.113	147.115	147.041	147.059	1807	0	20
2025.10.01	11:15:00	147.059	147.064	146.983	147.031	1338	0	20
2025.10.01	11:30:00	147.032	147.085	146.891	147.066	1220	0	20
2025.10.01	11:45:00	147.066	147.142	147.028	147.14	1419	0	20
2025.10.01	12:00:00	147.139	147.15	147.085	147.093	960	0	20
2025.10.01	12:15:00	147.092	147.166	147.071	147.128	1236	0	20
2025.10.01	12:30:00	147.129	147.161	147.059	147.094	1240	0	20
2025.10.01	12:45:00	147.102	147.215	147.071	147.198	1341	0	20
2025.10.01	13:00:00	147.199	147.234	147.112	147.114	1339	0	20
2025.10.01	13:15:00	147.119	147.232	147.117	147.221	1158	0	20
2025.10.01	13:30:00	147.222	147.255	147.05	147.081	1308	0	20
2025.10.01	13:45:00	147.08	147.13	147.052	147.066	1130	0	20
2025.10.01	14:00:00	147.066	147.099	147.039	147.075	866	0	20
2025.10.01	14:15:00	147.074	147.078	147.012	147.035	1033	0	20
2025.10.01	14:30:00	147.034	147.093	147.01	147.016	960	0	20
2025.10.01	14:45:00	147.017	147.045	146.984	146.993	1055	0	20
2025.10.01	15:00:00	146.991	147.108	146.968	147.085	1515	0	20
2025.10.01	15:15:00	147.085	147.102	146.578	146.89	4505	0	20
2025.10.01	15:30:00	146.89	146.904	146.695	146.749	3652	0	20
2025.10.01	15:45:00	146.748	146.899	146.727	146.788	3083	0	20
2025.10.01	16:00:00	146.785	146.817	146.696	146.803	2319	0	20
2025.10.01	16:15:00	146.802	146.863	146.688	146.698	2123	0	20
2025.10.01	16:30:00	146.7	146.754	146.617	146.643	2518	0	20
2025.10.01	16:45:00	146.642	146.735	146.61	146.697	1950	0	20
2025.10.01	17:00:00	146.688	147.004	146.678	146.984	2969	0	20
2025.10.01	17:15:00	146.985	147.037	146.878	146.888	2390	0	20
2025.10.01	17:30:00	146.888	146.902	146.749	146.751	1791	0	20
2025.10.01	17:45:00	146.751	147.026	146.704	146.85	4387	0	20
2025.10.01	18:00:00	146.857	147.07	146.832	147.064	2388	0	20
2025.10.01	18:15:00	147.063	147.202	147.057	147.166	2626	0	20
2025.10.01	18:30:00	147.165	147.178	147.092	147.121	1845	0	20
2025.10.01	18:45:00	147.119	147.145	147.072	147.139	1432	0	20
2025.10.01	19:00:00	147.142	147.213	147.082	147.153	1540	0	20
2025.10.01	19:15:00	147.152	147.21	147.141	147.159	1170	0	20
2025.10.01	19:30:00	147.158	147.243	147.153	147.221	959	0	20
2025.10.01	19:45:00	147.219	147.23	147.139	147.15	902	0	20
2025.10.01	20:00:00	147.15	147.182	147.121	147.123	755	0	20
2025.10.01	20:15:00	147.122	147.143	147.102	147.143	574	0	20
2025.10.01	20:30:00	147.143	147.156	147.113	147.142	527	0	20
2025.10.01	20:45:00	147.141	147.168	147.109	147.157	645	0	20
2025.10.01	21:00:00	147.156	147.219	147.084	147.086	1463	0	20
2025.10.01	21:15:00	147.086	147.096	147.029	147.031	1008	0	20
2025.10.01	21:30:00	147.031	147.077	147.011	147.069	869	0	20
2025.10.01	21:45:00	147.068	147.081	147.046	147.079	920	0	20
2025.10.01	22:00:00	147.08	147.084	147.044	147.077	685	0	20
2025.10.01	22:15:00	147.076	147.149	147.069	147.124	667	0	20
2025.10.01	22:30:00	147.125	147.137	147.093	147.113	841	0	20
2025.10.01	22:45:00	147.113	147.12	147.068	147.086	960	0	20
2025.10.01	23:00:00	147.086	147.136	147.065	147.127	622	0	20
2025.10.01	23:15:00	147.126	147.155	147.102	147.144	493	0	20
2025.10.01	23:30:00	147.146	147.154	147.068	147.078	348	0	22
2025.10.01	23:45:00	147.077	147.114	147.053	147.061	937	0	23
2025.10.02	00:00:00	147.02	147.028	147.02	147.025	14	0	89
2025.10.02	00:15:00	147.025	147.035	147.025	147.031	26	0	69
2025.10.02	00:30:00	147.031	147.031	147.02	147.024	23	0	68
2025.10.02	00:45:00	147.024	147.027	147.018	147.02	85	0	51
2025.10.02	01:00:00	147.023	147.056	147.003	147.046	224	0	21
2025.10.02	01:15:00	147.046	147.054	147.018	147.023	299	0	21
2025.10.02	01:30:00	147.025	147.035	146.989	146.994	281	0	22
2025.10.02	01:45:00	146.995	147.009	146.988	146.998	277	0	22
2025.10.02	02:00:00	146.997	147.016	146.988	147.01	209	0	20
2025.10.02	02:15:00	147.009	147.058	147.009	147.047	310	0	20
2025.10.02	02:30:00	147.046	147.071	147.024	147.055	287	0	20
2025.10.02	02:45:00	147.052	147.103	147.031	147.099	633	0	20
2025.10.02	03:00:00	147.099	147.304	147.097	147.283	1290	0	20
2025.10.02	03:15:00	147.282	147.309	147.191	147.258	1230	0	20
2025.10.02	03:30:00	147.255	147.313	147.226	147.247	1083	0	20
2025.10.02	03:45:00	147.245	147.271	147.112	147.182	1429	0	20
2025.10.02	04:00:00	147.181	147.216	147.085	147.118	1161	0	20
2025.10.02	04:15:00	147.118	147.132	147.037	147.112	1018	0	20
2025.10.02	04:30:00	147.112	147.113	146.946	147.027	1005	0	20
2025.10.02	04:45:00	147.027	147.066	146.963	146.975	905	0	20
2025.10.02	05:00:00	146.974	147.028	146.931	146.961	834	0	20
2025.10.02	05:15:00	146.962	147.048	146.961	147.04	436	0	20
2025.10.02	05:30:00	147.039	147.137	147.031	147.113	421	0	20
2025.10.02	05:45:00	147.114	147.176	147.113	147.154	370	0	20
2025.10.02	06:00:00	147.155	147.185	147.125	147.145	391	0	20
2025.10.02	06:15:00	147.144	147.156	147.092	147.123	358	0	20
2025.10.02	06:30:00	147.123	147.156	147.09	147.121	451	0	20
2025.10.02	06:45:00	147.12	147.131	147.04	147.074	511	0	20
2025.10.02	07:00:00	147.075	147.154	147.063	147.143	554	0	20
2025.10.02	07:15:00	147.143	147.169	147.123	147.164	501	0	20
2025.10.02	07:30:00	147.165	147.188	147.127	147.155	526	0	20
2025.10.02	07:45:00	147.155	147.19	147.137	147.165	576	0	21
2025.10.02	08:00:00	147.165	147.257	147.107	147.206	1253	0	20
2025.10.02	08:15:00	147.207	147.211	147.143	147.174	751	0	20
2025.10.02	08:30:00	147.174	147.209	147.161	147.168	433	0	20
2025.10.02	08:45:00	147.168	147.187	147.119	147.152	647	0	20
2025.10.02	09:00:00	147.149	147.153	147.064	147.088	1242	0	20
2025.10.02	09:15:00	147.09	147.157	147.068	147.153	751	0	20
2025.10.02	09:30:00	147.154	147.288	146.882	147.286	2500	0	20
2025.10.02	09:45:00	147.288	147.368	147.13	147.144	1608	0	20
2025.10.02	10:00:00	147.144	147.185	147.043	147.081	1722	0	20
2025.10.02	10:15:00	147.082	147.201	147.066	147.193	1381	0	20
2025.10.02	10:30:00	147.194	147.205	147.09	147.1	1467	0	20
2025.10.02	10:45:00	147.1	147.111	147.001	147.071	1658	0	20
2025.10.02	11:00:00	147.071	147.072	146.941	146.971	1812	0	20
2025.10.02	11:15:00	146.971	146.984	146.896	146.924	979	0	20
2025.10.02	11:30:00	146.924	146.957	146.88	146.909	1239	0	20
2025.10.02	11:45:00	146.91	146.92	146.714	146.786	1371	0	20
2025.10.02	12:00:00	146.788	146.798	146.685	146.703	1448	0	20
2025.10.02	12:15:00	146.703	146.743	146.642	146.66	1155	0	20
2025.10.02	12:30:00	146.659	146.672	146.601	146.622	1260	0	20
2025.10.02	12:45:00	146.621	146.656	146.588	146.611	1354	0	20
2025.10.02	13:00:00	146.61	146.706	146.609	146.692	1484	0	20
2025.10.02	13:15:00	146.691	146.707	146.648	146.667	781	0	20
2025.10.02	13:30:00	146.668	146.757	146.643	146.723	723	0	20
2025.10.02	13:45:00	146.725	146.725	146.611	146.632	698	0	20
2025.10.02	14:00:00	146.632	146.703	146.615	146.678	906	0	20
2025.10.02	14:15:00	146.679	146.694	146.636	146.668	631	0	20
2025.10.02	14:30:00	146.669	146.785	146.666	146.754	870	0	20
2025.10.02	14:45:00	146.755	146.849	146.753	146.786	1170	0	20
2025.10.02	15:00:00	146.785	146.844	146.735	146.819	1263	0	20
2025.10.02	15:15:00	146.819	146.946	146.804	146.931	1343	0	20
2025.10.02	15:30:00	146.934	147.099	146.929	147.057	1436	0	20
2025.10.02	15:45:00	147.054	147.189	147.053	147.152	1691	0	20
2025.10.02	16:00:00	147.152	147.156	147.059	147.093	1985	0	20
2025.10.02	16:15:00	147.092	147.161	147.071	147.072	1676	0	20
2025.10.02	16:30:00	147.081	147.211	147.048	147.206	1940	0	20
2025.10.02	16:45:00	147.205	147.261	147.154	147.214	1819	0	20
2025.10.02	17:00:00	147.213	147.318	147.191	147.232	1643	0	20
2025.10.02	17:15:00	147.232	147.273	147.141	147.15	1573	0	20
2025.10.02	17:30:00	147.15	147.261	147.144	147.242	1975	0	20
2025.10.02	17:45:00	147.24	147.333	147.21	147.32	1833	0	20
2025.10.02	18:00:00	147.322	147.411	147.32	147.387	1703	0	20
2025.10.02	18:15:00	147.389	147.451	147.331	147.372	1204	0	20
2025.10.02	18:30:00	147.38	147.505	147.379	147.409	1557	0	20
2025.10.02	18:45:00	147.411	147.438	147.328	147.34	1236	0	20
2025.10.02	19:00:00	147.342	147.356	147.25	147.254	813	0	20
2025.10.02	19:15:00	147.253	147.272	147.198	147.23	865	0	20
2025.10.02	19:30:00	147.232	147.25	147.205	147.242	980	0	20
2025.10.02	19:45:00	147.241	147.255	147.153	147.154	630	0	20
2025.10.02	20:00:00	147.157	147.182	147.13	147.18	615	0	20
2025.10.02	20:15:00	147.173	147.179	147.14	147.171	418	0	20
2025.10.02	20:30:00	147.171	147.226	147.161	147.193	401	0	20
2025.10.02	20:45:00	147.193	147.193	147.15	147.174	381	0	20
2025.10.02	21:00:00	147.175	147.194	147.152	147.182	442	0	20
2025.10.02	21:15:00	147.183	147.194	147.16	147.161	362	0	20
2025.10.02	21:30:00	147.163	147.183	147.158	147.17	251	0	20
2025.10.02	21:45:00	147.171	147.209	147.156	147.202	410	0	20
2025.10.02	22:00:00	147.201	147.206	147.119	147.149	410	0	20
2025.10.02	22:15:00	147.148	147.16	147.121	147.15	376	0	20
2025.10.02	22:30:00	147.149	147.186	147.139	147.183	322	0	20
2025.10.02	22:45:00	147.184	147.242	147.157	147.227	432	0	20
2025.10.02	23:00:00	147.23	147.253	147.178	147.203	340	0	20
2025.10.02	23:15:00	147.204	147.237	147.2	147.224	214	0	20
2025.10.02	23:30:00	147.225	147.245	147.199	147.245	214	0	21
2025.10.02	23:45:00	147.245	147.282	147.237	147.244	346	0	20
2025.10.03	00:00:00	147.175	147.237	147.175	147.209	25	0	48
2025.10.03	00:15:00	147.206	147.22	147.206	147.208	82	0	69
2025.10.03	00:30:00	147.198	147.21	147.197	147.206	137	0	55
2025.10.03	00:45:00	147.206	147.206	147.181	147.196	130	0	62
2025.10.03	01:00:00	147.193	147.214	147.163	147.183	253	0	21
2025.10.03	01:15:00	147.184	147.198	147.158	147.186	161	0	23
2025.10.03	01:30:00	147.186	147.191	147.154	147.168	182	0	20
2025.10.03	01:45:00	147.168	147.199	147.154	147.185	316	0	20
2025.10.03	02:00:00	147.182	147.196	147.153	147.155	280	0	20
2025.10.03	02:15:00	147.156	147.179	147.082	147.106	547	0	20
2025.10.03	02:30:00	147.106	147.133	147.089	147.118	409	0	20
2025.10.03	02:45:00	147.12	147.158	147.097	147.145	534	0	21
2025.10.03	03:00:00	147.147	147.318	147.146	147.269	917	0	20
2025.10.03	03:15:00	147.269	147.371	147.257	147.335	718	0	20
2025.10.03	03:30:00	147.334	147.365	147.305	147.312	792	0	20
2025.10.03	03:45:00	147.312	147.345	147.238	147.342	1370	0	20
2025.10.03	04:00:00	147.346	147.6	147.171	147.475	2300	0	20
2025.10.03	04:15:00	147.475	147.625	147.454	147.607	1182	0	20
2025.10.03	04:30:00	147.605	147.673	147.589	147.595	931	0	20
2025.10.03	04:45:00	147.596	147.602	147.474	147.5	1053	0	20
2025.10.03	05:00:00	147.501	147.64	147.489	147.625	853	0	20
2025.10.03	05:15:00	147.627	147.645	147.569	147.614	708	0	20
2025.10.03	05:30:00	147.615	147.676	147.592	147.595	718	0	20
2025.10.03	05:45:00	147.595	147.657	147.593	147.639	426	0	20
2025.10.03	06:00:00	147.643	147.757	147.627	147.728	709	0	20
2025.10.03	06:15:00	147.729	147.746	147.703	147.729	567	0	20
2025.10.03	06:30:00	147.73	147.746	147.669	147.682	595	0	20
2025.10.03	06:45:00	147.68	147.693	147.604	147.618	405	0	20
2025.10.03	07:00:00	147.619	147.661	147.583	147.629	492	0	20
2025.10.03	07:15:00	147.629	147.672	147.629	147.649	232	0	20
2025.10.03	07:30:00	147.651	147.726	147.65	147.706	400	0	20
2025.10.03	07:45:00	147.705	147.732	147.691	147.714	381	0	20
2025.10.03	08:00:00	147.713	147.764	147.634	147.659	969	0	20
2025.10.03	08:15:00	147.658	147.677	147.562	147.625	1111	0	20
2025.10.03	08:30:00	147.625	147.694	147.6	147.662	653	0	20
2025.10.03	08:45:00	147.661	147.806	147.605	147.773	808	0	20
2025.10.03	09:00:00	147.773	147.793	147.6	147.62	1319	0	20
2025.10.03	09:15:00	147.607	147.612	147.52	147.578	886	0	20
2025.10.03	09:30:00	147.578	147.594	147.49	147.553	996	0	20
2025.10.03	09:45:00	147.552	147.648	147.542	147.594	867	0	20
2025.10.03	10:00:00	147.593	147.672	147.541	147.629	891	0	20
2025.10.03	10:15:00	147.631	147.658	147.482	147.518	1207	0	20
2025.10.03	10:30:00	147.521	147.521	147.416	147.457	1247	0	20
2025.10.03	10:45:00	147.458	147.502	147.398	147.404	1009	0	20
2025.10.03	11:00:00	147.403	147.416	147.347	147.382	1177	0	20
2025.10.03	11:15:00	147.382	147.415	147.346	147.396	919	0	20
2025.10.03	11:30:00	147.399	147.429	147.342	147.344	952	0	20
2025.10.03	11:45:00	147.344	147.38	147.267	147.319	1169	0	20
2025.10.03	12:00:00	147.319	147.424	147.3	147.393	720	0	20
2025.10.03	12:15:00	147.393	147.416	147.361	147.388	897	0	20
2025.10.03	12:30:00	147.388	147.395	147.305	147.342	879	0	20
2025.10.03	12:45:00	147.341	147.396	147.325	147.359	714	0	20
2025.10.03	13:00:00	147.359	147.359	147.316	147.348	789	0	20
2025.10.03	13:15:00	147.348	147.372	147.339	147.359	308	0	20
2025.10.03	13:30:00	147.359	147.38	147.3	147.32	593	0	20
2025.10.03	13:45:00	147.321	147.329	147.305	147.313	570	0	20
2025.10.03	14:00:00	147.312	147.381	147.297	147.36	597	0	20
2025.10.03	14:15:00	147.36	147.411	147.305	147.331	931	0	20
2025.10.03	14:30:00	147.331	147.335	147.212	147.212	964	0	20
2025.10.03	14:45:00	147.212	147.277	147.209	147.267	956	0	20
2025.10.03	15:00:00	147.266	147.356	147.238	147.318	938	0	20
2025.10.03	15:15:00	147.317	147.338	147.257	147.3	891	0	20
2025.10.03	15:30:00	147.292	147.401	147.264	147.308	1847	0	20
2025.10.03	15:45:00	147.309	147.365	147.22	147.254	1818	0	20
2025.10.03	16:00:00	147.253	147.344	147.232	147.297	1551	0	20
2025.10.03	16:15:00	147.296	147.297	147.209	147.212	1365	0	20
2025.10.03	16:30:00	147.214	147.276	147.209	147.233	1426	0	20
2025.10.03	16:45:00	147.233	147.373	147.206	147.349	1676	0	20
2025.10.03	17:00:00	147.32	147.486	147.057	147.479	3820	0	20
2025.10.03	17:15:00	147.481	147.508	147.34	147.425	2886	0	20
2025.10.03	17:30:00	147.425	147.477	147.369	147.464	2402	0	20
2025.10.03	17:45:00	147.464	147.498	147.413	147.436	1825	0	20
2025.10.03	18:00:00	147.435	147.481	147.397	147.428	1359	0	20
2025.10.03	18:15:00	147.428	147.45	147.353	147.396	1236	0	20
2025.10.03	18:30:00	147.396	147.409	147.317	147.329	1206	0	20
2025.10.03	18:45:00	147.328	147.366	147.296	147.327	1127	0	20
2025.10.03	19:00:00	147.326	147.432	147.318	147.412	882	0	20
2025.10.03	19:15:00	147.413	147.493	147.413	147.47	670	0	20
2025.10.03	19:30:00	147.471	147.516	147.455	147.514	805	0	20
2025.10.03	19:45:00	147.515	147.526	147.469	147.494	860	0	20
2025.10.03	20:00:00	147.495	147.504	147.422	147.435	1103	0	20
2025.10.03	20:15:00	147.434	147.438	147.397	147.428	531	0	20
2025.10.03	20:30:00	147.428	147.448	147.409	147.41	596	0	20
2025.10.03	20:45:00	147.413	147.503	147.403	147.495	1044	0	20
2025.10.03	21:00:00	147.496	147.534	147.479	147.501	1263	0	20
2025.10.03	21:15:00	147.5	147.531	147.496	147.518	721	0	20
2025.10.03	21:30:00	147.519	147.52	147.463	147.468	351	0	20
2025.10.03	21:45:00	147.468	147.5	147.457	147.489	582	0	20
2025.10.03	22:00:00	147.488	147.514	147.467	147.479	972	0	20
2025.10.03	22:15:00	147.479	147.48	147.459	147.47	263	0	20
2025.10.03	22:30:00	147.469	147.491	147.458	147.458	293	0	20
2025.10.03	22:45:00	147.458	147.485	147.446	147.448	533	0	20
2025.10.03	23:00:00	147.448	147.448	147.372	147.426	515	0	20
2025.10.03	23:15:00	147.423	147.458	147.408	147.422	250	0	20
2025.10.03	23:30:00	147.422	147.484	147.421	147.452	229	0	22
2025.10.03	23:45:00	147.453	147.504	147.422	147.469	826	0	23
2025.10.06	00:00:00	149.477	149.483	149.334	149.37	259	0	32
2025.10.06	00:15:00	149.37	149.37	149.275	149.309	283	0	43
2025.10.06	00:30:00	149.309	149.314	149.228	149.244	307	0	37
2025.10.06	00:45:00	149.244	149.244	149.09	149.102	531	0	28
2025.10.06	01:00:00	149.102	149.315	149.028	149.223	2106	0	20
2025.10.06	01:15:00	149.224	149.321	149.138	149.196	1678	0	20
2025.10.06	01:30:00	149.192	149.329	149.178	149.26	1287	0	20
2025.10.06	01:45:00	149.26	149.385	149.26	149.316	733	0	20
2025.10.06	02:00:00	149.31	149.333	149.243	149.279	1803	0	20
2025.10.06	02:15:00	149.279	149.403	149.225	149.387	1786	0	20
2025.10.06	02:30:00	149.388	149.578	149.387	149.548	2100	0	20
2025.10.06	02:45:00	149.549	149.648	149.543	149.572	2196	0	20
2025.10.06	03:00:00	149.566	149.699	149.437	149.583	3228	0	20
2025.10.06	03:15:00	149.584	149.761	149.584	149.721	2258	0	20
2025.10.06	03:30:00	149.722	149.854	149.688	149.838	1610	0	20
2025.10.06	03:45:00	149.839	149.841	149.576	149.695	2332	0	20
2025.10.06	04:00:00	149.697	149.764	149.617	149.652	1447	0	20
2025.10.06	04:15:00	149.653	149.796	149.575	149.764	1370	0	20
2025.10.06	04:30:00	149.766	149.819	149.608	149.808	1680	0	20
2025.10.06	04:45:00	149.804	149.821	149.732	149.761	1199	0	20
2025.10.06	05:00:00	149.762	149.849	149.706	149.827	1078	0	20
2025.10.06	05:15:00	149.828	149.849	149.769	149.832	768	0	20
2025.10.06	05:30:00	149.832	149.905	149.829	149.897	659	0	20
2025.10.06	05:45:00	149.895	149.908	149.828	149.861	623	0	20
2025.10.06	06:00:00	149.86	149.94	149.811	149.931	736	0	20
2025.10.06	06:15:00	149.931	149.96	149.904	149.951	764	0	20
2025.10.06	06:30:00	149.951	149.993	149.9	149.964	733	0	20
2025.10.06	06:45:00	149.964	150.091	149.951	150.05	1212	0	20
2025.10.06	07:00:00	150.051	150.109	149.837	150.082	1201	0	20
2025.10.06	07:15:00	150.083	150.165	150.026	150.13	1313	0	20
2025.10.06	07:30:00	150.13	150.333	150.127	150.274	1435	0	20
2025.10.06	07:45:00	150.274	150.321	150.207	150.303	1367	0	20
2025.10.06	08:00:00	150.306	150.338	150.255	150.332	1245	0	20
2025.10.06	08:15:00	150.335	150.352	150.241	150.335	814	0	20
2025.10.06	08:30:00	150.334	150.425	150.276	150.287	1112	0	20
2025.10.06	08:45:00	150.288	150.328	150.215	150.247	768	0	20
2025.10.06	09:00:00	150.244	150.339	150.093	150.299	1617	0	20
2025.10.06	09:15:00	150.3	150.313	150.094	150.122	1246	0	20
2025.10.06	09:30:00	150.123	150.266	150.063	150.132	2077	0	20
2025.10.06	09:45:00	150.131	150.182	149.999	150.021	2142	0	20
2025.10.06	10:00:00	150.022	150.114	149.94	150.077	1966	0	20
2025.10.06	10:15:00	150.076	150.125	149.977	150.012	1627	0	20
2025.10.06	10:30:00	150.018	150.157	149.974	150.144	2599	0	20
2025.10.06	10:45:00	150.143	150.208	150.007	150.019	3251	0	20
2025.10.06	11:00:00	150.016	150.218	149.985	150.162	2607	0	20
2025.10.06	11:15:00	150.163	150.299	150.157	150.23	1786	0	20
2025.10.06	11:30:00	150.229	150.358	150.226	150.317	1603	0	20
2025.10.06	11:45:00	150.317	150.387	150.294	150.357	997	0	20
2025.10.06	12:00:00	150.358	150.422	150.321	150.35	1316	0	20
2025.10.06	12:15:00	150.352	150.362	150.289	150.362	1226	0	20
2025.10.06	12:30:00	150.367	150.467	150.344	150.458	1137	0	20
2025.10.06	12:45:00	150.458	150.463	150.341	150.365	1029	0	20
2025.10.06	13:00:00	150.366	150.424	150.329	150.343	977	0	20
2025.10.06	13:15:00	150.344	150.385	150.308	150.38	1113	0	20
2025.10.06	13:30:00	150.381	150.418	150.333	150.34	1117	0	20
2025.10.06	13:45:00	150.34	150.366	150.268	150.272	1143	0	20
2025.10.06	14:00:00	150.272	150.372	150.265	150.359	1317	0	20
2025.10.06	14:15:00	150.359	150.396	150.288	150.288	1415	0	20
2025.10.06	14:30:00	150.287	150.307	150.209	150.246	1451	0	20
2025.10.06	14:45:00	150.249	150.377	150.243	150.361	1490	0	20
2025.10.06	15:00:00	150.363	150.379	149.837	149.966	3671	0	20
2025.10.06	15:15:00	149.966	149.98	149.819	149.936	2363	0	20
2025.10.06	15:30:00	149.936	149.969	149.854	149.895	2711	0	20
2025.10.06	15:45:00	149.896	149.928	149.742	149.773	2247	0	20
2025.10.06	16:00:00	149.771	149.873	149.744	149.871	2124	0	20
2025.10.06	16:15:00	149.871	149.973	149.831	149.957	1283	0	20
2025.10.06	16:30:00	149.957	150.071	149.829	149.863	2357	0	20
2025.10.06	16:45:00	149.862	149.93	149.829	149.923	2350	0	20
2025.10.06	17:00:00	149.924	149.938	149.79	149.936	1991	0	20
2025.10.06	17:15:00	149.937	150.047	149.926	150.006	1959	0	20
2025.10.06	17:30:00	150.001	150.104	149.955	149.956	1643	0	20
2025.10.06	17:45:00	149.957	150.007	149.899	149.951	2484	0	20
2025.10.06	18:00:00	149.952	149.995	149.911	149.968	1957	0	20
2025.10.06	18:15:00	149.969	150.081	149.934	150.059	1274	0	20
2025.10.06	18:30:00	150.06	150.102	150.011	150.034	1196	0	20
2025.10.06	18:45:00	150.035	150.075	150.013	150.015	834	0	20
2025.10.06	19:00:00	150.015	150.053	149.945	150.05	999	0	20
2025.10.06	19:15:00	150.051	150.124	150.041	150.121	715	0	20
2025.10.06	19:30:00	150.124	150.15	150.111	150.114	548	0	20
2025.10.06	19:45:00	150.113	150.163	150.112	150.151	550	0	20
2025.10.06	20:00:00	150.149	150.158	150.071	150.102	575	0	20
2025.10.06	20:15:00	150.102	150.147	150.093	150.147	722	0	20
2025.10.06	20:30:00	150.15	150.176	150.136	150.166	562	0	20
2025.10.06	20:45:00	150.165	150.228	150.164	150.196	560	0	20
2025.10.06	21:00:00	150.195	150.23	150.176	150.196	420	0	20
2025.10.06	21:15:00	150.199	150.209	150.151	150.165	416	0	20
2025.10.06	21:30:00	150.166	150.232	150.165	150.219	410	0	20
2025.10.06	21:45:00	150.219	150.311	150.216	150.288	722	0	20
2025.10.06	22:00:00	150.287	150.31	150.234	150.254	623	0	20
2025.10.06	22:15:00	150.253	150.254	150.219	150.229	307	0	20
2025.10.06	22:30:00	150.228	150.242	150.214	150.232	352	0	20
2025.10.06	22:45:00	150.233	150.326	150.232	150.313	485	0	20
2025.10.06	23:00:00	150.312	150.322	150.275	150.31	416	0	20
2025.10.06	23:15:00	150.309	150.335	150.292	150.304	267	0	20
2025.10.06	23:30:00	150.305	150.386	150.305	150.386	166	0	22
2025.10.06	23:45:00	150.385	150.386	150.336	150.338	434	0	22
2025.10.07	00:00:00	150.238	150.296	150.238	150.276	42	0	76
2025.10.07	00:15:00	150.276	150.276	150.19	150.222	134	0	97
2025.10.07	00:30:00	150.222	150.223	150.206	150.22	82	0	80
2025.10.07	00:45:00	150.221	150.233	150.217	150.229	139	0	75
2025.10.07	01:00:00	150.241	150.314	150.239	150.286	532	0	26
2025.10.07	01:15:00	150.289	150.311	150.267	150.304	1023	0	25
2025.10.07	01:30:00	150.303	150.376	150.289	150.354	886	0	20
2025.10.07	01:45:00	150.355	150.36	150.308	150.309	395	0	20
2025.10.07	02:00:00	150.305	150.36	150.254	150.36	596	0	20
2025.10.07	02:15:00	150.359	150.381	150.342	150.365	398	0	21
2025.10.07	02:30:00	150.37	150.384	150.273	150.307	528	0	20
2025.10.07	02:45:00	150.307	150.36	150.285	150.352	1009	0	20
2025.10.07	03:00:00	150.35	150.572	150.348	150.563	1621	0	20
2025.10.07	03:15:00	150.563	150.608	150.474	150.504	1687	0	20
2025.10.07	03:30:00	150.504	150.586	150.488	150.529	881	0	20
2025.10.07	03:45:00	150.526	150.527	150.412	150.48	1450	0	20
2025.10.07	04:00:00	150.48	150.603	150.475	150.481	954	0	20
2025.10.07	04:15:00	150.484	150.508	150.356	150.399	769	0	20
2025.10.07	04:30:00	150.399	150.466	150.387	150.465	506	0	20
2025.10.07	04:45:00	150.466	150.513	150.437	150.496	553	0	20
2025.10.07	05:00:00	150.496	150.501	150.328	150.413	839	0	20
2025.10.07	05:15:00	150.413	150.467	150.41	150.425	425	0	20
2025.10.07	05:30:00	150.424	150.466	150.404	150.454	327	0	20
2025.10.07	05:45:00	150.455	150.524	150.452	150.52	374	0	20
2025.10.07	06:00:00	150.521	150.523	150.401	150.402	387	0	20
2025.10.07	06:15:00	150.402	150.404	150.352	150.374	388	0	20
2025.10.07	06:30:00	150.374	150.443	150.369	150.375	350	0	20
2025.10.07	06:45:00	150.376	150.416	150.35	150.351	348	0	20
2025.10.07	07:00:00	150.35	150.364	150.299	150.306	400	0	21
2025.10.07	07:15:00	150.307	150.334	150.276	150.297	268	0	21
2025.10.07	07:30:00	150.298	150.379	150.237	150.366	632	0	20
2025.10.07	07:45:00	150.366	150.433	150.365	150.405	327	0	20
2025.10.07	08:00:00	150.406	150.496	150.391	150.463	437	0	20
2025.10.07	08:15:00	150.463	150.514	150.449	150.477	399	0	20
2025.10.07	08:30:00	150.479	150.512	150.428	150.496	443	0	20
2025.10.07	08:45:00	150.497	150.532	150.443	150.486	643	0	20
2025.10.07	09:00:00	150.487	150.667	150.486	150.615	1772	0	20
2025.10.07	09:15:00	150.615	150.69	150.57	150.673	1190	0	20
2025.10.07	09:30:00	150.676	150.681	150.62	150.622	1093	0	20
2025.10.07	09:45:00	150.623	150.65	150.57	150.614	1565	0	20
2025.10.07	10:00:00	150.614	150.701	150.597	150.62	1292	0	20
2025.10.07	10:15:00	150.62	150.623	150.526	150.549	1573	0	20
2025.10.07	10:30:00	150.551	150.612	150.546	150.611	1184	0	20
2025.10.07	10:45:00	150.611	150.641	150.584	150.612	1066	0	20
2025.10.07	11:00:00	150.612	150.62	150.513	150.576	823	0	20
2025.10.07	11:15:00	150.576	150.662	150.563	150.655	904	0	20
2025.10.07	11:30:00	150.656	150.752	150.64	150.737	1030	0	20
2025.10.07	11:45:00	150.737	150.821	150.735	150.783	1031	0	20
2025.10.07	12:00:00	150.782	150.82	150.737	150.788	1176	0	20
2025.10.07	12:15:00	150.788	150.815	150.747	150.77	890	0	20
2025.10.07	12:30:00	150.771	150.803	150.725	150.737	919	0	20
2025.10.07	12:45:00	150.736	150.759	150.716	150.744	934	0	20
2025.10.07	13:00:00	150.744	150.776	150.709	150.764	654	0	20
2025.10.07	13:15:00	150.764	150.765	150.725	150.747	468	0	20
2025.10.07	13:30:00	150.748	150.748	150.705	150.715	564	0	20
2025.10.07	13:45:00	150.715	150.787	150.696	150.762	863	0	20
2025.10.07	14:00:00	150.764	150.835	150.753	150.832	622	0	20
2025.10.07	14:15:00	150.832	150.868	150.82	150.865	717	0	20
2025.10.07	14:30:00	150.867	150.872	150.832	150.859	730	0	20
2025.10.07	14:45:00	150.859	150.94	150.855	150.886	1068	0	20
2025.10.07	15:00:00	150.887	150.938	150.844	150.935	1155	0	20
2025.10.07	15:15:00	150.936	151.017	150.828	150.903	1378	0	20
2025.10.07	15:30:00	150.903	150.946	150.849	150.864	1284	0	20
2025.10.07	15:45:00	150.866	150.88	150.793	150.821	1358	0	20
2025.10.07	16:00:00	150.822	150.873	150.722	150.857	1585	0	20
2025.10.07	16:15:00	150.856	150.862	150.741	150.781	1193	0	20
2025.10.07	16:30:00	150.782	150.862	150.769	150.825	1563	0	20
2025.10.07	16:45:00	150.824	150.931	150.806	150.924	1194	0	20
2025.10.07	17:00:00	150.926	151.106	150.926	150.969	2005	0	20
2025.10.07	17:15:00	150.97	151.041	150.9	151.038	1486	0	20
2025.10.07	17:30:00	151.04	151.165	151.028	151.161	1679	0	20
2025.10.07	17:45:00	151.159	151.195	151.116	151.167	1421	0	20
2025.10.07	18:00:00	151.166	151.195	150.988	151.042	1672	0	20
2025.10.07	18:15:00	151.041	151.146	150.97	151.122	1576	0	20
2025.10.07	18:30:00	151.121	151.18	151.108	151.109	1553	0	20
2025.10.07	18:45:00	151.107	151.166	151.042	151.165	1593	0	20
2025.10.07	19:00:00	151.167	151.181	151.089	151.143	1351	0	20
2025.10.07	19:15:00	151.142	151.225	151.137	151.18	799	0	20
2025.10.07	19:30:00	151.181	151.399	151.181	151.295	1289	0	20
2025.10.07	19:45:00	151.294	151.351	151.276	151.316	1084	0	20
2025.10.07	20:00:00	151.315	151.357	151.24	151.356	1163	0	20
2025.10.07	20:15:00	151.357	151.435	151.352	151.432	951	0	20
2025.10.07	20:30:00	151.431	151.524	151.429	151.467	1398	0	20
2025.10.07	20:45:00	151.466	151.516	151.45	151.508	697	0	20
2025.10.07	21:00:00	151.508	151.61	151.485	151.586	1014	0	20
2025.10.07	21:15:00	151.585	151.771	151.55	151.739	1294	0	20
2025.10.07	21:30:00	151.738	151.925	151.738	151.863	1125	0	20
2025.10.07	21:45:00	151.862	151.911	151.791	151.813	1056	0	20
2025.10.07	22:00:00	151.814	151.825	151.733	151.788	800	0	20
2025.10.07	22:15:00	151.788	151.872	151.778	151.839	824	0	20
2025.10.07	22:30:00	151.84	151.938	151.831	151.933	640	0	20
2025.10.07	22:45:00	151.936	151.943	151.884	151.895	582	0	20
2025.10.07	23:00:00	151.897	152.033	151.897	151.971	713	0	20
2025.10.07	23:15:00	151.968	152.025	151.942	151.944	359	0	20
2025.10.07	23:30:00	151.947	151.964	151.938	151.938	197	0	21
2025.10.07	23:45:00	151.939	151.94	151.868	151.88	565	0	21
2025.10.08	00:00:00	151.877	151.905	151.867	151.894	51	0	35
2025.10.08	00:15:00	151.894	151.894	151.865	151.873	146	0	44
2025.10.08	00:30:00	151.873	151.881	151.871	151.874	138	0	33
2025.10.08	00:45:00	151.874	151.874	151.825	151.837	140	0	31
2025.10.08	01:00:00	151.861	151.875	151.725	151.787	444	0	23
2025.10.08	01:15:00	151.785	151.852	151.759	151.822	348	0	22
2025.10.08	01:30:00	151.823	151.881	151.805	151.833	373	0	20
2025.10.08	01:45:00	151.832	151.841	151.804	151.805	257	0	20
2025.10.08	02:00:00	151.806	151.953	151.785	151.945	734	0	20
2025.10.08	02:15:00	151.946	152.084	151.909	151.945	939	0	20
2025.10.08	02:30:00	151.945	152.02	151.919	151.966	706	0	20
2025.10.08	02:45:00	151.966	152.061	151.948	152.045	1245	0	20
2025.10.08	03:00:00	152.046	152.311	152.044	152.252	2063	0	20
2025.10.08	03:15:00	152.251	152.328	152.251	152.295	1620	0	20
2025.10.08	03:30:00	152.296	152.366	152.19	152.254	1586	0	20
2025.10.08	03:45:00	152.257	152.359	152.125	152.297	1703	0	20
2025.10.08	04:00:00	152.296	152.44	152.261	152.308	2079	0	20
2025.10.08	04:15:00	152.308	152.509	152.264	152.454	1396	0	20
2025.10.08	04:30:00	152.448	152.52	152.38	152.411	1339	0	20
2025.10.08	04:45:00	152.407	152.593	152.39	152.591	1072	0	20
2025.10.08	05:00:00	152.591	152.637	152.527	152.561	1239	0	20
2025.10.08	05:15:00	152.561	152.585	152.493	152.508	1311	0	20
2025.10.08	05:30:00	152.509	152.513	152.378	152.39	633	0	20
2025.10.08	05:45:00	152.389	152.474	152.294	152.473	737	0	20
2025.10.08	06:00:00	152.474	152.533	152.473	152.525	442	0	20
2025.10.08	06:15:00	152.525	152.554	152.47	152.493	264	0	20
2025.10.08	06:30:00	152.497	152.531	152.439	152.449	447	0	20
2025.10.08	06:45:00	152.45	152.473	152.392	152.401	563	0	20
2025.10.08	07:00:00	152.401	152.482	152.364	152.451	528	0	20
2025.10.08	07:15:00	152.451	152.48	152.415	152.451	362	0	20
2025.10.08	07:30:00	152.451	152.475	152.333	152.366	490	0	20
2025.10.08	07:45:00	152.367	152.402	152.297	152.354	596	0	20
2025.10.08	08:00:00	152.355	152.4	152.341	152.37	707	0	20
2025.10.08	08:15:00	152.364	152.368	152.292	152.314	683	0	20
2025.10.08	08:30:00	152.315	152.395	152.275	152.363	669	0	20
2025.10.08	08:45:00	152.357	152.43	152.318	152.391	849	0	20
2025.10.08	09:00:00	152.391	152.512	152.241	152.476	1902	0	20
2025.10.08	09:15:00	152.476	152.482	152.343	152.458	2156	0	20
2025.10.08	09:30:00	152.452	152.503	152.365	152.425	2097	0	20
2025.10.08	09:45:00	152.424	152.429	152.319	152.333	1335	0	20
2025.10.08	10:00:00	152.333	152.443	152.319	152.438	1382	0	20
2025.10.08	10:15:00	152.438	152.517	152.425	152.464	1726	0	20
2025.10.08	10:30:00	152.465	152.48	152.381	152.425	1490	0	20
2025.10.08	10:45:00	152.425	152.543	152.341	152.532	2010	0	20
2025.10.08	11:00:00	152.533	152.556	152.366	152.422	1423	0	20
2025.10.08	11:15:00	152.423	152.448	152.366	152.395	1709	0	20
2025.10.08	11:30:00	152.395	152.556	152.382	152.547	1249	0	20
2025.10.08	11:45:00	152.544	152.775	152.529	152.734	1877	0	20
2025.10.08	12:00:00	152.734	152.879	152.719	152.721	1673	0	20
2025.10.08	12:15:00	152.721	152.89	152.708	152.863	1083	0	20
2025.10.08	12:30:00	152.864	152.951	152.863	152.95	1104	0	20
2025.10.08	12:45:00	152.948	152.988	152.845	152.961	1290	0	20
2025.10.08	13:00:00	152.962	152.987	152.828	152.852	1009	0	20
2025.10.08	13:15:00	152.853	152.91	152.752	152.78	794	0	20
2025.10.08	13:30:00	152.781	152.919	152.778	152.855	529	0	20
2025.10.08	13:45:00	152.856	152.924	152.641	152.718	1036	0	20
2025.10.08	14:00:00	152.697	152.838	152.662	152.74	1332	0	20
2025.10.08	14:15:00	152.742	152.761	152.645	152.669	892	0	20
2025.10.08	14:30:00	152.668	152.75	152.633	152.709	754	0	20
2025.10.08	14:45:00	152.709	152.718	152.648	152.683	850	0	20
2025.10.08	15:00:00	152.682	152.737	152.624	152.629	1437	0	20
2025.10.08	15:15:00	152.629	152.652	152.597	152.612	1586	0	20
2025.10.08	15:30:00	152.613	152.688	152.537	152.609	1247	0	20
2025.10.08	15:45:00	152.609	152.62	152.427	152.497	1655	0	20
2025.10.08	16:00:00	152.496	152.517	152.406	152.457	1580	0	20
2025.10.08	16:15:00	152.457	152.564	152.363	152.541	1524	0	20
2025.10.08	16:30:00	152.54	152.58	152.468	152.506	2179	0	20
2025.10.08	16:45:00	152.507	152.654	152.506	152.58	2285	0	20
2025.10.08	17:00:00	152.58	152.661	152.512	152.621	1968	0	20
2025.10.08	17:15:00	152.618	152.638	152.516	152.557	1220	0	20
2025.10.08	17:30:00	152.558	152.571	152.439	152.498	1433	0	20
2025.10.08	17:45:00	152.498	152.507	152.422	152.505	1324	0	20
2025.10.08	18:00:00	152.505	152.656	152.501	152.629	920	0	20
2025.10.08	18:15:00	152.629	152.698	152.614	152.628	1044	0	20
2025.10.08	18:30:00	152.627	152.712	152.626	152.68	1270	0	20
2025.10.08	18:45:00	152.68	152.778	152.68	152.711	1026	0	20
2025.10.08	19:00:00	152.71	152.778	152.681	152.745	827	0	20
2025.10.08	19:15:00	152.746	152.755	152.711	152.733	912	0	20
2025.10.08	19:30:00	152.732	152.787	152.726	152.748	863	0	20
2025.10.08	19:45:00	152.747	152.77	152.741	152.747	611	0	20
2025.10.08	20:00:00	152.745	152.804	152.735	152.785	708	0	20
2025.10.08	20:15:00	152.786	152.791	152.752	152.782	621	0	20
2025.10.08	20:30:00	152.783	152.804	152.766	152.779	530	0	20
2025.10.08	20:45:00	152.778	152.875	152.768	152.858	719	0	20
2025.10.08	21:00:00	152.857	152.935	152.831	152.884	1103	0	20
2025.10.08	21:15:00	152.884	152.912	152.783	152.789	1560	0	20
2025.10.08	21:30:00	152.789	152.794	152.636	152.675	779	0	20
2025.10.08	21:45:00	152.675	152.717	152.663	152.71	594	0	20
2025.10.08	22:00:00	152.708	152.731	152.63	152.716	1018	0	20
2025.10.08	22:15:00	152.721	152.743	152.694	152.699	652	0	20
2025.10.08	22:30:00	152.702	152.734	152.66	152.732	548	0	20
2025.10.08	22:45:00	152.727	152.733	152.685	152.699	511	0	20
2025.10.08	23:00:00	152.698	152.724	152.684	152.71	346	0	20
2025.10.08	23:15:00	152.71	152.715	152.665	152.698	402	0	20
2025.10.08	23:30:00	152.699	152.713	152.646	152.646	300	0	21
2025.10.08	23:45:00	152.646	152.695	152.64	152.681	597	0	22
2025.10.09	00:00:00	152.598	152.629	152.525	152.61	35	0	134
2025.10.09	00:15:00	152.61	152.63	152.61	152.626	45	0	92
2025.10.09	00:30:00	152.628	152.628	152.503	152.561	57	0	90
2025.10.09	00:45:00	152.561	152.636	152.559	152.624	60	0	76
2025.10.09	01:00:00	152.624	152.66	152.598	152.609	518	0	20
2025.10.09	01:15:00	152.608	152.622	152.571	152.601	337	0	20
2025.10.09	01:30:00	152.599	152.614	152.552	152.553	465	0	21
2025.10.09	01:45:00	152.553	152.563	152.48	152.518	595	0	20
2025.10.09	02:00:00	152.517	152.54	152.452	152.469	634	0	20
2025.10.09	02:15:00	152.473	152.711	152.464	152.665	1039	0	20
2025.10.09	02:30:00	152.663	152.668	152.591	152.63	796	0	20
2025.10.09	02:45:00	152.629	152.7	152.533	152.698	1450	0	20
2025.10.09	03:00:00	152.697	152.729	152.482	152.598	1827	0	20
2025.10.09	03:15:00	152.599	152.619	152.468	152.542	1637	0	20
2025.10.09	03:30:00	152.541	152.547	152.444	152.526	1258	0	20
2025.10.09	03:45:00	152.526	152.694	152.506	152.694	1927	0	20
2025.10.09	04:00:00	152.694	152.755	152.569	152.631	2253	0	20
2025.10.09	04:15:00	152.63	152.632	152.454	152.454	1702	0	20
2025.10.09	04:30:00	152.454	152.522	152.404	152.42	1230	0	20
2025.10.09	04:45:00	152.419	152.599	152.397	152.51	915	0	20
2025.10.09	05:00:00	152.51	152.569	152.499	152.523	556	0	20
2025.10.09	05:15:00	152.523	152.595	152.51	152.545	567	0	20
2025.10.09	05:30:00	152.545	152.585	152.476	152.479	436	0	20
2025.10.09	05:45:00	152.478	152.48	152.4	152.452	608	0	20
2025.10.09	06:00:00	152.454	152.56	152.444	152.557	523	0	20
2025.10.09	06:15:00	152.556	152.569	152.48	152.511	592	0	20
2025.10.09	06:30:00	152.509	152.528	152.475	152.488	431	0	20
2025.10.09	06:45:00	152.487	152.522	152.479	152.501	365	0	20
2025.10.09	07:00:00	152.501	152.587	152.499	152.556	277	0	20
2025.10.09	07:15:00	152.555	152.581	152.537	152.581	274	0	20
2025.10.09	07:30:00	152.582	152.584	152.541	152.544	304	0	20
2025.10.09	07:45:00	152.543	152.546	152.44	152.459	417	0	20
2025.10.09	08:00:00	152.461	152.518	152.456	152.491	482	0	20
2025.10.09	08:15:00	152.491	152.533	152.491	152.531	349	0	20
2025.10.09	08:30:00	152.531	152.56	152.52	152.53	437	0	20
2025.10.09	08:45:00	152.531	152.644	152.497	152.624	655	0	20
2025.10.09	09:00:00	152.626	152.908	152.624	152.888	1341	0	20
2025.10.09	09:15:00	152.887	153.018	152.836	152.98	2073	0	20
2025.10.09	09:30:00	152.984	153.125	152.934	153.112	2461	0	20
2025.10.09	09:45:00	153.112	153.122	152.957	152.968	2015	0	20
2025.10.09	10:00:00	152.964	153.046	152.839	152.876	2016	0	20
2025.10.09	10:15:00	152.871	153.028	152.858	153.015	1243	0	20
2025.10.09	10:30:00	153.015	153.209	152.956	153.101	1477	0	20
2025.10.09	10:45:00	153.1	153.111	153.016	153.057	1783	0	20
2025.10.09	11:00:00	153.056	153.128	153.004	153.074	1899	0	20
2025.10.09	11:15:00	153.075	153.093	153.008	153.015	1395	0	20
2025.10.09	11:30:00	153.016	153.091	152.871	152.878	1386	0	20
2025.10.09	11:45:00	152.878	152.915	152.747	152.791	1313	0	20
2025.10.09	12:00:00	152.79	152.799	152.465	152.784	2472	0	20
2025.10.09	12:15:00	152.784	152.845	152.661	152.699	1995	0	20
2025.10.09	12:30:00	152.7	152.727	152.58	152.58	1218	0	20
2025.10.09	12:45:00	152.581	152.65	152.506	152.545	1305	0	20
2025.10.09	13:00:00	152.544	152.581	152.485	152.56	832	0	20
2025.10.09	13:15:00	152.559	152.652	152.556	152.626	760	0	20
2025.10.09	13:30:00	152.626	152.692	152.625	152.669	865	0	20
2025.10.09	13:45:00	152.671	152.738	152.639	152.649	863	0	20
2025.10.09	14:00:00	152.648	152.814	152.643	152.776	1225	0	20
2025.10.09	14:15:00	152.776	152.781	152.684	152.711	619	0	20
2025.10.09	14:30:00	152.713	152.751	152.649	152.682	664	0	20
2025.10.09	14:45:00	152.682	152.83	152.659	152.784	1107	0	20
2025.10.09	15:00:00	152.784	152.821	152.713	152.81	1997	0	20
2025.10.09	15:15:00	152.808	152.817	152.709	152.731	1234	0	20
2025.10.09	15:30:00	152.729	152.834	152.644	152.746	1442	0	20
2025.10.09	15:45:00	152.749	152.833	152.718	152.737	1824	0	20
2025.10.09	16:00:00	152.735	152.858	152.099	152.427	3978	0	20
2025.10.09	16:15:00	152.43	152.71	152.346	152.623	2758	0	20
2025.10.09	16:30:00	152.622	152.921	152.614	152.913	2709	0	20
2025.10.09	16:45:00	152.911	152.945	152.8	152.855	2263	0	20
2025.10.09	17:00:00	152.855	152.98	152.852	152.965	1954	0	20
2025.10.09	17:15:00	152.966	153.174	152.889	153.142	2511	0	20
2025.10.09	17:30:00	153.142	153.167	152.946	152.987	2008	0	20
2025.10.09	17:45:00	152.985	153.043	152.911	153.032	1456	0	20
2025.10.09	18:00:00	153.032	153.14	153.011	153.054	1488	0	20
2025.10.09	18:15:00	153.058	153.166	153.029	153.15	1258	0	20
2025.10.09	18:30:00	153.151	153.221	153.095	153.134	2284	0	20
2025.10.09	18:45:00	153.135	153.137	152.935	153.041	1974	0	20
2025.10.09	19:00:00	153.041	153.089	152.982	153.087	1438	0	20
2025.10.09	19:15:00	153.087	153.092	153.018	153.027	1391	0	20
2025.10.09	19:30:00	153.03	153.137	153.026	153.077	1508	0	20
2025.10.09	19:45:00	153.075	153.113	152.983	152.992	1860	0	20
2025.10.09	20:00:00	152.993	153.059	152.901	153.03	1798	0	20
2025.10.09	20:15:00	153.031	153.067	152.901	152.903	1888	0	20
2025.10.09	20:30:00	152.899	153.059	152.898	153.055	1113	0	20
2025.10.09	20:45:00	153.056	153.088	153.009	153.042	1319	0	20
2025.10.09	21:00:00	153.041	153.07	153.008	153.046	858	0	20
2025.10.09	21:15:00	153.046	153.068	152.989	153.065	816	0	20
2025.10.09	21:30:00	153.067	153.133	153.05	153.099	813	0	20
2025.10.09	21:45:00	153.1	153.203	153.088	153.169	1169	0	20
2025.10.09	22:00:00	153.168	153.17	153.085	153.148	1046	0	20
2025.10.09	22:15:00	153.147	153.165	153.116	153.13	792	0	20
2025.10.09	22:30:00	153.13	153.152	153.098	153.125	1005	0	20
2025.10.09	22:45:00	153.125	153.131	153.038	153.056	1156	0	20
2025.10.09	23:00:00	153.062	153.087	153.035	153.05	556	0	20
2025.10.09	23:15:00	153.051	153.081	153.01	153.03	343	0	20
2025.10.09	23:30:00	153.03	153.069	152.995	153.068	330	0	20
2025.10.09	23:45:00	153.068	153.088	153.052	153.059	826	0	23
2025.10.10	00:00:00	152.951	153.001	152.9	152.987	60	0	139
2025.10.10	00:15:00	152.975	153.05	152.975	153.05	67	0	65
2025.10.10	00:30:00	153.05	153.052	153.042	153.051	28	0	53
2025.10.10	00:45:00	153.049	153.05	153.036	153.042	93	0	41
2025.10.10	01:00:00	153.042	153.072	152.96	153.038	501	0	20
2025.10.10	01:15:00	153.039	153.054	153.009	153.051	304	0	20
2025.10.10	01:30:00	153.052	153.061	153.031	153.053	205	0	20
2025.10.10	01:45:00	153.053	153.054	153.019	153.019	189	0	22
2025.10.10	02:00:00	153.019	153.262	153.019	153.218	1033	0	20
2025.10.10	02:15:00	153.218	153.227	153.043	153.066	1139	0	20
2025.10.10	02:30:00	153.066	153.113	153.029	153.04	949	0	20
2025.10.10	02:45:00	153.04	153.082	152.953	153.014	1509	0	20
2025.10.10	03:00:00	153.014	153.151	152.95	153.144	1948	0	20
2025.10.10	03:15:00	153.135	153.154	153.015	153.071	1127	0	20
2025.10.10	03:30:00	153.075	153.125	153.049	153.084	907	0	20
2025.10.10	03:45:00	153.084	153.123	152.935	152.946	1859	0	20
2025.10.10	04:00:00	152.945	152.993	152.849	152.895	1579	0	20
2025.10.10	04:15:00	152.892	152.916	152.829	152.91	1065	0	20
2025.10.10	04:30:00	152.907	152.975	152.906	152.931	889	0	20
2025.10.10	04:45:00	152.932	153.04	152.92	153.01	853	0	20
2025.10.10	05:00:00	153.01	153.024	152.856	152.945	1060	0	20
2025.10.10	05:15:00	152.945	152.951	152.861	152.873	689	0	20
2025.10.10	05:30:00	152.872	152.948	152.855	152.935	427	0	20
2025.10.10	05:45:00	152.942	152.953	152.889	152.903	639	0	20
2025.10.10	06:00:00	152.907	152.925	152.821	152.876	752	0	20
2025.10.10	06:15:00	152.876	152.879	152.785	152.819	489	0	20
2025.10.10	06:30:00	152.819	152.828	152.706	152.715	797	0	20
2025.10.10	06:45:00	152.715	152.739	152.635	152.655	632	0	20
2025.10.10	07:00:00	152.654	152.726	152.628	152.715	635	0	20
2025.10.10	07:15:00	152.716	152.754	152.658	152.723	469	0	20
2025.10.10	07:30:00	152.724	152.788	152.724	152.772	470	0	20
2025.10.10	07:45:00	152.772	152.82	152.738	152.742	516	0	20
2025.10.10	08:00:00	152.742	152.768	152.676	152.762	734	0	20
2025.10.10	08:15:00	152.761	152.769	152.71	152.748	526	0	20
2025.10.10	08:30:00	152.749	152.825	152.741	152.753	527	0	20
2025.10.10	08:45:00	152.755	152.839	152.741	152.821	1113	0	20
2025.10.10	09:00:00	152.817	152.889	152.81	152.867	1003	0	20
2025.10.10	09:15:00	152.867	152.906	152.819	152.843	998	0	20
2025.10.10	09:30:00	152.843	152.887	152.366	152.701	3011	0	20
2025.10.10	09:45:00	152.699	152.74	152.487	152.521	2602	0	20
2025.10.10	10:00:00	152.521	152.738	152.475	152.692	3506	0	20
2025.10.10	10:15:00	152.692	152.939	152.669	152.879	2593	0	20
2025.10.10	10:30:00	152.879	152.907	152.811	152.83	1871	0	20
2025.10.10	10:45:00	152.831	152.896	152.795	152.836	1592	0	20
2025.10.10	11:00:00	152.837	152.926	152.657	152.704	2215	0	20
2025.10.10	11:15:00	152.703	152.709	152.583	152.631	1377	0	20
2025.10.10	11:30:00	152.632	152.744	152.631	152.723	1460	0	20
2025.10.10	11:45:00	152.723	152.749	152.634	152.635	1380	0	20
2025.10.10	12:00:00	152.635	152.695	152.601	152.672	1263	0	20
2025.10.10	12:15:00	152.671	152.779	152.649	152.765	1487	0	20
2025.10.10	12:30:00	152.764	152.836	152.755	152.818	779	0	20
2025.10.10	12:45:00	152.817	152.819	152.747	152.783	1442	0	20
2025.10.10	13:00:00	152.78	152.803	152.715	152.717	1074	0	20
2025.10.10	13:15:00	152.716	152.716	152.621	152.67	993	0	20
2025.10.10	13:30:00	152.669	152.738	152.665	152.725	807	0	20
2025.10.10	13:45:00	152.726	152.73	152.66	152.71	726	0	20
2025.10.10	14:00:00	152.71	152.749	152.669	152.685	798	0	20
2025.10.10	14:15:00	152.684	152.73	152.661	152.693	890	0	21
2025.10.10	14:30:00	152.694	152.731	152.54	152.558	1404	0	20
2025.10.10	14:45:00	152.557	152.633	152.534	152.624	1070	0	20
2025.10.10	15:00:00	152.623	152.64	152.509	152.536	1190	0	20
2025.10.10	15:15:00	152.536	152.58	152.507	152.561	1179	0	20
2025.10.10	15:30:00	152.562	152.603	152.523	152.523	1093	0	20
2025.10.10	15:45:00	152.525	152.58	152.507	152.546	865	0	20
2025.10.10	16:00:00	152.547	152.68	152.54	152.635	1534	0	20
2025.10.10	16:15:00	152.634	152.653	152.519	152.638	1600	0	20
2025.10.10	16:30:00	152.634	152.681	152.58	152.623	2257	0	20
2025.10.10	16:45:00	152.624	152.664	152.585	152.645	1352	0	20
2025.10.10	17:00:00	152.647	152.701	152.556	152.578	2022	0	20
2025.10.10	17:15:00	152.579	152.652	152.543	152.614	2013	0	20
2025.10.10	17:30:00	152.616	152.636	152.584	152.62	1338	0	20
2025.10.10	17:45:00	152.617	152.637	152.408	152.45	2026	0	20
2025.10.10	18:00:00	152.448	152.448	151.822	152.017	5017	0	20
2025.10.10	18:15:00	152.016	152.037	151.6	151.601	4509	0	20
2025.10.10	18:30:00	151.6	151.873	151.494	151.865	4879	0	20
2025.10.10	18:45:00	151.864	151.957	151.813	151.933	4272	0	20
2025.10.10	19:00:00	151.933	151.971	151.832	151.92	3356	0	20
2025.10.10	19:15:00	151.921	152.176	151.919	152.075	2912	0	20
2025.10.10	19:30:00	152.074	152.125	151.976	151.992	2498	0	20
2025.10.10	19:45:00	151.994	152.014	151.858	151.878	2095	0	20
2025.10.10	20:00:00	151.877	151.937	151.767	151.841	2232	0	20
2025.10.10	20:15:00	151.842	151.852	151.71	151.831	2446	0	20
2025.10.10	20:30:00	151.83	151.932	151.823	151.868	1660	0	20
2025.10.10	20:45:00	151.867	151.933	151.824	151.857	1370	0	20
2025.10.10	21:00:00	151.857	151.889	151.75	151.811	1529	0	20
2025.10.10	21:15:00	151.812	151.851	151.742	151.754	1290	0	20
2025.10.10	21:30:00	151.753	151.776	151.696	151.723	1221	0	20
2025.10.10	21:45:00	151.724	151.753	151.622	151.707	1696	0	20
2025.10.10	22:00:00	151.706	151.795	151.691	151.697	1406	0	20
2025.10.10	22:15:00	151.696	151.733	151.63	151.636	1134	0	20
2025.10.10	22:30:00	151.627	151.661	151.52	151.608	1226	0	20
2025.10.10	22:45:00	151.609	151.678	151.538	151.579	1463	0	20
2025.10.10	23:00:00	151.579	151.668	151.564	151.638	727	0	20
2025.10.10	23:15:00	151.638	151.651	151.582	151.63	525	0	20
2025.10.10	23:30:00	151.63	151.7	151.615	151.666	480	0	20
2025.10.10	23:45:00	151.665	151.712	151.154	151.162	1867	0	20
2025.10.13	00:00:00	151.847	151.859	151.773	151.825	86	0	60
2025.10.13	00:15:00	151.826	151.888	151.826	151.869	59	0	47
2025.10.13	00:30:00	151.869	151.869	151.792	151.853	90	0	39
2025.10.13	00:45:00	151.852	151.892	151.783	151.783	162	0	47
2025.10.13	01:00:00	151.784	152.105	151.782	152.087	1510	0	23
2025.10.13	01:15:00	152.087	152.267	152.043	152.045	1338	0	20
2025.10.13	01:30:00	152.043	152.068	151.855	151.877	1230	0	20
2025.10.13	01:45:00	151.877	151.985	151.874	151.925	887	0	20
2025.10.13	02:00:00	151.918	151.945	151.729	151.904	1761	0	20
2025.10.13	02:15:00	151.902	151.93	151.818	151.879	1034	0	20
2025.10.13	02:30:00	151.879	152.025	151.815	152.003	1441	0	20
2025.10.13	02:45:00	152.003	152.077	151.903	152.058	2115	0	20
2025.10.13	03:00:00	152.057	152.067	151.928	151.982	2861	0	20
2025.10.13	03:15:00	151.979	152.005	151.903	151.958	1953	0	20
2025.10.13	03:30:00	151.959	151.997	151.856	151.869	1722	0	20
2025.10.13	03:45:00	151.87	151.894	151.791	151.834	1991	0	20
2025.10.13	04:00:00	151.835	151.968	151.798	151.923	1971	0	20
2025.10.13	04:15:00	151.924	151.963	151.867	151.947	1661	0	20
2025.10.13	04:30:00	151.946	151.963	151.883	151.915	1304	0	20
2025.10.13	04:45:00	151.916	151.965	151.904	151.946	1405	0	20
2025.10.13	05:00:00	151.946	151.964	151.84	151.845	1200	0	21
2025.10.13	05:15:00	151.844	151.952	151.843	151.95	751	0	20
2025.10.13	05:30:00	151.951	151.975	151.925	151.943	765	0	20
2025.10.13	05:45:00	151.944	151.971	151.922	151.926	631	0	20
2025.10.13	06:00:00	151.926	151.954	151.891	151.95	631	0	20
2025.10.13	06:15:00	151.949	151.976	151.943	151.97	505	0	20
2025.10.13	06:30:00	151.972	152.003	151.905	151.945	702	0	20
2025.10.13	06:45:00	151.946	151.973	151.906	151.92	736	0	20
2025.10.13	07:00:00	151.92	151.957	151.88	151.887	433	0	20
2025.10.13	07:15:00	151.886	151.889	151.798	151.866	438	0	20
2025.10.13	07:30:00	151.865	151.916	151.843	151.901	373	0	20
2025.10.13	07:45:00	151.901	151.945	151.892	151.901	420	0	20
2025.10.13	08:00:00	151.896	151.902	151.849	151.866	592	0	20
2025.10.13	08:15:00	151.867	151.868	151.755	151.82	617	0	20
2025.10.13	08:30:00	151.821	151.833	151.78	151.787	565	0	20
2025.10.13	08:45:00	151.787	151.89	151.787	151.866	893	0	20
2025.10.13	09:00:00	151.863	151.916	151.736	151.753	1729	0	20
2025.10.13	09:15:00	151.755	151.822	151.712	151.817	1525	0	20
2025.10.13	09:30:00	151.816	151.855	151.782	151.795	1438	0	20
2025.10.13	09:45:00	151.803	152.014	151.792	151.932	1712	0	20
2025.10.13	10:00:00	151.933	152.257	151.901	152.25	2313	0	20
2025.10.13	10:15:00	152.251	152.302	152.164	152.268	1869	0	20
2025.10.13	10:30:00	152.267	152.364	152.224	152.253	1659	0	20
2025.10.13	10:45:00	152.252	152.327	152.212	152.289	1315	0	20
2025.10.13	11:00:00	152.293	152.319	152.245	152.271	1343	0	20
2025.10.13	11:15:00	152.272	152.361	152.24	152.353	918	0	20
2025.10.13	11:30:00	152.354	152.438	152.279	152.303	1295	0	20
2025.10.13	11:45:00	152.305	152.336	152.266	152.33	1097	0	20
2025.10.13	12:00:00	152.331	152.359	152.204	152.23	1015	0	20
2025.10.13	12:15:00	152.239	152.255	152.197	152.22	482	0	20
2025.10.13	12:30:00	152.22	152.229	152.15	152.2	757	0	20
2025.10.13	12:45:00	152.2	152.239	152.152	152.161	1195	0	20
2025.10.13	13:00:00	152.16	152.191	152.148	152.185	902	0	20
2025.10.13	13:15:00	152.185	152.221	152.125	152.186	1094	0	20
2025.10.13	13:30:00	152.185	152.188	152.137	152.157	894	0	20
2025.10.13	13:45:00	152.156	152.171	152.117	152.159	484	0	20
2025.10.13	14:00:00	152.16	152.162	151.968	152.046	2368	0	20
2025.10.13	14:15:00	152.043	152.06	151.991	152.013	1288	0	20
2025.10.13	14:30:00	152.013	152.12	151.975	152.097	1262	0	20
2025.10.13	14:45:00	152.096	152.128	152.023	152.097	1206	0	20
2025.10.13	15:00:00	152.094	152.132	152.041	152.098	1525	0	20
2025.10.13	15:15:00	152.098	152.131	152.071	152.117	894	0	20
2025.10.13	15:30:00	152.116	152.214	152.096	152.178	1698	0	20
2025.10.13	15:45:00	152.177	152.258	152.15	152.204	1303	0	20
2025.10.13	16:00:00	152.204	152.253	152.166	152.187	1835	0	20
2025.10.13	16:15:00	152.186	152.242	152.15	152.155	831	0	20
2025.10.13	16:30:00	152.154	152.21	152.094	152.173	1663	0	20
2025.10.13	16:45:00	152.171	152.18	152.107	152.178	1621	0	20
2025.10.13	17:00:00	152.18	152.339	152.171	152.338	1395	0	20
2025.10.13	17:15:00	152.339	152.399	152.336	152.371	2227	0	20
2025.10.13	17:30:00	152.371	152.438	152.357	152.419	1861	0	20
2025.10.13	17:45:00	152.419	152.43	152.301	152.363	1531	0	20
2025.10.13	18:00:00	152.363	152.382	152.292	152.294	1348	0	20
2025.10.13	18:15:00	152.292	152.31	152.251	152.295	1648	0	20
2025.10.13	18:30:00	152.296	152.309	152.252	152.282	1104	0	20
2025.10.13	18:45:00	152.283	152.295	152.232	152.249	1284	0	20
2025.10.13	19:00:00	152.249	152.249	152.188	152.224	1134	0	20
2025.10.13	19:15:00	152.223	152.256	152.207	152.234	696	0	20
2025.10.13	19:30:00	152.234	152.281	152.232	152.266	504	0	21
2025.10.13	19:45:00	152.268	152.29	152.242	152.269	614	0	22
2025.10.13	20:00:00	152.27	152.337	152.255	152.289	465	0	21
2025.10.13	20:15:00	152.29	152.294	152.238	152.255	533	0	20
2025.10.13	20:30:00	152.254	152.275	152.229	152.265	489	0	20
2025.10.13	20:45:00	152.265	152.269	152.221	152.253	952	0	20
2025.10.13	21:00:00	152.255	152.256	152.216	152.229	431	0	21
2025.10.13	21:15:00	152.228	152.245	152.216	152.241	385	0	21
2025.10.13	21:30:00	152.242	152.278	152.208	152.273	431	0	20
2025.10.13	21:45:00	152.272	152.325	152.272	152.275	706	0	20
2025.10.13	22:00:00	152.274	152.278	152.249	152.264	591	0	20
2025.10.13	22:15:00	152.264	152.27	152.243	152.265	373	0	21
2025.10.13	22:30:00	152.265	152.288	152.253	152.279	377	0	20
2025.10.13	22:45:00	152.286	152.315	152.278	152.314	492	0	21
2025.10.13	23:00:00	152.313	152.324	152.29	152.315	321	0	20
2025.10.13	23:15:00	152.314	152.34	152.297	152.335	537	0	21
2025.10.13	23:30:00	152.336	152.339	152.301	152.303	308	0	22
2025.10.13	23:45:00	152.304	152.328	152.261	152.28	853	0	20
2025.10.14	00:00:00	152.144	152.145	152.124	152.126	41	0	161
2025.10.14	00:15:00	152.126	152.159	152.124	152.146	35	0	137
2025.10.14	00:30:00	152.147	152.179	152.136	152.16	305	0	113
2025.10.14	00:45:00	152.16	152.226	152.105	152.181	442	0	61
2025.10.14	01:00:00	152.181	152.247	152.181	152.191	279	0	20
2025.10.14	01:15:00	152.192	152.261	152.179	152.261	206	0	20
2025.10.14	01:30:00	152.261	152.311	152.252	152.31	188	0	20
2025.10.14	01:45:00	152.31	152.335	152.26	152.332	281	0	21
2025.10.14	02:00:00	152.331	152.368	152.317	152.338	448	0	20
2025.10.14	02:15:00	152.338	152.342	152.299	152.334	426	0	20
2025.10.14	02:30:00	152.335	152.343	152.269	152.331	371	0	20
2025.10.14	02:45:00	152.33	152.45	152.282	152.446	1357	0	20
2025.10.14	03:00:00	152.445	152.526	152.417	152.444	2355	0	20
2025.10.14	03:15:00	152.444	152.568	152.443	152.561	1068	0	20
2025.10.14	03:30:00	152.561	152.603	152.524	152.528	1098	0	20
2025.10.14	03:45:00	152.529	152.552	152.427	152.456	1421	0	20
2025.10.14	04:00:00	152.455	152.459	152.343	152.38	1653	0	20
2025.10.14	04:15:00	152.38	152.489	152.369	152.466	1261	0	20
2025.10.14	04:30:00	152.464	152.488	152.406	152.437	1400	0	20
2025.10.14	04:45:00	152.437	152.466	152.37	152.447	893	0	20
2025.10.14	05:00:00	152.448	152.457	152.385	152.448	766	0	20
2025.10.14	05:15:00	152.447	152.466	152.43	152.434	646	0	20
2025.10.14	05:30:00	152.435	152.475	152.43	152.446	930	0	20
2025.10.14	05:45:00	152.446	152.466	152.349	152.37	743	0	20
2025.10.14	06:00:00	152.37	152.383	152.285	152.304	919	0	20
2025.10.14	06:15:00	152.304	152.328	152.29	152.302	601	0	20
2025.10.14	06:30:00	152.303	152.303	152.098	152.099	842	0	20
2025.10.14	06:45:00	152.094	152.147	152.038	152.138	868	0	20
2025.10.14	07:00:00	152.137	152.139	151.851	151.862	1663	0	20
2025.10.14	07:15:00	151.864	151.887	151.771	151.837	2240	0	20
2025.10.14	07:30:00	151.837	151.917	151.81	151.875	1960	0	20
2025.10.14	07:45:00	151.876	151.9	151.771	151.849	1251	0	20
2025.10.14	08:00:00	151.849	151.913	151.799	151.863	1307	0	20
2025.10.14	08:15:00	151.864	151.935	151.861	151.88	983	0	20
2025.10.14	08:30:00	151.882	151.891	151.661	151.74	2025	0	20
2025.10.14	08:45:00	151.74	151.784	151.688	151.703	2042	0	20
2025.10.14	09:00:00	151.703	151.855	151.606	151.843	2698	0	20
2025.10.14	09:15:00	151.842	151.884	151.693	151.752	1994	0	20
2025.10.14	09:30:00	151.752	151.889	151.752	151.881	1849	0	20
2025.10.14	09:45:00	151.882	151.965	151.874	151.885	1797	0	20
2025.10.14	10:00:00	151.886	151.886	151.663	151.823	2272	0	20
2025.10.14	10:15:00	151.823	151.956	151.805	151.947	2470	0	20
2025.10.14	10:30:00	151.947	152.063	151.832	151.923	3167	0	20
2025.10.14	10:45:00	151.921	151.991	151.889	151.951	2498	0	20
2025.10.14	11:00:00	151.954	152.114	151.924	152.059	2350	0	20
2025.10.14	11:15:00	152.059	152.088	152.012	152.059	1648	0	20
2025.10.14	11:30:00	152.059	152.067	151.956	152.001	1665	0	20
2025.10.14	11:45:00	152.002	152.007	151.921	151.966	1123	0	20
2025.10.14	12:00:00	151.965	152.143	151.964	152.13	1246	0	20
2025.10.14	12:15:00	152.13	152.138	152.025	152.052	1126	0	20
2025.10.14	12:30:00	152.053	152.068	151.963	152.011	1105	0	20
2025.10.14	12:45:00	152.011	152.107	151.964	152.1	1491	0	20
2025.10.14	13:00:00	152.101	152.114	151.954	151.971	1899	0	20
2025.10.14	13:15:00	151.971	152.071	151.968	152.01	1016	0	20
2025.10.14	13:30:00	152.006	152.02	151.939	151.946	1307	0	20
2025.10.14	13:45:00	151.946	152.001	151.903	151.937	1266	0	20
2025.10.14	14:00:00	151.936	152.069	151.93	152.034	1276	0	20
2025.10.14	14:15:00	152.032	152.077	152.0	152.03	1353	0	20
2025.10.14	14:30:00	152.027	152.117	152.001	152.087	815	0	20
2025.10.14	14:45:00	152.088	152.095	152.043	152.083	1426	0	20
2025.10.14	15:00:00	152.084	152.117	152.021	152.04	1594	0	20
2025.10.14	15:15:00	152.041	152.041	151.851	151.922	1395	0	20
2025.10.14	15:30:00	151.922	152.007	151.858	151.966	1303	0	20
2025.10.14	15:45:00	151.966	152.091	151.961	152.036	1704	0	20
2025.10.14	16:00:00	152.035	152.152	151.977	151.98	1927	0	20
2025.10.14	16:15:00	151.978	152.035	151.931	151.969	2295	0	20
2025.10.14	16:30:00	151.971	152.047	151.82	151.855	3105	0	20
2025.10.14	16:45:00	151.854	151.992	151.81	151.987	2613	0	20
2025.10.14	17:00:00	151.987	152.078	151.923	151.955	2611	0	20
2025.10.14	17:15:00	151.952	152.074	151.91	152.071	2430	0	20
2025.10.14	17:30:00	152.071	152.093	151.94	151.98	2309	0	20
2025.10.14	17:45:00	151.981	152.026	151.82	151.821	2059	0	20
2025.10.14	18:00:00	151.82	151.927	151.806	151.846	1896	0	20
2025.10.14	18:15:00	151.846	151.88	151.785	151.833	1538	0	20
2025.10.14	18:30:00	151.833	151.879	151.73	151.831	2126	0	20
2025.10.14	18:45:00	151.831	151.869	151.764	151.771	2737	0	20
2025.10.14	19:00:00	151.77	151.821	151.739	151.809	1907	0	20
2025.10.14	19:15:00	151.808	151.907	151.671	151.811	2231	0	20
2025.10.14	19:30:00	151.811	151.861	151.668	151.675	1460	0	20
2025.10.14	19:45:00	151.677	151.741	151.657	151.724	1132	0	20
2025.10.14	20:00:00	151.725	151.814	151.663	151.813	1348	0	20
2025.10.14	20:15:00	151.813	151.858	151.798	151.835	901	0	20
2025.10.14	20:30:00	151.836	151.84	151.765	151.782	624	0	20
2025.10.14	20:45:00	151.783	151.797	151.697	151.719	1119	0	20
2025.10.14	21:00:00	151.72	151.745	151.688	151.728	1010	0	20
2025.10.14	21:15:00	151.727	151.778	151.725	151.756	1179	0	20
2025.10.14	21:30:00	151.757	151.78	151.726	151.767	969	0	20
2025.10.14	21:45:00	151.767	151.791	151.728	151.752	1249	0	20
2025.10.14	22:00:00	151.751	151.765	151.698	151.738	927	0	20
2025.10.14	22:15:00	151.736	151.755	151.711	151.729	911	0	20
2025.10.14	22:30:00	151.728	151.731	151.593	151.612	2299	0	20
2025.10.14	22:45:00	151.615	151.711	151.605	151.676	1484	0	20
2025.10.14	23:00:00	151.677	151.752	151.677	151.72	732	0	20
2025.10.14	23:15:00	151.72	151.788	151.72	151.776	289	0	20
2025.10.14	23:30:00	151.776	151.812	151.776	151.78	287	0	20
2025.10.14	23:45:00	151.78	151.818	151.78	151.818	487	0	20
2025.10.15	00:00:00	151.714	151.728	151.647	151.647	26	0	117
2025.10.15	00:15:00	151.648	151.735	151.647	151.735	46	0	119
2025.10.15	00:30:00	151.735	151.741	151.67	151.724	112	0	92
2025.10.15	00:45:00	151.722	151.726	151.671	151.688	54	0	89
2025.10.15	01:00:00	151.688	151.861	151.684	151.779	423	0	20
2025.10.15	01:15:00	151.779	151.79	151.733	151.786	510	0	23
2025.10.15	01:30:00	151.783	151.79	151.732	151.776	606	0	20
2025.10.15	01:45:00	151.777	151.82	151.752	151.796	505	0	23
2025.10.15	02:00:00	151.795	151.84	151.775	151.795	452	0	21
2025.10.15	02:15:00	151.794	151.819	151.731	151.764	549	0	20
2025.10.15	02:30:00	151.765	151.789	151.731	151.731	412	0	20
2025.10.15	02:45:00	151.732	151.766	151.683	151.692	906	0	20
2025.10.15	03:00:00	151.698	151.816	151.621	151.802	1833	0	20
2025.10.15	03:15:00	151.802	151.825	151.656	151.709	1152	0	20
2025.10.15	03:30:00	151.708	151.743	151.531	151.549	1360	0	20
2025.10.15	03:45:00	151.548	151.628	151.485	151.553	2199	0	20
2025.10.15	04:00:00	151.544	151.594	151.401	151.429	1637	0	20
2025.10.15	04:15:00	151.43	151.443	151.311	151.384	1485	0	20
2025.10.15	04:30:00	151.385	151.443	151.323	151.408	834	0	20
2025.10.15	04:45:00	151.409	151.409	151.289	151.292	1153	0	20
2025.10.15	05:00:00	151.292	151.304	151.124	151.144	1350	0	20
2025.10.15	05:15:00	151.145	151.228	151.094	151.152	1157	0	20
2025.10.15	05:30:00	151.152	151.167	151.039	151.071	1328	0	20
2025.10.15	05:45:00	151.069	151.083	151.022	151.047	923	0	20
2025.10.15	06:00:00	151.046	151.047	150.993	151.031	696	0	20
2025.10.15	06:15:00	151.03	151.101	151.025	151.078	700	0	21
2025.10.15	06:30:00	151.077	151.136	151.07	151.102	590	0	20
2025.10.15	06:45:00	151.103	151.156	151.085	151.127	417	0	20
2025.10.15	07:00:00	151.127	151.128	151.079	151.108	495	0	20
2025.10.15	07:15:00	151.108	151.207	151.101	151.181	571	0	20
2025.10.15	07:30:00	151.18	151.236	151.175	151.191	410	0	20
2025.10.15	07:45:00	151.191	151.24	151.181	151.236	386	0	20
2025.10.15	08:00:00	151.243	151.26	151.222	151.242	627	0	20
2025.10.15	08:15:00	151.244	151.247	151.133	151.134	507	0	20
2025.10.15	08:30:00	151.136	151.194	151.1	151.155	797	0	20
2025.10.15	08:45:00	151.154	151.238	151.14	151.192	811	0	20
2025.10.15	09:00:00	151.192	151.195	150.897	150.921	1713	0	20
2025.10.15	09:15:00	150.917	151.03	150.888	151.022	1484	0	20
2025.10.15	09:30:00	151.022	151.092	151.01	151.022	1077	0	20
2025.10.15	09:45:00	151.021	151.042	150.959	151.026	1278	0	20
2025.10.15	10:00:00	151.028	151.143	150.973	151.126	1662	0	20
2025.10.15	10:15:00	151.132	151.258	151.127	151.247	1384	0	20
2025.10.15	10:30:00	151.25	151.285	151.135	151.137	1125	0	20
2025.10.15	10:45:00	151.143	151.238	151.085	151.234	1324	0	20
2025.10.15	11:00:00	151.235	151.319	151.175	151.296	1752	0	20
2025.10.15	11:15:00	151.295	151.387	151.215	151.234	2037	0	20
2025.10.15	11:30:00	151.228	151.247	151.141	151.188	896	0	20
2025.10.15	11:45:00	151.188	151.234	151.114	151.208	1684	0	20
2025.10.15	12:00:00	151.208	151.346	151.208	151.314	1345	0	20
2025.10.15	12:15:00	151.312	151.395	151.302	151.381	1838	0	20
2025.10.15	12:30:00	151.381	151.398	151.342	151.379	1566	0	20
2025.10.15	12:45:00	151.377	151.423	151.317	151.334	1325	0	20
2025.10.15	13:00:00	151.335	151.484	151.328	151.426	1443	0	20
2025.10.15	13:15:00	151.426	151.473	151.397	151.429	1076	0	20
2025.10.15	13:30:00	151.428	151.456	151.38	151.393	1053	0	20
2025.10.15	13:45:00	151.394	151.411	151.335	151.355	597	0	20
2025.10.15	14:00:00	151.355	151.392	151.309	151.339	817	0	20
2025.10.15	14:15:00	151.338	151.373	151.326	151.35	749	0	20
2025.10.15	14:30:00	151.349	151.418	151.34	151.384	862	0	20
2025.10.15	14:45:00	151.385	151.5	151.384	151.486	1389	0	20
2025.10.15	15:00:00	151.486	151.615	151.445	151.576	1597	0	20
2025.10.15	15:15:00	151.575	151.676	151.521	151.526	2339	0	20
2025.10.15	15:30:00	151.526	151.628	151.514	151.601	2497	0	20
2025.10.15	15:45:00	151.602	151.656	151.512	151.625	2379	0	20
2025.10.15	16:00:00	151.626	151.727	151.6	151.665	1821	0	20
2025.10.15	16:15:00	151.665	151.694	151.615	151.626	1863	0	20
2025.10.15	16:30:00	151.624	151.692	151.499	151.515	3146	0	20
2025.10.15	16:45:00	151.517	151.542	151.387	151.393	2574	0	20
2025.10.15	17:00:00	151.391	151.5	151.34	151.417	1886	0	20
2025.10.15	17:15:00	151.418	151.426	151.305	151.343	1476	0	20
2025.10.15	17:30:00	151.343	151.444	151.33	151.433	929	0	20
2025.10.15	17:45:00	151.433	151.433	151.311	151.39	1360	0	20
2025.10.15	18:00:00	151.391	151.45	151.252	151.27	1606	0	20
2025.10.15	18:15:00	151.269	151.307	151.17	151.219	1457	0	20
2025.10.15	18:30:00	151.217	151.227	151.036	151.058	1867	0	20
2025.10.15	18:45:00	151.056	151.26	151.028	151.21	2135	0	20
2025.10.15	19:00:00	151.208	151.311	151.197	151.27	1926	0	20
2025.10.15	19:15:00	151.27	151.272	151.181	151.215	1576	0	20
2025.10.15	19:30:00	151.215	151.266	151.183	151.212	1408	0	20
2025.10.15	19:45:00	151.211	151.229	151.165	151.181	1007	0	20
2025.10.15	20:00:00	151.182	151.225	151.055	151.127	1858	0	20
2025.10.15	20:15:00	151.127	151.262	151.114	151.253	2043	0	20
2025.10.15	20:30:00	151.253	151.319	151.236	151.286	1220	0	20
2025.10.15	20:45:00	151.287	151.332	151.262	151.322	905	0	20
2025.10.15	21:00:00	151.321	151.38	151.275	151.321	1271	0	20
2025.10.15	21:15:00	151.32	151.349	151.207	151.256	1633	0	20
2025.10.15	21:30:00	151.255	151.317	151.244	151.307	1119	0	20
2025.10.15	21:45:00	151.306	151.351	151.301	151.323	1107	0	20
2025.10.15	22:00:00	151.323	151.333	151.235	151.252	600	0	20
2025.10.15	22:15:00	151.251	151.276	151.232	151.255	680	0	20
2025.10.15	22:30:00	151.256	151.267	151.227	151.261	642	0	20
2025.10.15	22:45:00	151.262	151.269	151.222	151.246	860	0	20
2025.10.15	23:00:00	151.244	151.264	151.177	151.244	664	0	20
2025.10.15	23:15:00	151.244	151.254	151.181	151.208	590	0	20
2025.10.15	23:30:00	151.208	151.209	151.102	151.134	504	0	20
2025.10.15	23:45:00	151.134	151.135	151.03	151.038	937	0	20
2025.10.16	00:00:00	151.02	151.073	151.008	151.047	44	0	44
2025.10.16	00:15:00	151.047	151.122	151.01	151.11	86	0	51
2025.10.16	00:30:00	151.111	151.111	151.02	151.035	61	0	51
2025.10.16	00:45:00	151.041	151.045	150.999	151.029	92	0	52
2025.10.16	01:00:00	151.078	151.078	151.0	151.05	309	0	20
2025.10.16	01:15:00	151.051	151.076	151.038	151.052	395	0	23
2025.10.16	01:30:00	151.053	151.059	150.812	150.819	568	0	20
2025.10.16	01:45:00	150.819	150.909	150.74	150.905	922	0	20
2025.10.16	02:00:00	150.905	150.975	150.87	150.961	613	0	20
2025.10.16	02:15:00	150.961	151.027	150.933	150.999	513	0	21
2025.10.16	02:30:00	150.999	151.012	150.921	150.963	664	0	20
2025.10.16	02:45:00	150.963	150.993	150.899	150.978	1082	0	20
2025.10.16	03:00:00	150.977	151.081	150.77	150.779	2169	0	20
2025.10.16	03:15:00	150.778	150.819	150.569	150.579	1814	0	20
2025.10.16	03:30:00	150.579	150.617	150.501	150.559	2106	0	20
2025.10.16	03:45:00	150.559	150.705	150.557	150.696	1971	0	20
2025.10.16	04:00:00	150.698	150.747	150.658	150.705	1338	0	20
2025.10.16	04:15:00	150.705	150.756	150.632	150.661	1856	0	20
2025.10.16	04:30:00	150.66	150.716	150.542	150.548	1571	0	20
2025.10.16	04:45:00	150.547	150.657	150.502	150.587	1211	0	20
2025.10.16	05:00:00	150.586	150.666	150.557	150.663	1034	0	20
2025.10.16	05:15:00	150.663	150.724	150.644	150.72	794	0	20
2025.10.16	05:30:00	150.72	150.735	150.683	150.716	1028	0	20
2025.10.16	05:45:00	150.717	150.768	150.699	150.763	876	0	20
2025.10.16	06:00:00	150.764	150.834	150.749	150.774	1042	0	20
2025.10.16	06:15:00	150.78	150.868	150.718	150.815	758	0	20
2025.10.16	06:30:00	150.818	150.876	150.813	150.854	859	0	20
2025.10.16	06:45:00	150.856	150.862	150.819	150.86	669	0	20
2025.10.16	07:00:00	150.861	150.913	150.853	150.906	387	0	20
2025.10.16	07:15:00	150.908	150.936	150.889	150.936	425	0	20
2025.10.16	07:30:00	150.932	150.97	150.93	150.961	283	0	20
2025.10.16	07:45:00	150.959	151.102	150.956	151.029	749	0	20
2025.10.16	08:00:00	151.029	151.141	151.007	151.122	1024	0	20
2025.10.16	08:15:00	151.121	151.181	151.048	151.079	1115	0	20
2025.10.16	08:30:00	151.08	151.159	151.077	151.119	1643	0	20
2025.10.16	08:45:00	151.118	151.132	151.029	151.046	1243	0	20
2025.10.16	09:00:00	151.047	151.111	151.008	151.013	2079	0	20
2025.10.16	09:15:00	151.014	151.08	150.951	151.063	2009	0	20
2025.10.16	09:30:00	151.064	151.26	151.064	151.254	1463	0	20
2025.10.16	09:45:00	151.255	151.258	151.163	151.19	1385	0	20
2025.10.16	10:00:00	151.192	151.22	151.04	151.056	1976	0	20
2025.10.16	10:15:00	151.056	151.091	151.017	151.07	1419	0	20
2025.10.16	10:30:00	151.072	151.117	150.961	150.985	1207	0	20
2025.10.16	10:45:00	150.985	151.372	150.931	151.232	1924	0	20
2025.10.16	11:00:00	151.233	151.277	151.084	151.141	1472	0	20
2025.10.16	11:15:00	151.141	151.192	151.049	151.125	1563	0	20
2025.10.16	11:30:00	151.126	151.17	151.104	151.161	815	0	20
2025.10.16	11:45:00	151.164	151.245	151.155	151.232	866	0	20
2025.10.16	12:00:00	151.231	151.32	151.231	151.284	944	0	20
2025.10.16	12:15:00	151.284	151.388	151.274	151.381	891	0	20
2025.10.16	12:30:00	151.377	151.381	151.246	151.257	1233	0	20
2025.10.16	12:45:00	151.257	151.301	151.234	151.28	1062	0	20
2025.10.16	13:00:00	151.28	151.29	151.224	151.249	854	0	20
2025.10.16	13:15:00	151.25	151.263	151.185	151.189	1066	0	21
2025.10.16	13:30:00	151.189	151.236	151.17	151.201	1112	0	20
2025.10.16	13:45:00	151.202	151.216	151.152	151.168	1034	0	20
2025.10.16	14:00:00	151.167	151.249	151.15	151.225	1355	0	20
2025.10.16	14:15:00	151.224	151.353	151.224	151.347	984	0	20
2025.10.16	14:30:00	151.346	151.364	151.223	151.254	1465	0	20
2025.10.16	14:45:00	151.253	151.264	151.202	151.231	1412	0	20
2025.10.16	15:00:00	151.23	151.272	151.122	151.155	1232	0	20
2025.10.16	15:15:00	151.153	151.211	151.119	151.128	1461	0	20
2025.10.16	15:30:00	151.153	151.195	151.022	151.186	1971	0	20
2025.10.16	15:45:00	151.186	151.21	151.056	151.088	1990	0	20
2025.10.16	16:00:00	151.086	151.276	151.055	151.113	2480	0	20
2025.10.16	16:15:00	151.113	151.195	151.083	151.133	2440	0	20
2025.10.16	16:30:00	151.133	151.231	151.039	151.086	2226	0	20
2025.10.16	16:45:00	151.086	151.132	151.007	151.09	1871	0	20
2025.10.16	17:00:00	151.089	151.112	150.863	150.893	2334	0	20
2025.10.16	17:15:00	150.896	150.953	150.856	150.889	2108	0	20
2025.10.16	17:30:00	150.891	150.908	150.818	150.877	2242	0	20
2025.10.16	17:45:00	150.877	150.878	150.744	150.763	2100	0	20
2025.10.16	18:00:00	150.765	150.857	150.758	150.817	1999	0	20
2025.10.16	18:15:00	150.816	150.857	150.732	150.756	1251	0	20
2025.10.16	18:30:00	150.756	150.817	150.712	150.745	1359	0	20
2025.10.16	18:45:00	150.744	150.801	150.712	150.744	1563	0	20
2025.10.16	19:00:00	150.743	150.783	150.675	150.736	1505	0	20
2025.10.16	19:15:00	150.734	150.75	150.534	150.566	1400	0	20
2025.10.16	19:30:00	150.566	150.566	150.313	150.434	3610	0	20
2025.10.16	19:45:00	150.433	150.433	150.224	150.388	4010	0	20
2025.10.16	20:00:00	150.389	150.423	150.277	150.291	3313	0	20
2025.10.16	20:15:00	150.295	150.461	150.264	150.378	2845	0	20
2025.10.16	20:30:00	150.377	150.423	150.306	150.331	2800	0	20
2025.10.16	20:45:00	150.332	150.344	150.243	150.323	2270	0	20
2025.10.16	21:00:00	150.324	150.364	150.21	150.26	2397	0	20
2025.10.16	21:15:00	150.261	150.357	150.24	150.35	2742	0	20
2025.10.16	21:30:00	150.35	150.412	150.311	150.387	2145	0	20
2025.10.16	21:45:00	150.387	150.411	150.282	150.325	1637	0	20
2025.10.16	22:00:00	150.325	150.391	150.308	150.321	1527	0	20
2025.10.16	22:15:00	150.323	150.323	150.264	150.32	1055	0	20
2025.10.16	22:30:00	150.322	150.363	150.202	150.348	1661	0	20
2025.10.16	22:45:00	150.351	150.418	150.331	150.386	1390	0	20
2025.10.16	23:00:00	150.387	150.425	150.334	150.353	644	0	20
2025.10.16	23:15:00	150.354	150.376	150.338	150.364	342	0	20
2025.10.16	23:30:00	150.371	150.419	150.366	150.391	318	0	21
2025.10.16	23:45:00	150.389	150.439	150.382	150.408	712	0	20
2025.10.17	00:00:00	150.344	150.366	150.318	150.35	32	0	91
2025.10.17	00:15:00	150.35	150.376	150.35	150.374	40	0	85
2025.10.17	00:30:00	150.373	150.393	150.345	150.393	100	0	62
2025.10.17	00:45:00	150.394	150.422	150.331	150.355	86	0	53
2025.10.17	01:00:00	150.354	150.421	150.308	150.36	494	0	20
2025.10.17	01:15:00	150.361	150.362	150.246	150.314	936	0	20
2025.10.17	01:30:00	150.314	150.336	150.257	150.266	882	0	20
2025.10.17	01:45:00	150.266	150.281	150.232	150.249	947	0	21
2025.10.17	02:00:00	150.247	150.281	150.184	150.215	789	0	20
2025.10.17	02:15:00	150.216	150.225	150.109	150.125	820	0	20
2025.10.17	02:30:00	150.125	150.138	150.042	150.056	699	0	20
2025.10.17	02:45:00	150.057	150.145	150.044	150.138	1405	0	20
2025.10.17	03:00:00	150.137	150.218	150.048	150.115	2141	0	20
2025.10.17	03:15:00	150.118	150.202	150.034	150.142	1755	0	20
2025.10.17	03:30:00	150.141	150.189	150.098	150.18	1552	0	20
2025.10.17	03:45:00	150.179	150.221	150.037	150.219	1666	0	20
2025.10.17	04:00:00	150.219	150.275	150.163	150.233	1946	0	20
2025.10.17	04:15:00	150.236	150.324	150.22	150.317	1288	0	20
2025.10.17	04:30:00	150.317	150.351	150.228	150.334	1752	0	20
2025.10.17	04:45:00	150.336	150.351	150.274	150.304	1863	0	20
2025.10.17	05:00:00	150.304	150.379	150.22	150.274	1673	0	20
2025.10.17	05:15:00	150.275	150.275	150.115	150.129	1056	0	20
2025.10.17	05:30:00	150.13	150.133	150.049	150.1	904	0	20
2025.10.17	05:45:00	150.1	150.22	150.088	150.172	788	0	20
2025.10.17	06:00:00	150.171	150.171	150.067	150.076	679	0	20
2025.10.17	06:15:00	150.076	150.119	150.057	150.099	490	0	20
2025.10.17	06:30:00	150.098	150.124	149.92	149.965	1468	0	20
2025.10.17	06:45:00	149.966	150.022	149.883	150.002	1321	0	20
2025.10.17	07:00:00	150.004	150.103	149.969	150.1	997	0	20
2025.10.17	07:15:00	150.097	150.129	150.06	150.101	604	0	20
2025.10.17	07:30:00	150.1	150.101	150.052	150.088	701	0	20
2025.10.17	07:45:00	150.088	150.089	149.929	149.953	862	0	20
2025.10.17	08:00:00	149.953	149.962	149.899	149.908	1078	0	20
2025.10.17	08:15:00	149.909	149.932	149.849	149.916	901	0	20
2025.10.17	08:30:00	149.917	149.921	149.802	149.808	1044	0	20
2025.10.17	08:45:00	149.808	149.843	149.726	149.739	1146	0	20
2025.10.17	09:00:00	149.735	149.898	149.702	149.833	1545	0	20
2025.10.17	09:15:00	149.83	149.867	149.744	149.783	1619	0	20
2025.10.17	09:30:00	149.785	149.967	149.776	149.79	2413	0	20
2025.10.17	09:45:00	149.795	149.823	149.616	149.62	2118	0	20
2025.10.17	10:00:00	149.621	149.685	149.461	149.494	3253	0	20
2025.10.17	10:15:00	149.494	149.722	149.367	149.61	3887	0	20
2025.10.17	10:30:00	149.608	149.714	149.557	149.671	3628	0	20
2025.10.17	10:45:00	149.672	149.773	149.651	149.691	2772	0	20
2025.10.17	11:00:00	149.692	149.724	149.573	149.697	2855	0	20
2025.10.17	11:15:00	149.696	149.849	149.629	149.769	1923	0	20
2025.10.17	11:30:00	149.768	149.905	149.711	149.72	2203	0	20
2025.10.17	11:45:00	149.72	149.843	149.66	149.77	1608	0	20
2025.10.17	12:00:00	149.765	149.826	149.746	149.808	1425	0	20
2025.10.17	12:15:00	149.807	149.855	149.704	149.818	1570	0	20
2025.10.17	12:30:00	149.818	149.893	149.676	149.682	1630	0	20
2025.10.17	12:45:00	149.682	149.699	149.594	149.661	1605	0	20
2025.10.17	13:00:00	149.661	149.813	149.659	149.767	2674	0	20
2025.10.17	13:15:00	149.768	149.805	149.661	149.692	1548	0	20
2025.10.17	13:30:00	149.692	149.833	149.685	149.78	2222	0	20
2025.10.17	13:45:00	149.78	149.951	149.762	149.919	1844	0	20
2025.10.17	14:00:00	149.92	150.277	149.86	150.236	3156	0	20
2025.10.17	14:15:00	150.237	150.288	150.129	150.272	3085	0	20
2025.10.17	14:30:00	150.27	150.321	150.159	150.226	2268	0	20
2025.10.17	14:45:00	150.228	150.253	150.112	150.224	2349	0	20
2025.10.17	15:00:00	150.225	150.428	150.218	150.359	3323	0	20
2025.10.17	15:15:00	150.357	150.506	150.349	150.444	2957	0	20
2025.10.17	15:30:00	150.445	150.532	150.383	150.467	3063	0	20
2025.10.17	15:45:00	150.466	150.485	150.364	150.374	2097	0	20
2025.10.17	16:00:00	150.374	150.437	150.34	150.345	2317	0	20
2025.10.17	16:15:00	150.344	150.35	150.202	150.224	2187	0	20
2025.10.17	16:30:00	150.227	150.395	150.182	150.198	3910	0	20
2025.10.17	16:45:00	150.196	150.431	150.15	150.349	3267	0	20
2025.10.17	17:00:00	150.347	150.577	150.337	150.563	4129	0	20
2025.10.17	17:15:00	150.564	150.576	150.473	150.552	2997	0	20
2025.10.17	17:30:00	150.549	150.581	150.447	150.489	2727	0	20
2025.10.17	17:45:00	150.487	150.549	150.389	150.415	3252	0	20
2025.10.17	18:00:00	150.415	150.443	150.317	150.319	2163	0	20
2025.10.17	18:15:00	150.319	150.354	150.241	150.31	1861	0	20
2025.10.17	18:30:00	150.309	150.334	150.195	150.278	1727	0	20
2025.10.17	18:45:00	150.277	150.365	150.265	150.329	1535	0	20
2025.10.17	19:00:00	150.329	150.491	150.329	150.398	1443	0	20
2025.10.17	19:15:00	150.398	150.42	150.34	150.408	1344	0	20
2025.10.17	19:30:00	150.408	150.438	150.349	150.426	1786	0	20
2025.10.17	19:45:00	150.426	150.426	150.328	150.398	1875	0	20
2025.10.17	20:00:00	150.398	150.444	150.36	150.402	1357	0	20
2025.10.17	20:15:00	150.402	150.405	150.355	150.38	1122	0	20
2025.10.17	20:30:00	150.376	150.415	150.365	150.369	1072	0	20
2025.10.17	20:45:00	150.368	150.48	150.356	150.476	1512	0	20
2025.10.17	21:00:00	150.475	150.512	150.438	150.485	1096	0	20
2025.10.17	21:15:00	150.485	150.506	150.398	150.42	1104	0	20
2025.10.17	21:30:00	150.42	150.481	150.42	150.471	1048	0	20
2025.10.17	21:45:00	150.471	150.524	150.452	150.488	1118	0	20
2025.10.17	22:00:00	150.488	150.489	150.443	150.472	868	0	20
2025.10.17	22:15:00	150.471	150.489	150.464	150.477	867	0	20
2025.10.17	22:30:00	150.477	150.489	150.456	150.476	681	0	20
2025.10.17	22:45:00	150.478	150.51	150.463	150.47	700	0	20
2025.10.17	23:00:00	150.472	150.549	150.463	150.52	669	0	20
2025.10.17	23:15:00	150.52	150.571	150.509	150.569	362	0	20
2025.10.17	23:30:00	150.568	150.588	150.53	150.554	561	0	21
2025.10.17	23:45:00	150.555	150.627	150.518	150.615	930	0	23
2025.10.20	00:00:00	150.364	150.436	150.357	150.37	33	0	107
2025.10.20	00:15:00	150.37	150.463	150.37	150.404	63	0	50
2025.10.20	00:30:00	150.409	150.425	150.318	150.425	116	0	110
2025.10.20	00:45:00	150.425	150.425	150.317	150.384	189	0	103
2025.10.20	01:00:00	150.386	150.82	150.376	150.81	930	0	20
2025.10.20	01:15:00	150.807	150.896	150.789	150.829	770	0	20
2025.10.20	01:30:00	150.829	150.861	150.725	150.792	879	0	20
2025.10.20	01:45:00	150.792	150.834	150.75	150.813	414	0	20
2025.10.20	02:00:00	150.828	150.928	150.809	150.922	898	0	20
2025.10.20	02:15:00	150.922	150.955	150.817	150.827	933	0	20
2025.10.20	02:30:00	150.827	150.902	150.82	150.84	571	0	20
2025.10.20	02:45:00	150.84	150.928	150.805	150.908	721	0	20
2025.10.20	03:00:00	150.907	150.964	150.805	150.875	1922	0	20
2025.10.20	03:15:00	150.873	150.902	150.754	150.84	1461	0	20
2025.10.20	03:30:00	150.84	150.89	150.779	150.839	1175	0	20
2025.10.20	03:45:00	150.839	150.968	150.76	150.899	1794	0	20
2025.10.20	04:00:00	150.898	151.074	150.855	151.072	1576	0	20
2025.10.20	04:15:00	151.07	151.19	151.063	151.136	1284	0	20
2025.10.20	04:30:00	151.135	151.135	150.997	150.999	1032	0	20
2025.10.20	04:45:00	150.997	151.009	150.89	150.959	917	0	20
2025.10.20	05:00:00	150.954	150.987	150.825	150.858	759	0	20
2025.10.20	05:15:00	150.858	150.876	150.801	150.803	963	0	20
2025.10.20	05:30:00	150.803	150.857	150.799	150.835	722	0	20
2025.10.20	05:45:00	150.837	150.883	150.825	150.854	843	0	20
2025.10.20	06:00:00	150.853	150.876	150.843	150.856	654	0	20
2025.10.20	06:15:00	150.856	150.861	150.792	150.815	423	0	20
2025.10.20	06:30:00	150.816	150.821	150.759	150.791	542	0	22
2025.10.20	06:45:00	150.792	150.837	150.642	150.713	1114	0	20
2025.10.20	07:00:00	150.712	150.759	150.666	150.689	910	0	20
2025.10.20	07:15:00	150.689	150.689	150.6	150.607	394	0	20
2025.10.20	07:30:00	150.606	150.609	150.503	150.539	740	0	22
2025.10.20	07:45:00	150.54	150.641	150.506	150.588	805	0	20
2025.10.20	08:00:00	150.588	150.618	150.544	150.567	1007	0	20
2025.10.20	08:15:00	150.567	150.605	150.513	150.528	1053	0	20
2025.10.20	08:30:00	150.529	150.603	150.487	150.584	1003	0	20
2025.10.20	08:45:00	150.584	150.678	150.581	150.638	1197	0	20
2025.10.20	09:00:00	150.637	150.666	150.577	150.641	1222	0	20
2025.10.20	09:15:00	150.642	150.733	150.603	150.648	1256	0	20
2025.10.20	09:30:00	150.648	150.655	150.541	150.578	1695	0	20
2025.10.20	09:45:00	150.58	150.73	150.538	150.675	1480	0	20
2025.10.20	10:00:00	150.677	150.787	150.641	150.758	2347	0	20
2025.10.20	10:15:00	150.759	150.82	150.753	150.777	1119	0	20
2025.10.20	10:30:00	150.778	150.808	150.708	150.732	1704	0	20
2025.10.20	10:45:00	150.733	150.807	150.722	150.734	1304	0	20
2025.10.20	11:00:00	150.733	150.78	150.658	150.717	1604	0	20
2025.10.20	11:15:00	150.717	150.785	150.715	150.763	1317	0	20
2025.10.20	11:30:00	150.768	150.783	150.663	150.719	1622	0	20
2025.10.20	11:45:00	150.719	150.756	150.564	150.573	1826	0	20
2025.10.20	12:00:00	150.57	150.571	150.263	150.42	2129	0	20
2025.10.20	12:15:00	150.419	150.523	150.415	150.489	1544	0	20
2025.10.20	12:30:00	150.49	150.598	150.466	150.591	1236	0	20
2025.10.20	12:45:00	150.592	150.76	150.591	150.722	1216	0	20
2025.10.20	13:00:00	150.724	150.825	150.718	150.78	1624	0	20
2025.10.20	13:15:00	150.781	150.781	150.726	150.749	1038	0	20
2025.10.20	13:30:00	150.75	150.794	150.718	150.718	1130	0	20
2025.10.20	13:45:00	150.719	150.728	150.665	150.704	797	0	20
2025.10.20	14:00:00	150.703	150.775	150.664	150.741	702	0	20
2025.10.20	14:15:00	150.74	150.751	150.715	150.749	506	0	20
2025.10.20	14:30:00	150.751	150.846	150.734	150.826	953	0	20
2025.10.20	14:45:00	150.827	150.836	150.689	150.691	633	0	20
2025.10.20	15:00:00	150.693	150.765	150.638	150.724	1268	0	20
2025.10.20	15:15:00	150.726	150.728	150.642	150.665	1332	0	20
2025.10.20	15:30:00	150.665	150.68	150.596	150.634	1307	0	20
2025.10.20	15:45:00	150.635	150.679	150.61	150.663	1508	0	20
2025.10.20	16:00:00	150.663	150.682	150.603	150.632	1168	0	20
2025.10.20	16:15:00	150.631	150.715	150.627	150.652	1089	0	20
2025.10.20	16:30:00	150.654	150.841	150.654	150.779	1796	0	20
2025.10.20	16:45:00	150.779	150.817	150.743	150.756	1713	0	20
2025.10.20	17:00:00	150.757	150.801	150.625	150.646	1474	0	20
2025.10.20	17:15:00	150.645	150.652	150.515	150.527	1550	0	20
2025.10.20	17:30:00	150.528	150.546	150.399	150.503	1512	0	20
2025.10.20	17:45:00	150.502	150.615	150.454	150.583	1752	0	20
2025.10.20	18:00:00	150.582	150.614	150.528	150.547	1198	0	20
2025.10.20	18:15:00	150.547	150.55	150.474	150.514	1032	0	20
2025.10.20	18:30:00	150.519	150.571	150.489	150.555	730	0	20
2025.10.20	18:45:00	150.555	150.594	150.498	150.579	1352	0	20
2025.10.20	19:00:00	150.58	150.592	150.518	150.559	839	0	20
2025.10.20	19:15:00	150.559	150.637	150.552	150.616	983	0	20
2025.10.20	19:30:00	150.618	150.638	150.581	150.633	614	0	20
2025.10.20	19:45:00	150.634	150.683	150.633	150.664	562	0	20
2025.10.20	20:00:00	150.67	150.719	150.657	150.715	683	0	20
2025.10.20	20:15:00	150.714	150.753	150.712	150.752	382	0	20
2025.10.20	20:30:00	150.753	150.785	150.749	150.76	502	0	20
2025.10.20	20:45:00	150.76	150.782	150.753	150.769	485	0	20
2025.10.20	21:00:00	150.768	150.809	150.744	150.79	726	0	20
2025.10.20	21:15:00	150.79	150.816	150.752	150.754	404	0	20
2025.10.20	21:30:00	150.754	150.773	150.718	150.737	419	0	20
2025.10.20	21:45:00	150.739	150.739	150.654	150.68	545	0	20
2025.10.20	22:00:00	150.681	150.682	150.617	150.656	597	0	20
2025.10.20	22:15:00	150.655	150.692	150.645	150.68	413	0	20
2025.10.20	22:30:00	150.678	150.715	150.677	150.712	385	0	20
2025.10.20	22:45:00	150.712	150.72	150.681	150.686	488	0	20
2025.10.20	23:00:00	150.685	150.734	150.673	150.729	289	0	21
2025.10.20	23:15:00	150.729	150.753	150.691	150.698	275	0	20
2025.10.20	23:30:00	150.696	150.717	150.679	150.715	145	0	23
2025.10.20	23:45:00	150.716	150.746	150.709	150.727	631	0	21
2025.10.21	00:00:00	150.61	150.637	150.588	150.617	45	0	163
2025.10.21	00:15:00	150.616	150.677	150.616	150.676	115	0	62
2025.10.21	00:30:00	150.673	150.678	150.672	150.676	41	0	54
2025.10.21	00:45:00	150.676	150.678	150.637	150.638	58	0	54
2025.10.21	01:00:00	150.638	150.713	150.638	150.712	284	0	22
2025.10.21	01:15:00	150.712	150.751	150.69	150.722	515	0	20
2025.10.21	01:30:00	150.72	150.753	150.691	150.731	337	0	23
2025.10.21	01:45:00	150.73	150.744	150.7	150.719	373	0	22
2025.10.21	02:00:00	150.718	150.781	150.708	150.778	524	0	23
2025.10.21	02:15:00	150.777	150.778	150.706	150.757	571	0	20
2025.10.21	02:30:00	150.759	150.787	150.753	150.78	585	0	20
2025.10.21	02:45:00	150.779	150.812	150.721	150.811	567	0	20
2025.10.21	03:00:00	150.811	150.84	150.493	150.595	2109	0	20
2025.10.21	03:15:00	150.594	150.706	150.572	150.674	1410	0	20
2025.10.21	03:30:00	150.673	150.685	150.545	150.549	1131	0	20
2025.10.21	03:45:00	150.55	150.65	150.459	150.645	1783	0	20
2025.10.21	04:00:00	150.644	150.688	150.516	150.63	1372	0	20
2025.10.21	04:15:00	150.631	150.728	150.56	150.727	1251	0	20
2025.10.21	04:30:00	150.727	150.886	150.671	150.87	1183	0	20
2025.10.21	04:45:00	150.871	150.985	150.847	150.969	1602	0	20
2025.10.21	05:00:00	150.97	151.103	150.952	150.982	1210	0	20
2025.10.21	05:15:00	150.98	151.044	150.966	151.008	857	0	20
2025.10.21	05:30:00	151.007	151.097	150.968	151.068	1017	0	20
2025.10.21	05:45:00	151.067	151.135	151.065	151.112	970	0	20
2025.10.21	06:00:00	151.112	151.121	151.067	151.088	518	0	20
2025.10.21	06:15:00	151.089	151.139	151.076	151.1	757	0	20
2025.10.21	06:30:00	151.09	151.114	151.028	151.067	584	0	20
2025.10.21	06:45:00	151.066	151.085	150.993	151.036	713	0	20
2025.10.21	07:00:00	151.036	151.067	151.018	151.041	799	0	20
2025.10.21	07:15:00	151.04	151.125	151.028	151.109	499	0	20
2025.10.21	07:30:00	151.112	151.226	151.09	151.158	904	0	20
2025.10.21	07:45:00	151.158	151.228	150.873	151.064	3058	0	20
2025.10.21	08:00:00	151.065	151.26	150.85	151.224	3267	0	20
2025.10.21	08:15:00	151.229	151.431	151.227	151.363	1873	0	20
2025.10.21	08:30:00	151.363	151.489	151.342	151.462	1530	0	20
2025.10.21	08:45:00	151.462	151.511	151.409	151.503	2248	0	20
2025.10.21	09:00:00	151.503	151.564	151.478	151.525	1785	0	20
2025.10.21	09:15:00	151.526	151.596	151.522	151.56	1427	0	20
2025.10.21	09:30:00	151.559	151.571	151.284	151.295	1789	0	20
2025.10.21	09:45:00	151.295	151.348	151.213	151.249	1506	0	20
2025.10.21	10:00:00	151.252	151.252	151.113	151.141	2004	0	20
2025.10.21	10:15:00	151.141	151.191	151.06	151.106	1759	0	20
2025.10.21	10:30:00	151.106	151.184	151.084	151.154	1397	0	20
2025.10.21	10:45:00	151.154	151.157	151.054	151.142	1712	0	20
2025.10.21	11:00:00	151.148	151.244	151.052	151.165	2598	0	20
2025.10.21	11:15:00	151.163	151.373	151.12	151.371	2066	0	20
2025.10.21	11:30:00	151.375	151.556	151.354	151.524	1709	0	20
2025.10.21	11:45:00	151.525	151.668	151.511	151.599	1965	0	20
2025.10.21	12:00:00	151.597	151.753	151.585	151.726	1644	0	20
2025.10.21	12:15:00	151.728	151.739	151.61	151.681	1168	0	20
2025.10.21	12:30:00	151.681	151.77	151.681	151.73	1545	0	20
2025.10.21	12:45:00	151.729	151.792	151.714	151.785	1349	0	20
2025.10.21	13:00:00	151.787	151.876	151.728	151.858	1291	0	20
2025.10.21	13:15:00	151.859	151.936	151.843	151.908	1299	0	20
2025.10.21	13:30:00	151.911	152.015	151.896	151.956	1136	0	20
2025.10.21	13:45:00	151.955	152.038	151.873	151.914	1712	0	20
2025.10.21	14:00:00	151.915	151.915	151.802	151.857	1267	0	20
2025.10.21	14:15:00	151.856	151.937	151.799	151.908	1125	0	20
2025.10.21	14:30:00	151.908	151.916	151.861	151.881	992	0	20
2025.10.21	14:45:00	151.892	151.998	151.88	151.939	980	0	20
2025.10.21	15:00:00	151.938	152.051	151.881	152.01	2201	0	20
2025.10.21	15:15:00	152.011	152.08	151.986	152.03	1511	0	20
2025.10.21	15:30:00	152.033	152.158	152.024	152.154	1719	0	20
2025.10.21	15:45:00	152.155	152.166	152.013	152.018	1810	0	20
2025.10.21	16:00:00	152.019	152.079	151.819	151.876	2917	0	20
2025.10.21	16:15:00	151.877	151.887	151.657	151.84	3197	0	20
2025.10.21	16:30:00	151.839	151.852	151.675	151.79	2308	0	20
2025.10.21	16:45:00	151.79	151.843	151.584	151.587	2682	0	20
2025.10.21	17:00:00	151.587	151.62	151.446	151.521	2114	0	20
2025.10.21	17:15:00	151.522	151.666	151.505	151.619	1858	0	20
2025.10.21	17:30:00	151.618	151.792	151.591	151.788	1889	0	20
2025.10.21	17:45:00	151.785	151.873	151.765	151.859	2189	0	20
2025.10.21	18:00:00	151.86	151.867	151.751	151.795	1586	0	20
2025.10.21	18:15:00	151.802	151.802	151.672	151.693	1372	0	20
2025.10.21	18:30:00	151.694	151.814	151.694	151.787	1140	0	20
2025.10.21	18:45:00	151.788	151.818	151.714	151.717	789	0	20
2025.10.21	19:00:00	151.717	151.822	151.645	151.783	1550	0	20
2025.10.21	19:15:00	151.783	151.849	151.781	151.83	856	0	20
2025.10.21	19:30:00	151.828	151.921	151.823	151.908	958	0	20
2025.10.21	19:45:00	151.909	151.942	151.823	151.845	1244	0	20
2025.10.21	20:00:00	151.845	151.932	151.806	151.916	1199	0	20
2025.10.21	20:15:00	151.917	151.944	151.881	151.941	889	0	20
2025.10.21	20:30:00	151.941	151.962	151.913	151.918	720	0	20
2025.10.21	20:45:00	151.917	151.937	151.896	151.914	587	0	20
2025.10.21	21:00:00	151.912	151.912	151.866	151.886	577	0	20
2025.10.21	21:15:00	151.886	151.916	151.87	151.904	604	0	20
2025.10.21	21:30:00	151.904	151.904	151.869	151.892	565	0	20
2025.10.21	21:45:00	151.891	151.917	151.873	151.903	460	0	20
2025.10.21	22:00:00	151.903	151.926	151.881	151.907	500	0	20
2025.10.21	22:15:00	151.907	151.953	151.905	151.95	636	0	20
2025.10.21	22:30:00	151.95	151.961	151.903	151.906	370	0	20
2025.10.21	22:45:00	151.911	151.917	151.893	151.906	500	0	20
2025.10.21	23:00:00	151.906	151.937	151.866	151.88	342	0	20
2025.10.21	23:15:00	151.89	151.9	151.88	151.891	197	0	22
2025.10.21	23:30:00	151.891	151.918	151.859	151.883	179	0	21
2025.10.21	23:45:00	151.883	151.92	151.87	151.915	420	0	23
2025.10.22	00:00:00	151.853	151.887	151.853	151.86	26	0	31
2025.10.22	00:15:00	151.86	151.868	151.852	151.866	33	0	69
2025.10.22	00:30:00	151.865	151.886	151.857	151.867	40	0	53
2025.10.22	00:45:00	151.866	151.87	151.864	151.864	25	0	61
2025.10.22	01:00:00	151.861	151.887	151.849	151.877	368	0	22
2025.10.22	01:15:00	151.875	151.88	151.854	151.854	289	0	25
2025.10.22	01:30:00	151.855	151.882	151.855	151.872	407	0	20
2025.10.22	01:45:00	151.872	151.933	151.871	151.922	244	0	22
2025.10.22	02:00:00	151.923	151.941	151.898	151.924	427	0	21
2025.10.22	02:15:00	151.925	151.945	151.922	151.938	223	0	20
2025.10.22	02:30:00	151.938	151.949	151.89	151.898	214	0	20
2025.10.22	02:45:00	151.9	151.936	151.85	151.866	660	0	20
2025.10.22	03:00:00	151.866	151.867	151.704	151.707	2015	0	20
2025.10.22	03:15:00	151.707	151.718	151.608	151.626	1601	0	20
2025.10.22	03:30:00	151.626	151.69	151.593	151.664	1272	0	20
2025.10.22	03:45:00	151.664	151.696	151.618	151.618	1456	0	20
2025.10.22	04:00:00	151.61	151.634	151.478	151.606	1520	0	20
2025.10.22	04:15:00	151.606	151.713	151.59	151.697	1156	0	20
2025.10.22	04:30:00	151.699	151.709	151.646	151.69	1194	0	20
2025.10.22	04:45:00	151.69	151.74	151.677	151.733	679	0	20
2025.10.22	05:00:00	151.732	151.748	151.686	151.716	479	0	20
2025.10.22	05:15:00	151.716	151.725	151.618	151.655	619	0	20
2025.10.22	05:30:00	151.654	151.671	151.582	151.61	653	0	20
2025.10.22	05:45:00	151.616	151.648	151.611	151.621	347	0	20
2025.10.22	06:00:00	151.621	151.699	151.617	151.691	424	0	20
2025.10.22	06:15:00	151.691	151.751	151.688	151.727	383	0	20
2025.10.22	06:30:00	151.727	151.741	151.696	151.702	399	0	20
2025.10.22	06:45:00	151.704	151.809	151.69	151.785	489	0	20
2025.10.22	07:00:00	151.784	151.864	151.767	151.831	824	0	20
2025.10.22	07:15:00	151.829	151.853	151.795	151.795	381	0	20
2025.10.22	07:30:00	151.791	151.808	151.759	151.789	501	0	21
2025.10.22	07:45:00	151.791	151.814	151.745	151.749	392	0	20
2025.10.22	08:00:00	151.748	151.777	151.718	151.725	562	0	20
2025.10.22	08:15:00	151.726	151.749	151.716	151.737	475	0	20
2025.10.22	08:30:00	151.737	151.794	151.728	151.782	410	0	20
2025.10.22	08:45:00	151.784	151.862	151.782	151.85	470	0	20
2025.10.22	09:00:00	151.848	151.941	151.839	151.899	1411	0	20
2025.10.22	09:15:00	151.9	151.912	151.781	151.792	1787	0	20
2025.10.22	09:30:00	151.792	151.793	151.693	151.738	1605	0	20
2025.10.22	09:45:00	151.738	151.765	151.685	151.726	1470	0	20
2025.10.22	10:00:00	151.726	151.833	151.609	151.782	2198	0	20
2025.10.22	10:15:00	151.782	151.847	151.747	151.802	1752	0	20
2025.10.22	10:30:00	151.803	151.804	151.731	151.75	1614	0	20
2025.10.22	10:45:00	151.754	151.822	151.708	151.816	922	0	20
2025.10.22	11:00:00	151.818	151.899	151.734	151.755	2149	0	20
2025.10.22	11:15:00	151.755	151.79	151.653	151.7	1917	0	20
2025.10.22	11:30:00	151.7	151.749	151.69	151.73	1580	0	20
2025.10.22	11:45:00	151.733	151.735	151.619	151.678	1481	0	20
2025.10.22	12:00:00	151.679	151.722	151.642	151.703	1305	0	20
2025.10.22	12:15:00	151.702	151.77	151.685	151.734	1373	0	20
2025.10.22	12:30:00	151.733	151.762	151.713	151.757	1165	0	22
2025.10.22	12:45:00	151.757	151.816	151.755	151.805	808	0	20
2025.10.22	13:00:00	151.809	151.811	151.706	151.739	841	0	20
2025.10.22	13:15:00	151.738	151.823	151.731	151.736	1173	0	20
2025.10.22	13:30:00	151.741	151.801	151.741	151.782	1312	0	20
2025.10.22	13:45:00	151.782	151.813	151.76	151.807	1314	0	20
2025.10.22	14:00:00	151.806	151.836	151.733	151.778	1097	0	20
2025.10.22	14:15:00	151.779	151.845	151.733	151.835	992	0	20
2025.10.22	14:30:00	151.839	151.882	151.727	151.729	1639	0	20
2025.10.22	14:45:00	151.73	151.782	151.715	151.776	1379	0	20
2025.10.22	15:00:00	151.777	151.835	151.749	151.765	2430	0	20
2025.10.22	15:15:00	151.765	151.829	151.745	151.775	1619	0	20
2025.10.22	15:30:00	151.775	151.904	151.765	151.903	1777	0	20
2025.10.22	15:45:00	151.902	151.958	151.865	151.917	1806	0	20
2025.10.22	16:00:00	151.918	151.994	151.866	151.961	1913	0	20
2025.10.22	16:15:00	151.96	152.035	151.919	151.991	1268	0	20
2025.10.22	16:30:00	151.992	152.004	151.859	151.944	2197	0	20
2025.10.22	16:45:00	151.943	151.989	151.911	151.959	1822	0	20
2025.10.22	17:00:00	151.96	151.977	151.853	151.881	1722	0	20
2025.10.22	17:15:00	151.88	151.939	151.851	151.861	1659	0	20
2025.10.22	17:30:00	151.865	151.995	151.864	151.941	1813	0	20
2025.10.22	17:45:00	151.941	152.0	151.859	151.875	2085	0	20
2025.10.22	18:00:00	151.876	151.901	151.775	151.814	1891	0	20
2025.10.22	18:15:00	151.814	151.821	151.75	151.767	1294	0	20
2025.10.22	18:30:00	151.767	151.796	151.741	151.789	1670	0	20
2025.10.22	18:45:00	151.79	151.861	151.769	151.78	1192	0	20
2025.10.22	19:00:00	151.778	151.834	151.742	151.79	915	0	20
2025.10.22	19:15:00	151.792	151.809	151.769	151.776	572	0	20
2025.10.22	19:30:00	151.777	151.791	151.494	151.707	3359	0	20
2025.10.22	19:45:00	151.708	151.776	151.671	151.753	2211	0	20
2025.10.22	20:00:00	151.752	151.801	151.689	151.693	1822	0	20
2025.10.22	20:15:00	151.691	151.712	151.599	151.674	1368	0	20
2025.10.22	20:30:00	151.674	151.687	151.594	151.604	836	0	20
2025.10.22	20:45:00	151.602	151.683	151.601	151.635	904	0	20
2025.10.22	21:00:00	151.634	151.721	151.633	151.687	793	0	20
2025.10.22	21:15:00	151.687	151.785	151.677	151.768	824	0	20
2025.10.22	21:30:00	151.768	151.877	151.762	151.877	815	0	20
2025.10.22	21:45:00	151.876	151.881	151.824	151.869	784	0	20
2025.10.22	22:00:00	151.87	151.906	151.842	151.884	899	0	20
2025.10.22	22:15:00	151.883	151.945	151.87	151.941	542	0	20
2025.10.22	22:30:00	151.942	151.984	151.935	151.962	589	0	20
2025.10.22	22:45:00	151.962	151.996	151.949	151.97	839	0	20
2025.10.22	23:00:00	151.969	152.001	151.925	151.941	486	0	20
2025.10.22	23:15:00	151.941	151.965	151.92	151.921	389	0	21
2025.10.22	23:30:00	151.925	151.942	151.902	151.925	237	0	22
2025.10.22	23:45:00	151.924	151.961	151.905	151.94	512	0	21
2025.10.23	00:00:00	151.893	151.924	151.863	151.893	31	0	57
2025.10.23	00:15:00	151.887	151.904	151.886	151.895	43	0	63
2025.10.23	00:30:00	151.895	151.896	151.885	151.888	25	0	71
2025.10.23	00:45:00	151.887	151.892	151.876	151.88	53	0	47
2025.10.23	01:00:00	151.88	151.901	151.815	151.829	523	0	22
2025.10.23	01:15:00	151.83	151.873	151.809	151.87	648	0	20
2025.10.23	01:30:00	151.87	151.883	151.85	151.879	402	0	20
2025.10.23	01:45:00	151.88	151.916	151.879	151.892	450	0	20
2025.10.23	02:00:00	151.892	151.948	151.888	151.944	475	0	20
2025.10.23	02:15:00	151.945	151.952	151.907	151.948	678	0	20
2025.10.23	02:30:00	151.948	151.955	151.91	151.948	629	0	20
2025.10.23	02:45:00	151.954	151.985	151.923	151.975	1063	0	20
2025.10.23	03:00:00	151.974	152.154	151.961	152.125	1778	0	20
2025.10.23	03:15:00	152.125	152.251	152.125	152.226	1410	0	20
2025.10.23	03:30:00	152.226	152.245	152.18	152.212	1035	0	20
2025.10.23	03:45:00	152.212	152.221	152.141	152.141	1315	0	20
2025.10.23	04:00:00	152.141	152.273	152.105	152.26	1112	0	20
2025.10.23	04:15:00	152.262	152.441	152.262	152.417	1358	0	20
2025.10.23	04:30:00	152.416	152.443	152.356	152.356	909	0	20
2025.10.23	04:45:00	152.356	152.408	152.327	152.405	854	0	20
2025.10.23	05:00:00	152.405	152.441	152.379	152.39	775	0	20
2025.10.23	05:15:00	152.389	152.425	152.373	152.418	642	0	20
2025.10.23	05:30:00	152.417	152.472	152.416	152.464	530	0	20
2025.10.23	05:45:00	152.463	152.493	152.435	152.45	436	0	20
2025.10.23	06:00:00	152.45	152.467	152.432	152.436	431	0	20
2025.10.23	06:15:00	152.436	152.448	152.422	152.439	321	0	21
2025.10.23	06:30:00	152.438	152.449	152.384	152.39	564	0	20
2025.10.23	06:45:00	152.388	152.474	152.388	152.462	625	0	20
2025.10.23	07:00:00	152.461	152.561	152.46	152.502	630	0	20
2025.10.23	07:15:00	152.501	152.508	152.436	152.442	496	0	20
2025.10.23	07:30:00	152.442	152.464	152.424	152.451	342	0	20
2025.10.23	07:45:00	152.451	152.463	152.392	152.401	496	0	20
2025.10.23	08:00:00	152.402	152.418	152.36	152.37	711	0	20
2025.10.23	08:15:00	152.371	152.393	152.343	152.344	613	0	20
2025.10.23	08:30:00	152.344	152.372	152.312	152.313	401	0	20
2025.10.23	08:45:00	152.312	152.372	152.31	152.361	465	0	20
2025.10.23	09:00:00	152.365	152.393	152.318	152.355	1050	0	20
2025.10.23	09:15:00	152.355	152.43	152.324	152.422	655	0	20
2025.10.23	09:30:00	152.423	152.575	152.41	152.523	950	0	20
2025.10.23	09:45:00	152.524	152.637	152.498	152.63	1098	0	20
2025.10.23	10:00:00	152.633	152.635	152.528	152.544	1455	0	20
2025.10.23	10:15:00	152.543	152.543	152.367	152.441	1545	0	20
2025.10.23	10:30:00	152.441	152.53	152.428	152.432	939	0	20
2025.10.23	10:45:00	152.431	152.489	152.382	152.487	1353	0	20
2025.10.23	11:00:00	152.486	152.5	152.444	152.488	1604	0	20
2025.10.23	11:15:00	152.491	152.535	152.486	152.492	906	0	21
2025.10.23	11:30:00	152.491	152.602	152.464	152.584	758	0	20
2025.10.23	11:45:00	152.587	152.64	152.58	152.6	771	0	20
2025.10.23	12:00:00	152.598	152.655	152.561	152.601	1044	0	20
2025.10.23	12:15:00	152.6	152.607	152.501	152.514	646	0	20
2025.10.23	12:30:00	152.514	152.614	152.514	152.583	551	0	20
2025.10.23	12:45:00	152.583	152.597	152.558	152.56	617	0	20
2025.10.23	13:00:00	152.562	152.616	152.558	152.576	569	0	20
2025.10.23	13:15:00	152.578	152.629	152.565	152.619	580	0	20
2025.10.23	13:30:00	152.619	152.674	152.598	152.671	494	0	20
2025.10.23	13:45:00	152.672	152.764	152.663	152.76	880	0	20
2025.10.23	14:00:00	152.76	152.77	152.71	152.74	1126	0	20
2025.10.23	14:15:00	152.742	152.782	152.734	152.749	654	0	20
2025.10.23	14:30:00	152.747	152.758	152.697	152.698	970	0	21
2025.10.23	14:45:00	152.698	152.73	152.654	152.661	1025	0	20
2025.10.23	15:00:00	152.66	152.676	152.601	152.641	947	0	20
2025.10.23	15:15:00	152.639	152.709	152.609	152.614	878	0	20
2025.10.23	15:30:00	152.618	152.634	152.512	152.537	1410	0	20
2025.10.23	15:45:00	152.537	152.537	152.446	152.525	1173	0	20
2025.10.23	16:00:00	152.526	152.562	152.466	152.552	1217	0	20
2025.10.23	16:15:00	152.553	152.618	152.525	152.534	1120	0	20
2025.10.23	16:30:00	152.533	152.663	152.49	152.662	2470	0	20
2025.10.23	16:45:00	152.663	152.722	152.649	152.672	1800	0	20
2025.10.23	17:00:00	152.673	152.695	152.568	152.654	1694	0	20
2025.10.23	17:15:00	152.653	152.699	152.629	152.664	1550	0	20
2025.10.23	17:30:00	152.665	152.673	152.605	152.62	1361	0	20
2025.10.23	17:45:00	152.621	152.643	152.576	152.604	1452	0	20
2025.10.23	18:00:00	152.605	152.665	152.571	152.663	1326	0	20
2025.10.23	18:15:00	152.662	152.72	152.661	152.703	1005	0	20
2025.10.23	18:30:00	152.703	152.753	152.673	152.705	1034	0	20
2025.10.23	18:45:00	152.704	152.751	152.696	152.716	1158	0	20
2025.10.23	19:00:00	152.713	152.759	152.682	152.74	711	0	20
2025.10.23	19:15:00	152.741	152.787	152.679	152.687	911	0	20
2025.10.23	19:30:00	152.688	152.712	152.662	152.709	583	0	20
2025.10.23	19:45:00	152.709	152.732	152.698	152.708	488	0	20
2025.10.23	20:00:00	152.709	152.724	152.641	152.72	736	0	20
2025.10.23	20:15:00	152.721	152.736	152.681	152.727	518	0	20
2025.10.23	20:30:00	152.725	152.757	152.658	152.665	676	0	20
2025.10.23	20:45:00	152.665	152.675	152.603	152.604	396	0	20
2025.10.23	21:00:00	152.605	152.639	152.595	152.622	418	0	20
2025.10.23	21:15:00	152.627	152.635	152.579	152.596	420	0	20
2025.10.23	21:30:00	152.596	152.606	152.539	152.543	471	0	20
2025.10.23	21:45:00	152.544	152.549	152.509	152.523	577	0	20
2025.10.23	22:00:00	152.523	152.525	152.484	152.512	735	0	20
2025.10.23	22:15:00	152.512	152.55	152.512	152.54	342	0	21
2025.10.23	22:30:00	152.539	152.553	152.527	152.536	449	0	21
2025.10.23	22:45:00	152.535	152.557	152.5	152.551	490	0	20
2025.10.23	23:00:00	152.546	152.6	152.546	152.586	373	0	20
2025.10.23	23:15:00	152.585	152.588	152.548	152.56	422	0	20
2025.10.23	23:30:00	152.559	152.587	152.557	152.586	227	0	20
2025.10.23	23:45:00	152.584	152.59	152.542	152.57	493	0	22
2025.10.24	00:00:00	152.476	152.519	152.476	152.512	57	0	120
2025.10.24	00:15:00	152.508	152.554	152.508	152.55	76	0	70
2025.10.24	00:30:00	152.55	152.566	152.55	152.56	53	0	62
2025.10.24	00:45:00	152.555	152.578	152.516	152.52	119	0	40
2025.10.24	01:00:00	152.52	152.55	152.506	152.514	305	0	20
2025.10.24	01:15:00	152.515	152.558	152.514	152.519	428	0	24
2025.10.24	01:30:00	152.52	152.57	152.494	152.567	427	0	20
2025.10.24	01:45:00	152.566	152.583	152.538	152.574	439	0	22
2025.10.24	02:00:00	152.573	152.618	152.554	152.604	452	0	22
2025.10.24	02:15:00	152.604	152.618	152.591	152.616	203	0	20
2025.10.24	02:30:00	152.618	152.663	152.565	152.569	556	0	20
2025.10.24	02:45:00	152.568	152.627	152.563	152.597	644	0	20
2025.10.24	03:00:00	152.597	152.602	152.493	152.538	1244	0	20
2025.10.24	03:15:00	152.538	152.591	152.518	152.531	762	0	20
2025.10.24	03:30:00	152.531	152.549	152.464	152.529	813	0	20
2025.10.24	03:45:00	152.531	152.652	152.514	152.639	1402	0	20
2025.10.24	04:00:00	152.638	152.734	152.629	152.707	1218	0	20
2025.10.24	04:15:00	152.708	152.869	152.692	152.822	860	0	20
2025.10.24	04:30:00	152.823	152.884	152.818	152.843	1092	0	20
2025.10.24	04:45:00	152.844	152.891	152.815	152.887	619	0	20
2025.10.24	05:00:00	152.887	152.904	152.824	152.833	388	0	20
2025.10.24	05:15:00	152.833	152.892	152.833	152.886	511	0	20
2025.10.24	05:30:00	152.886	152.901	152.76	152.81	574	0	20
2025.10.24	05:45:00	152.81	152.888	152.805	152.878	663	0	20
2025.10.24	06:00:00	152.88	152.89	152.851	152.888	336	0	20
2025.10.24	06:15:00	152.887	152.903	152.84	152.841	403	0	20
2025.10.24	06:30:00	152.841	152.841	152.764	152.783	488	0	20
2025.10.24	06:45:00	152.784	152.784	152.702	152.76	372	0	20
2025.10.24	07:00:00	152.76	152.87	152.76	152.843	471	0	20
2025.10.24	07:15:00	152.843	152.881	152.843	152.856	522	0	20
2025.10.24	07:30:00	152.855	152.879	152.852	152.877	449	0	20
2025.10.24	07:45:00	152.878	152.901	152.86	152.878	362	0	20
2025.10.24	08:00:00	152.879	153.001	152.879	152.928	858	0	20
2025.10.24	08:15:00	152.928	153.024	152.904	153.016	623	0	20
2025.10.24	08:30:00	153.014	153.026	152.87	152.919	690	0	20
2025.10.24	08:45:00	152.919	152.951	152.883	152.947	483	0	20
2025.10.24	09:00:00	152.947	153.048	152.911	153.048	1122	0	20
2025.10.24	09:15:00	153.049	153.052	152.942	152.953	796	0	20
2025.10.24	09:30:00	152.954	152.984	152.919	152.944	925	0	20
2025.10.24	09:45:00	152.945	152.991	152.906	152.908	794	0	20
2025.10.24	10:00:00	152.912	152.941	152.802	152.822	1309	0	20
2025.10.24	10:15:00	152.834	152.872	152.75	152.763	1012	0	20
2025.10.24	10:30:00	152.765	152.853	152.742	152.841	1352	0	20
2025.10.24	10:45:00	152.842	152.88	152.81	152.822	1169	0	20
2025.10.24	11:00:00	152.821	152.876	152.801	152.855	1095	0	20
2025.10.24	11:15:00	152.854	153.009	152.854	152.974	919	0	20
2025.10.24	11:30:00	152.97	152.995	152.903	152.93	823	0	20
2025.10.24	11:45:00	152.931	152.982	152.923	152.94	962	0	20
2025.10.24	12:00:00	152.94	152.985	152.91	152.916	1041	0	20
2025.10.24	12:15:00	152.915	152.976	152.897	152.947	841	0	20
2025.10.24	12:30:00	152.946	152.949	152.89	152.907	690	0	20
2025.10.24	12:45:00	152.907	152.95	152.893	152.948	701	0	20
2025.10.24	13:00:00	152.948	152.971	152.895	152.924	502	0	20
2025.10.24	13:15:00	152.924	152.951	152.921	152.936	250	0	20
2025.10.24	13:30:00	152.936	152.958	152.909	152.924	268	0	20
2025.10.24	13:45:00	152.923	152.972	152.923	152.968	401	0	20
2025.10.24	14:00:00	152.968	152.982	152.922	152.945	1047	0	20
2025.10.24	14:15:00	152.944	152.958	152.897	152.936	765	0	20
2025.10.24	14:30:00	152.938	152.951	152.918	152.945	451	0	20
2025.10.24	14:45:00	152.945	152.974	152.925	152.925	748	0	20
2025.10.24	15:00:00	152.924	152.93	152.832	152.875	997	0	20
2025.10.24	15:15:00	152.873	152.951	152.844	152.844	895	0	20
2025.10.24	15:30:00	152.83	152.832	152.218	152.411	4622	0	20
2025.10.24	15:45:00	152.411	152.681	152.392	152.663	2594	0	20
2025.10.24	16:00:00	152.664	152.748	152.586	152.73	2488	0	20
2025.10.24	16:15:00	152.729	152.814	152.718	152.762	1859	0	20
2025.10.24	16:30:00	152.762	152.855	152.689	152.692	2037	0	20
2025.10.24	16:45:00	152.71	153.009	152.71	152.813	2544	0	20
2025.10.24	17:00:00	152.804	152.892	152.69	152.728	2357	0	20
2025.10.24	17:15:00	152.729	152.776	152.687	152.752	1488	0	20
2025.10.24	17:30:00	152.754	152.834	152.739	152.773	1641	0	20
2025.10.24	17:45:00	152.77	152.861	152.739	152.758	1590	0	20
2025.10.24	18:00:00	152.761	152.79	152.695	152.751	1116	0	20
2025.10.24	18:15:00	152.75	152.789	152.738	152.756	1013	0	20
2025.10.24	18:30:00	152.759	152.864	152.749	152.812	1076	0	20
2025.10.24	18:45:00	152.812	152.869	152.79	152.81	1491	0	20
2025.10.24	19:00:00	152.809	152.827	152.777	152.79	603	0	20
2025.10.24	19:15:00	152.79	152.831	152.784	152.812	498	0	20
2025.10.24	19:30:00	152.812	152.866	152.803	152.836	566	0	20
2025.10.24	19:45:00	152.839	152.846	152.801	152.829	564	0	20
2025.10.24	20:00:00	152.829	152.829	152.739	152.764	422	0	20
2025.10.24	20:15:00	152.764	152.814	152.763	152.792	330	0	20
2025.10.24	20:30:00	152.794	152.811	152.767	152.787	409	0	20
2025.10.24	20:45:00	152.786	152.811	152.771	152.797	684	0	20
2025.10.24	21:00:00	152.798	152.836	152.787	152.836	380	0	21
2025.10.24	21:15:00	152.834	152.859	152.822	152.856	351	0	21
2025.10.24	21:30:00	152.856	152.865	152.834	152.863	469	0	20
2025.10.24	21:45:00	152.864	152.88	152.834	152.854	506	0	20
2025.10.24	22:00:00	152.854	152.854	152.807	152.809	497	0	20
2025.10.24	22:15:00	152.808	152.847	152.806	152.845	256	0	22
2025.10.24	22:30:00	152.845	152.886	152.842	152.842	350	0	20
2025.10.24	22:45:00	152.842	152.854	152.791	152.817	657	0	21
2025.10.24	23:00:00	152.816	152.822	152.76	152.76	433	0	20
2025.10.24	23:15:00	152.761	152.783	152.745	152.782	140	0	20
2025.10.24	23:30:00	152.782	152.868	152.782	152.854	242	0	21
2025.10.24	23:45:00	152.853	152.882	152.827	152.868	801	0	23
2025.10.26	23:00:00	152.744	152.864	152.744	152.803	61	0	67
2025.10.26	23:15:00	152.806	152.825	152.801	152.807	125	0	76
2025.10.26	23:30:00	152.809	152.903	152.802	152.808	182	0	63
2025.10.26	23:45:00	152.809	153.044	152.809	153.012	263	0	29
2025.10.27	00:00:00	153.01	153.132	152.936	153.051	830	0	20
2025.10.27	00:15:00	153.044	153.103	153.007	153.061	949	0	20
2025.10.27	00:30:00	153.062	153.114	152.984	153.044	817	0	20
2025.10.27	00:45:00	153.044	153.092	153.04	153.063	541	0	20
2025.10.27	01:00:00	153.061	153.152	153.042	153.141	634	0	20
2025.10.27	01:15:00	153.141	153.167	153.106	153.12	376	0	20
2025.10.27	01:30:00	153.127	153.131	153.006	153.049	696	0	20
2025.10.27	01:45:00	153.05	153.086	153.005	153.06	687	0	20
2025.10.27	02:00:00	153.06	153.142	152.912	153.13	1756	0	20
2025.10.27	02:15:00	153.129	153.129	153.014	153.024	850	0	20
2025.10.27	02:30:00	153.024	153.039	152.914	152.92	915	0	20
2025.10.27	02:45:00	152.922	152.941	152.82	152.88	1544	0	20
2025.10.27	03:00:00	152.877	152.983	152.72	152.726	1413	0	20
2025.10.27	03:15:00	152.724	152.784	152.645	152.717	1245	0	20
2025.10.27	03:30:00	152.715	152.792	152.7	152.769	866	0	20
2025.10.27	03:45:00	152.769	152.828	152.746	152.824	807	0	20
2025.10.27	04:00:00	152.825	152.947	152.813	152.933	700	0	20
2025.10.27	04:15:00	152.933	153.004	152.921	152.966	564	0	20
2025.10.27	04:30:00	152.964	152.993	152.938	152.951	351	0	20
2025.10.27	04:45:00	152.951	152.986	152.951	152.971	520	0	20
2025.10.27	05:00:00	152.969	152.992	152.95	152.967	450	0	20
2025.10.27	05:15:00	152.967	152.988	152.94	152.954	363	0	20
2025.10.27	05:30:00	152.955	152.993	152.953	152.99	340	0	20
2025.10.27	05:45:00	152.989	153.04	152.976	153.035	318	0	20
2025.10.27	06:00:00	153.036	153.116	153.036	153.076	643	0	20
2025.10.27	06:15:00	153.08	153.083	153.024	153.051	590	0	20
2025.10.27	06:30:00	153.051	153.153	153.045	153.093	636	0	20
2025.10.27	06:45:00	153.095	153.152	153.093	153.128	480	0	20
2025.10.27	07:00:00	153.127	153.232	153.118	153.219	750	0	20
2025.10.27	07:15:00	153.219	153.247	153.204	153.222	587	0	20
2025.10.27	07:30:00	153.223	153.233	153.141	153.161	547	0	20
2025.10.27	07:45:00	153.161	153.174	153.1	153.118	554	0	21
2025.10.27	08:00:00	153.113	153.126	153.02	153.044	1078	0	20
2025.10.27	08:15:00	153.044	153.077	152.962	152.994	1084	0	20
2025.10.27	08:30:00	152.994	153.027	152.822	152.909	1145	0	20
2025.10.27	08:45:00	152.909	153.037	152.897	152.967	551	0	21
2025.10.27	09:00:00	152.971	152.985	152.858	152.901	1507	0	20
2025.10.27	09:15:00	152.901	153.018	152.874	153.0	955	0	20
2025.10.27	09:30:00	153.0	153.016	152.851	152.926	849	0	20
2025.10.27	09:45:00	152.926	153.016	152.908	153.004	993	0	20
2025.10.27	10:00:00	153.006	153.067	152.889	152.911	1264	0	20
2025.10.27	10:15:00	152.912	152.944	152.876	152.91	1195	0	20
2025.10.27	10:30:00	152.909	152.915	152.732	152.771	1533	0	20
2025.10.27	10:45:00	152.772	152.834	152.734	152.808	1240	0	20
2025.10.27	11:00:00	152.808	152.811	152.749	152.776	1076	0	20
2025.10.27	11:15:00	152.773	152.799	152.751	152.768	861	0	20
2025.10.27	11:30:00	152.768	152.784	152.704	152.704	920	0	20
2025.10.27	11:45:00	152.704	152.741	152.689	152.739	757	0	20
2025.10.27	12:00:00	152.742	152.777	152.728	152.749	682	0	20
2025.10.27	12:15:00	152.75	152.803	152.711	152.803	687	0	20
2025.10.27	12:30:00	152.804	152.838	152.76	152.78	943	0	20
2025.10.27	12:45:00	152.779	152.796	152.727	152.76	799	0	20
2025.10.27	13:00:00	152.759	152.76	152.694	152.726	848	0	20
2025.10.27	13:15:00	152.726	152.748	152.584	152.715	1058	0	21
2025.10.27	13:30:00	152.716	152.796	152.685	152.75	1130	0	20
2025.10.27	13:45:00	152.752	152.787	152.596	152.626	1330	0	20
2025.10.27	14:00:00	152.627	152.662	152.554	152.646	1226	0	20
2025.10.27	14:15:00	152.645	152.735	152.629	152.729	898	0	20
2025.10.27	14:30:00	152.728	152.833	152.713	152.809	1360	0	20
2025.10.27	14:45:00	152.81	152.887	152.781	152.83	1322	0	20
2025.10.27	15:00:00	152.832	152.884	152.797	152.831	1001	0	20
2025.10.27	15:15:00	152.831	152.96	152.83	152.946	1090	0	20
2025.10.27	15:30:00	152.947	153.175	152.932	153.155	2165	0	20
2025.10.27	15:45:00	153.158	153.186	153.088	153.099	2001	0	20
2025.10.27	16:00:00	153.099	153.18	153.063	153.065	1262	0	20
2025.10.27	16:15:00	153.065	153.079	153.012	153.017	1067	0	20
2025.10.27	16:30:00	153.015	153.086	153.002	153.062	1255	0	20
2025.10.27	16:45:00	153.063	153.085	152.99	152.992	1566	0	20
2025.10.27	17:00:00	152.99	153.102	152.975	153.026	1602	0	20
2025.10.27	17:15:00	153.027	153.098	153.023	153.079	879	0	20
2025.10.27	17:30:00	153.08	153.103	153.036	153.086	1094	0	20
2025.10.27	17:45:00	153.087	153.109	153.041	153.077	1130	0	21
2025.10.27	18:00:00	153.077	153.081	153.017	153.051	664	0	20
2025.10.27	18:15:00	153.051	153.075	153.036	153.051	488	0	20
2025.10.27	18:30:00	153.053	153.055	152.999	153.037	936	0	20
2025.10.27	18:45:00	153.033	153.039	152.967	152.985	547	0	20
2025.10.27	19:00:00	152.985	153.006	152.931	152.991	562	0	20
2025.10.27	19:15:00	152.991	153.054	152.983	153.048	560	0	20
2025.10.27	19:30:00	153.047	153.081	153.039	153.081	361	0	20
2025.10.27	19:45:00	153.077	153.081	153.038	153.05	328	0	21
2025.10.27	20:00:00	153.046	153.062	153.026	153.027	314	0	21
2025.10.27	20:15:00	153.027	153.051	153.015	153.047	446	0	21
2025.10.27	20:30:00	153.047	153.051	152.879	152.902	552	0	20
2025.10.27	20:45:00	152.906	152.918	152.749	152.809	846	0	20
2025.10.27	21:00:00	152.809	152.872	152.807	152.821	622	0	20
2025.10.27	21:15:00	152.82	152.889	152.82	152.885	556	0	21
2025.10.27	21:30:00	152.886	152.94	152.885	152.934	596	0	20
2025.10.27	21:45:00	152.934	152.943	152.861	152.897	476	0	20
2025.10.27	22:00:00	152.896	152.896	152.842	152.875	285	0	20
2025.10.27	22:15:00	152.875	152.88	152.841	152.841	136	0	21
2025.10.27	22:30:00	152.84	152.893	152.839	152.887	208	0	21
2025.10.27	22:45:00	152.889	152.9	152.85	152.857	454	0	20
2025.10.27	23:00:00	152.857	152.857	152.826	152.826	20	0	39
2025.10.27	23:15:00	152.826	152.834	152.826	152.834	29	0	48
2025.10.27	23:30:00	152.834	152.859	152.829	152.829	41	0	41
2025.10.27	23:45:00	152.829	152.847	152.752	152.754	73	0	37
2025.10.28	00:00:00	152.758	152.792	152.736	152.792	210	0	29
2025.10.28	00:15:00	152.793	152.805	152.771	152.793	164	0	22
2025.10.28	00:30:00	152.786	152.792	152.753	152.782	373	0	22
2025.10.28	00:45:00	152.781	152.796	152.726	152.734	260	0	22
2025.10.28	01:00:00	152.734	152.763	152.718	152.746	528	0	25
2025.10.28	01:15:00	152.745	152.757	152.73	152.745	230	0	24
2025.10.28	01:30:00	152.745	152.748	152.672	152.672	265	0	22
2025.10.28	01:45:00	152.672	152.709	152.617	152.684	797	0	24
2025.10.28	02:00:00	152.684	152.722	152.537	152.547	1248	0	23
2025.10.28	02:15:00	152.548	152.592	152.492	152.504	890	0	22
2025.10.28	02:30:00	152.504	152.511	152.389	152.441	1046	0	22
2025.10.28	02:45:00	152.441	152.549	152.381	152.486	1659	0	20
2025.10.28	03:00:00	152.485	152.502	152.281	152.295	1409	0	20
2025.10.28	03:15:00	152.294	152.476	152.254	152.452	1559	0	20
2025.10.28	03:30:00	152.451	152.453	152.314	152.336	1125	0	20
2025.10.28	03:45:00	152.335	152.415	152.319	152.388	946	0	20
2025.10.28	04:00:00	152.39	152.392	152.287	152.366	1014	0	20
2025.10.28	04:15:00	152.367	152.41	152.337	152.395	804	0	20
2025.10.28	04:30:00	152.395	152.458	152.395	152.419	644	0	20
2025.10.28	04:45:00	152.42	152.461	152.398	152.448	679	0	20
2025.10.28	05:00:00	152.449	152.457	152.382	152.409	519	0	20
2025.10.28	05:15:00	152.409	152.454	152.398	152.4	470	0	20
2025.10.28	05:30:00	152.4	152.462	152.384	152.427	623	0	20
2025.10.28	05:45:00	152.426	152.427	152.152	152.267	1343	0	20
2025.10.28	06:00:00	152.267	152.295	152.211	152.25	1018	0	20
2025.10.28	06:15:00	152.25	152.253	152.11	152.171	1532	0	20
2025.10.28	06:30:00	152.171	152.214	151.994	152.018	1449	0	20
2025.10.28	06:45:00	152.018	152.027	151.841	151.865	1713	0	20
2025.10.28	07:00:00	151.866	151.925	151.808	151.893	1491	0	20
2025.10.28	07:15:00	151.893	151.901	151.748	151.789	1203	0	20
2025.10.28	07:30:00	151.788	151.887	151.757	151.866	1131	0	20
2025.10.28	07:45:00	151.867	151.959	151.849	151.902	1163	0	20
2025.10.28	08:00:00	151.901	151.984	151.844	151.921	1311	0	20
2025.10.28	08:15:00	151.921	151.977	151.801	151.969	954	0	20
2025.10.28	08:30:00	151.968	152.049	151.95	151.978	1310	0	20
2025.10.28	08:45:00	151.977	152.031	151.924	152.009	1066	0	20
2025.10.28	09:00:00	152.009	152.342	152.009	152.131	2385	0	20
2025.10.28	09:15:00	152.132	152.223	152.111	152.138	1565	0	20
2025.10.28	09:30:00	152.136	152.202	152.048	152.073	1715	0	20
2025.10.28	09:45:00	152.072	152.193	152.021	152.134	1457	0	20
2025.10.28	10:00:00	152.133	152.152	152.029	152.086	2179	0	20
2025.10.28	10:15:00	152.086	152.086	151.933	151.991	1807	0	20
2025.10.28	10:30:00	151.991	151.991	151.834	151.853	1835	0	20
2025.10.28	10:45:00	151.853	151.98	151.853	151.941	1572	0	20
2025.10.28	11:00:00	151.941	152.013	151.889	151.979	1295	0	20
2025.10.28	11:15:00	151.98	152.068	151.934	152.047	1324	0	20
2025.10.28	11:30:00	152.046	152.048	151.862	151.887	1052	0	20
2025.10.28	11:45:00	151.887	151.965	151.881	151.904	1028	0	20
2025.10.28	12:00:00	151.905	151.976	151.851	151.889	948	0	20
2025.10.28	12:15:00	151.888	151.891	151.845	151.884	797	0	20
2025.10.28	12:30:00	151.883	151.917	151.815	151.864	1215	0	20
2025.10.28	12:45:00	151.859	151.87	151.822	151.853	1036	0	20
2025.10.28	13:00:00	151.852	151.957	151.848	151.943	770	0	20
2025.10.28	13:15:00	151.943	151.985	151.864	151.976	981	0	20
2025.10.28	13:30:00	151.975	152.07	151.958	152.035	855	0	21
2025.10.28	13:45:00	152.036	152.058	152.014	152.024	975	0	20
2025.10.28	14:00:00	152.024	152.163	152.008	152.113	1465	0	20
2025.10.28	14:15:00	152.115	152.131	152.012	152.075	1436	0	20
2025.10.28	14:30:00	152.075	152.173	152.032	152.162	1474	0	20
2025.10.28	14:45:00	152.162	152.209	152.121	152.121	1558	0	20
2025.10.28	15:00:00	152.124	152.333	152.118	152.331	1732	0	20
2025.10.28	15:15:00	152.33	152.36	152.256	152.258	1558	0	20
2025.10.28	15:30:00	152.26	152.326	152.213	152.278	1588	0	20
2025.10.28	15:45:00	152.278	152.291	152.172	152.182	1352	0	20
2025.10.28	16:00:00	152.181	152.252	152.084	152.107	1596	0	20
2025.10.28	16:15:00	152.108	152.145	152.03	152.068	1364	0	20
2025.10.28	16:30:00	152.067	152.141	151.973	152.006	1427	0	20
2025.10.28	16:45:00	152.005	152.042	151.966	151.975	855	0	20
2025.10.28	17:00:00	151.975	152.011	151.885	152.007	1136	0	20
2025.10.28	17:15:00	152.006	152.063	151.994	152.015	663	0	20
2025.10.28	17:30:00	152.015	152.016	151.842	151.903	1060	0	20
2025.10.28	17:45:00	151.903	152.168	151.884	152.133	2050	0	20
2025.10.28	18:00:00	152.133	152.197	152.108	152.144	1878	0	20
2025.10.28	18:15:00	152.145	152.181	152.114	152.148	899	0	20
2025.10.28	18:30:00	152.148	152.292	152.147	152.204	1860	0	20
2025.10.28	18:45:00	152.205	152.244	152.1	152.1	1129	0	20
2025.10.28	19:00:00	152.1	152.186	152.093	152.152	1265	0	20
2025.10.28	19:15:00	152.152	152.159	152.112	152.121	961	0	20
2025.10.28	19:30:00	152.12	152.165	152.084	152.164	551	0	20
2025.10.28	19:45:00	152.164	152.18	152.144	152.164	427	0	20
2025.10.28	20:00:00	152.164	152.195	152.143	152.144	710	0	20
2025.10.28	20:15:00	152.139	152.205	152.135	152.205	697	0	21
2025.10.28	20:30:00	152.205	152.234	152.15	152.184	623	0	20
2025.10.28	20:45:00	152.184	152.185	152.079	152.093	802	0	20
2025.10.28	21:00:00	152.093	152.093	152.022	152.037	772	0	20
2025.10.28	21:15:00	152.038	152.038	151.975	151.99	745	0	20
2025.10.28	21:30:00	151.99	151.994	151.935	151.96	368	0	20
2025.10.28	21:45:00	151.96	152.049	151.958	152.047	388	0	20
2025.10.28	22:00:00	152.045	152.078	152.037	152.069	307	0	20
2025.10.28	22:15:00	152.069	152.119	152.051	152.095	176	0	22
2025.10.28	22:30:00	152.095	152.113	152.066	152.075	314	0	20
2025.10.28	22:45:00	152.074	152.1	152.064	152.091	510	0	23
2025.10.28	23:00:00	152.088	152.088	151.999	152.024	53	0	41
2025.10.28	23:15:00	152.024	152.028	151.978	152.028	32	0	102
2025.10.28	23:30:00	152.028	152.034	152.023	152.024	41	0	88
2025.10.28	23:45:00	152.03	152.083	152.009	152.009	89	0	63
2025.10.29	00:00:00	151.994	152.147	151.979	152.143	335	0	26
2025.10.29	00:15:00	152.144	152.148	152.112	152.127	284	0	23
2025.10.29	00:30:00	152.127	152.15	152.121	152.149	320	0	20
2025.10.29	00:45:00	152.15	152.169	152.148	152.157	399	0	22
2025.10.29	01:00:00	152.158	152.169	152.081	152.088	280	0	23
2025.10.29	01:15:00	152.086	152.17	152.084	152.165	328	0	23
2025.10.29	01:30:00	152.166	152.182	152.101	152.102	357	0	20
2025.10.29	01:45:00	152.102	152.183	151.713	151.724	1346	0	20
2025.10.29	02:00:00	151.725	151.752	151.527	151.717	1883	0	20
2025.10.29	02:15:00	151.716	151.85	151.709	151.81	2080	0	20
2025.10.29	02:30:00	151.809	151.88	151.738	151.795	2174	0	20
2025.10.29	02:45:00	151.796	151.798	151.539	151.622	2757	0	20
2025.10.29	03:00:00	151.623	151.712	151.541	151.662	1544	0	20
2025.10.29	03:15:00	151.654	151.784	151.593	151.729	1329	0	20
2025.10.29	03:30:00	151.729	151.905	151.728	151.881	1904	0	20
2025.10.29	03:45:00	151.883	151.885	151.776	151.881	1298	0	20
2025.10.29	04:00:00	151.882	151.976	151.88	151.961	910	0	20
2025.10.29	04:15:00	151.965	152.101	151.94	152.088	935	0	20
2025.10.29	04:30:00	152.088	152.132	152.04	152.056	714	0	20
2025.10.29	04:45:00	152.055	152.082	151.963	151.969	594	0	20
2025.10.29	05:00:00	151.97	151.988	151.912	151.977	528	0	20
2025.10.29	05:15:00	151.977	151.993	151.926	151.97	467	0	20
2025.10.29	05:30:00	151.971	152.018	151.906	152.0	638	0	20
2025.10.29	05:45:00	152.0	152.047	151.97	152.042	687	0	20
2025.10.29	06:00:00	152.043	152.08	151.977	151.996	726	0	20
2025.10.29	06:15:00	151.995	152.044	151.949	152.03	575	0	20
2025.10.29	06:30:00	152.031	152.091	152.007	152.043	506	0	20
2025.10.29	06:45:00	152.051	152.104	152.032	152.064	510	0	20
2025.10.29	07:00:00	152.066	152.193	152.052	152.172	812	0	20
2025.10.29	07:15:00	152.172	152.444	152.172	152.44	1145	0	20
2025.10.29	07:30:00	152.44	152.534	152.426	152.509	903	0	20
2025.10.29	07:45:00	152.508	152.513	152.319	152.353	1163	0	20
2025.10.29	08:00:00	152.352	152.441	152.339	152.354	961	0	20
2025.10.29	08:15:00	152.354	152.398	152.253	152.272	1041	0	20
2025.10.29	08:30:00	152.273	152.273	152.197	152.203	1051	0	20
2025.10.29	08:45:00	152.205	152.222	152.119	152.134	824	0	20
2025.10.29	09:00:00	152.146	152.17	152.047	152.102	990	0	20
2025.10.29	09:15:00	152.102	152.14	152.007	152.02	1161	0	20
2025.10.29	09:30:00	152.019	152.115	151.992	152.058	922	0	20
2025.10.29	09:45:00	152.058	152.131	152.002	152.05	973	0	20
2025.10.29	10:00:00	152.052	152.259	152.038	152.244	1237	0	20
2025.10.29	10:15:00	152.245	152.28	152.192	152.22	1194	0	20
2025.10.29	10:30:00	152.22	152.323	152.207	152.264	1036	0	20
2025.10.29	10:45:00	152.262	152.323	152.247	152.323	1235	0	20
2025.10.29	11:00:00	152.331	152.415	152.319	152.377	1217	0	20
2025.10.29	11:15:00	152.378	152.457	152.306	152.337	980	0	20
2025.10.29	11:30:00	152.341	152.371	152.266	152.286	1102	0	20
2025.10.29	11:45:00	152.284	152.289	152.187	152.222	840	0	20
2025.10.29	12:00:00	152.221	152.328	152.195	152.326	541	0	20
2025.10.29	12:15:00	152.327	152.333	152.232	152.244	654	0	20
2025.10.29	12:30:00	152.245	152.261	152.204	152.256	574	0	20
2025.10.29	12:45:00	152.257	152.283	152.213	152.232	638	0	20
2025.10.29	13:00:00	152.234	152.269	152.195	152.251	872	0	20
2025.10.29	13:15:00	152.252	152.398	152.249	152.351	970	0	20
2025.10.29	13:30:00	152.352	152.353	152.216	152.25	661	0	20
2025.10.29	13:45:00	152.252	152.272	152.125	152.232	880	0	20
2025.10.29	14:00:00	152.232	152.256	152.149	152.244	762	0	20
2025.10.29	14:15:00	152.243	152.288	152.204	152.255	901	0	20
2025.10.29	14:30:00	152.254	152.276	152.205	152.225	991	0	20
2025.10.29	14:45:00	152.225	152.254	152.186	152.23	915	0	20
2025.10.29	15:00:00	152.232	152.233	152.014	152.023	809	0	20
2025.10.29	15:15:00	152.023	152.026	151.876	151.9	1177	0	20
2025.10.29	15:30:00	151.903	151.972	151.854	151.96	1567	0	20
2025.10.29	15:45:00	151.96	152.062	151.936	151.989	1404	0	20
2025.10.29	16:00:00	151.99	152.062	151.978	152.036	1297	0	20
2025.10.29	16:15:00	152.038	152.084	151.973	152.076	1155	0	20
2025.10.29	16:30:00	152.077	152.158	152.058	152.08	1359	0	20
2025.10.29	16:45:00	152.081	152.108	152.014	152.027	1040	0	20
2025.10.29	17:00:00	152.026	152.039	151.933	152.036	1129	0	20
2025.10.29	17:15:00	152.036	152.051	151.992	152.027	858	0	20
2025.10.29	17:30:00	152.027	152.03	151.99	151.996	483	0	20
2025.10.29	17:45:00	151.996	152.04	151.895	151.901	1805	0	20
2025.10.29	18:00:00	151.901	152.155	151.886	152.084	2320	0	20
2025.10.29	18:15:00	152.083	152.101	152.011	152.031	781	0	20
2025.10.29	18:30:00	152.031	152.123	152.031	152.107	729	0	20
2025.10.29	18:45:00	152.108	152.168	152.1	152.139	679	0	20
2025.10.29	19:00:00	152.14	152.146	152.092	152.092	601	0	20
2025.10.29	19:15:00	152.092	152.184	152.079	152.183	640	0	20
2025.10.29	19:30:00	152.183	152.306	152.182	152.281	943	0	20
2025.10.29	19:45:00	152.278	152.296	152.215	152.248	1044	0	20
2025.10.29	20:00:00	152.248	152.466	152.174	152.462	3352	0	20
2025.10.29	20:15:00	152.462	152.476	152.35	152.424	2345	0	20
2025.10.29	20:30:00	152.425	153.041	152.246	152.77	5379	0	20
2025.10.29	20:45:00	152.768	152.98	152.755	152.812	4580	0	20
2025.10.29	21:00:00	152.814	152.956	152.765	152.871	3658	0	20
2025.10.29	21:15:00	152.872	153.023	152.802	153.014	2760	0	20
2025.10.29	21:30:00	153.013	153.05	152.846	152.889	1553	0	20
2025.10.29	21:45:00	152.89	152.896	152.741	152.806	1319	0	20
2025.10.29	22:00:00	152.805	152.866	152.763	152.814	1575	0	20
2025.10.29	22:15:00	152.814	152.852	152.782	152.782	916	0	20
2025.10.29	22:30:00	152.777	152.795	152.576	152.675	873	0	20
2025.10.29	22:45:00	152.676	152.736	152.654	152.71	881	0	20
2025.10.29	23:00:00	152.703	152.703	152.608	152.646	36	0	49
2025.10.29	23:15:00	152.646	152.713	152.559	152.62	205	0	45
2025.10.29	23:30:00	152.618	152.689	152.581	152.643	47	0	63
2025.10.29	23:45:00	152.643	152.649	152.61	152.63	86	0	50
2025.10.30	00:00:00	152.629	152.671	152.613	152.66	325	0	27
2025.10.30	00:15:00	152.658	152.693	152.656	152.683	241	0	23
2025.10.30	00:30:00	152.682	152.725	152.681	152.694	514	0	21
2025.10.30	00:45:00	152.693	152.712	152.657	152.682	467	0	21
2025.10.30	01:00:00	152.682	152.716	152.639	152.7	551	0	21
2025.10.30	01:15:00	152.699	152.702	152.666	152.69	549	0	20
2025.10.30	01:30:00	152.689	152.701	152.574	152.624	498	0	21
2025.10.30	01:45:00	152.623	152.746	152.623	152.714	752	0	20
2025.10.30	02:00:00	152.714	152.936	152.678	152.712	1844	0	20
2025.10.30	02:15:00	152.708	152.734	152.494	152.509	1377	0	20
2025.10.30	02:30:00	152.51	152.709	152.51	152.595	1102	0	20
2025.10.30	02:45:00	152.594	152.734	152.512	152.623	1828	0	20
2025.10.30	03:00:00	152.622	152.67	152.457	152.571	1872	0	20
2025.10.30	03:15:00	152.568	152.655	152.541	152.584	1270	0	20
2025.10.30	03:30:00	152.579	152.579	152.439	152.483	1189	0	20
2025.10.30	03:45:00	152.472	152.537	152.447	152.532	535	0	20
2025.10.30	04:00:00	152.533	152.549	152.381	152.388	990	0	20
2025.10.30	04:15:00	152.388	152.482	152.38	152.472	494	0	20
2025.10.30	04:30:00	152.471	152.484	152.409	152.421	575	0	20
2025.10.30	04:45:00	152.42	152.433	152.304	152.327	1023	0	20
2025.10.30	05:00:00	152.326	152.329	152.148	152.174	1108	0	20
2025.10.30	05:15:00	152.172	152.95	152.172	152.905	2842	0	20
2025.10.30	05:30:00	152.909	153.125	152.903	153.004	2142	0	20
2025.10.30	05:45:00	153.008	153.091	152.929	152.949	1129	0	20
2025.10.30	06:00:00	152.948	153.011	152.636	152.734	1712	0	20
2025.10.30	06:15:00	152.734	152.784	152.55	152.593	2475	0	20
2025.10.30	06:30:00	152.594	152.946	152.594	152.776	3527	0	20
2025.10.30	06:45:00	152.777	152.842	152.699	152.756	1434	0	20
2025.10.30	07:00:00	152.756	152.826	152.662	152.792	1474	0	20
2025.10.30	07:15:00	152.793	152.972	152.774	152.956	1057	0	20
2025.10.30	07:30:00	152.957	152.985	152.892	152.899	1094	0	20
2025.10.30	07:45:00	152.898	153.031	152.882	153.027	999	0	20
2025.10.30	08:00:00	153.028	153.074	152.923	152.954	1363	0	20
2025.10.30	08:15:00	152.952	153.042	152.93	153.038	1295	0	20
2025.10.30	08:30:00	153.041	153.508	152.958	153.492	2681	0	20
2025.10.30	08:45:00	153.492	153.5	153.326	153.329	2182	0	20
2025.10.30	09:00:00	153.33	153.462	153.268	153.425	2727	0	20
2025.10.30	09:15:00	153.427	153.537	153.339	153.347	2440	0	20
2025.10.30	09:30:00	153.349	153.444	153.269	153.395	1813	0	20
2025.10.30	09:45:00	153.395	153.471	153.392	153.393	1372	0	20
2025.10.30	10:00:00	153.392	153.74	153.392	153.701	1893	0	20
2025.10.30	10:15:00	153.702	153.843	153.685	153.816	1738	0	20
2025.10.30	10:30:00	153.816	153.88	153.724	153.738	1213	0	20
2025.10.30	10:45:00	153.741	153.783	153.673	153.735	729	0	20
2025.10.30	11:00:00	153.738	153.79	153.709	153.764	1296	0	20
2025.10.30	11:15:00	153.766	153.772	153.67	153.757	894	0	20
2025.10.30	11:30:00	153.759	153.761	153.613	153.69	1424	0	20
2025.10.30	11:45:00	153.69	153.788	153.658	153.77	949	0	20
2025.10.30	12:00:00	153.767	153.883	153.764	153.836	983	0	20
2025.10.30	12:15:00	153.837	153.883	153.791	153.855	695	0	20
2025.10.30	12:30:00	153.858	153.939	153.837	153.922	994	0	20
2025.10.30	12:45:00	153.927	153.949	153.889	153.946	779	0	20
2025.10.30	13:00:00	153.947	153.994	153.853	153.899	1131	0	20
2025.10.30	13:15:00	153.899	153.943	153.865	153.907	1215	0	20
2025.10.30	13:30:00	153.906	154.03	153.862	154.021	1064	0	20
2025.10.30	13:45:00	154.023	154.162	154.009	154.106	1269	0	20
2025.10.30	14:00:00	154.105	154.176	154.067	154.158	1217	0	20
2025.10.30	14:15:00	154.16	154.275	154.124	154.204	1290	0	20
2025.10.30	14:30:00	154.205	154.242	154.149	154.181	1541	0	20
2025.10.30	14:45:00	154.184	154.28	154.157	154.278	2064	0	20
2025.10.30	15:00:00	154.291	154.433	154.248	154.339	1954	0	20
2025.10.30	15:15:00	154.338	154.37	154.27	154.31	1433	0	20
2025.10.30	15:30:00	154.308	154.335	154.133	154.15	2315	0	20
2025.10.30	15:45:00	154.151	154.3	154.145	154.188	2139	0	20
2025.10.30	16:00:00	154.186	154.226	154.043	154.088	2649	0	20
2025.10.30	16:15:00	154.087	154.167	154.065	154.138	1918	0	20
2025.10.30	16:30:00	154.139	154.204	154.096	154.165	1797	0	20
2025.10.30	16:45:00	154.171	154.311	154.153	154.278	1573	0	20
2025.10.30	17:00:00	154.279	154.33	154.194	154.195	2200	0	20
2025.10.30	17:15:00	154.196	154.196	154.107	154.112	1160	0	20
2025.10.30	17:30:00	154.113	154.217	154.098	154.099	1068	0	20
2025.10.30	17:45:00	154.099	154.172	154.034	154.161	1874	0	20
2025.10.30	18:00:00	154.163	154.219	154.124	154.145	1278	0	20
2025.10.30	18:15:00	154.144	154.188	154.078	154.083	1039	0	20
2025.10.30	18:30:00	154.084	154.136	154.082	154.089	935	0	20
2025.10.30	18:45:00	154.09	154.132	154.058	154.088	824	0	20
2025.10.30	19:00:00	154.087	154.091	154.038	154.09	787	0	20
2025.10.30	19:15:00	154.1	154.113	154.053	154.088	710	0	20
2025.10.30	19:30:00	154.088	154.159	154.066	154.129	611	0	20
2025.10.30	19:45:00	154.129	154.13	154.081	154.09	678	0	20
2025.10.30	20:00:00	154.089	154.138	154.075	154.112	657	0	20
2025.10.30	20:15:00	154.113	154.139	154.097	154.11	525	0	20
2025.10.30	20:30:00	154.108	154.112	154.04	154.088	429	0	20
2025.10.30	20:45:00	154.094	154.113	154.061	154.073	653	0	20
2025.10.30	21:00:00	154.073	154.073	154.013	154.015	891	0	20
2025.10.30	21:15:00	154.015	154.076	154.015	154.062	481	0	20
2025.10.30	21:30:00	154.063	154.081	154.038	154.04	425	0	21
2025.10.30	21:45:00	154.041	154.067	154.008	154.066	549	0	20
2025.10.30	22:00:00	154.059	154.073	154.033	154.058	448	0	20
2025.10.30	22:15:00	154.058	154.086	154.028	154.079	241	0	21
2025.10.30	22:30:00	154.067	154.102	154.035	154.098	390	0	20
2025.10.30	22:45:00	154.099	154.148	154.072	154.109	683	0	23
2025.10.30	23:00:00	154.106	154.106	154.01	154.059	31	0	51
2025.10.30	23:15:00	154.059	154.1	154.058	154.1	20	0	59
2025.10.30	23:30:00	154.1	154.1	154.072	154.09	27	0	56
2025.10.30	23:45:00	154.092	154.093	154.038	154.045	47	0	57
2025.10.31	00:00:00	154.034	154.089	154.034	154.047	487	0	24
2025.10.31	00:15:00	154.047	154.056	154.02	154.037	183	0	23
2025.10.31	00:30:00	154.036	154.127	154.031	154.103	342	0	20
2025.10.31	00:45:00	154.102	154.114	154.074	154.096	409	0	20
2025.10.31	01:00:00	154.095	154.117	154.059	154.06	414	0	20
2025.10.31	01:15:00	154.06	154.155	154.06	154.133	309	0	20
2025.10.31	01:30:00	154.133	154.133	153.928	153.929	859	0	20
2025.10.31	01:45:00	153.929	153.951	153.829	153.896	924	0	20
2025.10.31	02:00:00	153.895	153.959	153.81	153.907	1218	0	20
2025.10.31	02:15:00	153.906	153.962	153.897	153.943	725	0	20
2025.10.31	02:30:00	153.944	153.951	153.842	153.876	726	0	20
2025.10.31	02:45:00	153.875	154.025	153.87	153.885	1628	0	20
2025.10.31	03:00:00	153.88	153.91	153.691	153.755	1813	0	20
2025.10.31	03:15:00	153.754	153.757	153.644	153.695	963	0	20
2025.10.31	03:30:00	153.695	153.771	153.642	153.651	974	0	20
2025.10.31	03:45:00	153.653	153.834	153.65	153.821	743	0	20
2025.10.31	04:00:00	153.82	153.869	153.79	153.804	719	0	20
2025.10.31	04:15:00	153.804	153.81	153.731	153.743	430	0	20
2025.10.31	04:30:00	153.743	153.823	153.731	153.82	680	0	20
2025.10.31	04:45:00	153.819	153.874	153.781	153.874	666	0	20
2025.10.31	05:00:00	153.875	153.906	153.841	153.906	554	0	20
2025.10.31	05:15:00	153.905	153.938	153.896	153.912	569	0	20
2025.10.31	05:30:00	153.913	153.986	153.907	153.976	489	0	20
2025.10.31	05:45:00	153.977	154.057	153.969	154.028	414	0	20
2025.10.31	06:00:00	154.027	154.046	153.897	153.92	567	0	20
2025.10.31	06:15:00	153.92	154.016	153.912	153.942	574	0	20
2025.10.31	06:30:00	153.94	153.989	153.898	153.909	348	0	20
2025.10.31	06:45:00	153.909	153.959	153.898	153.925	506	0	20
2025.10.31	07:00:00	153.925	153.955	153.905	153.946	506	0	20
2025.10.31	07:15:00	153.945	154.045	153.943	153.98	551	0	20
2025.10.31	07:30:00	153.982	153.987	153.868	153.922	823	0	20
2025.10.31	07:45:00	153.92	153.937	153.822	153.903	1118	0	20
2025.10.31	08:00:00	153.899	154.027	153.874	153.946	1272	0	20
2025.10.31	08:15:00	153.945	154.085	153.899	154.076	709	0	20
2025.10.31	08:30:00	154.075	154.162	153.996	154.159	823	0	20
2025.10.31	08:45:00	154.162	154.226	154.109	154.214	840	0	20
2025.10.31	09:00:00	154.218	154.385	154.188	154.284	1849	0	20
2025.10.31	09:15:00	154.284	154.297	154.163	154.248	1064	0	20
2025.10.31	09:30:00	154.247	154.334	154.168	154.323	1305	0	20
2025.10.31	09:45:00	154.331	154.365	154.228	154.297	1545	0	20
2025.10.31	10:00:00	154.3	154.33	154.22	154.33	1220	0	20
2025.10.31	10:15:00	154.331	154.401	154.256	154.347	1446	0	20
2025.10.31	10:30:00	154.347	154.362	154.264	154.296	1231	0	20
2025.10.31	10:45:00	154.296	154.321	154.221	154.235	1023	0	20
2025.10.31	11:00:00	154.234	154.28	154.159	154.175	841	0	20
2025.10.31	11:15:00	154.176	154.27	154.166	154.23	880	0	20
2025.10.31	11:30:00	154.23	154.247	154.135	154.135	981	0	20
2025.10.31	11:45:00	154.135	154.189	154.102	154.13	728	0	20
2025.10.31	12:00:00	154.13	154.137	154.081	154.097	646	0	20
2025.10.31	12:15:00	154.099	154.167	154.094	154.144	576	0	20
2025.10.31	12:30:00	154.142	154.173	154.122	154.135	464	0	20
2025.10.31	12:45:00	154.135	154.154	154.096	154.12	639	0	20
2025.10.31	13:00:00	154.121	154.121	154.041	154.094	645	0	20
2025.10.31	13:15:00	154.096	154.132	154.057	154.058	565	0	20
2025.10.31	13:30:00	154.057	154.162	154.047	154.147	795	0	20
2025.10.31	13:45:00	154.147	154.173	154.064	154.093	664	0	20
2025.10.31	14:00:00	154.091	154.165	154.087	154.16	870	0	20
2025.10.31	14:15:00	154.161	154.243	154.111	154.123	890	0	20
2025.10.31	14:30:00	154.133	154.135	153.883	154.027	1659	0	20
2025.10.31	14:45:00	154.03	154.141	154.021	154.125	1311	0	20
2025.10.31	15:00:00	154.125	154.193	154.121	154.161	1984	0	20
2025.10.31	15:15:00	154.16	154.187	154.061	154.098	1062	0	20
2025.10.31	15:30:00	154.097	154.206	154.068	154.191	1495	0	20
2025.10.31	15:45:00	154.193	154.222	154.036	154.067	1646	0	20
2025.10.31	16:00:00	154.068	154.075	153.915	153.968	1734	0	20
2025.10.31	16:15:00	153.968	154.077	153.96	154.067	1761	0	20
2025.10.31	16:30:00	154.067	154.085	153.932	153.967	1232	0	20
2025.10.31	16:45:00	153.968	154.004	153.881	153.936	1043	0	20
2025.10.31	17:00:00	153.935	153.999	153.904	153.949	1513	0	20
2025.10.31	17:15:00	153.95	153.973	153.916	153.939	1029	0	20
2025.10.31	17:30:00	153.939	154.051	153.938	154.043	1115	0	20
2025.10.31	17:45:00	154.043	154.085	153.919	154.031	2198	0	20
2025.10.31	18:00:00	154.032	154.139	153.957	154.105	1923	0	20
2025.10.31	18:15:00	154.104	154.163	154.089	154.122	1263	0	20
2025.10.31	18:30:00	154.122	154.123	154.034	154.078	718	0	20
2025.10.31	18:45:00	154.078	154.113	154.043	154.104	699	0	20
2025.10.31	19:00:00	154.102	154.143	154.09	154.136	873	0	20
2025.10.31	19:15:00	154.137	154.167	154.096	154.099	636	0	20
2025.10.31	19:30:00	154.1	154.105	154.069	154.09	890	0	20
2025.10.31	19:45:00	154.089	154.131	154.07	154.084	732	0	20
2025.10.31	20:00:00	154.086	154.098	154.036	154.06	668	0	20
2025.10.31	20:15:00	154.06	154.098	154.051	154.082	498	0	20
2025.10.31	20:30:00	154.083	154.123	154.079	154.098	484	0	20
2025.10.31	20:45:00	154.096	154.099	154.025	154.076	592	0	20
2025.10.31	21:00:00	154.076	154.114	154.052	154.067	512	0	20
2025.10.31	21:15:00	154.068	154.09	154.051	154.059	458	0	20
2025.10.31	21:30:00	154.059	154.098	154.059	154.097	512	0	20
2025.10.31	21:45:00	154.096	154.124	154.084	154.095	906	0	20
2025.10.31	22:00:00	154.098	154.109	154.063	154.093	420	0	20
2025.10.31	22:15:00	154.092	154.1	154.021	154.06	380	0	21
2025.10.31	22:30:00	154.06	154.083	154.043	154.081	189	0	21
2025.10.31	22:45:00	154.08	154.08	153.956	153.99	783	0	23
2025.11.03	00:00:00	153.948	154.011	153.933	154.011	23	0	75
2025.11.03	00:15:00	154.011	154.059	154.011	154.031	38	0	33
2025.11.03	00:30:00	154.031	154.056	154.014	154.056	102	0	31
2025.11.03	00:45:00	154.056	154.069	154.038	154.041	59	0	45
2025.11.03	01:00:00	154.041	154.127	154.002	154.114	464	0	20
2025.11.03	01:15:00	154.119	154.2	154.108	154.14	811	0	20
2025.11.03	01:30:00	154.144	154.237	154.121	154.211	1041	0	20
2025.11.03	01:45:00	154.211	154.238	154.142	154.188	1261	0	20
2025.11.03	02:00:00	154.188	154.198	154.156	154.181	874	0	20
2025.11.03	02:15:00	154.182	154.202	154.108	154.146	536	0	20
2025.11.03	02:30:00	154.149	154.191	154.132	154.148	546	0	20
2025.11.03	02:45:00	154.147	154.187	154.137	154.164	712	0	20
2025.11.03	03:00:00	154.163	154.177	154.114	154.122	742	0	20
2025.11.03	03:15:00	154.122	154.126	154.067	154.093	453	0	20
2025.11.03	03:30:00	154.094	154.116	154.078	154.113	346	0	20
2025.11.03	03:45:00	154.114	154.122	154.09	154.105	260	0	22
2025.11.03	04:00:00	154.106	154.115	154.03	154.067	480	0	20
2025.11.03	04:15:00	154.066	154.078	154.033	154.045	516	0	20
2025.11.03	04:30:00	154.044	154.081	154.025	154.081	287	0	20
2025.11.03	04:45:00	154.081	154.091	154.056	154.074	299	0	20
2025.11.03	05:00:00	154.075	154.085	154.051	154.055	270	0	20
2025.11.03	05:15:00	154.055	154.055	154.03	154.045	282	0	20
2025.11.03	05:30:00	154.044	154.064	154.041	154.056	283	0	20
2025.11.03	05:45:00	154.057	154.066	154.038	154.055	396	0	20
2025.11.03	06:00:00	154.056	154.06	153.979	153.989	644	0	20
2025.11.03	06:15:00	153.99	154.033	153.99	154.027	273	0	20
2025.11.03	06:30:00	154.026	154.057	154.026	154.046	181	0	20
2025.11.03	06:45:00	154.048	154.076	154.027	154.063	201	0	20
2025.11.03	07:00:00	154.073	154.124	154.065	154.102	266	0	20
2025.11.03	07:15:00	154.105	154.11	154.082	154.096	310	0	20
2025.11.03	07:30:00	154.097	154.114	154.062	154.089	400	0	20
2025.11.03	07:45:00	154.089	154.118	154.048	154.112	493	0	20
2025.11.03	08:00:00	154.112	154.179	154.093	154.174	431	0	20
2025.11.03	08:15:00	154.175	154.215	154.156	154.215	519	0	20
2025.11.03	08:30:00	154.216	154.233	154.157	154.166	482	0	20
2025.11.03	08:45:00	154.165	154.201	154.14	154.178	346	0	20
2025.11.03	09:00:00	154.177	154.246	154.154	154.245	815	0	20
2025.11.03	09:15:00	154.247	154.275	154.196	154.204	874	0	20
2025.11.03	09:30:00	154.209	154.237	154.115	154.125	838	0	20
2025.11.03	09:45:00	154.125	154.181	154.097	154.1	755	0	20
2025.11.03	10:00:00	154.1	154.196	154.094	154.17	1230	0	20
2025.11.03	10:15:00	154.171	154.184	154.115	154.147	1002	0	20
2025.11.03	10:30:00	154.147	154.156	154.073	154.078	842	0	20
2025.11.03	10:45:00	154.076	154.151	154.04	154.098	813	0	20
2025.11.03	11:00:00	154.099	154.135	154.075	154.135	818	0	20
2025.11.03	11:15:00	154.134	154.15	154.103	154.11	867	0	20
2025.11.03	11:30:00	154.109	154.135	154.094	154.101	746	0	20
2025.11.03	11:45:00	154.104	154.159	154.103	154.155	455	0	20
2025.11.03	12:00:00	154.155	154.18	154.135	154.156	831	0	20
2025.11.03	12:15:00	154.155	154.166	154.127	154.136	650	0	20
2025.11.03	12:30:00	154.135	154.164	154.12	154.148	660	0	20
2025.11.03	12:45:00	154.147	154.172	154.139	154.159	429	0	20
2025.11.03	13:00:00	154.158	154.175	154.134	154.142	441	0	20
2025.11.03	13:15:00	154.144	154.158	154.105	154.109	534	0	21
2025.11.03	13:30:00	154.109	154.134	154.086	154.125	473	0	20
2025.11.03	13:45:00	154.126	154.155	154.123	154.141	445	0	20
2025.11.03	14:00:00	154.14	154.171	154.134	154.157	412	0	21
2025.11.03	14:15:00	154.156	154.158	154.131	154.144	399	0	20
2025.11.03	14:30:00	154.144	154.165	154.131	154.146	398	0	20
2025.11.03	14:45:00	154.146	154.178	154.139	154.171	553	0	20
2025.11.03	15:00:00	154.173	154.225	154.165	154.215	1293	0	20
2025.11.03	15:15:00	154.215	154.271	154.202	154.262	1086	0	20
2025.11.03	15:30:00	154.263	154.286	154.218	154.248	574	0	20
2025.11.03	15:45:00	154.249	154.285	154.226	154.238	810	0	20
2025.11.03	16:00:00	154.239	154.253	154.203	154.226	702	0	20
2025.11.03	16:15:00	154.227	154.261	154.182	154.239	810	0	20
2025.11.03	16:30:00	154.238	154.252	154.17	154.19	869	0	20
2025.11.03	16:45:00	154.183	154.212	154.064	154.085	1161	0	20
2025.11.03	17:00:00	154.001	154.082	153.903	154.006	2482	0	20
2025.11.03	17:15:00	154.007	154.104	153.971	154.021	1700	0	20
2025.11.03	17:30:00	154.018	154.149	153.999	154.135	1435	0	20
2025.11.03	17:45:00	154.136	154.148	154.083	154.088	1509	0	20
2025.11.03	18:00:00	154.087	154.132	154.071	154.083	1296	0	20
2025.11.03	18:15:00	154.084	154.154	154.082	154.132	1073	0	20
2025.11.03	18:30:00	154.129	154.139	154.089	154.089	765	0	20
2025.11.03	18:45:00	154.089	154.143	154.057	154.121	505	0	20
2025.11.03	19:00:00	154.12	154.136	154.09	154.099	686	0	20
2025.11.03	19:15:00	154.099	154.106	154.049	154.08	933	0	20
2025.11.03	19:30:00	154.079	154.133	154.074	154.117	679	0	20
2025.11.03	19:45:00	154.117	154.164	154.117	154.143	506	0	20
2025.11.03	20:00:00	154.144	154.163	154.106	154.163	444	0	20
2025.11.03	20:15:00	154.164	154.189	154.158	154.189	338	0	20
2025.11.03	20:30:00	154.187	154.228	154.163	154.166	467	0	20
2025.11.03	20:45:00	154.167	154.194	154.148	154.157	529	0	20
2025.11.03	21:00:00	154.158	154.208	154.128	154.205	720	0	20
2025.11.03	21:15:00	154.205	154.224	154.192	154.214	386	0	20
2025.11.03	21:30:00	154.214	154.242	154.191	154.205	340	0	20
2025.11.03	21:45:00	154.205	154.21	154.159	154.181	762	0	20
2025.11.03	22:00:00	154.18	154.195	154.164	154.17	535	0	20
2025.11.03	22:15:00	154.169	154.207	154.165	154.204	532	0	20
2025.11.03	22:30:00	154.205	154.208	154.179	154.181	508	0	20
2025.11.03	22:45:00	154.18	154.194	154.165	154.184	548	0	20
2025.11.03	23:00:00	154.185	154.207	154.179	154.192	347	0	22
2025.11.03	23:15:00	154.192	154.196	154.169	154.192	130	0	21
2025.11.03	23:30:00	154.194	154.199	154.182	154.185	125	0	23
2025.11.03	23:45:00	154.186	154.204	154.183	154.197	594	0	23
2025.11.04	00:00:00	154.198	154.231	154.187	154.224	79	0	34
2025.11.04	00:15:00	154.224	154.224	154.19	154.202	78	0	38
2025.11.04	00:30:00	154.202	154.203	154.197	154.201	108	0	45
2025.11.04	00:45:00	154.2	154.205	154.18	154.195	194	0	40
2025.11.04	01:00:00	154.195	154.214	154.178	154.201	122	0	23
2025.11.04	01:15:00	154.201	154.201	154.16	154.167	52	0	26
2025.11.04	01:30:00	154.171	154.211	154.166	154.179	342	0	20
2025.11.04	01:45:00	154.181	154.205	154.171	154.199	338	0	21
2025.11.04	02:00:00	154.2	154.39	154.188	154.344	1569	0	20
2025.11.04	02:15:00	154.342	154.346	154.25	154.293	909	0	20
2025.11.04	02:30:00	154.292	154.312	154.221	154.298	852	0	20
2025.11.04	02:45:00	154.297	154.352	154.267	154.327	1347	0	20
2025.11.04	03:00:00	154.33	154.402	154.301	154.365	1309	0	20
2025.11.04	03:15:00	154.364	154.472	154.314	154.45	1281	0	20
2025.11.04	03:30:00	154.452	154.453	154.29	154.312	1037	0	20
2025.11.04	03:45:00	154.312	154.348	154.293	154.319	714	0	20
2025.11.04	04:00:00	154.32	154.347	154.28	154.294	910	0	20
2025.11.04	04:15:00	154.292	154.308	154.247	154.251	490	0	20
2025.11.04	04:30:00	154.252	154.261	154.146	154.187	763	0	20
2025.11.04	04:45:00	154.186	154.216	154.095	154.098	603	0	20
2025.11.04	05:00:00	154.097	154.138	154.063	154.11	516	0	20
2025.11.04	05:15:00	154.11	154.136	154.083	154.133	373	0	20
2025.11.04	05:30:00	154.133	154.147	154.045	154.075	816	0	20
2025.11.04	05:45:00	154.074	154.102	154.043	154.074	561	0	20
2025.11.04	06:00:00	154.075	154.091	154.058	154.071	372	0	20
2025.11.04	06:15:00	154.08	154.081	153.962	153.974	582	0	20
2025.11.04	06:30:00	153.973	153.99	153.798	153.854	914	0	20
2025.11.04	06:45:00	153.855	154.055	153.854	154.051	838	0	20
2025.11.04	07:00:00	154.052	154.073	153.895	153.897	850	0	20
2025.11.04	07:15:00	153.897	153.936	153.811	153.811	686	0	20
2025.11.04	07:30:00	153.811	153.811	153.702	153.753	910	0	20
2025.11.04	07:45:00	153.752	153.779	153.677	153.721	1065	0	20
2025.11.04	08:00:00	153.721	153.78	153.59	153.634	1131	0	20
2025.11.04	08:15:00	153.632	153.691	153.483	153.544	1479	0	20
2025.11.04	08:30:00	153.544	153.608	153.492	153.554	953	0	20
2025.11.04	08:45:00	153.552	153.664	153.527	153.614	899	0	20
2025.11.04	09:00:00	153.615	153.622	153.461	153.519	1101	0	20
2025.11.04	09:15:00	153.519	153.524	153.361	153.398	1235	0	20
2025.11.04	09:30:00	153.391	153.404	153.321	153.392	814	0	20
2025.11.04	09:45:00	153.393	153.594	153.355	153.569	889	0	20
2025.11.04	10:00:00	153.577	153.591	153.46	153.463	1868	0	20
2025.11.04	10:15:00	153.464	153.572	153.375	153.566	1485	0	20
2025.11.04	10:30:00	153.566	153.684	153.56	153.646	1316	0	20
2025.11.04	10:45:00	153.644	153.687	153.609	153.638	1060	0	20
2025.11.04	11:00:00	153.639	153.688	153.612	153.659	779	0	20
2025.11.04	11:15:00	153.657	153.745	153.557	153.557	1263	0	20
2025.11.04	11:30:00	153.556	153.603	153.471	153.495	1146	0	20
2025.11.04	11:45:00	153.496	153.556	153.393	153.473	1152	0	20
2025.11.04	12:00:00	153.473	153.475	153.305	153.39	1439	0	20
2025.11.04	12:15:00	153.389	153.486	153.379	153.47	748	0	20
2025.11.04	12:30:00	153.469	153.541	153.458	153.504	808	0	20
2025.11.04	12:45:00	153.502	153.59	153.502	153.567	637	0	20
2025.11.04	13:00:00	153.566	153.581	153.449	153.449	771	0	20
2025.11.04	13:15:00	153.445	153.486	153.435	153.445	484	0	20
2025.11.04	13:30:00	153.444	153.483	153.361	153.453	803	0	20
2025.11.04	13:45:00	153.452	153.574	153.444	153.561	680	0	20
2025.11.04	14:00:00	153.559	153.583	153.498	153.523	738	0	20
2025.11.04	14:15:00	153.522	153.558	153.494	153.534	589	0	20
2025.11.04	14:30:00	153.534	153.616	153.518	153.534	713	0	20
2025.11.04	14:45:00	153.537	153.557	153.506	153.518	680	0	20
2025.11.04	15:00:00	153.516	153.531	153.415	153.47	966	0	20
2025.11.04	15:15:00	153.469	153.481	153.388	153.414	751	0	20
2025.11.04	15:30:00	153.414	153.416	153.36	153.369	758	0	20
2025.11.04	15:45:00	153.369	153.427	153.307	153.377	770	0	20
2025.11.04	16:00:00	153.376	153.475	153.359	153.441	1210	0	20
2025.11.04	16:15:00	153.446	153.536	153.434	153.463	1018	0	20
2025.11.04	16:30:00	153.461	153.515	153.421	153.424	1599	0	20
2025.11.04	16:45:00	153.422	153.481	153.38	153.467	1095	0	20
2025.11.04	17:00:00	153.466	153.586	153.424	153.456	1526	0	20
2025.11.04	17:15:00	153.456	153.509	153.454	153.463	1240	0	20
2025.11.04	17:30:00	153.464	153.466	153.358	153.42	1094	0	20
2025.11.04	17:45:00	153.419	153.435	153.329	153.373	1199	0	20
2025.11.04	18:00:00	153.372	153.424	153.355	153.361	1356	0	20
2025.11.04	18:15:00	153.36	153.417	153.328	153.416	987	0	20
2025.11.04	18:30:00	153.417	153.508	153.403	153.493	950	0	20
2025.11.04	18:45:00	153.494	153.542	153.492	153.54	626	0	20
2025.11.04	19:00:00	153.54	153.566	153.519	153.563	851	0	20
2025.11.04	19:15:00	153.563	153.567	153.512	153.55	793	0	20
2025.11.04	19:30:00	153.549	153.579	153.54	153.577	723	0	20
2025.11.04	19:45:00	153.576	153.631	153.564	153.58	574	0	20
2025.11.04	20:00:00	153.58	153.614	153.563	153.611	428	0	20
2025.11.04	20:15:00	153.613	153.631	153.548	153.615	484	0	20
2025.11.04	20:30:00	153.615	153.65	153.555	153.567	427	0	20
2025.11.04	20:45:00	153.567	153.576	153.537	153.553	643	0	20
2025.11.04	21:00:00	153.554	153.591	153.552	153.557	748	0	20
2025.11.04	21:15:00	153.558	153.632	153.552	153.631	666	0	20
2025.11.04	21:30:00	153.63	153.632	153.574	153.598	590	0	20
2025.11.04	21:45:00	153.598	153.626	153.562	153.623	835	0	20
2025.11.04	22:00:00	153.622	153.667	153.621	153.66	467	0	20
2025.11.04	22:15:00	153.659	153.681	153.637	153.664	534	0	20
2025.11.04	22:30:00	153.661	153.669	153.63	153.654	594	0	21
2025.11.04	22:45:00	153.654	153.667	153.611	153.618	532	0	20
2025.11.04	23:00:00	153.617	153.656	153.609	153.633	404	0	20
2025.11.04	23:15:00	153.635	153.65	153.61	153.624	299	0	20
2025.11.04	23:30:00	153.624	153.65	153.589	153.645	285	0	20
2025.11.04	23:45:00	153.646	153.67	153.638	153.65	920	0	23
2025.11.05	00:00:00	153.649	153.649	153.626	153.626	55	0	38
2025.11.05	00:15:00	153.626	153.63	153.615	153.616	41	0	58
2025.11.05	00:30:00	153.616	153.631	153.611	153.615	40	0	41
2025.11.05	00:45:00	153.615	153.65	153.615	153.635	90	0	30
2025.11.05	01:00:00	153.628	153.676	153.618	153.676	276	0	23
2025.11.05	01:15:00	153.677	153.682	153.641	153.652	273	0	23
2025.11.05	01:30:00	153.652	153.667	153.624	153.624	264	0	22
2025.11.05	01:45:00	153.624	153.624	153.496	153.54	897	0	20
2025.11.05	02:00:00	153.54	153.74	153.488	153.579	1961	0	20
2025.11.05	02:15:00	153.579	153.634	153.476	153.489	1093	0	20
2025.11.05	02:30:00	153.488	153.516	153.365	153.372	1530	0	20
2025.11.05	02:45:00	153.373	153.45	153.219	153.227	2216	0	20
2025.11.05	03:00:00	153.228	153.284	153.112	153.114	1972	0	20
2025.11.05	03:15:00	153.112	153.112	152.994	153.069	2009	0	20
2025.11.05	03:30:00	153.068	153.173	152.948	152.988	2050	0	20
2025.11.05	03:45:00	152.989	153.171	152.962	153.153	1521	0	20
2025.11.05	04:00:00	153.15	153.222	153.054	153.205	1499	0	20
2025.11.05	04:15:00	153.204	153.207	153.107	153.118	1202	0	20
2025.11.05	04:30:00	153.12	153.245	153.089	153.245	856	0	20
2025.11.05	04:45:00	153.246	153.314	153.233	153.308	912	0	20
2025.11.05	05:00:00	153.309	153.357	153.29	153.354	770	0	20
2025.11.05	05:15:00	153.354	153.36	153.3	153.359	844	0	20
2025.11.05	05:30:00	153.36	153.443	153.343	153.443	1311	0	20
2025.11.05	05:45:00	153.449	153.557	153.432	153.502	1857	0	20
2025.11.05	06:00:00	153.501	153.518	153.426	153.445	1265	0	20
2025.11.05	06:15:00	153.444	153.469	153.38	153.455	916	0	20
2025.11.05	06:30:00	153.454	153.467	153.417	153.43	597	0	20
2025.11.05	06:45:00	153.43	153.485	153.425	153.474	791	0	20
2025.11.05	07:00:00	153.471	153.53	153.464	153.524	667	0	20
2025.11.05	07:15:00	153.523	153.556	153.486	153.513	749	0	20
2025.11.05	07:30:00	153.515	153.55	153.507	153.507	668	0	20
2025.11.05	07:45:00	153.508	153.524	153.397	153.51	1000	0	20
2025.11.05	08:00:00	153.51	153.513	153.442	153.475	870	0	20
2025.11.05	08:15:00	153.476	153.66	153.476	153.631	1037	0	20
2025.11.05	08:30:00	153.63	153.732	153.605	153.72	967	0	20
2025.11.05	08:45:00	153.72	153.72	153.651	153.656	526	0	20
2025.11.05	09:00:00	153.657	153.679	153.473	153.532	1275	0	20
2025.11.05	09:15:00	153.533	153.673	153.53	153.543	908	0	20
2025.11.05	09:30:00	153.544	153.553	153.438	153.516	1048	0	20
2025.11.05	09:45:00	153.518	153.587	153.5	153.55	784	0	21
2025.11.05	10:00:00	153.549	153.653	153.502	153.627	1620	0	20
2025.11.05	10:15:00	153.626	153.631	153.544	153.566	995	0	20
2025.11.05	10:30:00	153.567	153.593	153.484	153.509	746	0	20
2025.11.05	10:45:00	153.51	153.524	153.406	153.487	939	0	20
2025.11.05	11:00:00	153.488	153.565	153.476	153.536	954	0	20
2025.11.05	11:15:00	153.537	153.541	153.509	153.512	632	0	20
2025.11.05	11:30:00	153.513	153.635	153.498	153.608	713	0	20
2025.11.05	11:45:00	153.609	153.696	153.604	153.677	682	0	20
2025.11.05	12:00:00	153.678	153.832	153.677	153.744	1314	0	20
2025.11.05	12:15:00	153.743	153.774	153.699	153.722	712	0	20
2025.11.05	12:30:00	153.723	153.732	153.667	153.667	574	0	20
2025.11.05	12:45:00	153.666	153.707	153.609	153.616	556	0	20
2025.11.05	13:00:00	153.615	153.699	153.596	153.689	362	0	20
2025.11.05	13:15:00	153.691	153.694	153.601	153.621	546	0	20
2025.11.05	13:30:00	153.621	153.661	153.604	153.628	508	0	20
2025.11.05	13:45:00	153.627	153.643	153.563	153.606	384	0	20
2025.11.05	14:00:00	153.606	153.619	153.553	153.607	541	0	20
2025.11.05	14:15:00	153.606	153.68	153.594	153.66	596	0	20
2025.11.05	14:30:00	153.662	153.716	153.655	153.7	494	0	20
2025.11.05	14:45:00	153.699	153.738	153.664	153.699	622	0	20
2025.11.05	15:00:00	153.698	153.746	153.679	153.724	748	0	20
2025.11.05	15:15:00	153.738	153.87	153.707	153.802	1567	0	20
2025.11.05	15:30:00	153.805	153.97	153.805	153.963	1456	0	20
2025.11.05	15:45:00	153.964	153.98	153.934	153.97	804	0	20
2025.11.05	16:00:00	153.97	154.024	153.936	153.976	1056	0	20
2025.11.05	16:15:00	153.973	153.995	153.933	153.963	978	0	20
2025.11.05	16:30:00	153.962	153.988	153.904	153.935	1268	0	20
2025.11.05	16:45:00	153.936	153.964	153.886	153.922	1247	0	20
2025.11.05	17:00:00	153.957	154.302	153.957	154.188	3224	0	20
2025.11.05	17:15:00	154.186	154.237	154.163	154.178	2163	0	20
2025.11.05	17:30:00	154.18	154.294	154.13	154.283	1529	0	20
2025.11.05	17:45:00	154.284	154.296	154.224	154.295	1667	0	20
2025.11.05	18:00:00	154.297	154.345	154.236	154.253	1455	0	20
2025.11.05	18:15:00	154.253	154.256	154.194	154.226	919	0	20
2025.11.05	18:30:00	154.227	154.286	154.204	154.225	873	0	20
2025.11.05	18:45:00	154.225	154.227	154.095	154.111	970	0	20
2025.11.05	19:00:00	154.111	154.111	154.051	154.095	810	0	20
2025.11.05	19:15:00	154.095	154.108	154.05	154.07	450	0	20
2025.11.05	19:30:00	154.071	154.103	154.071	154.097	303	0	20
2025.11.05	19:45:00	154.096	154.127	154.045	154.066	544	0	20
2025.11.05	20:00:00	154.066	154.066	154.007	154.016	493	0	20
2025.11.05	20:15:00	154.016	154.061	153.996	154.054	440	0	20
2025.11.05	20:30:00	154.054	154.105	154.054	154.097	355	0	20
2025.11.05	20:45:00	154.097	154.132	154.054	154.116	422	0	20
2025.11.05	21:00:00	154.116	154.117	154.048	154.11	440	0	20
2025.11.05	21:15:00	154.112	154.119	154.082	154.089	428	0	20
2025.11.05	21:30:00	154.088	154.114	154.081	154.09	398	0	20
2025.11.05	21:45:00	154.089	154.112	154.078	154.098	496	0	20
2025.11.05	22:00:00	154.099	154.124	154.075	154.076	369	0	20
2025.11.05	22:15:00	154.076	154.124	154.075	154.111	333	0	20
2025.11.05	22:30:00	154.11	154.117	154.086	154.099	429	0	21
2025.11.05	22:45:00	154.101	154.125	154.072	154.112	372	0	20
2025.11.05	23:00:00	154.112	154.133	154.09	154.11	388	0	20
2025.11.05	23:15:00	154.112	154.113	154.09	154.1	310	0	20
2025.11.05	23:30:00	154.099	154.11	154.08	154.085	204	0	20
2025.11.05	23:45:00	154.084	154.109	154.081	154.102	640	0	24
2025.11.06	00:00:00	154.105	154.105	154.076	154.085	28	0	36
2025.11.06	00:15:00	154.085	154.092	154.084	154.091	52	0	40
2025.11.06	00:30:00	154.086	154.088	154.015	154.056	240	0	33
2025.11.06	00:45:00	154.056	154.065	154.053	154.056	122	0	40
2025.11.06	01:00:00	154.056	154.059	154.0	154.002	372	0	25
2025.11.06	01:15:00	154.002	154.009	153.969	154.008	216	0	21
2025.11.06	01:30:00	154.008	154.062	153.981	154.056	349	0	22
2025.11.06	01:45:00	154.056	154.082	154.03	154.078	493	0	21
2025.11.06	02:00:00	154.079	154.131	153.919	153.933	1169	0	20
2025.11.06	02:15:00	153.933	153.947	153.846	153.867	1069	0	20
2025.11.06	02:30:00	153.866	153.965	153.84	153.954	1051	0	20
2025.11.06	02:45:00	153.954	153.957	153.864	153.879	1153	0	20
2025.11.06	03:00:00	153.879	153.879	153.792	153.856	1255	0	20
2025.11.06	03:15:00	153.855	153.924	153.822	153.856	852	0	20
2025.11.06	03:30:00	153.857	153.931	153.842	153.921	670	0	20
2025.11.06	03:45:00	153.932	153.932	153.851	153.861	502	0	20
2025.11.06	04:00:00	153.861	153.861	153.783	153.826	576	0	20
2025.11.06	04:15:00	153.825	153.889	153.825	153.881	316	0	20
2025.11.06	04:30:00	153.882	153.991	153.877	153.978	631	0	20
2025.11.06	04:45:00	153.977	153.981	153.923	153.937	408	0	20
2025.11.06	05:00:00	153.937	153.983	153.882	153.885	373	0	20
2025.11.06	05:15:00	153.887	153.922	153.872	153.887	370	0	20
2025.11.06	05:30:00	153.885	153.897	153.823	153.869	411	0	20
2025.11.06	05:45:00	153.87	153.889	153.851	153.859	385	0	20
2025.11.06	06:00:00	153.858	153.892	153.85	153.874	377	0	20
2025.11.06	06:15:00	153.874	153.961	153.874	153.954	274	0	20
2025.11.06	06:30:00	153.954	153.993	153.946	153.992	354	0	20
2025.11.06	06:45:00	154.002	154.016	153.929	153.942	542	0	20
2025.11.06	07:00:00	153.945	153.996	153.883	153.883	590	0	20
2025.11.06	07:15:00	153.884	153.884	153.824	153.834	492	0	21
2025.11.06	07:30:00	153.834	153.873	153.828	153.851	367	0	20
2025.11.06	07:45:00	153.851	153.874	153.82	153.874	661	0	20
2025.11.06	08:00:00	153.875	153.893	153.798	153.844	816	0	20
2025.11.06	08:15:00	153.845	153.907	153.845	153.862	423	0	20
2025.11.06	08:30:00	153.862	153.951	153.844	153.941	441	0	20
2025.11.06	08:45:00	153.942	153.996	153.929	153.972	479	0	20
2025.11.06	09:00:00	153.972	153.983	153.918	153.932	593	0	20
2025.11.06	09:15:00	153.933	153.947	153.861	153.872	604	0	20
2025.11.06	09:30:00	153.872	153.885	153.764	153.801	707	0	20
2025.11.06	09:45:00	153.802	153.87	153.784	153.856	998	0	20
2025.11.06	10:00:00	153.857	153.86	153.691	153.751	1332	0	20
2025.11.06	10:15:00	153.75	153.761	153.655	153.675	1174	0	20
2025.11.06	10:30:00	153.675	153.747	153.675	153.747	723	0	20
2025.11.06	10:45:00	153.746	153.752	153.521	153.55	1093	0	20
2025.11.06	11:00:00	153.552	153.689	153.547	153.661	1084	0	20
2025.11.06	11:15:00	153.674	153.741	153.666	153.702	628	0	20
2025.11.06	11:30:00	153.704	153.709	153.659	153.671	458	0	20
2025.11.06	11:45:00	153.671	153.762	153.66	153.709	553	0	20
2025.11.06	12:00:00	153.709	153.761	153.709	153.719	570	0	20
2025.11.06	12:15:00	153.72	153.742	153.691	153.705	552	0	20
2025.11.06	12:30:00	153.705	153.763	153.699	153.738	661	0	20
2025.11.06	12:45:00	153.739	153.757	153.729	153.736	400	0	20
2025.11.06	13:00:00	153.734	153.754	153.709	153.713	509	0	20
2025.11.06	13:15:00	153.714	153.717	153.685	153.696	451	0	20
2025.11.06	13:30:00	153.697	153.701	153.579	153.591	504	0	20
2025.11.06	13:45:00	153.592	153.671	153.59	153.636	414	0	20
2025.11.06	14:00:00	153.637	153.676	153.579	153.616	1177	0	20
2025.11.06	14:15:00	153.617	153.711	153.603	153.711	720	0	20
2025.11.06	14:30:00	153.712	153.731	153.638	153.64	1023	0	20
2025.11.06	14:45:00	153.643	153.643	153.591	153.597	703	0	20
2025.11.06	15:00:00	153.597	153.626	153.547	153.6	789	0	20
2025.11.06	15:15:00	153.598	153.607	153.542	153.562	703	0	20
2025.11.06	15:30:00	153.562	153.563	153.395	153.503	1243	0	20
2025.11.06	15:45:00	153.5	153.504	153.403	153.492	997	0	20
2025.11.06	16:00:00	153.493	153.55	153.444	153.541	1096	0	20
2025.11.06	16:15:00	153.542	153.546	153.485	153.52	1238	0	20
2025.11.06	16:30:00	153.521	153.577	153.472	153.481	1365	0	20
2025.11.06	16:45:00	153.481	153.531	153.375	153.4	1383	0	20
2025.11.06	17:00:00	153.4	153.4	153.261	153.279	1460	0	20
2025.11.06	17:15:00	153.277	153.379	153.264	153.341	1427	0	20
2025.11.06	17:30:00	153.342	153.357	153.186	153.195	1467	0	20
2025.11.06	17:45:00	153.195	153.228	153.032	153.034	1815	0	20
2025.11.06	18:00:00	153.033	153.158	153.025	153.122	1480	0	20
2025.11.06	18:15:00	153.123	153.135	153.052	153.106	1526	0	20
2025.11.06	18:30:00	153.107	153.118	153.001	153.051	1541	0	20
2025.11.06	18:45:00	153.05	153.076	152.965	152.971	1062	0	20
2025.11.06	19:00:00	152.971	153.05	152.91	152.911	1586	0	20
2025.11.06	19:15:00	152.909	152.914	152.82	152.887	1065	0	20
2025.11.06	19:30:00	152.885	152.936	152.834	152.883	805	0	20
2025.11.06	19:45:00	152.882	153.053	152.881	153.003	649	0	20
2025.11.06	20:00:00	153.003	153.078	152.908	152.934	938	0	20
2025.11.06	20:15:00	152.932	153.045	152.925	153.019	660	0	20
2025.11.06	20:30:00	153.019	153.065	152.993	153.043	916	0	20
2025.11.06	20:45:00	153.044	153.076	153.004	153.041	1161	0	20
2025.11.06	21:00:00	153.04	153.077	153.018	153.067	895	0	20
2025.11.06	21:15:00	153.067	153.102	153.055	153.089	788	0	20
2025.11.06	21:30:00	153.087	153.137	153.065	153.09	636	0	20
2025.11.06	21:45:00	153.089	153.148	153.078	153.134	795	0	20
2025.11.06	22:00:00	153.132	153.133	153.093	153.105	840	0	20
2025.11.06	22:15:00	153.104	153.124	153.082	153.112	492	0	20
2025.11.06	22:30:00	153.112	153.134	153.092	153.105	455	0	21
2025.11.06	22:45:00	153.104	153.108	152.989	153.021	930	0	20
2025.11.06	23:00:00	153.021	153.068	153.001	153.013	286	0	20
2025.11.06	23:15:00	153.013	153.015	152.989	153.007	237	0	20
2025.11.06	23:30:00	153.006	153.091	153.006	153.071	176	0	21
2025.11.06	23:45:00	153.077	153.078	153.034	153.052	514	0	22
2025.11.07	00:00:00	153.049	153.049	152.936	153.013	1323	0	38
2025.11.07	00:15:00	153.015	153.035	153.012	153.029	419	0	53
2025.11.07	00:30:00	153.026	153.062	153.02	153.053	251	0	56
2025.11.07	00:45:00	153.052	153.075	153.017	153.045	476	0	44
2025.11.07	01:00:00	153.045	153.053	152.971	152.975	359	0	21
2025.11.07	01:15:00	152.974	152.975	152.853	152.854	492	0	20
2025.11.07	01:30:00	152.855	152.963	152.809	152.869	586	0	20
2025.11.07	01:45:00	152.869	152.98	152.857	152.943	575	0	22
2025.11.07	02:00:00	152.942	153.07	152.847	152.91	2299	0	20
2025.11.07	02:15:00	152.909	153.051	152.908	153.02	1053	0	20
2025.11.07	02:30:00	153.032	153.195	153.018	153.187	1286	0	20
2025.11.07	02:45:00	153.187	153.24	153.145	153.175	1723	0	20
2025.11.07	03:00:00	153.174	153.297	153.134	153.275	1607	0	20
2025.11.07	03:15:00	153.275	153.28	153.177	153.18	1258	0	20
2025.11.07	03:30:00	153.167	153.2	153.041	153.128	1426	0	20
2025.11.07	03:45:00	153.129	153.191	153.097	153.119	957	0	20
2025.11.07	04:00:00	153.118	153.126	153.012	153.041	641	0	20
2025.11.07	04:15:00	153.039	153.047	152.953	152.986	699	0	20
2025.11.07	04:30:00	152.987	153.091	152.974	153.091	658	0	20
2025.11.07	04:45:00	153.091	153.165	153.089	153.137	513	0	20
2025.11.07	05:00:00	153.136	153.179	153.105	153.119	608	0	20
2025.11.07	05:15:00	153.119	153.134	153.075	153.096	708	0	20
2025.11.07	05:30:00	153.097	153.107	153.023	153.033	595	0	20
2025.11.07	05:45:00	153.033	153.072	153.008	153.05	706	0	20
2025.11.07	06:00:00	153.052	153.067	153.005	153.059	976	0	20
2025.11.07	06:15:00	153.06	153.17	153.06	153.118	706	0	20
2025.11.07	06:30:00	153.118	153.131	153.043	153.124	598	0	20
2025.11.07	06:45:00	153.123	153.124	153.088	153.104	535	0	20
2025.11.07	07:00:00	153.105	153.231	153.102	153.175	795	0	20
2025.11.07	07:15:00	153.177	153.214	153.165	153.171	683	0	20
2025.11.07	07:30:00	153.169	153.266	153.162	153.242	565	0	20
2025.11.07	07:45:00	153.243	153.357	153.231	153.341	694	0	20
2025.11.07	08:00:00	153.341	153.437	153.341	153.384	969	0	20
2025.11.07	08:15:00	153.383	153.483	153.365	153.464	681	0	20
2025.11.07	08:30:00	153.463	153.5	153.428	153.482	686	0	20
2025.11.07	08:45:00	153.483	153.515	153.448	153.499	648	0	20
2025.11.07	09:00:00	153.498	153.53	153.424	153.424	762	0	20
2025.11.07	09:15:00	153.425	153.441	153.371	153.423	740	0	20
2025.11.07	09:30:00	153.422	153.495	153.404	153.478	716	0	20
2025.11.07	09:45:00	153.477	153.482	153.378	153.378	810	0	20
2025.11.07	10:00:00	153.378	153.479	153.352	153.396	1320	0	20
2025.11.07	10:15:00	153.396	153.434	153.353	153.422	836	0	20
2025.11.07	10:30:00	153.425	153.459	153.338	153.37	918	0	20
2025.11.07	10:45:00	153.37	153.503	153.37	153.498	1297	0	20
2025.11.07	11:00:00	153.5	153.51	153.431	153.508	885	0	20
2025.11.07	11:15:00	153.509	153.511	153.432	153.453	852	0	20
2025.11.07	11:30:00	153.452	153.488	153.442	153.475	563	0	20
2025.11.07	11:45:00	153.475	153.487	153.435	153.482	1039	0	20
2025.11.07	12:00:00	153.482	153.486	153.435	153.442	647	0	20
2025.11.07	12:15:00	153.441	153.449	153.331	153.341	604	0	20
2025.11.07	12:30:00	153.339	153.384	153.312	153.347	534	0	20
2025.11.07	12:45:00	153.347	153.35	153.314	153.341	584	0	20
2025.11.07	13:00:00	153.342	153.351	153.175	153.179	786	0	20
2025.11.07	13:15:00	153.178	153.191	153.085	153.091	1082	0	20
2025.11.07	13:30:00	153.09	153.091	153.0	153.061	902	0	20
2025.11.07	13:45:00	153.061	153.148	153.052	153.12	806	0	20
2025.11.07	14:00:00	153.119	153.165	153.071	153.073	879	0	20
2025.11.07	14:15:00	153.073	153.118	153.04	153.109	852	0	20
2025.11.07	14:30:00	153.111	153.157	153.084	153.087	793	0	20
2025.11.07	14:45:00	153.094	153.1	153.029	153.087	887	0	20
2025.11.07	15:00:00	153.086	153.115	152.998	153.107	1637	0	20
2025.11.07	15:15:00	153.106	153.122	153.041	153.119	1240	0	20
2025.11.07	15:30:00	153.119	153.235	153.119	153.225	1856	0	20
2025.11.07	15:45:00	153.224	153.366	153.221	153.348	1377	0	20
2025.11.07	16:00:00	153.348	153.421	153.302	153.345	1510	0	20
2025.11.07	16:15:00	153.346	153.467	153.339	153.415	1474	0	20
2025.11.07	16:30:00	153.412	153.421	153.127	153.245	3026	0	20
2025.11.07	16:45:00	153.245	153.322	153.2	153.322	2665	0	20
2025.11.07	17:00:00	153.321	153.321	153.013	153.198	3126	0	20
2025.11.07	17:15:00	153.196	153.234	153.056	153.107	2315	0	20
2025.11.07	17:30:00	153.104	153.142	153.02	153.104	1918	0	20
2025.11.07	17:45:00	153.103	153.185	153.04	153.128	1971	0	20
2025.11.07	18:00:00	153.127	153.167	153.027	153.058	1731	0	20
2025.11.07	18:15:00	153.057	153.151	153.022	153.067	1704	0	20
2025.11.07	18:30:00	153.068	153.092	153.007	153.059	1521	0	20
2025.11.07	18:45:00	153.058	153.069	153.004	153.053	1206	0	20
2025.11.07	19:00:00	153.053	153.125	153.031	153.125	1402	0	20
2025.11.07	19:15:00	153.122	153.203	153.117	153.177	1155	0	20
2025.11.07	19:30:00	153.176	153.214	153.085	153.091	1056	0	20
2025.11.07	19:45:00	153.092	153.105	153.042	153.086	1106	0	20
2025.11.07	20:00:00	153.085	153.104	153.025	153.084	929	0	20
2025.11.07	20:15:00	153.085	153.179	153.075	153.176	828	0	20
2025.11.07	20:30:00	153.176	153.204	153.153	153.187	713	0	20
2025.11.07	20:45:00	153.187	153.257	153.128	153.247	769	0	20
2025.11.07	21:00:00	153.248	153.29	153.211	153.235	1034	0	20
2025.11.07	21:15:00	153.24	153.312	153.218	153.311	846	0	20
2025.11.07	21:30:00	153.315	153.515	153.315	153.511	1263	0	20
2025.11.07	21:45:00	153.511	153.573	153.466	153.548	1555	0	20
2025.11.07	22:00:00	153.549	153.585	153.382	153.444	1557	0	20
2025.11.07	22:15:00	153.445	153.461	153.402	153.442	1281	0	20
2025.11.07	22:30:00	153.443	153.47	153.371	153.387	1030	0	20
2025.11.07	22:45:00	153.388	153.424	153.35	153.421	993	0	20
2025.11.07	23:00:00	153.42	153.47	153.395	153.409	484	0	20
2025.11.07	23:15:00	153.408	153.432	153.403	153.422	301	0	20
2025.11.07	23:30:00	153.422	153.472	153.422	153.459	163	0	24
2025.11.07	23:45:00	153.46	153.465	153.401	153.428	783	0	22
2025.11.10	00:00:00	153.631	153.73	153.631	153.679	135	0	47
2025.11.10	00:15:00	153.678	153.694	153.678	153.69	57	0	46
2025.11.10	00:30:00	153.694	153.697	153.49	153.655	398	0	30
2025.11.10	00:45:00	153.655	153.719	153.652	153.682	289	0	31
2025.11.10	01:00:00	153.68	153.818	153.676	153.786	958	0	22
2025.11.10	01:15:00	153.786	153.838	153.765	153.83	702	0	20
2025.11.10	01:30:00	153.831	153.831	153.761	153.789	794	0	20
2025.11.10	01:45:00	153.79	153.853	153.748	153.816	1064	0	20
2025.11.10	02:00:00	153.816	153.832	153.387	153.797	2158	0	20
2025.11.10	02:15:00	153.796	153.906	153.737	153.785	1913	0	20
2025.11.10	02:30:00	153.786	153.86	153.766	153.795	1791	0	20
2025.11.10	02:45:00	153.794	153.87	153.731	153.846	1949	0	20
2025.11.10	03:00:00	153.846	153.94	153.804	153.832	1938	0	20
2025.11.10	03:15:00	153.832	153.884	153.789	153.81	1175	0	20
2025.11.10	03:30:00	153.811	153.827	153.786	153.799	818	0	20
2025.11.10	03:45:00	153.8	153.834	153.766	153.822	773	0	20
2025.11.10	04:00:00	153.822	153.863	153.791	153.835	718	0	20
2025.11.10	04:15:00	153.834	153.873	153.792	153.827	695	0	20
2025.11.10	04:30:00	153.831	153.886	153.82	153.836	661	0	20
2025.11.10	04:45:00	153.837	153.89	153.836	153.881	453	0	20
2025.11.10	05:00:00	153.882	153.951	153.879	153.92	768	0	20
2025.11.10	05:15:00	153.919	153.986	153.917	153.973	684	0	20
2025.11.10	05:30:00	153.972	154.016	153.934	153.949	825	0	20
2025.11.10	05:45:00	153.946	153.986	153.921	153.924	714	0	20
2025.11.10	06:00:00	153.924	153.944	153.876	153.915	1006	0	20
2025.11.10	06:15:00	153.904	153.927	153.871	153.878	803	0	20
2025.11.10	06:30:00	153.877	153.879	153.777	153.834	785	0	20
2025.11.10	06:45:00	153.835	153.871	153.811	153.87	822	0	20
2025.11.10	07:00:00	153.871	154.023	153.858	154.023	915	0	20
2025.11.10	07:15:00	154.024	154.06	153.91	153.933	816	0	20
2025.11.10	07:30:00	153.933	153.957	153.901	153.911	818	0	20
2025.11.10	07:45:00	153.907	153.936	153.878	153.932	930	0	20
2025.11.10	08:00:00	153.931	153.947	153.892	153.932	949	0	20
2025.11.10	08:15:00	153.939	154.025	153.938	153.955	981	0	20
2025.11.10	08:30:00	153.955	154.002	153.941	153.953	766	0	20
2025.11.10	08:45:00	153.956	154.073	153.949	154.017	1381	0	20
2025.11.10	09:00:00	154.018	154.113	153.973	154.104	1468	0	20
2025.11.10	09:15:00	154.103	154.14	154.042	154.045	967	0	20
2025.11.10	09:30:00	154.044	154.044	153.948	153.966	869	0	20
2025.11.10	09:45:00	153.966	154.052	153.941	154.035	1277	0	20
2025.11.10	10:00:00	154.035	154.092	153.946	153.976	1789	0	20
2025.11.10	10:15:00	153.977	154.041	153.939	154.003	1036	0	20
2025.11.10	10:30:00	154.003	154.069	153.993	154.069	1019	0	20
2025.11.10	10:45:00	154.067	154.17	154.052	154.161	1137	0	20
2025.11.10	11:00:00	154.16	154.221	154.137	154.179	1167	0	20
2025.11.10	11:15:00	154.179	154.218	154.149	154.163	879	0	20
2025.11.10	11:30:00	154.164	154.198	154.146	154.163	787	0	20
2025.11.10	11:45:00	154.163	154.194	154.136	154.148	980	0	20
2025.11.10	12:00:00	154.149	154.164	154.052	154.066	742	0	20
2025.11.10	12:15:00	154.066	154.118	154.061	154.118	434	0	20
2025.11.10	12:30:00	154.12	154.167	154.102	154.144	612	0	20
2025.11.10	12:45:00	154.145	154.169	154.133	154.149	651	0	20
2025.11.10	13:00:00	154.15	154.239	154.15	154.213	709	0	20
2025.11.10	13:15:00	154.212	154.214	154.158	154.176	548	0	20
2025.11.10	13:30:00	154.175	154.19	154.157	154.176	464	0	20
2025.11.10	13:45:00	154.176	154.185	154.105	154.122	549	0	20
2025.11.10	14:00:00	154.121	154.157	154.111	154.111	528	0	20
2025.11.10	14:15:00	154.113	154.114	154.032	154.061	601	0	20
2025.11.10	14:30:00	154.06	154.116	154.031	154.116	521	0	20
2025.11.10	14:45:00	154.12	154.152	154.067	154.107	889	0	20
2025.11.10	15:00:00	154.107	154.128	154.064	154.085	746	0	20
2025.11.10	15:15:00	154.085	154.111	154.047	154.077	851	0	20
2025.11.10	15:30:00	154.077	154.093	154.004	154.022	965	0	20
2025.11.10	15:45:00	154.021	154.072	153.974	154.049	986	0	20
2025.11.10	16:00:00	154.05	154.069	154.013	154.033	785	0	20
2025.11.10	16:15:00	154.033	154.087	154.022	154.053	779	0	20
2025.11.10	16:30:00	154.053	154.134	153.994	154.048	1696	0	20
2025.11.10	16:45:00	154.049	154.155	154.049	154.071	1488	0	20
2025.11.10	17:00:00	154.072	154.109	154.046	154.047	1197	0	20
2025.11.10	17:15:00	154.054	154.062	154.0	154.036	1157	0	20
2025.11.10	17:30:00	154.04	154.105	154.03	154.043	964	0	20
2025.11.10	17:45:00	154.043	154.133	154.017	154.018	1321	0	20
2025.11.10	18:00:00	154.018	154.057	153.973	153.975	1288	0	20
2025.11.10	18:15:00	153.976	153.98	153.881	153.927	991	0	20
2025.11.10	18:30:00	153.927	154.001	153.905	153.964	1271	0	20
2025.11.10	18:45:00	153.965	154.0	153.93	153.986	915	0	20
2025.11.10	19:00:00	153.985	154.033	153.939	153.944	1286	0	20
2025.11.10	19:15:00	153.944	154.01	153.942	153.95	826	0	20
2025.11.10	19:30:00	153.953	153.986	153.913	153.962	591	0	20
2025.11.10	19:45:00	153.963	153.976	153.939	153.945	870	0	20
2025.11.10	20:00:00	153.946	153.952	153.914	153.934	801	0	20
2025.11.10	20:15:00	153.935	153.976	153.917	153.974	709	0	20
2025.11.10	20:30:00	153.975	154.0	153.973	153.997	518	0	21
2025.11.10	20:45:00	153.996	154.01	153.974	153.982	420	0	20
2025.11.10	21:00:00	153.982	153.998	153.944	153.961	381	0	20
2025.11.10	21:15:00	153.96	153.975	153.952	153.963	300	0	20
2025.11.10	21:30:00	153.963	154.022	153.95	153.966	499	0	20
2025.11.10	21:45:00	153.969	154.064	153.963	154.042	731	0	20
2025.11.10	22:00:00	154.041	154.073	154.006	154.01	577	0	20
2025.11.10	22:15:00	154.01	154.032	153.988	154.007	709	0	20
2025.11.10	22:30:00	154.005	154.047	154.003	154.021	685	0	20
2025.11.10	22:45:00	154.024	154.047	154.004	154.02	721	0	20
2025.11.10	23:00:00	154.02	154.061	154.013	154.06	338	0	21
2025.11.10	23:15:00	154.06	154.084	154.049	154.084	293	0	21
2025.11.10	23:30:00	154.083	154.115	154.078	154.115	291	0	21
2025.11.10	23:45:00	154.116	154.16	154.109	154.131	503	0	22
2025.11.11	00:00:00	154.131	154.131	153.913	154.056	61	0	39
2025.11.11	00:15:00	154.056	154.063	154.053	154.053	28	0	55
2025.11.11	00:30:00	154.053	154.064	154.05	154.06	295	0	40
2025.11.11	00:45:00	154.06	154.064	154.04	154.044	195	0	41
2025.11.11	01:00:00	154.04	154.104	154.037	154.076	384	0	20
2025.11.11	01:15:00	154.075	154.097	154.064	154.09	307	0	23
2025.11.11	01:30:00	154.09	154.091	154.04	154.085	383	0	22
2025.11.11	01:45:00	154.086	154.146	154.075	154.14	873	0	20
2025.11.11	02:00:00	154.138	154.191	154.092	154.163	1242	0	20
2025.11.11	02:15:00	154.164	154.186	154.1	154.186	883	0	20
2025.11.11	02:30:00	154.187	154.276	154.154	154.248	1187	0	20
2025.11.11	02:45:00	154.249	154.302	154.209	154.301	1428	0	20
2025.11.11	03:00:00	154.302	154.423	154.302	154.382	1535	0	20
2025.11.11	03:15:00	154.384	154.486	154.366	154.413	1014	0	20
2025.11.11	03:30:00	154.412	154.423	154.344	154.381	1021	0	20
2025.11.11	03:45:00	154.382	154.406	154.313	154.313	917	0	20
2025.11.11	04:00:00	154.313	154.356	154.248	154.346	841	0	20
2025.11.11	04:15:00	154.346	154.38	154.302	154.318	608	0	20
2025.11.11	04:30:00	154.319	154.371	154.294	154.352	666	0	20
2025.11.11	04:45:00	154.353	154.382	154.339	154.357	903	0	20
2025.11.11	05:00:00	154.356	154.356	154.254	154.281	713	0	20
2025.11.11	05:15:00	154.282	154.297	154.212	154.226	496	0	20
2025.11.11	05:30:00	154.227	154.256	154.21	154.225	811	0	20
2025.11.11	05:45:00	154.225	154.269	154.217	154.256	594	0	20
2025.11.11	06:00:00	154.256	154.316	154.216	154.315	610	0	20
2025.11.11	06:15:00	154.314	154.335	154.287	154.316	529	0	20
2025.11.11	06:30:00	154.315	154.342	154.298	154.304	484	0	20
2025.11.11	06:45:00	154.305	154.32	154.286	154.291	438	0	20
2025.11.11	07:00:00	154.292	154.299	154.23	154.241	764	0	20
2025.11.11	07:15:00	154.241	154.242	154.156	154.183	946	0	20
2025.11.11	07:30:00	154.182	154.203	154.153	154.153	693	0	20
2025.11.11	07:45:00	154.15	154.153	154.079	154.118	843	0	20
2025.11.11	08:00:00	154.118	154.186	154.079	154.186	699	0	20
2025.11.11	08:15:00	154.188	154.213	154.157	154.211	425	0	20
2025.11.11	08:30:00	154.21	154.247	154.204	154.229	544	0	20
2025.11.11	08:45:00	154.23	154.258	154.178	154.188	751	0	20
2025.11.11	09:00:00	154.188	154.234	154.175	154.219	872	0	20
2025.11.11	09:15:00	154.219	154.241	154.159	154.198	644	0	20
2025.11.11	09:30:00	154.199	154.241	154.141	154.204	1037	0	20
2025.11.11	09:45:00	154.204	154.207	154.164	154.181	1189	0	20
2025.11.11	10:00:00	154.181	154.251	154.157	154.246	1273	0	20
2025.11.11	10:15:00	154.245	154.341	154.244	154.298	1222	0	20
2025.11.11	10:30:00	154.299	154.349	154.283	154.312	868	0	20
2025.11.11	10:45:00	154.312	154.379	154.299	154.369	869	0	20
2025.11.11	11:00:00	154.369	154.397	154.35	154.395	1106	0	20
2025.11.11	11:15:00	154.395	154.433	154.319	154.324	842	0	20
2025.11.11	11:30:00	154.324	154.329	154.275	154.295	690	0	20
2025.11.11	11:45:00	154.294	154.333	154.275	154.32	567	0	20
2025.11.11	12:00:00	154.321	154.352	154.289	154.329	647	0	20
2025.11.11	12:15:00	154.329	154.329	154.263	154.28	705	0	20
2025.11.11	12:30:00	154.281	154.289	154.227	154.243	503	0	20
2025.11.11	12:45:00	154.243	154.246	154.201	154.235	642	0	20
2025.11.11	13:00:00	154.234	154.256	154.208	154.256	617	0	20
2025.11.11	13:15:00	154.255	154.256	154.22	154.235	567	0	20
2025.11.11	13:30:00	154.236	154.247	154.205	154.218	460	0	20
2025.11.11	13:45:00	154.219	154.247	154.206	154.244	354	0	20
2025.11.11	14:00:00	154.243	154.257	154.177	154.18	531	0	20
2025.11.11	14:15:00	154.178	154.21	154.165	154.202	392	0	20
2025.11.11	14:30:00	154.201	154.22	154.171	154.197	565	0	20
2025.11.11	14:45:00	154.195	154.21	154.159	154.184	549	0	20
2025.11.11	15:00:00	154.185	154.187	154.123	154.146	745	0	20
2025.11.11	15:15:00	154.146	154.148	153.715	153.795	2465	0	20
2025.11.11	15:30:00	153.794	153.835	153.655	153.701	2368	0	20
2025.11.11	15:45:00	153.701	153.808	153.676	153.766	1520	0	20
2025.11.11	16:00:00	153.765	153.868	153.692	153.846	1327	0	20
2025.11.11	16:15:00	153.845	153.874	153.782	153.814	1257	0	20
2025.11.11	16:30:00	153.813	153.866	153.799	153.856	1486	0	20
2025.11.11	16:45:00	153.856	153.997	153.853	153.99	1622	0	20
2025.11.11	17:00:00	153.989	154.123	153.985	154.064	2038	0	20
2025.11.11	17:15:00	154.065	154.065	153.943	153.955	1739	0	20
2025.11.11	17:30:00	153.955	154.006	153.932	153.97	1679	0	20
2025.11.11	17:45:00	153.969	154.008	153.91	153.962	1241	0	20
2025.11.11	18:00:00	153.957	153.998	153.935	153.954	967	0	20
2025.11.11	18:15:00	153.954	154.012	153.944	153.99	970	0	20
2025.11.11	18:30:00	153.991	154.006	153.937	153.995	866	0	20
2025.11.11	18:45:00	153.996	154.007	153.955	153.992	700	0	20
2025.11.11	19:00:00	153.991	154.053	153.991	154.03	936	0	20
2025.11.11	19:15:00	154.03	154.075	154.019	154.063	678	0	20
2025.11.11	19:30:00	154.064	154.114	154.031	154.039	678	0	20
2025.11.11	19:45:00	154.04	154.065	154.015	154.065	623	0	20
2025.11.11	20:00:00	154.064	154.092	154.062	154.066	431	0	20
2025.11.11	20:15:00	154.066	154.087	154.04	154.087	400	0	21
2025.11.11	20:30:00	154.088	154.125	154.076	154.114	568	0	20
2025.11.11	20:45:00	154.113	154.135	154.085	154.098	537	0	20
2025.11.11	21:00:00	154.098	154.136	154.097	154.124	489	0	20
2025.11.11	21:15:00	154.123	154.134	154.091	154.093	561	0	20
2025.11.11	21:30:00	154.092	154.093	154.051	154.055	561	0	21
2025.11.11	21:45:00	154.055	154.123	154.052	154.11	683	0	20
2025.11.11	22:00:00	154.111	154.118	154.074	154.074	661	0	20
2025.11.11	22:15:00	154.075	154.113	154.07	154.1	607	0	20
2025.11.11	22:30:00	154.099	154.126	154.081	154.111	420	0	20
2025.11.11	22:45:00	154.112	154.134	154.108	154.111	794	0	20
2025.11.11	23:00:00	154.11	154.131	154.107	154.118	377	0	21
2025.11.11	23:15:00	154.117	154.128	154.105	154.113	380	0	23
2025.11.11	23:30:00	154.113	154.16	154.107	154.16	197	0	23
2025.11.11	23:45:00	154.16	154.164	154.125	154.133	416	0	22
2025.11.12	00:00:00	154.131	154.131	154.093	154.1	26	0	42
2025.11.12	00:15:00	154.1	154.117	154.1	154.106	35	0	50
2025.11.12	00:30:00	154.11	154.116	154.048	154.082	1541	0	31
2025.11.12	00:45:00	154.084	154.087	154.03	154.037	1052	0	48
2025.11.12	01:00:00	154.042	154.116	154.039	154.11	500	0	20
2025.11.12	01:15:00	154.11	154.146	154.102	154.143	213	0	20
2025.11.12	01:30:00	154.143	154.146	154.066	154.066	376	0	20
2025.11.12	01:45:00	154.067	154.123	154.067	154.071	417	0	20
2025.11.12	02:00:00	154.074	154.153	154.037	154.055	1708	0	20
2025.11.12	02:15:00	154.055	154.184	154.047	154.17	942	0	20
2025.11.12	02:30:00	154.169	154.247	154.165	154.239	1434	0	20
2025.11.12	02:45:00	154.238	154.294	154.187	154.288	1513	0	20
2025.11.12	03:00:00	154.289	154.341	154.251	154.309	1439	0	20
2025.11.12	03:15:00	154.308	154.326	154.262	154.296	1023	0	20
2025.11.12	03:30:00	154.295	154.335	154.29	154.304	727	0	20
2025.11.12	03:45:00	154.303	154.323	154.282	154.312	701	0	20
2025.11.12	04:00:00	154.318	154.352	154.303	154.343	640	0	20
2025.11.12	04:15:00	154.348	154.396	154.331	154.38	807	0	20
2025.11.12	04:30:00	154.381	154.402	154.352	154.379	498	0	20
2025.11.12	04:45:00	154.379	154.379	154.32	154.339	574	0	20
2025.11.12	05:00:00	154.34	154.369	154.331	154.346	450	0	20
2025.11.12	05:15:00	154.347	154.347	154.228	154.267	704	0	20
2025.11.12	05:30:00	154.266	154.312	154.263	154.299	440	0	20
2025.11.12	05:45:00	154.298	154.338	154.292	154.335	347	0	20
2025.11.12	06:00:00	154.336	154.438	154.33	154.413	516	0	20
2025.11.12	06:15:00	154.414	154.584	154.387	154.523	1346	0	20
2025.11.12	06:30:00	154.522	154.676	154.506	154.64	1187	0	20
2025.11.12	06:45:00	154.64	154.734	154.628	154.727	904	0	20
2025.11.12	07:00:00	154.728	154.781	154.696	154.732	1031	0	20
2025.11.12	07:15:00	154.732	154.755	154.555	154.658	1793	0	20
2025.11.12	07:30:00	154.659	154.679	154.559	154.653	1103	0	20
2025.11.12	07:45:00	154.656	154.676	154.592	154.632	719	0	20
2025.11.12	08:00:00	154.641	154.745	154.626	154.731	651	0	20
2025.11.12	08:15:00	154.733	154.741	154.625	154.651	728	0	20
2025.11.12	08:30:00	154.652	154.676	154.621	154.668	357	0	20
2025.11.12	08:45:00	154.674	154.682	154.573	154.601	526	0	20
2025.11.12	09:00:00	154.602	154.618	154.528	154.561	1057	0	20
2025.11.12	09:15:00	154.558	154.588	154.481	154.541	731	0	20
2025.11.12	09:30:00	154.54	154.66	154.536	154.625	774	0	20
2025.11.12	09:45:00	154.626	154.647	154.583	154.609	740	0	20
2025.11.12	10:00:00	154.608	154.737	154.606	154.734	1379	0	20
2025.11.12	10:15:00	154.733	154.751	154.646	154.704	1335	0	20
2025.11.12	10:30:00	154.705	154.72	154.62	154.699	1209	0	20
2025.11.12	10:45:00	154.698	154.765	154.677	154.748	1354	0	20
2025.11.12	11:00:00	154.747	154.797	154.693	154.795	1294	0	20
2025.11.12	11:15:00	154.797	154.862	154.762	154.861	1116	0	20
2025.11.12	11:30:00	154.861	154.897	154.844	154.854	1049	0	20
2025.11.12	11:45:00	154.854	154.876	154.818	154.833	1136	0	20
2025.11.12	12:00:00	154.833	154.86	154.747	154.831	1042	0	20
2025.11.12	12:15:00	154.831	154.889	154.798	154.867	940	0	20
2025.11.12	12:30:00	154.867	154.888	154.793	154.826	709	0	20
2025.11.12	12:45:00	154.826	154.858	154.811	154.856	574	0	20
2025.11.12	13:00:00	154.854	154.878	154.843	154.849	421	0	20
2025.11.12	13:15:00	154.849	154.875	154.834	154.844	528	0	20
2025.11.12	13:30:00	154.836	154.848	154.8	154.833	595	0	20
2025.11.12	13:45:00	154.832	154.862	154.793	154.794	758	0	20
2025.11.12	14:00:00	154.794	154.821	154.742	154.745	1025	0	20
2025.11.12	14:15:00	154.744	154.772	154.694	154.729	685	0	20
2025.11.12	14:30:00	154.729	154.766	154.724	154.753	675	0	20
2025.11.12	14:45:00	154.753	154.825	154.736	154.798	882	0	20
2025.11.12	15:00:00	154.797	154.843	154.754	154.839	1075	0	20
2025.11.12	15:15:00	154.839	154.936	154.821	154.935	1284	0	20
2025.11.12	15:30:00	154.934	154.983	154.928	154.943	1238	0	20
2025.11.12	15:45:00	154.944	154.962	154.914	154.931	915	0	20
2025.11.12	16:00:00	154.931	154.971	154.872	154.955	1260	0	20
2025.11.12	16:15:00	154.956	155.035	154.937	154.995	1549	0	20
2025.11.12	16:30:00	154.994	155.005	154.902	154.941	1913	0	20
2025.11.12	16:45:00	154.942	154.967	154.849	154.859	1912	0	20
2025.11.12	17:00:00	154.858	154.913	154.811	154.858	1608	0	20
2025.11.12	17:15:00	154.858	154.862	154.794	154.827	1257	0	20
2025.11.12	17:30:00	154.827	154.842	154.778	154.815	1380	0	20
2025.11.12	17:45:00	154.814	154.828	154.721	154.729	1863	0	20
2025.11.12	18:00:00	154.73	154.745	154.661	154.679	1335	0	20
2025.11.12	18:15:00	154.679	154.759	154.676	154.746	953	0	20
2025.11.12	18:30:00	154.745	154.765	154.667	154.673	777	0	20
2025.11.12	18:45:00	154.672	154.7	154.636	154.637	1057	0	20
2025.11.12	19:00:00	154.637	154.637	154.486	154.537	1202	0	20
2025.11.12	19:15:00	154.54	154.569	154.495	154.568	895	0	20
2025.11.12	19:30:00	154.567	154.618	154.562	154.605	730	0	20
2025.11.12	19:45:00	154.604	154.625	154.581	154.586	579	0	20
2025.11.12	20:00:00	154.587	154.618	154.57	154.61	636	0	20
2025.11.12	20:15:00	154.609	154.652	154.601	154.613	591	0	20
2025.11.12	20:30:00	154.613	154.638	154.604	154.616	427	0	20
2025.11.12	20:45:00	154.616	154.678	154.611	154.675	506	0	20
2025.11.12	21:00:00	154.675	154.687	154.662	154.671	755	0	20
2025.11.12	21:15:00	154.671	154.686	154.622	154.626	603	0	20
2025.11.12	21:30:00	154.627	154.642	154.598	154.637	683	0	20
2025.11.12	21:45:00	154.636	154.72	154.636	154.708	737	0	20
2025.11.12	22:00:00	154.708	154.725	154.682	154.694	427	0	20
2025.11.12	22:15:00	154.694	154.733	154.685	154.723	328	0	20
2025.11.12	22:30:00	154.723	154.735	154.704	154.731	407	0	20
2025.11.12	22:45:00	154.731	154.757	154.712	154.748	338	0	20
2025.11.12	23:00:00	154.749	154.833	154.749	154.816	491	0	20
2025.11.12	23:15:00	154.815	154.857	154.792	154.814	407	0	20
2025.11.12	23:30:00	154.814	154.819	154.784	154.812	256	0	21
2025.11.12	23:45:00	154.812	154.824	154.763	154.77	898	0	23
2025.11.13	00:00:00	154.767	154.794	154.721	154.764	79	0	29
2025.11.13	00:15:00	154.764	154.77	154.741	154.757	123	0	44
2025.11.13	00:30:00	154.756	154.759	154.721	154.722	251	0	37
2025.11.13	00:45:00	154.721	154.726	154.688	154.694	524	0	43
2025.11.13	01:00:00	154.695	154.747	154.683	154.741	523	0	22
2025.11.13	01:15:00	154.743	154.743	154.689	154.719	310	0	20
2025.11.13	01:30:00	154.719	154.737	154.694	154.725	287	0	20
2025.11.13	01:45:00	154.724	154.744	154.679	154.696	481	0	20
2025.11.13	02:00:00	154.697	154.852	154.684	154.83	1464	0	20
2025.11.13	02:15:00	154.833	154.868	154.731	154.779	960	0	20
2025.11.13	02:30:00	154.775	154.841	154.721	154.828	1457	0	20
2025.11.13	02:45:00	154.818	154.948	154.804	154.932	1630	0	20
2025.11.13	03:00:00	154.933	154.982	154.914	154.968	1486	0	20
2025.11.13	03:15:00	154.969	155.007	154.873	154.898	1421	0	20
2025.11.13	03:30:00	154.898	154.933	154.876	154.885	992	0	20
2025.11.13	03:45:00	154.885	154.894	154.695	154.723	1094	0	20
2025.11.13	04:00:00	154.722	154.722	154.613	154.685	1206	0	20
2025.11.13	04:15:00	154.685	154.781	154.684	154.758	918	0	20
2025.11.13	04:30:00	154.759	154.771	154.696	154.705	678	0	20
2025.11.13	04:45:00	154.71	154.733	154.634	154.648	551	0	20
2025.11.13	05:00:00	154.648	154.69	154.613	154.653	489	0	20
2025.11.13	05:15:00	154.652	154.715	154.652	154.71	468	0	20
2025.11.13	05:30:00	154.711	154.737	154.707	154.733	468	0	20
2025.11.13	05:45:00	154.739	154.751	154.724	154.726	637	0	20
2025.11.13	06:00:00	154.726	154.729	154.634	154.669	756	0	20
2025.11.13	06:15:00	154.67	154.834	154.669	154.81	630	0	20
2025.11.13	06:30:00	154.81	154.839	154.79	154.836	516	0	20
2025.11.13	06:45:00	154.837	154.844	154.808	154.809	564	0	20
2025.11.13	07:00:00	154.81	154.887	154.801	154.866	723	0	20
2025.11.13	07:15:00	154.867	154.896	154.841	154.889	294	0	20
2025.11.13	07:30:00	154.889	154.937	154.866	154.933	571	0	20
2025.11.13	07:45:00	154.933	154.991	154.912	154.943	803	0	20
2025.11.13	08:00:00	154.946	154.946	154.887	154.924	1174	0	20
2025.11.13	08:15:00	154.923	154.94	154.853	154.939	655	0	20
2025.11.13	08:30:00	154.939	154.997	154.91	154.927	827	0	20
2025.11.13	08:45:00	154.927	154.94	154.873	154.879	500	0	20
2025.11.13	09:00:00	154.881	154.939	154.881	154.911	800	0	20
2025.11.13	09:15:00	154.911	154.943	154.792	154.796	986	0	20
2025.11.13	09:30:00	154.797	154.844	154.725	154.835	1099	0	20
2025.11.13	09:45:00	154.837	154.842	154.692	154.705	1025	0	20
2025.11.13	10:00:00	154.706	154.764	154.663	154.726	1263	0	20
2025.11.13	10:15:00	154.724	154.764	154.667	154.684	1174	0	20
2025.11.13	10:30:00	154.682	154.682	154.559	154.584	1213	0	20
2025.11.13	10:45:00	154.584	154.645	154.502	154.509	1386	0	20
2025.11.13	11:00:00	154.513	154.577	154.354	154.42	2044	0	20
2025.11.13	11:15:00	154.421	154.47	154.348	154.355	1337	0	20
2025.11.13	11:30:00	154.354	154.528	154.313	154.491	1280	0	20
2025.11.13	11:45:00	154.489	154.53	154.452	154.518	723	0	20
2025.11.13	12:00:00	154.519	154.553	154.473	154.508	951	0	20
2025.11.13	12:15:00	154.505	154.563	154.502	154.556	902	0	20
2025.11.13	12:30:00	154.556	154.636	154.549	154.627	875	0	20
2025.11.13	12:45:00	154.628	154.667	154.593	154.647	700	0	20
2025.11.13	13:00:00	154.646	154.687	154.631	154.685	630	0	20
2025.11.13	13:15:00	154.686	154.734	154.679	154.709	668	0	20
2025.11.13	13:30:00	154.71	154.731	154.659	154.708	610	0	20
2025.11.13	13:45:00	154.708	154.754	154.689	154.731	943	0	20
2025.11.13	14:00:00	154.73	154.744	154.696	154.715	638	0	20
2025.11.13	14:15:00	154.716	154.738	154.674	154.695	702	0	20
2025.11.13	14:30:00	154.695	154.697	154.597	154.668	890	0	20
2025.11.13	14:45:00	154.667	154.675	154.58	154.597	777	0	20
2025.11.13	15:00:00	154.595	154.595	154.529	154.557	1335	0	20
2025.11.13	15:15:00	154.556	154.702	154.556	154.702	953	0	20
2025.11.13	15:30:00	154.703	154.723	154.661	154.707	1446	0	20
2025.11.13	15:45:00	154.708	154.729	154.629	154.637	1194	0	20
2025.11.13	16:00:00	154.637	154.666	154.589	154.662	1393	0	20
2025.11.13	16:15:00	154.661	154.665	154.605	154.624	1156	0	20
2025.11.13	16:30:00	154.625	154.628	154.404	154.44	2207	0	20
2025.11.13	16:45:00	154.439	154.476	154.379	154.385	2474	0	20
2025.11.13	17:00:00	154.387	154.492	154.352	154.492	1984	0	20
2025.11.13	17:15:00	154.491	154.529	154.398	154.403	1722	0	20
2025.11.13	17:30:00	154.403	154.403	154.205	154.209	2117	0	20
2025.11.13	17:45:00	154.205	154.24	154.117	154.191	2000	0	20
2025.11.13	18:00:00	154.191	154.311	154.149	154.295	2355	0	20
2025.11.13	18:15:00	154.298	154.38	154.284	154.327	1832	0	20
2025.11.13	18:30:00	154.327	154.367	154.268	154.273	1906	0	20
2025.11.13	18:45:00	154.27	154.425	154.245	154.388	1718	0	20
2025.11.13	19:00:00	154.387	154.461	154.325	154.35	1824	0	20
2025.11.13	19:15:00	154.35	154.38	154.236	154.248	1787	0	20
2025.11.13	19:30:00	154.247	154.309	154.241	154.252	1258	0	20
2025.11.13	19:45:00	154.252	154.368	154.226	154.307	1810	0	20
2025.11.13	20:00:00	154.306	154.395	154.27	154.354	1303	0	20
2025.11.13	20:15:00	154.355	154.361	154.264	154.298	1146	0	20
2025.11.13	20:30:00	154.297	154.365	154.285	154.354	1251	0	20
2025.11.13	20:45:00	154.354	154.432	154.348	154.411	1386	0	20
2025.11.13	21:00:00	154.412	154.435	154.342	154.361	820	0	20
2025.11.13	21:15:00	154.36	154.465	154.351	154.461	1383	0	20
2025.11.13	21:30:00	154.462	154.474	154.4	154.422	1115	0	20
2025.11.13	21:45:00	154.423	154.471	154.386	154.46	877	0	20
2025.11.13	22:00:00	154.461	154.51	154.449	154.507	1511	0	20
2025.11.13	22:15:00	154.507	154.516	154.471	154.502	1034	0	20
2025.11.13	22:30:00	154.502	154.515	154.469	154.5	1253	0	20
2025.11.13	22:45:00	154.5	154.531	154.474	154.531	935	0	20
2025.11.13	23:00:00	154.53	154.576	154.53	154.559	358	0	20
2025.11.13	23:15:00	154.558	154.567	154.533	154.533	384	0	20
2025.11.13	23:30:00	154.533	154.545	154.48	154.507	264	0	20
2025.11.13	23:45:00	154.507	154.538	154.467	154.533	832	0	21
2025.11.14	00:00:00	154.531	154.576	154.364	154.538	116	0	32
2025.11.14	00:15:00	154.538	154.541	154.406	154.5	157	0	38
2025.11.14	00:30:00	154.5	154.509	154.45	154.497	350	0	43
2025.11.14	00:45:00	154.495	154.511	154.483	154.502	573	0	39
2025.11.14	01:00:00	154.496	154.594	154.496	154.584	538	0	24
2025.11.14	01:15:00	154.586	154.624	154.569	154.623	325	0	20
2025.11.14	01:30:00	154.625	154.674	154.6	154.632	703	0	20
2025.11.14	01:45:00	154.631	154.666	154.607	154.62	845	0	20
2025.11.14	02:00:00	154.625	154.734	154.589	154.718	1298	0	20
2025.11.14	02:15:00	154.719	154.728	154.56	154.586	1144	0	20
2025.11.14	02:30:00	154.584	154.682	154.583	154.677	1123	0	20
2025.11.14	02:45:00	154.676	154.712	154.555	154.595	1895	0	20
2025.11.14	03:00:00	154.596	154.674	154.582	154.587	991	0	20
2025.11.14	03:15:00	154.588	154.592	154.445	154.481	1620	0	20
2025.11.14	03:30:00	154.482	154.544	154.459	154.472	1335	0	20
2025.11.14	03:45:00	154.471	154.497	154.43	154.495	905	0	20
2025.11.14	04:00:00	154.494	154.565	154.481	154.531	958	0	20
2025.11.14	04:15:00	154.531	154.563	154.505	154.53	874	0	20
2025.11.14	04:30:00	154.53	154.566	154.497	154.505	596	0	20
2025.11.14	04:45:00	154.506	154.506	154.427	154.436	579	0	20
2025.11.14	05:00:00	154.436	154.442	154.386	154.438	655	0	20
2025.11.14	05:15:00	154.438	154.441	154.388	154.414	463	0	20
2025.11.14	05:30:00	154.415	154.415	154.3	154.328	975	0	20
2025.11.14	05:45:00	154.328	154.565	154.328	154.531	1750	0	20
2025.11.14	06:00:00	154.53	154.544	154.45	154.482	871	0	20
2025.11.14	06:15:00	154.482	154.529	154.47	154.513	530	0	20
2025.11.14	06:30:00	154.514	154.565	154.491	154.504	473	0	20
2025.11.14	06:45:00	154.503	154.516	154.411	154.412	458	0	20
2025.11.14	07:00:00	154.411	154.44	154.373	154.39	956	0	20
2025.11.14	07:15:00	154.391	154.462	154.358	154.459	765	0	20
2025.11.14	07:30:00	154.459	154.489	154.407	154.486	507	0	20
2025.11.14	07:45:00	154.484	154.494	154.436	154.471	831	0	20
2025.11.14	08:00:00	154.472	154.496	154.42	154.481	934	0	20
2025.11.14	08:15:00	154.481	154.547	154.479	154.547	887	0	20
2025.11.14	08:30:00	154.547	154.558	154.429	154.547	932	0	20
2025.11.14	08:45:00	154.547	154.65	154.547	154.586	1113	0	20
2025.11.14	09:00:00	154.591	154.593	154.501	154.507	974	0	20
2025.11.14	09:15:00	154.506	154.567	154.443	154.551	1542	0	20
2025.11.14	09:30:00	154.553	154.603	154.547	154.561	1348	0	20
2025.11.14	09:45:00	154.561	154.674	154.545	154.668	1371	0	20
2025.11.14	10:00:00	154.669	154.725	154.597	154.646	2026	0	20
2025.11.14	10:15:00	154.646	154.659	154.529	154.579	1435	0	20
2025.11.14	10:30:00	154.579	154.629	154.442	154.493	1796	0	20
2025.11.14	10:45:00	154.494	154.546	154.45	154.543	1907	0	20
2025.11.14	11:00:00	154.544	154.657	154.543	154.643	1729	0	20
2025.11.14	11:15:00	154.643	154.684	154.615	154.628	975	0	20
2025.11.14	11:30:00	154.625	154.656	154.581	154.621	1143	0	20
2025.11.14	11:45:00	154.62	154.692	154.604	154.68	753	0	20
2025.11.14	12:00:00	154.683	154.705	154.653	154.695	813	0	20
2025.11.14	12:15:00	154.694	154.72	154.673	154.717	622	0	20
2025.11.14	12:30:00	154.717	154.753	154.679	154.681	811	0	20
2025.11.14	12:45:00	154.682	154.74	154.659	154.736	811	0	20
2025.11.14	13:00:00	154.736	154.737	154.694	154.705	967	0	20
2025.11.14	13:15:00	154.702	154.721	154.623	154.66	1042	0	20
2025.11.14	13:30:00	154.661	154.681	154.639	154.68	1144	0	20
2025.11.14	13:45:00	154.68	154.704	154.621	154.647	1128	0	20
2025.11.14	14:00:00	154.646	154.652	154.439	154.439	1418	0	20
2025.11.14	14:15:00	154.435	154.493	154.251	154.294	2317	0	20
2025.11.14	14:30:00	154.296	154.307	154.0	154.024	2533	0	20
2025.11.14	14:45:00	154.024	154.141	153.797	153.798	2653	0	20
2025.11.14	15:00:00	153.798	153.964	153.722	153.852	2852	0	20
2025.11.14	15:15:00	153.856	153.857	153.606	153.794	2351	0	20
2025.11.14	15:30:00	153.793	153.842	153.672	153.751	2883	0	20
2025.11.14	15:45:00	153.755	154.134	153.751	154.075	3024	0	20
2025.11.14	16:00:00	154.075	154.234	154.054	154.153	2460	0	20
2025.11.14	16:15:00	154.153	154.189	154.071	154.094	2271	0	20
2025.11.14	16:30:00	154.094	154.216	153.972	154.2	3854	0	20
2025.11.14	16:45:00	154.2	154.337	154.165	154.333	3311	0	20
2025.11.14	17:00:00	154.333	154.405	154.226	154.253	3046	0	20
2025.11.14	17:15:00	154.252	154.395	154.251	154.381	2567	0	20
2025.11.14	17:30:00	154.383	154.441	154.31	154.416	1998	0	20
2025.11.14	17:45:00	154.416	154.486	154.397	154.417	2345	0	20
2025.11.14	18:00:00	154.418	154.453	154.342	154.427	1850	0	20
2025.11.14	18:15:00	154.428	154.564	154.428	154.535	1368	0	20
2025.11.14	18:30:00	154.536	154.601	154.505	154.581	1520	0	20
2025.11.14	18:45:00	154.582	154.655	154.514	154.631	1278	0	20
2025.11.14	19:00:00	154.631	154.735	154.606	154.715	1479	0	20
2025.11.14	19:15:00	154.716	154.731	154.641	154.672	1188	0	20
2025.11.14	19:30:00	154.673	154.717	154.655	154.68	1117	0	20
2025.11.14	19:45:00	154.68	154.694	154.623	154.631	1157	0	20
2025.11.14	20:00:00	154.63	154.652	154.547	154.637	1014	0	20
2025.11.14	20:15:00	154.636	154.637	154.597	154.621	720	0	20
2025.11.14	20:30:00	154.619	154.631	154.563	154.572	964	0	20
2025.11.14	20:45:00	154.571	154.596	154.546	154.569	1050	0	20
2025.11.14	21:00:00	154.568	154.574	154.516	154.527	903	0	20
2025.11.14	21:15:00	154.529	154.56	154.526	154.539	766	0	20
2025.11.14	21:30:00	154.538	154.551	154.516	154.539	787	0	21
2025.11.14	21:45:00	154.54	154.554	154.525	154.549	627	0	20
2025.11.14	22:00:00	154.55	154.56	154.495	154.516	590	0	20
2025.11.14	22:15:00	154.515	154.53	154.505	154.515	501	0	20
2025.11.14	22:30:00	154.514	154.551	154.503	154.514	548	0	20
2025.11.14	22:45:00	154.514	154.53	154.49	154.521	562	0	20
2025.11.14	23:00:00	154.519	154.556	154.505	154.555	245	0	20
2025.11.14	23:15:00	154.554	154.562	154.534	154.557	238	0	21
2025.11.14	23:30:00	154.558	154.588	154.544	154.549	406	0	20
2025.11.14	23:45:00	154.548	154.56	154.491	154.524	800	0	20
2025.11.17	00:00:00	154.5	154.5	154.47	154.495	31	0	154
2025.11.17	00:15:00	154.498	154.543	154.498	154.536	253	0	64
2025.11.17	00:30:00	154.535	154.544	154.51	154.519	156	0	52
2025.11.17	00:45:00	154.518	154.52	154.485	154.512	293	0	43
2025.11.17	01:00:00	154.499	154.518	154.432	154.514	896	0	20
2025.11.17	01:15:00	154.513	154.576	154.485	154.561	785	0	20
2025.11.17	01:30:00	154.56	154.595	154.519	154.574	694	0	20
2025.11.17	01:45:00	154.573	154.625	154.531	154.581	749	0	20
2025.11.17	02:00:00	154.58	154.633	154.489	154.527	1736	0	20
2025.11.17	02:15:00	154.528	154.531	154.405	154.524	1359	0	20
2025.11.17	02:30:00	154.521	154.612	154.514	154.561	1280	0	20
2025.11.17	02:45:00	154.561	154.649	154.55	154.627	1681	0	20
2025.11.17	03:00:00	154.628	154.644	154.537	154.572	1479	0	20
2025.11.17	03:15:00	154.572	154.641	154.558	154.594	923	0	20
2025.11.17	03:30:00	154.595	154.605	154.5	154.521	836	0	20
2025.11.17	03:45:00	154.522	154.589	154.522	154.565	643	0	20
2025.11.17	04:00:00	154.565	154.643	154.561	154.63	902	0	20
2025.11.17	04:15:00	154.629	154.658	154.588	154.59	736	0	20
2025.11.17	04:30:00	154.589	154.684	154.588	154.681	519	0	20
2025.11.17	04:45:00	154.682	154.7	154.627	154.681	674	0	20
2025.11.17	05:00:00	154.692	154.778	154.691	154.739	921	0	20
2025.11.17	05:15:00	154.74	154.758	154.709	154.715	540	0	20
2025.11.17	05:30:00	154.716	154.74	154.677	154.725	504	0	20
2025.11.17	05:45:00	154.726	154.75	154.697	154.704	485	0	20
2025.11.17	06:00:00	154.706	154.721	154.655	154.668	458	0	20
2025.11.17	06:15:00	154.668	154.673	154.627	154.629	398	0	20
2025.11.17	06:30:00	154.629	154.662	154.599	154.653	447	0	21
2025.11.17	06:45:00	154.655	154.662	154.62	154.62	331	0	20
2025.11.17	07:00:00	154.619	154.647	154.596	154.611	527	0	20
2025.11.17	07:15:00	154.61	154.632	154.582	154.63	434	0	20
2025.11.17	07:30:00	154.631	154.633	154.581	154.608	416	0	20
2025.11.17	07:45:00	154.608	154.707	154.608	154.678	469	0	20
2025.11.17	08:00:00	154.678	154.783	154.673	154.774	900	0	20
2025.11.17	08:15:00	154.775	154.802	154.713	154.719	927	0	20
2025.11.17	08:30:00	154.723	154.728	154.656	154.688	786	0	20
2025.11.17	08:45:00	154.687	154.691	154.629	154.668	520	0	20
2025.11.17	09:00:00	154.669	154.733	154.635	154.731	730	0	20
2025.11.17	09:15:00	154.73	154.782	154.717	154.719	879	0	20
2025.11.17	09:30:00	154.72	154.758	154.65	154.654	858	0	20
2025.11.17	09:45:00	154.654	154.723	154.64	154.68	820	0	20
2025.11.17	10:00:00	154.681	154.73	154.615	154.691	1624	0	20
2025.11.17	10:15:00	154.691	154.75	154.666	154.711	1141	0	20
2025.11.17	10:30:00	154.712	154.821	154.708	154.744	1420	0	20
2025.11.17	10:45:00	154.745	154.749	154.653	154.702	902	0	20
2025.11.17	11:00:00	154.701	154.732	154.687	154.71	975	0	20
2025.11.17	11:15:00	154.71	154.73	154.693	154.716	903	0	20
2025.11.17	11:30:00	154.717	154.729	154.645	154.705	798	0	20
2025.11.17	11:45:00	154.706	154.777	154.705	154.743	778	0	20
2025.11.17	12:00:00	154.744	154.759	154.72	154.74	518	0	20
2025.11.17	12:15:00	154.74	154.746	154.684	154.721	656	0	20
2025.11.17	12:30:00	154.722	154.779	154.719	154.77	698	0	20
2025.11.17	12:45:00	154.77	154.833	154.76	154.832	809	0	20
2025.11.17	13:00:00	154.826	154.861	154.803	154.844	655	0	20
2025.11.17	13:15:00	154.844	154.844	154.809	154.813	258	0	20
2025.11.17	13:30:00	154.814	154.837	154.782	154.782	549	0	20
2025.11.17	13:45:00	154.781	154.802	154.758	154.784	516	0	20
2025.11.17	14:00:00	154.785	154.81	154.753	154.775	509	0	20
2025.11.17	14:15:00	154.775	154.787	154.738	154.739	443	0	20
2025.11.17	14:30:00	154.738	154.79	154.727	154.77	450	0	20
2025.11.17	14:45:00	154.771	154.862	154.747	154.837	660	0	20
2025.11.17	15:00:00	154.836	154.907	154.828	154.854	919	0	20
2025.11.17	15:15:00	154.854	154.886	154.833	154.854	638	0	20
2025.11.17	15:30:00	154.855	154.892	154.828	154.833	856	0	20
2025.11.17	15:45:00	154.834	154.886	154.833	154.88	727	0	20
2025.11.17	16:00:00	154.878	154.899	154.855	154.867	682	0	20
2025.11.17	16:15:00	154.867	154.92	154.867	154.912	578	0	20
2025.11.17	16:30:00	154.913	154.972	154.89	154.963	1230	0	20
2025.11.17	16:45:00	154.962	155.023	154.878	155.023	1887	0	20
2025.11.17	17:00:00	155.023	155.288	154.994	155.267	2528	0	20
2025.11.17	17:15:00	155.27	155.285	155.136	155.217	1496	0	20
2025.11.17	17:30:00	155.218	155.288	155.208	155.284	1438	0	20
2025.11.17	17:45:00	155.284	155.294	155.176	155.187	1634	0	20
2025.11.17	18:00:00	155.186	155.192	155.098	155.12	1061	0	20
2025.11.17	18:15:00	155.119	155.135	155.048	155.133	881	0	20
2025.11.17	18:30:00	155.132	155.193	155.124	155.166	1052	0	20
2025.11.17	18:45:00	155.165	155.195	155.156	155.192	675	0	20
2025.11.17	19:00:00	155.192	155.219	155.175	155.204	546	0	20
2025.11.17	19:15:00	155.204	155.211	155.132	155.167	622	0	20
2025.11.17	19:30:00	155.166	155.211	155.162	155.166	854	0	20
2025.11.17	19:45:00	155.165	155.202	155.139	155.148	959	0	20
2025.11.17	20:00:00	155.148	155.191	155.126	155.175	732	0	20
2025.11.17	20:15:00	155.176	155.189	155.154	155.173	562	0	20
2025.11.17	20:30:00	155.172	155.197	155.16	155.176	691	0	20
2025.11.17	20:45:00	155.175	155.177	155.117	155.131	483	0	20
2025.11.17	21:00:00	155.132	155.136	155.095	155.12	504	0	20
2025.11.17	21:15:00	155.121	155.122	155.06	155.076	505	0	20
2025.11.17	21:30:00	155.075	155.196	155.072	155.189	1029	0	20
2025.11.17	21:45:00	155.19	155.244	155.154	155.236	1453	0	20
2025.11.17	22:00:00	155.237	155.25	155.156	155.189	869	0	20
2025.11.17	22:15:00	155.189	155.225	155.178	155.19	550	0	20
2025.11.17	22:30:00	155.19	155.215	155.165	155.185	738	0	20
2025.11.17	22:45:00	155.184	155.241	155.177	155.214	975	0	20
2025.11.17	23:00:00	155.219	155.238	155.208	155.224	586	0	20
2025.11.17	23:15:00	155.225	155.232	155.209	155.221	288	0	20
2025.11.17	23:30:00	155.22	155.226	155.206	155.224	216	0	20
2025.11.17	23:45:00	155.224	155.245	155.206	155.217	396	0	22
2025.11.18	00:00:00	155.216	155.222	155.136	155.222	47	0	41
2025.11.18	00:15:00	155.227	155.227	155.198	155.201	38	0	40
2025.11.18	00:30:00	155.2	155.213	155.197	155.197	150	0	40
2025.11.18	00:45:00	155.197	155.202	155.171	155.176	259	0	22
2025.11.18	01:00:00	155.186	155.266	155.175	155.198	356	0	20
2025.11.18	01:15:00	155.197	155.218	155.167	155.208	409	0	22
2025.11.18	01:30:00	155.212	155.261	155.187	155.249	395	0	20
2025.11.18	01:45:00	155.249	155.278	155.223	155.269	633	0	20
2025.11.18	02:00:00	155.269	155.368	155.234	155.235	1462	0	20
2025.11.18	02:15:00	155.234	155.254	155.168	155.214	980	0	20
2025.11.18	02:30:00	155.214	155.241	155.174	155.19	1110	0	20
2025.11.18	02:45:00	155.189	155.318	155.188	155.249	1816	0	20
2025.11.18	03:00:00	155.25	155.33	155.204	155.295	1435	0	20
2025.11.18	03:15:00	155.295	155.352	155.201	155.221	1400	0	20
2025.11.18	03:30:00	155.22	155.249	155.135	155.153	1006	0	20
2025.11.18	03:45:00	155.153	155.207	155.141	155.19	773	0	20
2025.11.18	04:00:00	155.191	155.275	155.182	155.224	771	0	20
2025.11.18	04:15:00	155.218	155.238	155.16	155.178	777	0	20
2025.11.18	04:30:00	155.177	155.195	155.163	155.19	844	0	20
2025.11.18	04:45:00	155.188	155.255	155.175	155.177	993	0	20
2025.11.18	05:00:00	155.177	155.178	155.101	155.131	1044	0	20
2025.11.18	05:15:00	155.131	155.187	155.131	155.162	742	0	20
2025.11.18	05:30:00	155.163	155.186	155.141	155.154	1101	0	20
2025.11.18	05:45:00	155.155	155.19	155.154	155.166	742	0	20
2025.11.18	06:00:00	155.166	155.181	155.079	155.082	1039	0	20
2025.11.18	06:15:00	155.083	155.086	154.805	154.867	2810	0	20
2025.11.18	06:30:00	154.866	154.967	154.835	154.95	1600	0	20
2025.11.18	06:45:00	154.949	155.096	154.916	155.042	1548	0	20
2025.11.18	07:00:00	155.041	155.086	154.984	155.081	1184	0	20
2025.11.18	07:15:00	155.08	155.091	155.035	155.053	747	0	20
2025.11.18	07:30:00	155.054	155.057	155.0	155.024	780	0	20
2025.11.18	07:45:00	155.025	155.093	155.019	155.073	998	0	20
2025.11.18	08:00:00	155.075	155.181	155.075	155.127	1025	0	20
2025.11.18	08:15:00	155.127	155.158	155.054	155.073	962	0	20
2025.11.18	08:30:00	155.072	155.072	154.859	154.985	1896	0	20
2025.11.18	08:45:00	154.984	155.207	154.975	155.167	1527	0	20
2025.11.18	09:00:00	155.169	155.205	154.958	154.996	2827	0	20
2025.11.18	09:15:00	154.997	155.01	154.862	154.972	2266	0	20
2025.11.18	09:30:00	154.972	155.08	154.94	155.021	2187	0	20
2025.11.18	09:45:00	155.022	155.057	154.94	154.987	1775	0	20
2025.11.18	10:00:00	154.988	155.07	154.9	154.924	2419	0	20
2025.11.18	10:15:00	154.923	155.032	154.919	155.029	1624	0	20
2025.11.18	10:30:00	155.029	155.209	155.014	155.185	1661	0	20
2025.11.18	10:45:00	155.188	155.188	155.073	155.12	1103	0	20
2025.11.18	11:00:00	155.125	155.199	155.073	155.191	1597	0	20
2025.11.18	11:15:00	155.193	155.242	155.178	155.201	1234	0	20
2025.11.18	11:30:00	155.2	155.234	155.159	155.191	1085	0	20
2025.11.18	11:45:00	155.189	155.256	155.187	155.223	994	0	20
2025.11.18	12:00:00	155.224	155.256	155.195	155.21	1010	0	20
2025.11.18	12:15:00	155.21	155.273	155.2	155.272	998	0	20
2025.11.18	12:30:00	155.271	155.352	155.271	155.325	1001	0	20
2025.11.18	12:45:00	155.325	155.414	155.312	155.412	1137	0	20
2025.11.18	13:00:00	155.413	155.413	155.351	155.37	896	0	20
2025.11.18	13:15:00	155.371	155.416	155.371	155.4	771	0	20
2025.11.18	13:30:00	155.401	155.417	155.35	155.402	676	0	20
2025.11.18	13:45:00	155.403	155.431	155.39	155.416	1201	0	20
2025.11.18	14:00:00	155.415	155.429	155.288	155.309	1421	0	20
2025.11.18	14:15:00	155.308	155.364	155.298	155.34	1106	0	20
2025.11.18	14:30:00	155.341	155.359	155.252	155.292	1151	0	20
2025.11.18	14:45:00	155.291	155.294	155.165	155.17	1551	0	20
2025.11.18	15:00:00	155.17	155.253	155.138	155.22	1811	0	20
2025.11.18	15:15:00	155.221	155.231	155.081	155.12	1749	0	20
2025.11.18	15:30:00	155.12	155.221	155.052	155.117	2407	0	20
2025.11.18	15:45:00	155.116	155.19	155.102	155.16	1679	0	20
2025.11.18	16:00:00	155.159	155.226	155.131	155.224	1454	0	20
2025.11.18	16:15:00	155.224	155.287	155.219	155.268	1481	0	20
2025.11.18	16:30:00	155.266	155.372	155.255	155.305	3036	0	20
2025.11.18	16:45:00	155.306	155.351	155.22	155.22	2501	0	20
2025.11.18	17:00:00	155.219	155.242	155.041	155.115	3299	0	20
2025.11.18	17:15:00	155.115	155.234	155.059	155.125	3129	0	20
2025.11.18	17:30:00	155.124	155.151	155.06	155.099	2892	0	20
2025.11.18	17:45:00	155.096	155.274	155.068	155.264	2491	0	20
2025.11.18	18:00:00	155.263	155.422	155.248	155.36	2369	0	20
2025.11.18	18:15:00	155.355	155.476	155.313	155.475	2120	0	20
2025.11.18	18:30:00	155.476	155.491	155.452	155.484	2251	0	20
2025.11.18	18:45:00	155.484	155.496	155.404	155.433	1971	0	20
2025.11.18	19:00:00	155.433	155.554	155.418	155.496	1539	0	20
2025.11.18	19:15:00	155.499	155.594	155.491	155.539	1728	0	20
2025.11.18	19:30:00	155.543	155.617	155.508	155.616	1671	0	20
2025.11.18	19:45:00	155.615	155.685	155.603	155.682	1350	0	20
2025.11.18	20:00:00	155.682	155.723	155.652	155.67	1575	0	20
2025.11.18	20:15:00	155.67	155.675	155.619	155.63	1775	0	20
2025.11.18	20:30:00	155.63	155.661	155.558	155.57	1479	0	20
2025.11.18	20:45:00	155.569	155.602	155.55	155.587	1272	0	20
2025.11.18	21:00:00	155.586	155.627	155.556	155.559	1072	0	20
2025.11.18	21:15:00	155.558	155.56	155.505	155.513	928	0	20
2025.11.18	21:30:00	155.514	155.568	155.508	155.542	1376	0	20
2025.11.18	21:45:00	155.542	155.573	155.488	155.513	1298	0	20
2025.11.18	22:00:00	155.513	155.525	155.468	155.475	844	0	20
2025.11.18	22:15:00	155.474	155.527	155.474	155.525	806	0	20
2025.11.18	22:30:00	155.525	155.542	155.505	155.536	621	0	20
2025.11.18	22:45:00	155.536	155.551	155.511	155.518	575	0	20
2025.11.18	23:00:00	155.517	155.528	155.505	155.511	505	0	20
2025.11.18	23:15:00	155.511	155.514	155.483	155.506	569	0	20
2025.11.18	23:30:00	155.505	155.517	155.5	155.513	535	0	22
2025.11.18	23:45:00	155.512	155.539	155.476	155.478	678	0	20
2025.11.19	00:00:00	155.481	155.49	155.424	155.452	71	0	38
2025.11.19	00:15:00	155.449	155.485	155.41	155.432	83	0	39
2025.11.19	00:30:00	155.434	155.469	155.434	155.464	181	0	40
2025.11.19	00:45:00	155.464	155.532	155.463	155.503	222	0	28
2025.11.19	01:00:00	155.494	155.529	155.483	155.527	384	0	20
2025.11.19	01:15:00	155.529	155.536	155.508	155.508	539	0	20
2025.11.19	01:30:00	155.508	155.56	155.504	155.559	362	0	20
2025.11.19	01:45:00	155.56	155.581	155.518	155.522	771	0	21
2025.11.19	02:00:00	155.521	155.57	155.414	155.448	1672	0	20
2025.11.19	02:15:00	155.449	155.464	155.385	155.412	1528	0	20
2025.11.19	02:30:00	155.411	155.463	155.409	155.416	1188	0	20
2025.11.19	02:45:00	155.415	155.477	155.363	155.463	2160	0	20
2025.11.19	03:00:00	155.463	155.505	155.421	155.435	2258	0	20
2025.11.19	03:15:00	155.435	155.529	155.43	155.484	1414	0	20
2025.11.19	03:30:00	155.483	155.493	155.422	155.465	1152	0	20
2025.11.19	03:45:00	155.462	155.501	155.446	155.487	1418	0	20
2025.11.19	04:00:00	155.486	155.544	155.424	155.425	1512	0	20
2025.11.19	04:15:00	155.425	155.441	155.35	155.386	1456	0	20
2025.11.19	04:30:00	155.386	155.401	155.322	155.326	1040	0	20
2025.11.19	04:45:00	155.326	155.361	155.315	155.343	826	0	20
2025.11.19	05:00:00	155.342	155.342	155.282	155.282	1010	0	20
2025.11.19	05:15:00	155.282	155.37	155.242	155.282	1480	0	20
2025.11.19	05:30:00	155.281	155.335	155.25	155.255	1196	0	20
2025.11.19	05:45:00	155.254	155.289	155.203	155.284	1210	0	20
2025.11.19	06:00:00	155.283	155.385	155.283	155.375	1022	0	20
2025.11.19	06:15:00	155.374	155.457	155.374	155.446	1263	0	20
2025.11.19	06:30:00	155.453	155.454	155.386	155.387	1176	0	20
2025.11.19	06:45:00	155.387	155.402	155.305	155.311	1117	0	20
2025.11.19	07:00:00	155.311	155.348	155.276	155.312	1179	0	20
2025.11.19	07:15:00	155.312	155.372	155.311	155.351	937	0	20
2025.11.19	07:30:00	155.351	155.351	155.259	155.275	997	0	20
2025.11.19	07:45:00	155.276	155.362	155.251	155.358	1682	0	20
2025.11.19	08:00:00	155.358	155.391	155.327	155.354	946	0	20
2025.11.19	08:15:00	155.355	155.413	155.317	155.338	853	0	20
2025.11.19	08:30:00	155.34	155.378	155.315	155.371	955	0	20
2025.11.19	08:45:00	155.371	155.449	155.331	155.438	989	0	20
2025.11.19	09:00:00	155.439	155.517	155.439	155.494	1222	0	20
2025.11.19	09:15:00	155.494	155.512	155.427	155.444	850	0	20
2025.11.19	09:30:00	155.445	155.458	155.397	155.445	1078	0	20
2025.11.19	09:45:00	155.444	155.521	155.42	155.507	1442	0	20
2025.11.19	10:00:00	155.508	155.522	155.47	155.511	1336	0	20
2025.11.19	10:15:00	155.51	155.663	155.498	155.65	1267	0	20
2025.11.19	10:30:00	155.65	155.668	155.61	155.623	1257	0	20
2025.11.19	10:45:00	155.623	155.643	155.55	155.626	1172	0	20
2025.11.19	11:00:00	155.627	155.653	155.545	155.581	1090	0	20
2025.11.19	11:15:00	155.58	155.641	155.58	155.63	869	0	20
2025.11.19	11:30:00	155.631	155.867	155.546	155.845	2129	0	20
2025.11.19	11:45:00	155.847	155.956	155.842	155.943	1822	0	20
2025.11.19	12:00:00	155.942	155.98	155.925	155.97	1409	0	20
2025.11.19	12:15:00	155.97	155.988	155.94	155.985	957	0	20
2025.11.19	12:30:00	155.986	156.151	155.963	156.127	1666	0	20
2025.11.19	12:45:00	156.125	156.241	156.123	156.232	1598	0	21
2025.11.19	13:00:00	156.232	156.285	156.166	156.167	1541	0	21
2025.11.19	13:15:00	156.167	156.222	156.14	156.166	1066	0	21
2025.11.19	13:30:00	156.167	156.174	156.127	156.141	1031	0	21
2025.11.19	13:45:00	156.14	156.161	156.072	156.095	996	0	21
2025.11.19	14:00:00	156.089	156.113	156.054	156.099	1219	0	21
2025.11.19	14:15:00	156.1	156.181	156.08	156.17	888	0	21
2025.11.19	14:30:00	156.171	156.239	156.139	156.239	983	0	21
2025.11.19	14:45:00	156.242	156.252	156.199	156.237	684	0	21
2025.11.19	15:00:00	156.236	156.245	156.041	156.075	1258	0	21
2025.11.19	15:15:00	156.075	156.175	156.029	156.172	922	0	21
2025.11.19	15:30:00	156.172	156.213	156.138	156.175	1273	0	21
2025.11.19	15:45:00	156.175	156.281	156.146	156.273	1475	0	21
2025.11.19	16:00:00	156.272	156.392	156.253	156.316	1944	0	21
2025.11.19	16:15:00	156.317	156.42	156.303	156.36	1551	0	21
2025.11.19	16:30:00	156.36	156.452	156.301	156.44	2087	0	21
2025.11.19	16:45:00	156.442	156.615	156.436	156.613	2299	0	21
2025.11.19	17:00:00	156.613	156.71	156.584	156.595	2336	0	21
2025.11.19	17:15:00	156.596	156.641	156.532	156.585	1902	0	21
2025.11.19	17:30:00	156.586	156.654	156.535	156.635	1986	0	21
2025.11.19	17:45:00	156.636	156.67	156.486	156.498	2115	0	21
2025.11.19	18:00:00	156.494	156.532	156.453	156.495	2002	0	21
2025.11.19	18:15:00	156.495	156.662	156.486	156.661	1408	0	21
2025.11.19	18:30:00	156.662	156.697	156.581	156.59	1902	0	21
2025.11.19	18:45:00	156.59	156.645	156.583	156.626	1477	0	21
2025.11.19	19:00:00	156.626	156.683	156.609	156.662	1780	0	21
2025.11.19	19:15:00	156.662	156.799	156.644	156.785	2032	0	21
2025.11.19	19:30:00	156.784	156.833	156.766	156.807	1290	0	21
2025.11.19	19:45:00	156.808	156.855	156.736	156.743	1274	0	21
2025.11.19	20:00:00	156.74	156.822	156.735	156.793	999	0	21
2025.11.19	20:15:00	156.792	156.831	156.775	156.805	901	0	21
2025.11.19	20:30:00	156.804	156.838	156.769	156.774	1334	0	21
2025.11.19	20:45:00	156.774	156.794	156.68	156.786	1173	0	21
2025.11.19	21:00:00	156.785	156.916	156.76	156.865	1661	0	21
2025.11.19	21:15:00	156.869	156.888	156.841	156.876	1195	0	21
2025.11.19	21:30:00	156.879	156.962	156.839	156.958	963	0	21
2025.11.19	21:45:00	156.957	157.028	156.951	157.019	1364	0	21
2025.11.19	22:00:00	157.018	157.036	156.954	156.954	1211	0	21
2025.11.19	22:15:00	156.954	156.99	156.95	156.974	992	0	21
2025.11.19	22:30:00	156.974	156.997	156.955	156.965	647	0	21
2025.11.19	22:45:00	156.968	156.976	156.927	156.95	567	0	21
2025.11.19	23:00:00	156.949	157.029	156.949	157.029	565	0	21
2025.11.19	23:15:00	157.029	157.134	156.997	157.054	1133	0	21
2025.11.19	23:30:00	157.054	157.147	157.053	157.147	549	0	21
2025.11.19	23:45:00	157.148	157.172	157.124	157.124	1173	0	21
2025.11.20	00:00:00	157.123	157.129	157.022	157.05	125	0	29
2025.11.20	00:15:00	157.053	157.088	157.053	157.077	53	0	57
2025.11.20	00:30:00	157.077	157.077	157.04	157.047	295	0	53
2025.11.20	00:45:00	157.047	157.07	157.043	157.061	189	0	37
2025.11.20	01:00:00	157.061	157.144	156.965	157.049	633	0	21
2025.11.20	01:15:00	157.049	157.049	156.989	157.025	795	0	22
2025.11.20	01:30:00	157.033	157.065	157.003	157.046	995	0	21
2025.11.20	01:45:00	157.045	157.073	156.972	156.984	707	0	21
2025.11.20	02:00:00	156.984	157.026	156.871	156.905	1706	0	21
2025.11.20	02:15:00	156.906	157.167	156.867	157.162	1729	0	21
2025.11.20	02:30:00	157.163	157.168	157.067	157.154	1768	0	21
2025.11.20	02:45:00	157.154	157.199	157.057	157.065	2374	0	21
2025.11.20	03:00:00	157.064	157.11	157.025	157.09	1182	0	21
2025.11.20	03:15:00	157.091	157.168	157.032	157.125	1260	0	21
2025.11.20	03:30:00	157.127	157.284	157.023	157.274	2267	0	21
2025.11.20	03:45:00	157.273	157.425	157.256	157.412	1630	0	21
2025.11.20	04:00:00	157.412	157.461	157.317	157.399	1585	0	21
2025.11.20	04:15:00	157.398	157.463	157.361	157.384	1475	0	21
2025.11.20	04:30:00	157.384	157.393	157.278	157.336	1011	0	21
2025.11.20	04:45:00	157.335	157.34	157.292	157.305	648	0	21
2025.11.20	05:00:00	157.309	157.421	157.271	157.4	1205	0	21
2025.11.20	05:15:00	157.4	157.4	157.328	157.345	709	0	21
2025.11.20	05:30:00	157.344	157.393	157.269	157.38	770	0	21
2025.11.20	05:45:00	157.38	157.405	157.31	157.405	915	0	21
2025.11.20	06:00:00	157.405	157.409	157.272	157.321	791	0	21
2025.11.20	06:15:00	157.32	157.345	157.268	157.321	774	0	21
2025.11.20	06:30:00	157.32	157.336	157.251	157.333	866	0	21
2025.11.20	06:45:00	157.332	157.407	157.325	157.387	635	0	21
2025.11.20	07:00:00	157.386	157.53	157.385	157.469	1086	0	21
2025.11.20	07:15:00	157.468	157.523	157.447	157.468	641	0	21
2025.11.20	07:30:00	157.468	157.532	157.418	157.483	857	0	21
2025.11.20	07:45:00	157.485	157.561	157.418	157.547	1134	0	21
2025.11.20	08:00:00	157.548	157.584	157.477	157.55	1435	0	21
2025.11.20	08:15:00	157.551	157.617	157.518	157.53	1189	0	21
2025.11.20	08:30:00	157.531	157.68	157.531	157.666	1130	0	21
2025.11.20	08:45:00	157.667	157.727	157.652	157.724	900	0	21
2025.11.20	09:00:00	157.724	157.768	157.602	157.648	1744	0	21
2025.11.20	09:15:00	157.647	157.661	157.544	157.607	1398	0	21
2025.11.20	09:30:00	157.607	157.611	157.491	157.519	1213	0	21
2025.11.20	09:45:00	157.52	157.522	157.365	157.446	1812	0	21
2025.11.20	10:00:00	157.445	157.485	157.287	157.313	1985	0	21
2025.11.20	10:15:00	157.312	157.361	157.253	157.314	1449	0	21
2025.11.20	10:30:00	157.313	157.333	157.13	157.154	1620	0	21
2025.11.20	10:45:00	157.155	157.161	157.097	157.141	1339	0	21
2025.11.20	11:00:00	157.152	157.25	157.15	157.241	1433	0	21
2025.11.20	11:15:00	157.241	157.261	157.164	157.195	1020	0	21
2025.11.20	11:30:00	157.196	157.21	157.131	157.161	1424	0	21
2025.11.20	11:45:00	157.161	157.176	157.113	157.169	963	0	21
2025.11.20	12:00:00	157.168	157.259	157.14	157.235	969	0	21
2025.11.20	12:15:00	157.236	157.314	157.235	157.312	767	0	21
2025.11.20	12:30:00	157.312	157.321	157.267	157.31	592	0	21
2025.11.20	12:45:00	157.311	157.401	157.293	157.371	749	0	21
2025.11.20	13:00:00	157.371	157.417	157.364	157.4	705	0	21
2025.11.20	13:15:00	157.401	157.448	157.344	157.447	764	0	21
2025.11.20	13:30:00	157.456	157.47	157.41	157.467	631	0	21
2025.11.20	13:45:00	157.466	157.528	157.449	157.499	671	0	21
2025.11.20	14:00:00	157.498	157.668	157.495	157.651	950	0	21
2025.11.20	14:15:00	157.651	157.665	157.617	157.639	813	0	21
2025.11.20	14:30:00	157.64	157.688	157.63	157.685	903	0	21
2025.11.20	14:45:00	157.686	157.728	157.679	157.689	902	0	21
2025.11.20	15:00:00	157.69	157.697	157.568	157.659	1394	0	21
2025.11.20	15:15:00	157.66	157.688	157.568	157.568	1732	0	21
2025.11.20	15:30:00	157.556	157.869	157.214	157.497	5175	0	21
2025.11.20	15:45:00	157.502	157.733	157.49	157.561	3576	0	21
2025.11.20	16:00:00	157.561	157.819	157.483	157.698	3298	0	21
2025.11.20	16:15:00	157.698	157.744	157.591	157.604	2832	0	21
2025.11.20	16:30:00	157.604	157.633	157.493	157.606	3278	0	21
2025.11.20	16:45:00	157.605	157.681	157.554	157.616	2179	0	21
2025.11.20	17:00:00	157.615	157.766	157.615	157.756	2179	0	21
2025.11.20	17:15:00	157.762	157.865	157.704	157.78	1793	0	21
2025.11.20	17:30:00	157.782	157.882	157.781	157.817	1452	0	21
2025.11.20	17:45:00	157.817	157.869	157.668	157.669	2275	0	21
2025.11.20	18:00:00	157.669	157.673	157.353	157.385	2763	0	21
2025.11.20	18:15:00	157.385	157.54	157.275	157.486	3429	0	21
2025.11.20	18:30:00	157.486	157.597	157.393	157.572	2925	0	21
2025.11.20	18:45:00	157.573	157.635	157.401	157.41	3001	0	21
2025.11.20	19:00:00	157.407	157.527	157.264	157.334	4226	0	21
2025.11.20	19:15:00	157.326	157.459	157.252	157.444	3881	0	21
2025.11.20	19:30:00	157.444	157.49	157.343	157.428	3336	0	21
2025.11.20	19:45:00	157.428	157.519	157.368	157.506	3087	0	21
2025.11.20	20:00:00	157.507	157.681	157.494	157.678	2031	0	21
2025.11.20	20:15:00	157.679	157.685	157.54	157.59	2529	0	21
2025.11.20	20:30:00	157.588	157.597	157.487	157.519	2100	0	21
2025.11.20	20:45:00	157.52	157.525	157.416	157.449	1193	0	21
2025.11.20	21:00:00	157.45	157.506	157.441	157.497	1255	0	21
2025.11.20	21:15:00	157.498	157.532	157.442	157.51	1708	0	21
2025.11.20	21:30:00	157.509	157.553	157.48	157.514	1657	0	21
2025.11.20	21:45:00	157.514	157.54	157.451	157.528	1428	0	21
2025.11.20	22:00:00	157.529	157.583	157.506	157.55	1042	0	21
2025.11.20	22:15:00	157.549	157.631	157.548	157.62	847	0	21
2025.11.20	22:30:00	157.621	157.634	157.583	157.595	715	0	21
2025.11.20	22:45:00	157.596	157.637	157.539	157.565	1291	0	21
2025.11.20	23:00:00	157.565	157.575	157.468	157.555	987	0	21
2025.11.20	23:15:00	157.555	157.58	157.532	157.543	426	0	21
2025.11.20	23:30:00	157.544	157.556	157.491	157.492	253	0	22
2025.11.20	23:45:00	157.491	157.492	157.428	157.447	1087	0	21
2025.11.21	00:00:00	157.448	157.51	157.408	157.443	80	0	51
2025.11.21	00:15:00	157.444	157.485	157.438	157.482	76	0	42
2025.11.21	00:30:00	157.481	157.482	157.42	157.426	248	0	25
2025.11.21	00:45:00	157.42	157.441	157.405	157.437	589	0	25
2025.11.21	01:00:00	157.434	157.457	157.323	157.362	565	0	21
2025.11.21	01:15:00	157.361	157.441	157.36	157.414	644	0	22
2025.11.21	01:30:00	157.415	157.462	157.18	157.298	1444	0	21
2025.11.21	01:45:00	157.298	157.387	157.221	157.377	1710	0	21
2025.11.21	02:00:00	157.377	157.531	157.357	157.419	2183	0	21
2025.11.21	02:15:00	157.421	157.521	157.41	157.475	1604	0	21
2025.11.21	02:30:00	157.476	157.494	157.32	157.323	1320	0	21
2025.11.21	02:45:00	157.323	157.404	157.21	157.304	2208	0	21
2025.11.21	03:00:00	157.305	157.371	157.196	157.28	1798	0	21
2025.11.21	03:15:00	157.279	157.44	157.279	157.42	1029	0	21
2025.11.21	03:30:00	157.421	157.436	157.299	157.363	1147	0	21
2025.11.21	03:45:00	157.362	157.486	157.339	157.476	1042	0	21
2025.11.21	04:00:00	157.476	157.479	157.359	157.393	1612	0	21
2025.11.21	04:15:00	157.392	157.451	157.339	157.343	1195	0	21
2025.11.21	04:30:00	157.343	157.405	157.285	157.392	1496	0	21
2025.11.21	04:45:00	157.392	157.433	157.334	157.338	667	0	21
2025.11.21	05:00:00	157.338	157.418	157.331	157.38	777	0	21
2025.11.21	05:15:00	157.378	157.395	157.356	157.37	722	0	21
2025.11.21	05:30:00	157.37	157.39	157.34	157.37	930	0	21
2025.11.21	05:45:00	157.372	157.405	157.284	157.291	763	0	21
2025.11.21	06:00:00	157.29	157.293	157.073	157.138	1751	0	21
2025.11.21	06:15:00	157.137	157.207	157.113	157.181	1066	0	21
2025.11.21	06:30:00	157.183	157.201	157.121	157.195	1030	0	21
2025.11.21	06:45:00	157.196	157.283	157.179	157.259	1048	0	21
2025.11.21	07:00:00	157.259	157.269	157.163	157.206	862	0	21
2025.11.21	07:15:00	157.207	157.293	157.181	157.225	739	0	21
2025.11.21	07:30:00	157.226	157.253	157.154	157.191	1201	0	21
2025.11.21	07:45:00	157.19	157.279	157.159	157.215	1324	0	21
2025.11.21	08:00:00	157.216	157.246	157.043	157.047	1817	0	21
2025.11.21	08:15:00	157.048	157.133	157.04	157.089	1627	0	21
2025.11.21	08:30:00	157.089	157.177	157.085	157.14	796	0	21
2025.11.21	08:45:00	157.142	157.195	157.129	157.156	801	0	21
2025.11.21	09:00:00	157.159	157.182	157.067	157.1	1223	0	21
2025.11.21	09:15:00	157.101	157.145	157.002	157.057	1188	0	21
2025.11.21	09:30:00	157.056	157.07	156.763	156.763	2587	0	21
2025.11.21	09:45:00	156.764	156.778	156.6	156.723	2153	0	21
2025.11.21	10:00:00	156.722	156.831	156.645	156.716	2447	0	21
2025.11.21	10:15:00	156.715	156.765	156.554	156.598	2217	0	21
2025.11.21	10:30:00	156.606	156.786	156.591	156.754	1492	0	21
2025.11.21	10:45:00	156.754	156.941	156.738	156.9	1847	0	21
2025.11.21	11:00:00	156.901	156.926	156.828	156.895	1607	0	21
2025.11.21	11:15:00	156.904	156.941	156.728	156.833	1641	0	21
2025.11.21	11:30:00	156.836	156.843	156.701	156.701	1348	0	21
2025.11.21	11:45:00	156.7	156.788	156.662	156.75	1662	0	21
2025.11.21	12:00:00	156.75	156.756	156.544	156.616	2501	0	21
2025.11.21	12:15:00	156.615	156.649	156.586	156.647	1731	0	21
2025.11.21	12:30:00	156.649	156.738	156.648	156.681	1707	0	21
2025.11.21	12:45:00	156.683	156.808	156.678	156.771	1563	0	21
2025.11.21	13:00:00	156.771	156.851	156.739	156.844	1659	0	21
2025.11.21	13:15:00	156.849	156.884	156.762	156.769	1004	0	21
2025.11.21	13:30:00	156.766	156.87	156.759	156.849	1003	0	21
2025.11.21	13:45:00	156.848	156.858	156.751	156.842	1455	0	21
2025.11.21	14:00:00	156.843	156.844	156.739	156.833	1516	0	21
2025.11.21	14:15:00	156.833	156.884	156.803	156.812	2002	0	21
2025.11.21	14:30:00	156.81	156.815	156.597	156.697	4150	0	21
2025.11.21	14:45:00	156.698	156.858	156.645	156.738	2785	0	21
2025.11.21	15:00:00	156.74	156.792	156.668	156.772	2473	0	21
2025.11.21	15:15:00	156.771	156.838	156.717	156.792	2044	0	21
2025.11.21	15:30:00	156.794	156.854	156.771	156.83	1421	0	21
2025.11.21	15:45:00	156.829	156.83	156.729	156.803	1635	0	21
2025.11.21	16:00:00	156.803	156.857	156.746	156.833	2523	0	21
2025.11.21	16:15:00	156.832	156.846	156.778	156.828	1579	0	21
2025.11.21	16:30:00	156.829	156.955	156.812	156.837	2925	0	21
2025.11.21	16:45:00	156.836	156.877	156.643	156.689	3241	0	21
2025.11.21	17:00:00	156.699	156.705	156.188	156.378	4446	0	21
2025.11.21	17:15:00	156.377	156.505	156.293	156.405	3786	0	21
2025.11.21	17:30:00	156.4	156.473	156.213	156.416	3958	0	21
2025.11.21	17:45:00	156.417	156.545	156.228	156.525	4119	0	21
2025.11.21	18:00:00	156.525	156.66	156.477	156.627	3197	0	21
2025.11.21	18:15:00	156.626	156.744	156.61	156.694	2626	0	21
2025.11.21	18:30:00	156.694	156.696	156.453	156.633	2558	0	21
2025.11.21	18:45:00	156.63	156.632	156.485	156.561	2211	0	21
2025.11.21	19:00:00	156.561	156.581	156.488	156.55	2073	0	21
2025.11.21	19:15:00	156.55	156.72	156.527	156.627	1538	0	21
2025.11.21	19:30:00	156.627	156.627	156.502	156.56	1388	0	21
2025.11.21	19:45:00	156.561	156.575	156.494	156.53	1003	0	21
2025.11.21	20:00:00	156.531	156.575	156.49	156.491	1036	0	21
2025.11.21	20:15:00	156.491	156.505	156.449	156.488	1064	0	21
2025.11.21	20:30:00	156.488	156.549	156.478	156.514	1180	0	21
2025.11.21	20:45:00	156.513	156.632	156.481	156.563	1615	0	21
2025.11.21	21:00:00	156.56	156.572	156.427	156.461	1274	0	21
2025.11.21	21:15:00	156.464	156.521	156.456	156.462	707	0	21
2025.11.21	21:30:00	156.463	156.467	156.285	156.29	1128	0	21
2025.11.21	21:45:00	156.291	156.331	156.251	156.318	1086	0	21
2025.11.21	22:00:00	156.318	156.385	156.308	156.367	655	0	21
2025.11.21	22:15:00	156.367	156.429	156.351	156.368	806	0	21
2025.11.21	22:30:00	156.368	156.427	156.351	156.41	797	0	21
2025.11.21	22:45:00	156.41	156.439	156.309	156.378	925	0	21
2025.11.21	23:00:00	156.379	156.446	156.352	156.405	476	0	21
2025.11.21	23:15:00	156.406	156.426	156.351	156.401	516	0	21
2025.11.21	23:30:00	156.401	156.491	156.392	156.453	415	0	23
2025.11.21	23:45:00	156.454	156.454	156.315	156.392	935	0	25
2025.11.24	00:00:00	156.269	156.423	156.269	156.415	57	0	79
2025.11.24	00:15:00	156.426	156.468	156.359	156.455	204	0	48
2025.11.24	00:30:00	156.459	156.56	156.412	156.431	558	0	42
2025.11.24	00:45:00	156.434	156.479	156.415	156.465	169	0	54
2025.11.24	01:00:00	156.463	156.599	156.455	156.574	689	0	22
2025.11.24	01:15:00	156.574	156.639	156.546	156.598	729	0	21
2025.11.24	01:30:00	156.599	156.665	156.596	156.655	740	0	21
2025.11.24	01:45:00	156.654	156.701	156.65	156.675	911	0	21
2025.11.24	02:00:00	156.676	156.727	156.65	156.698	1225	0	21
2025.11.24	02:15:00	156.696	156.749	156.685	156.736	1088	0	23
2025.11.24	02:30:00	156.735	156.784	156.733	156.772	1197	0	21
2025.11.24	02:45:00	156.773	156.786	156.723	156.725	1172	0	21
2025.11.24	03:00:00	156.725	156.73	156.656	156.678	1087	0	21
2025.11.24	03:15:00	156.677	156.739	156.651	156.687	1408	0	22
2025.11.24	03:30:00	156.686	156.687	156.627	156.648	1333	0	21
2025.11.24	03:45:00	156.648	156.741	156.634	156.711	473	0	21
2025.11.24	04:00:00	156.708	156.725	156.652	156.668	572	0	21
2025.11.24	04:15:00	156.666	156.714	156.639	156.699	819	0	21
2025.11.24	04:30:00	156.7	156.702	156.596	156.601	651	0	21
2025.11.24	04:45:00	156.601	156.679	156.6	156.676	692	0	21
2025.11.24	05:00:00	156.676	156.68	156.6	156.664	586	0	21
2025.11.24	05:15:00	156.665	156.67	156.603	156.607	615	0	21
2025.11.24	05:30:00	156.607	156.616	156.578	156.615	400	0	21
2025.11.24	05:45:00	156.614	156.633	156.599	156.633	392	0	21
2025.11.24	06:00:00	156.631	156.651	156.603	156.615	422	0	21
2025.11.24	06:15:00	156.614	156.616	156.565	156.568	456	0	21
2025.11.24	06:30:00	156.567	156.586	156.559	156.575	339	0	21
2025.11.24	06:45:00	156.574	156.585	156.499	156.542	673	0	21
2025.11.24	07:00:00	156.542	156.577	156.487	156.542	798	0	21
2025.11.24	07:15:00	156.543	156.566	156.515	156.545	631	0	21
2025.11.24	07:30:00	156.544	156.545	156.503	156.504	490	0	21
2025.11.24	07:45:00	156.504	156.581	156.504	156.57	626	0	21
2025.11.24	08:00:00	156.571	156.629	156.533	156.607	525	0	21
2025.11.24	08:15:00	156.605	156.652	156.584	156.61	716	0	21
2025.11.24	08:30:00	156.61	156.665	156.609	156.634	428	0	21
2025.11.24	08:45:00	156.635	156.727	156.635	156.715	699	0	21
2025.11.24	09:00:00	156.715	156.742	156.665	156.725	952	0	21
2025.11.24	09:15:00	156.725	156.766	156.698	156.752	811	0	21
2025.11.24	09:30:00	156.752	156.785	156.72	156.784	682	0	21
2025.11.24	09:45:00	156.784	156.876	156.761	156.83	1112	0	21
2025.11.24	10:00:00	156.825	156.825	156.653	156.7	1511	0	21
2025.11.24	10:15:00	156.7	156.76	156.636	156.714	1293	0	21
2025.11.24	10:30:00	156.715	156.805	156.71	156.776	1169	0	21
2025.11.24	10:45:00	156.776	156.924	156.773	156.891	1068	0	21
2025.11.24	11:00:00	156.891	156.924	156.823	156.881	1021	0	21
2025.11.24	11:15:00	156.881	156.906	156.702	156.737	1657	0	21
2025.11.24	11:30:00	156.737	156.761	156.669	156.727	1338	0	21
2025.11.24	11:45:00	156.728	156.771	156.727	156.736	1086	0	21
2025.11.24	12:00:00	156.737	156.748	156.688	156.735	1122	0	21
2025.11.24	12:15:00	156.735	156.771	156.689	156.695	1034	0	21
2025.11.24	12:30:00	156.694	156.749	156.688	156.711	643	0	21
2025.11.24	12:45:00	156.711	156.75	156.699	156.701	792	0	21
2025.11.24	13:00:00	156.701	156.734	156.689	156.729	476	0	21
2025.11.24	13:15:00	156.723	156.754	156.699	156.718	575	0	21
2025.11.24	13:30:00	156.719	156.769	156.701	156.764	733	0	21
2025.11.24	13:45:00	156.763	156.855	156.758	156.825	938	0	21
2025.11.24	14:00:00	156.824	156.858	156.815	156.849	1006	0	21
2025.11.24	14:15:00	156.85	156.85	156.803	156.81	556	0	21
2025.11.24	14:30:00	156.809	156.834	156.771	156.771	685	0	21
2025.11.24	14:45:00	156.77	156.862	156.736	156.841	907	0	21
2025.11.24	15:00:00	156.84	156.975	156.839	156.956	1330	0	21
2025.11.24	15:15:00	156.957	156.959	156.884	156.922	873	0	21
2025.11.24	15:30:00	156.922	156.942	156.854	156.932	740	0	21
2025.11.24	15:45:00	156.933	156.941	156.862	156.904	964	0	21
2025.11.24	16:00:00	156.905	156.991	156.875	156.99	957	0	21
2025.11.24	16:15:00	156.99	157.079	156.971	157.065	1051	0	21
2025.11.24	16:30:00	157.064	157.153	157.015	157.036	2034	0	21
2025.11.24	16:45:00	157.035	157.076	156.976	157.039	1958	0	21
2025.11.24	17:00:00	157.04	157.176	157.039	157.13	1683	0	21
2025.11.24	17:15:00	157.131	157.135	157.049	157.052	1528	0	21
2025.11.24	17:30:00	157.053	157.053	156.873	156.895	1236	0	21
2025.11.24	17:45:00	156.896	157.006	156.729	156.781	3225	0	21
2025.11.24	18:00:00	156.785	156.865	156.757	156.785	1658	0	21
2025.11.24	18:15:00	156.785	156.886	156.762	156.871	677	0	21
2025.11.24	18:30:00	156.872	156.911	156.827	156.897	742	0	21
2025.11.24	18:45:00	156.894	156.935	156.859	156.929	691	0	21
2025.11.24	19:00:00	156.93	156.95	156.905	156.92	918	0	21
2025.11.24	19:15:00	156.919	156.972	156.851	156.929	1023	0	21
2025.11.24	19:30:00	156.93	156.945	156.86	156.87	881	0	21
2025.11.24	19:45:00	156.869	156.887	156.846	156.874	1003	0	21
2025.11.24	20:00:00	156.874	156.88	156.831	156.879	683	0	21
2025.11.24	20:15:00	156.879	156.884	156.839	156.847	504	0	21
2025.11.24	20:30:00	156.849	156.864	156.808	156.814	784	0	21
2025.11.24	20:45:00	156.815	156.845	156.776	156.778	769	0	21
2025.11.24	21:00:00	156.779	156.844	156.778	156.841	623	0	21
2025.11.24	21:15:00	156.841	156.868	156.783	156.797	673	0	21
2025.11.24	21:30:00	156.797	156.824	156.784	156.822	538	0	21
2025.11.24	21:45:00	156.821	156.836	156.701	156.727	820	0	21
2025.11.24	22:00:00	156.728	156.808	156.721	156.784	832	0	21
2025.11.24	22:15:00	156.785	156.829	156.785	156.823	451	0	21
2025.11.24	22:30:00	156.824	156.835	156.784	156.795	712	0	21
2025.11.24	22:45:00	156.795	156.822	156.771	156.82	903	0	21
2025.11.24	23:00:00	156.819	156.857	156.809	156.85	407	0	22
2025.11.24	23:15:00	156.85	156.883	156.836	156.883	140	0	21
2025.11.24	23:30:00	156.882	156.897	156.871	156.882	171	0	22
2025.11.24	23:45:00	156.881	156.911	156.863	156.866	944	0	23
2025.11.25	00:00:00	156.824	156.88	156.801	156.878	75	0	43
2025.11.25	00:15:00	156.88	156.886	156.853	156.854	94	0	42
2025.11.25	00:30:00	156.854	156.866	156.835	156.855	147	0	35
2025.11.25	00:45:00	156.851	156.859	156.795	156.854	250	0	21
2025.11.25	01:00:00	156.854	156.912	156.839	156.909	347	0	21
2025.11.25	01:15:00	156.91	156.915	156.885	156.913	314	0	23
2025.11.25	01:30:00	156.912	156.945	156.898	156.939	431	0	21
2025.11.25	01:45:00	156.938	156.938	156.882	156.896	513	0	21
2025.11.25	02:00:00	156.896	156.896	156.818	156.819	981	0	21
2025.11.25	02:15:00	156.819	156.952	156.807	156.945	874	0	21
2025.11.25	02:30:00	156.946	156.971	156.882	156.941	1148	0	21
2025.11.25	02:45:00	156.941	156.95	156.663	156.676	2160	0	21
2025.11.25	03:00:00	156.675	156.735	156.592	156.663	1925	0	21
2025.11.25	03:15:00	156.657	156.688	156.569	156.665	1237	0	21
2025.11.25	03:30:00	156.664	156.668	156.543	156.607	1101	0	21
2025.11.25	03:45:00	156.606	156.683	156.596	156.641	924	0	21
2025.11.25	04:00:00	156.641	156.679	156.598	156.628	1026	0	21
2025.11.25	04:15:00	156.628	156.642	156.596	156.63	731	0	21
2025.11.25	04:30:00	156.631	156.719	156.626	156.693	678	0	21
2025.11.25	04:45:00	156.695	156.699	156.635	156.663	631	0	21
2025.11.25	05:00:00	156.663	156.663	156.6	156.643	545	0	21
2025.11.25	05:15:00	156.642	156.701	156.637	156.69	758	0	21
2025.11.25	05:30:00	156.69	156.73	156.648	156.721	795	0	21
2025.11.25	05:45:00	156.722	156.771	156.72	156.765	879	0	21
2025.11.25	06:00:00	156.765	156.821	156.764	156.821	373	0	21
2025.11.25	06:15:00	156.82	156.838	156.787	156.797	291	0	21
2025.11.25	06:30:00	156.796	156.81	156.748	156.783	299	0	21
2025.11.25	06:45:00	156.783	156.799	156.769	156.792	174	0	21
2025.11.25	07:00:00	156.79	156.821	156.781	156.82	308	0	21
2025.11.25	07:15:00	156.82	156.833	156.707	156.71	276	0	21
2025.11.25	07:30:00	156.711	156.769	156.709	156.72	305	0	21
2025.11.25	07:45:00	156.719	156.733	156.684	156.722	661	0	21
2025.11.25	08:00:00	156.723	156.787	156.683	156.721	906	0	21
2025.11.25	08:15:00	156.722	156.762	156.72	156.728	726	0	21
2025.11.25	08:30:00	156.729	156.753	156.658	156.659	718	0	21
2025.11.25	08:45:00	156.66	156.734	156.658	156.669	696	0	21
2025.11.25	09:00:00	156.674	156.687	156.551	156.629	1098	0	21
2025.11.25	09:15:00	156.629	156.633	156.552	156.577	680	0	21
2025.11.25	09:30:00	156.578	156.594	156.512	156.544	1002	0	21
2025.11.25	09:45:00	156.546	156.664	156.514	156.605	1692	0	21
2025.11.25	10:00:00	156.61	156.692	156.554	156.581	1449	0	21
2025.11.25	10:15:00	156.582	156.679	156.555	156.608	1052	0	21
2025.11.25	10:30:00	156.607	156.63	156.492	156.5	956	0	21
2025.11.25	10:45:00	156.5	156.533	156.427	156.483	1496	0	21
2025.11.25	11:00:00	156.483	156.484	156.327	156.371	1289	0	21
2025.11.25	11:15:00	156.372	156.396	156.253	156.303	1169	0	21
2025.11.25	11:30:00	156.302	156.314	156.134	156.151	1324	0	21
2025.11.25	11:45:00	156.152	156.293	156.132	156.289	1301	0	21
2025.11.25	12:00:00	156.29	156.32	156.19	156.212	1111	0	21
2025.11.25	12:15:00	156.213	156.275	156.211	156.239	1012	0	21
2025.11.25	12:30:00	156.239	156.375	156.225	156.359	769	0	21
2025.11.25	12:45:00	156.36	156.388	156.321	156.337	682	0	21
2025.11.25	13:00:00	156.338	156.474	156.338	156.473	838	0	21
2025.11.25	13:15:00	156.472	156.481	156.443	156.458	662	0	21
2025.11.25	13:30:00	156.457	156.509	156.443	156.474	628	0	21
2025.11.25	13:45:00	156.473	156.493	156.416	156.431	639	0	21
2025.11.25	14:00:00	156.432	156.465	156.385	156.408	922	0	21
2025.11.25	14:15:00	156.408	156.444	156.372	156.38	917	0	21
2025.11.25	14:30:00	156.38	156.501	156.348	156.403	1401	0	21
2025.11.25	14:45:00	156.4	156.431	156.285	156.288	1927	0	21
2025.11.25	15:00:00	156.285	156.3	156.134	156.144	1835	0	21
2025.11.25	15:15:00	156.143	156.188	156.017	156.17	1829	0	21
2025.11.25	15:30:00	156.167	156.332	156.019	156.214	2688	0	21
2025.11.25	15:45:00	156.214	156.214	156.114	156.135	1600	0	21
2025.11.25	16:00:00	156.133	156.167	156.025	156.163	1517	0	21
2025.11.25	16:15:00	156.164	156.265	156.155	156.241	1660	0	21
2025.11.25	16:30:00	156.241	156.242	156.11	156.117	2609	0	21
2025.11.25	16:45:00	156.116	156.117	155.887	156.051	2826	0	21
2025.11.25	17:00:00	156.048	156.048	155.882	155.983	2570	0	21
2025.11.25	17:15:00	155.985	156.08	155.895	156.005	2780	0	21
2025.11.25	17:30:00	156.005	156.06	155.91	156.046	2109	0	21
2025.11.25	17:45:00	156.047	156.162	156.017	156.135	2536	0	21
2025.11.25	18:00:00	156.136	156.156	156.074	156.079	1659	0	21
2025.11.25	18:15:00	156.076	156.145	156.051	156.144	1133	0	21
2025.11.25	18:30:00	156.143	156.219	156.115	156.204	1098	0	21
2025.11.25	18:45:00	156.205	156.302	156.204	156.295	1055	0	21
2025.11.25	19:00:00	156.296	156.324	155.988	156.057	3052	0	21
2025.11.25	19:15:00	156.06	156.08	155.791	155.901	2254	0	21
2025.11.25	19:30:00	155.906	155.96	155.842	155.935	1384	0	21
2025.11.25	19:45:00	155.935	155.986	155.856	155.888	1135	0	21
2025.11.25	20:00:00	155.887	155.964	155.824	155.905	1745	0	21
2025.11.25	20:15:00	155.907	155.931	155.864	155.922	1376	0	21
2025.11.25	20:30:00	155.923	155.928	155.873	155.9	875	0	21
2025.11.25	20:45:00	155.899	155.927	155.883	155.902	702	0	21
2025.11.25	21:00:00	155.903	155.933	155.887	155.907	658	0	21
2025.11.25	21:15:00	155.908	155.948	155.905	155.937	663	0	21
2025.11.25	21:30:00	155.935	155.94	155.863	155.875	556	0	21
2025.11.25	21:45:00	155.876	155.901	155.796	155.817	720	0	21
2025.11.25	22:00:00	155.816	155.902	155.808	155.901	797	0	21
2025.11.25	22:15:00	155.9	156.073	155.896	156.07	1055	0	21
2025.11.25	22:30:00	156.071	156.132	156.066	156.115	874	0	21
2025.11.25	22:45:00	156.118	156.176	156.088	156.089	939	0	21
2025.11.25	23:00:00	156.088	156.104	156.049	156.077	503	0	21
2025.11.25	23:15:00	156.077	156.091	156.043	156.052	331	0	21
2025.11.25	23:30:00	156.053	156.074	156.03	156.066	276	0	22
2025.11.25	23:45:00	156.066	156.074	156.016	156.027	711	0	23
2025.11.26	00:00:00	155.901	155.992	155.897	155.938	66	0	90
2025.11.26	00:15:00	155.94	155.973	155.936	155.956	81	0	58
2025.11.26	00:30:00	155.956	156.097	155.953	155.971	160	0	70
2025.11.26	00:45:00	155.974	156.021	155.969	156.015	152	0	49
2025.11.26	01:00:00	156.013	156.108	155.999	156.103	642	0	21
2025.11.26	01:15:00	156.102	156.144	156.087	156.09	408	0	21
2025.11.26	01:30:00	156.093	156.141	156.089	156.128	500	0	21
2025.11.26	01:45:00	156.129	156.221	156.128	156.187	757	0	21
2025.11.26	02:00:00	156.187	156.198	156.094	156.166	1304	0	21
2025.11.26	02:15:00	156.166	156.249	156.132	156.156	882	0	21
2025.11.26	02:30:00	156.156	156.235	156.083	156.234	1420	0	21
2025.11.26	02:45:00	156.231	156.338	156.192	156.244	1860	0	21
2025.11.26	03:00:00	156.244	156.35	156.169	156.327	1528	0	21
2025.11.26	03:15:00	156.326	156.362	156.29	156.342	1202	0	21
2025.11.26	03:30:00	156.341	156.341	155.808	155.942	2942	0	21
2025.11.26	03:45:00	155.941	156.073	155.801	155.933	2176	0	21
2025.11.26	04:00:00	155.935	156.01	155.738	155.813	1964	0	21
2025.11.26	04:15:00	155.812	155.822	155.649	155.667	1964	0	21
2025.11.26	04:30:00	155.671	155.769	155.641	155.768	1733	0	21
2025.11.26	04:45:00	155.768	155.844	155.703	155.837	1710	0	21
2025.11.26	05:00:00	155.837	155.857	155.736	155.825	1368	0	21
2025.11.26	05:15:00	155.825	155.897	155.821	155.884	828	0	21
2025.11.26	05:30:00	155.885	155.885	155.75	155.855	1289	0	21
2025.11.26	05:45:00	155.856	155.895	155.834	155.869	883	0	21
2025.11.26	06:00:00	155.87	156.004	155.865	155.996	898	0	21
2025.11.26	06:15:00	155.996	156.102	155.989	156.101	900	0	21
2025.11.26	06:30:00	156.102	156.115	156.035	156.053	796	0	21
2025.11.26	06:45:00	156.052	156.075	156.017	156.027	841	0	21
2025.11.26	07:00:00	156.025	156.157	156.016	156.141	992	0	21
2025.11.26	07:15:00	156.141	156.173	156.065	156.095	823	0	21
2025.11.26	07:30:00	156.092	156.149	156.041	156.134	1226	0	21
2025.11.26	07:45:00	156.135	156.147	156.046	156.102	1429	0	21
2025.11.26	08:00:00	156.103	156.186	156.103	156.145	1179	0	21
2025.11.26	08:15:00	156.147	156.166	156.05	156.05	1394	0	21
2025.11.26	08:30:00	156.049	156.16	156.038	156.158	1042	0	21
2025.11.26	08:45:00	156.162	156.275	156.162	156.197	1202	0	21
2025.11.26	09:00:00	156.197	156.204	156.137	156.2	1503	0	21
2025.11.26	09:15:00	156.201	156.391	156.198	156.388	1157	0	21
2025.11.26	09:30:00	156.389	156.452	156.316	156.416	2034	0	21
2025.11.26	09:45:00	156.422	156.443	156.353	156.374	1676	0	21
2025.11.26	10:00:00	156.373	156.438	156.315	156.383	1779	0	21
2025.11.26	10:15:00	156.384	156.428	156.32	156.36	1631	0	21
2025.11.26	10:30:00	156.359	156.418	156.307	156.361	1416	0	21
2025.11.26	10:45:00	156.361	156.482	156.361	156.432	1275	0	21
2025.11.26	11:00:00	156.433	156.472	156.333	156.335	1242	0	21
2025.11.26	11:15:00	156.334	156.392	156.325	156.382	803	0	21
2025.11.26	11:30:00	156.384	156.472	156.334	156.37	909	0	21
2025.11.26	11:45:00	156.371	156.491	156.366	156.442	1141	0	21
2025.11.26	12:00:00	156.441	156.445	156.316	156.35	1292	0	21
2025.11.26	12:15:00	156.35	156.446	156.333	156.407	1031	0	21
2025.11.26	12:30:00	156.408	156.422	156.377	156.393	913	0	21
2025.11.26	12:45:00	156.396	156.5	156.393	156.466	1002	0	21
2025.11.26	13:00:00	156.467	156.532	156.42	156.53	970	0	21
2025.11.26	13:15:00	156.529	156.566	156.503	156.503	1159	0	21
2025.11.26	13:30:00	156.505	156.535	156.367	156.41	1211	0	21
2025.11.26	13:45:00	156.41	156.48	156.372	156.463	2022	0	21
2025.11.26	14:00:00	156.465	156.577	156.448	156.538	2668	0	21
2025.11.26	14:15:00	156.539	156.544	156.441	156.448	1281	0	21
2025.11.26	14:30:00	156.448	156.574	156.436	156.5	1245	0	21
2025.11.26	14:45:00	156.501	156.541	156.43	156.468	1529	0	21
2025.11.26	15:00:00	156.467	156.507	156.395	156.42	1419	0	21
2025.11.26	15:15:00	156.419	156.425	156.319	156.334	1585	0	21
2025.11.26	15:30:00	156.338	156.666	156.338	156.613	3114	0	21
2025.11.26	15:45:00	156.621	156.677	156.596	156.651	2458	0	21
2025.11.26	16:00:00	156.652	156.666	156.592	156.637	1707	0	21
2025.11.26	16:15:00	156.638	156.726	156.611	156.706	1342	0	21
2025.11.26	16:30:00	156.707	156.725	156.587	156.591	1500	0	21
2025.11.26	16:45:00	156.591	156.607	156.488	156.597	2143	0	21
2025.11.26	17:00:00	156.603	156.631	156.435	156.446	2043	0	21
2025.11.26	17:15:00	156.445	156.539	156.419	156.474	1658	0	21
2025.11.26	17:30:00	156.474	156.581	156.459	156.518	1477	0	21
2025.11.26	17:45:00	156.519	156.542	156.405	156.405	1906	0	21
2025.11.26	18:00:00	156.404	156.455	156.378	156.397	1461	0	21
2025.11.26	18:15:00	156.398	156.418	156.3	156.331	1148	0	21
2025.11.26	18:30:00	156.334	156.361	156.276	156.338	910	0	21
2025.11.26	18:45:00	156.341	156.435	156.332	156.373	940	0	21
2025.11.26	19:00:00	156.372	156.384	156.33	156.381	831	0	21
2025.11.26	19:15:00	156.38	156.443	156.379	156.43	657	0	21
2025.11.26	19:30:00	156.429	156.452	156.405	156.419	727	0	21
2025.11.26	19:45:00	156.418	156.427	156.381	156.395	719	0	21
2025.11.26	20:00:00	156.395	156.401	156.335	156.389	700	0	21
2025.11.26	20:15:00	156.389	156.421	156.382	156.412	688	0	22
2025.11.26	20:30:00	156.411	156.498	156.409	156.45	761	0	21
2025.11.26	20:45:00	156.449	156.482	156.443	156.453	761	0	21
2025.11.26	21:00:00	156.451	156.494	156.443	156.476	534	0	21
2025.11.26	21:15:00	156.476	156.482	156.455	156.469	452	0	21
2025.11.26	21:30:00	156.469	156.47	156.42	156.431	561	0	21
2025.11.26	21:45:00	156.43	156.456	156.418	156.446	560	0	21
2025.11.26	22:00:00	156.447	156.483	156.421	156.438	797	0	21
2025.11.26	22:15:00	156.439	156.446	156.41	156.44	689	0	21
2025.11.26	22:30:00	156.44	156.444	156.403	156.408	720	0	21
2025.11.26	22:45:00	156.41	156.442	156.396	156.439	761	0	21
2025.11.26	23:00:00	156.437	156.466	156.434	156.446	488	0	21
2025.11.26	23:15:00	156.447	156.468	156.436	156.436	257	0	21
2025.11.26	23:30:00	156.435	156.444	156.396	156.417	162	0	24
2025.11.26	23:45:00	156.417	156.457	156.407	156.442	480	0	25
2025.11.27	00:00:00	156.442	156.454	156.371	156.395	241	0	67
2025.11.27	00:15:00	156.395	156.436	156.391	156.417	346	0	52
2025.11.27	00:30:00	156.42	156.421	156.391	156.4	317	0	36
2025.11.27	00:45:00	156.4	156.403	156.38	156.399	124	0	44
2025.11.27	01:00:00	156.398	156.402	156.312	156.33	343	0	25
2025.11.27	01:15:00	156.33	156.335	156.276	156.279	260	0	21
2025.11.27	01:30:00	156.281	156.332	156.251	156.292	451	0	22
2025.11.27	01:45:00	156.291	156.291	156.206	156.208	614	0	21
2025.11.27	02:00:00	156.207	156.223	156.065	156.098	1036	0	21
2025.11.27	02:15:00	156.099	156.159	156.057	156.058	572	0	21
2025.11.27	02:30:00	156.059	156.106	156.035	156.102	652	0	21
2025.11.27	02:45:00	156.103	156.103	155.855	156.026	1759	0	21
2025.11.27	03:00:00	156.027	156.028	155.871	155.871	1543	0	21
2025.11.27	03:15:00	155.872	155.944	155.799	155.818	1249	0	21
2025.11.27	03:30:00	155.817	156.167	155.71	156.162	1898	0	21
2025.11.27	03:45:00	156.161	156.167	155.999	156.041	1497	0	21
2025.11.27	04:00:00	156.034	156.041	155.918	156.026	1111	0	21
2025.11.27	04:15:00	156.026	156.172	156.018	156.116	948	0	21
2025.11.27	04:30:00	156.116	156.173	156.07	156.075	611	0	21
2025.11.27	04:45:00	156.075	156.146	156.043	156.108	857	0	21
2025.11.27	05:00:00	156.108	156.144	156.072	156.096	654	0	21
2025.11.27	05:15:00	156.097	156.107	156.077	156.085	450	0	21
2025.11.27	05:30:00	156.085	156.099	156.03	156.045	480	0	21
2025.11.27	05:45:00	156.049	156.085	156.019	156.069	515	0	21
2025.11.27	06:00:00	156.07	156.09	156.037	156.053	500	0	21
2025.11.27	06:15:00	156.052	156.077	156.008	156.01	550	0	21
2025.11.27	06:30:00	156.008	156.041	155.928	156.015	532	0	21
2025.11.27	06:45:00	156.014	156.036	155.964	155.996	553	0	21
2025.11.27	07:00:00	155.996	156.002	155.874	155.875	754	0	21
2025.11.27	07:15:00	155.876	155.92	155.805	155.861	996	0	21
2025.11.27	07:30:00	155.862	155.937	155.804	155.928	938	0	21
2025.11.27	07:45:00	155.929	155.983	155.855	155.98	1216	0	21
2025.11.27	08:00:00	155.979	156.017	155.902	156.006	1104	0	21
2025.11.27	08:15:00	156.007	156.125	156.007	156.113	808	0	21
2025.11.27	08:30:00	156.113	156.195	156.099	156.17	832	0	21
2025.11.27	08:45:00	156.172	156.184	156.124	156.125	867	0	21
2025.11.27	09:00:00	156.126	156.216	156.12	156.198	782	0	21
2025.11.27	09:15:00	156.199	156.244	156.195	156.236	649	0	21
2025.11.27	09:30:00	156.235	156.266	156.183	156.264	456	0	21
2025.11.27	09:45:00	156.265	156.289	156.097	156.098	780	0	21
2025.11.27	10:00:00	156.097	156.2	156.069	156.198	1070	0	21
2025.11.27	10:15:00	156.199	156.293	156.188	156.205	884	0	21
2025.11.27	10:30:00	156.203	156.298	156.13	156.27	931	0	21
2025.11.27	10:45:00	156.269	156.354	156.268	156.309	1184	0	21
2025.11.27	11:00:00	156.31	156.375	156.31	156.326	1134	0	21
2025.11.27	11:15:00	156.325	156.393	156.306	156.384	756	0	21
2025.11.27	11:30:00	156.385	156.392	156.3	156.313	640	0	21
2025.11.27	11:45:00	156.313	156.38	156.311	156.346	539	0	21
2025.11.27	12:00:00	156.345	156.349	156.309	156.338	634	0	21
2025.11.27	12:15:00	156.337	156.343	156.247	156.279	475	0	21
2025.11.27	12:30:00	156.279	156.321	156.271	156.274	333	0	21
2025.11.27	12:45:00	156.274	156.307	156.259	156.273	452	0	21
2025.11.27	13:00:00	156.274	156.295	156.24	156.293	491	0	21
2025.11.27	13:15:00	156.292	156.299	156.256	156.263	549	0	21
2025.11.27	13:30:00	156.264	156.312	156.252	156.312	377	0	21
2025.11.27	13:45:00	156.311	156.339	156.294	156.3	438	0	21
2025.11.27	14:00:00	156.301	156.332	156.289	156.294	633	0	21
2025.11.27	14:15:00	156.293	156.306	156.255	156.288	374	0	21
2025.11.27	14:30:00	156.288	156.334	156.282	156.317	573	0	21
2025.11.27	14:45:00	156.317	156.378	156.317	156.365	840	0	21
2025.11.27	15:00:00	156.366	156.371	156.296	156.298	717	0	21
2025.11.27	15:15:00	156.297	156.31	156.254	156.258	398	0	21
2025.11.27	15:30:00	156.26	156.322	156.256	156.32	641	0	21
2025.11.27	15:45:00	156.319	156.321	156.234	156.254	740	0	21
2025.11.27	16:00:00	156.253	156.292	156.222	156.268	674	0	21
2025.11.27	16:15:00	156.268	156.333	156.264	156.325	807	0	21
2025.11.27	16:30:00	156.325	156.351	156.325	156.331	583	0	21
2025.11.27	16:45:00	156.33	156.33	156.304	156.316	531	0	21
2025.11.27	17:00:00	156.317	156.333	156.275	156.292	533	0	21
2025.11.27	17:15:00	156.292	156.293	156.253	156.259	473	0	21
2025.11.27	17:30:00	156.259	156.292	156.256	156.257	457	0	21
2025.11.27	17:45:00	156.256	156.307	156.24	156.295	891	0	21
2025.11.27	18:00:00	156.295	156.347	156.288	156.292	919	0	21
2025.11.27	18:15:00	156.291	156.306	156.248	156.263	927	0	22
2025.11.27	18:30:00	156.263	156.3	156.26	156.284	384	0	21
2025.11.27	18:45:00	156.283	156.295	156.254	156.267	240	0	22
2025.11.27	19:00:00	156.266	156.307	156.259	156.303	469	0	21
2025.11.27	19:15:00	156.304	156.338	156.3	156.321	291	0	22
2025.11.27	19:30:00	156.318	156.355	156.315	156.352	411	0	21
2025.11.27	19:45:00	156.353	156.356	156.317	156.318	212	0	21
2025.11.27	20:00:00	156.318	156.341	156.313	156.337	167	0	24
2025.11.27	20:15:00	156.338	156.353	156.337	156.353	197	0	23
2025.11.27	20:30:00	156.352	156.357	156.35	156.353	157	0	22
2025.11.27	20:45:00	156.352	156.353	156.338	156.349	188	0	23
2025.11.27	21:00:00	156.349	156.351	156.335	156.337	138	0	22
2025.11.27	21:15:00	156.338	156.342	156.335	156.337	129	0	21
2025.11.27	21:30:00	156.337	156.343	156.336	156.337	145	0	23
2025.11.27	21:45:00	156.339	156.339	156.311	156.324	391	0	22
2025.11.27	22:00:00	156.324	156.326	156.302	156.312	330	0	22
2025.11.27	22:15:00	156.313	156.313	156.305	156.311	236	0	25
2025.11.27	22:30:00	156.312	156.314	156.255	156.279	461	0	22
2025.11.27	22:45:00	156.28	156.311	156.273	156.304	529	0	23
2025.11.27	23:00:00	156.299	156.303	156.281	156.286	258	0	23
2025.11.27	23:15:00	156.287	156.287	156.252	156.277	151	0	24
2025.11.27	23:30:00	156.277	156.284	156.269	156.271	113	0	25
2025.11.27	23:45:00	156.272	156.291	156.254	156.254	209	0	28
2025.11.28	00:00:00	156.252	156.29	156.224	156.284	46	0	74
2025.11.28	00:15:00	156.286	156.303	156.284	156.295	129	0	55
2025.11.28	00:30:00	156.294	156.296	156.25	156.261	316	0	39
2025.11.28	00:45:00	156.262	156.273	156.248	156.257	171	0	48
2025.11.28	01:00:00	156.257	156.27	156.203	156.228	368	0	21
2025.11.28	01:15:00	156.227	156.238	156.211	156.226	217	0	23
2025.11.28	01:30:00	156.226	156.299	156.191	156.266	494	0	22
2025.11.28	01:45:00	156.267	156.296	156.259	156.277	221	0	23
2025.11.28	02:00:00	156.277	156.313	156.174	156.175	825	0	21
2025.11.28	02:15:00	156.173	156.322	156.163	156.312	1130	0	21
2025.11.28	02:30:00	156.311	156.366	156.238	156.363	1536	0	21
2025.11.28	02:45:00	156.362	156.57	156.361	156.434	2656	0	21
2025.11.28	03:00:00	156.433	156.435	156.309	156.386	1495	0	21
2025.11.28	03:15:00	156.387	156.426	156.334	156.38	1127	0	21
2025.11.28	03:30:00	156.38	156.447	156.359	156.385	873	0	21
2025.11.28	03:45:00	156.386	156.397	156.365	156.367	591	0	21
2025.11.28	04:00:00	156.366	156.371	156.311	156.315	749	0	21
2025.11.28	04:15:00	156.316	156.326	156.269	156.273	1259	0	21
2025.11.28	04:30:00	156.275	156.279	156.079	156.259	3119	0	21
2025.11.28	04:45:00	156.258	156.333	156.214	156.267	4668	0	21
2025.11.28	05:00:00	156.267	156.296	156.096	156.255	4428	0	24
2025.11.28	05:15:00	156.254	156.294	156.239	156.26	5124	0	23
2025.11.28	05:30:00	156.261	156.272	156.194	156.245	5772	0	21
2025.11.28	05:45:00	156.247	156.27	156.171	156.254	3683	0	25
2025.11.28	06:00:00	156.255	156.274	156.178	156.182	5060	0	24
2025.11.28	06:15:00	156.18	156.235	156.174	156.205	3588	0	24
2025.11.28	06:30:00	156.207	156.233	156.197	156.209	4676	0	24
2025.11.28	06:45:00	156.21	156.237	156.175	156.208	4144	0	23
2025.11.28	07:00:00	156.207	156.296	156.197	156.275	4605	0	21
2025.11.28	07:15:00	156.276	156.386	156.256	156.288	5474	0	21
2025.11.28	07:30:00	156.288	156.352	156.274	156.34	5641	0	21
2025.11.28	07:45:00	156.341	156.391	156.319	156.332	4398	0	24
2025.11.28	08:00:00	156.332	156.385	156.32	156.368	4589	0	23
2025.11.28	08:15:00	156.369	156.426	156.34	156.365	3924	0	21
2025.11.28	08:30:00	156.367	156.389	156.335	156.341	4207	0	23
2025.11.28	08:45:00	156.344	156.421	156.339	156.367	3886	0	21
2025.11.28	09:00:00	156.367	156.385	156.336	156.366	3718	0	23
2025.11.28	09:15:00	156.365	156.39	156.334	156.363	4186	0	21
2025.11.28	09:30:00	156.364	156.389	156.308	156.34	3534	0	21
2025.11.28	09:45:00	156.34	156.387	156.269	156.29	5350	0	21
2025.11.28	10:00:00	156.285	156.372	156.27	156.352	5152	0	21
2025.11.28	10:15:00	156.352	156.37	156.314	156.337	4090	0	21
2025.11.28	10:30:00	156.34	156.358	156.278	156.341	5917	0	21
2025.11.28	10:45:00	156.343	156.359	156.266	156.341	5406	0	21
2025.11.28	11:00:00	156.341	156.362	156.266	156.286	5342	0	21
2025.11.28	11:15:00	156.292	156.339	156.24	156.297	5288	0	21
2025.11.28	11:30:00	156.298	156.329	156.219	156.259	5206	0	21
2025.11.28	11:45:00	156.26	156.352	156.206	156.305	4751	0	26
2025.11.28	12:00:00	156.305	156.368	156.253	156.336	3594	0	21
2025.11.28	12:15:00	156.334	156.355	156.244	156.3	4682	0	21
2025.11.28	12:30:00	156.298	156.328	156.246	156.29	3906	0	26
2025.11.28	12:45:00	156.291	156.32	156.237	156.253	3845	0	21
2025.11.28	13:00:00	156.252	156.287	156.232	156.273	3712	0	21
2025.11.28	13:15:00	156.269	156.279	156.206	156.216	3389	0	23
2025.11.28	13:30:00	156.215	156.264	156.178	156.244	3846	0	21
2025.11.28	13:45:00	156.242	156.259	156.141	156.192	2960	0	21
2025.11.28	14:00:00	156.193	156.248	156.158	156.217	2709	0	21
2025.11.28	14:15:00	156.221	156.225	156.141	156.141	1375	0	21
2025.11.28	14:30:00	156.142	156.143	156.081	156.102	2323	0	21
2025.11.28	14:45:00	156.101	156.146	156.083	156.104	3287	0	21
2025.11.28	15:00:00	156.103	156.129	156.097	156.114	2820	0	21
2025.11.28	15:15:00	156.113	156.138	156.107	156.115	3181	0	21
2025.11.28	15:30:00	156.12	156.146	156.092	156.122	2896	0	21
2025.11.28	15:45:00	156.122	156.122	155.993	156.009	1859	0	21
2025.11.28	16:00:00	156.009	156.038	155.97	156.03	1743	0	21
2025.11.28	16:15:00	156.031	156.339	156.031	156.268	1338	0	21
2025.11.28	16:30:00	156.269	156.379	156.221	156.34	1507	0	21
2025.11.28	16:45:00	156.34	156.377	156.215	156.232	1408	0	21
2025.11.28	17:00:00	156.232	156.28	156.137	156.251	970	0	21
2025.11.28	17:15:00	156.252	156.299	156.22	156.226	1242	0	21
2025.11.28	17:30:00	156.225	156.295	156.2	156.234	2307	0	21
2025.11.28	17:45:00	156.233	156.329	155.986	156.023	3148	0	21
2025.11.28	18:00:00	156.022	156.145	155.983	156.143	2392	0	21
2025.11.28	18:15:00	156.143	156.182	156.106	156.155	1456	0	22
2025.11.28	18:30:00	156.155	156.184	156.116	156.123	1010	0	21
2025.11.28	18:45:00	156.123	156.191	156.123	156.165	763	0	21
2025.11.28	19:00:00	156.164	156.252	156.146	156.22	1100	0	21
2025.11.28	19:15:00	156.22	156.256	156.197	156.22	1042	0	21
2025.11.28	19:30:00	156.22	156.229	156.119	156.136	996	0	21
2025.11.28	19:45:00	156.136	156.208	156.136	156.198	1142	0	22
2025.11.28	20:00:00	156.202	156.226	156.141	156.155	965	0	21
2025.11.28	20:15:00	156.156	156.168	156.109	156.114	976	0	22
2025.11.28	20:30:00	156.114	156.18	156.072	156.173	1007	0	22
2025.11.28	20:45:00	156.172	156.173	156.114	156.124	710	0	22
2025.11.28	21:00:00	156.123	156.159	156.113	156.12	1257	0	21
2025.11.28	21:15:00	156.121	156.146	156.096	156.1	649	0	21
2025.11.28	21:30:00	156.099	156.104	156.063	156.076	484	0	21
2025.11.28	21:45:00	156.077	156.111	156.058	156.109	945	0	22
2025.11.28	22:00:00	156.108	156.111	156.073	156.078	865	0	21
2025.11.28	22:15:00	156.077	156.102	156.051	156.092	937	0	21
2025.11.28	22:30:00	156.092	156.101	156.067	156.084	660	0	21
2025.11.28	22:45:00	156.084	156.139	156.072	156.133	546	0	21
2025.11.28	23:00:00	156.135	156.154	156.11	156.121	842	0	21
2025.11.28	23:15:00	156.121	156.126	156.112	156.119	731	0	21
2025.11.28	23:30:00	156.119	156.127	156.096	156.097	383	0	23
2025.11.28	23:45:00	156.094	156.165	156.085	156.158	569	0	21
2025.12.01	00:00:00	156.043	156.108	156.043	156.104	91	0	51
2025.12.01	00:15:00	156.101	156.11	156.072	156.082	220	0	53
2025.12.01	00:30:00	156.081	156.094	156.039	156.076	312	0	37
2025.12.01	00:45:00	156.076	156.084	156.048	156.068	375	0	56
2025.12.01	01:00:00	156.06	156.107	156.007	156.04	711	0	21
2025.12.01	01:15:00	156.04	156.089	156.012	156.026	1297	0	23
2025.12.01	01:30:00	156.025	156.139	156.02	156.075	841	0	21
2025.12.01	01:45:00	156.076	156.085	155.892	155.896	995	0	21
2025.12.01	02:00:00	155.897	155.899	155.753	155.878	1863	0	21
2025.12.01	02:15:00	155.878	155.88	155.72	155.725	1616	0	21
2025.12.01	02:30:00	155.724	155.756	155.692	155.729	1249	0	21
2025.12.01	02:45:00	155.729	155.849	155.663	155.796	1910	0	21
2025.12.01	03:00:00	155.794	155.981	155.471	155.629	3344	0	21
2025.12.01	03:15:00	155.629	155.683	155.529	155.592	2348	0	21
2025.12.01	03:30:00	155.591	155.815	155.578	155.712	1817	0	21
2025.12.01	03:45:00	155.711	155.769	155.524	155.63	1255	0	21
2025.12.01	04:00:00	155.63	155.643	155.523	155.529	1461	0	21
2025.12.01	04:15:00	155.529	155.603	155.514	155.58	1151	0	21
2025.12.01	04:30:00	155.581	155.608	155.441	155.457	1224	0	21
2025.12.01	04:45:00	155.458	155.496	155.418	155.491	977	0	21
2025.12.01	05:00:00	155.49	155.586	155.455	155.463	785	0	21
2025.12.01	05:15:00	155.463	155.497	155.434	155.488	489	0	21
2025.12.01	05:30:00	155.487	155.5	155.425	155.429	509	0	21
2025.12.01	05:45:00	155.43	155.484	155.402	155.451	529	0	21
2025.12.01	06:00:00	155.452	155.468	155.416	155.436	497	0	21
2025.12.01	06:15:00	155.436	155.485	155.425	155.426	521	0	21
2025.12.01	06:30:00	155.425	155.512	155.385	155.512	553	0	21
2025.12.01	06:45:00	155.511	155.592	155.508	155.537	821	0	21
2025.12.01	07:00:00	155.536	155.574	155.454	155.456	969	0	21
2025.12.01	07:15:00	155.455	155.483	155.399	155.464	1055	0	21
2025.12.01	07:30:00	155.463	155.59	155.431	155.574	802	0	21
2025.12.01	07:45:00	155.573	155.607	155.527	155.58	866	0	21
2025.12.01	08:00:00	155.582	155.677	155.58	155.665	985	0	21
2025.12.01	08:15:00	155.664	155.681	155.609	155.632	702	0	21
2025.12.01	08:30:00	155.632	155.646	155.547	155.62	1055	0	21
2025.12.01	08:45:00	155.619	155.655	155.549	155.552	787	0	21
2025.12.01	09:00:00	155.543	155.616	155.509	155.564	1182	0	21
2025.12.01	09:15:00	155.563	155.566	155.386	155.394	1009	0	21
2025.12.01	09:30:00	155.393	155.429	155.305	155.309	1136	0	21
2025.12.01	09:45:00	155.308	155.38	155.295	155.349	1722	0	21
2025.12.01	10:00:00	155.349	155.426	155.295	155.334	1964	0	21
2025.12.01	10:15:00	155.333	155.36	155.248	155.306	1681	0	21
2025.12.01	10:30:00	155.307	155.549	155.303	155.545	1691	0	21
2025.12.01	10:45:00	155.544	155.549	155.456	155.473	2191	0	21
2025.12.01	11:00:00	155.473	155.474	155.402	155.408	1631	0	21
2025.12.01	11:15:00	155.408	155.522	155.337	155.338	1185	0	21
2025.12.01	11:30:00	155.338	155.376	155.32	155.322	1170	0	21
2025.12.01	11:45:00	155.321	155.324	155.25	155.276	1524	0	21
2025.12.01	12:00:00	155.276	155.295	155.22	155.247	1022	0	21
2025.12.01	12:15:00	155.247	155.248	155.15	155.163	861	0	21
2025.12.01	12:30:00	155.162	155.298	155.154	155.295	796	0	21
2025.12.01	12:45:00	155.295	155.297	155.196	155.243	1351	0	21
2025.12.01	13:00:00	155.244	155.327	155.231	155.323	1207	0	21
2025.12.01	13:15:00	155.323	155.331	155.184	155.198	1133	0	21
2025.12.01	13:30:00	155.2	155.201	155.123	155.13	958	0	21
2025.12.01	13:45:00	155.13	155.14	155.091	155.096	829	0	21
2025.12.01	14:00:00	155.096	155.14	155.044	155.057	1111	0	21
2025.12.01	14:15:00	155.057	155.063	154.992	154.997	1189	0	21
2025.12.01	14:30:00	154.996	155.026	154.894	154.923	1259	0	21
2025.12.01	14:45:00	154.922	154.922	154.752	154.78	1393	0	21
2025.12.01	15:00:00	154.779	154.825	154.688	154.81	2286	0	21
2025.12.01	15:15:00	154.808	154.84	154.746	154.76	1656	0	21
2025.12.01	15:30:00	154.759	154.866	154.654	154.671	1857	0	21
2025.12.01	15:45:00	154.671	154.886	154.67	154.832	1836	0	21
2025.12.01	16:00:00	154.833	155.001	154.825	154.966	1901	0	21
2025.12.01	16:15:00	154.966	154.978	154.873	154.931	1677	0	21
2025.12.01	16:30:00	154.93	155.002	154.894	154.93	2445	0	21
2025.12.01	16:45:00	154.93	155.052	154.93	154.984	2324	0	21
2025.12.01	17:00:00	154.982	155.133	154.85	155.119	2448	0	21
2025.12.01	17:15:00	155.116	155.132	155.035	155.037	1645	0	21
2025.12.01	17:30:00	155.035	155.187	155.031	155.121	2196	0	21
2025.12.01	17:45:00	155.121	155.145	155.032	155.087	2041	0	21
2025.12.01	18:00:00	155.087	155.176	155.085	155.156	2111	0	21
2025.12.01	18:15:00	155.156	155.28	155.142	155.264	1590	0	21
2025.12.01	18:30:00	155.265	155.294	155.242	155.251	1379	0	21
2025.12.01	18:45:00	155.251	155.303	155.242	155.274	1256	0	21
2025.12.01	19:00:00	155.275	155.341	155.25	155.324	1079	0	21
2025.12.01	19:15:00	155.325	155.355	155.299	155.299	1175	0	21
2025.12.01	19:30:00	155.298	155.305	155.273	155.295	759	0	21
2025.12.01	19:45:00	155.295	155.373	155.294	155.34	1169	0	21
2025.12.01	20:00:00	155.338	155.39	155.329	155.373	890	0	21
2025.12.01	20:15:00	155.371	155.444	155.362	155.435	645	0	21
2025.12.01	20:30:00	155.435	155.461	155.433	155.45	638	0	21
2025.12.01	20:45:00	155.452	155.488	155.446	155.482	687	0	21
2025.12.01	21:00:00	155.483	155.512	155.474	155.502	776	0	21
2025.12.01	21:15:00	155.503	155.51	155.471	155.48	658	0	21
2025.12.01	21:30:00	155.48	155.485	155.448	155.457	531	0	21
2025.12.01	21:45:00	155.458	155.5	155.438	155.47	700	0	21
2025.12.01	22:00:00	155.469	155.472	155.433	155.446	692	0	21
2025.12.01	22:15:00	155.446	155.491	155.444	155.489	489	0	21
2025.12.01	22:30:00	155.491	155.508	155.475	155.484	466	0	21
2025.12.01	22:45:00	155.485	155.507	155.425	155.435	529	0	21
2025.12.01	23:00:00	155.434	155.451	155.427	155.432	421	0	21
2025.12.01	23:15:00	155.433	155.459	155.427	155.444	289	0	21
2025.12.01	23:30:00	155.45	155.493	155.444	155.493	291	0	21
2025.12.01	23:45:00	155.493	155.5	155.417	155.418	694	0	21
2025.12.02	00:00:00	155.417	155.431	155.393	155.429	35	0	81
2025.12.02	00:15:00	155.429	155.452	155.427	155.447	94	0	42
2025.12.02	00:30:00	155.447	155.45	155.437	155.442	96	0	34
2025.12.02	00:45:00	155.443	155.443	155.403	155.417	291	0	34
2025.12.02	01:00:00	155.418	155.455	155.418	155.441	300	0	21
2025.12.02	01:15:00	155.442	155.486	155.439	155.456	357	0	22
2025.12.02	01:30:00	155.456	155.51	155.456	155.505	236	0	21
2025.12.02	01:45:00	155.507	155.563	155.504	155.551	486	0	21
2025.12.02	02:00:00	155.55	155.55	155.448	155.503	1208	0	21
2025.12.02	02:15:00	155.503	155.641	155.503	155.599	953	0	21
2025.12.02	02:30:00	155.6	155.624	155.549	155.62	930	0	21
2025.12.02	02:45:00	155.621	155.669	155.588	155.625	1445	0	21
2025.12.02	03:00:00	155.624	155.763	155.624	155.746	1746	0	21
2025.12.02	03:15:00	155.747	155.749	155.64	155.653	779	0	21
2025.12.02	03:30:00	155.654	155.654	155.591	155.614	829	0	21
2025.12.02	03:45:00	155.613	155.635	155.582	155.62	620	0	21
2025.12.02	04:00:00	155.62	155.624	155.579	155.587	548	0	21
2025.12.02	04:15:00	155.588	155.627	155.584	155.616	435	0	21
2025.12.02	04:30:00	155.615	155.681	155.614	155.68	391	0	21
2025.12.02	04:45:00	155.679	155.696	155.646	155.649	530	0	21
2025.12.02	05:00:00	155.648	155.709	155.646	155.659	522	0	21
2025.12.02	05:15:00	155.658	155.664	155.597	155.597	479	0	21
2025.12.02	05:30:00	155.596	155.617	155.585	155.612	620	0	21
2025.12.02	05:45:00	155.613	155.625	155.548	155.621	882	0	21
2025.12.02	06:00:00	155.621	155.626	155.54	155.578	473	0	21
2025.12.02	06:15:00	155.577	155.639	155.567	155.63	395	0	21
2025.12.02	06:30:00	155.629	155.655	155.601	155.609	409	0	21
2025.12.02	06:45:00	155.61	155.643	155.603	155.628	473	0	21
2025.12.02	07:00:00	155.631	155.723	155.621	155.71	755	0	21
2025.12.02	07:15:00	155.709	155.722	155.67	155.679	598	0	21
2025.12.02	07:30:00	155.678	155.697	155.621	155.627	526	0	21
2025.12.02	07:45:00	155.628	155.68	155.627	155.643	680	0	21
2025.12.02	08:00:00	155.642	155.751	155.628	155.749	991	0	21
2025.12.02	08:15:00	155.75	155.786	155.713	155.771	796	0	21
2025.12.02	08:30:00	155.77	155.799	155.731	155.778	942	0	21
2025.12.02	08:45:00	155.778	155.807	155.749	155.75	690	0	21
2025.12.02	09:00:00	155.749	155.795	155.728	155.783	1083	0	21
2025.12.02	09:15:00	155.782	155.826	155.759	155.788	961	0	21
2025.12.02	09:30:00	155.788	155.823	155.75	155.756	804	0	21
2025.12.02	09:45:00	155.756	155.77	155.704	155.756	1153	0	21
2025.12.02	10:00:00	155.757	155.831	155.755	155.816	1290	0	21
2025.12.02	10:15:00	155.816	155.939	155.809	155.939	1118	0	21
2025.12.02	10:30:00	155.94	155.968	155.88	155.937	1374	0	21
2025.12.02	10:45:00	155.938	155.994	155.914	155.983	987	0	21
2025.12.02	11:00:00	155.984	156.006	155.92	155.999	1274	0	21
2025.12.02	11:15:00	155.999	156.074	155.972	156.053	1119	0	21
2025.12.02	11:30:00	156.054	156.073	155.995	155.998	1124	0	21
2025.12.02	11:45:00	156.0	156.041	155.928	155.952	1177	0	21
2025.12.02	12:00:00	155.953	155.994	155.925	155.973	804	0	21
2025.12.02	12:15:00	155.972	156.056	155.954	156.038	974	0	21
2025.12.02	12:30:00	156.038	156.048	156.003	156.007	753	0	21
2025.12.02	12:45:00	156.005	156.037	155.992	156.024	715	0	21
2025.12.02	13:00:00	156.025	156.039	155.973	155.987	601	0	21
2025.12.02	13:15:00	155.987	155.991	155.928	155.951	602	0	21
2025.12.02	13:30:00	155.95	155.978	155.883	155.951	726	0	21
2025.12.02	13:45:00	155.952	155.977	155.904	155.914	770	0	21
2025.12.02	14:00:00	155.913	155.956	155.899	155.951	758	0	21
2025.12.02	14:15:00	155.951	156.007	155.946	155.968	961	0	21
2025.12.02	14:30:00	155.969	155.99	155.943	155.946	780	0	21
2025.12.02	14:45:00	155.945	156.019	155.925	155.999	859	0	21
2025.12.02	15:00:00	155.998	156.062	155.994	156.005	1001	0	21
2025.12.02	15:15:00	156.003	156.047	155.994	156.032	1173	0	21
2025.12.02	15:30:00	156.035	156.037	155.968	155.999	1088	0	21
2025.12.02	15:45:00	156.0	156.051	155.954	155.964	1195	0	21
2025.12.02	16:00:00	155.963	156.072	155.945	156.035	1571	0	21
2025.12.02	16:15:00	156.034	156.076	155.992	155.997	1027	0	21
2025.12.02	16:30:00	155.998	156.044	155.985	156.013	1641	0	21
2025.12.02	16:45:00	156.013	156.035	155.92	155.94	1738	0	21
2025.12.02	17:00:00	155.94	156.169	155.936	156.153	2160	0	21
2025.12.02	17:15:00	156.152	156.164	156.028	156.029	1919	0	21
2025.12.02	17:30:00	156.024	156.024	155.809	155.92	1799	0	21
2025.12.02	17:45:00	155.921	155.948	155.843	155.861	2189	0	21
2025.12.02	18:00:00	155.861	155.917	155.779	155.804	1942	0	21
2025.12.02	18:15:00	155.803	155.84	155.744	155.757	1524	0	21
2025.12.02	18:30:00	155.757	155.875	155.742	155.868	1355	0	21
2025.12.02	18:45:00	155.869	155.975	155.852	155.909	1669	0	21
2025.12.02	19:00:00	155.908	156.049	155.905	156.028	1363	0	21
2025.12.02	19:15:00	156.027	156.076	155.998	156.008	1179	0	21
2025.12.02	19:30:00	156.008	156.02	155.951	155.955	1235	0	21
2025.12.02	19:45:00	155.955	155.962	155.916	155.933	1329	0	21
2025.12.02	20:00:00	155.933	155.935	155.9	155.922	1308	0	21
2025.12.02	20:15:00	155.921	155.947	155.91	155.94	1124	0	21
2025.12.02	20:30:00	155.941	155.989	155.922	155.983	1046	0	21
2025.12.02	20:45:00	155.984	156.008	155.966	155.981	1047	0	21
2025.12.02	21:00:00	155.981	155.987	155.935	155.935	871	0	21
2025.12.02	21:15:00	155.936	155.938	155.882	155.891	730	0	21
2025.12.02	21:30:00	155.891	155.925	155.884	155.887	671	0	21
2025.12.02	21:45:00	155.888	155.929	155.833	155.885	1248	0	21
2025.12.02	22:00:00	155.884	155.885	155.816	155.849	1148	0	21
2025.12.02	22:15:00	155.85	155.881	155.846	155.876	755	0	21
2025.12.02	22:30:00	155.876	155.89	155.819	155.821	1038	0	21
2025.12.02	22:45:00	155.822	155.831	155.793	155.819	768	0	21
2025.12.02	23:00:00	155.817	155.879	155.816	155.869	446	0	21
2025.12.02	23:15:00	155.869	155.875	155.828	155.832	468	0	21
2025.12.02	23:30:00	155.831	155.89	155.831	155.869	282	0	21
2025.12.02	23:45:00	155.868	155.891	155.789	155.789	566	0	24
2025.12.03	00:00:00	155.788	155.788	155.743	155.765	49	0	164
2025.12.03	00:15:00	155.763	155.811	155.755	155.811	147	0	64
2025.12.03	00:30:00	155.814	155.855	155.814	155.842	113	0	51
2025.12.03	00:45:00	155.842	155.864	155.813	155.842	260	0	44
2025.12.03	01:00:00	155.843	155.892	155.813	155.832	211	0	21
2025.12.03	01:15:00	155.834	155.86	155.82	155.835	352	0	24
2025.12.03	01:30:00	155.835	155.835	155.788	155.801	391	0	21
2025.12.03	01:45:00	155.801	155.824	155.751	155.751	366	0	21
2025.12.03	02:00:00	155.752	155.773	155.657	155.715	1160	0	21
2025.12.03	02:15:00	155.715	155.716	155.648	155.694	576	0	21
2025.12.03	02:30:00	155.694	155.771	155.65	155.769	842	0	21
2025.12.03	02:45:00	155.769	155.805	155.719	155.769	1165	0	21
2025.12.03	03:00:00	155.77	155.781	155.656	155.656	906	0	21
2025.12.03	03:15:00	155.656	155.675	155.595	155.621	943	0	21
2025.12.03	03:30:00	155.621	155.669	155.608	155.61	700	0	21
2025.12.03	03:45:00	155.609	155.663	155.599	155.645	772	0	21
2025.12.03	04:00:00	155.646	155.726	155.64	155.72	540	0	21
2025.12.03	04:15:00	155.721	155.794	155.715	155.762	789	0	21
2025.12.03	04:30:00	155.761	155.77	155.729	155.753	348	0	21
2025.12.03	04:45:00	155.754	155.754	155.693	155.7	541	0	21
2025.12.03	05:00:00	155.699	155.717	155.678	155.709	392	0	21
2025.12.03	05:15:00	155.709	155.711	155.665	155.674	391	0	22
2025.12.03	05:30:00	155.674	155.71	155.674	155.677	486	0	21
2025.12.03	05:45:00	155.677	155.682	155.617	155.645	619	0	21
2025.12.03	06:00:00	155.644	155.735	155.643	155.718	460	0	21
2025.12.03	06:15:00	155.718	155.742	155.704	155.717	395	0	21
2025.12.03	06:30:00	155.716	155.717	155.668	155.681	449	0	21
2025.12.03	06:45:00	155.681	155.695	155.642	155.65	488	0	21
2025.12.03	07:00:00	155.65	155.663	155.617	155.632	419	0	21
2025.12.03	07:15:00	155.633	155.695	155.63	155.679	574	0	21
2025.12.03	07:30:00	155.678	155.685	155.644	155.655	430	0	21
2025.12.03	07:45:00	155.654	155.694	155.648	155.681	485	0	21
2025.12.03	08:00:00	155.681	155.681	155.614	155.621	599	0	21
2025.12.03	08:15:00	155.62	155.638	155.509	155.51	926	0	21
2025.12.03	08:30:00	155.511	155.58	155.499	155.566	1045	0	21
2025.12.03	08:45:00	155.565	155.622	155.552	155.598	655	0	21
2025.12.03	09:00:00	155.598	155.598	155.503	155.519	911	0	21
2025.12.03	09:15:00	155.52	155.635	155.515	155.633	521	0	21
2025.12.03	09:30:00	155.639	155.669	155.62	155.633	891	0	21
2025.12.03	09:45:00	155.633	155.698	155.633	155.675	1079	0	21
2025.12.03	10:00:00	155.674	155.731	155.66	155.682	1085	0	21
2025.12.03	10:15:00	155.68	155.745	155.67	155.691	840	0	21
2025.12.03	10:30:00	155.69	155.734	155.664	155.695	989	0	21
2025.12.03	10:45:00	155.69	155.741	155.652	155.664	853	0	21
2025.12.03	11:00:00	155.663	155.669	155.605	155.619	1014	0	21
2025.12.03	11:15:00	155.62	155.67	155.616	155.653	668	0	21
2025.12.03	11:30:00	155.652	155.667	155.517	155.535	1115	0	21
2025.12.03	11:45:00	155.536	155.611	155.534	155.611	799	0	21
2025.12.03	12:00:00	155.61	155.632	155.556	155.595	1106	0	21
2025.12.03	12:15:00	155.594	155.597	155.513	155.517	1344	0	21
2025.12.03	12:30:00	155.517	155.532	155.492	155.524	800	0	21
2025.12.03	12:45:00	155.523	155.561	155.496	155.516	1083	0	21
2025.12.03	13:00:00	155.515	155.516	155.435	155.475	997	0	21
2025.12.03	13:15:00	155.474	155.476	155.412	155.427	636	0	21
2025.12.03	13:30:00	155.426	155.465	155.4	155.425	658	0	21
2025.12.03	13:45:00	155.426	155.452	155.407	155.407	596	0	21
2025.12.03	14:00:00	155.406	155.406	155.349	155.372	953	0	21
2025.12.03	14:15:00	155.372	155.402	155.369	155.385	684	0	21
2025.12.03	14:30:00	155.385	155.421	155.351	155.386	723	0	21
2025.12.03	14:45:00	155.385	155.412	155.362	155.404	617	0	21
2025.12.03	15:00:00	155.404	155.435	155.318	155.37	1163	0	21
2025.12.03	15:15:00	155.369	155.441	155.192	155.44	2352	0	21
2025.12.03	15:30:00	155.441	155.514	155.352	155.358	2048	0	21
2025.12.03	15:45:00	155.358	155.491	155.352	155.478	1398	0	21
2025.12.03	16:00:00	155.478	155.497	155.268	155.337	2719	0	21
2025.12.03	16:15:00	155.338	155.508	155.338	155.508	1865	0	21
2025.12.03	16:30:00	155.509	155.51	155.344	155.415	2432	0	21
2025.12.03	16:45:00	155.415	155.443	155.339	155.375	2326	0	21
2025.12.03	17:00:00	155.335	155.588	155.288	155.389	3413	0	21
2025.12.03	17:15:00	155.39	155.427	155.223	155.258	2561	0	21
2025.12.03	17:30:00	155.257	155.43	155.207	155.379	2699	0	21
2025.12.03	17:45:00	155.38	155.392	155.2	155.207	2334	0	21
2025.12.03	18:00:00	155.206	155.236	155.09	155.091	1583	0	21
2025.12.03	18:15:00	155.091	155.127	155.001	155.012	1359	0	21
2025.12.03	18:30:00	155.012	155.12	155.001	155.046	1529	0	21
2025.12.03	18:45:00	155.047	155.169	155.03	155.158	1294	0	21
2025.12.03	19:00:00	155.157	155.202	155.102	155.127	1183	0	21
2025.12.03	19:15:00	155.128	155.165	155.076	155.164	997	0	21
2025.12.03	19:30:00	155.165	155.179	155.127	155.134	896	0	21
2025.12.03	19:45:00	155.135	155.164	155.089	155.115	1048	0	21
2025.12.03	20:00:00	155.114	155.124	155.063	155.074	895	0	21
2025.12.03	20:15:00	155.074	155.14	155.064	155.123	1027	0	21
2025.12.03	20:30:00	155.123	155.166	155.088	155.101	713	0	21
2025.12.03	20:45:00	155.101	155.15	155.08	155.113	830	0	21
2025.12.03	21:00:00	155.113	155.135	155.078	155.094	692	0	21
2025.12.03	21:15:00	155.095	155.107	155.068	155.105	851	0	21
2025.12.03	21:30:00	155.106	155.153	155.103	155.149	814	0	21
2025.12.03	21:45:00	155.148	155.151	155.1	155.138	846	0	21
2025.12.03	22:00:00	155.138	155.164	155.114	155.137	610	0	21
2025.12.03	22:15:00	155.137	155.177	155.136	155.172	402	0	21
2025.12.03	22:30:00	155.172	155.211	155.168	155.211	500	0	21
2025.12.03	22:45:00	155.21	155.238	155.198	155.227	521	0	21
2025.12.03	23:00:00	155.225	155.306	155.222	155.286	246	0	21
2025.12.03	23:15:00	155.284	155.284	155.236	155.267	255	0	21
2025.12.03	23:30:00	155.266	155.273	155.197	155.209	319	0	22
2025.12.03	23:45:00	155.209	155.232	155.195	155.199	450	0	25
2025.12.04	00:00:00	155.211	155.216	155.092	155.137	56	0	100
2025.12.04	00:15:00	155.137	155.175	155.135	155.153	87	0	50
2025.12.04	00:30:00	155.153	155.167	155.153	155.165	67	0	58
2025.12.04	00:45:00	155.164	155.186	155.102	155.112	561	0	42
2025.12.04	01:00:00	155.112	155.213	155.112	155.197	189	0	22
2025.12.04	01:15:00	155.198	155.231	155.195	155.198	244	0	23
2025.12.04	01:30:00	155.199	155.208	155.098	155.111	664	0	21
2025.12.04	01:45:00	155.111	155.125	155.073	155.101	684	0	21
2025.12.04	02:00:00	155.102	155.123	155.009	155.12	1119	0	21
2025.12.04	02:15:00	155.119	155.216	155.108	155.215	989	0	21
2025.12.04	02:30:00	155.22	155.227	155.164	155.175	1121	0	21
2025.12.04	02:45:00	155.173	155.238	155.107	155.108	1560	0	21
2025.12.04	03:00:00	155.107	155.196	155.089	155.131	1325	0	21
2025.12.04	03:15:00	155.131	155.334	155.131	155.295	1332	0	21
2025.12.04	03:30:00	155.294	155.398	155.268	155.282	1249	0	21
2025.12.04	03:45:00	155.283	155.287	155.229	155.25	819	0	21
2025.12.04	04:00:00	155.249	155.347	155.244	155.309	930	0	21
2025.12.04	04:15:00	155.308	155.378	155.305	155.366	846	0	21
2025.12.04	04:30:00	155.366	155.418	155.34	155.352	905	0	21
2025.12.04	04:45:00	155.351	155.413	155.327	155.401	662	0	21
2025.12.04	05:00:00	155.402	155.464	155.402	155.438	638	0	21
2025.12.04	05:15:00	155.438	155.52	155.437	155.514	898	0	21
2025.12.04	05:30:00	155.514	155.53	155.443	155.444	922	0	21
2025.12.04	05:45:00	155.444	155.444	155.374	155.379	729	0	21
2025.12.04	06:00:00	155.379	155.381	155.333	155.367	587	0	21
2025.12.04	06:15:00	155.368	155.38	155.331	155.331	446	0	21
2025.12.04	06:30:00	155.334	155.424	155.314	155.415	674	0	22
2025.12.04	06:45:00	155.416	155.456	155.414	155.451	538	0	21
2025.12.04	07:00:00	155.452	155.492	155.421	155.487	649	0	21
2025.12.04	07:15:00	155.488	155.494	155.461	155.474	580	0	21
2025.12.04	07:30:00	155.473	155.475	155.22	155.312	1937	0	21
2025.12.04	07:45:00	155.312	155.312	155.172	155.211	1683	0	21
2025.12.04	08:00:00	155.21	155.361	155.202	155.359	1165	0	21
2025.12.04	08:15:00	155.36	155.391	155.335	155.361	723	0	21
2025.12.04	08:30:00	155.362	155.439	155.339	155.355	755	0	21
2025.12.04	08:45:00	155.355	155.36	155.234	155.284	1106	0	21
2025.12.04	09:00:00	155.283	155.342	155.242	155.306	1726	0	21
2025.12.04	09:15:00	155.306	155.323	155.267	155.284	1003	0	21
2025.12.04	09:30:00	155.283	155.312	155.268	155.27	788	0	21
2025.12.04	09:45:00	155.271	155.285	155.195	155.232	1445	0	21
2025.12.04	10:00:00	155.233	155.241	154.867	154.95	2286	0	21
2025.12.04	10:15:00	154.947	154.999	154.761	154.805	2209	0	21
2025.12.04	10:30:00	154.804	154.934	154.794	154.916	1730	0	21
2025.12.04	10:45:00	154.915	154.982	154.857	154.976	1173	0	21
2025.12.04	11:00:00	154.978	155.045	154.897	154.947	1359	0	21
2025.12.04	11:15:00	154.947	154.951	154.866	154.869	973	0	21
2025.12.04	11:30:00	154.869	154.924	154.829	154.911	1273	0	21
2025.12.04	11:45:00	154.912	154.938	154.785	154.802	1256	0	21
2025.12.04	12:00:00	154.805	154.84	154.731	154.767	1602	0	21
2025.12.04	12:15:00	154.766	154.853	154.751	154.828	1067	0	21
2025.12.04	12:30:00	154.83	154.88	154.809	154.831	682	0	21
2025.12.04	12:45:00	154.828	154.829	154.729	154.741	852	0	21
2025.12.04	13:00:00	154.74	154.781	154.53	154.571	1547	0	21
2025.12.04	13:15:00	154.572	154.619	154.555	154.569	986	0	21
2025.12.04	13:30:00	154.569	154.603	154.541	154.6	935	0	21
2025.12.04	13:45:00	154.601	154.629	154.512	154.518	791	0	21
2025.12.04	14:00:00	154.517	154.604	154.497	154.53	989	0	21
2025.12.04	14:15:00	154.529	154.607	154.518	154.566	893	0	21
2025.12.04	14:30:00	154.567	154.683	154.567	154.682	1177	0	21
2025.12.04	14:45:00	154.68	154.769	154.641	154.658	1313	0	21
2025.12.04	15:00:00	154.659	154.795	154.65	154.785	1298	0	21
2025.12.04	15:15:00	154.784	154.848	154.781	154.802	1114	0	21
2025.12.04	15:30:00	154.804	155.043	154.786	154.84	2900	0	21
2025.12.04	15:45:00	154.839	154.858	154.765	154.791	2175	0	21
2025.12.04	16:00:00	154.792	154.792	154.699	154.709	1996	0	21
2025.12.04	16:15:00	154.71	154.733	154.551	154.593	1894	0	21
2025.12.04	16:30:00	154.592	154.766	154.564	154.746	2758	0	21
2025.12.04	16:45:00	154.744	154.846	154.727	154.749	2015	0	21
2025.12.04	17:00:00	154.753	154.885	154.712	154.792	2374	0	21
2025.12.04	17:15:00	154.791	154.793	154.646	154.662	1673	0	21
2025.12.04	17:30:00	154.659	154.685	154.552	154.553	1786	0	21
2025.12.04	17:45:00	154.552	154.66	154.546	154.625	1752	0	21
2025.12.04	18:00:00	154.623	154.747	154.622	154.731	1666	0	21
2025.12.04	18:15:00	154.73	154.752	154.675	154.747	1293	0	21
2025.12.04	18:30:00	154.746	154.885	154.746	154.874	1289	0	21
2025.12.04	18:45:00	154.874	154.907	154.847	154.895	1262	0	21
2025.12.04	19:00:00	154.895	154.954	154.882	154.931	1188	0	21
2025.12.04	19:15:00	154.931	154.952	154.878	154.883	813	0	21
2025.12.04	19:30:00	154.884	154.945	154.883	154.938	1000	0	21
2025.12.04	19:45:00	154.937	154.95	154.909	154.924	907	0	21
2025.12.04	20:00:00	154.925	154.978	154.923	154.951	1286	0	21
2025.12.04	20:15:00	154.951	154.951	154.884	154.909	739	0	21
2025.12.04	20:30:00	154.909	154.947	154.895	154.899	1180	0	21
2025.12.04	20:45:00	154.898	154.981	154.896	154.975	1081	0	21
2025.12.04	21:00:00	154.975	155.01	154.956	154.986	1176	0	21
2025.12.04	21:15:00	154.986	154.989	154.944	154.977	816	0	21
2025.12.04	21:30:00	154.978	154.989	154.969	154.979	1083	0	21
2025.12.04	21:45:00	154.979	155.029	154.972	155.007	977	0	21
2025.12.04	22:00:00	155.008	155.043	154.992	155.005	972	0	21
2025.12.04	22:15:00	155.004	155.025	154.985	155.024	1272	0	21
2025.12.04	22:30:00	155.024	155.07	155.012	155.061	1265	0	21
2025.12.04	22:45:00	155.061	155.12	155.058	155.093	749	0	21
2025.12.04	23:00:00	155.093	155.098	155.065	155.092	588	0	21
2025.12.04	23:15:00	155.092	155.125	155.09	155.112	334	0	21
2025.12.04	23:30:00	155.111	155.117	155.107	155.112	99	0	21
2025.12.04	23:45:00	155.109	155.13	155.064	155.064	595	0	24
2025.12.05	00:00:00	155.064	155.064	155.004	155.02	57	0	59
2025.12.05	00:15:00	155.03	155.047	154.964	154.965	121	0	48
2025.12.05	00:30:00	154.965	155.044	154.965	155.03	238	0	41
2025.12.05	00:45:00	155.024	155.042	155.023	155.026	115	0	39
2025.12.05	01:00:00	155.029	155.141	155.029	155.141	368	0	21
2025.12.05	01:15:00	155.14	155.149	155.117	155.119	544	0	24
2025.12.05	01:30:00	155.12	155.143	155.083	155.086	498	0	22
2025.12.05	01:45:00	155.085	155.151	155.085	155.121	701	0	21
2025.12.05	02:00:00	155.121	155.22	155.09	155.161	1357	0	21
2025.12.05	02:15:00	155.162	155.192	155.097	155.098	779	0	21
2025.12.05	02:30:00	155.099	155.174	155.076	155.118	907	0	21
2025.12.05	02:45:00	155.119	155.148	154.94	154.957	1446	0	21
2025.12.05	03:00:00	154.957	154.991	154.904	154.95	1183	0	21
2025.12.05	03:15:00	154.948	155.073	154.934	155.064	870	0	21
2025.12.05	03:30:00	155.065	155.089	154.995	155.0	817	0	21
2025.12.05	03:45:00	155.001	155.036	154.953	155.005	849	0	21
2025.12.05	04:00:00	155.004	155.052	154.995	155.04	748	0	21
2025.12.05	04:15:00	155.039	155.087	155.028	155.077	817	0	21
2025.12.05	04:30:00	155.078	155.078	155.011	155.054	488	0	21
2025.12.05	04:45:00	155.055	155.064	155.015	155.04	498	0	21
2025.12.05	05:00:00	155.041	155.054	155.028	155.042	351	0	21
2025.12.05	05:15:00	155.043	155.127	155.042	155.123	370	0	21
2025.12.05	05:30:00	155.124	155.147	155.095	155.111	485	0	21
2025.12.05	05:45:00	155.11	155.128	155.097	155.109	380	0	21
2025.12.05	06:00:00	155.108	155.113	155.043	155.051	747	0	21
2025.12.05	06:15:00	155.05	155.056	154.784	154.897	1130	0	21
2025.12.05	06:30:00	154.899	155.016	154.877	154.95	1435	0	21
2025.12.05	06:45:00	154.949	154.954	154.871	154.909	663	0	21
2025.12.05	07:00:00	154.91	154.91	154.828	154.87	833	0	21
2025.12.05	07:15:00	154.87	154.884	154.702	154.722	913	0	21
2025.12.05	07:30:00	154.722	154.723	154.543	154.631	1219	0	21
2025.12.05	07:45:00	154.63	154.638	154.533	154.589	1213	0	21
2025.12.05	08:00:00	154.588	154.667	154.574	154.661	838	0	21
2025.12.05	08:15:00	154.66	154.687	154.577	154.584	938	0	21
2025.12.05	08:30:00	154.584	154.622	154.447	154.515	1486	0	21
2025.12.05	08:45:00	154.516	154.594	154.514	154.557	1208	0	21
2025.12.05	09:00:00	154.555	154.638	154.478	154.505	1657	0	21
2025.12.05	09:15:00	154.506	154.602	154.382	154.405	1535	0	21
2025.12.05	09:30:00	154.404	154.512	154.332	154.506	1833	0	21
2025.12.05	09:45:00	154.505	154.639	154.502	154.618	1770	0	21
2025.12.05	10:00:00	154.619	154.826	154.595	154.789	2128	0	21
2025.12.05	10:15:00	154.789	154.795	154.704	154.761	1637	0	21
2025.12.05	10:30:00	154.763	154.824	154.746	154.759	1324	0	21
2025.12.05	10:45:00	154.76	154.882	154.759	154.845	1125	0	21
2025.12.05	11:00:00	154.844	154.935	154.821	154.908	873	0	21
2025.12.05	11:15:00	154.907	154.941	154.856	154.94	889	0	21
2025.12.05	11:30:00	154.94	154.943	154.902	154.933	749	0	21
2025.12.05	11:45:00	154.933	154.954	154.89	154.904	836	0	21
2025.12.05	12:00:00	154.905	155.053	154.878	155.053	1227	0	21
2025.12.05	12:15:00	155.052	155.087	155.034	155.082	1297	0	21
2025.12.05	12:30:00	155.082	155.129	155.042	155.066	910	0	21
2025.12.05	12:45:00	155.069	155.162	155.06	155.124	1101	0	21
2025.12.05	13:00:00	155.124	155.167	155.11	155.139	944	0	21
2025.12.05	13:15:00	155.14	155.162	155.104	155.158	999	0	21
2025.12.05	13:30:00	155.158	155.212	155.157	155.158	1098	0	21
2025.12.05	13:45:00	155.158	155.17	155.117	155.132	1014	0	21
2025.12.05	14:00:00	155.134	155.139	155.072	155.087	970	0	21
2025.12.05	14:15:00	155.087	155.251	155.073	155.182	1491	0	21
2025.12.05	14:30:00	155.183	155.208	155.12	155.172	1372	0	21
2025.12.05	14:45:00	155.172	155.207	155.138	155.16	1429	0	21
2025.12.05	15:00:00	155.164	155.233	155.136	155.205	1436	0	21
2025.12.05	15:15:00	155.206	155.248	155.124	155.151	1163	0	21
2025.12.05	15:30:00	155.15	155.239	155.094	155.168	1902	0	21
2025.12.05	15:45:00	155.167	155.187	155.113	155.185	1459	0	21
2025.12.05	16:00:00	155.184	155.185	155.103	155.132	1649	0	21
2025.12.05	16:15:00	155.133	155.187	155.107	155.187	1310	0	21
2025.12.05	16:30:00	155.186	155.271	155.137	155.177	2475	0	21
2025.12.05	16:45:00	155.178	155.22	155.12	155.208	1622	0	21
2025.12.05	17:00:00	155.207	155.345	155.147	155.174	2476	0	21
2025.12.05	17:15:00	155.174	155.215	155.105	155.148	1875	0	21
2025.12.05	17:30:00	155.149	155.196	155.106	155.158	1655	0	21
2025.12.05	17:45:00	155.159	155.306	155.138	155.242	2139	0	21
2025.12.05	18:00:00	155.243	155.436	155.196	155.43	1661	0	21
2025.12.05	18:15:00	155.429	155.482	155.386	155.403	1774	0	21
2025.12.05	18:30:00	155.404	155.428	155.28	155.289	1717	0	21
2025.12.05	18:45:00	155.29	155.319	155.245	155.288	1696	0	21
2025.12.05	19:00:00	155.289	155.307	155.255	155.264	1187	0	21
2025.12.05	19:15:00	155.264	155.327	155.248	155.306	848	0	21
2025.12.05	19:30:00	155.307	155.335	155.264	155.267	878	0	21
2025.12.05	19:45:00	155.267	155.3	155.255	155.275	828	0	21
2025.12.05	20:00:00	155.275	155.289	155.229	155.254	779	0	21
2025.12.05	20:15:00	155.253	155.309	155.247	155.292	550	0	21
2025.12.05	20:30:00	155.293	155.297	155.254	155.285	735	0	21
2025.12.05	20:45:00	155.286	155.291	155.257	155.271	557	0	21
2025.12.05	21:00:00	155.27	155.312	155.254	155.282	713	0	21
2025.12.05	21:15:00	155.281	155.305	155.255	155.257	788	0	21
2025.12.05	21:30:00	155.257	155.285	155.252	155.268	548	0	21
2025.12.05	21:45:00	155.269	155.311	155.265	155.281	661	0	21
2025.12.05	22:00:00	155.28	155.306	155.268	155.268	490	0	21
2025.12.05	22:15:00	155.269	155.301	155.258	155.29	371	0	21
2025.12.05	22:30:00	155.289	155.314	155.278	155.29	531	0	21
2025.12.05	22:45:00	155.292	155.313	155.283	155.291	641	0	21
2025.12.05	23:00:00	155.294	155.304	155.279	155.301	384	0	21
2025.12.05	23:15:00	155.3	155.316	155.282	155.303	419	0	21
2025.12.05	23:30:00	155.305	155.339	155.304	155.335	196	0	23
2025.12.05	23:45:00	155.337	155.356	155.299	155.341	423	0	27
2025.12.08	00:00:00	155.146	155.198	155.139	155.197	127	0	60
2025.12.08	00:15:00	155.198	155.2	155.173	155.2	29	0	60
2025.12.08	00:30:00	155.202	155.203	155.2	155.202	32	0	54
2025.12.08	00:45:00	155.194	155.213	155.192	155.202	99	0	49
2025.12.08	01:00:00	155.198	155.281	155.194	155.229	603	0	21
2025.12.08	01:15:00	155.23	155.27	155.221	155.261	1114	0	22
2025.12.08	01:30:00	155.268	155.307	155.228	155.293	895	0	21
2025.12.08	01:45:00	155.294	155.37	155.29	155.3	525	0	22
2025.12.08	02:00:00	155.3	155.313	155.129	155.22	1485	0	21
2025.12.08	02:15:00	155.217	155.251	155.145	155.172	813	0	21
2025.12.08	02:30:00	155.172	155.172	155.084	155.104	817	0	21
2025.12.08	02:45:00	155.102	155.18	155.05	155.06	1280	0	21
2025.12.08	03:00:00	155.059	155.137	155.009	155.02	1274	0	21
2025.12.08	03:15:00	155.02	155.042	154.962	155.025	1197	0	21
2025.12.08	03:30:00	155.026	155.027	154.921	154.923	1131	0	21
2025.12.08	03:45:00	154.921	154.979	154.9	154.907	1044	0	21
2025.12.08	04:00:00	154.904	154.988	154.888	154.965	718	0	21
2025.12.08	04:15:00	154.963	155.028	154.948	155.018	955	0	21
2025.12.08	04:30:00	155.018	155.057	154.994	155.0	670	0	21
2025.12.08	04:45:00	155.001	155.005	154.969	154.994	832	0	21
2025.12.08	05:00:00	154.994	155.026	154.963	155.015	526	0	21
2025.12.08	05:15:00	155.014	155.033	154.988	155.018	591	0	21
2025.12.08	05:30:00	155.017	155.072	155.011	155.072	592	0	21
2025.12.08	05:45:00	155.071	155.105	155.048	155.091	615	0	21
2025.12.08	06:00:00	155.093	155.111	155.046	155.094	643	0	21
2025.12.08	06:15:00	155.095	155.096	155.048	155.085	600	0	21
2025.12.08	06:30:00	155.086	155.094	155.048	155.063	634	0	22
2025.12.08	06:45:00	155.063	155.087	155.048	155.064	441	0	22
2025.12.08	07:00:00	155.063	155.133	155.057	155.129	575	0	21
2025.12.08	07:15:00	155.13	155.212	155.121	155.195	630	0	21
2025.12.08	07:30:00	155.195	155.209	155.169	155.172	662	0	21
2025.12.08	07:45:00	155.173	155.257	155.172	155.189	902	0	21
2025.12.08	08:00:00	155.19	155.192	155.093	155.11	1307	0	21
2025.12.08	08:15:00	155.111	155.277	155.108	155.254	811	0	21
2025.12.08	08:30:00	155.255	155.266	155.166	155.204	666	0	21
2025.12.08	08:45:00	155.203	155.257	155.198	155.218	761	0	21
2025.12.08	09:00:00	155.218	155.263	155.156	155.177	1096	0	21
2025.12.08	09:15:00	155.178	155.3	155.178	155.29	938	0	21
2025.12.08	09:30:00	155.291	155.293	155.205	155.247	1045	0	21
2025.12.08	09:45:00	155.247	155.342	155.244	155.341	882	0	21
2025.12.08	10:00:00	155.343	155.376	155.25	155.333	1348	0	21
2025.12.08	10:15:00	155.333	155.446	155.315	155.434	1714	0	21
2025.12.08	10:30:00	155.433	155.452	155.412	155.425	1069	0	21
2025.12.08	10:45:00	155.426	155.435	155.361	155.38	925	0	21
2025.12.08	11:00:00	155.38	155.51	155.38	155.469	1389	0	21
2025.12.08	11:15:00	155.468	155.532	155.43	155.43	1414	0	21
2025.12.08	11:30:00	155.428	155.448	155.399	155.413	982	0	21
2025.12.08	11:45:00	155.414	155.482	155.409	155.465	1204	0	21
2025.12.08	12:00:00	155.464	155.511	155.413	155.43	1269	0	21
2025.12.08	12:15:00	155.43	155.456	155.398	155.433	1132	0	21
2025.12.08	12:30:00	155.433	155.445	155.399	155.444	797	0	21
2025.12.08	12:45:00	155.443	155.519	155.438	155.501	860	0	22
2025.12.08	13:00:00	155.502	155.564	155.462	155.469	775	0	21
2025.12.08	13:15:00	155.469	155.533	155.467	155.516	959	0	21
2025.12.08	13:30:00	155.516	155.521	155.487	155.519	989	0	21
2025.12.08	13:45:00	155.518	155.579	155.501	155.575	1090	0	21
2025.12.08	14:00:00	155.576	155.643	155.532	155.587	1427	0	21
2025.12.08	14:15:00	155.588	155.631	155.577	155.604	846	0	21
2025.12.08	14:30:00	155.605	155.646	155.59	155.604	788	0	21
2025.12.08	14:45:00	155.607	155.627	155.532	155.549	1104	0	21
2025.12.08	15:00:00	155.547	155.583	155.49	155.494	1234	0	21
2025.12.08	15:15:00	155.495	155.535	155.463	155.504	1543	0	21
2025.12.08	15:30:00	155.501	155.63	155.496	155.604	1727	0	21
2025.12.08	15:45:00	155.604	155.65	155.562	155.616	1349	0	21
2025.12.08	16:00:00	155.616	155.63	155.533	155.537	1442	0	21
2025.12.08	16:15:00	155.537	155.566	155.381	155.479	2059	0	21
2025.12.08	16:30:00	155.479	155.727	155.471	155.687	2611	0	21
2025.12.08	16:45:00	155.688	155.867	155.683	155.814	2746	0	21
2025.12.08	17:00:00	155.814	155.88	155.809	155.877	1943	0	21
2025.12.08	17:15:00	155.878	155.906	155.744	155.804	2189	0	21
2025.12.08	17:30:00	155.804	155.968	155.785	155.963	1675	0	21
2025.12.08	17:45:00	155.964	155.973	155.844	155.847	1833	0	21
2025.12.08	18:00:00	155.846	155.878	155.817	155.842	1327	0	21
2025.12.08	18:15:00	155.843	155.942	155.821	155.935	1140	0	21
2025.12.08	18:30:00	155.934	155.945	155.856	155.891	1538	0	21
2025.12.08	18:45:00	155.892	155.909	155.853	155.886	928	0	21
2025.12.08	19:00:00	155.885	155.914	155.874	155.892	813	0	21
2025.12.08	19:15:00	155.891	155.891	155.789	155.809	1012	0	21
2025.12.08	19:30:00	155.81	155.841	155.775	155.79	1048	0	21
2025.12.08	19:45:00	155.789	155.791	155.715	155.739	1093	0	21
2025.12.08	20:00:00	155.738	155.755	155.711	155.751	756	0	21
2025.12.08	20:15:00	155.752	155.766	155.719	155.766	515	0	21
2025.12.08	20:30:00	155.764	155.773	155.715	155.721	562	0	21
2025.12.08	20:45:00	155.721	155.746	155.693	155.738	611	0	21
2025.12.08	21:00:00	155.739	155.766	155.725	155.752	468	0	21
2025.12.08	21:15:00	155.752	155.775	155.723	155.77	452	0	21
2025.12.08	21:30:00	155.77	155.836	155.77	155.809	655	0	21
2025.12.08	21:45:00	155.81	155.905	155.806	155.899	1128	0	21
2025.12.08	22:00:00	155.899	155.924	155.84	155.912	766	0	21
2025.12.08	22:15:00	155.913	155.924	155.873	155.879	426	0	21
2025.12.08	22:30:00	155.88	155.89	155.862	155.867	441	0	21
2025.12.08	22:45:00	155.87	155.924	155.87	155.921	575	0	21
2025.12.08	23:00:00	155.922	155.936	155.914	155.931	350	0	21
2025.12.08	23:15:00	155.93	155.948	155.914	155.941	449	0	21
2025.12.08	23:30:00	155.94	155.949	155.921	155.928	430	0	21
2025.12.08	23:45:00	155.927	155.933	155.896	155.905	553	0	21
2025.12.09	00:00:00	155.901	155.901	155.799	155.848	45	0	31
2025.12.09	00:15:00	155.85	155.861	155.849	155.854	62	0	59
2025.12.09	00:30:00	155.854	155.885	155.846	155.885	101	0	39
2025.12.09	00:45:00	155.885	155.919	155.873	155.898	93	0	28
2025.12.09	01:00:00	155.899	155.95	155.875	155.943	283	0	22
2025.12.09	01:15:00	155.944	155.965	155.881	155.886	292	0	22
2025.12.09	01:30:00	155.886	155.923	155.88	155.923	382	0	21
2025.12.09	01:45:00	155.926	155.926	155.827	155.834	495	0	21
2025.12.09	02:00:00	155.837	155.854	155.758	155.762	983	0	21
2025.12.09	02:15:00	155.763	155.876	155.763	155.853	583	0	21
2025.12.09	02:30:00	155.854	155.9	155.821	155.889	671	0	21
2025.12.09	02:45:00	155.888	156.01	155.85	155.999	1494	0	21
2025.12.09	03:00:00	155.999	156.025	155.89	155.923	1525	0	21
2025.12.09	03:15:00	155.925	155.94	155.862	155.869	748	0	21
2025.12.09	03:30:00	155.869	155.889	155.818	155.842	783	0	21
2025.12.09	03:45:00	155.841	155.856	155.756	155.785	608	0	21
2025.12.09	04:00:00	155.786	155.82	155.732	155.817	569	0	21
2025.12.09	04:15:00	155.817	155.881	155.817	155.832	379	0	21
2025.12.09	04:30:00	155.831	155.886	155.816	155.884	543	0	21
2025.12.09	04:45:00	155.885	155.894	155.845	155.858	533	0	21
2025.12.09	05:00:00	155.857	155.878	155.844	155.862	398	0	21
2025.12.09	05:15:00	155.865	155.872	155.839	155.862	349	0	21
2025.12.09	05:30:00	155.862	155.862	155.8	155.829	625	0	21
2025.12.09	05:45:00	155.829	155.843	155.791	155.812	276	0	21
2025.12.09	06:00:00	155.812	155.858	155.799	155.856	452	0	21
2025.12.09	06:15:00	155.858	155.886	155.849	155.886	377	0	21
2025.12.09	06:30:00	155.885	155.96	155.885	155.954	561	0	21
2025.12.09	06:45:00	155.952	155.974	155.924	155.924	323	0	21
2025.12.09	07:00:00	155.923	156.099	155.919	156.021	883	0	21
2025.12.09	07:15:00	156.02	156.036	155.862	155.864	752	0	21
2025.12.09	07:30:00	155.863	155.943	155.849	155.929	458	0	21
2025.12.09	07:45:00	155.929	156.006	155.867	155.998	1845	0	21
2025.12.09	08:00:00	155.997	156.093	155.972	156.069	1221	0	21
2025.12.09	08:15:00	156.068	156.115	156.044	156.075	1070	0	21
2025.12.09	08:30:00	156.075	156.105	155.999	156.023	962	0	21
2025.12.09	08:45:00	156.024	156.033	155.95	155.995	989	0	21
2025.12.09	09:00:00	155.995	156.104	155.973	156.082	942	0	21
2025.12.09	09:15:00	156.081	156.152	156.073	156.098	1077	0	21
2025.12.09	09:30:00	156.097	156.134	156.024	156.116	963	0	21
2025.12.09	09:45:00	156.117	156.186	156.106	156.181	1193	0	21
2025.12.09	10:00:00	156.181	156.273	156.172	156.244	1889	0	21
2025.12.09	10:15:00	156.243	156.367	156.233	156.354	1342	0	21
2025.12.09	10:30:00	156.355	156.42	156.3	156.366	1570	0	21
2025.12.09	10:45:00	156.364	156.383	156.297	156.323	1094	0	21
2025.12.09	11:00:00	156.323	156.329	156.146	156.147	1815	0	21
2025.12.09	11:15:00	156.147	156.151	155.965	156.028	2141	0	21
2025.12.09	11:30:00	156.027	156.109	156.02	156.092	1223	0	21
2025.12.09	11:45:00	156.092	156.099	156.015	156.074	1271	0	21
2025.12.09	12:00:00	156.075	156.185	156.074	156.172	1397	0	21
2025.12.09	12:15:00	156.173	156.192	156.133	156.161	1202	0	21
2025.12.09	12:30:00	156.161	156.167	156.034	156.063	1563	0	21
2025.12.09	12:45:00	156.07	156.123	156.045	156.063	1303	0	21
2025.12.09	13:00:00	156.063	156.125	156.057	156.112	1032	0	21
2025.12.09	13:15:00	156.108	156.138	156.08	156.11	1148	0	21
2025.12.09	13:30:00	156.11	156.128	156.061	156.098	1166	0	21
2025.12.09	13:45:00	156.098	156.187	156.093	156.177	913	0	21
2025.12.09	14:00:00	156.177	156.275	156.176	156.272	1406	0	21
2025.12.09	14:15:00	156.271	156.283	156.241	156.269	756	0	21
2025.12.09	14:30:00	156.27	156.312	156.24	156.305	886	0	21
2025.12.09	14:45:00	156.305	156.346	156.245	156.344	1704	0	21
2025.12.09	15:00:00	156.345	156.394	156.298	156.365	1290	0	21
2025.12.09	15:15:00	156.364	156.473	156.338	156.468	1523	0	21
2025.12.09	15:30:00	156.468	156.503	156.358	156.366	1632	0	21
2025.12.09	15:45:00	156.361	156.391	156.274	156.332	1765	0	21
2025.12.09	16:00:00	156.331	156.423	156.302	156.4	1700	0	21
2025.12.09	16:15:00	156.401	156.522	156.395	156.456	1750	0	21
2025.12.09	16:30:00	156.456	156.522	156.374	156.446	2786	0	21
2025.12.09	16:45:00	156.446	156.498	156.389	156.394	1748	0	21
2025.12.09	17:00:00	156.391	156.847	156.385	156.792	3409	0	21
2025.12.09	17:15:00	156.792	156.807	156.605	156.609	2366	0	21
2025.12.09	17:30:00	156.61	156.843	156.559	156.814	2114	0	21
2025.12.09	17:45:00	156.814	156.905	156.781	156.856	1897	0	21
2025.12.09	18:00:00	156.855	156.909	156.798	156.869	1510	0	21
2025.12.09	18:15:00	156.869	156.904	156.812	156.897	1416	0	21
2025.12.09	18:30:00	156.898	156.906	156.87	156.873	1577	0	21
2025.12.09	18:45:00	156.873	156.876	156.832	156.847	1156	0	21
2025.12.09	19:00:00	156.846	156.906	156.819	156.898	783	0	21
2025.12.09	19:15:00	156.897	156.902	156.84	156.89	1012	0	21
2025.12.09	19:30:00	156.89	156.909	156.869	156.869	896	0	21
2025.12.09	19:45:00	156.869	156.914	156.864	156.906	725	0	21
2025.12.09	20:00:00	156.908	156.911	156.868	156.896	685	0	21
2025.12.09	20:15:00	156.895	156.914	156.867	156.879	431	0	21
2025.12.09	20:30:00	156.877	156.915	156.874	156.904	495	0	21
2025.12.09	20:45:00	156.905	156.912	156.883	156.885	475	0	21
2025.12.09	21:00:00	156.885	156.943	156.876	156.93	590	0	21
2025.12.09	21:15:00	156.931	156.936	156.871	156.873	534	0	21
2025.12.09	21:30:00	156.872	156.881	156.83	156.851	649	0	21
2025.12.09	21:45:00	156.851	156.868	156.797	156.824	721	0	21
2025.12.09	22:00:00	156.824	156.836	156.809	156.821	603	0	21
2025.12.09	22:15:00	156.821	156.873	156.821	156.864	257	0	21
2025.12.09	22:30:00	156.868	156.909	156.866	156.907	251	0	21
2025.12.09	22:45:00	156.908	156.912	156.857	156.888	495	0	21
2025.12.09	23:00:00	156.891	156.925	156.884	156.896	221	0	21
2025.12.09	23:15:00	156.896	156.927	156.895	156.922	243	0	21
2025.12.09	23:30:00	156.921	156.93	156.904	156.915	491	0	21
2025.12.09	23:45:00	156.915	156.915	156.84	156.84	549	0	23
2025.12.10	00:00:00	156.842	156.842	156.657	156.789	57	0	73
2025.12.10	00:15:00	156.789	156.864	156.771	156.833	254	0	53
2025.12.10	00:30:00	156.831	156.9	156.831	156.855	159	0	45
2025.12.10	00:45:00	156.856	156.866	156.804	156.823	244	0	39
2025.12.10	01:00:00	156.818	156.9	156.787	156.841	345	0	22
2025.12.10	01:15:00	156.841	156.852	156.831	156.841	307	0	25
2025.12.10	01:30:00	156.841	156.865	156.826	156.833	258	0	23
2025.12.10	01:45:00	156.832	156.854	156.793	156.793	367	0	21
2025.12.10	02:00:00	156.792	156.858	156.763	156.808	852	0	21
2025.12.10	02:15:00	156.808	156.924	156.783	156.923	803	0	21
2025.12.10	02:30:00	156.921	156.921	156.809	156.83	770	0	21
2025.12.10	02:45:00	156.831	156.884	156.691	156.704	1426	0	21
2025.12.10	03:00:00	156.704	156.737	156.659	156.73	1157	0	21
2025.12.10	03:15:00	156.73	156.736	156.659	156.72	775	0	21
2025.12.10	03:30:00	156.719	156.759	156.698	156.726	913	0	21
2025.12.10	03:45:00	156.726	156.744	156.662	156.696	966	0	21
2025.12.10	04:00:00	156.697	156.698	156.624	156.632	620	0	21
2025.12.10	04:15:00	156.633	156.677	156.62	156.67	438	0	21
2025.12.10	04:30:00	156.67	156.671	156.633	156.649	344	0	22
2025.12.10	04:45:00	156.649	156.713	156.638	156.644	495	0	21
2025.12.10	05:00:00	156.644	156.671	156.633	156.643	462	0	21
2025.12.10	05:15:00	156.644	156.651	156.582	156.609	553	0	21
2025.12.10	05:30:00	156.608	156.617	156.547	156.57	483	0	21
2025.12.10	05:45:00	156.571	156.586	156.55	156.579	458	0	21
2025.12.10	06:00:00	156.579	156.613	156.576	156.596	303	0	21
2025.12.10	06:15:00	156.596	156.651	156.583	156.633	238	0	21
2025.12.10	06:30:00	156.633	156.652	156.606	156.608	227	0	21
2025.12.10	06:45:00	156.607	156.617	156.57	156.614	316	0	21
2025.12.10	07:00:00	156.615	156.62	156.595	156.602	344	0	21
2025.12.10	07:15:00	156.6	156.657	156.584	156.649	542	0	21
2025.12.10	07:30:00	156.648	156.658	156.608	156.635	518	0	21
2025.12.10	07:45:00	156.635	156.709	156.635	156.694	591	0	21
2025.12.10	08:00:00	156.694	156.728	156.681	156.69	515	0	21
2025.12.10	08:15:00	156.69	156.744	156.684	156.72	466	0	21
2025.12.10	08:30:00	156.721	156.754	156.685	156.723	425	0	21
2025.12.10	08:45:00	156.723	156.738	156.649	156.66	549	0	21
2025.12.10	09:00:00	156.66	156.687	156.64	156.649	677	0	21
2025.12.10	09:15:00	156.649	156.685	156.634	156.673	496	0	21
2025.12.10	09:30:00	156.674	156.741	156.671	156.707	495	0	21
2025.12.10	09:45:00	156.701	156.724	156.625	156.642	1433	0	21
2025.12.10	10:00:00	156.642	156.684	156.568	156.683	1091	0	21
2025.12.10	10:15:00	156.684	156.696	156.597	156.597	930	0	21
2025.12.10	10:30:00	156.598	156.648	156.588	156.633	907	0	21
2025.12.10	10:45:00	156.632	156.682	156.632	156.662	959	0	21
2025.12.10	11:00:00	156.663	156.752	156.663	156.746	938	0	21
2025.12.10	11:15:00	156.747	156.807	156.732	156.785	721	0	21
2025.12.10	11:30:00	156.786	156.845	156.777	156.81	725	0	21
2025.12.10	11:45:00	156.81	156.877	156.805	156.807	1162	0	21
2025.12.10	12:00:00	156.808	156.847	156.757	156.762	1046	0	21
2025.12.10	12:15:00	156.764	156.817	156.738	156.76	737	0	21
2025.12.10	12:30:00	156.76	156.773	156.727	156.74	1191	0	21
2025.12.10	12:45:00	156.742	156.772	156.732	156.758	1055	0	21
2025.12.10	13:00:00	156.758	156.76	156.678	156.746	1070	0	21
2025.12.10	13:15:00	156.745	156.751	156.695	156.697	752	0	21
2025.12.10	13:30:00	156.696	156.739	156.684	156.722	515	0	21
2025.12.10	13:45:00	156.722	156.766	156.698	156.699	486	0	21
2025.12.10	14:00:00	156.699	156.731	156.662	156.715	551	0	21
2025.12.10	14:15:00	156.715	156.745	156.699	156.716	415	0	21
2025.12.10	14:30:00	156.717	156.717	156.679	156.686	537	0	21
2025.12.10	14:45:00	156.688	156.711	156.673	156.704	654	0	21
2025.12.10	15:00:00	156.705	156.705	156.639	156.658	999	0	21
2025.12.10	15:15:00	156.657	156.707	156.609	156.651	1075	0	21
2025.12.10	15:30:00	156.651	156.651	156.571	156.589	1241	0	21
2025.12.10	15:45:00	156.589	156.605	156.54	156.541	1152	0	21
2025.12.10	16:00:00	156.54	156.582	156.49	156.54	1264	0	21
2025.12.10	16:15:00	156.539	156.617	156.538	156.604	1057	0	21
2025.12.10	16:30:00	156.603	156.611	156.535	156.582	1328	0	21
2025.12.10	16:45:00	156.58	156.59	156.428	156.488	1971	0	21
2025.12.10	17:00:00	156.487	156.487	156.341	156.404	1342	0	21
2025.12.10	17:15:00	156.404	156.461	156.376	156.428	1283	0	21
2025.12.10	17:30:00	156.429	156.472	156.372	156.449	1126	0	21
2025.12.10	17:45:00	156.448	156.522	156.427	156.467	1119	0	21
2025.12.10	18:00:00	156.47	156.478	156.407	156.418	1187	0	21
2025.12.10	18:15:00	156.421	156.453	156.328	156.351	1267	0	21
2025.12.10	18:30:00	156.351	156.361	156.314	156.331	983	0	21
2025.12.10	18:45:00	156.331	156.392	156.322	156.325	915	0	21
2025.12.10	19:00:00	156.325	156.386	156.305	156.307	876	0	21
2025.12.10	19:15:00	156.308	156.312	156.249	156.27	753	0	21
2025.12.10	19:30:00	156.269	156.307	156.255	156.296	591	0	21
2025.12.10	19:45:00	156.296	156.313	156.234	156.294	712	0	21
2025.12.10	20:00:00	156.296	156.341	156.285	156.337	545	0	21
2025.12.10	20:15:00	156.336	156.393	156.334	156.334	564	0	21
2025.12.10	20:30:00	156.334	156.467	156.33	156.435	757	0	21
2025.12.10	20:45:00	156.436	156.446	156.382	156.406	854	0	21
2025.12.10	21:00:00	156.391	156.432	156.089	156.33	3820	0	21
2025.12.10	21:15:00	156.329	156.479	156.255	156.436	2159	0	21
2025.12.10	21:30:00	156.436	156.665	156.13	156.631	4610	0	21
2025.12.10	21:45:00	156.632	156.652	156.194	156.248	3619	0	21
2025.12.10	22:00:00	156.249	156.297	155.783	155.798	3363	0	21
2025.12.10	22:15:00	155.799	156.003	155.791	155.897	2638	0	21
2025.12.10	22:30:00	155.897	156.021	155.844	155.938	1910	0	21
2025.12.10	22:45:00	155.939	155.949	155.88	155.921	1377	0	21
2025.12.10	23:00:00	155.92	155.976	155.917	155.967	620	0	21
2025.12.10	23:15:00	155.967	156.018	155.955	156.017	569	0	21
2025.12.10	23:30:00	156.026	156.079	156.025	156.055	405	0	21
2025.12.10	23:45:00	156.06	156.086	155.972	155.992	803	0	24
2025.12.11	00:00:00	155.851	155.986	155.832	155.983	84	0	52
2025.12.11	00:15:00	155.981	155.99	155.879	155.899	102	0	64
2025.12.11	00:30:00	155.899	155.946	155.899	155.945	89	0	49
2025.12.11	00:45:00	155.946	156.013	155.944	156.002	1175	0	38
2025.12.11	01:00:00	155.993	156.014	155.905	155.906	271	0	21
2025.12.11	01:15:00	155.906	155.906	155.746	155.799	561	0	21
2025.12.11	01:30:00	155.806	155.807	155.617	155.626	753	0	21
2025.12.11	01:45:00	155.626	155.791	155.624	155.739	789	0	21
2025.12.11	02:00:00	155.74	155.766	155.559	155.643	1644	0	21
2025.12.11	02:15:00	155.643	155.669	155.566	155.666	1009	0	21
2025.12.11	02:30:00	155.666	155.728	155.613	155.706	1002	0	21
2025.12.11	02:45:00	155.702	155.874	155.702	155.794	1680	0	21
2025.12.11	03:00:00	155.795	155.812	155.655	155.702	1541	0	21
2025.12.11	03:15:00	155.703	155.712	155.614	155.618	989	0	21
2025.12.11	03:30:00	155.617	155.686	155.559	155.681	1180	0	21
2025.12.11	03:45:00	155.68	155.731	155.641	155.708	943	0	21
2025.12.11	04:00:00	155.707	155.711	155.568	155.654	1093	0	21
2025.12.11	04:15:00	155.653	155.658	155.532	155.536	1066	0	21
2025.12.11	04:30:00	155.535	155.654	155.477	155.653	1311	0	21
2025.12.11	04:45:00	155.653	155.765	155.617	155.761	879	0	21
2025.12.11	05:00:00	155.762	155.765	155.637	155.645	1314	0	21
2025.12.11	05:15:00	155.65	155.755	155.626	155.751	958	0	21
2025.12.11	05:30:00	155.75	155.776	155.631	155.652	1096	0	21
2025.12.11	05:45:00	155.653	155.691	155.632	155.685	867	0	21
2025.12.11	06:00:00	155.686	155.728	155.607	155.713	757	0	21
2025.12.11	06:15:00	155.713	155.775	155.711	155.771	626	0	21
2025.12.11	06:30:00	155.77	155.792	155.722	155.785	498	0	21
2025.12.11	06:45:00	155.784	155.847	155.751	155.834	795	0	21
2025.12.11	07:00:00	155.833	155.911	155.824	155.896	711	0	21
2025.12.11	07:15:00	155.897	155.944	155.878	155.883	679	0	21
2025.12.11	07:30:00	155.884	155.955	155.884	155.94	578	0	21
2025.12.11	07:45:00	155.94	156.062	155.94	156.053	762	0	21
2025.12.11	08:00:00	156.05	156.1	156.017	156.048	883	0	21
2025.12.11	08:15:00	156.047	156.152	156.033	156.083	879	0	21
2025.12.11	08:30:00	156.086	156.105	156.025	156.031	673	0	21
2025.12.11	08:45:00	156.03	156.065	155.93	155.952	949	0	21
2025.12.11	09:00:00	155.953	156.042	155.921	155.928	1478	0	21
2025.12.11	09:15:00	155.931	155.953	155.892	155.91	955	0	21
2025.12.11	09:30:00	155.911	155.947	155.857	155.894	1017	0	21
2025.12.11	09:45:00	155.893	156.032	155.893	156.021	1054	0	21
2025.12.11	10:00:00	156.021	156.058	155.915	155.979	1573	0	21
2025.12.11	10:15:00	155.98	156.034	155.895	155.896	1559	0	21
2025.12.11	10:30:00	155.896	155.897	155.773	155.834	1364	0	21
2025.12.11	10:45:00	155.834	155.876	155.79	155.874	1169	0	21
2025.12.11	11:00:00	155.873	156.009	155.843	155.964	1696	0	21
2025.12.11	11:15:00	155.964	156.02	155.952	155.99	1315	0	21
2025.12.11	11:30:00	155.991	155.991	155.835	155.874	1199	0	21
2025.12.11	11:45:00	155.873	155.914	155.835	155.853	1234	0	21
2025.12.11	12:00:00	155.853	155.855	155.789	155.811	1214	0	21
2025.12.11	12:15:00	155.811	155.885	155.808	155.847	1220	0	21
2025.12.11	12:30:00	155.846	155.919	155.812	155.917	990	0	21
2025.12.11	12:45:00	155.918	155.937	155.844	155.855	1337	0	21
2025.12.11	13:00:00	155.854	155.87	155.771	155.773	1203	0	21
2025.12.11	13:15:00	155.772	155.799	155.746	155.753	1124	0	21
2025.12.11	13:30:00	155.753	155.821	155.748	155.753	796	0	21
2025.12.11	13:45:00	155.755	155.816	155.752	155.754	1461	0	21
2025.12.11	14:00:00	155.753	155.808	155.651	155.655	1490	0	21
2025.12.11	14:15:00	155.654	155.672	155.598	155.639	911	0	21
2025.12.11	14:30:00	155.638	155.677	155.518	155.522	956	0	21
2025.12.11	14:45:00	155.521	155.617	155.509	155.575	1373	0	21
2025.12.11	15:00:00	155.574	155.613	155.495	155.536	2094	0	21
2025.12.11	15:15:00	155.536	155.566	155.459	155.459	1630	0	21
2025.12.11	15:30:00	155.46	155.537	155.297	155.342	2884	0	21
2025.12.11	15:45:00	155.342	155.36	155.216	155.271	1838	0	21
2025.12.11	16:00:00	155.271	155.283	155.114	155.151	1919	0	21
2025.12.11	16:15:00	155.151	155.156	155.051	155.055	1337	0	21
2025.12.11	16:30:00	155.055	155.093	155.004	155.081	1928	0	21
2025.12.11	16:45:00	155.082	155.13	154.936	154.971	2211	0	21
2025.12.11	17:00:00	154.97	155.119	154.969	155.074	2168	0	21
2025.12.11	17:15:00	155.074	155.161	155.054	155.076	1657	0	21
2025.12.11	17:30:00	155.078	155.125	155.041	155.041	1695	0	21
2025.12.11	17:45:00	155.041	155.169	154.943	155.16	2434	0	21
2025.12.11	18:00:00	155.16	155.2	155.097	155.119	1542	0	21
2025.12.11	18:15:00	155.121	155.277	155.105	155.245	1809	0	21
2025.12.11	18:30:00	155.246	155.278	155.188	155.271	1508	0	21
2025.12.11	18:45:00	155.27	155.27	155.129	155.139	1649	0	21
2025.12.11	19:00:00	155.139	155.159	155.069	155.089	1312	0	21
2025.12.11	19:15:00	155.089	155.189	155.059	155.188	801	0	21
2025.12.11	19:30:00	155.188	155.279	155.188	155.266	972	0	21
2025.12.11	19:45:00	155.266	155.28	155.206	155.227	844	0	21
2025.12.11	20:00:00	155.227	155.276	155.201	155.24	1034	0	21
2025.12.11	20:15:00	155.239	155.352	155.224	155.336	1046	0	21
2025.12.11	20:30:00	155.337	155.402	155.33	155.372	1179	0	21
2025.12.11	20:45:00	155.371	155.375	155.325	155.35	770	0	21
2025.12.11	21:00:00	155.351	155.482	155.351	155.458	833	0	21
2025.12.11	21:15:00	155.459	155.493	155.433	155.437	659	0	21
2025.12.11	21:30:00	155.437	155.521	155.437	155.516	885	0	21
2025.12.11	21:45:00	155.517	155.589	155.479	155.582	897	0	21
2025.12.11	22:00:00	155.582	155.661	155.582	155.654	1251	0	21
2025.12.11	22:15:00	155.653	155.66	155.524	155.543	836	0	21
2025.12.11	22:30:00	155.543	155.567	155.498	155.533	952	0	21
2025.12.11	22:45:00	155.532	155.581	155.496	155.581	949	0	21
2025.12.11	23:00:00	155.581	155.613	155.546	155.557	484	0	21
2025.12.11	23:15:00	155.563	155.593	155.551	155.554	258	0	21
2025.12.11	23:30:00	155.554	155.591	155.543	155.546	204	0	21
2025.12.11	23:45:00	155.546	155.581	155.537	155.551	720	0	23
2025.12.12	00:00:00	155.551	155.569	155.507	155.517	237	0	37
2025.12.12	00:15:00	155.516	155.554	155.516	155.534	109	0	42
2025.12.12	00:30:00	155.534	155.54	155.513	155.516	86	0	53
2025.12.12	00:45:00	155.51	155.532	155.495	155.519	157	0	36
2025.12.12	01:00:00	155.515	155.539	155.435	155.524	341	0	21
2025.12.12	01:15:00	155.527	155.556	155.498	155.503	191	0	22
2025.12.12	01:30:00	155.504	155.606	155.504	155.577	736	0	21
2025.12.12	01:45:00	155.574	155.578	155.489	155.492	330	0	23
2025.12.12	02:00:00	155.493	155.583	155.446	155.536	1382	0	21
2025.12.12	02:15:00	155.536	155.666	155.521	155.65	1088	0	21
2025.12.12	02:30:00	155.647	155.715	155.627	155.67	1029	0	21
2025.12.12	02:45:00	155.67	155.71	155.592	155.685	1633	0	21
2025.12.12	03:00:00	155.686	155.76	155.618	155.638	1464	0	21
2025.12.12	03:15:00	155.638	155.651	155.57	155.578	937	0	21
2025.12.12	03:30:00	155.578	155.608	155.535	155.577	982	0	21
2025.12.12	03:45:00	155.578	155.699	155.569	155.657	786	0	21
2025.12.12	04:00:00	155.657	155.696	155.642	155.676	721	0	21
2025.12.12	04:15:00	155.676	155.735	155.667	155.705	630	0	21
2025.12.12	04:30:00	155.704	155.705	155.649	155.668	624	0	21
2025.12.12	04:45:00	155.67	155.72	155.66	155.665	616	0	21
2025.12.12	05:00:00	155.664	155.697	155.664	155.688	386	0	21
2025.12.12	05:15:00	155.689	155.699	155.621	155.65	347	0	23
2025.12.12	05:30:00	155.65	155.699	155.639	155.699	277	0	21
2025.12.12	05:45:00	155.705	155.714	155.674	155.7	245	0	21
2025.12.12	06:00:00	155.699	155.734	155.697	155.718	442	0	23
2025.12.12	06:15:00	155.718	155.753	155.699	155.699	425	0	21
2025.12.12	06:30:00	155.7	155.715	155.679	155.711	349	0	21
2025.12.12	06:45:00	155.711	155.742	155.699	155.733	302	0	22
2025.12.12	07:00:00	155.735	155.753	155.707	155.722	297	0	21
2025.12.12	07:15:00	155.722	155.759	155.709	155.749	194	0	21
2025.12.12	07:30:00	155.749	155.749	155.663	155.671	299	0	21
2025.12.12	07:45:00	155.672	155.732	155.67	155.73	385	0	21
2025.12.12	08:00:00	155.731	155.751	155.668	155.696	491	0	21
2025.12.12	08:15:00	155.696	155.788	155.696	155.784	476	0	21
2025.12.12	08:30:00	155.784	155.815	155.71	155.744	599	0	21
2025.12.12	08:45:00	155.747	155.772	155.643	155.644	649	0	21
2025.12.12	09:00:00	155.643	155.687	155.608	155.629	799	0	21
2025.12.12	09:15:00	155.629	155.715	155.554	155.653	761	0	21
2025.12.12	09:30:00	155.654	155.663	155.541	155.559	828	0	21
2025.12.12	09:45:00	155.56	155.644	155.529	155.636	861	0	21
2025.12.12	10:00:00	155.637	155.781	155.608	155.768	1620	0	21
2025.12.12	10:15:00	155.767	155.773	155.69	155.715	1531	0	21
2025.12.12	10:30:00	155.715	155.737	155.645	155.664	1170	0	21
2025.12.12	10:45:00	155.664	155.833	155.654	155.827	1373	0	21
2025.12.12	11:00:00	155.829	155.848	155.745	155.8	1379	0	21
2025.12.12	11:15:00	155.805	155.87	155.798	155.866	1113	0	21
2025.12.12	11:30:00	155.865	155.89	155.845	155.877	953	0	21
2025.12.12	11:45:00	155.879	155.9	155.845	155.876	1035	0	21
2025.12.12	12:00:00	155.877	155.923	155.838	155.888	814	0	21
2025.12.12	12:15:00	155.882	155.954	155.873	155.934	777	0	21
2025.12.12	12:30:00	155.937	155.953	155.898	155.923	670	0	21
2025.12.12	12:45:00	155.924	155.93	155.885	155.905	504	0	21
2025.12.12	13:00:00	155.905	155.94	155.905	155.928	437	0	21
2025.12.12	13:15:00	155.933	155.977	155.91	155.975	511	0	21
2025.12.12	13:30:00	155.975	155.984	155.939	155.948	561	0	21
2025.12.12	13:45:00	155.947	155.949	155.897	155.902	647	0	21
2025.12.12	14:00:00	155.902	155.978	155.761	155.969	1333	0	21
2025.12.12	14:15:00	155.968	155.975	155.91	155.935	824	0	21
2025.12.12	14:30:00	155.931	156.06	155.923	156.058	866	0	21
2025.12.12	14:45:00	156.057	156.116	156.022	156.025	1369	0	21
2025.12.12	15:00:00	156.025	156.037	155.944	155.973	1315	0	21
2025.12.12	15:15:00	155.975	155.988	155.915	155.937	1008	0	21
2025.12.12	15:30:00	155.936	155.964	155.89	155.915	955	0	21
2025.12.12	15:45:00	155.916	156.043	155.911	156.036	1038	0	21
2025.12.12	16:00:00	156.036	156.09	155.98	156.06	1398	0	21
2025.12.12	16:15:00	156.059	156.083	155.966	156.0	1369	0	21
2025.12.12	16:30:00	155.999	156.005	155.903	155.952	1796	0	21
2025.12.12	16:45:00	155.95	155.986	155.837	155.894	2046	0	21
2025.12.12	17:00:00	155.896	155.934	155.799	155.861	1957	0	21
2025.12.12	17:15:00	155.862	155.962	155.823	155.83	2163	0	21
2025.12.12	17:30:00	155.83	156.042	155.816	156.042	2037	0	21
2025.12.12	17:45:00	156.043	156.051	155.859	155.874	2260	0	21
2025.12.12	18:00:00	155.875	155.875	155.716	155.729	2551	0	21
2025.12.12	18:15:00	155.728	155.777	155.663	155.755	1489	0	21
2025.12.12	18:30:00	155.755	155.866	155.719	155.866	1428	0	21
2025.12.12	18:45:00	155.865	155.871	155.776	155.804	1452	0	21
2025.12.12	19:00:00	155.803	155.892	155.793	155.875	981	0	21
2025.12.12	19:15:00	155.875	155.883	155.742	155.743	975	0	21
2025.12.12	19:30:00	155.744	155.823	155.74	155.754	969	0	21
2025.12.12	19:45:00	155.752	155.815	155.752	155.774	749	0	21
2025.12.12	20:00:00	155.773	155.804	155.746	155.758	1111	0	21
2025.12.12	20:15:00	155.758	155.782	155.718	155.718	854	0	21
2025.12.12	20:30:00	155.717	155.746	155.706	155.745	513	0	21
2025.12.12	20:45:00	155.746	155.783	155.74	155.772	602	0	21
2025.12.12	21:00:00	155.771	155.838	155.771	155.829	483	0	21
2025.12.12	21:15:00	155.823	155.914	155.817	155.906	481	0	21
2025.12.12	21:30:00	155.906	155.92	155.871	155.906	556	0	21
2025.12.12	21:45:00	155.905	155.928	155.877	155.888	696	0	21
2025.12.12	22:00:00	155.889	155.898	155.763	155.779	701	0	21
2025.12.12	22:15:00	155.779	155.819	155.777	155.806	507	0	21
2025.12.12	22:30:00	155.806	155.841	155.771	155.818	438	0	21
2025.12.12	22:45:00	155.818	155.893	155.816	155.867	1177	0	21
2025.12.12	23:00:00	155.868	155.88	155.791	155.807	368	0	21
2025.12.12	23:15:00	155.816	155.825	155.789	155.825	274	0	21
2025.12.12	23:30:00	155.827	155.851	155.793	155.816	216	0	21
2025.12.12	23:45:00	155.818	155.847	155.78	155.799	887	0	23
2025.12.15	00:00:00	155.743	155.851	155.743	155.851	20	0	83
2025.12.15	00:15:00	155.853	155.903	155.839	155.853	66	0	23
2025.12.15	00:30:00	155.837	155.853	155.758	155.758	121	0	43
2025.12.15	00:45:00	155.75	155.796	155.734	155.795	57	0	43
2025.12.15	01:00:00	155.795	155.815	155.75	155.777	460	0	21
2025.12.15	01:15:00	155.774	155.802	155.763	155.793	164	0	21
2025.12.15	01:30:00	155.796	155.81	155.777	155.791	132	0	21
2025.12.15	01:45:00	155.791	155.886	155.762	155.855	597	0	21
2025.12.15	02:00:00	155.855	155.968	155.853	155.953	830	0	21
2025.12.15	02:15:00	155.953	155.967	155.917	155.932	462	0	21
2025.12.15	02:30:00	155.932	155.965	155.894	155.945	787	0	21
2025.12.15	02:45:00	155.946	155.975	155.862	155.883	1351	0	21
2025.12.15	03:00:00	155.884	155.885	155.821	155.832	760	0	21
2025.12.15	03:15:00	155.832	155.863	155.783	155.794	745	0	21
2025.12.15	03:30:00	155.792	155.811	155.743	155.754	749	0	21
2025.12.15	03:45:00	155.755	155.758	155.593	155.6	983	0	21
2025.12.15	04:00:00	155.599	155.638	155.56	155.566	924	0	21
2025.12.15	04:15:00	155.566	155.579	155.49	155.512	1045	0	21
2025.12.15	04:30:00	155.513	155.555	155.372	155.394	1362	0	21
2025.12.15	04:45:00	155.393	155.433	155.347	155.419	1078	0	21
2025.12.15	05:00:00	155.419	155.42	155.292	155.367	698	0	21
2025.12.15	05:15:00	155.369	155.416	155.324	155.399	687	0	21
2025.12.15	05:30:00	155.4	155.41	155.337	155.345	661	0	21
2025.12.15	05:45:00	155.348	155.464	155.348	155.411	728	0	21
2025.12.15	06:00:00	155.41	155.411	155.31	155.326	806	0	21
2025.12.15	06:15:00	155.327	155.343	155.23	155.263	628	0	21
2025.12.15	06:30:00	155.262	155.265	155.173	155.195	603	0	21
2025.12.15	06:45:00	155.194	155.247	155.174	155.244	578	0	21
2025.12.15	07:00:00	155.244	155.244	155.181	155.211	466	0	21
2025.12.15	07:15:00	155.21	155.231	155.143	155.147	600	0	21
2025.12.15	07:30:00	155.146	155.149	155.061	155.077	938	0	21
2025.12.15	07:45:00	155.078	155.101	155.022	155.023	688	0	21
2025.12.15	08:00:00	155.024	155.113	155.012	155.085	979	0	21
2025.12.15	08:15:00	155.084	155.103	154.974	154.979	927	0	21
2025.12.15	08:30:00	154.978	155.125	154.939	155.105	962	0	21
2025.12.15	08:45:00	155.104	155.147	155.032	155.079	867	0	21
2025.12.15	09:00:00	155.082	155.174	155.061	155.172	1219	0	21
2025.12.15	09:15:00	155.171	155.204	155.111	155.191	1022	0	21
2025.12.15	09:30:00	155.192	155.256	155.141	155.254	913	0	21
2025.12.15	09:45:00	155.255	155.283	155.199	155.251	1148	0	21
2025.12.15	10:00:00	155.254	155.275	155.121	155.132	1498	0	21
2025.12.15	10:15:00	155.133	155.207	155.105	155.179	1112	0	21
2025.12.15	10:30:00	155.179	155.18	155.092	155.14	785	0	21
2025.12.15	10:45:00	155.141	155.176	155.103	155.174	1281	0	21
2025.12.15	11:00:00	155.175	155.19	154.954	154.973	1287	0	21
2025.12.15	11:15:00	154.972	155.039	154.956	154.987	1227	0	21
2025.12.15	11:30:00	154.986	155.017	154.929	154.974	1295	0	21
2025.12.15	11:45:00	154.97	155.009	154.941	154.955	849	0	21
2025.12.15	12:00:00	154.956	155.066	154.949	155.065	704	0	21
2025.12.15	12:15:00	155.066	155.099	155.038	155.095	815	0	21
2025.12.15	12:30:00	155.095	155.141	155.082	155.127	880	0	21
2025.12.15	12:45:00	155.129	155.136	155.056	155.071	709	0	21
2025.12.15	13:00:00	155.07	155.09	155.038	155.039	539	0	21
2025.12.15	13:15:00	155.039	155.04	154.992	154.996	558	0	21
2025.12.15	13:30:00	154.996	155.013	154.941	154.973	665	0	21
2025.12.15	13:45:00	154.973	154.987	154.842	154.912	932	0	21
2025.12.15	14:00:00	154.912	155.002	154.88	155.0	1029	0	21
2025.12.15	14:15:00	154.999	155.033	154.964	155.015	769	0	21
2025.12.15	14:30:00	155.014	155.053	154.965	155.053	634	0	21
2025.12.15	14:45:00	155.052	155.083	154.956	155.066	1112	0	21
2025.12.15	15:00:00	155.067	155.125	155.034	155.059	862	0	21
2025.12.15	15:15:00	155.062	155.091	155.038	155.065	748	0	21
2025.12.15	15:30:00	155.065	155.083	154.955	155.054	1222	0	21
2025.12.15	15:45:00	155.053	155.147	155.034	155.147	1309	0	21
2025.12.15	16:00:00	155.156	155.214	155.099	155.138	1515	0	21
2025.12.15	16:15:00	155.137	155.177	155.04	155.046	1222	0	21
2025.12.15	16:30:00	155.048	155.061	154.884	154.889	1989	0	21
2025.12.15	16:45:00	154.889	154.926	154.842	154.902	2281	0	21
2025.12.15	17:00:00	154.902	154.984	154.841	154.956	2031	0	21
2025.12.15	17:15:00	154.954	155.075	154.826	155.006	2556	0	21
2025.12.15	17:30:00	155.007	155.04	154.862	154.913	1782	0	21
2025.12.15	17:45:00	154.912	155.148	154.911	155.146	2003	0	21
2025.12.15	18:00:00	155.146	155.19	155.139	155.159	1472	0	21
2025.12.15	18:15:00	155.159	155.259	155.147	155.256	1241	0	21
2025.12.15	18:30:00	155.255	155.319	155.23	155.279	1149	0	21
2025.12.15	18:45:00	155.276	155.305	155.233	155.279	835	0	21
2025.12.15	19:00:00	155.278	155.322	155.247	155.254	694	0	21
2025.12.15	19:15:00	155.254	155.313	155.252	155.313	423	0	21
2025.12.15	19:30:00	155.313	155.356	155.302	155.334	704	0	21
2025.12.15	19:45:00	155.334	155.344	155.28	155.296	577	0	21
2025.12.15	20:00:00	155.296	155.307	155.269	155.303	504	0	21
2025.12.15	20:15:00	155.303	155.355	155.3	155.348	531	0	21
2025.12.15	20:30:00	155.349	155.376	155.326	155.329	587	0	21
2025.12.15	20:45:00	155.329	155.353	155.324	155.345	540	0	21
2025.12.15	21:00:00	155.344	155.381	155.335	155.38	471	0	21
2025.12.15	21:15:00	155.38	155.388	155.374	155.385	318	0	21
2025.12.15	21:30:00	155.384	155.385	155.295	155.301	492	0	21
2025.12.15	21:45:00	155.3	155.301	155.208	155.234	687	0	21
2025.12.15	22:00:00	155.234	155.257	155.225	155.236	546	0	21
2025.12.15	22:15:00	155.237	155.248	155.218	155.246	476	0	21
2025.12.15	22:30:00	155.246	155.248	155.219	155.22	493	0	21
2025.12.15	22:45:00	155.219	155.25	155.208	155.24	531	0	21
2025.12.15	23:00:00	155.241	155.249	155.215	155.217	356	0	21
2025.12.15	23:15:00	155.218	155.218	155.18	155.185	392	0	21
2025.12.15	23:30:00	155.184	155.226	155.181	155.221	113	0	21
2025.12.15	23:45:00	155.221	155.223	155.165	155.182	509	0	26
2025.12.16	00:00:00	155.186	155.286	155.098	155.121	451	0	57
2025.12.16	00:15:00	155.122	155.21	155.119	155.188	356	0	52
2025.12.16	00:30:00	155.198	155.21	155.19	155.209	136	0	45
2025.12.16	00:45:00	155.209	155.219	155.178	155.209	472	0	38
2025.12.16	01:00:00	155.207	155.215	155.06	155.101	402	0	21
2025.12.16	01:15:00	155.101	155.125	155.089	155.091	296	0	21
2025.12.16	01:30:00	155.091	155.091	155.029	155.05	355	0	22
2025.12.16	01:45:00	155.048	155.048	154.969	155.021	369	0	21
2025.12.16	02:00:00	155.022	155.024	154.723	154.781	1917	0	21
2025.12.16	02:15:00	154.782	154.931	154.759	154.931	1703	0	21
2025.12.16	02:30:00	154.932	155.032	154.911	155.001	1376	0	21
2025.12.16	02:45:00	155.0	155.092	154.958	154.997	2150	0	21
2025.12.16	03:00:00	154.998	155.067	154.892	155.049	1411	0	21
2025.12.16	03:15:00	155.05	155.109	155.024	155.105	1301	0	21
2025.12.16	03:30:00	155.106	155.107	154.839	154.903	1871	0	21
2025.12.16	03:45:00	154.903	155.01	154.842	154.851	1868	0	21
2025.12.16	04:00:00	154.851	154.911	154.818	154.83	1645	0	21
2025.12.16	04:15:00	154.829	154.903	154.825	154.886	1170	0	21
2025.12.16	04:30:00	154.886	154.888	154.8	154.815	844	0	21
2025.12.16	04:45:00	154.816	154.834	154.752	154.77	856	0	21
2025.12.16	05:00:00	154.77	154.779	154.692	154.736	1132	0	21
2025.12.16	05:15:00	154.736	154.865	154.732	154.863	807	0	21
2025.12.16	05:30:00	154.864	154.883	154.805	154.868	1059	0	21
2025.12.16	05:45:00	154.869	154.897	154.843	154.879	677	0	21
2025.12.16	06:00:00	154.879	154.899	154.83	154.891	412	0	21
2025.12.16	06:15:00	154.891	154.907	154.787	154.797	449	0	21
2025.12.16	06:30:00	154.796	154.833	154.772	154.775	404	0	21
2025.12.16	06:45:00	154.775	154.839	154.758	154.807	722	0	21
2025.12.16	07:00:00	154.808	154.808	154.681	154.687	808	0	21
2025.12.16	07:15:00	154.688	154.741	154.673	154.733	753	0	21
2025.12.16	07:30:00	154.733	154.748	154.703	154.73	733	0	21
2025.12.16	07:45:00	154.731	154.845	154.719	154.83	814	0	21
2025.12.16	08:00:00	154.831	154.891	154.808	154.888	845	0	21
2025.12.16	08:15:00	154.889	154.933	154.859	154.918	763	0	21
2025.12.16	08:30:00	154.92	154.936	154.844	154.864	685	0	21
2025.12.16	08:45:00	154.864	154.876	154.81	154.843	484	0	21
2025.12.16	09:00:00	154.844	154.967	154.825	154.952	767	0	21
2025.12.16	09:15:00	154.949	154.95	154.859	154.931	728	0	21
2025.12.16	09:30:00	154.931	154.958	154.831	154.852	1059	0	21
2025.12.16	09:45:00	154.852	154.934	154.852	154.874	1174	0	21
2025.12.16	10:00:00	154.873	154.932	154.835	154.854	1430	0	21
2025.12.16	10:15:00	154.851	154.897	154.785	154.876	1224	0	21
2025.12.16	10:30:00	154.881	154.922	154.81	154.853	1434	0	21
2025.12.16	10:45:00	154.853	154.892	154.822	154.852	1456	0	21
2025.12.16	11:00:00	154.851	154.868	154.802	154.84	1163	0	21
2025.12.16	11:15:00	154.84	154.884	154.825	154.855	1011	0	21
2025.12.16	11:30:00	154.854	154.86	154.76	154.841	1411	0	21
2025.12.16	11:45:00	154.842	154.872	154.824	154.825	1054	0	21
2025.12.16	12:00:00	154.824	154.846	154.766	154.832	995	0	21
2025.12.16	12:15:00	154.828	154.861	154.8	154.859	793	0	21
2025.12.16	12:30:00	154.859	154.894	154.824	154.858	1070	0	21
2025.12.16	12:45:00	154.859	154.875	154.822	154.86	689	0	21
2025.12.16	13:00:00	154.86	154.884	154.847	154.872	643	0	21
2025.12.16	13:15:00	154.871	154.89	154.858	154.86	394	0	21
2025.12.16	13:30:00	154.86	154.86	154.823	154.828	509	0	21
2025.12.16	13:45:00	154.828	154.831	154.779	154.806	595	0	21
2025.12.16	14:00:00	154.802	154.844	154.789	154.792	496	0	21
2025.12.16	14:15:00	154.791	154.792	154.739	154.739	871	0	21
2025.12.16	14:30:00	154.737	154.747	154.705	154.709	800	0	21
2025.12.16	14:45:00	154.709	154.709	154.592	154.598	1050	0	21
2025.12.16	15:00:00	154.594	154.646	154.551	154.635	1388	0	21
2025.12.16	15:15:00	154.637	154.68	154.606	154.68	1626	0	21
2025.12.16	15:30:00	154.69	154.86	154.381	154.833	5683	0	21
2025.12.16	15:45:00	154.832	154.852	154.702	154.703	3899	0	21
2025.12.16	16:00:00	154.702	154.886	154.638	154.884	2784	0	21
2025.12.16	16:15:00	154.884	154.987	154.761	154.778	2469	0	21
2025.12.16	16:30:00	154.779	154.834	154.676	154.691	2749	0	21
2025.12.16	16:45:00	154.615	154.749	154.585	154.588	2707	0	21
2025.12.16	17:00:00	154.588	154.718	154.461	154.678	3039	0	21
2025.12.16	17:15:00	154.681	154.681	154.494	154.499	2753	0	21
2025.12.16	17:30:00	154.498	154.614	154.451	154.601	2709	0	21
2025.12.16	17:45:00	154.602	154.771	154.551	154.765	2799	0	21
2025.12.16	18:00:00	154.765	154.895	154.763	154.814	2616	0	21
2025.12.16	18:15:00	154.813	154.846	154.739	154.804	1996	0	21
2025.12.16	18:30:00	154.805	154.872	154.779	154.833	1657	0	21
2025.12.16	18:45:00	154.831	154.853	154.793	154.797	1450	0	21
2025.12.16	19:00:00	154.796	154.828	154.709	154.734	1409	0	21
2025.12.16	19:15:00	154.734	154.756	154.644	154.665	889	0	21
2025.12.16	19:30:00	154.665	154.675	154.557	154.617	982	0	21
2025.12.16	19:45:00	154.617	154.725	154.597	154.67	1052	0	21
2025.12.16	20:00:00	154.669	154.729	154.662	154.713	1244	0	21
2025.12.16	20:15:00	154.713	154.762	154.698	154.762	915	0	21
2025.12.16	20:30:00	154.761	154.795	154.718	154.735	799	0	21
2025.12.16	20:45:00	154.736	154.746	154.697	154.736	609	0	21
2025.12.16	21:00:00	154.736	154.782	154.732	154.735	688	0	21
2025.12.16	21:15:00	154.736	154.908	154.655	154.758	1559	0	21
2025.12.16	21:30:00	154.757	154.759	154.639	154.65	1359	0	21
2025.12.16	21:45:00	154.65	154.661	154.594	154.655	1279	0	21
2025.12.16	22:00:00	154.655	154.665	154.558	154.609	937	0	21
2025.12.16	22:15:00	154.61	154.665	154.605	154.647	823	0	21
2025.12.16	22:30:00	154.646	154.696	154.642	154.688	734	0	21
2025.12.16	22:45:00	154.689	154.787	154.664	154.787	1050	0	21
2025.12.16	23:00:00	154.789	154.825	154.716	154.743	595	0	21
2025.12.16	23:15:00	154.742	154.747	154.721	154.736	285	0	21
2025.12.16	23:30:00	154.735	154.755	154.693	154.744	378	0	23
2025.12.16	23:45:00	154.742	154.745	154.684	154.687	1006	0	23
2025.12.17	00:00:00	154.687	154.712	154.672	154.712	29	0	44
2025.12.17	00:15:00	154.711	154.759	154.702	154.755	188	0	43
2025.12.17	00:30:00	154.763	154.763	154.703	154.718	252	0	38
2025.12.17	00:45:00	154.717	154.751	154.668	154.71	605	0	41
2025.12.17	01:00:00	154.71	154.748	154.682	154.745	184	0	23
2025.12.17	01:15:00	154.745	154.767	154.719	154.757	204	0	24
2025.12.17	01:30:00	154.757	154.766	154.721	154.759	678	0	23
2025.12.17	01:45:00	154.761	154.8	154.736	154.761	515	0	21
2025.12.17	02:00:00	154.76	154.852	154.698	154.828	1402	0	21
2025.12.17	02:15:00	154.828	154.862	154.793	154.795	955	0	21
2025.12.17	02:30:00	154.799	154.799	154.636	154.647	1174	0	21
2025.12.17	02:45:00	154.648	154.692	154.555	154.572	1837	0	21
2025.12.17	03:00:00	154.572	154.644	154.517	154.588	1585	0	21
2025.12.17	03:15:00	154.588	154.59	154.497	154.557	1409	0	21
2025.12.17	03:30:00	154.557	154.662	154.557	154.626	1059	0	21
2025.12.17	03:45:00	154.626	154.693	154.621	154.662	1138	0	21
2025.12.17	04:00:00	154.662	154.855	154.662	154.824	1369	0	21
2025.12.17	04:15:00	154.821	154.897	154.796	154.893	1210	0	21
2025.12.17	04:30:00	154.893	154.936	154.876	154.929	1168	0	21
2025.12.17	04:45:00	154.928	155.014	154.921	154.998	1215	0	21
2025.12.17	05:00:00	154.998	155.015	154.921	154.93	952	0	21
2025.12.17	05:15:00	154.932	154.954	154.892	154.914	726	0	21
2025.12.17	05:30:00	154.911	154.914	154.86	154.873	740	0	21
2025.12.17	05:45:00	154.869	154.904	154.853	154.877	511	0	21
2025.12.17	06:00:00	154.878	154.977	154.864	154.958	548	0	21
2025.12.17	06:15:00	154.957	155.056	154.954	155.044	675	0	21
2025.12.17	06:30:00	155.05	155.116	155.041	155.113	1145	0	21
2025.12.17	06:45:00	155.114	155.138	155.074	155.124	755	0	21
2025.12.17	07:00:00	155.125	155.128	155.058	155.069	673	0	21
2025.12.17	07:15:00	155.068	155.108	155.061	155.079	844	0	21
2025.12.17	07:30:00	155.08	155.124	155.067	155.075	942	0	21
2025.12.17	07:45:00	155.074	155.159	155.067	155.14	721	0	21
2025.12.17	08:00:00	155.14	155.264	155.115	155.264	942	0	21
2025.12.17	08:15:00	155.265	155.329	155.205	155.318	1045	0	21
2025.12.17	08:30:00	155.319	155.386	155.307	155.362	882	0	21
2025.12.17	08:45:00	155.363	155.434	155.326	155.358	1010	0	21
2025.12.17	09:00:00	155.358	155.455	155.345	155.41	1853	0	21
2025.12.17	09:15:00	155.409	155.494	155.4	155.481	1250	0	21
2025.12.17	09:30:00	155.481	155.496	155.362	155.487	1400	0	21
2025.12.17	09:45:00	155.488	155.557	155.466	155.491	1490	0	21
2025.12.17	10:00:00	155.493	155.586	155.44	155.549	1609	0	21
2025.12.17	10:15:00	155.549	155.575	155.469	155.481	1208	0	21
2025.12.17	10:30:00	155.48	155.516	155.417	155.461	1484	0	21
2025.12.17	10:45:00	155.461	155.506	155.429	155.505	877	0	21
2025.12.17	11:00:00	155.504	155.545	155.447	155.531	1410	0	21
2025.12.17	11:15:00	155.531	155.546	155.483	155.512	1077	0	21
2025.12.17	11:30:00	155.516	155.537	155.46	155.509	997	0	21
2025.12.17	11:45:00	155.509	155.53	155.466	155.52	846	0	21
2025.12.17	12:00:00	155.521	155.536	155.491	155.512	868	0	21
2025.12.17	12:15:00	155.511	155.533	155.488	155.489	737	0	21
2025.12.17	12:30:00	155.49	155.514	155.465	155.491	616	0	21
2025.12.17	12:45:00	155.491	155.496	155.43	155.452	817	0	21
2025.12.17	13:00:00	155.451	155.517	155.443	155.477	841	0	21
2025.12.17	13:15:00	155.477	155.524	155.476	155.501	791	0	21
2025.12.17	13:30:00	155.501	155.585	155.497	155.564	1102	0	21
2025.12.17	13:45:00	155.563	155.574	155.517	155.534	799	0	21
2025.12.17	14:00:00	155.534	155.565	155.509	155.534	957	0	21
2025.12.17	14:15:00	155.533	155.538	155.489	155.492	861	0	21
2025.12.17	14:30:00	155.491	155.495	155.442	155.494	761	0	21
2025.12.17	14:45:00	155.495	155.534	155.466	155.476	798	0	21
2025.12.17	15:00:00	155.476	155.626	155.467	155.59	1636	0	21
2025.12.17	15:15:00	155.589	155.59	155.374	155.525	2408	0	21
2025.12.17	15:30:00	155.524	155.559	155.434	155.465	1578	0	21
2025.12.17	15:45:00	155.464	155.465	155.39	155.426	1216	0	21
2025.12.17	16:00:00	155.427	155.484	155.341	155.464	1348	0	21
2025.12.17	16:15:00	155.464	155.616	155.451	155.598	1690	0	21
2025.12.17	16:30:00	155.599	155.62	155.495	155.557	1929	0	21
2025.12.17	16:45:00	155.556	155.571	155.429	155.476	1869	0	21
2025.12.17	17:00:00	155.476	155.524	155.444	155.464	1760	0	21
2025.12.17	17:15:00	155.466	155.533	155.421	155.462	1521	0	21
2025.12.17	17:30:00	155.462	155.467	155.344	155.4	1574	0	21
2025.12.17	17:45:00	155.4	155.497	155.342	155.392	2473	0	21
2025.12.17	18:00:00	155.392	155.506	155.387	155.425	2001	0	21
2025.12.17	18:15:00	155.425	155.549	155.373	155.532	1680	0	21
2025.12.17	18:30:00	155.533	155.544	155.459	155.522	1453	0	21
2025.12.17	18:45:00	155.521	155.588	155.509	155.585	1540	0	21
2025.12.17	19:00:00	155.587	155.589	155.524	155.568	1231	0	21
2025.12.17	19:15:00	155.568	155.569	155.537	155.561	883	0	21
2025.12.17	19:30:00	155.56	155.6	155.545	155.574	799	0	21
2025.12.17	19:45:00	155.575	155.589	155.516	155.521	1031	0	21
2025.12.17	20:00:00	155.524	155.528	155.484	155.526	699	0	21
2025.12.17	20:15:00	155.526	155.62	155.526	155.61	601	0	21
2025.12.17	20:30:00	155.61	155.648	155.555	155.619	902	0	21
2025.12.17	20:45:00	155.618	155.664	155.578	155.632	927	0	21
2025.12.17	21:00:00	155.633	155.633	155.579	155.621	636	0	21
2025.12.17	21:15:00	155.62	155.626	155.598	155.609	394	0	21
2025.12.17	21:30:00	155.608	155.679	155.606	155.662	510	0	21
2025.12.17	21:45:00	155.663	155.67	155.616	155.632	701	0	21
2025.12.17	22:00:00	155.632	155.652	155.609	155.648	459	0	21
2025.12.17	22:15:00	155.648	155.697	155.647	155.686	405	0	21
2025.12.17	22:30:00	155.685	155.699	155.681	155.685	453	0	21
2025.12.17	22:45:00	155.685	155.738	155.66	155.689	604	0	21
2025.12.17	23:00:00	155.69	155.727	155.683	155.721	357	0	21
2025.12.17	23:15:00	155.721	155.734	155.698	155.728	298	0	21
2025.12.17	23:30:00	155.725	155.726	155.662	155.663	280	0	22
2025.12.17	23:45:00	155.664	155.697	155.652	155.652	882	0	23
2025.12.18	00:00:00	155.645	155.645	155.514	155.604	75	0	59
2025.12.18	00:15:00	155.605	155.619	155.574	155.599	370	0	40
2025.12.18	00:30:00	155.598	155.606	155.586	155.586	104	0	48
2025.12.18	00:45:00	155.587	155.598	155.559	155.583	379	0	43
2025.12.18	01:00:00	155.583	155.632	155.58	155.623	200	0	25
2025.12.18	01:15:00	155.624	155.624	155.588	155.59	256	0	21
2025.12.18	01:30:00	155.593	155.593	155.502	155.526	615	0	21
2025.12.18	01:45:00	155.526	155.528	155.461	155.477	510	0	21
2025.12.18	02:00:00	155.477	155.52	155.425	155.491	1264	0	21
2025.12.18	02:15:00	155.492	155.554	155.45	155.45	1058	0	21
2025.12.18	02:30:00	155.451	155.535	155.412	155.516	1037	0	21
2025.12.18	02:45:00	155.517	155.572	155.459	155.469	1616	0	21
2025.12.18	03:00:00	155.47	155.524	155.448	155.506	934	0	21
2025.12.18	03:15:00	155.506	155.64	155.503	155.575	1282	0	21
2025.12.18	03:30:00	155.574	155.736	155.52	155.736	1285	0	21
2025.12.18	03:45:00	155.736	155.761	155.703	155.759	995	0	21
2025.12.18	04:00:00	155.759	155.775	155.649	155.748	1299	0	21
2025.12.18	04:15:00	155.748	155.77	155.674	155.722	995	0	21
2025.12.18	04:30:00	155.723	155.797	155.702	155.773	637	0	21
2025.12.18	04:45:00	155.772	155.794	155.733	155.771	614	0	21
2025.12.18	05:00:00	155.772	155.784	155.696	155.734	501	0	21
2025.12.18	05:15:00	155.733	155.766	155.722	155.749	504	0	21
2025.12.18	05:30:00	155.749	155.773	155.717	155.739	413	0	21
2025.12.18	05:45:00	155.74	155.769	155.725	155.751	452	0	21
2025.12.18	06:00:00	155.753	155.771	155.696	155.698	549	0	21
2025.12.18	06:15:00	155.699	155.727	155.697	155.71	394	0	21
2025.12.18	06:30:00	155.71	155.741	155.69	155.734	386	0	21
2025.12.18	06:45:00	155.737	155.751	155.722	155.724	529	0	21
2025.12.18	07:00:00	155.723	155.739	155.698	155.733	436	0	21
2025.12.18	07:15:00	155.732	155.743	155.717	155.742	636	0	21
2025.12.18	07:30:00	155.742	155.829	155.733	155.815	785	0	21
2025.12.18	07:45:00	155.822	155.875	155.792	155.799	990	0	21
2025.12.18	08:00:00	155.798	155.861	155.756	155.855	1012	0	21
2025.12.18	08:15:00	155.856	155.896	155.836	155.849	499	0	21
2025.12.18	08:30:00	155.848	155.892	155.834	155.889	591	0	21
2025.12.18	08:45:00	155.889	155.895	155.846	155.894	660	0	21
2025.12.18	09:00:00	155.896	155.924	155.844	155.888	863	0	21
2025.12.18	09:15:00	155.888	155.931	155.884	155.891	703	0	21
2025.12.18	09:30:00	155.89	155.944	155.884	155.899	679	0	21
2025.12.18	09:45:00	155.898	155.915	155.802	155.913	1520	0	21
2025.12.18	10:00:00	155.915	155.934	155.824	155.841	1166	0	21
2025.12.18	10:15:00	155.84	155.875	155.794	155.801	994	0	21
2025.12.18	10:30:00	155.801	155.848	155.789	155.807	889	0	21
2025.12.18	10:45:00	155.806	155.864	155.796	155.842	834	0	21
2025.12.18	11:00:00	155.843	155.902	155.793	155.869	1131	0	21
2025.12.18	11:15:00	155.869	155.909	155.816	155.881	1235	0	21
2025.12.18	11:30:00	155.879	155.932	155.879	155.927	934	0	21
2025.12.18	11:45:00	155.928	155.94	155.885	155.923	1041	0	21
2025.12.18	12:00:00	155.919	155.947	155.897	155.925	1096	0	21
2025.12.18	12:15:00	155.924	155.963	155.923	155.939	775	0	21
2025.12.18	12:30:00	155.939	155.939	155.885	155.895	425	0	21
2025.12.18	12:45:00	155.894	155.902	155.838	155.849	552	0	21
2025.12.18	13:00:00	155.848	155.861	155.81	155.828	725	0	21
2025.12.18	13:15:00	155.829	155.847	155.816	155.834	386	0	21
2025.12.18	13:30:00	155.835	155.848	155.778	155.783	456	0	21
2025.12.18	13:45:00	155.784	155.792	155.71	155.779	697	0	21
2025.12.18	14:00:00	155.784	155.791	155.733	155.769	1231	0	21
2025.12.18	14:15:00	155.769	155.797	155.728	155.745	1031	0	21
2025.12.18	14:30:00	155.744	155.853	155.743	155.818	1224	0	21
2025.12.18	14:45:00	155.819	155.828	155.776	155.809	1128	0	21
2025.12.18	15:00:00	155.808	155.825	155.725	155.73	1225	0	21
2025.12.18	15:15:00	155.73	155.774	155.671	155.717	1954	0	21
2025.12.18	15:30:00	155.708	155.708	155.295	155.576	4544	0	21
2025.12.18	15:45:00	155.577	155.595	155.41	155.584	3605	0	21
2025.12.18	16:00:00	155.581	155.595	155.336	155.409	3099	0	21
2025.12.18	16:15:00	155.41	155.448	155.344	155.385	2462	0	21
2025.12.18	16:30:00	155.384	155.423	155.271	155.383	2365	0	21
2025.12.18	16:45:00	155.382	155.481	155.289	155.481	2233	0	21
2025.12.18	17:00:00	155.481	155.514	155.432	155.451	2012	0	21
2025.12.18	17:15:00	155.45	155.653	155.445	155.637	1751	0	21
2025.12.18	17:30:00	155.638	155.682	155.5	155.551	1945	0	21
2025.12.18	17:45:00	155.552	155.632	155.509	155.512	1835	0	21
2025.12.18	18:00:00	155.513	155.54	155.359	155.37	1562	0	21
2025.12.18	18:15:00	155.37	155.476	155.351	155.42	1353	0	21
2025.12.18	18:30:00	155.42	155.492	155.406	155.479	1210	0	21
2025.12.18	18:45:00	155.478	155.565	155.473	155.517	1186	0	21
2025.12.18	19:00:00	155.519	155.64	155.515	155.634	1639	0	21
2025.12.18	19:15:00	155.635	155.677	155.594	155.611	1423	0	21
2025.12.18	19:30:00	155.612	155.645	155.571	155.583	886	0	21
2025.12.18	19:45:00	155.582	155.67	155.581	155.631	804	0	21
2025.12.18	20:00:00	155.63	155.685	155.566	155.57	1142	0	21
2025.12.18	20:15:00	155.57	155.675	155.57	155.646	586	0	21
2025.12.18	20:30:00	155.645	155.685	155.629	155.681	485	0	21
2025.12.18	20:45:00	155.68	155.702	155.617	155.621	815	0	21
2025.12.18	21:00:00	155.621	155.653	155.576	155.609	880	0	21
2025.12.18	21:15:00	155.609	155.62	155.573	155.574	558	0	21
2025.12.18	21:30:00	155.573	155.575	155.501	155.501	938	0	21
2025.12.18	21:45:00	155.502	155.517	155.483	155.504	924	0	21
2025.12.18	22:00:00	155.504	155.551	155.49	155.549	472	0	21
2025.12.18	22:15:00	155.549	155.577	155.535	155.564	502	0	21
2025.12.18	22:30:00	155.564	155.587	155.536	155.585	603	0	21
2025.12.18	22:45:00	155.584	155.62	155.584	155.6	701	0	21
2025.12.18	23:00:00	155.601	155.622	155.567	155.572	417	0	21
2025.12.18	23:15:00	155.574	155.602	155.551	155.565	275	0	21
2025.12.18	23:30:00	155.564	155.574	155.556	155.56	161	0	23
2025.12.18	23:45:00	155.56	155.565	155.524	155.527	435	0	21
2025.12.19	00:00:00	155.521	155.568	155.418	155.45	390	0	34
2025.12.19	00:15:00	155.451	155.535	155.449	155.521	194	0	48
2025.12.19	00:30:00	155.519	155.537	155.518	155.532	94	0	43
2025.12.19	00:45:00	155.531	155.539	155.524	155.528	136	0	44
2025.12.19	01:00:00	155.529	155.572	155.519	155.57	194	0	23
2025.12.19	01:15:00	155.571	155.603	155.538	155.555	417	0	22
2025.12.19	01:30:00	155.555	155.567	155.504	155.555	279	0	23
2025.12.19	01:45:00	155.556	155.632	155.555	155.564	515	0	21
2025.12.19	02:00:00	155.566	155.695	155.549	155.672	1295	0	21
2025.12.19	02:15:00	155.672	155.685	155.629	155.654	534	0	21
2025.12.19	02:30:00	155.654	155.758	155.638	155.703	815	0	21
2025.12.19	02:45:00	155.706	155.758	155.682	155.74	1449	0	21
2025.12.19	03:00:00	155.739	155.778	155.68	155.725	739	0	21
2025.12.19	03:15:00	155.726	155.776	155.698	155.759	693	0	21
2025.12.19	03:30:00	155.76	155.781	155.693	155.698	593	0	21
2025.12.19	03:45:00	155.699	155.745	155.689	155.73	576	0	21
2025.12.19	04:00:00	155.729	155.729	155.674	155.686	542	0	21
2025.12.19	04:15:00	155.685	155.714	155.672	155.702	481	0	21
2025.12.19	04:30:00	155.702	155.793	155.691	155.75	515	0	21
2025.12.19	04:45:00	155.748	155.844	155.74	155.821	740	0	21
2025.12.19	05:00:00	155.819	155.868	155.796	155.818	728	0	21
2025.12.19	05:15:00	155.818	156.155	155.569	156.042	2486	0	21
2025.12.19	05:30:00	156.043	156.113	155.968	156.081	1862	0	21
2025.12.19	05:45:00	156.079	156.1	155.863	155.863	1549	0	21
2025.12.19	06:00:00	155.863	155.93	155.721	155.909	1516	0	21
2025.12.19	06:15:00	155.909	155.982	155.901	155.975	1197	0	21
2025.12.19	06:30:00	155.974	156.003	155.921	155.999	1296	0	21
2025.12.19	06:45:00	155.999	156.076	155.997	156.055	1031	0	21
2025.12.19	07:00:00	156.056	156.058	155.954	155.97	959	0	21
2025.12.19	07:15:00	155.97	155.975	155.902	155.903	876	0	21
2025.12.19	07:30:00	155.906	155.942	155.872	155.936	915	0	21
2025.12.19	07:45:00	155.937	155.983	155.877	155.983	992	0	21
2025.12.19	08:00:00	155.983	156.016	155.955	155.984	802	0	21
2025.12.19	08:15:00	155.984	156.025	155.942	155.943	965	0	21
2025.12.19	08:30:00	155.94	156.431	155.839	156.345	2671	0	21
2025.12.19	08:45:00	156.348	156.393	155.992	156.0	2626	0	21
2025.12.19	09:00:00	155.999	156.3	155.959	156.275	2014	0	21
2025.12.19	09:15:00	156.273	156.387	156.219	156.232	2467	0	21
2025.12.19	09:30:00	156.231	156.524	156.199	156.518	2008	0	21
2025.12.19	09:45:00	156.52	156.73	156.487	156.722	2485	0	21
2025.12.19	10:00:00	156.721	156.879	156.71	156.731	2115	0	21
2025.12.19	10:15:00	156.727	156.824	156.721	156.804	1587	0	21
2025.12.19	10:30:00	156.803	156.866	156.769	156.856	1550	0	21
2025.12.19	10:45:00	156.856	156.927	156.827	156.919	1313	0	21
2025.12.19	11:00:00	156.925	156.953	156.849	156.942	1123	0	21
2025.12.19	11:15:00	156.941	157.023	156.924	157.021	1505	0	21
2025.12.19	11:30:00	157.021	157.115	157.021	157.04	1583	0	21
2025.12.19	11:45:00	157.045	157.201	156.989	157.188	1833	0	21
2025.12.19	12:00:00	157.191	157.245	157.12	157.184	1665	0	21
2025.12.19	12:15:00	157.184	157.269	157.162	157.26	1025	0	21
2025.12.19	12:30:00	157.265	157.387	157.256	157.341	1660	0	21
2025.12.19	12:45:00	157.342	157.388	157.288	157.314	1324	0	21
2025.12.19	13:00:00	157.308	157.346	157.223	157.345	1271	0	21
2025.12.19	13:15:00	157.346	157.369	157.257	157.27	910	0	21
2025.12.19	13:30:00	157.271	157.329	157.256	157.281	902	0	21
2025.12.19	13:45:00	157.282	157.321	157.229	157.306	777	0	21
2025.12.19	14:00:00	157.307	157.341	157.277	157.294	799	0	21
2025.12.19	14:15:00	157.296	157.316	157.241	157.279	1025	0	21
2025.12.19	14:30:00	157.28	157.285	157.249	157.269	716	0	21
2025.12.19	14:45:00	157.27	157.27	157.173	157.231	985	0	21
2025.12.19	15:00:00	157.229	157.278	157.196	157.267	1200	0	21
2025.12.19	15:15:00	157.267	157.366	157.257	157.26	1604	0	21
2025.12.19	15:30:00	157.26	157.37	157.222	157.357	1857	0	21
2025.12.19	15:45:00	157.358	157.37	157.265	157.312	1521	0	21
2025.12.19	16:00:00	157.311	157.317	156.92	156.996	2638	0	21
2025.12.19	16:15:00	156.997	157.197	156.939	157.191	2596	0	21
2025.12.19	16:30:00	157.192	157.329	157.159	157.311	2737	0	21
2025.12.19	16:45:00	157.31	157.413	157.276	157.404	2280	0	21
2025.12.19	17:00:00	157.407	157.466	157.343	157.433	2280	0	21
2025.12.19	17:15:00	157.432	157.447	157.368	157.408	1726	0	21
2025.12.19	17:30:00	157.409	157.48	157.393	157.463	1489	0	21
2025.12.19	17:45:00	157.464	157.477	157.4	157.461	2105	0	21
2025.12.19	18:00:00	157.461	157.475	157.431	157.456	1411	0	21
2025.12.19	18:15:00	157.456	157.476	157.433	157.458	1241	0	21
2025.12.19	18:30:00	157.457	157.477	157.432	157.444	953	0	21
2025.12.19	18:45:00	157.445	157.449	157.393	157.417	1033	0	21
2025.12.19	19:00:00	157.418	157.657	157.414	157.605	1254	0	21
2025.12.19	19:15:00	157.606	157.606	157.403	157.524	1381	0	21
2025.12.19	19:30:00	157.524	157.53	157.476	157.49	806	0	21
2025.12.19	19:45:00	157.49	157.494	157.412	157.426	634	0	21
2025.12.19	20:00:00	157.427	157.479	157.413	157.415	805	0	21
2025.12.19	20:15:00	157.407	157.429	157.389	157.414	684	0	21
2025.12.19	20:30:00	157.415	157.477	157.407	157.475	630	0	21
2025.12.19	20:45:00	157.474	157.52	157.464	157.51	781	0	21
2025.12.19	21:00:00	157.509	157.532	157.49	157.527	817	0	21
2025.12.19	21:15:00	157.527	157.55	157.515	157.536	969	0	21
2025.12.19	21:30:00	157.535	157.577	157.526	157.54	676	0	21
2025.12.19	21:45:00	157.54	157.541	157.505	157.519	1018	0	21
2025.12.19	22:00:00	157.519	157.533	157.466	157.526	1106	0	21
2025.12.19	22:15:00	157.527	157.567	157.524	157.566	702	0	21
2025.12.19	22:30:00	157.567	157.592	157.56	157.571	497	0	21
2025.12.19	22:45:00	157.572	157.688	157.536	157.68	1088	0	21
2025.12.19	23:00:00	157.68	157.704	157.629	157.68	711	0	21
2025.12.19	23:15:00	157.679	157.72	157.668	157.71	364	0	21
2025.12.19	23:30:00	157.708	157.749	157.705	157.712	315	0	22
2025.12.19	23:45:00	157.71	157.767	157.71	157.714	1394	0	21
2025.12.22	00:00:00	157.664	157.668	157.374	157.535	164	0	53
2025.12.22	00:15:00	157.534	157.595	157.512	157.589	273	0	51
2025.12.22	00:30:00	157.59	157.59	157.45	157.505	196	0	41
2025.12.22	00:45:00	157.505	157.516	157.348	157.449	1530	0	37
2025.12.22	01:00:00	157.433	157.572	157.423	157.542	621	0	21
2025.12.22	01:15:00	157.544	157.619	157.54	157.577	832	0	21
2025.12.22	01:30:00	157.577	157.661	157.577	157.647	786	0	23
2025.12.22	01:45:00	157.648	157.691	157.594	157.614	980	0	23
2025.12.22	02:00:00	157.61	157.638	157.518	157.532	2075	0	21
2025.12.22	02:15:00	157.529	157.58	157.496	157.575	1845	0	21
2025.12.22	02:30:00	157.574	157.65	157.519	157.53	1622	0	21
2025.12.22	02:45:00	157.526	157.627	157.521	157.544	2046	0	21
2025.12.22	03:00:00	157.542	157.562	157.377	157.413	1299	0	21
2025.12.22	03:15:00	157.414	157.462	157.36	157.374	936	0	23
2025.12.22	03:30:00	157.374	157.414	157.357	157.36	1131	0	21
2025.12.22	03:45:00	157.36	157.36	157.242	157.282	1153	0	21
2025.12.22	04:00:00	157.281	157.296	157.229	157.231	690	0	21
2025.12.22	04:15:00	157.225	157.284	157.218	157.261	679	0	21
2025.12.22	04:30:00	157.262	157.368	157.233	157.359	700	0	21
2025.12.22	04:45:00	157.361	157.411	157.357	157.409	680	0	21
2025.12.22	05:00:00	157.409	157.444	157.386	157.44	651	0	21
2025.12.22	05:15:00	157.444	157.45	157.397	157.441	864	0	21
2025.12.22	05:30:00	157.444	157.458	157.332	157.333	771	0	21
2025.12.22	05:45:00	157.334	157.338	157.263	157.322	1060	0	21
2025.12.22	06:00:00	157.323	157.352	157.269	157.29	886	0	21
2025.12.22	06:15:00	157.291	157.334	157.279	157.312	616	0	21
2025.12.22	06:30:00	157.312	157.321	157.268	157.271	472	0	21
2025.12.22	06:45:00	157.27	157.324	157.25	157.3	778	0	21
2025.12.22	07:00:00	157.301	157.38	157.258	157.269	708	0	21
2025.12.22	07:15:00	157.27	157.313	157.253	157.309	642	0	21
2025.12.22	07:30:00	157.309	157.342	157.284	157.311	830	0	21
2025.12.22	07:45:00	157.312	157.359	157.289	157.352	713	0	21
2025.12.22	08:00:00	157.351	157.386	157.31	157.338	727	0	21
2025.12.22	08:15:00	157.337	157.346	157.261	157.318	858	0	21
2025.12.22	08:30:00	157.319	157.382	157.309	157.334	723	0	21
2025.12.22	08:45:00	157.334	157.423	157.31	157.332	781	0	21
2025.12.22	09:00:00	157.333	157.405	157.299	157.404	888	0	21
2025.12.22	09:15:00	157.404	157.453	157.393	157.42	700	0	21
2025.12.22	09:30:00	157.423	157.431	157.335	157.35	928	0	21
2025.12.22	09:45:00	157.351	157.553	157.35	157.478	1113	0	21
2025.12.22	10:00:00	157.479	157.486	157.404	157.447	1580	0	21
2025.12.22	10:15:00	157.448	157.459	157.376	157.376	935	0	21
2025.12.22	10:30:00	157.375	157.536	157.361	157.47	933	0	21
2025.12.22	10:45:00	157.47	157.539	157.42	157.536	1010	0	21
2025.12.22	11:00:00	157.535	157.559	157.434	157.484	749	0	21
2025.12.22	11:15:00	157.484	157.51	157.456	157.484	827	0	21
2025.12.22	11:30:00	157.484	157.484	157.41	157.435	926	0	21
2025.12.22	11:45:00	157.436	157.457	157.42	157.446	793	0	21
2025.12.22	12:00:00	157.446	157.452	157.34	157.36	984	0	21
2025.12.22	12:15:00	157.361	157.377	157.342	157.362	787	0	21
2025.12.22	12:30:00	157.363	157.393	157.359	157.376	692	0	21
2025.12.22	12:45:00	157.375	157.407	157.371	157.386	657	0	21
2025.12.22	13:00:00	157.386	157.396	157.326	157.337	632	0	21
2025.12.22	13:15:00	157.336	157.368	157.335	157.366	510	0	21
2025.12.22	13:30:00	157.367	157.415	157.361	157.361	620	0	21
2025.12.22	13:45:00	157.362	157.415	157.347	157.401	528	0	21
2025.12.22	14:00:00	157.402	157.413	157.346	157.389	1050	0	21
2025.12.22	14:15:00	157.388	157.419	157.362	157.414	718	0	21
2025.12.22	14:30:00	157.415	157.419	157.368	157.377	755	0	21
2025.12.22	14:45:00	157.376	157.409	157.362	157.386	699	0	21
2025.12.22	15:00:00	157.386	157.386	156.854	157.109	1920	0	21
2025.12.22	15:15:00	157.108	157.293	157.091	157.251	1959	0	21
2025.12.22	15:30:00	157.25	157.25	156.984	157.029	1973	0	21
2025.12.22	15:45:00	157.03	157.181	157.017	157.176	1665	0	21
2025.12.22	16:00:00	157.173	157.21	157.108	157.11	1407	0	21
2025.12.22	16:15:00	157.111	157.15	156.934	156.937	1595	0	21
2025.12.22	16:30:00	156.936	157.008	156.9	156.904	2489	0	21
2025.12.22	16:45:00	156.903	157.042	156.896	157.009	2059	0	21
2025.12.22	17:00:00	157.009	157.063	156.958	157.053	1999	0	21
2025.12.22	17:15:00	157.054	157.108	156.996	157.04	1529	0	21
2025.12.22	17:30:00	157.04	157.051	156.936	156.953	1066	0	21
2025.12.22	17:45:00	156.952	157.016	156.902	156.964	1743	0	21
2025.12.22	18:00:00	156.964	157.033	156.894	156.895	937	0	21
2025.12.22	18:15:00	156.897	156.982	156.846	156.959	1174	0	21
2025.12.22	18:30:00	156.959	156.98	156.915	156.92	1329	0	21
2025.12.22	18:45:00	156.919	156.931	156.881	156.925	955	0	21
2025.12.22	19:00:00	156.926	156.929	156.828	156.863	957	0	21
2025.12.22	19:15:00	156.863	156.877	156.826	156.832	685	0	21
2025.12.22	19:30:00	156.83	156.834	156.695	156.794	1017	0	21
2025.12.22	19:45:00	156.794	156.855	156.774	156.835	651	0	21
2025.12.22	20:00:00	156.835	156.922	156.835	156.898	803	0	21
2025.12.22	20:15:00	156.898	156.972	156.877	156.956	821	0	21
2025.12.22	20:30:00	156.956	157.011	156.955	156.993	716	0	21
2025.12.22	20:45:00	156.993	157.001	156.914	156.935	534	0	21
2025.12.22	21:00:00	156.935	156.986	156.933	156.984	410	0	21
2025.12.22	21:15:00	156.984	157.021	156.962	156.971	644	0	21
2025.12.22	21:30:00	156.971	156.977	156.932	156.956	771	0	21
2025.12.22	21:45:00	156.955	156.973	156.875	156.888	986	0	21
2025.12.22	22:00:00	156.889	156.985	156.889	156.935	776	0	21
2025.12.22	22:15:00	156.936	156.945	156.899	156.912	504	0	21
2025.12.22	22:30:00	156.913	156.941	156.912	156.925	533	0	21
2025.12.22	22:45:00	156.926	156.995	156.926	156.978	722	0	21
2025.12.22	23:00:00	156.98	157.003	156.974	156.99	374	0	21
2025.12.22	23:15:00	156.99	157.014	156.967	157.001	316	0	21
2025.12.22	23:30:00	157.0	157.026	156.994	157.019	317	0	21
2025.12.22	23:45:00	157.018	157.044	157.005	157.031	579	0	21
2025.12.23	00:00:00	157.031	157.046	156.726	156.958	277	0	24
2025.12.23	00:15:00	156.956	157.028	156.919	157.01	713	0	45
2025.12.23	00:30:00	157.01	157.019	156.983	157.003	208	0	40
2025.12.23	00:45:00	157.002	157.014	156.991	157.013	63	0	41
2025.12.23	01:00:00	157.011	157.011	156.907	156.959	621	0	21
2025.12.23	01:15:00	156.96	156.96	156.855	156.873	328	0	23
2025.12.23	01:30:00	156.872	156.885	156.835	156.837	495	0	21
2025.12.23	01:45:00	156.838	156.909	156.808	156.906	677	0	22
2025.12.23	02:00:00	156.909	156.915	156.744	156.776	1426	0	21
2025.12.23	02:15:00	156.774	156.823	156.759	156.766	1035	0	21
2025.12.23	02:30:00	156.765	156.787	156.702	156.728	911	0	21
2025.12.23	02:45:00	156.727	156.754	156.592	156.604	1703	0	21
2025.12.23	03:00:00	156.602	156.643	156.543	156.543	1288	0	21
2025.12.23	03:15:00	156.544	156.593	156.507	156.557	986	0	21
2025.12.23	03:30:00	156.556	156.586	156.444	156.485	960	0	21
2025.12.23	03:45:00	156.486	156.508	156.41	156.449	967	0	21
2025.12.23	04:00:00	156.449	156.461	156.325	156.449	1199	0	21
2025.12.23	04:15:00	156.449	156.469	156.354	156.36	913	0	21
2025.12.23	04:30:00	156.36	156.36	156.264	156.279	910	0	21
2025.12.23	04:45:00	156.279	156.374	156.266	156.341	997	0	21
2025.12.23	05:00:00	156.342	156.342	156.222	156.288	1131	0	21
2025.12.23	05:15:00	156.289	156.33	156.267	156.29	867	0	21
2025.12.23	05:30:00	156.291	156.305	156.231	156.266	769	0	21
2025.12.23	05:45:00	156.267	156.308	156.176	156.177	838	0	21
2025.12.23	06:00:00	156.177	156.177	155.971	155.974	1627	0	21
2025.12.23	06:15:00	155.972	156.07	155.949	156.06	1113	0	21
2025.12.23	06:30:00	156.06	156.086	155.985	156.06	762	0	22
2025.12.23	06:45:00	156.06	156.08	155.976	155.982	1099	0	21
2025.12.23	07:00:00	155.981	156.037	155.902	155.942	1363	0	21
2025.12.23	07:15:00	155.944	155.962	155.9	155.908	732	0	21
2025.12.23	07:30:00	155.908	156.016	155.904	156.002	860	0	21
2025.12.23	07:45:00	156.0	156.065	155.999	156.0	1204	0	21
2025.12.23	08:00:00	155.998	156.084	155.985	156.058	1118	0	21
2025.12.23	08:15:00	156.058	156.099	156.007	156.074	980	0	21
2025.12.23	08:30:00	156.075	156.177	156.055	156.057	1134	0	21
2025.12.23	08:45:00	156.057	156.11	156.029	156.102	949	0	21
2025.12.23	09:00:00	156.106	156.159	156.048	156.136	1280	0	21
2025.12.23	09:15:00	156.137	156.151	155.98	156.083	894	0	21
2025.12.23	09:30:00	156.085	156.092	155.953	155.978	1256	0	21
2025.12.23	09:45:00	155.986	156.109	155.938	156.064	2019	0	21
2025.12.23	10:00:00	156.063	156.103	155.94	156.054	1889	0	21
2025.12.23	10:15:00	156.054	156.099	155.979	155.98	1345	0	21
2025.12.23	10:30:00	155.98	156.056	155.957	155.99	1043	0	21
2025.12.23	10:45:00	155.989	156.014	155.947	155.948	1183	0	21
2025.12.23	11:00:00	155.948	155.948	155.641	155.763	2386	0	21
2025.12.23	11:15:00	155.764	155.929	155.722	155.926	1479	0	21
2025.12.23	11:30:00	155.928	155.977	155.857	155.885	1590	0	21
2025.12.23	11:45:00	155.885	156.011	155.876	155.956	1758	0	21
2025.12.23	12:00:00	155.955	155.997	155.91	155.937	1441	0	21
2025.12.23	12:15:00	155.938	155.961	155.908	155.935	1147	0	21
2025.12.23	12:30:00	155.936	156.035	155.925	155.934	1146	0	21
2025.12.23	12:45:00	155.935	155.935	155.855	155.911	1410	0	21
2025.12.23	13:00:00	155.912	155.956	155.861	155.9	1106	0	21
2025.12.23	13:15:00	155.901	155.961	155.878	155.886	663	0	21
2025.12.23	13:30:00	155.89	155.942	155.886	155.936	523	0	21
2025.12.23	13:45:00	155.937	156.026	155.926	155.961	1010	0	21
2025.12.23	14:00:00	155.962	155.973	155.914	155.95	820	0	21
2025.12.23	14:15:00	155.951	155.96	155.918	155.938	638	0	21
2025.12.23	14:30:00	155.939	155.939	155.86	155.927	962	0	21
2025.12.23	14:45:00	155.923	156.021	155.909	156.01	1135	0	21
2025.12.23	15:00:00	156.015	156.09	155.987	155.988	1366	0	21
2025.12.23	15:15:00	155.987	156.029	155.939	155.996	1122	0	21
2025.12.23	15:30:00	155.984	156.264	155.97	156.128	2815	0	21
2025.12.23	15:45:00	156.129	156.353	156.129	156.326	2693	0	21
2025.12.23	16:00:00	156.325	156.46	156.325	156.429	2182	0	21
2025.12.23	16:15:00	156.43	156.497	156.399	156.412	1902	0	21
2025.12.23	16:30:00	156.417	156.532	156.406	156.453	2420	0	21
2025.12.23	16:45:00	156.452	156.457	156.359	156.39	1564	0	21
2025.12.23	17:00:00	156.383	156.422	156.224	156.262	2444	0	21
2025.12.23	17:15:00	156.263	156.324	156.205	156.225	2124	0	21
2025.12.23	17:30:00	156.221	156.342	156.195	156.299	1878	0	21
2025.12.23	17:45:00	156.299	156.437	156.276	156.377	2073	0	21
2025.12.23	18:00:00	156.378	156.425	156.317	156.362	1428	0	21
2025.12.23	18:15:00	156.36	156.374	156.331	156.364	1048	0	21
2025.12.23	18:30:00	156.359	156.406	156.32	156.34	1003	0	21
2025.12.23	18:45:00	156.34	156.351	156.29	156.324	954	0	21
2025.12.23	19:00:00	156.323	156.339	156.271	156.324	838	0	21
2025.12.23	19:15:00	156.324	156.334	156.25	156.264	750	0	21
2025.12.23	19:30:00	156.264	156.3	156.239	156.262	500	0	21
2025.12.23	19:45:00	156.264	156.324	156.255	156.285	590	0	21
2025.12.23	20:00:00	156.283	156.331	156.261	156.273	790	0	21
2025.12.23	20:15:00	156.277	156.302	156.235	156.275	740	0	21
2025.12.23	20:30:00	156.274	156.301	156.255	156.286	458	0	22
2025.12.23	20:45:00	156.285	156.291	156.214	156.217	725	0	22
2025.12.23	21:00:00	156.216	156.224	156.17	156.171	785	0	21
2025.12.23	21:15:00	156.168	156.229	156.168	156.228	651	0	21
2025.12.23	21:30:00	156.228	156.232	156.209	156.223	360	0	21
2025.12.23	21:45:00	156.222	156.24	156.178	156.184	454	0	21
2025.12.23	22:00:00	156.186	156.253	156.167	156.242	662	0	21
2025.12.23	22:15:00	156.243	156.245	156.215	156.227	572	0	22
2025.12.23	22:30:00	156.226	156.254	156.222	156.238	397	0	21
2025.12.23	22:45:00	156.238	156.298	156.235	156.289	515	0	21
2025.12.23	23:00:00	156.29	156.305	156.262	156.277	335	0	21
2025.12.23	23:15:00	156.278	156.305	156.274	156.283	295	0	21
2025.12.23	23:30:00	156.283	156.284	156.211	156.214	413	0	22
2025.12.23	23:45:00	156.214	156.253	156.176	156.194	1018	0	21
2025.12.24	00:00:00	156.147	156.206	156.131	156.181	890	0	25
2025.12.24	00:15:00	156.181	156.19	156.164	156.168	80	0	36
2025.12.24	00:30:00	156.168	156.175	156.16	156.174	52	0	41
2025.12.24	00:45:00	156.173	156.177	156.149	156.163	136	0	37
2025.12.24	01:00:00	156.176	156.178	156.079	156.118	555	0	23
2025.12.24	01:15:00	156.119	156.149	156.106	156.132	343	0	23
2025.12.24	01:30:00	156.132	156.269	156.121	156.255	807	0	23
2025.12.24	01:45:00	156.255	156.255	156.142	156.158	1329	0	21
2025.12.24	02:00:00	156.158	156.158	155.963	156.137	1718	0	21
2025.12.24	02:15:00	156.137	156.267	156.1	156.224	1523	0	21
2025.12.24	02:30:00	156.224	156.251	156.083	156.088	1799	0	21
2025.12.24	02:45:00	156.088	156.178	155.971	155.979	1721	0	21
2025.12.24	03:00:00	155.978	156.14	155.961	156.118	1484	0	21
2025.12.24	03:15:00	156.118	156.118	155.809	155.821	1374	0	21
2025.12.24	03:30:00	155.822	155.823	155.631	155.668	1966	0	21
2025.12.24	03:45:00	155.669	155.742	155.587	155.643	1641	0	21
2025.12.24	04:00:00	155.641	155.648	155.544	155.634	1472	0	21
2025.12.24	04:15:00	155.632	155.683	155.593	155.653	1258	0	21
2025.12.24	04:30:00	155.653	155.711	155.627	155.686	1002	0	21
2025.12.24	04:45:00	155.687	155.732	155.653	155.73	971	0	21
2025.12.24	05:00:00	155.729	155.823	155.728	155.792	1213	0	21
2025.12.24	05:15:00	155.792	155.864	155.773	155.854	811	0	21
2025.12.24	05:30:00	155.854	155.958	155.829	155.941	763	0	21
2025.12.24	05:45:00	155.94	155.98	155.938	155.971	877	0	21
2025.12.24	06:00:00	155.971	156.05	155.935	156.049	942	0	21
2025.12.24	06:15:00	156.049	156.053	155.939	155.963	652	0	21
2025.12.24	06:30:00	155.963	155.973	155.822	155.835	1005	0	21
2025.12.24	06:45:00	155.836	155.847	155.789	155.825	828	0	21
2025.12.24	07:00:00	155.826	155.836	155.734	155.79	812	0	21
2025.12.24	07:15:00	155.789	155.83	155.763	155.793	541	0	21
2025.12.24	07:30:00	155.793	155.819	155.769	155.797	515	0	21
2025.12.24	07:45:00	155.798	155.825	155.767	155.786	760	0	21
2025.12.24	08:00:00	155.786	155.786	155.651	155.659	1259	0	21
2025.12.24	08:15:00	155.66	155.757	155.652	155.72	803	0	21
2025.12.24	08:30:00	155.721	155.753	155.699	155.752	593	0	21
2025.12.24	08:45:00	155.752	155.785	155.658	155.721	948	0	21
2025.12.24	09:00:00	155.722	155.807	155.692	155.767	1354	0	21
2025.12.24	09:15:00	155.766	155.842	155.722	155.759	1189	0	21
2025.12.24	09:30:00	155.759	155.834	155.745	155.792	1279	0	21
2025.12.24	09:45:00	155.793	155.862	155.771	155.818	1368	0	21
2025.12.24	10:00:00	155.819	155.96	155.737	155.928	2322	0	21
2025.12.24	10:15:00	155.928	155.954	155.857	155.904	1360	0	21
2025.12.24	10:30:00	155.903	155.917	155.808	155.822	1559	0	21
2025.12.24	10:45:00	155.822	155.822	155.74	155.744	1369	0	21
2025.12.24	11:00:00	155.744	155.761	155.676	155.737	1121	0	21
2025.12.24	11:15:00	155.738	155.852	155.696	155.845	1267	0	21
2025.12.24	11:30:00	155.846	155.87	155.767	155.817	865	0	21
2025.12.24	11:45:00	155.817	155.827	155.767	155.822	1132	0	21
2025.12.24	12:00:00	155.825	155.883	155.809	155.857	1030	0	21
2025.12.24	12:15:00	155.861	155.921	155.838	155.843	971	0	21
2025.12.24	12:30:00	155.842	155.918	155.84	155.903	917	0	21
2025.12.24	12:45:00	155.903	155.96	155.898	155.924	1153	0	21
2025.12.24	13:00:00	155.924	155.948	155.856	155.891	988	0	21
2025.12.24	13:15:00	155.891	155.911	155.869	155.88	778	0	21
2025.12.24	13:30:00	155.885	155.964	155.883	155.924	1143	0	21
2025.12.24	13:45:00	155.925	155.937	155.891	155.915	1046	0	21
2025.12.24	14:00:00	155.914	155.928	155.864	155.888	1069	0	21
2025.12.24	14:15:00	155.887	155.936	155.882	155.931	1181	0	21
2025.12.24	14:30:00	155.929	155.949	155.899	155.926	1003	0	21
2025.12.24	14:45:00	155.926	156.033	155.921	156.032	1119	0	21
2025.12.24	15:00:00	156.031	156.059	155.959	155.999	1360	0	21
2025.12.24	15:15:00	156.0	156.047	155.984	156.002	1442	0	21
2025.12.24	15:30:00	156.003	156.05	155.972	155.994	2029	0	21
2025.12.24	15:45:00	155.994	156.024	155.975	156.0	1129	0	21
2025.12.24	16:00:00	155.999	156.024	155.989	155.995	919	0	21
2025.12.24	16:15:00	155.996	156.014	155.919	155.94	1228	0	21
2025.12.24	16:30:00	155.94	155.958	155.791	155.795	1824	0	21
2025.12.24	16:45:00	155.797	155.837	155.667	155.738	1984	0	21
2025.12.24	17:00:00	155.738	155.766	155.712	155.724	1606	0	21
2025.12.24	17:15:00	155.725	155.819	155.716	155.81	969	0	21
2025.12.24	17:30:00	155.81	155.858	155.748	155.808	1247	0	21
2025.12.24	17:45:00	155.807	155.89	155.776	155.805	1827	0	21
2025.12.24	18:00:00	155.804	155.866	155.742	155.866	1337	0	21
2025.12.24	18:15:00	155.865	155.898	155.819	155.885	891	0	21
2025.12.24	18:30:00	155.885	155.909	155.779	155.842	1308	0	21
2025.12.24	18:45:00	155.842	155.865	155.807	155.823	1298	0	21
2025.12.24	19:00:00	155.824	155.912	155.813	155.908	1229	0	21
2025.12.24	19:15:00	155.909	155.927	155.892	155.898	673	0	21
2025.12.24	19:30:00	155.898	155.973	155.894	155.958	872	0	21
2025.12.24	19:45:00	155.959	156.012	155.937	155.958	1277	0	21
2025.12.26	08:00:00	156.19	156.192	156.074	156.136	840	0	21
2025.12.26	08:15:00	156.136	156.22	156.129	156.215	409	0	21
2025.12.26	08:30:00	156.216	156.268	156.203	156.247	678	0	21
2025.12.26	08:45:00	156.245	156.303	156.23	156.267	789	0	21
2025.12.26	09:00:00	156.271	156.3	156.226	156.234	755	0	21
2025.12.26	09:15:00	156.233	156.265	156.201	156.214	680	0	23
2025.12.26	09:30:00	156.215	156.37	156.21	156.365	978	0	22
2025.12.26	09:45:00	156.364	156.431	156.329	156.362	1288	0	21
2025.12.26	10:00:00	156.361	156.43	156.328	156.406	791	0	21
2025.12.26	10:15:00	156.406	156.416	156.287	156.353	737	0	22
2025.12.26	10:30:00	156.353	156.379	156.3	156.374	708	0	21
2025.12.26	10:45:00	156.375	156.375	156.3	156.311	608	0	21
2025.12.26	11:00:00	156.32	156.428	156.301	156.401	1000	0	22
2025.12.26	11:15:00	156.402	156.451	156.393	156.401	534	0	23
2025.12.26	11:30:00	156.403	156.447	156.4	156.435	449	0	22
2025.12.26	11:45:00	156.434	156.457	156.408	156.448	698	0	21
2025.12.26	12:00:00	156.452	156.456	156.386	156.389	403	0	23
2025.12.26	12:15:00	156.389	156.408	156.35	156.406	591	0	22
2025.12.26	12:30:00	156.406	156.411	156.374	156.4	769	0	21
2025.12.26	12:45:00	156.399	156.402	156.362	156.389	475	0	23
2025.12.26	13:00:00	156.387	156.409	156.363	156.383	436	0	23
2025.12.26	13:15:00	156.382	156.393	156.313	156.36	801	0	21
2025.12.26	13:30:00	156.361	156.365	156.32	156.345	802	0	21
2025.12.26	13:45:00	156.344	156.394	156.326	156.39	747	0	21
2025.12.26	14:00:00	156.389	156.451	156.382	156.442	897	0	21
2025.12.26	14:15:00	156.441	156.475	156.427	156.451	822	0	21
2025.12.26	14:30:00	156.45	156.452	156.389	156.395	631	0	21
2025.12.26	14:45:00	156.394	156.44	156.384	156.408	792	0	21
2025.12.26	15:00:00	156.407	156.432	156.265	156.35	1500	0	21
2025.12.26	15:15:00	156.351	156.358	156.276	156.276	973	0	21
2025.12.26	15:30:00	156.275	156.289	156.234	156.264	1207	0	21
2025.12.26	15:45:00	156.263	156.335	156.215	156.313	1248	0	21
2025.12.26	16:00:00	156.31	156.33	156.265	156.285	1042	0	21
2025.12.26	16:15:00	156.286	156.351	156.283	156.339	764	0	21
2025.12.26	16:30:00	156.34	156.411	156.319	156.41	1086	0	21
2025.12.26	16:45:00	156.409	156.472	156.393	156.44	1581	0	21
2025.12.26	17:00:00	156.439	156.443	156.299	156.349	1045	0	21
2025.12.26	17:15:00	156.348	156.381	156.321	156.36	938	0	21
2025.12.26	17:30:00	156.36	156.434	156.354	156.421	897	0	21
2025.12.26	17:45:00	156.42	156.522	156.391	156.414	1868	0	23
2025.12.26	18:00:00	156.412	156.527	156.357	156.526	1889	0	22
2025.12.26	18:15:00	156.526	156.63	156.511	156.624	1489	0	21
2025.12.26	18:30:00	156.624	156.638	156.594	156.61	1116	0	22
2025.12.26	18:45:00	156.611	156.639	156.598	156.62	1045	0	22
2025.12.26	19:00:00	156.62	156.633	156.598	156.619	1209	0	23
2025.12.26	19:15:00	156.618	156.645	156.597	156.636	1412	0	21
2025.12.26	19:30:00	156.636	156.72	156.572	156.575	1390	0	21
2025.12.26	19:45:00	156.575	156.606	156.542	156.557	1191	0	24
2025.12.26	20:00:00	156.558	156.574	156.501	156.572	1037	0	22
2025.12.26	20:15:00	156.572	156.574	156.526	156.54	1085	0	23
2025.12.26	20:30:00	156.54	156.541	156.423	156.453	1231	0	21
2025.12.26	20:45:00	156.452	156.533	156.447	156.53	950	0	21
2025.12.26	21:00:00	156.53	156.583	156.522	156.563	1223	0	22
2025.12.26	21:15:00	156.563	156.577	156.524	156.551	621	0	21
2025.12.26	21:30:00	156.551	156.566	156.522	156.528	552	0	23
2025.12.26	21:45:00	156.519	156.541	156.493	156.493	923	0	21
2025.12.26	22:00:00	156.49	156.492	156.433	156.479	868	0	21
2025.12.26	22:15:00	156.48	156.513	156.469	156.502	237	0	22
2025.12.26	22:30:00	156.501	156.51	156.464	156.474	418	0	21
2025.12.26	22:45:00	156.48	156.519	156.463	156.482	1002	0	22
2025.12.26	23:00:00	156.482	156.529	156.482	156.516	411	0	23
2025.12.26	23:15:00	156.515	156.537	156.514	156.535	329	0	24
2025.12.26	23:30:00	156.533	156.581	156.532	156.547	729	0	29
2025.12.26	23:45:00	156.547	156.59	156.502	156.551	1197	0	27
2025.12.29	00:00:00	156.442	156.442	156.385	156.421	89	0	172
2025.12.29	00:15:00	156.422	156.528	156.422	156.489	84	0	79
2025.12.29	00:30:00	156.489	156.489	156.439	156.459	800	0	56
2025.12.29	00:45:00	156.459	156.472	156.404	156.441	565	0	63
2025.12.29	01:00:00	156.441	156.53	156.409	156.441	371	0	21
2025.12.29	01:15:00	156.441	156.456	156.401	156.408	212	0	21
2025.12.29	01:30:00	156.408	156.514	156.401	156.483	359	0	21
2025.12.29	01:45:00	156.484	156.484	156.394	156.472	636	0	21
2025.12.29	02:00:00	156.471	156.472	156.045	156.106	2172	0	21
2025.12.29	02:15:00	156.106	156.239	156.087	156.139	2142	0	21
2025.12.29	02:30:00	156.139	156.154	156.067	156.123	1734	0	21
2025.12.29	02:45:00	156.123	156.319	156.102	156.267	2377	0	21
2025.12.29	03:00:00	156.267	156.363	156.236	156.24	1851	0	21
2025.12.29	03:15:00	156.239	156.262	156.177	156.221	1027	0	21
2025.12.29	03:30:00	156.219	156.314	156.179	156.276	1122	0	21
2025.12.29	03:45:00	156.277	156.323	156.249	156.3	825	0	21
2025.12.29	04:00:00	156.301	156.45	156.289	156.439	1246	0	21
2025.12.29	04:15:00	156.439	156.501	156.418	156.445	1014	0	21
2025.12.29	04:30:00	156.445	156.48	156.395	156.402	789	0	21
2025.12.29	04:45:00	156.401	156.428	156.362	156.419	765	0	21
2025.12.29	05:00:00	156.419	156.433	156.355	156.375	566	0	21
2025.12.29	05:15:00	156.375	156.399	156.332	156.382	834	0	22
2025.12.29	05:30:00	156.384	156.401	156.331	156.383	1273	0	21
2025.12.29	05:45:00	156.387	156.389	156.308	156.367	605	0	21
2025.12.29	06:00:00	156.367	156.461	156.366	156.397	643	0	22
2025.12.29	06:15:00	156.396	156.439	156.283	156.284	623	0	21
2025.12.29	06:30:00	156.284	156.314	156.236	156.293	662	0	21
2025.12.29	06:45:00	156.293	156.361	156.285	156.359	599	0	21
2025.12.29	07:00:00	156.36	156.369	156.307	156.323	778	0	21
2025.12.29	07:15:00	156.324	156.386	156.296	156.359	606	0	21
2025.12.29	07:30:00	156.36	156.369	156.268	156.268	652	0	21
2025.12.29	07:45:00	156.264	156.3	156.23	156.294	600	0	21
2025.12.29	08:00:00	156.3	156.303	156.228	156.299	842	0	21
2025.12.29	08:15:00	156.3	156.311	156.162	156.19	525	0	21
2025.12.29	08:30:00	156.196	156.28	156.19	156.263	701	0	21
2025.12.29	08:45:00	156.268	156.289	156.16	156.172	914	0	21
2025.12.29	09:00:00	156.173	156.196	156.136	156.194	1418	0	21
2025.12.29	09:15:00	156.194	156.231	156.115	156.16	1497	0	21
2025.12.29	09:30:00	156.161	156.171	156.092	156.11	1069	0	21
2025.12.29	09:45:00	156.11	156.152	156.04	156.07	1342	0	21
2025.12.29	10:00:00	156.07	156.196	156.065	156.195	1446	0	21
2025.12.29	10:15:00	156.194	156.249	156.194	156.244	939	0	21
2025.12.29	10:30:00	156.244	156.298	156.206	156.244	935	0	21
2025.12.29	10:45:00	156.244	156.265	156.183	156.265	1156	0	21
2025.12.29	11:00:00	156.266	156.389	156.252	156.293	1773	0	21
2025.12.29	11:15:00	156.292	156.304	156.225	156.228	1032	0	21
2025.12.29	11:30:00	156.229	156.231	156.095	156.179	1068	0	21
2025.12.29	11:45:00	156.179	156.32	156.179	156.316	1024	0	21
2025.12.29	12:00:00	156.317	156.335	156.277	156.283	1012	0	21
2025.12.29	12:15:00	156.284	156.29	156.227	156.266	1146	0	21
2025.12.29	12:30:00	156.265	156.271	156.193	156.242	816	0	21
2025.12.29	12:45:00	156.242	156.319	156.214	156.315	806	0	21
2025.12.29	13:00:00	156.315	156.343	156.288	156.336	977	0	21
2025.12.29	13:15:00	156.337	156.34	156.281	156.299	703	0	21
2025.12.29	13:30:00	156.299	156.303	156.275	156.287	779	0	21
2025.12.29	13:45:00	156.289	156.402	156.289	156.388	1144	0	21
2025.12.29	14:00:00	156.388	156.411	156.308	156.337	1127	0	21
2025.12.29	14:15:00	156.335	156.371	156.299	156.299	1013	0	21
2025.12.29	14:30:00	156.3	156.376	156.298	156.375	921	0	21
2025.12.29	14:45:00	156.374	156.396	156.298	156.321	1100	0	21
2025.12.29	15:00:00	156.321	156.321	156.24	156.259	1548	0	21
2025.12.29	15:15:00	156.258	156.355	156.256	156.336	1389	0	21
2025.12.29	15:30:00	156.337	156.352	156.243	156.263	1356	0	21
2025.12.29	15:45:00	156.262	156.29	156.183	156.219	1661	0	21
2025.12.29	16:00:00	156.219	156.228	156.107	156.183	1499	0	21
2025.12.29	16:15:00	156.182	156.195	156.12	156.13	1019	0	21
2025.12.29	16:30:00	156.129	156.144	156.0	156.087	1910	0	21
2025.12.29	16:45:00	156.086	156.146	156.0	156.133	1567	0	21
2025.12.29	17:00:00	156.133	156.232	156.073	156.108	1918	0	21
2025.12.29	17:15:00	156.107	156.202	156.095	156.156	1510	0	21
2025.12.29	17:30:00	156.157	156.279	156.105	156.119	1477	0	21
2025.12.29	17:45:00	156.119	156.119	155.905	155.926	2531	0	21
2025.12.29	18:00:00	155.925	156.026	155.919	155.957	1404	0	21
2025.12.29	18:15:00	155.957	156.078	155.947	156.074	853	0	21
2025.12.29	18:30:00	156.074	156.09	155.998	156.011	1149	0	21
2025.12.29	18:45:00	156.012	156.106	156.0	156.094	920	0	21
2025.12.29	19:00:00	156.095	156.119	156.055	156.071	960	0	21
2025.12.29	19:15:00	156.072	156.141	156.072	156.104	1057	0	21
2025.12.29	19:30:00	156.104	156.145	156.084	156.12	480	0	21
2025.12.29	19:45:00	156.118	156.204	156.117	156.174	534	0	21
2025.12.29	20:00:00	156.173	156.203	156.139	156.153	621	0	21
2025.12.29	20:15:00	156.152	156.161	156.111	156.149	521	0	21
2025.12.29	20:30:00	156.151	156.21	156.145	156.204	496	0	21
2025.12.29	20:45:00	156.203	156.211	156.162	156.209	463	0	21
2025.12.29	21:00:00	156.209	156.237	156.204	156.216	449	0	21
2025.12.29	21:15:00	156.216	156.224	156.161	156.186	323	0	21
2025.12.29	21:30:00	156.187	156.188	156.091	156.102	412	0	21
2025.12.29	21:45:00	156.101	156.115	155.997	156.024	656	0	21
2025.12.29	22:00:00	156.024	156.039	155.977	155.977	783	0	21
2025.12.29	22:15:00	155.977	156.037	155.975	156.034	388	0	21
2025.12.29	22:30:00	156.033	156.072	156.024	156.06	398	0	21
2025.12.29	22:45:00	156.06	156.071	156.039	156.058	692	0	21
2025.12.29	23:00:00	156.055	156.074	156.026	156.049	330	0	21
2025.12.29	23:15:00	156.05	156.052	155.99	156.02	262	0	21
2025.12.29	23:30:00	156.019	156.048	156.002	156.048	110	0	21
2025.12.29	23:45:00	156.047	156.051	156.0	156.022	586	0	22
2025.12.30	00:00:00	156.023	156.067	155.965	156.046	147	0	50
2025.12.30	00:15:00	156.047	156.063	155.939	155.961	119	0	48
2025.12.30	00:30:00	155.961	156.044	155.948	156.025	195	0	55
2025.12.30	00:45:00	156.031	156.035	156.003	156.017	191	0	52
2025.12.30	01:00:00	156.018	156.046	155.948	155.99	410	0	21
2025.12.30	01:15:00	155.99	156.126	155.99	156.119	404	0	21
2025.12.30	01:30:00	156.119	156.119	156.04	156.058	476	0	21
2025.12.30	01:45:00	156.058	156.071	155.977	155.979	680	0	21
2025.12.30	02:00:00	155.982	156.106	155.915	156.068	1512	0	21
2025.12.30	02:15:00	156.069	156.091	155.981	156.045	948	0	21
2025.12.30	02:30:00	156.044	156.157	156.019	156.129	1011	0	21
2025.12.30	02:45:00	156.127	156.315	156.112	156.248	2122	0	21
2025.12.30	03:00:00	156.247	156.314	156.234	156.236	970	0	21
2025.12.30	03:15:00	156.234	156.298	156.222	156.279	912	0	21
2025.12.30	03:30:00	156.278	156.293	156.24	156.243	1126	0	21
2025.12.30	03:45:00	156.244	156.268	156.2	156.209	770	0	21
2025.12.30	04:00:00	156.209	156.29	156.143	156.277	1016	0	21
2025.12.30	04:15:00	156.278	156.327	156.234	156.313	782	0	21
2025.12.30	04:30:00	156.313	156.316	156.254	156.291	868	0	21
2025.12.30	04:45:00	156.292	156.313	156.263	156.294	773	0	21
2025.12.30	05:00:00	156.294	156.322	156.271	156.312	410	0	21
2025.12.30	05:15:00	156.311	156.314	156.274	156.275	411	0	21
2025.12.30	05:30:00	156.274	156.274	156.225	156.259	431	0	21
2025.12.30	05:45:00	156.259	156.261	156.203	156.256	411	0	22
2025.12.30	06:00:00	156.259	156.275	156.239	156.258	675	0	21
2025.12.30	06:15:00	156.258	156.261	156.198	156.206	359	0	21
2025.12.30	06:30:00	156.205	156.207	156.119	156.119	458	0	21
2025.12.30	06:45:00	156.119	156.119	156.039	156.071	738	0	21
2025.12.30	07:00:00	156.071	156.071	156.001	156.06	781	0	21
2025.12.30	07:15:00	156.06	156.089	156.039	156.039	619	0	21
2025.12.30	07:30:00	156.039	156.085	156.01	156.048	873	0	21
2025.12.30	07:45:00	156.047	156.092	156.015	156.03	896	0	21
2025.12.30	08:00:00	156.032	156.053	155.984	155.999	879	0	21
2025.12.30	08:15:00	155.999	156.022	155.927	156.019	827	0	21
2025.12.30	08:30:00	156.02	156.086	155.984	155.985	957	0	21
2025.12.30	08:45:00	155.984	156.058	155.957	156.027	790	0	21
2025.12.30	09:00:00	156.024	156.041	155.983	155.989	1139	0	21
2025.12.30	09:15:00	155.989	156.096	155.974	156.047	824	0	21
2025.12.30	09:30:00	156.046	156.054	155.962	155.985	782	0	21
2025.12.30	09:45:00	155.986	156.001	155.907	155.97	842	0	21
2025.12.30	10:00:00	155.965	156.014	155.87	155.961	1398	0	21
2025.12.30	10:15:00	155.96	155.96	155.85	155.877	1135	0	21
2025.12.30	10:30:00	155.876	155.932	155.844	155.927	902	0	21
2025.12.30	10:45:00	155.926	155.971	155.909	155.97	808	0	21
2025.12.30	11:00:00	155.971	155.998	155.883	155.889	1148	0	21
2025.12.30	11:15:00	155.888	155.926	155.857	155.909	908	0	21
2025.12.30	11:30:00	155.908	155.963	155.896	155.934	984	0	21
2025.12.30	11:45:00	155.935	155.935	155.878	155.912	899	0	21
2025.12.30	12:00:00	155.916	155.919	155.815	155.857	1027	0	21
2025.12.30	12:15:00	155.857	155.857	155.823	155.848	675	0	21
2025.12.30	12:30:00	155.847	155.854	155.732	155.777	954	0	21
2025.12.30	12:45:00	155.772	155.843	155.763	155.84	807	0	21
2025.12.30	13:00:00	155.841	155.859	155.813	155.838	717	0	21
2025.12.30	13:15:00	155.837	155.858	155.823	155.856	604	0	21
2025.12.30	13:30:00	155.855	155.89	155.827	155.88	707	0	21
2025.12.30	13:45:00	155.88	155.936	155.86	155.88	1094	0	21
2025.12.30	14:00:00	155.879	155.939	155.873	155.912	987	0	21
2025.12.30	14:15:00	155.913	156.001	155.912	155.962	832	0	21
2025.12.30	14:30:00	155.961	155.976	155.939	155.97	743	0	21
2025.12.30	14:45:00	155.97	155.985	155.933	155.939	884	0	21
2025.12.30	15:00:00	155.942	156.093	155.934	156.065	996	0	21
2025.12.30	15:15:00	156.065	156.131	156.053	156.126	1275	0	21
2025.12.30	15:30:00	156.125	156.139	156.073	156.099	1283	0	21
2025.12.30	15:45:00	156.095	156.2	156.088	156.184	1211	0	21
2025.12.30	16:00:00	156.184	156.21	156.111	156.185	951	0	21
2025.12.30	16:15:00	156.183	156.25	156.163	156.226	716	0	21
2025.12.30	16:30:00	156.226	156.299	156.226	156.264	808	0	21
2025.12.30	16:45:00	156.263	156.308	156.221	156.26	1527	0	21
2025.12.30	17:00:00	156.26	156.358	156.26	156.334	1666	0	21
2025.12.30	17:15:00	156.333	156.48	156.332	156.477	1481	0	21
2025.12.30	17:30:00	156.476	156.554	156.419	156.535	1406	0	21
2025.12.30	17:45:00	156.536	156.55	156.311	156.317	1743	0	21
2025.12.30	18:00:00	156.314	156.361	156.296	156.312	1164	0	21
2025.12.30	18:15:00	156.312	156.314	156.213	156.263	1000	0	21
2025.12.30	18:30:00	156.263	156.271	156.225	156.251	738	0	21
2025.12.30	18:45:00	156.252	156.263	156.229	156.249	527	0	21
2025.12.30	19:00:00	156.25	156.339	156.234	156.337	461	0	21
2025.12.30	19:15:00	156.337	156.395	156.337	156.362	545	0	21
2025.12.30	19:30:00	156.362	156.386	156.337	156.34	554	0	21
2025.12.30	19:45:00	156.34	156.362	156.316	156.323	690	0	21
2025.12.30	20:00:00	156.323	156.34	156.297	156.321	824	0	21
2025.12.30	20:15:00	156.321	156.355	156.31	156.331	554	0	21
2025.12.30	20:30:00	156.331	156.396	156.33	156.383	475	0	21
2025.12.30	20:45:00	156.384	156.419	156.371	156.385	471	0	21
2025.12.30	21:00:00	156.384	156.46	156.378	156.394	681	0	21
2025.12.30	21:15:00	156.393	156.404	156.366	156.369	549	0	21
2025.12.30	21:30:00	156.37	156.432	156.364	156.425	527	0	21
2025.12.30	21:45:00	156.425	156.513	156.389	156.487	909	0	21
2025.12.30	22:00:00	156.485	156.485	156.425	156.436	703	0	21
2025.12.30	22:15:00	156.437	156.449	156.417	156.442	628	0	21
2025.12.30	22:30:00	156.448	156.453	156.43	156.437	361	0	21
2025.12.30	22:45:00	156.436	156.489	156.424	156.454	578	0	21
2025.12.30	23:00:00	156.453	156.456	156.391	156.415	383	0	21
2025.12.30	23:15:00	156.415	156.436	156.4	156.405	263	0	21
2025.12.30	23:30:00	156.404	156.43	156.399	156.411	143	0	21
2025.12.30	23:45:00	156.412	156.422	156.372	156.372	671	0	24
2025.12.31	00:00:00	156.372	156.372	156.258	156.329	49	0	65
2025.12.31	00:15:00	156.329	156.345	156.329	156.336	47	0	84
2025.12.31	00:30:00	156.338	156.361	156.335	156.361	214	0	51
2025.12.31	00:45:00	156.36	156.368	156.343	156.344	202	0	48
2025.12.31	01:00:00	156.346	156.361	156.317	156.347	163	0	26
2025.12.31	01:15:00	156.346	156.394	156.346	156.387	140	0	25
2025.12.31	01:30:00	156.388	156.422	156.377	156.413	157	0	23
2025.12.31	01:45:00	156.422	156.452	156.387	156.387	409	0	22
2025.12.31	02:00:00	156.386	156.394	156.318	156.38	647	0	21
2025.12.31	02:15:00	156.38	156.437	156.37	156.388	545	0	21
2025.12.31	02:30:00	156.388	156.454	156.387	156.434	528	0	23
2025.12.31	02:45:00	156.434	156.445	156.338	156.38	739	0	21
2025.12.31	03:00:00	156.38	156.441	156.345	156.395	799	0	21
2025.12.31	03:15:00	156.394	156.396	156.342	156.366	448	0	21
2025.12.31	03:30:00	156.366	156.405	156.351	156.39	543	0	21
2025.12.31	03:45:00	156.391	156.427	156.354	156.42	834	0	21
2025.12.31	04:00:00	156.421	156.452	156.414	156.437	665	0	21
2025.12.31	04:15:00	156.438	156.475	156.412	156.438	463	0	22
2025.12.31	04:30:00	156.437	156.454	156.414	156.45	640	0	22
2025.12.31	04:45:00	156.45	156.481	156.439	156.472	680	0	21
2025.12.31	05:00:00	156.47	156.473	156.436	156.45	443	0	21
2025.12.31	05:15:00	156.45	156.474	156.45	156.461	511	0	21
2025.12.31	05:30:00	156.461	156.484	156.451	156.48	433	0	23
2025.12.31	05:45:00	156.479	156.484	156.458	156.482	339	0	21
2025.12.31	06:00:00	156.481	156.514	156.481	156.508	488	0	21
2025.12.31	06:15:00	156.509	156.563	156.505	156.529	769	0	21
2025.12.31	06:30:00	156.529	156.563	156.519	156.55	310	0	23
2025.12.31	06:45:00	156.547	156.626	156.547	156.599	663	0	21
2025.12.31	07:00:00	156.599	156.604	156.57	156.582	401	0	22
2025.12.31	07:15:00	156.584	156.619	156.578	156.58	293	0	22
2025.12.31	07:30:00	156.581	156.603	156.555	156.555	298	0	23
2025.12.31	07:45:00	156.556	156.591	156.537	156.58	435	0	21
2025.12.31	08:00:00	156.58	156.63	156.578	156.618	641	0	21
2025.12.31	08:15:00	156.617	156.641	156.604	156.605	550	0	21
2025.12.31	08:30:00	156.606	156.613	156.57	156.579	417	0	21
2025.12.31	08:45:00	156.579	156.606	156.577	156.601	472	0	21
2025.12.31	09:00:00	156.601	156.634	156.573	156.618	983	0	21
2025.12.31	09:15:00	156.618	156.629	156.583	156.605	612	0	21
2025.12.31	09:30:00	156.604	156.629	156.559	156.572	743	0	21
2025.12.31	09:45:00	156.571	156.597	156.555	156.556	616	0	21
2025.12.31	10:00:00	156.555	156.58	156.515	156.515	792	0	21
2025.12.31	10:15:00	156.515	156.575	156.507	156.559	779	0	21
2025.12.31	10:30:00	156.558	156.571	156.495	156.538	712	0	21
2025.12.31	10:45:00	156.539	156.597	156.537	156.583	776	0	21
2025.12.31	11:00:00	156.584	156.608	156.572	156.59	871	0	21
2025.12.31	11:15:00	156.591	156.618	156.545	156.585	780	0	22
2025.12.31	11:30:00	156.584	156.603	156.565	156.575	546	0	21
2025.12.31	11:45:00	156.576	156.639	156.57	156.619	917	0	21
2025.12.31	12:00:00	156.618	156.662	156.597	156.657	826	0	21
2025.12.31	12:15:00	156.658	156.662	156.633	156.634	611	0	21
2025.12.31	12:30:00	156.634	156.637	156.584	156.624	517	0	21
2025.12.31	12:45:00	156.624	156.649	156.598	156.644	714	0	21
2025.12.31	13:00:00	156.645	156.664	156.634	156.635	594	0	21
2025.12.31	13:15:00	156.635	156.65	156.62	156.635	576	0	21
2025.12.31	13:30:00	156.636	156.65	156.62	156.629	593	0	21
2025.12.31	13:45:00	156.628	156.649	156.595	156.599	599	0	21
2025.12.31	14:00:00	156.598	156.604	156.541	156.592	855	0	21
2025.12.31	14:15:00	156.591	156.602	156.554	156.602	853	0	21
2025.12.31	14:30:00	156.607	156.632	156.593	156.627	924	0	21
2025.12.31	14:45:00	156.626	156.629	156.581	156.589	1266	0	21
2025.12.31	15:00:00	156.59	156.659	156.576	156.64	1384	0	21
2025.12.31	15:15:00	156.639	156.659	156.605	156.638	979	0	21
2025.12.31	15:30:00	156.64	156.79	156.637	156.766	1752	0	21
2025.12.31	15:45:00	156.767	156.822	156.745	156.801	1521	0	21
2025.12.31	16:00:00	156.802	156.931	156.789	156.889	1422	0	21
2025.12.31	16:15:00	156.89	156.935	156.879	156.92	1339	0	21
2025.12.31	16:30:00	156.92	156.934	156.838	156.867	1781	0	21
2025.12.31	16:45:00	156.868	156.935	156.831	156.914	1486	0	21
2025.12.31	17:00:00	156.915	156.983	156.91	156.973	1426	0	21
2025.12.31	17:15:00	156.974	156.975	156.901	156.927	1557	0	21
2025.12.31	17:30:00	156.926	156.926	156.848	156.855	1729	0	21
2025.12.31	17:45:00	156.858	156.933	156.704	156.732	2620	0	21
2025.12.31	18:00:00	156.731	156.739	156.633	156.739	1872	0	21
2025.12.31	18:15:00	156.738	156.796	156.695	156.772	1202	0	21
2025.12.31	18:30:00	156.772	156.829	156.772	156.824	1192	0	22
2025.12.31	18:45:00	156.824	156.834	156.793	156.801	964	0	21
2025.12.31	19:00:00	156.798	156.831	156.752	156.791	1155	0	21
2025.12.31	19:15:00	156.79	156.803	156.757	156.79	1032	0	21
2025.12.31	19:30:00	156.798	156.828	156.787	156.799	753	0	21
2025.12.31	19:45:00	156.799	156.845	156.76	156.814	1228	0	22
2026.01.02	08:00:00	156.901	156.956	156.899	156.917	596	0	21
2026.01.02	08:15:00	156.917	156.953	156.907	156.943	454	0	21
2026.01.02	08:30:00	156.937	156.983	156.933	156.977	522	0	21
2026.01.02	08:45:00	156.976	156.982	156.943	156.945	567	0	21
2026.01.02	09:00:00	156.946	156.982	156.892	156.892	1134	0	21
2026.01.02	09:15:00	156.893	156.931	156.87	156.882	972	0	21
2026.01.02	09:30:00	156.882	156.89	156.819	156.874	1002	0	21
2026.01.02	09:45:00	156.873	156.88	156.822	156.848	936	0	21
2026.01.02	10:00:00	156.849	156.984	156.808	156.969	1319	0	21
2026.01.02	10:15:00	156.968	156.986	156.929	156.968	1054	0	21
2026.01.02	10:30:00	156.969	156.97	156.901	156.919	864	0	21
2026.01.02	10:45:00	156.919	156.926	156.861	156.867	991	0	21
2026.01.02	11:00:00	156.866	156.9	156.818	156.825	1368	0	21
2026.01.02	11:15:00	156.824	156.839	156.756	156.81	1390	0	21
2026.01.02	11:30:00	156.809	156.851	156.782	156.79	669	0	21
2026.01.02	11:45:00	156.791	156.905	156.791	156.902	501	0	21
2026.01.02	12:00:00	156.901	156.914	156.881	156.911	982	0	21
2026.01.02	12:15:00	156.911	156.913	156.79	156.853	907	0	21
2026.01.02	12:30:00	156.853	156.866	156.814	156.851	436	0	21
2026.01.02	12:45:00	156.851	156.864	156.804	156.83	512	0	22
2026.01.02	13:00:00	156.83	156.866	156.812	156.863	424	0	21
2026.01.02	13:15:00	156.864	156.902	156.853	156.853	491	0	21
2026.01.02	13:30:00	156.853	156.922	156.851	156.915	596	0	21
2026.01.02	13:45:00	156.913	156.936	156.898	156.909	553	0	21
2026.01.02	14:00:00	156.909	156.917	156.86	156.917	515	0	21
2026.01.02	14:15:00	156.919	156.93	156.885	156.896	562	0	21
2026.01.02	14:30:00	156.898	156.989	156.896	156.963	647	0	21
2026.01.02	14:45:00	156.964	156.989	156.928	156.928	508	0	22
2026.01.02	15:00:00	156.929	156.948	156.846	156.848	1002	0	21
2026.01.02	15:15:00	156.848	156.882	156.819	156.873	1206	0	21
2026.01.02	15:30:00	156.872	156.936	156.869	156.872	969	0	21
2026.01.02	15:45:00	156.872	156.931	156.836	156.895	839	0	21
2026.01.02	16:00:00	156.895	156.908	156.848	156.873	903	0	21
2026.01.02	16:15:00	156.873	156.896	156.812	156.828	822	0	21
2026.01.02	16:30:00	156.825	156.874	156.81	156.846	1562	0	21
2026.01.02	16:45:00	156.845	156.874	156.796	156.84	1254	0	21
2026.01.02	17:00:00	156.841	156.881	156.649	156.716	1937	0	21
2026.01.02	17:15:00	156.716	156.732	156.635	156.682	1595	0	21
2026.01.02	17:30:00	156.682	156.731	156.666	156.68	1554	0	21
2026.01.02	17:45:00	156.679	156.69	156.55	156.579	1827	0	21
2026.01.02	18:00:00	156.579	156.636	156.551	156.633	1800	0	21
2026.01.02	18:15:00	156.633	156.667	156.594	156.629	1255	0	21
2026.01.02	18:30:00	156.63	156.694	156.626	156.688	886	0	21
2026.01.02	18:45:00	156.688	156.758	156.686	156.713	923	0	21
2026.01.02	19:00:00	156.712	156.762	156.71	156.742	761	0	21
2026.01.02	19:15:00	156.744	156.764	156.721	156.725	647	0	21
2026.01.02	19:30:00	156.725	156.739	156.696	156.737	550	0	21
2026.01.02	19:45:00	156.737	156.771	156.723	156.759	773	0	21
2026.01.02	20:00:00	156.758	156.846	156.752	156.842	452	0	21
2026.01.02	20:15:00	156.841	156.883	156.835	156.868	677	0	21
2026.01.02	20:30:00	156.867	156.927	156.867	156.902	847	0	21
2026.01.02	20:45:00	156.904	156.937	156.876	156.881	833	0	21
2026.01.02	21:00:00	156.879	156.936	156.877	156.914	750	0	21
2026.01.02	21:15:00	156.915	156.945	156.903	156.926	549	0	21
2026.01.02	21:30:00	156.926	156.935	156.904	156.907	623	0	21
2026.01.02	21:45:00	156.906	156.906	156.834	156.845	699	0	21
2026.01.02	22:00:00	156.845	156.899	156.834	156.857	837	0	21
2026.01.02	22:15:00	156.856	156.872	156.85	156.869	763	0	22
2026.01.02	22:30:00	156.869	156.887	156.836	156.856	957	0	21
2026.01.02	22:45:00	156.857	156.878	156.848	156.865	724	0	21
2026.01.02	23:00:00	156.865	156.878	156.804	156.823	421	0	21
2026.01.02	23:15:00	156.824	156.831	156.802	156.808	233	0	22
2026.01.02	23:30:00	156.807	156.858	156.799	156.857	189	0	24
2026.01.02	23:45:00	156.857	156.858	156.821	156.854	839	0	24
2026.01.05	00:00:00	156.688	156.744	156.688	156.742	55	0	74
2026.01.05	00:15:00	156.733	156.768	156.731	156.747	170	0	65
2026.01.05	00:30:00	156.744	156.77	156.727	156.735	453	0	45
2026.01.05	00:45:00	156.735	156.736	156.681	156.718	465	0	43
2026.01.05	01:00:00	156.719	156.843	156.717	156.73	537	0	21
2026.01.05	01:15:00	156.729	156.828	156.705	156.816	399	0	21
2026.01.05	01:30:00	156.817	156.951	156.816	156.949	563	0	21
2026.01.05	01:45:00	156.95	157.001	156.903	156.987	1296	0	21
2026.01.05	02:00:00	156.988	157.113	156.908	157.111	2085	0	21
2026.01.05	02:15:00	157.111	157.153	157.057	157.109	1478	0	21
2026.01.05	02:30:00	157.109	157.191	157.095	157.172	1246	0	21
2026.01.05	02:45:00	157.171	157.24	157.109	157.138	1734	0	21
2026.01.05	03:00:00	157.139	157.171	157.075	157.089	1658	0	21
2026.01.05	03:15:00	157.089	157.158	157.015	157.155	1551	0	21
2026.01.05	03:30:00	157.155	157.166	156.98	156.998	1413	0	21
2026.01.05	03:45:00	156.997	157.067	156.928	157.004	1651	0	21
2026.01.05	04:00:00	157.003	157.065	156.98	156.984	1362	0	21
2026.01.05	04:15:00	156.984	157.136	156.94	157.11	1010	0	21
2026.01.05	04:30:00	157.118	157.194	157.118	157.15	946	0	21
2026.01.05	04:45:00	157.149	157.165	157.103	157.135	667	0	21
2026.01.05	05:00:00	157.137	157.193	157.118	157.143	862	0	21
2026.01.05	05:15:00	157.144	157.205	157.117	157.198	721	0	21
2026.01.05	05:30:00	157.198	157.225	157.154	157.158	739	0	21
2026.01.05	05:45:00	157.161	157.22	157.155	157.219	527	0	21
2026.01.05	06:00:00	157.22	157.284	157.22	157.267	936	0	21
2026.01.05	06:15:00	157.268	157.279	157.235	157.276	394	0	21
2026.01.05	06:30:00	157.276	157.285	157.21	157.245	460	0	21
2026.01.05	06:45:00	157.246	157.271	157.214	157.269	369	0	21
2026.01.05	07:00:00	157.269	157.281	157.21	157.218	675	0	21
2026.01.05	07:15:00	157.217	157.22	157.172	157.179	548	0	21
2026.01.05	07:30:00	157.178	157.178	157.103	157.115	574	0	21
2026.01.05	07:45:00	157.114	157.185	157.106	157.171	750	0	21
2026.01.05	08:00:00	157.174	157.222	157.133	157.166	779	0	21
2026.01.05	08:15:00	157.165	157.175	157.1	157.102	684	0	21
2026.01.05	08:30:00	157.102	157.11	157.008	157.036	989	0	21
2026.01.05	08:45:00	157.036	157.08	157.004	157.019	803	0	21
2026.01.05	09:00:00	157.019	157.034	156.963	156.985	1195	0	21
2026.01.05	09:15:00	156.987	157.025	156.964	157.017	676	0	21
2026.01.05	09:30:00	157.017	157.056	156.967	157.032	814	0	21
2026.01.05	09:45:00	157.033	157.07	156.968	156.979	877	0	21
2026.01.05	10:00:00	156.979	157.029	156.892	156.956	1617	0	21
2026.01.05	10:15:00	156.956	156.968	156.696	156.704	1738	0	21
2026.01.05	10:30:00	156.704	156.864	156.676	156.864	1646	0	21
2026.01.05	10:45:00	156.864	156.871	156.794	156.821	1177	0	21
2026.01.05	11:00:00	156.818	156.867	156.771	156.834	1415	0	21
2026.01.05	11:15:00	156.834	156.845	156.782	156.821	1133	0	21
2026.01.05	11:30:00	156.821	156.948	156.814	156.942	1222	0	21
2026.01.05	11:45:00	156.941	156.988	156.912	156.915	1270	0	21
2026.01.05	12:00:00	156.914	156.927	156.819	156.852	1222	0	21
2026.01.05	12:15:00	156.853	156.856	156.73	156.757	1137	0	21
2026.01.05	12:30:00	156.758	156.76	156.684	156.7	1027	0	21
2026.01.05	12:45:00	156.7	156.7	156.561	156.591	1543	0	21
2026.01.05	13:00:00	156.591	156.591	156.52	156.57	1423	0	21
2026.01.05	13:15:00	156.57	156.617	156.534	156.604	1225	0	21
2026.01.05	13:30:00	156.605	156.614	156.554	156.584	942	0	21
2026.01.05	13:45:00	156.584	156.649	156.579	156.61	937	0	21
2026.01.05	14:00:00	156.612	156.612	156.542	156.591	815	0	21
2026.01.05	14:15:00	156.591	156.605	156.528	156.535	975	0	21
2026.01.05	14:30:00	156.535	156.602	156.455	156.595	1280	0	21
2026.01.05	14:45:00	156.593	156.674	156.581	156.636	1400	0	21
2026.01.05	15:00:00	156.635	156.873	156.631	156.796	2333	0	21
2026.01.05	15:15:00	156.796	156.915	156.793	156.902	1630	0	21
2026.01.05	15:30:00	156.904	156.965	156.88	156.925	1718	0	21
2026.01.05	15:45:00	156.924	156.945	156.799	156.815	1494	0	21
2026.01.05	16:00:00	156.814	156.843	156.695	156.728	1360	0	21
2026.01.05	16:15:00	156.728	156.786	156.696	156.762	1258	0	21
2026.01.05	16:30:00	156.761	156.839	156.69	156.757	2656	0	21
2026.01.05	16:45:00	156.759	156.802	156.697	156.736	1993	0	21
2026.01.05	17:00:00	156.713	156.737	156.579	156.643	2304	0	21
2026.01.05	17:15:00	156.644	156.675	156.553	156.597	2043	0	21
2026.01.05	17:30:00	156.597	156.626	156.444	156.527	1952	0	21
2026.01.05	17:45:00	156.527	156.665	156.506	156.567	1756	0	21
2026.01.05	18:00:00	156.567	156.576	156.456	156.483	1809	0	21
2026.01.05	18:15:00	156.486	156.497	156.435	156.435	1320	0	21
2026.01.05	18:30:00	156.435	156.446	156.324	156.328	1580	0	21
2026.01.05	18:45:00	156.328	156.365	156.294	156.312	1351	0	21
2026.01.05	19:00:00	156.313	156.371	156.289	156.36	1274	0	21
2026.01.05	19:15:00	156.359	156.371	156.258	156.29	883	0	21
2026.01.05	19:30:00	156.29	156.337	156.255	156.327	667	0	21
2026.01.05	19:45:00	156.327	156.328	156.304	156.318	576	0	21
2026.01.05	20:00:00	156.318	156.346	156.275	156.3	589	0	21
2026.01.05	20:15:00	156.301	156.342	156.26	156.327	486	0	21
2026.01.05	20:30:00	156.327	156.327	156.198	156.2	528	0	21
2026.01.05	20:45:00	156.2	156.251	156.169	156.175	642	0	21
2026.01.05	21:00:00	156.174	156.174	156.104	156.148	855	0	21
2026.01.05	21:15:00	156.148	156.168	156.125	156.152	757	0	21
2026.01.05	21:30:00	156.153	156.175	156.112	156.175	788	0	21
2026.01.05	21:45:00	156.175	156.233	156.137	156.221	906	0	21
2026.01.05	22:00:00	156.221	156.231	156.171	156.187	582	0	21
2026.01.05	22:15:00	156.186	156.228	156.185	156.222	506	0	21
2026.01.05	22:30:00	156.223	156.265	156.203	156.261	567	0	21
2026.01.05	22:45:00	156.26	156.328	156.26	156.326	971	0	21
2026.01.05	23:00:00	156.325	156.371	156.31	156.368	520	0	21
2026.01.05	23:15:00	156.367	156.4	156.346	156.376	187	0	21
2026.01.05	23:30:00	156.372	156.407	156.372	156.385	223	0	21
2026.01.05	23:45:00	156.384	156.403	156.333	156.333	573	0	22
2026.01.06	00:00:00	156.333	156.342	156.212	156.263	59	0	78
2026.01.06	00:15:00	156.263	156.368	156.263	156.362	87	0	57
2026.01.06	00:30:00	156.365	156.405	156.365	156.403	89	0	42
2026.01.06	00:45:00	156.412	156.497	156.403	156.491	170	0	33
2026.01.06	01:00:00	156.492	156.559	156.469	156.502	413	0	21
2026.01.06	01:15:00	156.502	156.534	156.496	156.533	384	0	21
2026.01.06	01:30:00	156.532	156.581	156.517	156.567	324	0	21
2026.01.06	01:45:00	156.568	156.632	156.565	156.603	625	0	23
2026.01.06	02:00:00	156.604	156.745	156.562	156.718	1617	0	21
2026.01.06	02:15:00	156.708	156.756	156.683	156.747	844	0	21
2026.01.06	02:30:00	156.748	156.771	156.706	156.711	915	0	21
2026.01.06	02:45:00	156.711	156.785	156.517	156.525	2152	0	21
2026.01.06	03:00:00	156.524	156.661	156.512	156.636	1622	0	21
2026.01.06	03:15:00	156.636	156.696	156.561	156.585	1000	0	21
2026.01.06	03:30:00	156.584	156.603	156.54	156.541	886	0	21
2026.01.06	03:45:00	156.54	156.551	156.439	156.441	1127	0	21
2026.01.06	04:00:00	156.441	156.488	156.413	156.434	1135	0	21
2026.01.06	04:15:00	156.435	156.469	156.395	156.443	620	0	21
2026.01.06	04:30:00	156.443	156.454	156.341	156.344	565	0	21
2026.01.06	04:45:00	156.344	156.347	156.259	156.298	620	0	21
2026.01.06	05:00:00	156.299	156.408	156.284	156.406	625	0	21
2026.01.06	05:15:00	156.407	156.424	156.332	156.39	515	0	21
2026.01.06	05:30:00	156.389	156.426	156.303	156.331	541	0	21
2026.01.06	05:45:00	156.331	156.36	156.319	156.35	779	0	21
2026.01.06	06:00:00	156.351	156.359	156.266	156.266	616	0	21
2026.01.06	06:15:00	156.268	156.297	156.23	156.285	429	0	21
2026.01.06	06:30:00	156.286	156.384	156.241	156.38	777	0	21
2026.01.06	06:45:00	156.381	156.428	156.338	156.369	630	0	21
2026.01.06	07:00:00	156.37	156.384	156.321	156.343	564	0	21
2026.01.06	07:15:00	156.345	156.355	156.291	156.311	521	0	21
2026.01.06	07:30:00	156.31	156.367	156.276	156.364	801	0	21
2026.01.06	07:45:00	156.361	156.435	156.348	156.417	1116	0	21
2026.01.06	08:00:00	156.417	156.464	156.392	156.443	949	0	21
2026.01.06	08:15:00	156.444	156.466	156.376	156.39	728	0	21
2026.01.06	08:30:00	156.39	156.445	156.371	156.405	1025	0	21
2026.01.06	08:45:00	156.406	156.408	156.319	156.357	1022	0	21
2026.01.06	09:00:00	156.358	156.359	156.22	156.296	1246	0	21
2026.01.06	09:15:00	156.296	156.36	156.296	156.325	765	0	21
2026.01.06	09:30:00	156.326	156.349	156.239	156.26	922	0	21
2026.01.06	09:45:00	156.264	156.353	156.243	156.323	1135	0	21
2026.01.06	10:00:00	156.323	156.378	156.152	156.202	1920	0	21
2026.01.06	10:15:00	156.203	156.319	156.198	156.304	1554	0	21
2026.01.06	10:30:00	156.304	156.376	156.298	156.341	1392	0	21
2026.01.06	10:45:00	156.341	156.358	156.297	156.31	1022	0	21
2026.01.06	11:00:00	156.309	156.345	156.22	156.282	1777	0	21
2026.01.06	11:15:00	156.281	156.366	156.242	156.355	1290	0	21
2026.01.06	11:30:00	156.354	156.471	156.354	156.398	1079	0	21
2026.01.06	11:45:00	156.398	156.405	156.313	156.366	1210	0	21
2026.01.06	12:00:00	156.365	156.379	156.269	156.319	1367	0	21
2026.01.06	12:15:00	156.318	156.372	156.316	156.364	1083	0	21
2026.01.06	12:30:00	156.364	156.421	156.332	156.416	866	0	21
2026.01.06	12:45:00	156.417	156.452	156.4	156.435	1113	0	21
2026.01.06	13:00:00	156.435	156.528	156.428	156.516	756	0	21
2026.01.06	13:15:00	156.517	156.524	156.441	156.45	950	0	21
2026.01.06	13:30:00	156.45	156.458	156.395	156.418	923	0	21
2026.01.06	13:45:00	156.417	156.464	156.414	156.439	921	0	21
2026.01.06	14:00:00	156.439	156.439	156.285	156.315	1040	0	21
2026.01.06	14:15:00	156.315	156.387	156.314	156.383	1000	0	21
2026.01.06	14:30:00	156.383	156.444	156.354	156.422	1175	0	21
2026.01.06	14:45:00	156.421	156.505	156.41	156.485	1059	0	21
2026.01.06	15:00:00	156.484	156.569	156.39	156.413	2155	0	21
2026.01.06	15:15:00	156.412	156.443	156.374	156.429	1515	0	21
2026.01.06	15:30:00	156.428	156.439	156.34	156.382	1637	0	21
2026.01.06	15:45:00	156.382	156.447	156.343	156.358	1849	0	21
2026.01.06	16:00:00	156.358	156.37	156.29	156.304	1450	0	21
2026.01.06	16:15:00	156.305	156.431	156.304	156.402	1537	0	21
2026.01.06	16:30:00	156.401	156.467	156.351	156.42	1670	0	21
2026.01.06	16:45:00	156.418	156.425	156.331	156.395	1732	0	21
2026.01.06	17:00:00	156.397	156.621	156.393	156.609	1977	0	21
2026.01.06	17:15:00	156.61	156.646	156.561	156.634	2112	0	21
2026.01.06	17:30:00	156.632	156.679	156.601	156.609	1967	0	21
2026.01.06	17:45:00	156.609	156.647	156.558	156.566	1939	0	21
2026.01.06	18:00:00	156.566	156.718	156.559	156.669	1275	0	21
2026.01.06	18:15:00	156.669	156.703	156.652	156.695	925	0	21
2026.01.06	18:30:00	156.695	156.704	156.636	156.669	1092	0	21
2026.01.06	18:45:00	156.669	156.725	156.669	156.694	855	0	21
2026.01.06	19:00:00	156.694	156.729	156.68	156.706	860	0	21
2026.01.06	19:15:00	156.705	156.723	156.66	156.723	1145	0	21
2026.01.06	19:30:00	156.723	156.729	156.685	156.704	804	0	21
2026.01.06	19:45:00	156.703	156.728	156.679	156.679	566	0	21
2026.01.06	20:00:00	156.679	156.715	156.66	156.679	606	0	21
2026.01.06	20:15:00	156.679	156.718	156.652	156.717	539	0	21
2026.01.06	20:30:00	156.716	156.736	156.714	156.716	329	0	21
2026.01.06	20:45:00	156.717	156.737	156.715	156.726	459	0	21
2026.01.06	21:00:00	156.726	156.734	156.704	156.707	578	0	21
2026.01.06	21:15:00	156.707	156.713	156.665	156.682	543	0	21
2026.01.06	21:30:00	156.682	156.693	156.665	156.685	299	0	21
2026.01.06	21:45:00	156.685	156.692	156.598	156.62	576	0	21
2026.01.06	22:00:00	156.62	156.62	156.569	156.589	478	0	21
2026.01.06	22:15:00	156.59	156.61	156.584	156.596	379	0	22
2026.01.06	22:30:00	156.596	156.61	156.572	156.578	563	0	21
2026.01.06	22:45:00	156.578	156.642	156.559	156.639	763	0	21
2026.01.06	23:00:00	156.639	156.664	156.624	156.636	453	0	21
2026.01.06	23:15:00	156.636	156.664	156.609	156.661	406	0	21
2026.01.06	23:30:00	156.659	156.667	156.629	156.636	262	0	23
2026.01.06	23:45:00	156.637	156.671	156.606	156.606	324	0	26
2026.01.07	00:00:00	156.582	156.634	156.569	156.623	46	0	54
2026.01.07	00:15:00	156.623	156.627	156.583	156.604	62	0	48
2026.01.07	00:30:00	156.603	156.622	156.601	156.611	144	0	45
2026.01.07	00:45:00	156.611	156.636	156.591	156.593	252	0	36
2026.01.07	01:00:00	156.597	156.665	156.597	156.63	152	0	23
2026.01.07	01:15:00	156.631	156.654	156.623	156.645	277	0	23
2026.01.07	01:30:00	156.644	156.686	156.642	156.658	319	0	21
2026.01.07	01:45:00	156.657	156.693	156.616	156.653	641	0	21
2026.01.07	02:00:00	156.652	156.797	156.592	156.742	1311	0	21
2026.01.07	02:15:00	156.742	156.743	156.639	156.695	984	0	21
2026.01.07	02:30:00	156.695	156.705	156.529	156.565	1540	0	21
2026.01.07	02:45:00	156.564	156.651	156.554	156.624	1658	0	21
2026.01.07	03:00:00	156.623	156.681	156.548	156.667	1330	0	21
2026.01.07	03:15:00	156.667	156.734	156.642	156.713	883	0	21
2026.01.07	03:30:00	156.712	156.733	156.659	156.691	812	0	21
2026.01.07	03:45:00	156.692	156.728	156.665	156.707	872	0	21
2026.01.07	04:00:00	156.706	156.708	156.643	156.677	644	0	21
2026.01.07	04:15:00	156.677	156.715	156.644	156.706	697	0	21
2026.01.07	04:30:00	156.705	156.717	156.671	156.678	502	0	22
2026.01.07	04:45:00	156.678	156.712	156.631	156.635	484	0	21
2026.01.07	05:00:00	156.634	156.642	156.577	156.615	693	0	21
2026.01.07	05:15:00	156.615	156.631	156.566	156.571	545	0	21
2026.01.07	05:30:00	156.571	156.583	156.496	156.54	630	0	21
2026.01.07	05:45:00	156.54	156.557	156.503	156.55	396	0	21
2026.01.07	06:00:00	156.549	156.556	156.503	156.536	469	0	21
2026.01.07	06:15:00	156.536	156.56	156.522	156.558	945	0	21
2026.01.07	06:30:00	156.558	156.573	156.529	156.533	427	0	21
2026.01.07	06:45:00	156.534	156.538	156.501	156.527	575	0	21
2026.01.07	07:00:00	156.526	156.528	156.398	156.464	829	0	21
2026.01.07	07:15:00	156.463	156.485	156.394	156.406	506	0	21
2026.01.07	07:30:00	156.406	156.453	156.382	156.413	674	0	21
2026.01.07	07:45:00	156.414	156.439	156.354	156.374	714	0	21
2026.01.07	08:00:00	156.373	156.383	156.31	156.337	989	0	21
2026.01.07	08:15:00	156.338	156.376	156.297	156.305	730	0	21
2026.01.07	08:30:00	156.305	156.344	156.294	156.342	566	0	21
2026.01.07	08:45:00	156.343	156.367	156.304	156.333	895	0	21
2026.01.07	09:00:00	156.333	156.367	156.284	156.355	980	0	21
2026.01.07	09:15:00	156.355	156.426	156.355	156.42	947	0	21
2026.01.07	09:30:00	156.42	156.467	156.377	156.378	1088	0	21
2026.01.07	09:45:00	156.379	156.501	156.374	156.474	1239	0	21
2026.01.07	10:00:00	156.474	156.522	156.446	156.486	1275	0	21
2026.01.07	10:15:00	156.486	156.534	156.455	156.524	1082	0	21
2026.01.07	10:30:00	156.523	156.573	156.502	156.549	902	0	21
2026.01.07	10:45:00	156.553	156.56	156.491	156.515	830	0	21
2026.01.07	11:00:00	156.516	156.565	156.497	156.525	852	0	21
2026.01.07	11:15:00	156.525	156.549	156.465	156.467	824	0	21
2026.01.07	11:30:00	156.468	156.489	156.42	156.456	793	0	21
2026.01.07	11:45:00	156.456	156.489	156.449	156.452	800	0	21
2026.01.07	12:00:00	156.452	156.491	156.43	156.454	747	0	21
2026.01.07	12:15:00	156.455	156.489	156.449	156.478	649	0	21
2026.01.07	12:30:00	156.479	156.497	156.444	156.464	798	0	21
2026.01.07	12:45:00	156.465	156.524	156.454	156.516	755	0	21
2026.01.07	13:00:00	156.517	156.558	156.507	156.519	566	0	21
2026.01.07	13:15:00	156.518	156.556	156.497	156.54	556	0	21
2026.01.07	13:30:00	156.54	156.571	156.532	156.559	700	0	21
2026.01.07	13:45:00	156.56	156.56	156.503	156.503	734	0	21
2026.01.07	14:00:00	156.503	156.514	156.463	156.505	814	0	21
2026.01.07	14:15:00	156.504	156.555	156.497	156.536	702	0	21
2026.01.07	14:30:00	156.537	156.549	156.488	156.539	900	0	21
2026.01.07	14:45:00	156.54	156.54	156.491	156.501	735	0	21
2026.01.07	15:00:00	156.5	156.569	156.478	156.546	974	0	21
2026.01.07	15:15:00	156.537	156.537	156.399	156.438	1696	0	21
2026.01.07	15:30:00	156.436	156.452	156.351	156.4	1561	0	21
2026.01.07	15:45:00	156.398	156.416	156.354	156.405	1331	0	21
2026.01.07	16:00:00	156.412	156.476	156.382	156.47	1260	0	21
2026.01.07	16:15:00	156.47	156.509	156.447	156.49	1151	0	21
2026.01.07	16:30:00	156.493	156.515	156.454	156.482	1775	0	21
2026.01.07	16:45:00	156.48	156.544	156.385	156.394	2091	0	21
2026.01.07	17:00:00	156.395	156.648	156.393	156.641	3696	0	21
2026.01.07	17:15:00	156.64	156.677	156.592	156.599	2255	0	21
2026.01.07	17:30:00	156.598	156.645	156.497	156.551	2164	0	21
2026.01.07	17:45:00	156.551	156.713	156.541	156.67	1956	0	21
2026.01.07	18:00:00	156.67	156.768	156.631	156.756	1507	0	21
2026.01.07	18:15:00	156.75	156.789	156.708	156.73	1156	0	21
2026.01.07	18:30:00	156.73	156.73	156.646	156.652	1263	0	21
2026.01.07	18:45:00	156.655	156.749	156.654	156.724	627	0	21
2026.01.07	19:00:00	156.723	156.723	156.614	156.668	723	0	21
2026.01.07	19:15:00	156.666	156.68	156.603	156.604	517	0	21
2026.01.07	19:30:00	156.604	156.647	156.564	156.632	677	0	21
2026.01.07	19:45:00	156.632	156.641	156.599	156.608	716	0	21
2026.01.07	20:00:00	156.607	156.638	156.585	156.624	876	0	21
2026.01.07	20:15:00	156.624	156.66	156.622	156.65	661	0	21
2026.01.07	20:30:00	156.649	156.676	156.638	156.653	503	0	21
2026.01.07	20:45:00	156.654	156.693	156.64	156.686	698	0	21
2026.01.07	21:00:00	156.686	156.733	156.672	156.681	735	0	21
2026.01.07	21:15:00	156.68	156.733	156.678	156.733	456	0	21
2026.01.07	21:30:00	156.735	156.75	156.718	156.735	511	0	21
2026.01.07	21:45:00	156.736	156.743	156.71	156.73	490	0	21
2026.01.07	22:00:00	156.731	156.751	156.712	156.75	667	0	21
2026.01.07	22:15:00	156.75	156.774	156.739	156.769	566	0	21
2026.01.07	22:30:00	156.769	156.776	156.751	156.758	558	0	21
2026.01.07	22:45:00	156.758	156.779	156.744	156.763	475	0	21
2026.01.07	23:00:00	156.764	156.787	156.763	156.782	286	0	21
2026.01.07	23:15:00	156.781	156.788	156.78	156.784	92	0	21
2026.01.07	23:30:00	156.782	156.789	156.766	156.767	250	0	21
2026.01.07	23:45:00	156.766	156.767	156.73	156.732	431	0	22
2026.01.08	00:00:00	156.731	156.731	156.685	156.729	37	0	51
2026.01.08	00:15:00	156.729	156.729	156.689	156.693	31	0	51
2026.01.08	00:30:00	156.692	156.704	156.602	156.704	43	0	40
2026.01.08	00:45:00	156.706	156.706	156.654	156.654	20	0	42
2026.01.08	01:00:00	156.659	156.677	156.646	156.662	248	0	25
2026.01.08	01:15:00	156.66	156.691	156.659	156.69	100	0	26
2026.01.08	01:30:00	156.688	156.743	156.688	156.714	644	0	21
2026.01.08	01:45:00	156.716	156.739	156.684	156.687	356	0	21
2026.01.08	02:00:00	156.688	156.785	156.664	156.759	1052	0	21
2026.01.08	02:15:00	156.76	156.79	156.726	156.729	774	0	21
2026.01.08	02:30:00	156.73	156.784	156.721	156.776	846	0	21
2026.01.08	02:45:00	156.777	156.784	156.731	156.774	1086	0	21
2026.01.08	03:00:00	156.776	156.783	156.705	156.745	841	0	21
2026.01.08	03:15:00	156.746	156.846	156.723	156.825	722	0	21
2026.01.08	03:30:00	156.826	156.926	156.797	156.923	1127	0	21
2026.01.08	03:45:00	156.923	156.931	156.861	156.9	784	0	21
2026.01.08	04:00:00	156.899	156.919	156.868	156.905	647	0	21
2026.01.08	04:15:00	156.906	156.942	156.901	156.906	496	0	21
2026.01.08	04:30:00	156.904	156.906	156.819	156.835	425	0	21
2026.01.08	04:45:00	156.834	156.856	156.812	156.826	556	0	21
2026.01.08	05:00:00	156.828	156.828	156.74	156.744	616	0	21
2026.01.08	05:15:00	156.743	156.745	156.634	156.653	1027	0	21
2026.01.08	05:30:00	156.654	156.724	156.619	156.717	626	0	21
2026.01.08	05:45:00	156.718	156.731	156.665	156.706	497	0	21
2026.01.08	06:00:00	156.706	156.72	156.654	156.706	619	0	21
2026.01.08	06:15:00	156.706	156.711	156.679	156.682	350	0	21
2026.01.08	06:30:00	156.683	156.702	156.654	156.695	353	0	21
2026.01.08	06:45:00	156.695	156.719	156.67	156.68	331	0	21
2026.01.08	07:00:00	156.681	156.706	156.644	156.646	530	0	21
2026.01.08	07:15:00	156.647	156.722	156.646	156.701	547	0	21
2026.01.08	07:30:00	156.702	156.711	156.666	156.667	659	0	21
2026.01.08	07:45:00	156.666	156.685	156.631	156.66	839	0	21
2026.01.08	08:00:00	156.658	156.678	156.553	156.556	875	0	21
2026.01.08	08:15:00	156.555	156.562	156.489	156.561	1368	0	21
2026.01.08	08:30:00	156.561	156.594	156.501	156.572	774	0	21
2026.01.08	08:45:00	156.571	156.594	156.524	156.569	923	0	21
2026.01.08	09:00:00	156.569	156.639	156.532	156.63	894	0	21
2026.01.08	09:15:00	156.632	156.684	156.583	156.596	929	0	21
2026.01.08	09:30:00	156.596	156.596	156.532	156.556	921	0	21
2026.01.08	09:45:00	156.557	156.606	156.457	156.457	1363	0	21
2026.01.08	10:00:00	156.456	156.547	156.448	156.543	1623	0	21
2026.01.08	10:15:00	156.542	156.588	156.525	156.555	1120	0	21
2026.01.08	10:30:00	156.554	156.694	156.551	156.689	1245	0	21
2026.01.08	10:45:00	156.689	156.705	156.66	156.694	959	0	21
2026.01.08	11:00:00	156.695	156.702	156.619	156.678	976	0	21
2026.01.08	11:15:00	156.679	156.703	156.644	156.694	706	0	21
2026.01.08	11:30:00	156.695	156.71	156.672	156.702	888	0	21
2026.01.08	11:45:00	156.703	156.771	156.703	156.732	965	0	21
2026.01.08	12:00:00	156.735	156.769	156.724	156.739	982	0	21
2026.01.08	12:15:00	156.738	156.763	156.719	156.72	662	0	21
2026.01.08	12:30:00	156.72	156.724	156.666	156.672	768	0	21
2026.01.08	12:45:00	156.671	156.695	156.668	156.671	539	0	21
2026.01.08	13:00:00	156.67	156.72	156.654	156.719	736	0	21
2026.01.08	13:15:00	156.719	156.747	156.708	156.743	543	0	21
2026.01.08	13:30:00	156.743	156.77	156.737	156.745	726	0	21
2026.01.08	13:45:00	156.746	156.756	156.717	156.749	511	0	21
2026.01.08	14:00:00	156.75	156.768	156.738	156.758	595	0	21
2026.01.08	14:15:00	156.759	156.77	156.713	156.716	597	0	21
2026.01.08	14:30:00	156.715	156.727	156.678	156.702	552	0	21
2026.01.08	14:45:00	156.701	156.744	156.69	156.71	467	0	21
2026.01.08	15:00:00	156.71	156.713	156.675	156.701	628	0	21
2026.01.08	15:15:00	156.701	156.716	156.652	156.677	701	0	21
2026.01.08	15:30:00	156.676	156.847	156.665	156.841	1443	0	21
2026.01.08	15:45:00	156.841	156.951	156.841	156.951	1273	0	21
2026.01.08	16:00:00	156.952	157.003	156.927	156.989	1632	0	21
2026.01.08	16:15:00	156.99	157.06	156.987	156.99	1500	0	21
2026.01.08	16:30:00	156.99	157.056	156.956	157.007	1846	0	21
2026.01.08	16:45:00	157.007	157.022	156.946	156.963	1526	0	21
2026.01.08	17:00:00	156.961	157.045	156.948	157.016	1746	0	21
2026.01.08	17:15:00	157.016	157.023	156.938	156.97	1595	0	21
2026.01.08	17:30:00	156.972	156.992	156.912	156.942	1161	0	21
2026.01.08	17:45:00	156.943	156.95	156.84	156.853	1486	0	21
2026.01.08	18:00:00	156.854	156.929	156.836	156.921	835	0	21
2026.01.08	18:15:00	156.92	156.974	156.884	156.919	1250	0	21
2026.01.08	18:30:00	156.918	156.946	156.846	156.862	958	0	21
2026.01.08	18:45:00	156.862	156.892	156.846	156.889	676	0	21
2026.01.08	19:00:00	156.89	156.894	156.796	156.813	968	0	21
2026.01.08	19:15:00	156.812	156.816	156.763	156.811	770	0	21
2026.01.08	19:30:00	156.813	156.884	156.805	156.854	641	0	21
2026.01.08	19:45:00	156.855	156.856	156.795	156.797	574	0	21
2026.01.08	20:00:00	156.796	156.846	156.784	156.834	705	0	21
2026.01.08	20:15:00	156.833	156.844	156.809	156.836	473	0	21
2026.01.08	20:30:00	156.835	156.871	156.832	156.838	491	0	21
2026.01.08	20:45:00	156.837	156.882	156.828	156.881	483	0	21
2026.01.08	21:00:00	156.882	156.91	156.88	156.907	351	0	21
2026.01.08	21:15:00	156.906	156.944	156.895	156.943	390	0	21
2026.01.08	21:30:00	156.944	156.964	156.92	156.956	443	0	21
2026.01.08	21:45:00	156.955	156.973	156.945	156.955	487	0	21
2026.01.08	22:00:00	156.953	156.972	156.94	156.97	337	0	21
2026.01.08	22:15:00	156.97	156.981	156.941	156.942	623	0	21
2026.01.08	22:30:00	156.941	156.971	156.906	156.961	577	0	21
2026.01.08	22:45:00	156.961	156.972	156.938	156.942	591	0	21
2026.01.08	23:00:00	156.944	156.979	156.937	156.94	417	0	21
2026.01.08	23:15:00	156.939	156.957	156.877	156.881	355	0	21
2026.01.08	23:30:00	156.879	156.903	156.806	156.856	286	0	21
2026.01.08	23:45:00	156.857	156.867	156.82	156.839	960	0	21
2026.01.09	00:00:00	156.839	156.843	156.644	156.837	84	0	46
2026.01.09	00:15:00	156.837	156.841	156.701	156.701	46	0	42
2026.01.09	00:30:00	156.705	156.797	156.705	156.762	50	0	61
2026.01.09	00:45:00	156.762	156.818	156.762	156.812	89	0	43
2026.01.09	01:00:00	156.811	156.893	156.811	156.892	236	0	21
2026.01.09	01:15:00	156.892	156.906	156.856	156.878	618	0	21
2026.01.09	01:30:00	156.879	156.91	156.858	156.909	316	0	23
2026.01.09	01:45:00	156.908	156.92	156.851	156.857	304	0	23
2026.01.09	02:00:00	156.859	156.942	156.856	156.941	1044	0	21
2026.01.09	02:15:00	156.942	156.953	156.893	156.947	652	0	21
2026.01.09	02:30:00	156.947	157.002	156.946	156.996	700	0	21
2026.01.09	02:45:00	156.996	157.048	156.94	156.996	1523	0	21
2026.01.09	03:00:00	156.997	157.081	156.981	157.051	865	0	21
2026.01.09	03:15:00	157.051	157.12	157.006	157.099	930	0	21
2026.01.09	03:30:00	157.095	157.1	157.035	157.084	911	0	21
2026.01.09	03:45:00	157.084	157.156	157.058	157.149	1235	0	21
2026.01.09	04:00:00	157.148	157.23	157.126	157.22	948	0	21
2026.01.09	04:15:00	157.219	157.225	157.144	157.144	780	0	21
2026.01.09	04:30:00	157.143	157.249	157.111	157.196	883	0	21
2026.01.09	04:45:00	157.196	157.218	157.169	157.17	564	0	21
2026.01.09	05:00:00	157.169	157.207	157.153	157.17	598	0	21
2026.01.09	05:15:00	157.169	157.209	157.145	157.195	431	0	21
2026.01.09	05:30:00	157.196	157.213	157.16	157.197	354	0	21
2026.01.09	05:45:00	157.197	157.23	157.194	157.224	408	0	21
2026.01.09	06:00:00	157.227	157.28	157.217	157.267	610	0	21
2026.01.09	06:15:00	157.268	157.285	157.234	157.239	597	0	21
2026.01.09	06:30:00	157.239	157.264	157.23	157.239	501	0	21
2026.01.09	06:45:00	157.239	157.249	157.181	157.2	673	0	21
2026.01.09	07:00:00	157.201	157.299	157.201	157.282	787	0	21
2026.01.09	07:15:00	157.281	157.296	157.26	157.292	594	0	21
2026.01.09	07:30:00	157.292	157.38	157.284	157.328	784	0	21
2026.01.09	07:45:00	157.329	157.37	157.326	157.363	823	0	21
2026.01.09	08:00:00	157.363	157.413	157.355	157.4	931	0	21
2026.01.09	08:15:00	157.402	157.425	157.34	157.374	539	0	21
2026.01.09	08:30:00	157.374	157.392	157.331	157.362	818	0	21
2026.01.09	08:45:00	157.363	157.404	157.351	157.39	822	0	21
2026.01.09	09:00:00	157.391	157.449	157.376	157.439	1098	0	21
2026.01.09	09:15:00	157.438	157.487	157.436	157.468	1013	0	21
2026.01.09	09:30:00	157.468	157.56	157.465	157.528	990	0	21
2026.01.09	09:45:00	157.527	157.536	157.465	157.468	970	0	21
2026.01.09	10:00:00	157.467	157.582	157.446	157.576	1375	0	21
2026.01.09	10:15:00	157.576	157.603	157.507	157.563	1106	0	21
2026.01.09	10:30:00	157.564	157.628	157.548	157.624	1023	0	21
2026.01.09	10:45:00	157.624	157.657	157.583	157.634	1273	0	21
2026.01.09	11:00:00	157.633	157.649	157.562	157.623	1190	0	21
2026.01.09	11:15:00	157.621	157.664	157.609	157.647	848	0	21
2026.01.09	11:30:00	157.648	157.669	157.622	157.669	902	0	21
2026.01.09	11:45:00	157.667	157.724	157.649	157.697	720	0	21
2026.01.09	12:00:00	157.699	157.712	157.681	157.687	662	0	21
2026.01.09	12:15:00	157.687	157.699	157.632	157.641	810	0	21
2026.01.09	12:30:00	157.64	157.669	157.627	157.634	723	0	21
2026.01.09	12:45:00	157.634	157.676	157.629	157.64	480	0	21
2026.01.09	13:00:00	157.639	157.671	157.616	157.635	719	0	21
2026.01.09	13:15:00	157.637	157.639	157.602	157.612	677	0	21
2026.01.09	13:30:00	157.612	157.615	157.575	157.584	624	0	21
2026.01.09	13:45:00	157.584	157.601	157.555	157.565	748	0	21
2026.01.09	14:00:00	157.565	157.585	157.549	157.578	709	0	21
2026.01.09	14:15:00	157.577	157.67	157.574	157.643	625	0	21
2026.01.09	14:30:00	157.643	157.698	157.637	157.649	817	0	21
2026.01.09	14:45:00	157.648	157.67	157.631	157.638	1034	0	21
2026.01.09	15:00:00	157.636	157.636	157.55	157.554	1115	0	21
2026.01.09	15:15:00	157.554	157.582	157.538	157.552	1188	0	21
2026.01.09	15:30:00	157.558	157.808	157.37	157.395	5263	0	21
2026.01.09	15:45:00	157.396	157.54	157.358	157.478	3243	0	21
2026.01.09	16:00:00	157.478	157.951	157.359	157.906	3992	0	21
2026.01.09	16:15:00	157.904	157.939	157.716	157.924	4151	0	21
2026.01.09	16:30:00	157.923	157.976	157.882	157.944	2826	0	21
2026.01.09	16:45:00	157.951	158.041	157.904	157.909	2744	0	21
2026.01.09	17:00:00	157.917	158.115	157.806	158.101	3597	0	21
2026.01.09	17:15:00	158.104	158.174	158.074	158.11	2663	0	21
2026.01.09	17:30:00	158.12	158.13	157.922	157.953	2363	0	21
2026.01.09	17:45:00	157.95	157.969	157.833	157.858	2469	0	21
2026.01.09	18:00:00	157.859	157.981	157.819	157.957	1549	0	21
2026.01.09	18:15:00	157.957	158.066	157.925	158.065	1244	0	21
2026.01.09	18:30:00	158.063	158.119	158.053	158.062	1463	0	21
2026.01.09	18:45:00	158.061	158.08	158.039	158.066	1039	0	21
2026.01.09	19:00:00	158.065	158.094	157.995	158.002	1318	0	21
2026.01.09	19:15:00	158.002	158.073	157.978	158.016	1273	0	21
2026.01.09	19:30:00	158.016	158.057	157.986	158.029	1013	0	21
2026.01.09	19:45:00	158.028	158.047	157.985	158.041	783	0	21
2026.01.09	20:00:00	158.042	158.056	157.988	158.02	843	0	21
2026.01.09	20:15:00	158.021	158.038	157.94	157.965	737	0	21
2026.01.09	20:30:00	157.964	157.964	157.858	157.868	962	0	21
2026.01.09	20:45:00	157.868	157.914	157.851	157.904	803	0	21
2026.01.09	21:00:00	157.904	157.912	157.862	157.89	887	0	21
2026.01.09	21:15:00	157.89	157.891	157.821	157.831	644	0	21
2026.01.09	21:30:00	157.831	157.894	157.831	157.881	693	0	21
2026.01.09	21:45:00	157.881	157.892	157.857	157.875	599	0	21
2026.01.09	22:00:00	157.874	157.899	157.866	157.868	430	0	21
2026.01.09	22:15:00	157.868	157.886	157.861	157.867	329	0	21
2026.01.09	22:30:00	157.867	157.888	157.858	157.883	425	0	21
2026.01.09	22:45:00	157.882	157.892	157.846	157.873	556	0	21
2026.01.09	23:00:00	157.873	157.893	157.861	157.871	420	0	21
2026.01.09	23:15:00	157.872	157.895	157.845	157.86	338	0	21
2026.01.09	23:30:00	157.859	157.93	157.854	157.912	144	0	21
2026.01.09	23:45:00	157.914	157.942	157.888	157.922	437	0	27
2026.01.12	00:00:00	158.072	158.092	157.986	157.987	56	0	55
2026.01.12	00:15:00	157.989	158.031	157.985	158.031	59	0	60
2026.01.12	00:30:00	158.031	158.037	158.017	158.031	85	0	51
2026.01.12	00:45:00	158.029	158.039	158.022	158.039	19	0	42
2026.01.12	01:00:00	158.039	158.074	157.973	158.043	262	0	21
2026.01.12	01:15:00	158.042	158.15	158.03	158.135	342	0	21
2026.01.12	01:30:00	158.135	158.172	158.102	158.134	367	0	21
2026.01.12	01:45:00	158.134	158.165	158.119	158.126	560	0	22
2026.01.12	02:00:00	158.125	158.194	157.908	157.917	1650	0	21
2026.01.12	02:15:00	157.916	157.96	157.833	157.848	1081	0	21
2026.01.12	02:30:00	157.848	157.88	157.599	157.624	2141	0	21
2026.01.12	02:45:00	157.625	157.656	157.544	157.565	1834	0	21
2026.01.12	03:00:00	157.564	157.66	157.505	157.588	2207	0	21
2026.01.12	03:15:00	157.589	157.631	157.525	157.618	1894	0	21
2026.01.12	03:30:00	157.617	157.737	157.615	157.725	1529	0	21
2026.01.12	03:45:00	157.727	157.743	157.67	157.737	860	0	21
2026.01.12	04:00:00	157.736	157.773	157.656	157.725	784	0	21
2026.01.12	04:15:00	157.724	157.853	157.711	157.852	918	0	21
2026.01.12	04:30:00	157.853	157.909	157.846	157.887	764	0	21
2026.01.12	04:45:00	157.887	158.064	157.878	158.039	871	0	21
2026.01.12	05:00:00	158.037	158.037	157.931	157.956	684	0	21
2026.01.12	05:15:00	157.956	158.03	157.951	158.012	517	0	21
2026.01.12	05:30:00	158.011	158.053	157.999	158.037	410	0	21
2026.01.12	05:45:00	158.037	158.109	158.02	158.108	554	0	21
2026.01.12	06:00:00	158.109	158.171	158.106	158.124	526	0	21
2026.01.12	06:15:00	158.125	158.155	158.106	158.124	311	0	21
2026.01.12	06:30:00	158.125	158.153	158.111	158.133	283	0	21
2026.01.12	06:45:00	158.133	158.136	158.11	158.11	315	0	21
2026.01.12	07:00:00	158.109	158.139	158.063	158.099	425	0	21
2026.01.12	07:15:00	158.098	158.099	158.046	158.056	535	0	21
2026.01.12	07:30:00	158.057	158.081	158.016	158.019	753	0	21
2026.01.12	07:45:00	158.02	158.031	157.985	157.992	554	0	21
2026.01.12	08:00:00	157.993	158.058	157.974	158.045	499	0	21
2026.01.12	08:15:00	158.046	158.055	157.95	157.985	530	0	21
2026.01.12	08:30:00	157.986	158.022	157.955	158.006	788	0	21
2026.01.12	08:45:00	158.006	158.018	157.972	158.002	647	0	21
2026.01.12	09:00:00	158.003	158.021	157.893	157.895	1272	0	21
2026.01.12	09:15:00	157.896	157.913	157.817	157.845	1285	0	21
2026.01.12	09:30:00	157.845	157.872	157.79	157.815	1106	0	21
2026.01.12	09:45:00	157.815	157.863	157.796	157.836	840	0	21
2026.01.12	10:00:00	157.834	157.84	157.708	157.814	1448	0	21
2026.01.12	10:15:00	157.817	157.85	157.776	157.814	1127	0	21
2026.01.12	10:30:00	157.816	157.816	157.663	157.739	1319	0	21
2026.01.12	10:45:00	157.74	157.775	157.676	157.766	1154	0	21
2026.01.12	11:00:00	157.765	157.821	157.737	157.79	1218	0	21
2026.01.12	11:15:00	157.79	157.797	157.71	157.717	825	0	21
2026.01.12	11:30:00	157.716	157.875	157.714	157.831	675	0	21
2026.01.12	11:45:00	157.833	157.89	157.833	157.883	698	0	21
2026.01.12	12:00:00	157.883	157.906	157.848	157.886	572	0	21
2026.01.12	12:15:00	157.886	157.946	157.877	157.896	560	0	21
2026.01.12	12:30:00	157.897	157.951	157.889	157.92	825	0	21
2026.01.12	12:45:00	157.921	157.921	157.821	157.839	722	0	21
2026.01.12	13:00:00	157.84	157.867	157.774	157.809	704	0	21
2026.01.12	13:15:00	157.809	157.865	157.794	157.863	480	0	21
2026.01.12	13:30:00	157.862	157.916	157.831	157.838	632	0	21
2026.01.12	13:45:00	157.838	157.897	157.831	157.884	748	0	21
2026.01.12	14:00:00	157.888	157.946	157.846	157.859	826	0	21
2026.01.12	14:15:00	157.86	157.861	157.803	157.835	831	0	21
2026.01.12	14:30:00	157.834	157.836	157.8	157.82	594	0	21
2026.01.12	14:45:00	157.819	157.89	157.814	157.845	1047	0	21
2026.01.12	15:00:00	157.844	157.886	157.714	157.726	1263	0	21
2026.01.12	15:15:00	157.725	157.807	157.718	157.797	1013	0	21
2026.01.12	15:30:00	157.798	157.816	157.754	157.77	1130	0	21
2026.01.12	15:45:00	157.771	157.839	157.696	157.831	1579	0	21
2026.01.12	16:00:00	157.832	157.906	157.822	157.897	1659	0	21
2026.01.12	16:15:00	157.899	157.985	157.899	157.98	1540	0	21
2026.01.12	16:30:00	157.979	158.036	157.944	157.982	2005	0	21
2026.01.12	16:45:00	157.98	157.997	157.915	157.929	1756	0	21
2026.01.12	17:00:00	157.929	157.965	157.89	157.909	1203	0	21
2026.01.12	17:15:00	157.909	157.933	157.842	157.925	1288	0	21
2026.01.12	17:30:00	157.923	157.927	157.861	157.883	938	0	21
2026.01.12	17:45:00	157.884	157.965	157.858	157.962	1461	0	21
2026.01.12	18:00:00	157.963	158.073	157.934	158.056	1273	0	21
2026.01.12	18:15:00	158.057	158.091	158.016	158.083	890	0	21
2026.01.12	18:30:00	158.084	158.132	158.04	158.059	1013	0	21
2026.01.12	18:45:00	158.058	158.144	158.055	158.143	689	0	21
2026.01.12	19:00:00	158.145	158.16	158.075	158.081	965	0	21
2026.01.12	19:15:00	158.082	158.143	158.078	158.092	903	0	21
2026.01.12	19:30:00	158.093	158.105	158.054	158.067	681	0	21
2026.01.12	19:45:00	158.066	158.094	158.055	158.075	708	0	21
2026.01.12	20:00:00	158.074	158.121	158.041	158.069	769	0	21
2026.01.12	20:15:00	158.069	158.092	158.055	158.08	472	0	21
2026.01.12	20:30:00	158.081	158.102	158.079	158.097	307	0	21
2026.01.12	20:45:00	158.097	158.134	158.091	158.121	343	0	21
2026.01.12	21:00:00	158.122	158.138	158.109	158.116	310	0	21
2026.01.12	21:15:00	158.115	158.131	158.095	158.107	351	0	21
2026.01.12	21:30:00	158.106	158.131	158.082	158.129	628	0	21
2026.01.12	21:45:00	158.128	158.136	158.105	158.129	400	0	21
2026.01.12	22:00:00	158.129	158.137	158.103	158.106	316	0	21
2026.01.12	22:15:00	158.105	158.138	158.105	158.128	307	0	21
2026.01.12	22:30:00	158.127	158.173	158.116	158.167	500	0	21
2026.01.12	22:45:00	158.167	158.189	158.165	158.174	637	0	21
2026.01.12	23:00:00	158.174	158.183	158.136	158.14	429	0	21
2026.01.12	23:15:00	158.139	158.158	158.124	158.15	240	0	21
2026.01.12	23:30:00	158.152	158.153	158.112	158.124	202	0	24
2026.01.12	23:45:00	158.123	158.15	158.091	158.091	369	0	24
2026.01.13	00:00:00	158.093	158.093	157.995	158.042	43	0	69
2026.01.13	00:15:00	158.025	158.102	158.025	158.052	30	0	79
2026.01.13	00:30:00	158.052	158.075	158.045	158.06	747	0	55
2026.01.13	00:45:00	158.06	158.096	158.049	158.059	798	0	53
2026.01.13	01:00:00	158.049	158.164	158.049	158.158	256	0	22
2026.01.13	01:15:00	158.158	158.16	157.882	158.033	1132	0	21
2026.01.13	01:30:00	158.032	158.057	157.993	158.006	541	0	22
2026.01.13	01:45:00	158.006	158.024	157.911	157.963	966	0	21
2026.01.13	02:00:00	157.964	158.064	157.954	158.064	1078	0	21
2026.01.13	02:15:00	158.064	158.128	158.064	158.094	695	0	21
2026.01.13	02:30:00	158.093	158.169	158.049	158.16	869	0	21
2026.01.13	02:45:00	158.16	158.274	158.122	158.15	1591	0	21
2026.01.13	03:00:00	158.149	158.278	158.148	158.238	1076	0	21
2026.01.13	03:15:00	158.239	158.387	158.227	158.378	1190	0	21
2026.01.13	03:30:00	158.379	158.47	158.367	158.433	1040	0	21
2026.01.13	03:45:00	158.433	158.492	158.413	158.472	733	0	21
2026.01.13	04:00:00	158.472	158.492	158.347	158.347	906	0	21
2026.01.13	04:15:00	158.35	158.555	158.325	158.547	852	0	21
2026.01.13	04:30:00	158.549	158.64	158.539	158.627	990	0	21
2026.01.13	04:45:00	158.627	158.678	158.627	158.66	817	0	21
2026.01.13	05:00:00	158.66	158.751	158.645	158.672	711	0	21
2026.01.13	05:15:00	158.673	158.685	158.632	158.673	572	0	21
2026.01.13	05:30:00	158.673	158.758	158.667	158.754	445	0	21
2026.01.13	05:45:00	158.755	158.814	158.731	158.801	689	0	21
2026.01.13	06:00:00	158.802	158.848	158.78	158.833	816	0	21
2026.01.13	06:15:00	158.834	158.899	158.621	158.684	2375	0	21
2026.01.13	06:30:00	158.684	158.797	158.654	158.748	1195	0	21
2026.01.13	06:45:00	158.748	158.831	158.69	158.709	1061	0	21
2026.01.13	07:00:00	158.708	158.817	158.694	158.744	1096	0	21
2026.01.13	07:15:00	158.744	158.784	158.704	158.757	800	0	21
2026.01.13	07:30:00	158.758	158.79	158.716	158.788	636	0	21
2026.01.13	07:45:00	158.788	158.813	158.75	158.772	845	0	21
2026.01.13	08:00:00	158.772	158.896	158.771	158.871	1173	0	21
2026.01.13	08:15:00	158.87	158.959	158.849	158.936	928	0	21
2026.01.13	08:30:00	158.93	158.95	158.886	158.898	863	0	21
2026.01.13	08:45:00	158.896	158.931	158.732	158.748	927	0	21
2026.01.13	09:00:00	158.75	158.862	158.721	158.86	1246	0	21
2026.01.13	09:15:00	158.862	158.943	158.8	158.822	1111	0	21
2026.01.13	09:30:00	158.822	158.83	158.751	158.822	999	0	21
2026.01.13	09:45:00	158.821	158.941	158.811	158.929	1322	0	21
2026.01.13	10:00:00	158.929	158.975	158.859	158.888	1689	0	21
2026.01.13	10:15:00	158.893	158.976	158.882	158.959	1392	0	21
2026.01.13	10:30:00	158.959	158.985	158.935	158.975	1155	0	21
2026.01.13	10:45:00	158.975	159.037	158.912	158.918	1034	0	21
2026.01.13	11:00:00	158.921	159.007	158.886	158.961	873	0	21
2026.01.13	11:15:00	158.957	158.965	158.872	158.902	857	0	21
2026.01.13	11:30:00	158.903	158.904	158.804	158.84	947	0	21
2026.01.13	11:45:00	158.841	158.887	158.829	158.879	853	0	21
2026.01.13	12:00:00	158.88	158.921	158.865	158.893	1157	0	21
2026.01.13	12:15:00	158.893	158.935	158.861	158.871	1037	0	21
2026.01.13	12:30:00	158.87	158.916	158.829	158.868	1057	0	21
2026.01.13	12:45:00	158.872	158.882	158.79	158.793	747	0	21
2026.01.13	13:00:00	158.794	158.892	158.792	158.865	846	0	21
2026.01.13	13:15:00	158.872	158.933	158.862	158.9	643	0	21
2026.01.13	13:30:00	158.901	158.903	158.835	158.857	763	0	21
2026.01.13	13:45:00	158.856	158.885	158.829	158.845	685	0	21
2026.01.13	14:00:00	158.845	158.877	158.829	158.87	589	0	21
2026.01.13	14:15:00	158.87	158.896	158.859	158.883	539	0	21
2026.01.13	14:30:00	158.883	158.926	158.874	158.902	646	0	21
2026.01.13	14:45:00	158.898	158.921	158.856	158.881	1021	0	21
2026.01.13	15:00:00	158.881	158.888	158.8	158.83	1064	0	21
2026.01.13	15:15:00	158.829	158.918	158.829	158.881	1135	0	21
2026.01.13	15:30:00	158.881	158.896	158.568	158.774	4599	0	21
2026.01.13	15:45:00	158.775	158.945	158.761	158.87	2533	0	21
2026.01.13	16:00:00	158.869	158.929	158.801	158.915	1975	0	21
2026.01.13	16:15:00	158.919	158.93	158.791	158.83	1716	0	21
2026.01.13	16:30:00	158.829	158.986	158.812	158.903	2149	0	21
2026.01.13	16:45:00	158.906	158.953	158.876	158.897	1966	0	21
2026.01.13	17:00:00	158.9	159.053	158.847	158.99	2272	0	21
2026.01.13	17:15:00	158.99	159.015	158.919	158.984	1870	0	21
2026.01.13	17:30:00	158.985	159.077	158.949	159.01	1794	0	21
2026.01.13	17:45:00	159.01	159.032	158.863	158.916	2147	0	21
2026.01.13	18:00:00	158.917	159.134	158.893	159.126	2048	0	21
2026.01.13	18:15:00	159.127	159.179	159.118	159.154	1932	0	21
2026.01.13	18:30:00	159.155	159.166	159.086	159.13	1065	0	21
2026.01.13	18:45:00	159.131	159.132	159.042	159.057	1346	0	21
2026.01.13	19:00:00	159.058	159.118	159.044	159.096	865	0	21
2026.01.13	19:15:00	159.098	159.13	159.061	159.104	813	0	21
2026.01.13	19:30:00	159.104	159.109	158.981	158.981	783	0	21
2026.01.13	19:45:00	158.981	159.042	158.965	159.016	903	0	21
2026.01.13	20:00:00	159.014	159.069	158.989	159.044	887	0	21
2026.01.13	20:15:00	159.044	159.071	159.016	159.071	625	0	21
2026.01.13	20:30:00	159.071	159.083	159.034	159.035	503	0	21
2026.01.13	20:45:00	159.034	159.048	159.015	159.031	563	0	21
2026.01.13	21:00:00	159.031	159.087	159.027	159.058	786	0	21
2026.01.13	21:15:00	159.058	159.117	159.053	159.116	767	0	21
2026.01.13	21:30:00	159.116	159.134	159.104	159.105	516	0	21
2026.01.13	21:45:00	159.105	159.127	159.098	159.104	536	0	21
2026.01.13	22:00:00	159.105	159.118	159.078	159.092	494	0	21
2026.01.13	22:15:00	159.091	159.119	159.089	159.116	387	0	21
2026.01.13	22:30:00	159.115	159.148	159.095	159.121	513	0	21
2026.01.13	22:45:00	159.12	159.131	159.094	159.107	542	0	21
2026.01.13	23:00:00	159.108	159.135	159.1	159.134	269	0	22
2026.01.13	23:15:00	159.133	159.146	159.118	159.131	220	0	21
2026.01.13	23:30:00	159.132	159.142	159.123	159.137	124	0	22
2026.01.13	23:45:00	159.138	159.162	159.093	159.093	317	0	21
2026.01.14	00:00:00	159.094	159.164	158.998	159.151	44	0	36
2026.01.14	00:15:00	159.143	159.143	159.053	159.069	76	0	52
2026.01.14	00:30:00	159.07	159.09	159.016	159.085	284	0	64
2026.01.14	00:45:00	159.076	159.141	159.026	159.079	612	0	44
2026.01.14	01:00:00	159.075	159.171	159.075	159.135	293	0	21
2026.01.14	01:15:00	159.135	159.14	159.122	159.126	237	0	25
2026.01.14	01:30:00	159.127	159.187	159.124	159.185	304	0	24
2026.01.14	01:45:00	159.184	159.191	159.138	159.186	536	0	21
2026.01.14	02:00:00	159.188	159.274	159.162	159.254	984	0	21
2026.01.14	02:15:00	159.253	159.256	159.083	159.107	1071	0	21
2026.01.14	02:30:00	159.109	159.164	159.1	159.154	855	0	21
2026.01.14	02:45:00	159.155	159.213	159.119	159.184	1614	0	21
2026.01.14	03:00:00	159.184	159.399	159.183	159.382	1454	0	21
2026.01.14	03:15:00	159.382	159.415	159.368	159.393	817	0	21
2026.01.14	03:30:00	159.393	159.442	159.338	159.354	721	0	21
2026.01.14	03:45:00	159.354	159.357	159.276	159.327	775	0	21
2026.01.14	04:00:00	159.326	159.381	159.28	159.36	1001	0	21
2026.01.14	04:15:00	159.359	159.368	159.224	159.251	820	0	21
2026.01.14	04:30:00	159.25	159.304	159.203	159.292	851	0	21
2026.01.14	04:45:00	159.291	159.294	159.17	159.195	820	0	21
2026.01.14	05:00:00	159.194	159.195	159.078	159.139	736	0	21
2026.01.14	05:15:00	159.138	159.192	159.138	159.185	423	0	21
2026.01.14	05:30:00	159.186	159.191	159.071	159.1	598	0	21
2026.01.14	05:45:00	159.099	159.157	159.098	159.15	667	0	21
2026.01.14	06:00:00	159.152	159.191	159.115	159.179	488	0	21
2026.01.14	06:15:00	159.18	159.221	159.166	159.205	436	0	21
2026.01.14	06:30:00	159.206	159.214	159.169	159.201	548	0	21
2026.01.14	06:45:00	159.202	159.232	159.181	159.193	465	0	21
2026.01.14	07:00:00	159.193	159.225	159.153	159.225	434	0	21
2026.01.14	07:15:00	159.222	159.284	159.215	159.277	471	0	21
2026.01.14	07:30:00	159.279	159.315	159.264	159.313	569	0	21
2026.01.14	07:45:00	159.312	159.329	159.285	159.325	570	0	21
2026.01.14	08:00:00	159.323	159.339	159.219	159.229	684	0	21
2026.01.14	08:15:00	159.229	159.312	159.228	159.303	660	0	21
2026.01.14	08:30:00	159.302	159.328	159.175	159.19	853	0	21
2026.01.14	08:45:00	159.189	159.214	159.123	159.131	994	0	21
2026.01.14	09:00:00	159.132	159.185	159.101	159.166	986	0	21
2026.01.14	09:15:00	159.164	159.166	159.103	159.141	1054	0	21
2026.01.14	09:30:00	159.142	159.173	159.135	159.141	634	0	21
2026.01.14	09:45:00	159.14	159.176	159.095	159.165	756	0	21
2026.01.14	10:00:00	159.164	159.181	159.002	159.139	1911	0	21
2026.01.14	10:15:00	159.138	159.18	159.037	159.053	1355	0	21
2026.01.14	10:30:00	159.052	159.054	158.853	159.013	2755	0	21
2026.01.14	10:45:00	159.014	159.075	158.891	158.918	2291	0	21
2026.01.14	11:00:00	158.917	158.936	158.819	158.823	1726	0	21
2026.01.14	11:15:00	158.824	158.837	158.661	158.798	2004	0	21
2026.01.14	11:30:00	158.798	158.877	158.779	158.862	1160	0	21
2026.01.14	11:45:00	158.861	158.861	158.714	158.749	1469	0	21
2026.01.14	12:00:00	158.751	158.803	158.679	158.773	1338	0	21
2026.01.14	12:15:00	158.772	158.783	158.675	158.679	1339	0	21
2026.01.14	12:30:00	158.678	158.714	158.583	158.599	1302	0	21
2026.01.14	12:45:00	158.598	158.681	158.571	158.673	1620	0	21
2026.01.14	13:00:00	158.674	158.75	158.635	158.747	1219	0	21
2026.01.14	13:15:00	158.747	158.764	158.722	158.748	838	0	21
2026.01.14	13:30:00	158.747	158.789	158.725	158.784	628	0	21
2026.01.14	13:45:00	158.783	158.811	158.56	158.702	923	0	21
2026.01.14	14:00:00	158.701	158.702	158.139	158.675	3504	0	21
2026.01.14	14:15:00	158.677	158.707	158.586	158.625	1188	0	21
2026.01.14	14:30:00	158.624	158.636	158.517	158.574	1341	0	21
2026.01.14	14:45:00	158.575	158.638	158.52	158.547	1738	0	21
2026.01.14	15:00:00	158.548	158.637	158.492	158.61	1762	0	21
2026.01.14	15:15:00	158.608	158.674	158.582	158.628	1203	0	21
2026.01.14	15:30:00	158.623	158.73	158.528	158.55	2114	0	21
2026.01.14	15:45:00	158.549	158.636	158.51	158.586	1491	0	21
2026.01.14	16:00:00	158.586	158.661	158.229	158.337	2451	0	21
2026.01.14	16:15:00	158.337	158.452	158.191	158.236	2379	0	21
2026.01.14	16:30:00	158.237	158.343	158.146	158.167	3427	0	21
2026.01.14	16:45:00	158.168	158.268	158.161	158.203	2917	0	21
2026.01.14	17:00:00	158.196	158.403	158.196	158.39	3613	0	21
2026.01.14	17:15:00	158.391	158.397	158.267	158.273	1915	0	21
2026.01.14	17:30:00	158.272	158.34	158.171	158.2	2053	0	21
2026.01.14	17:45:00	158.199	158.253	158.094	158.113	1505	0	21
2026.01.14	18:00:00	158.113	158.168	158.091	158.164	1106	0	21
2026.01.14	18:15:00	158.164	158.274	158.149	158.227	1312	0	21
2026.01.14	18:30:00	158.228	158.259	158.122	158.154	1289	0	21
2026.01.14	18:45:00	158.153	158.179	158.11	158.125	1310	0	21
2026.01.14	19:00:00	158.124	158.213	158.111	158.201	1042	0	21
2026.01.14	19:15:00	158.201	158.278	158.2	158.262	876	0	21
2026.01.14	19:30:00	158.26	158.331	158.244	158.321	810	0	21
2026.01.14	19:45:00	158.32	158.328	158.277	158.29	596	0	21
2026.01.14	20:00:00	158.29	158.395	158.29	158.387	623	0	21
2026.01.14	20:15:00	158.388	158.403	158.375	158.385	614	0	21
2026.01.14	20:30:00	158.385	158.387	158.299	158.334	790	0	21
2026.01.14	20:45:00	158.334	158.453	158.325	158.453	762	0	21
2026.01.14	21:00:00	158.456	158.466	158.411	158.421	941	0	21
2026.01.14	21:15:00	158.416	158.47	158.411	158.451	500	0	21
2026.01.14	21:30:00	158.45	158.482	158.436	158.453	537	0	21
2026.01.14	21:45:00	158.454	158.508	158.454	158.493	811	0	21
2026.01.14	22:00:00	158.492	158.559	158.448	158.525	1519	0	21
2026.01.14	22:15:00	158.524	158.546	158.515	158.522	830	0	21
2026.01.14	22:30:00	158.523	158.547	158.486	158.547	891	0	21
2026.01.14	22:45:00	158.546	158.586	158.54	158.579	918	0	21
2026.01.14	23:00:00	158.578	158.587	158.52	158.55	473	0	21
2026.01.14	23:15:00	158.55	158.561	158.502	158.533	302	0	21
2026.01.14	23:30:00	158.534	158.539	158.48	158.482	248	0	21
2026.01.14	23:45:00	158.481	158.508	158.38	158.38	749	0	25
2026.01.15	00:00:00	158.365	158.383	158.324	158.347	39	0	70
2026.01.15	00:15:00	158.347	158.378	158.341	158.364	128	0	106
2026.01.15	00:30:00	158.365	158.384	158.183	158.255	423	0	44
2026.01.15	00:45:00	158.254	158.266	158.181	158.247	326	0	71
2026.01.15	01:00:00	158.246	158.287	158.236	158.247	320	0	22
2026.01.15	01:15:00	158.247	158.351	158.246	158.348	285	0	22
2026.01.15	01:30:00	158.347	158.414	158.339	158.371	436	0	21
2026.01.15	01:45:00	158.372	158.419	158.346	158.408	806	0	22
2026.01.15	02:00:00	158.41	158.538	158.41	158.524	1101	0	21
2026.01.15	02:15:00	158.523	158.546	158.429	158.523	900	0	21
2026.01.15	02:30:00	158.523	158.562	158.481	158.548	1111	0	21
2026.01.15	02:45:00	158.547	158.564	158.37	158.398	1992	0	21
2026.01.15	03:00:00	158.4	158.421	158.306	158.317	1538	0	21
2026.01.15	03:15:00	158.317	158.394	158.301	158.391	1339	0	21
2026.01.15	03:30:00	158.392	158.425	158.234	158.247	1576	0	21
2026.01.15	03:45:00	158.248	158.343	158.217	158.342	1241	0	21
2026.01.15	04:00:00	158.343	158.383	158.299	158.309	1092	0	21
2026.01.15	04:15:00	158.31	158.459	158.31	158.458	797	0	21
2026.01.15	04:30:00	158.457	158.533	158.434	158.529	887	0	21
2026.01.15	04:45:00	158.528	158.528	158.456	158.509	1048	0	21
2026.01.15	05:00:00	158.509	158.63	158.483	158.619	739	0	21
2026.01.15	05:15:00	158.618	158.631	158.526	158.526	753	0	21
2026.01.15	05:30:00	158.527	158.563	158.525	158.527	735	0	21
2026.01.15	05:45:00	158.529	158.555	158.497	158.502	846	0	21
2026.01.15	06:00:00	158.502	158.514	158.466	158.505	395	0	21
2026.01.15	06:15:00	158.505	158.592	158.488	158.581	436	0	21
2026.01.15	06:30:00	158.581	158.621	158.536	158.593	499	0	21
2026.01.15	06:45:00	158.592	158.635	158.565	158.581	581	0	21
2026.01.15	07:00:00	158.582	158.604	158.489	158.526	875	0	21
2026.01.15	07:15:00	158.525	158.546	158.474	158.481	730	0	21
2026.01.15	07:30:00	158.481	158.531	158.477	158.495	441	0	21
2026.01.15	07:45:00	158.493	158.493	158.369	158.421	841	0	21
2026.01.15	08:00:00	158.417	158.502	158.387	158.491	1099	0	21
2026.01.15	08:15:00	158.488	158.56	158.48	158.54	1118	0	21
2026.01.15	08:30:00	158.541	158.62	158.536	158.618	787	0	21
2026.01.15	08:45:00	158.619	158.64	158.576	158.601	881	0	21
2026.01.15	09:00:00	158.602	158.683	158.539	158.67	1394	0	21
2026.01.15	09:15:00	158.671	158.72	158.494	158.561	1556	0	21
2026.01.15	09:30:00	158.561	158.621	158.441	158.455	987	0	21
2026.01.15	09:45:00	158.456	158.571	158.441	158.569	1154	0	21
2026.01.15	10:00:00	158.57	158.686	158.528	158.654	1557	0	21
2026.01.15	10:15:00	158.656	158.693	158.567	158.57	1368	0	21
2026.01.15	10:30:00	158.568	158.702	158.563	158.682	1173	0	21
2026.01.15	10:45:00	158.681	158.693	158.629	158.678	1281	0	21
2026.01.15	11:00:00	158.679	158.689	158.61	158.668	1125	0	21
2026.01.15	11:15:00	158.669	158.671	158.315	158.459	2440	0	21
2026.01.15	11:30:00	158.461	158.492	158.329	158.38	1409	0	21
2026.01.15	11:45:00	158.381	158.388	158.29	158.387	1007	0	21
2026.01.15	12:00:00	158.385	158.385	158.334	158.36	965	0	21
2026.01.15	12:15:00	158.36	158.441	158.36	158.425	874	0	21
2026.01.15	12:30:00	158.426	158.46	158.401	158.407	909	0	21
2026.01.15	12:45:00	158.406	158.46	158.406	158.454	867	0	21
2026.01.15	13:00:00	158.454	158.467	158.423	158.44	763	0	21
2026.01.15	13:15:00	158.441	158.5	158.439	158.48	624	0	21
2026.01.15	13:30:00	158.482	158.518	158.451	158.516	590	0	21
2026.01.15	13:45:00	158.515	158.555	158.515	158.555	598	0	21
2026.01.15	14:00:00	158.558	158.584	158.529	158.559	580	0	21
2026.01.15	14:15:00	158.558	158.57	158.489	158.501	587	0	21
2026.01.15	14:30:00	158.502	158.55	158.478	158.53	661	0	21
2026.01.15	14:45:00	158.531	158.593	158.528	158.585	1215	0	21
2026.01.15	15:00:00	158.586	158.607	158.542	158.596	1179	0	21
2026.01.15	15:15:00	158.597	158.622	158.542	158.552	1143	0	21
2026.01.15	15:30:00	158.551	158.783	158.551	158.731	2580	0	21
2026.01.15	15:45:00	158.731	158.843	158.729	158.817	1540	0	21
2026.01.15	16:00:00	158.815	158.867	158.74	158.756	1538	0	21
2026.01.15	16:15:00	158.757	158.769	158.635	158.705	1408	0	21
2026.01.15	16:30:00	158.705	158.84	158.654	158.816	1925	0	21
2026.01.15	16:45:00	158.815	158.83	158.688	158.728	1570	0	21
2026.01.15	17:00:00	158.728	158.731	158.615	158.682	1345	0	21
2026.01.15	17:15:00	158.682	158.685	158.57	158.571	1482	0	21
2026.01.15	17:30:00	158.572	158.612	158.5	158.52	1535	0	21
2026.01.15	17:45:00	158.52	158.551	158.463	158.526	1644	0	21
2026.01.15	18:00:00	158.525	158.558	158.494	158.506	1244	0	21
2026.01.15	18:15:00	158.506	158.507	158.402	158.447	889	0	21
2026.01.15	18:30:00	158.446	158.487	158.433	158.485	921	0	21
2026.01.15	18:45:00	158.486	158.532	158.454	158.488	996	0	21
2026.01.15	19:00:00	158.489	158.511	158.435	158.456	760	0	21
2026.01.15	19:15:00	158.457	158.49	158.441	158.448	714	0	21
2026.01.15	19:30:00	158.449	158.478	158.446	158.47	727	0	21
2026.01.15	19:45:00	158.471	158.527	158.456	158.497	718	0	21
2026.01.15	20:00:00	158.497	158.511	158.464	158.491	842	0	21
2026.01.15	20:15:00	158.491	158.51	158.474	158.483	640	0	21
2026.01.15	20:30:00	158.482	158.5	158.466	158.478	601	0	21
2026.01.15	20:45:00	158.478	158.494	158.469	158.481	511	0	21
2026.01.15	21:00:00	158.48	158.525	158.48	158.492	753	0	21
2026.01.15	21:15:00	158.492	158.492	158.452	158.466	614	0	21
2026.01.15	21:30:00	158.465	158.542	158.465	158.539	801	0	21
2026.01.15	21:45:00	158.538	158.549	158.514	158.516	621	0	21
2026.01.15	22:00:00	158.515	158.528	158.502	158.519	564	0	21
2026.01.15	22:15:00	158.518	158.585	158.515	158.569	755	0	21
2026.01.15	22:30:00	158.568	158.616	158.563	158.591	607	0	21
2026.01.15	22:45:00	158.59	158.635	158.578	158.63	551	0	21
2026.01.15	23:00:00	158.63	158.663	158.617	158.646	338	0	21
2026.01.15	23:15:00	158.647	158.657	158.594	158.607	349	0	21
2026.01.15	23:30:00	158.606	158.642	158.601	158.637	301	0	21
2026.01.15	23:45:00	158.638	158.642	158.567	158.567	525	0	23
2026.01.16	00:00:00	158.558	158.576	158.544	158.568	36	0	105
2026.01.16	00:15:00	158.568	158.58	158.546	158.58	45	0	76
2026.01.16	00:30:00	158.569	158.589	158.554	158.582	177	0	66
2026.01.16	00:45:00	158.563	158.604	158.563	158.601	340	0	58
2026.01.16	01:00:00	158.601	158.66	158.557	158.606	194	0	21
2026.01.16	01:15:00	158.605	158.65	158.602	158.634	303	0	23
2026.01.16	01:30:00	158.635	158.657	158.612	158.613	547	0	23
2026.01.16	01:45:00	158.612	158.62	158.552	158.579	349	0	21
2026.01.16	02:00:00	158.579	158.587	158.507	158.544	845	0	21
2026.01.16	02:15:00	158.545	158.585	158.54	158.581	519	0	21
2026.01.16	02:30:00	158.579	158.598	158.528	158.574	707	0	21
2026.01.16	02:45:00	158.573	158.695	158.568	158.643	1468	0	21
2026.01.16	03:00:00	158.642	158.671	158.534	158.534	1049	0	21
2026.01.16	03:15:00	158.533	158.535	158.461	158.494	822	0	21
2026.01.16	03:30:00	158.493	158.525	158.463	158.517	661	0	21
2026.01.16	03:45:00	158.517	158.599	158.502	158.586	810	0	21
2026.01.16	04:00:00	158.587	158.62	158.505	158.541	754	0	21
2026.01.16	04:15:00	158.541	158.574	158.328	158.398	1446	0	21
2026.01.16	04:30:00	158.398	158.41	157.951	158.137	2139	0	21
2026.01.16	04:45:00	158.141	158.331	158.123	158.293	1584	0	21
2026.01.16	05:00:00	158.29	158.299	158.125	158.127	1180	0	21
2026.01.16	05:15:00	158.127	158.255	158.127	158.204	768	0	21
2026.01.16	05:30:00	158.203	158.222	158.121	158.129	584	0	21
2026.01.16	05:45:00	158.13	158.184	158.097	158.097	692	0	21
2026.01.16	06:00:00	158.095	158.23	158.088	158.207	674	0	21
2026.01.16	06:15:00	158.207	158.242	158.183	158.184	580	0	21
2026.01.16	06:30:00	158.184	158.261	158.15	158.251	486	0	21
2026.01.16	06:45:00	158.25	158.28	158.238	158.265	426	0	21
2026.01.16	07:00:00	158.266	158.282	158.236	158.269	387	0	21
2026.01.16	07:15:00	158.27	158.295	158.241	158.244	438	0	21
2026.01.16	07:30:00	158.244	158.283	158.214	158.28	507	0	21
2026.01.16	07:45:00	158.281	158.369	158.279	158.366	554	0	21
2026.01.16	08:00:00	158.367	158.398	158.325	158.377	583	0	21
2026.01.16	08:15:00	158.378	158.425	158.366	158.374	638	0	21
2026.01.16	08:30:00	158.376	158.422	158.365	158.378	596	0	21
2026.01.16	08:45:00	158.379	158.439	158.335	158.375	533	0	21
2026.01.16	09:00:00	158.376	158.392	158.279	158.287	903	0	21
2026.01.16	09:15:00	158.286	158.29	158.174	158.184	1111	0	21
2026.01.16	09:30:00	158.185	158.257	158.091	158.094	1860	0	21
2026.01.16	09:45:00	158.093	158.167	158.087	158.155	1694	0	21
2026.01.16	10:00:00	158.156	158.243	158.107	158.183	1655	0	21
2026.01.16	10:15:00	158.187	158.202	158.085	158.135	1291	0	21
2026.01.16	10:30:00	158.136	158.148	158.0	158.095	1517	0	21
2026.01.16	10:45:00	158.095	158.219	158.049	158.199	1115	0	21
2026.01.16	11:00:00	158.198	158.202	158.068	158.122	955	0	21
2026.01.16	11:15:00	158.122	158.154	158.095	158.117	952	0	21
2026.01.16	11:30:00	158.116	158.155	158.063	158.111	1101	0	21
2026.01.16	11:45:00	158.11	158.191	158.073	158.183	1012	0	21
2026.01.16	12:00:00	158.184	158.208	158.125	158.145	1128	0	21
2026.01.16	12:15:00	158.144	158.155	158.089	158.096	933	0	21
2026.01.16	12:30:00	158.093	158.119	158.066	158.085	983	0	21
2026.01.16	12:45:00	158.091	158.136	158.08	158.113	620	0	21
2026.01.16	13:00:00	158.113	158.142	158.066	158.085	943	0	21
2026.01.16	13:15:00	158.086	158.115	158.049	158.106	794	0	21
2026.01.16	13:30:00	158.108	158.108	158.048	158.052	754	0	21
2026.01.16	13:45:00	158.051	158.086	158.039	158.083	729	0	21
2026.01.16	14:00:00	158.082	158.16	158.064	158.115	1003	0	21
2026.01.16	14:15:00	158.114	158.191	158.114	158.186	948	0	21
2026.01.16	14:30:00	158.187	158.214	158.132	158.143	975	0	21
2026.01.16	14:45:00	158.144	158.185	158.125	158.14	951	0	21
2026.01.16	15:00:00	158.141	158.142	158.062	158.065	876	0	21
2026.01.16	15:15:00	158.065	158.123	158.05	158.109	1453	0	21
2026.01.16	15:30:00	158.108	158.11	158.002	158.02	1148	0	21
2026.01.16	15:45:00	158.02	158.036	157.932	158.009	847	0	21
2026.01.16	16:00:00	158.009	158.093	157.987	158.036	920	0	21
2026.01.16	16:15:00	158.049	158.107	158.039	158.046	872	0	21
2026.01.16	16:30:00	158.048	158.091	157.986	157.994	1255	0	21
2026.01.16	16:45:00	157.993	158.022	157.831	157.897	1364	0	21
2026.01.16	17:00:00	157.896	157.896	157.81	157.848	1621	0	21
2026.01.16	17:15:00	157.848	158.096	157.831	158.056	2963	0	21
2026.01.16	17:30:00	158.059	158.255	158.036	158.204	2601	0	21
2026.01.16	17:45:00	158.204	158.227	157.994	158.052	2472	0	21
2026.01.16	18:00:00	158.053	158.086	157.924	157.924	1895	0	21
2026.01.16	18:15:00	157.925	158.056	157.925	158.02	1699	0	21
2026.01.16	18:30:00	158.02	158.09	157.968	157.985	1212	0	21
2026.01.16	18:45:00	157.986	158.019	157.96	158.011	1030	0	21
2026.01.16	19:00:00	158.012	158.081	158.009	158.041	1016	0	21
2026.01.16	19:15:00	158.042	158.114	158.034	158.085	572	0	21
2026.01.16	19:30:00	158.084	158.105	158.068	158.093	492	0	21
2026.01.16	19:45:00	158.093	158.149	158.085	158.13	738	0	21
2026.01.16	20:00:00	158.131	158.207	158.127	158.178	608	0	21
2026.01.16	20:15:00	158.178	158.231	158.175	158.179	620	0	21
2026.01.16	20:30:00	158.18	158.197	158.144	158.154	533	0	21
2026.01.16	20:45:00	158.154	158.168	158.116	158.168	485	0	21
2026.01.16	21:00:00	158.168	158.197	158.16	158.161	617	0	21
2026.01.16	21:15:00	158.162	158.2	158.149	158.151	349	0	21
2026.01.16	21:30:00	158.15	158.164	158.135	158.141	344	0	21
2026.01.16	21:45:00	158.141	158.148	158.09	158.111	454	0	21
2026.01.16	22:00:00	158.11	158.111	158.054	158.056	483	0	21
2026.01.16	22:15:00	158.057	158.075	158.045	158.048	337	0	21
2026.01.16	22:30:00	158.047	158.083	158.028	158.081	478	0	21
2026.01.16	22:45:00	158.08	158.081	158.031	158.066	380	0	21
2026.01.16	23:00:00	158.067	158.095	158.052	158.094	304	0	21
2026.01.16	23:15:00	158.095	158.105	158.057	158.08	242	0	21
2026.01.16	23:30:00	158.081	158.11	158.067	158.107	144	0	23
2026.01.16	23:45:00	158.103	158.126	158.065	158.085	941	0	27
2026.01.19	00:00:00	157.883	157.925	157.769	157.925	104	0	37
2026.01.19	00:15:00	157.925	157.954	157.839	157.856	157	0	37
2026.01.19	00:30:00	157.856	157.884	157.836	157.865	772	0	48
2026.01.19	00:45:00	157.856	157.866	157.789	157.833	425	0	39
2026.01.19	01:00:00	157.833	157.834	157.628	157.708	1515	0	21
2026.01.19	01:15:00	157.713	157.806	157.64	157.666	1943	0	21
2026.01.19	01:30:00	157.665	157.706	157.527	157.535	1929	0	21
2026.01.19	01:45:00	157.535	157.582	157.488	157.539	1591	0	21
2026.01.19	02:00:00	157.54	157.86	157.505	157.818	1913	0	21
2026.01.19	02:15:00	157.816	157.867	157.567	157.655	2425	0	21
2026.01.19	02:30:00	157.655	157.673	157.507	157.527	2010	0	21
2026.01.19	02:45:00	157.528	157.593	157.434	157.463	1959	0	21
2026.01.19	03:00:00	157.462	157.609	157.436	157.496	1969	0	21
2026.01.19	03:15:00	157.495	157.551	157.413	157.432	1758	0	21
2026.01.19	03:30:00	157.439	157.584	157.43	157.583	1219	0	21
2026.01.19	03:45:00	157.582	157.687	157.582	157.673	1090	0	21
2026.01.19	04:00:00	157.674	157.816	157.672	157.77	1268	0	21
2026.01.19	04:15:00	157.769	157.856	157.751	157.778	692	0	21
2026.01.19	04:30:00	157.78	157.877	157.763	157.874	703	0	21
2026.01.19	04:45:00	157.873	157.917	157.849	157.853	758	0	21
2026.01.19	05:00:00	157.855	157.935	157.823	157.902	787	0	21
2026.01.19	05:15:00	157.901	157.914	157.8	157.808	1074	0	21
2026.01.19	05:30:00	157.808	157.915	157.806	157.902	942	0	21
2026.01.19	05:45:00	157.902	157.906	157.851	157.869	789	0	21
2026.01.19	06:00:00	157.87	157.892	157.812	157.879	642	0	21
2026.01.19	06:15:00	157.88	157.906	157.827	157.841	477	0	21
2026.01.19	06:30:00	157.841	157.866	157.832	157.841	530	0	21
2026.01.19	06:45:00	157.842	157.868	157.811	157.816	793	0	21
2026.01.19	07:00:00	157.813	157.817	157.743	157.779	710	0	21
2026.01.19	07:15:00	157.782	157.82	157.749	157.793	454	0	21
2026.01.19	07:30:00	157.797	157.938	157.781	157.927	679	0	21
2026.01.19	07:45:00	157.927	157.932	157.88	157.889	781	0	21
2026.01.19	08:00:00	157.888	157.926	157.865	157.903	472	0	21
2026.01.19	08:15:00	157.902	157.903	157.824	157.875	789	0	21
2026.01.19	08:30:00	157.876	157.911	157.827	157.843	728	0	21
2026.01.19	08:45:00	157.844	157.868	157.779	157.802	672	0	21
2026.01.19	09:00:00	157.801	157.842	157.733	157.764	1450	0	21
2026.01.19	09:15:00	157.765	157.912	157.749	157.902	926	0	21
2026.01.19	09:30:00	157.908	158.053	157.887	158.011	1354	0	21
2026.01.19	09:45:00	158.012	158.111	158.012	158.066	1098	0	21
2026.01.19	10:00:00	158.067	158.139	157.998	158.08	1591	0	21
2026.01.19	10:15:00	158.08	158.108	158.027	158.102	1340	0	21
2026.01.19	10:30:00	158.106	158.117	157.994	158.035	1007	0	21
2026.01.19	10:45:00	158.035	158.041	157.987	158.014	901	0	21
2026.01.19	11:00:00	158.014	158.145	157.931	158.031	1787	0	21
2026.01.19	11:15:00	158.031	158.131	157.957	158.051	2129	0	21
2026.01.19	11:30:00	158.053	158.154	157.848	157.932	2326	0	21
2026.01.19	11:45:00	157.934	158.018	157.91	157.913	1370	0	21
2026.01.19	12:00:00	157.914	157.981	157.883	157.918	1126	0	21
2026.01.19	12:15:00	157.918	157.965	157.882	157.885	1053	0	21
2026.01.19	12:30:00	157.885	157.906	157.849	157.879	559	0	21
2026.01.19	12:45:00	157.878	157.885	157.815	157.873	758	0	21
2026.01.19	13:00:00	157.873	157.976	157.871	157.96	698	0	21
2026.01.19	13:15:00	157.959	158.019	157.955	158.017	907	0	21
2026.01.19	13:30:00	158.019	158.066	158.015	158.058	668	0	21
2026.01.19	13:45:00	158.057	158.095	158.018	158.029	785	0	21
2026.01.19	14:00:00	158.028	158.05	157.931	157.956	891	0	21
2026.01.19	14:15:00	157.957	157.971	157.907	157.931	913	0	21
2026.01.19	14:30:00	157.931	157.972	157.916	157.957	494	0	21
2026.01.19	14:45:00	157.956	158.014	157.943	158.009	665	0	21
2026.01.19	15:00:00	158.008	158.018	157.921	157.933	844	0	21
2026.01.19	15:15:00	157.932	157.946	157.912	157.932	526	0	21
2026.01.19	15:30:00	157.933	157.933	157.867	157.886	532	0	21
2026.01.19	15:45:00	157.886	157.935	157.866	157.908	551	0	21
2026.01.19	16:00:00	157.912	157.937	157.886	157.921	768	0	21
2026.01.19	16:15:00	157.92	157.932	157.864	157.885	657	0	21
2026.01.19	16:30:00	157.886	157.936	157.864	157.885	502	0	21
2026.01.19	16:45:00	157.884	157.906	157.853	157.89	903	0	21
2026.01.19	17:00:00	157.893	157.909	157.85	157.889	932	0	21
2026.01.19	17:15:00	157.888	157.98	157.888	157.97	770	0	21
2026.01.19	17:30:00	157.968	158.027	157.951	158.014	1167	0	21
2026.01.19	17:45:00	158.014	158.068	157.997	158.05	1660	0	21
2026.01.19	18:00:00	158.05	158.09	158.027	158.053	1206	0	21
2026.01.19	18:15:00	158.054	158.126	158.043	158.094	800	0	21
2026.01.19	18:30:00	158.095	158.125	158.07	158.111	437	0	21
2026.01.19	18:45:00	158.112	158.124	158.053	158.064	484	0	21
2026.01.19	19:00:00	158.058	158.095	158.051	158.076	301	0	21
2026.01.19	19:15:00	158.076	158.08	158.055	158.065	479	0	21
2026.01.19	19:30:00	158.066	158.066	158.008	158.01	400	0	21
2026.01.19	19:45:00	158.01	158.047	157.999	158.021	285	0	21
2026.01.19	20:00:00	158.019	158.021	157.994	158.003	259	0	22
2026.01.19	20:15:00	158.003	158.021	157.998	158.015	243	0	21
2026.01.19	20:30:00	158.016	158.047	158.016	158.041	180	0	21
2026.01.19	20:45:00	158.04	158.063	158.04	158.062	179	0	21
2026.01.19	21:00:00	158.063	158.093	158.063	158.081	159	0	21
2026.01.19	21:15:00	158.083	158.102	158.079	158.079	88	0	21
2026.01.19	21:30:00	158.079	158.084	158.066	158.078	113	0	22
2026.01.19	21:45:00	158.08	158.083	158.068	158.07	135	0	23
2026.01.19	22:00:00	158.07	158.13	158.068	158.128	196	0	22
2026.01.19	22:15:00	158.128	158.143	158.117	158.118	153	0	21
2026.01.19	22:30:00	158.118	158.121	158.107	158.107	86	0	21
2026.01.19	22:45:00	158.107	158.121	158.107	158.114	77	0	23
2026.01.19	23:00:00	158.115	158.126	158.112	158.125	95	0	24
2026.01.19	23:15:00	158.122	158.129	158.092	158.118	108	0	23
2026.01.19	23:30:00	158.118	158.119	158.103	158.107	88	0	25
2026.01.19	23:45:00	158.107	158.125	158.056	158.056	121	0	27
2026.01.20	00:00:00	158.059	158.062	157.982	158.055	43	0	95
2026.01.20	00:15:00	158.055	158.09	158.029	158.033	40	0	71
2026.01.20	00:30:00	158.025	158.084	158.025	158.079	136	0	48
2026.01.20	00:45:00	158.08	158.09	158.073	158.076	79	0	50
2026.01.20	01:00:00	158.075	158.166	158.073	158.161	314	0	21
2026.01.20	01:15:00	158.162	158.205	158.154	158.205	172	0	21
2026.01.20	01:30:00	158.204	158.213	158.162	158.194	241	0	21
2026.01.20	01:45:00	158.194	158.212	158.152	158.153	343	0	21
2026.01.20	02:00:00	158.153	158.27	158.131	158.256	1049	0	21
2026.01.20	02:15:00	158.256	158.267	158.095	158.146	1066	0	21
2026.01.20	02:30:00	158.146	158.249	158.146	158.232	1091	0	21
2026.01.20	02:45:00	158.229	158.23	157.89	157.928	2245	0	21
2026.01.20	03:00:00	157.926	157.951	157.838	157.925	2206	0	21
2026.01.20	03:15:00	157.926	158.126	157.923	158.126	1653	0	21
2026.01.20	03:30:00	158.125	158.166	158.102	158.166	847	0	21
2026.01.20	03:45:00	158.166	158.181	157.919	157.938	1387	0	21
2026.01.20	04:00:00	157.937	158.067	157.931	158.055	689	0	21
2026.01.20	04:15:00	158.056	158.058	157.937	157.999	983	0	21
2026.01.20	04:30:00	158.0	158.047	157.982	157.992	557	0	21
2026.01.20	04:45:00	157.991	158.05	157.975	158.021	841	0	21
2026.01.20	05:00:00	158.02	158.021	157.939	157.971	622	0	21
2026.01.20	05:15:00	157.971	157.982	157.908	157.909	452	0	21
2026.01.20	05:30:00	157.909	157.949	157.894	157.949	709	0	21
2026.01.20	05:45:00	157.949	157.991	157.938	157.961	596	0	21
2026.01.20	06:00:00	157.957	157.984	157.901	157.915	510	0	21
2026.01.20	06:15:00	157.915	157.958	157.884	157.916	750	0	21
2026.01.20	06:30:00	157.916	158.044	157.915	158.042	824	0	21
2026.01.20	06:45:00	158.041	158.092	157.986	158.02	1002	0	21
2026.01.20	07:00:00	158.019	158.061	157.94	157.945	961	0	21
2026.01.20	07:15:00	157.946	158.025	157.945	158.022	803	0	21
2026.01.20	07:30:00	158.022	158.087	158.018	158.078	676	0	21
2026.01.20	07:45:00	158.078	158.113	158.041	158.091	874	0	21
2026.01.20	08:00:00	158.088	158.17	158.087	158.169	961	0	21
2026.01.20	08:15:00	158.168	158.437	158.168	158.437	1787	0	21
2026.01.20	08:30:00	158.439	158.456	158.374	158.43	1385	0	21
2026.01.20	08:45:00	158.431	158.455	158.388	158.404	1075	0	21
2026.01.20	09:00:00	158.412	158.59	158.411	158.512	1826	0	21
2026.01.20	09:15:00	158.512	158.516	158.398	158.504	1846	0	21
2026.01.20	09:30:00	158.505	158.509	158.294	158.385	2122	0	21
2026.01.20	09:45:00	158.386	158.41	158.304	158.36	2368	0	21
2026.01.20	10:00:00	158.359	158.384	158.14	158.144	2675	0	21
2026.01.20	10:15:00	158.144	158.201	158.108	158.127	1919	0	21
2026.01.20	10:30:00	158.128	158.132	157.755	157.843	3349	0	21
2026.01.20	10:45:00	157.842	157.881	157.735	157.804	2803	0	21
2026.01.20	11:00:00	157.804	157.805	157.57	157.733	3117	0	21
2026.01.20	11:15:00	157.734	157.782	157.608	157.652	2372	0	21
2026.01.20	11:30:00	157.65	157.708	157.545	157.698	2135	0	21
2026.01.20	11:45:00	157.693	157.761	157.652	157.72	1883	0	21
2026.01.20	12:00:00	157.72	157.848	157.685	157.847	2255	0	21
2026.01.20	12:15:00	157.848	157.915	157.812	157.905	1706	0	21
2026.01.20	12:30:00	157.905	157.929	157.849	157.885	1487	0	21
2026.01.20	12:45:00	157.886	157.889	157.789	157.798	1308	0	21
2026.01.20	13:00:00	157.797	157.892	157.779	157.88	1401	0	21
2026.01.20	13:15:00	157.878	157.903	157.805	157.85	1374	0	21
2026.01.20	13:30:00	157.851	157.879	157.75	157.766	1595	0	21
2026.01.20	13:45:00	157.765	157.772	157.675	157.738	1456	0	21
2026.01.20	14:00:00	157.738	157.79	157.71	157.717	1409	0	21
2026.01.20	14:15:00	157.716	157.719	157.644	157.69	1240	0	21
2026.01.20	14:30:00	157.69	157.84	157.687	157.799	1607	0	21
2026.01.20	14:45:00	157.798	157.883	157.793	157.851	1645	0	21
2026.01.20	15:00:00	157.852	157.892	157.812	157.846	1371	0	21
2026.01.20	15:15:00	157.845	157.919	157.756	157.895	2049	0	21
2026.01.20	15:30:00	157.898	157.959	157.456	157.849	4033	0	21
2026.01.20	15:45:00	157.849	157.881	157.784	157.831	3198	0	21
2026.01.20	16:00:00	157.83	158.026	157.726	157.847	3782	0	21
2026.01.20	16:15:00	157.848	157.922	157.76	157.885	2971	0	21
2026.01.20	16:30:00	157.884	158.032	157.874	157.966	3281	0	21
2026.01.20	16:45:00	157.966	158.069	157.901	158.026	2631	0	21
2026.01.20	17:00:00	158.025	158.098	157.937	158.065	2318	0	21
2026.01.20	17:15:00	158.066	158.073	157.957	158.021	1888	0	21
2026.01.20	17:30:00	158.021	158.046	157.934	157.96	1638	0	21
2026.01.20	17:45:00	157.96	157.98	157.839	157.914	1948	0	21
2026.01.20	18:00:00	157.915	157.95	157.849	157.927	1151	0	21
2026.01.20	18:15:00	157.925	157.928	157.844	157.921	981	0	21
2026.01.20	18:30:00	157.921	158.064	157.899	158.0	1202	0	21
2026.01.20	18:45:00	157.999	158.025	157.876	157.882	991	0	21
2026.01.20	19:00:00	157.883	157.906	157.845	157.897	1095	0	21
2026.01.20	19:15:00	157.897	157.977	157.88	157.959	898	0	21
2026.01.20	19:30:00	157.96	157.975	157.883	157.889	748	0	21
2026.01.20	19:45:00	157.89	157.961	157.889	157.944	716	0	21
2026.01.20	20:00:00	157.944	157.987	157.939	157.985	768	0	21
2026.01.20	20:15:00	157.985	158.027	157.957	158.014	720	0	21
2026.01.20	20:30:00	158.014	158.046	157.98	158.001	581	0	21
2026.01.20	20:45:00	158.0	158.045	157.96	158.04	751	0	21
2026.01.20	21:00:00	158.04	158.139	158.033	158.131	890	0	21
2026.01.20	21:15:00	158.132	158.136	158.074	158.12	771	0	21
2026.01.20	21:30:00	158.121	158.204	158.105	158.202	763	0	21
2026.01.20	21:45:00	158.203	158.288	158.182	158.277	991	0	21
2026.01.20	22:00:00	158.278	158.279	158.189	158.229	1009	0	21
2026.01.20	22:15:00	158.23	158.266	158.209	158.215	1073	0	21
2026.01.20	22:30:00	158.213	158.232	158.176	158.209	1001	0	21
2026.01.20	22:45:00	158.208	158.214	158.185	158.196	1000	0	21
2026.01.20	23:00:00	158.197	158.22	158.175	158.188	681	0	23
2026.01.20	23:15:00	158.188	158.195	158.144	158.145	337	0	24
2026.01.20	23:30:00	158.145	158.176	158.14	158.168	392	0	23
2026.01.20	23:45:00	158.168	158.171	158.123	158.123	652	0	25
2026.01.21	00:00:00	158.118	158.118	158.093	158.103	52	0	50
2026.01.21	00:15:00	158.103	158.117	158.096	158.116	51	0	54
2026.01.21	00:30:00	158.116	158.134	158.099	158.109	95	0	52
2026.01.21	00:45:00	158.14	158.142	158.099	158.129	104	0	53
2026.01.21	01:00:00	158.129	158.193	158.095	158.193	470	0	21
2026.01.21	01:15:00	158.194	158.195	158.159	158.164	407	0	21
2026.01.21	01:30:00	158.164	158.192	158.124	158.143	349	0	21
2026.01.21	01:45:00	158.141	158.171	158.028	158.141	906	0	21
2026.01.21	02:00:00	158.143	158.242	158.126	158.227	1497	0	21
2026.01.21	02:15:00	158.227	158.268	158.174	158.181	1000	0	21
2026.01.21	02:30:00	158.183	158.255	158.14	158.232	912	0	21
2026.01.21	02:45:00	158.232	158.245	158.101	158.102	1739	0	21
2026.01.21	03:00:00	158.101	158.149	158.019	158.073	1818	0	21
2026.01.21	03:15:00	158.072	158.162	157.921	157.937	1474	0	21
2026.01.21	03:30:00	157.936	157.971	157.846	157.885	1408	0	21
2026.01.21	03:45:00	157.886	157.96	157.848	157.948	1192	0	21
2026.01.21	04:00:00	157.949	158.066	157.948	158.026	971	0	21
2026.01.21	04:15:00	158.026	158.026	157.942	157.957	858	0	21
2026.01.21	04:30:00	157.956	157.96	157.877	157.93	703	0	21
2026.01.21	04:45:00	157.93	157.93	157.889	157.905	699	0	21
2026.01.21	05:00:00	157.905	158.001	157.879	157.998	744	0	21
2026.01.21	05:15:00	157.998	158.123	157.997	158.122	1089	0	21
2026.01.21	05:30:00	158.121	158.14	158.052	158.065	839	0	21
2026.01.21	05:45:00	158.066	158.095	158.05	158.076	573	0	21
2026.01.21	06:00:00	158.077	158.082	157.984	158.002	961	0	21
2026.01.21	06:15:00	157.994	158.033	157.987	158.02	508	0	21
2026.01.21	06:30:00	158.02	158.074	158.018	158.065	469	0	21
2026.01.21	06:45:00	158.065	158.119	158.014	158.026	658	0	21
2026.01.21	07:00:00	158.025	158.132	158.024	158.11	965	0	21
2026.01.21	07:15:00	158.11	158.192	158.103	158.18	967	0	21
2026.01.21	07:30:00	158.181	158.205	158.149	158.16	752	0	21
2026.01.21	07:45:00	158.161	158.228	158.143	158.195	661	0	21
2026.01.21	08:00:00	158.194	158.246	158.187	158.2	915	0	21
2026.01.21	08:15:00	158.201	158.203	158.124	158.139	739	0	21
2026.01.21	08:30:00	158.137	158.146	158.074	158.099	818	0	21
2026.01.21	08:45:00	158.1	158.159	158.098	158.132	900	0	21
2026.01.21	09:00:00	158.133	158.155	158.065	158.12	1015	0	21
2026.01.21	09:15:00	158.116	158.116	157.982	158.011	1035	0	21
2026.01.21	09:30:00	158.01	158.042	157.955	157.958	1027	0	21
2026.01.21	09:45:00	157.958	157.958	157.864	157.915	1225	0	21
2026.01.21	10:00:00	157.915	157.977	157.824	157.846	1439	0	21
2026.01.21	10:15:00	157.845	157.925	157.809	157.898	1142	0	21
2026.01.21	10:30:00	157.898	157.94	157.843	157.843	1230	0	21
2026.01.21	10:45:00	157.843	157.889	157.832	157.86	845	0	21
2026.01.21	11:00:00	157.861	157.92	157.821	157.92	861	0	21
2026.01.21	11:15:00	157.92	157.944	157.858	157.871	1029	0	21
2026.01.21	11:30:00	157.87	157.966	157.866	157.955	673	0	21
2026.01.21	11:45:00	157.956	158.027	157.955	157.993	1041	0	21
2026.01.21	12:00:00	157.994	158.066	157.978	158.063	1122	0	21
2026.01.21	12:15:00	158.064	158.073	158.01	158.039	936	0	21
2026.01.21	12:30:00	158.043	158.075	157.987	157.995	876	0	21
2026.01.21	12:45:00	157.996	158.025	157.986	158.011	958	0	21
2026.01.21	13:00:00	158.011	158.057	157.981	158.054	821	0	21
2026.01.21	13:15:00	158.053	158.065	157.927	157.941	1039	0	21
2026.01.21	13:30:00	157.941	157.974	157.904	157.928	817	0	21
2026.01.21	13:45:00	157.927	157.955	157.904	157.904	990	0	21
2026.01.21	14:00:00	157.9	157.917	157.819	157.83	1112	0	21
2026.01.21	14:15:00	157.829	157.929	157.829	157.889	829	0	21
2026.01.21	14:30:00	157.888	157.889	157.759	157.769	1179	0	21
2026.01.21	14:45:00	157.768	157.801	157.735	157.784	908	0	21
2026.01.21	15:00:00	157.782	157.835	157.749	157.82	868	0	21
2026.01.21	15:15:00	157.823	157.93	157.811	157.915	1070	0	21
2026.01.21	15:30:00	157.914	157.919	157.854	157.857	1429	0	21
2026.01.21	15:45:00	157.856	157.902	157.808	157.875	1905	0	21
2026.01.21	16:00:00	157.877	158.08	157.863	158.006	3782	0	21
2026.01.21	16:15:00	158.006	158.086	157.949	158.026	3178	0	21
2026.01.21	16:30:00	158.027	158.114	157.977	158.087	2400	0	21
2026.01.21	16:45:00	158.087	158.138	158.045	158.1	2326	0	21
2026.01.21	17:00:00	158.099	158.131	158.05	158.113	2509	0	21
2026.01.21	17:15:00	158.111	158.299	158.102	158.263	2192	0	21
2026.01.21	17:30:00	158.264	158.281	158.213	158.223	1766	0	21
2026.01.21	17:45:00	158.222	158.248	158.145	158.204	2015	0	21
2026.01.21	18:00:00	158.206	158.248	158.147	158.148	1875	0	21
2026.01.21	18:15:00	158.15	158.203	158.109	158.118	1496	0	21
2026.01.21	18:30:00	158.118	158.138	158.098	158.126	1337	0	21
2026.01.21	18:45:00	158.125	158.202	158.058	158.157	1860	0	21
2026.01.21	19:00:00	158.157	158.194	158.095	158.1	1727	0	21
2026.01.21	19:15:00	158.1	158.107	158.027	158.087	1285	0	21
2026.01.21	19:30:00	158.088	158.203	158.088	158.151	1182	0	21
2026.01.21	19:45:00	158.15	158.19	158.125	158.131	841	0	21
2026.01.21	20:00:00	158.131	158.18	158.104	158.158	850	0	21
2026.01.21	20:15:00	158.156	158.196	158.141	158.179	879	0	21
2026.01.21	20:30:00	158.179	158.233	158.164	158.203	924	0	21
2026.01.21	20:45:00	158.204	158.213	158.18	158.206	618	0	21
2026.01.21	21:00:00	158.207	158.234	158.192	158.205	733	0	21
2026.01.21	21:15:00	158.206	158.406	158.129	158.376	1446	0	21
2026.01.21	21:30:00	158.378	158.521	158.378	158.466	2927	0	21
2026.01.21	21:45:00	158.467	158.493	158.369	158.371	1409	0	21
2026.01.21	22:00:00	158.37	158.45	158.37	158.426	991	0	21
2026.01.21	22:15:00	158.427	158.488	158.397	158.464	1121	0	21
2026.01.21	22:30:00	158.465	158.465	158.384	158.384	751	0	21
2026.01.21	22:45:00	158.385	158.387	158.318	158.363	953	0	21
2026.01.21	23:00:00	158.364	158.411	158.339	158.361	401	0	21
2026.01.21	23:15:00	158.362	158.363	158.334	158.339	380	0	21
2026.01.21	23:30:00	158.342	158.348	158.262	158.273	420	0	21
2026.01.21	23:45:00	158.273	158.323	158.247	158.249	743	0	21
2026.01.22	00:00:00	158.241	158.272	158.191	158.269	39	0	70
2026.01.22	00:15:00	158.269	158.289	158.261	158.261	32	0	53
2026.01.22	00:30:00	158.267	158.29	158.258	158.27	315	0	49
2026.01.22	00:45:00	158.268	158.291	158.248	158.285	556	0	57
2026.01.22	01:00:00	158.276	158.305	158.249	158.284	439	0	22
2026.01.22	01:15:00	158.282	158.338	158.269	158.323	367	0	21
2026.01.22	01:30:00	158.323	158.389	158.322	158.373	850	0	21
2026.01.22	01:45:00	158.372	158.475	158.348	158.447	544	0	21
2026.01.22	02:00:00	158.449	158.479	158.37	158.424	889	0	21
2026.01.22	02:15:00	158.425	158.449	158.226	158.305	1013	0	21
2026.01.22	02:30:00	158.304	158.366	158.262	158.309	1571	0	21
2026.01.22	02:45:00	158.309	158.324	158.168	158.229	1770	0	21
2026.01.22	03:00:00	158.229	158.32	158.226	158.267	970	0	21
2026.01.22	03:15:00	158.269	158.33	158.233	158.238	906	0	21
2026.01.22	03:30:00	158.237	158.314	158.206	158.307	806	0	21
2026.01.22	03:45:00	158.308	158.356	158.285	158.338	919	0	21
2026.01.22	04:00:00	158.339	158.404	158.329	158.358	770	0	21
2026.01.22	04:15:00	158.359	158.468	158.355	158.434	804	0	21
2026.01.22	04:30:00	158.434	158.442	158.369	158.414	672	0	21
2026.01.22	04:45:00	158.415	158.466	158.403	158.454	598	0	22
2026.01.22	05:00:00	158.453	158.478	158.428	158.43	439	0	21
2026.01.22	05:15:00	158.428	158.454	158.415	158.433	514	0	21
2026.01.22	05:30:00	158.433	158.445	158.392	158.434	913	0	21
2026.01.22	05:45:00	158.436	158.578	158.436	158.546	1043	0	21
2026.01.22	06:00:00	158.548	158.643	158.542	158.641	942	0	21
2026.01.22	06:15:00	158.641	158.642	158.602	158.622	854	0	21
2026.01.22	06:30:00	158.621	158.68	158.613	158.668	762	0	21
2026.01.22	06:45:00	158.669	158.691	158.627	158.635	579	0	21
2026.01.22	07:00:00	158.64	158.723	158.64	158.668	651	0	21
2026.01.22	07:15:00	158.669	158.693	158.619	158.658	738	0	21
2026.01.22	07:30:00	158.657	158.696	158.628	158.682	569	0	21
2026.01.22	07:45:00	158.682	158.72	158.655	158.703	932	0	21
2026.01.22	08:00:00	158.705	158.79	158.693	158.755	1178	0	21
2026.01.22	08:15:00	158.755	158.837	158.754	158.798	1080	0	21
2026.01.22	08:30:00	158.798	158.811	158.718	158.735	831	0	21
2026.01.22	08:45:00	158.736	158.794	158.726	158.769	594	0	21
2026.01.22	09:00:00	158.769	158.882	158.76	158.849	1123	0	21
2026.01.22	09:15:00	158.849	158.872	158.816	158.828	1004	0	21
2026.01.22	09:30:00	158.829	158.85	158.747	158.808	1125	0	21
2026.01.22	09:45:00	158.81	158.854	158.751	158.769	1357	0	21
2026.01.22	10:00:00	158.769	158.845	158.72	158.824	1705	0	21
2026.01.22	10:15:00	158.825	158.826	158.722	158.734	1429	0	21
2026.01.22	10:30:00	158.735	158.806	158.73	158.803	1288	0	21
2026.01.22	10:45:00	158.804	158.81	158.747	158.759	1053	0	21
2026.01.22	11:00:00	158.757	158.767	158.685	158.709	1359	0	21
2026.01.22	11:15:00	158.708	158.737	158.608	158.661	1263	0	21
2026.01.22	11:30:00	158.661	158.668	158.598	158.632	1095	0	21
2026.01.22	11:45:00	158.632	158.692	158.602	158.684	779	0	21
2026.01.22	12:00:00	158.685	158.743	158.656	158.733	804	0	21
2026.01.22	12:15:00	158.733	158.753	158.711	158.728	839	0	21
2026.01.22	12:30:00	158.729	158.729	158.669	158.688	677	0	21
2026.01.22	12:45:00	158.689	158.726	158.615	158.622	927	0	21
2026.01.22	13:00:00	158.621	158.667	158.602	158.663	758	0	21
2026.01.22	13:15:00	158.664	158.691	158.635	158.656	1395	0	21
2026.01.22	13:30:00	158.655	158.659	158.606	158.621	1497	0	21
2026.01.22	13:45:00	158.62	158.62	158.524	158.583	1172	0	21
2026.01.22	14:00:00	158.583	158.591	158.53	158.56	882	0	21
2026.01.22	14:15:00	158.56	158.612	158.538	158.605	794	0	21
2026.01.22	14:30:00	158.605	158.693	158.587	158.689	1329	0	21
2026.01.22	14:45:00	158.688	158.817	158.686	158.81	1421	0	21
2026.01.22	15:00:00	158.811	158.847	158.723	158.732	1171	0	21
2026.01.22	15:15:00	158.731	158.731	158.658	158.682	1187	0	21
2026.01.22	15:30:00	158.69	158.822	158.611	158.656	2103	0	21
2026.01.22	15:45:00	158.657	158.72	158.643	158.688	1668	0	21
2026.01.22	16:00:00	158.689	158.75	158.654	158.735	1314	0	21
2026.01.22	16:15:00	158.735	158.739	158.597	158.611	1172	0	21
2026.01.22	16:30:00	158.611	158.625	158.523	158.575	1325	0	21
2026.01.22	16:45:00	158.576	158.617	158.547	158.597	1428	0	21
2026.01.22	17:00:00	158.595	158.638	158.433	158.44	1827	0	21
2026.01.22	17:15:00	158.441	158.443	158.353	158.36	1499	0	21
2026.01.22	17:30:00	158.36	158.441	158.359	158.386	1301	0	21
2026.01.22	17:45:00	158.386	158.463	158.339	158.383	1706	0	21
2026.01.22	18:00:00	158.383	158.416	158.305	158.314	1529	0	21
2026.01.22	18:15:00	158.314	158.329	158.252	158.314	1196	0	21
2026.01.22	18:30:00	158.317	158.352	158.264	158.277	1276	0	21
2026.01.22	18:45:00	158.276	158.35	158.246	158.35	1037	0	21
2026.01.22	19:00:00	158.351	158.496	158.273	158.273	1951	0	21
2026.01.22	19:15:00	158.272	158.313	158.226	158.294	1394	0	21
2026.01.22	19:30:00	158.294	158.337	158.245	158.247	864	0	21
2026.01.22	19:45:00	158.246	158.31	158.234	158.297	1030	0	21
2026.01.22	20:00:00	158.298	158.325	158.276	158.285	911	0	21
2026.01.22	20:15:00	158.284	158.322	158.267	158.32	578	0	21
2026.01.22	20:30:00	158.32	158.321	158.276	158.298	544	0	21
2026.01.22	20:45:00	158.3	158.313	158.27	158.298	623	0	21
2026.01.22	21:00:00	158.299	158.358	158.286	158.358	711	0	21
2026.01.22	21:15:00	158.358	158.427	158.358	158.415	740	0	21
2026.01.22	21:30:00	158.414	158.442	158.409	158.425	776	0	21
2026.01.22	21:45:00	158.426	158.46	158.395	158.397	837	0	21
2026.01.22	22:00:00	158.395	158.426	158.382	158.395	536	0	21
2026.01.22	22:15:00	158.395	158.411	158.369	158.386	466	0	21
2026.01.22	22:30:00	158.385	158.389	158.328	158.333	611	0	21
2026.01.22	22:45:00	158.333	158.431	158.326	158.429	619	0	21
2026.01.22	23:00:00	158.428	158.461	158.397	158.406	426	0	21
2026.01.22	23:15:00	158.407	158.413	158.368	158.375	209	0	21
2026.01.22	23:30:00	158.375	158.403	158.37	158.398	297	0	21
2026.01.22	23:45:00	158.397	158.419	158.356	158.356	535	0	23
2026.01.23	00:00:00	158.356	158.356	158.325	158.346	29	0	108
2026.01.23	00:15:00	158.334	158.354	158.32	158.323	53	0	91
2026.01.23	00:30:00	158.323	158.335	158.323	158.325	83	0	83
2026.01.23	00:45:00	158.325	158.37	158.325	158.355	175	0	53
2026.01.23	01:00:00	158.354	158.402	158.344	158.386	349	0	21
2026.01.23	01:15:00	158.386	158.41	158.385	158.398	602	0	23
2026.01.23	01:30:00	158.396	158.427	158.392	158.415	897	0	21
2026.01.23	01:45:00	158.415	158.521	158.374	158.473	1119	0	21
2026.01.23	02:00:00	158.478	158.546	158.447	158.535	914	0	21
2026.01.23	02:15:00	158.534	158.538	158.426	158.472	1003	0	21
2026.01.23	02:30:00	158.47	158.549	158.446	158.529	889	0	21
2026.01.23	02:45:00	158.53	158.571	158.449	158.513	1253	0	21
2026.01.23	03:00:00	158.512	158.579	158.497	158.532	835	0	21
2026.01.23	03:15:00	158.533	158.58	158.47	158.576	1262	0	21
2026.01.23	03:30:00	158.577	158.619	158.539	158.603	780	0	21
2026.01.23	03:45:00	158.604	158.652	158.593	158.629	774	0	21
2026.01.23	04:00:00	158.628	158.671	158.627	158.646	899	0	21
2026.01.23	04:15:00	158.645	158.656	158.573	158.583	635	0	21
2026.01.23	04:30:00	158.583	158.59	158.526	158.529	884	0	21
2026.01.23	04:45:00	158.528	158.602	158.492	158.586	920	0	21
2026.01.23	05:00:00	158.579	158.73	158.489	158.639	1123	0	21
2026.01.23	05:15:00	158.639	158.707	158.596	158.694	672	0	21
2026.01.23	05:30:00	158.697	158.723	158.527	158.567	931	0	21
2026.01.23	05:45:00	158.568	158.619	158.544	158.619	505	0	21
2026.01.23	06:00:00	158.619	158.646	158.575	158.583	642	0	21
2026.01.23	06:15:00	158.584	158.632	158.582	158.629	392	0	21
2026.01.23	06:30:00	158.628	158.653	158.596	158.613	417	0	21
2026.01.23	06:45:00	158.606	158.606	158.526	158.536	579	0	21
2026.01.23	07:00:00	158.535	158.565	158.51	158.548	416	0	21
2026.01.23	07:15:00	158.547	158.548	158.46	158.534	702	0	21
2026.01.23	07:30:00	158.534	158.595	158.519	158.559	474	0	21
2026.01.23	07:45:00	158.559	158.627	158.555	158.614	774	0	21
2026.01.23	08:00:00	158.614	158.629	158.568	158.596	848	0	21
2026.01.23	08:15:00	158.589	158.672	158.575	158.654	713	0	21
2026.01.23	08:30:00	158.656	158.775	158.532	158.752	1631	0	21
2026.01.23	08:45:00	158.767	158.941	158.716	158.859	2060	0	21
2026.01.23	09:00:00	158.864	158.931	158.841	158.929	1429	0	21
2026.01.23	09:15:00	158.938	159.202	158.904	159.156	1901	0	21
2026.01.23	09:30:00	159.158	159.212	157.289	157.5	2642	0	21
2026.01.23	09:45:00	157.505	158.434	157.419	158.377	4410	0	21
2026.01.23	10:00:00	158.378	158.406	158.138	158.341	3154	0	21
2026.01.23	10:15:00	158.357	158.388	158.177	158.317	2437	0	21
2026.01.23	10:30:00	158.313	158.48	158.215	158.22	2212	0	21
2026.01.23	10:45:00	158.224	158.287	158.092	158.123	1770	0	21
2026.01.23	11:00:00	158.124	158.132	157.853	157.982	2595	0	21
2026.01.23	11:15:00	157.981	158.069	157.86	157.954	1953	0	21
2026.01.23	11:30:00	157.952	158.061	157.911	157.939	1883	0	21
2026.01.23	11:45:00	157.939	158.059	157.9	157.994	1669	0	21
2026.01.23	12:00:00	157.992	158.122	157.982	158.113	1335	0	21
2026.01.23	12:15:00	158.114	158.188	158.068	158.124	1645	0	21
2026.01.23	12:30:00	158.126	158.232	158.105	158.231	983	0	21
2026.01.23	12:45:00	158.232	158.235	158.128	158.182	1070	0	21
2026.01.23	13:00:00	158.184	158.283	158.145	158.221	1870	0	21
2026.01.23	13:15:00	158.22	158.306	158.219	158.282	1197	0	21
2026.01.23	13:30:00	158.283	158.3	158.218	158.225	991	0	21
2026.01.23	13:45:00	158.224	158.235	158.123	158.125	1445	0	21
2026.01.23	14:00:00	158.125	158.171	158.082	158.149	929	0	21
2026.01.23	14:15:00	158.149	158.188	158.135	158.182	572	0	21
2026.01.23	14:30:00	158.182	158.253	158.157	158.233	692	0	21
2026.01.23	14:45:00	158.232	158.237	158.145	158.145	842	0	21
2026.01.23	15:00:00	158.146	158.192	158.127	158.161	779	0	21
2026.01.23	15:15:00	158.162	158.17	158.082	158.093	977	0	21
2026.01.23	15:30:00	158.092	158.191	158.082	158.158	830	0	21
2026.01.23	15:45:00	158.158	158.266	158.157	158.256	896	0	21
2026.01.23	16:00:00	158.255	158.327	158.241	158.244	1114	0	21
2026.01.23	16:15:00	158.245	158.283	158.193	158.252	894	0	21
2026.01.23	16:30:00	158.25	158.322	158.231	158.306	1322	0	21
2026.01.23	16:45:00	158.306	158.32	158.239	158.241	1558	0	21
2026.01.23	17:00:00	158.242	158.296	158.159	158.173	1441	0	21
2026.01.23	17:15:00	158.171	158.264	158.147	158.26	1122	0	21
2026.01.23	17:30:00	158.259	158.275	158.193	158.224	1234	0	21
2026.01.23	17:45:00	158.223	158.234	158.088	158.102	1423	0	21
2026.01.23	18:00:00	158.103	158.207	158.082	158.206	1178	0	21
2026.01.23	18:15:00	158.207	158.214	157.783	157.783	2367	0	21
2026.01.23	18:30:00	157.781	157.819	157.53	157.545	2156	0	21
2026.01.23	18:45:00	157.547	157.644	157.358	157.553	2184	0	21
2026.01.23	19:00:00	157.553	157.605	156.989	157.015	2301	0	21
2026.01.23	19:15:00	157.013	157.11	156.517	156.602	3834	0	21
2026.01.23	19:30:00	156.595	156.887	156.11	156.586	4399	0	21
2026.01.23	19:45:00	156.585	156.664	156.245	156.351	3366	0	21
2026.01.23	20:00:00	156.351	156.597	156.315	156.566	2766	0	21
2026.01.23	20:15:00	156.568	156.62	156.006	156.023	2924	0	21
2026.01.23	20:30:00	156.023	156.23	156.013	156.084	1874	0	21
2026.01.23	20:45:00	156.081	156.209	156.067	156.154	1421	0	21
2026.01.23	21:00:00	156.154	156.193	155.884	155.924	1401	0	21
2026.01.23	21:15:00	155.924	156.249	155.913	156.129	1231	0	21
2026.01.23	21:30:00	156.129	156.174	156.031	156.035	1209	0	21
2026.01.23	21:45:00	156.035	156.046	155.672	155.879	2407	0	21
2026.01.23	22:00:00	155.88	155.95	155.817	155.839	1789	0	21
2026.01.23	22:15:00	155.838	155.843	155.722	155.791	1312	0	21
2026.01.23	22:30:00	155.797	155.908	155.733	155.792	1141	0	21
2026.01.23	22:45:00	155.79	155.859	155.749	155.803	1273	0	21
2026.01.23	23:00:00	155.807	155.857	155.603	155.675	695	0	21
2026.01.23	23:15:00	155.675	155.719	155.647	155.689	576	0	21
2026.01.23	23:30:00	155.688	155.8	155.676	155.705	340	0	21
2026.01.23	23:45:00	155.706	155.807	155.676	155.719	608	0	25
2026.01.26	00:00:00	154.633	155.115	154.613	155.065	273	0	41
2026.01.26	00:15:00	155.065	155.177	155.039	155.072	182	0	40
2026.01.26	00:30:00	155.071	155.078	154.372	154.412	634	0	25
2026.01.26	00:45:00	154.411	154.523	154.172	154.498	453	0	38
2026.01.26	01:00:00	154.498	154.784	154.481	154.572	1499	0	21
2026.01.26	01:15:00	154.57	155.063	154.563	155.063	1151	0	21
2026.01.26	01:30:00	155.062	155.154	154.866	154.892	2224	0	21
2026.01.26	01:45:00	154.892	155.262	154.87	155.136	2271	0	21
2026.01.26	02:00:00	155.139	155.333	154.926	155.155	3406	0	21
2026.01.26	02:15:00	155.156	155.2	154.938	155.045	2407	0	21
2026.01.26	02:30:00	155.041	155.131	154.75	154.788	2394	0	21
2026.01.26	02:45:00	154.789	154.888	154.652	154.832	2451	0	21
2026.01.26	03:00:00	154.831	154.835	154.596	154.809	2438	0	21
2026.01.26	03:15:00	154.809	154.918	154.649	154.654	2197	0	21
2026.01.26	03:30:00	154.65	154.724	154.397	154.456	2577	0	21
2026.01.26	03:45:00	154.456	154.479	154.291	154.411	2472	0	21
2026.01.26	04:00:00	154.412	154.47	153.962	153.964	2385	0	21
2026.01.26	04:15:00	153.966	154.244	153.93	154.017	2627	0	21
2026.01.26	04:30:00	154.019	154.055	153.875	153.959	2366	0	21
2026.01.26	04:45:00	153.958	154.081	153.91	153.981	1984	0	21
2026.01.26	05:00:00	153.979	154.241	153.937	154.236	2046	0	21
2026.01.26	05:15:00	154.235	154.329	154.164	154.205	1577	0	21
2026.01.26	05:30:00	154.204	154.241	154.114	154.187	1360	0	21
2026.01.26	05:45:00	154.188	154.238	154.167	154.2	1018	0	21
2026.01.26	06:00:00	154.199	154.265	153.896	153.896	1376	0	21
2026.01.26	06:15:00	153.897	154.032	153.797	153.973	2059	0	21
2026.01.26	06:30:00	153.977	154.039	153.91	153.914	1374	0	21
2026.01.26	06:45:00	153.914	154.031	153.878	154.02	1177	0	21
2026.01.26	07:00:00	154.02	154.081	153.965	154.032	1288	0	21
2026.01.26	07:15:00	154.033	154.087	153.912	153.952	1318	0	21
2026.01.26	07:30:00	153.95	154.049	153.932	154.039	1300	0	21
2026.01.26	07:45:00	154.039	154.104	153.997	154.097	1100	0	21
2026.01.26	08:00:00	154.097	154.397	154.08	154.389	1933	0	21
2026.01.26	08:15:00	154.388	154.408	154.196	154.204	1612	0	21
2026.01.26	08:30:00	154.203	154.221	154.116	154.118	1235	0	21
2026.01.26	08:45:00	154.119	154.236	154.018	154.233	1602	0	21
2026.01.26	09:00:00	154.233	154.306	154.047	154.15	2067	0	21
2026.01.26	09:15:00	154.154	154.162	153.963	154.009	1733	0	21
2026.01.26	09:30:00	154.009	154.132	153.9	154.019	2218	0	21
2026.01.26	09:45:00	154.016	154.312	153.898	154.237	2376	0	21
2026.01.26	10:00:00	154.241	154.334	153.923	153.998	2690	0	21
2026.01.26	10:15:00	153.999	154.117	153.856	153.874	2429	0	21
2026.01.26	10:30:00	153.874	153.899	153.387	153.823	3911	0	21
2026.01.26	10:45:00	153.824	153.942	153.754	153.908	2474	0	21
2026.01.26	11:00:00	153.907	154.127	153.835	153.92	3173	0	21
2026.01.26	11:15:00	153.921	153.969	153.579	153.585	2473	0	21
2026.01.26	11:30:00	153.584	153.664	153.52	153.538	2429	0	21
2026.01.26	11:45:00	153.539	153.72	153.538	153.659	2648	0	21
2026.01.26	12:00:00	153.658	153.86	153.607	153.853	1903	0	21
2026.01.26	12:15:00	153.853	153.874	153.59	153.695	1773	0	21
2026.01.26	12:30:00	153.694	153.795	153.617	153.633	2053	0	21
2026.01.26	12:45:00	153.634	153.679	153.516	153.546	1904	0	21
2026.01.26	13:00:00	153.546	153.595	153.293	153.594	2299	0	21
2026.01.26	13:15:00	153.593	153.8	153.536	153.747	2013	0	21
2026.01.26	13:30:00	153.747	153.817	153.659	153.671	1928	0	21
2026.01.26	13:45:00	153.672	153.751	153.654	153.725	2060	0	21
2026.01.26	14:00:00	153.72	153.949	153.72	153.949	1279	0	21
2026.01.26	14:15:00	153.949	153.966	153.853	153.955	1742	0	21
2026.01.26	14:30:00	153.955	154.062	153.887	154.062	1418	0	21
2026.01.26	14:45:00	154.069	154.178	154.049	154.12	1604	0	21
2026.01.26	15:00:00	154.12	154.333	154.11	154.195	1536	0	21
2026.01.26	15:15:00	154.194	154.262	154.113	154.171	1402	0	21
2026.01.26	15:30:00	154.171	154.247	154.102	154.183	1809	0	21
2026.01.26	15:45:00	154.187	154.203	154.033	154.048	1689	0	21
2026.01.26	16:00:00	154.048	154.121	153.97	153.99	1493	0	21
2026.01.26	16:15:00	153.99	154.0	153.844	153.911	1479	0	21
2026.01.26	16:30:00	153.91	153.91	153.74	153.789	1755	0	21
2026.01.26	16:45:00	153.788	153.849	153.684	153.731	1736	0	21
2026.01.26	17:00:00	153.731	153.804	153.66	153.792	1959	0	21
2026.01.26	17:15:00	153.795	153.873	153.765	153.812	1571	0	21
2026.01.26	17:30:00	153.812	153.871	153.606	153.657	1741	0	21
2026.01.26	17:45:00	153.658	153.803	153.618	153.803	1878	0	21
2026.01.26	18:00:00	153.806	153.96	153.705	153.953	2289	0	21
2026.01.26	18:15:00	153.952	154.019	153.921	153.992	1808	0	21
2026.01.26	18:30:00	153.991	154.004	153.846	153.897	1511	0	21
2026.01.26	18:45:00	153.896	153.896	153.787	153.876	1381	0	21
2026.01.26	19:00:00	153.875	153.931	153.853	153.863	863	0	21
2026.01.26	19:15:00	153.864	154.034	153.859	154.033	1320	0	21
2026.01.26	19:30:00	154.034	154.102	153.959	153.99	1168	0	21
2026.01.26	19:45:00	153.991	154.045	153.949	153.961	903	0	21
2026.01.26	20:00:00	153.959	153.988	153.886	153.921	1081	0	21
2026.01.26	20:15:00	153.921	154.019	153.912	154.004	993	0	21
2026.01.26	20:30:00	154.003	154.107	153.981	154.105	818	0	21
2026.01.26	20:45:00	154.101	154.183	154.083	154.151	1218	0	21
2026.01.26	21:00:00	154.149	154.245	154.145	154.226	1404	0	21
2026.01.26	21:15:00	154.227	154.264	154.164	154.224	1135	0	21
2026.01.26	21:30:00	154.225	154.248	154.149	154.18	1121	0	21
2026.01.26	21:45:00	154.18	154.208	154.016	154.028	1440	0	21
2026.01.26	22:00:00	154.029	154.137	153.847	153.903	1994	0	21
2026.01.26	22:15:00	153.902	154.036	153.901	154.025	956	0	21
2026.01.26	22:30:00	154.025	154.104	154.0	154.082	894	0	21
2026.01.26	22:45:00	154.082	154.098	154.035	154.075	749	0	21
2026.01.26	23:00:00	154.077	154.165	154.051	154.129	696	0	21
2026.01.26	23:15:00	154.131	154.232	154.131	154.187	632	0	21
2026.01.26	23:30:00	154.186	154.248	154.185	154.233	422	0	21
2026.01.26	23:45:00	154.231	154.249	154.129	154.129	793	0	21
2026.01.27	00:00:00	154.129	154.243	154.044	154.228	68	0	62
2026.01.27	00:15:00	154.22	154.22	154.119	154.127	56	0	57
2026.01.27	00:30:00	154.129	154.157	154.129	154.133	35	0	76
2026.01.27	00:45:00	154.134	154.151	154.055	154.104	74	0	74
2026.01.27	01:00:00	154.111	154.215	154.091	154.164	280	0	21
2026.01.27	01:15:00	154.165	154.228	154.164	154.166	369	0	22
2026.01.27	01:30:00	154.166	154.223	154.161	154.202	448	0	24
2026.01.27	01:45:00	154.202	154.416	154.202	154.375	1155	0	21
2026.01.27	02:00:00	154.374	154.439	154.111	154.132	1610	0	21
2026.01.27	02:15:00	154.132	154.232	154.116	154.228	844	0	21
2026.01.27	02:30:00	154.224	154.225	154.114	154.196	947	0	21
2026.01.27	02:45:00	154.196	154.306	154.137	154.276	1748	0	21
2026.01.27	03:00:00	154.277	154.378	154.241	154.296	1519	0	21
2026.01.27	03:15:00	154.297	154.347	154.231	154.3	1025	0	21
2026.01.27	03:30:00	154.3	154.396	154.259	154.288	1246	0	21
2026.01.27	03:45:00	154.288	154.342	154.252	154.336	964	0	21
2026.01.27	04:00:00	154.337	154.349	154.286	154.322	1063	0	21
2026.01.27	04:15:00	154.322	154.35	154.188	154.23	1003	0	21
2026.01.27	04:30:00	154.23	154.232	154.074	154.1	1072	0	21
2026.01.27	04:45:00	154.099	154.25	154.089	154.25	880	0	21
2026.01.27	05:00:00	154.251	154.313	154.227	154.295	891	0	21
2026.01.27	05:15:00	154.294	154.332	154.274	154.321	716	0	21
2026.01.27	05:30:00	154.321	154.452	154.275	154.452	900	0	21
2026.01.27	05:45:00	154.453	154.457	154.365	154.404	1154	0	21
2026.01.27	06:00:00	154.404	154.524	154.402	154.467	1077	0	21
2026.01.27	06:15:00	154.468	154.545	154.438	154.499	1123	0	21
2026.01.27	06:30:00	154.498	154.586	154.452	154.569	884	0	21
2026.01.27	06:45:00	154.568	154.613	154.549	154.582	891	0	21
2026.01.27	07:00:00	154.581	154.631	154.542	154.582	901	0	21
2026.01.27	07:15:00	154.582	154.621	154.507	154.517	813	0	21
2026.01.27	07:30:00	154.519	154.534	154.454	154.488	844	0	21
2026.01.27	07:45:00	154.481	154.5	154.421	154.49	857	0	21
2026.01.27	08:00:00	154.49	154.531	154.455	154.517	800	0	21
2026.01.27	08:15:00	154.518	154.585	154.502	154.58	817	0	21
2026.01.27	08:30:00	154.576	154.601	154.439	154.445	923	0	21
2026.01.27	08:45:00	154.446	154.536	154.359	154.522	929	0	21
2026.01.27	09:00:00	154.523	154.54	154.459	154.533	1367	0	21
2026.01.27	09:15:00	154.542	154.611	154.489	154.571	1081	0	21
2026.01.27	09:30:00	154.573	154.657	154.532	154.546	1295	0	21
2026.01.27	09:45:00	154.547	154.753	154.53	154.72	1743	0	21
2026.01.27	10:00:00	154.719	154.777	154.632	154.689	1713	0	21
2026.01.27	10:15:00	154.689	154.774	154.687	154.74	1242	0	21
2026.01.27	10:30:00	154.741	154.866	154.717	154.803	1478	0	21
2026.01.27	10:45:00	154.802	154.802	154.69	154.693	1275	0	21
2026.01.27	11:00:00	154.691	154.722	154.64	154.64	1042	0	21
2026.01.27	11:15:00	154.64	154.642	154.578	154.594	1006	0	21
2026.01.27	11:30:00	154.594	154.594	154.453	154.514	1156	0	21
2026.01.27	11:45:00	154.514	154.537	153.165	153.728	3609	0	21
2026.01.27	12:00:00	153.736	154.179	153.724	153.98	3773	0	21
2026.01.27	12:15:00	153.984	154.059	153.858	153.952	2496	0	21
2026.01.27	12:30:00	153.952	153.991	153.547	153.714	2527	0	21
2026.01.27	12:45:00	153.723	153.813	153.655	153.732	2013	0	21
2026.01.27	13:00:00	153.732	153.737	153.561	153.632	2127	0	21
2026.01.27	13:15:00	153.633	153.753	153.59	153.591	1493	0	21
2026.01.27	13:30:00	153.589	153.731	153.555	153.713	1581	0	21
2026.01.27	13:45:00	153.713	153.754	153.605	153.717	1661	0	21
2026.01.27	14:00:00	153.718	153.783	153.514	153.543	1898	0	21
2026.01.27	14:15:00	153.544	153.544	153.259	153.432	3035	0	21
2026.01.27	14:30:00	153.435	153.52	153.244	153.333	2307	0	21
2026.01.27	14:45:00	153.332	153.377	153.249	153.293	2400	0	21
2026.01.27	15:00:00	153.289	153.372	153.166	153.329	3242	0	21
2026.01.27	15:15:00	153.328	153.355	153.245	153.326	2153	0	21
2026.01.27	15:30:00	153.326	153.412	153.133	153.266	2525	0	21
2026.01.27	15:45:00	153.268	153.352	152.984	153.238	3825	0	21
2026.01.27	16:00:00	153.233	153.334	153.186	153.257	2373	0	21
2026.01.27	16:15:00	153.258	153.273	153.14	153.142	2181	0	21
2026.01.27	16:30:00	153.141	153.207	152.916	153.17	4083	0	21
2026.01.27	16:45:00	153.17	153.364	153.161	153.212	2659	0	21
2026.01.27	17:00:00	153.207	153.207	152.931	152.937	3027	0	21
2026.01.27	17:15:00	152.937	153.037	152.865	152.988	2474	0	21
2026.01.27	17:30:00	152.989	153.314	152.989	153.269	2527	0	21
2026.01.27	17:45:00	153.27	153.329	153.184	153.23	2179	0	21
2026.01.27	18:00:00	153.231	153.256	153.059	153.111	2321	0	21
2026.01.27	18:15:00	153.11	153.119	152.969	153.046	1463	0	21
2026.01.27	18:30:00	153.048	153.071	152.935	152.986	1993	0	21
2026.01.27	18:45:00	152.985	153.117	152.958	153.029	1418	0	21
2026.01.27	19:00:00	153.029	153.096	153.014	153.036	1466	0	21
2026.01.27	19:15:00	153.037	153.137	153.024	153.07	1099	0	21
2026.01.27	19:30:00	153.069	153.073	152.594	152.628	1614	0	21
2026.01.27	19:45:00	152.628	152.791	152.611	152.755	1800	0	21
2026.01.27	20:00:00	152.754	152.836	152.56	152.827	1918	0	21
2026.01.27	20:15:00	152.826	152.87	152.747	152.758	1374	0	21
2026.01.27	20:30:00	152.757	152.792	152.693	152.726	923	0	21
2026.01.27	20:45:00	152.719	152.76	152.644	152.751	942	0	21
2026.01.27	21:00:00	152.75	152.82	152.738	152.772	764	0	21
2026.01.27	21:15:00	152.772	152.813	152.731	152.788	838	0	21
2026.01.27	21:30:00	152.787	152.805	152.728	152.742	869	0	21
2026.01.27	21:45:00	152.743	152.824	152.694	152.702	1123	0	21
2026.01.27	22:00:00	152.702	152.74	152.616	152.67	990	0	21
2026.01.27	22:15:00	152.671	152.673	152.492	152.522	1135	0	21
2026.01.27	22:30:00	152.521	152.829	152.521	152.59	1325	0	21
2026.01.27	22:45:00	152.586	152.593	152.08	152.37	5187	0	21
2026.01.27	23:00:00	152.37	152.466	152.164	152.236	2128	0	21
2026.01.27	23:15:00	152.236	152.336	152.208	152.251	1246	0	21
2026.01.27	23:30:00	152.252	152.436	152.192	152.201	1049	0	21
2026.01.27	23:45:00	152.201	152.325	152.099	152.111	1193	0	23
2026.01.28	00:00:00	152.111	152.204	152.087	152.172	106	0	70
2026.01.28	00:15:00	152.172	152.239	152.172	152.189	52	0	53
2026.01.28	00:30:00	152.189	152.303	152.187	152.258	410	0	44
2026.01.28	00:45:00	152.274	152.328	152.245	152.269	295	0	55
2026.01.28	01:00:00	152.269	152.417	152.236	152.392	739	0	21
2026.01.28	01:15:00	152.391	152.58	152.367	152.576	1246	0	23
2026.01.28	01:30:00	152.575	152.61	152.425	152.501	1158	0	21
2026.01.28	01:45:00	152.502	152.538	152.373	152.482	1153	0	21
2026.01.28	02:00:00	152.482	152.7	152.427	152.652	2167	0	21
2026.01.28	02:15:00	152.651	152.691	152.45	152.645	1410	0	21
2026.01.28	02:30:00	152.643	152.643	152.472	152.584	2279	0	21
2026.01.28	02:45:00	152.584	152.672	152.429	152.624	2302	0	21
2026.01.28	03:00:00	152.625	152.8	152.587	152.79	2066	0	21
2026.01.28	03:15:00	152.791	152.895	152.734	152.887	1789	0	21
2026.01.28	03:30:00	152.886	152.976	152.828	152.876	1679	0	21
2026.01.28	03:45:00	152.878	152.983	152.846	152.977	1307	0	21
2026.01.28	04:00:00	152.978	153.056	152.893	153.038	1613	0	21
2026.01.28	04:15:00	153.038	153.054	152.872	152.886	1354	0	21
2026.01.28	04:30:00	152.886	152.922	152.842	152.87	1005	0	21
2026.01.28	04:45:00	152.87	152.87	152.801	152.829	831	0	21
2026.01.28	05:00:00	152.827	152.827	152.742	152.742	862	0	21
2026.01.28	05:15:00	152.743	152.763	152.637	152.682	861	0	21
2026.01.28	05:30:00	152.681	152.804	152.638	152.732	1005	0	21
2026.01.28	05:45:00	152.733	152.743	152.642	152.71	917	0	21
2026.01.28	06:00:00	152.709	152.826	152.65	152.804	885	0	21
2026.01.28	06:15:00	152.803	152.817	152.721	152.759	776	0	21
2026.01.28	06:30:00	152.761	152.79	152.686	152.697	681	0	21
2026.01.28	06:45:00	152.695	152.702	152.515	152.549	1036	0	21
2026.01.28	07:00:00	152.547	152.676	152.517	152.606	1954	0	21
2026.01.28	07:15:00	152.608	152.609	152.502	152.524	1017	0	21
2026.01.28	07:30:00	152.525	152.607	152.463	152.57	1220	0	21
2026.01.28	07:45:00	152.57	152.722	152.57	152.617	993	0	21
2026.01.28	08:00:00	152.624	152.714	152.59	152.6	1642	0	21
2026.01.28	08:15:00	152.599	152.712	152.546	152.617	1059	0	21
2026.01.28	08:30:00	152.616	152.663	152.559	152.653	1673	0	21
2026.01.28	08:45:00	152.654	152.716	152.623	152.64	1260	0	21
2026.01.28	09:00:00	152.639	152.639	152.35	152.357	1881	0	21
2026.01.28	09:15:00	152.359	152.489	152.265	152.485	2367	0	21
2026.01.28	09:30:00	152.486	152.705	152.47	152.647	1853	0	21
2026.01.28	09:45:00	152.648	152.721	152.62	152.636	1740	0	21
2026.01.28	10:00:00	152.631	152.731	152.507	152.613	2390	0	21
2026.01.28	10:15:00	152.613	152.689	152.398	152.447	2116	0	21
2026.01.28	10:30:00	152.447	152.609	152.427	152.601	1954	0	21
2026.01.28	10:45:00	152.6	152.794	152.593	152.626	2733	0	21
2026.01.28	11:00:00	152.625	152.754	152.592	152.675	2005	0	21
2026.01.28	11:15:00	152.674	152.697	152.584	152.632	1738	0	21
2026.01.28	11:30:00	152.631	152.722	152.553	152.685	1657	0	21
2026.01.28	11:45:00	152.686	152.717	152.595	152.703	1400	0	21
2026.01.28	12:00:00	152.703	152.715	152.616	152.628	1533	0	21
2026.01.28	12:15:00	152.627	152.708	152.624	152.671	1445	0	21
2026.01.28	12:30:00	152.67	152.694	152.536	152.561	1425	0	21
2026.01.28	12:45:00	152.562	152.589	152.334	152.558	2010	0	21
2026.01.28	13:00:00	152.559	152.705	152.549	152.669	1391	0	21
2026.01.28	13:15:00	152.667	152.712	152.625	152.629	1229	0	20
2026.01.28	13:30:00	152.63	152.691	152.576	152.66	1244	0	20
2026.01.28	13:45:00	152.66	152.66	152.538	152.596	1137	0	20
2026.01.28	14:00:00	152.596	152.622	152.471	152.517	1404	0	20
2026.01.28	14:15:00	152.517	152.537	152.413	152.461	1533	0	20
2026.01.28	14:30:00	152.46	152.584	152.382	152.583	1700	0	20
2026.01.28	14:45:00	152.584	152.631	152.536	152.559	1344	0	20
2026.01.28	15:00:00	152.555	152.647	152.535	152.561	1418	0	20
2026.01.28	15:15:00	152.561	152.714	152.556	152.685	1553	0	20
2026.01.28	15:30:00	152.684	152.736	152.62	152.686	1265	0	20
2026.01.28	15:45:00	152.686	152.905	152.676	152.838	1546	0	20
2026.01.28	16:00:00	152.837	152.986	152.765	152.817	2225	0	20
2026.01.28	16:15:00	152.818	152.89	152.7	152.733	1737	0	20
2026.01.28	16:30:00	152.731	152.766	152.674	152.687	1698	0	20
2026.01.28	16:45:00	152.689	152.843	152.641	152.818	2347	0	20
2026.01.28	17:00:00	152.819	153.715	152.759	153.607	4955	0	20
2026.01.28	17:15:00	153.608	153.721	153.453	153.469	3815	0	20
2026.01.28	17:30:00	153.46	153.508	153.221	153.269	3484	0	20
2026.01.28	17:45:00	153.269	153.566	153.262	153.456	3581	0	20
2026.01.28	18:00:00	153.454	153.67	153.404	153.665	2718	0	20
2026.01.28	18:15:00	153.664	153.752	153.61	153.741	2377	0	20
2026.01.28	18:30:00	153.74	153.776	153.598	153.656	1936	0	20
2026.01.28	18:45:00	153.657	153.717	153.565	153.592	2163	0	20
2026.01.28	19:00:00	153.593	153.69	153.548	153.671	1744	0	20
2026.01.28	19:15:00	153.671	153.748	153.574	153.63	1496	0	20
2026.01.28	19:30:00	153.629	153.657	153.537	153.614	1660	0	20
2026.01.28	19:45:00	153.613	153.627	153.515	153.518	1230	0	20
2026.01.28	20:00:00	153.519	153.643	153.515	153.634	1109	0	20
2026.01.28	20:15:00	153.635	153.678	153.6	153.64	1064	0	20
2026.01.28	20:30:00	153.639	153.915	153.638	153.884	1707	0	20
2026.01.28	20:45:00	153.884	153.938	153.784	153.831	1653	0	20
2026.01.28	21:00:00	153.831	154.035	153.741	153.802	3816	0	20
2026.01.28	21:15:00	153.801	153.958	153.702	153.941	2159	0	20
2026.01.28	21:30:00	153.942	153.95	153.553	153.702	3216	0	20
2026.01.28	21:45:00	153.707	153.744	153.451	153.482	2773	0	20
2026.01.28	22:00:00	153.481	153.563	153.339	153.553	2240	0	20
2026.01.28	22:15:00	153.553	153.562	153.389	153.4	1563	0	20
2026.01.28	22:30:00	153.401	153.436	153.294	153.342	1720	0	20
2026.01.28	22:45:00	153.341	153.391	153.302	153.372	1440	0	20
2026.01.28	23:00:00	153.372	153.393	153.288	153.333	973	0	20
2026.01.28	23:15:00	153.333	153.455	153.327	153.443	687	0	20
2026.01.28	23:30:00	153.444	153.449	153.36	153.42	555	0	20
2026.01.28	23:45:00	153.417	153.437	153.38	153.389	803	0	24
2026.01.29	00:00:00	153.388	153.388	153.31	153.327	37	0	44
2026.01.29	00:15:00	153.326	153.385	153.326	153.341	63	0	81
2026.01.29	00:30:00	153.341	153.399	153.333	153.394	309	0	38
2026.01.29	00:45:00	153.393	153.405	153.384	153.4	265	0	41
2026.01.29	01:00:00	153.4	153.41	153.325	153.35	515	0	21
2026.01.29	01:15:00	153.349	153.381	153.106	153.198	871	0	20
2026.01.29	01:30:00	153.199	153.225	153.042	153.042	1719	0	20
2026.01.29	01:45:00	153.042	153.259	153.021	153.071	1660	0	20
2026.01.29	02:00:00	153.072	153.204	153.01	153.073	2669	0	20
2026.01.29	02:15:00	153.072	153.122	152.896	152.916	1847	0	20
2026.01.29	02:30:00	152.917	152.943	152.755	152.942	2307	0	20
2026.01.29	02:45:00	152.941	153.1	152.896	153.082	2469	0	20
2026.01.29	03:00:00	153.083	153.306	153.062	153.242	2429	0	20
2026.01.29	03:15:00	153.242	153.345	153.199	153.266	1716	0	20
2026.01.29	03:30:00	153.262	153.262	153.125	153.149	1817	0	20
2026.01.29	03:45:00	153.149	153.25	153.131	153.249	1796	0	20
2026.01.29	04:00:00	153.254	153.381	153.206	153.255	1673	0	20
2026.01.29	04:15:00	153.256	153.289	153.031	153.035	1411	0	20
2026.01.29	04:30:00	153.033	153.127	153.021	153.093	1536	0	20
2026.01.29	04:45:00	153.093	153.127	153.05	153.103	1123	0	20
2026.01.29	05:00:00	153.104	153.171	153.039	153.06	1068	0	20
2026.01.29	05:15:00	153.06	153.095	152.969	153.028	1118	0	20
2026.01.29	05:30:00	153.028	153.085	152.939	152.965	1048	0	20
2026.01.29	05:45:00	152.964	152.992	152.893	152.915	718	0	20
2026.01.29	06:00:00	152.912	153.046	152.89	153.033	904	0	20
2026.01.29	06:15:00	153.034	153.218	153.018	153.039	1450	0	20
2026.01.29	06:30:00	153.038	153.097	153.009	153.055	1006	0	20
2026.01.29	06:45:00	153.054	153.061	152.947	152.966	931	0	20
2026.01.29	07:00:00	152.966	152.982	152.896	152.976	935	0	20
2026.01.29	07:15:00	152.979	153.081	152.952	153.028	1019	0	20
2026.01.29	07:30:00	153.029	153.07	152.978	153.034	830	0	20
2026.01.29	07:45:00	153.034	153.053	152.993	153.008	965	0	20
2026.01.29	08:00:00	153.008	153.145	153.008	153.072	1419	0	20
2026.01.29	08:15:00	153.071	153.076	152.909	152.95	1301	0	20
2026.01.29	08:30:00	152.95	153.031	152.942	153.028	874	0	20
2026.01.29	08:45:00	153.028	153.092	153.028	153.043	1103	0	20
2026.01.29	09:00:00	153.044	153.065	152.978	153.052	1307	0	20
2026.01.29	09:15:00	153.049	153.282	153.04	153.28	1399	0	20
2026.01.29	09:30:00	153.281	153.41	153.27	153.368	1744	0	20
2026.01.29	09:45:00	153.37	153.398	153.298	153.299	1413	0	20
2026.01.29	10:00:00	153.301	153.317	153.16	153.186	1896	0	20
2026.01.29	10:15:00	153.196	153.265	153.149	153.246	1840	0	20
2026.01.29	10:30:00	153.247	153.437	153.241	153.373	1898	0	20
2026.01.29	10:45:00	153.373	153.448	153.302	153.311	2059	0	20
2026.01.29	11:00:00	153.312	153.347	153.234	153.246	1406	0	20
2026.01.29	11:15:00	153.247	153.364	153.22	153.34	1539	0	20
2026.01.29	11:30:00	153.339	153.373	153.129	153.199	1757	0	20
2026.01.29	11:45:00	153.198	153.35	153.198	153.305	1373	0	20
2026.01.29	12:00:00	153.304	153.347	153.269	153.294	1562	0	20
2026.01.29	12:15:00	153.294	153.346	153.27	153.314	1350	0	20
2026.01.29	12:30:00	153.315	153.395	153.286	153.349	1492	0	20
2026.01.29	12:45:00	153.349	153.441	153.314	153.427	1438	0	20
2026.01.29	13:00:00	153.426	153.486	153.393	153.483	1584	0	20
2026.01.29	13:15:00	153.483	153.526	153.405	153.475	1269	0	20
2026.01.29	13:30:00	153.476	153.51	153.449	153.507	1407	0	20
2026.01.29	13:45:00	153.505	153.505	153.366	153.453	1343	0	20
2026.01.29	14:00:00	153.452	153.466	153.354	153.357	1195	0	20
2026.01.29	14:15:00	153.358	153.421	153.355	153.359	675	0	20
2026.01.29	14:30:00	153.359	153.411	153.357	153.366	1053	0	20
2026.01.29	14:45:00	153.365	153.367	153.215	153.215	1613	0	20
2026.01.29	15:00:00	153.214	153.303	153.211	153.283	1424	0	20
2026.01.29	15:15:00	153.282	153.326	153.223	153.227	1347	0	20
2026.01.29	15:30:00	153.228	153.301	153.167	153.21	1640	0	20
2026.01.29	15:45:00	153.21	153.396	153.209	153.323	2847	0	20
2026.01.29	16:00:00	153.322	153.383	153.177	153.192	1795	0	20
2026.01.29	16:15:00	153.192	153.259	153.15	153.224	1654	0	20
2026.01.29	16:30:00	153.224	153.266	153.082	153.117	2645	0	20
2026.01.29	16:45:00	153.116	153.168	152.997	153.062	2802	0	20
2026.01.29	17:00:00	153.06	153.329	153.033	153.3	3920	0	20
2026.01.29	17:15:00	153.299	153.503	153.288	153.437	5146	0	20
2026.01.29	17:30:00	153.437	153.472	152.836	152.851	5049	0	20
2026.01.29	17:45:00	152.852	152.967	152.67	152.798	4493	0	20
2026.01.29	18:00:00	152.799	152.923	152.708	152.92	3225	0	20
2026.01.29	18:15:00	152.919	153.035	152.871	152.926	3004	0	20
2026.01.29	18:30:00	152.93	152.971	152.804	152.845	2612	0	22
2026.01.29	18:45:00	152.843	152.901	152.791	152.873	2620	0	22
2026.01.29	19:00:00	152.873	152.902	152.79	152.901	2327	0	22
2026.01.29	19:15:00	152.9	152.949	152.815	152.91	3061	0	22
2026.01.29	19:30:00	152.91	152.947	152.83	152.852	2639	0	22
2026.01.29	19:45:00	152.852	152.957	152.851	152.89	2339	0	22
2026.01.29	20:00:00	152.891	153.021	152.889	153.012	2611	0	22
2026.01.29	20:15:00	153.011	153.132	153.0	153.096	2403	0	22
2026.01.29	20:30:00	153.096	153.096	152.985	153.052	2087	0	22
2026.01.29	20:45:00	153.052	153.061	152.969	153.003	1375	0	22
2026.01.29	21:00:00	153.002	153.159	152.998	153.15	1339	0	20
2026.01.29	21:15:00	153.15	153.15	153.026	153.064	1167	0	20
2026.01.29	21:30:00	153.064	153.122	153.043	153.088	1081	0	20
2026.01.29	21:45:00	153.088	153.111	153.051	153.065	1135	0	20
2026.01.29	22:00:00	153.065	153.202	153.065	153.131	1138	0	20
2026.01.29	22:15:00	153.132	153.138	153.061	153.087	953	0	20
2026.01.29	22:30:00	153.086	153.107	153.008	153.055	1020	0	20
2026.01.29	22:45:00	153.056	153.118	153.018	153.104	1081	0	20
2026.01.29	23:00:00	153.106	153.163	153.102	153.113	540	0	20
2026.01.29	23:15:00	153.113	153.163	153.102	153.136	600	0	20
2026.01.29	23:30:00	153.136	153.163	153.046	153.07	1060	0	20
2026.01.29	23:45:00	153.07	153.116	153.054	153.062	909	0	21
2026.01.30	00:00:00	153.058	153.082	152.946	153.082	35	0	103
2026.01.30	00:15:00	153.02	153.1	152.968	153.097	59	0	77
2026.01.30	00:30:00	153.097	153.097	152.929	153.003	703	0	67
2026.01.30	00:45:00	153.004	153.022	152.952	152.966	759	0	46
2026.01.30	01:00:00	152.966	153.023	152.904	152.929	570	0	20
2026.01.30	01:15:00	152.932	152.948	152.854	152.893	801	0	20
2026.01.30	01:30:00	152.892	153.021	152.872	153.014	832	0	20
2026.01.30	01:45:00	153.015	153.177	153.015	153.128	1113	0	20
2026.01.30	02:00:00	153.129	153.167	153.069	153.133	1531	0	20
2026.01.30	02:15:00	153.131	153.426	153.131	153.397	2176	0	20
2026.01.30	02:30:00	153.397	153.548	153.361	153.537	2046	0	20
2026.01.30	02:45:00	153.538	153.639	153.458	153.491	3085	0	20
2026.01.30	03:00:00	153.49	153.769	153.49	153.676	2734	0	20
2026.01.30	03:15:00	153.675	153.729	153.554	153.604	2857	0	20
2026.01.30	03:30:00	153.605	153.641	153.449	153.487	2125	0	20
2026.01.30	03:45:00	153.487	153.782	153.474	153.746	2585	0	20
2026.01.30	04:00:00	153.746	153.941	153.741	153.874	2977	0	20
2026.01.30	04:15:00	153.875	153.904	153.642	153.75	3993	0	20
2026.01.30	04:30:00	153.75	153.968	153.693	153.894	2488	0	20
2026.01.30	04:45:00	153.894	153.915	153.79	153.796	2191	0	20
2026.01.30	05:00:00	153.794	153.887	153.779	153.801	1647	0	20
2026.01.30	05:15:00	153.8	153.839	153.757	153.813	1596	0	20
2026.01.30	05:30:00	153.814	153.956	153.769	153.915	1654	0	20
2026.01.30	05:45:00	153.914	153.96	153.878	153.944	1456	0	20
2026.01.30	06:00:00	153.945	153.96	153.867	153.906	1528	0	20
2026.01.30	06:15:00	153.907	153.932	153.842	153.901	1193	0	20
2026.01.30	06:30:00	153.905	153.909	153.831	153.863	830	0	20
2026.01.30	06:45:00	153.864	153.932	153.859	153.914	890	0	20
2026.01.30	07:00:00	153.914	153.978	153.78	153.815	1183	0	20
2026.01.30	07:15:00	153.814	153.936	153.761	153.908	1315	0	20
2026.01.30	07:30:00	153.909	154.129	153.887	154.088	1844	0	20
2026.01.30	07:45:00	154.087	154.087	153.908	153.909	1599	0	20
2026.01.30	08:00:00	153.908	153.913	153.794	153.808	1665	0	20
2026.01.30	08:15:00	153.807	153.887	153.743	153.87	1418	0	20
2026.01.30	08:30:00	153.883	153.958	153.816	153.945	1574	0	20
2026.01.30	08:45:00	153.945	153.976	153.889	153.895	1831	0	20
2026.01.30	09:00:00	153.895	154.046	153.801	154.02	2489	0	20
2026.01.30	09:15:00	154.019	154.031	153.847	153.872	2269	0	20
2026.01.30	09:30:00	153.87	153.958	153.812	153.814	2378	0	20
2026.01.30	09:45:00	153.815	153.852	153.704	153.795	2328	0	20
2026.01.30	10:00:00	153.796	153.867	153.725	153.734	2688	0	20
2026.01.30	10:15:00	153.734	153.879	153.699	153.847	2021	0	20
2026.01.30	10:30:00	153.846	153.908	153.742	153.861	2827	0	20
2026.01.30	10:45:00	153.862	153.946	153.821	153.931	1839	0	20
2026.01.30	11:00:00	153.933	154.053	153.921	154.04	2792	0	20
2026.01.30	11:15:00	154.04	154.189	154.013	154.185	2026	0	20
2026.01.30	11:30:00	154.185	154.188	154.014	154.081	2444	0	20
2026.01.30	11:45:00	154.077	154.276	154.045	154.268	2937	0	20
2026.01.30	12:00:00	154.269	154.376	154.137	154.148	2981	0	20
2026.01.30	12:15:00	154.146	154.152	154.075	154.121	2134	0	20
2026.01.30	12:30:00	154.12	154.233	154.111	154.231	1795	0	20
2026.01.30	12:45:00	154.23	154.235	154.117	154.153	1785	0	20
2026.01.30	13:00:00	154.154	154.162	153.99	154.029	1755	0	20
2026.01.30	13:15:00	154.029	154.126	153.959	154.007	1736	0	20
2026.01.30	13:30:00	154.008	154.037	153.966	153.995	1612	0	20
2026.01.30	13:45:00	153.994	154.052	153.845	153.849	2418	0	20
2026.01.30	14:00:00	153.85	153.909	153.785	153.816	2088	0	20
2026.01.30	14:15:00	153.817	153.899	153.808	153.851	2045	0	20
2026.01.30	14:30:00	153.85	154.033	153.825	154.007	1669	0	20
2026.01.30	14:45:00	154.007	154.063	153.978	154.024	1984	0	20
2026.01.30	15:00:00	154.025	154.083	153.968	154.029	2756	0	20
2026.01.30	15:15:00	154.03	154.09	154.022	154.045	1703	0	20
2026.01.30	15:30:00	154.044	154.264	154.044	154.176	3145	0	20
2026.01.30	15:45:00	154.175	154.361	154.175	154.354	2733	0	20
2026.01.30	16:00:00	154.353	154.378	154.235	154.276	3017	0	20
2026.01.30	16:15:00	154.275	154.414	154.234	154.406	2321	0	20
2026.01.30	16:30:00	154.405	154.428	154.308	154.345	2348	0	20
2026.01.30	16:45:00	154.346	154.511	154.34	154.454	2609	0	20
2026.01.30	17:00:00	154.456	154.689	154.443	154.683	3799	0	20
2026.01.30	17:15:00	154.682	154.705	154.573	154.596	2963	0	20
2026.01.30	17:30:00	154.597	154.751	154.472	154.482	3233	0	20
2026.01.30	17:45:00	154.483	154.584	154.209	154.212	4316	0	20
2026.01.30	18:00:00	154.212	154.278	154.154	154.204	2947	0	20
2026.01.30	18:15:00	154.207	154.321	154.167	154.319	2559	0	20
2026.01.30	18:30:00	154.319	154.381	154.295	154.318	2324	0	20
2026.01.30	18:45:00	154.32	154.383	154.311	154.324	1897	0	20
2026.01.30	19:00:00	154.323	154.472	154.305	154.466	2258	0	20
2026.01.30	19:15:00	154.465	154.519	154.391	154.415	2596	0	20
2026.01.30	19:30:00	154.415	154.482	154.395	154.449	2468	0	20
2026.01.30	19:45:00	154.449	154.52	154.416	154.433	2695	0	20
2026.01.30	20:00:00	154.434	154.61	154.416	154.556	2266	0	20
2026.01.30	20:15:00	154.555	154.589	154.486	154.583	2934	0	20
2026.01.30	20:30:00	154.583	154.63	154.511	154.558	3024	0	20
2026.01.30	20:45:00	154.561	154.574	154.278	154.388	2914	0	20
2026.01.30	21:00:00	154.389	154.469	154.354	154.468	2579	0	20
2026.01.30	21:15:00	154.468	154.556	154.466	154.548	1836	0	20
2026.01.30	21:30:00	154.547	154.586	154.463	154.465	2189	0	20
2026.01.30	21:45:00	154.465	154.677	154.459	154.523	2149	0	20
2026.01.30	22:00:00	154.522	154.693	154.519	154.637	1590	0	20
2026.01.30	22:15:00	154.637	154.667	154.583	154.652	1678	0	20
2026.01.30	22:30:00	154.652	154.7	154.591	154.607	1284	0	20
2026.01.30	22:45:00	154.609	154.765	154.607	154.75	1885	0	20
2026.01.30	23:00:00	154.751	154.769	154.703	154.709	1149	0	20
2026.01.30	23:15:00	154.709	154.783	154.704	154.76	553	0	22
2026.01.30	23:30:00	154.76	154.781	154.725	154.736	711	0	22
2026.01.30	23:45:00	154.735	154.779	154.698	154.755	936	0	23
